timestamp,time_min,temp_c,temp_hampel,temp_iqr,temp_zscore,is_outlier_hampel,is_outlier_iqr,is_outlier_zscore,zscore_abs,best_filter_agent_raw_v12,best_filter_agent_v12,best_filter_supervised_v12
2025-01-03 09:00:00,0.0,25.084531748146723,25.084531748146723,25.084531748146723,25.084531748146723,0,0,0,0.8339218249605655,zscore,iqr,iqr
2025-01-03 09:01:00,1.0,23.938936380662287,23.938936380662287,23.938936380662287,23.938936380662287,0,0,0,1.0935371504243758,zscore,iqr,iqr
2025-01-03 09:02:00,2.0,25.193900628510868,25.193900628510868,25.193900628510868,25.193900628510868,0,0,0,0.5093852600071159,zscore,iqr,iqr
2025-01-03 09:03:00,3.0,24.9114384482208,24.9114384482208,24.9114384482208,24.9114384482208,0,0,0,0.150004485394236,zscore,iqr,iqr
2025-01-03 09:04:00,4.0,24.720378098879056,24.720378098879056,24.720378098879056,24.720378098879056,0,0,0,0.09970042890907124,zscore,iqr,iqr
2025-01-03 09:05:00,5.0,24.04317815963992,24.04317815963992,24.04317815963992,24.04317815963992,0,0,0,1.1197152330619542,zscore,iqr,iqr
2025-01-03 09:06:00,6.0,25.30816006394183,25.30816006394183,25.30816006394183,25.30816006394183,0,0,0,0.7501895982799764,zscore,iqr,iqr
2025-01-03 09:07:00,7.0,24.680379496202853,24.680379496202853,24.680379496202853,24.680379496202853,0,0,0,0.20618722681794285,zscore,iqr,iqr
2025-01-03 09:08:00,8.0,24.298049898573822,24.298049898573822,24.298049898573822,24.298049898573822,0,0,0,0.831639294047452,zscore,iqr,iqr
2025-01-03 09:09:00,9.0,23.27664267203101,23.27664267203101,24.94746475259521,23.27664267203101,0,1,0,2.3916599317975766,zscore,iqr,iqr
2025-01-03 09:10:00,10.0,24.98349105696962,24.98349105696962,24.98349105696962,24.98349105696962,0,0,0,0.12902394832594563,zscore,iqr,iqr
2025-01-03 09:11:00,11.0,26.063350958001845,26.063350958001845,26.063350958001845,26.063350958001845,0,0,0,1.7814024708666822,zscore,iqr,iqr
2025-01-03 09:12:00,12.0,25.996755528728723,25.996755528728723,25.996755528728723,25.996755528728723,0,0,0,1.7129628720298322,zscore,iqr,iqr
2025-01-03 09:13:00,13.0,24.72574224604824,24.72574224604824,24.72574224604824,24.72574224604824,0,0,0,0.24454481222537697,zscore,iqr,iqr
2025-01-03 09:14:00,14.0,24.63867276378293,24.63867276378293,24.63867276378293,24.63867276378293,0,0,0,0.37818937098645355,zscore,iqr,iqr
2025-01-03 09:15:00,15.0,25.281264553645013,25.281264553645013,25.281264553645013,25.281264553645013,0,0,0,0.5939501819632717,zscore,iqr,iqr
2025-01-03 09:16:00,16.0,24.400968736487027,24.400968736487027,24.400968736487027,24.400968736487027,0,0,0,0.9224060693458521,zscore,iqr,iqr
2025-01-03 09:17:00,17.0,25.18107513989168,25.18107513989168,25.18107513989168,25.18107513989168,0,0,0,0.39186021835539064,zscore,iqr,iqr
2025-01-03 09:18:00,18.0,25.459648167030814,25.459648167030814,25.459648167030814,25.459648167030814,0,0,0,0.7122058137793229,zscore,iqr,iqr
2025-01-03 09:19:00,19.0,25.736159934330583,25.736159934330583,25.736159934330583,25.736159934330583,0,0,0,1.1264102383951766,zscore,iqr,iqr
2025-01-03 09:20:00,20.0,24.93990755411203,24.93990755411203,24.93990755411203,24.93990755411203,0,0,0,0.3215287432678997,zscore,iqr,iqr
2025-01-03 09:21:00,21.0,24.87779574989382,24.87779574989382,24.87779574989382,24.87779574989382,0,0,0,0.3939292291017403,zscore,iqr,iqr
2025-01-03 09:22:00,22.0,24.473210447946062,24.473210447946062,24.473210447946062,24.473210447946062,0,0,0,0.8651269877754133,zscore,iqr,iqr
2025-01-03 09:23:00,23.0,24.503871787576085,24.503871787576085,24.503871787576085,24.503871787576085,0,0,0,0.8193282466720798,zscore,iqr,iqr
2025-01-03 09:24:00,24.0,24.86411266485909,24.86411266485909,24.86411266485909,24.86411266485909,0,0,0,0.2019881080983962,zscore,iqr,iqr
2025-01-03 09:25:00,25.0,25.220419304089702,25.220419304089702,25.220419304089702,25.220419304089702,0,0,0,0.4453455822659761,zscore,iqr,iqr
2025-01-03 09:26:00,26.0,25.54815077573995,25.54815077573995,25.54815077573995,25.54815077573995,0,0,0,1.0874937539130944,zscore,iqr,iqr
2025-01-03 09:27:00,27.0,24.51809262959179,24.51809262959179,24.51809262959179,24.51809262959179,0,0,0,0.9541274434204706,zscore,iqr,iqr
2025-01-03 09:28:00,28.0,25.895613141375712,25.895613141375712,25.895613141375712,25.895613141375712,0,0,0,1.681766149737073,zscore,iqr,iqr
2025-01-03 09:29:00,29.0,24.837325839374454,24.837325839374454,24.837325839374454,24.837325839374454,0,0,0,0.1578113260312111,zscore,iqr,iqr
2025-01-03 09:30:00,30.0,24.98717962339094,24.98717962339094,24.98717962339094,24.98717962339094,0,0,0,0.14271678057462991,zscore,iqr,iqr
2025-01-03 09:31:00,31.0,24.551672992511307,24.551672992511307,24.551672992511307,24.551672992511307,0,0,0,0.5941293645129253,zscore,iqr,iqr
2025-01-03 09:32:00,32.0,23.54545584383624,23.54545584383624,23.54545584383624,23.54545584383624,0,0,0,2.433830237195118,zscore,iqr,iqr
2025-01-03 09:33:00,33.0,25.530427237816628,25.530427237816628,25.530427237816628,25.530427237816628,0,0,0,1.1489743189769834,zscore,iqr,iqr
2025-01-03 09:34:00,34.0,25.44210633825546,25.44210633825546,25.44210633825546,25.44210633825546,0,0,0,0.9286464756850168,zscore,iqr,iqr
2025-01-03 09:35:00,35.0,24.83120346572907,24.83120346572907,24.83120346572907,24.83120346572907,0,0,0,0.15895785213784952,zscore,iqr,iqr
2025-01-03 09:36:00,36.0,25.040194430334925,25.040194430334925,25.040194430334925,25.040194430334925,0,0,0,0.2961092716567965,zscore,iqr,iqr
2025-01-03 09:37:00,37.0,25.30956353062246,25.30956353062246,25.30956353062246,25.30956353062246,0,0,0,0.7272422288344055,zscore,iqr,iqr
2025-01-03 09:38:00,38.0,24.062472485868074,24.062472485868074,24.062472485868074,24.062472485868074,0,0,0,1.3503167326346743,zscore,iqr,iqr
2025-01-03 09:39:00,39.0,24.682568393592224,24.682568393592224,24.682568393592224,24.682568393592224,0,0,0,0.22413048820503084,zscore,iqr,iqr
2025-01-03 09:40:00,40.0,25.476558807773092,25.476558807773092,25.476558807773092,25.476558807773092,0,0,0,1.1625395120396727,zscore,iqr,iqr
2025-01-03 09:41:00,41.0,24.24742634609845,24.24742634609845,24.24742634609845,24.24742634609845,0,0,0,1.025384676144024,zscore,iqr,iqr
2025-01-03 09:42:00,42.0,25.176134759299977,25.176134759299977,25.176134759299977,25.176134759299977,0,0,0,0.5506518840534111,zscore,iqr,iqr
2025-01-03 09:43:00,43.0,24.186050917225955,24.186050917225955,24.186050917225955,24.186050917225955,0,0,0,1.4019133381033027,zscore,iqr,iqr
2025-01-03 09:44:00,44.0,25.279857989460115,25.279857989460115,25.279857989460115,25.279857989460115,0,0,0,0.7343644577484022,zscore,iqr,iqr
2025-01-03 09:45:00,45.0,24.97861511062151,24.97861511062151,24.97861511062151,24.97861511062151,0,0,0,0.14666441468782945,zscore,iqr,iqr
2025-01-03 09:46:00,46.0,24.030920910456693,24.030920910456693,24.030920910456693,24.030920910456693,0,0,0,1.7363973917919122,zscore,iqr,iqr
2025-01-03 09:47:00,47.0,25.698843612674303,25.698843612674303,25.698843612674303,25.698843612674303,0,0,0,1.5561286808626575,zscore,iqr,iqr
2025-01-03 09:48:00,48.0,24.55924505392117,24.55924505392117,24.55924505392117,24.55924505392117,0,0,0,0.6034783459975902,zscore,iqr,iqr
2025-01-03 09:49:00,49.0,24.51384853779137,24.51384853779137,24.51384853779137,24.51384853779137,0,0,0,0.837652578306343,zscore,iqr,iqr
2025-01-03 09:50:00,50.0,25.120341518338567,25.120341518338567,25.120341518338567,25.120341518338567,0,0,0,0.4546204551901596,zscore,iqr,iqr
2025-01-03 09:51:00,51.0,25.689182409657228,25.689182409657228,25.689182409657228,25.689182409657228,0,0,0,0.32683705896774035,zscore,iqr,iqr
2025-01-03 09:52:00,52.0,24.390506908612963,24.390506908612963,24.390506908612963,24.390506908612963,0,0,0,0.5644194499394561,zscore,iqr,iqr
2025-01-03 09:53:00,53.0,25.037007909908784,25.037007909908784,25.037007909908784,25.037007909908784,0,0,0,0.14657205894993974,zscore,iqr,iqr
2025-01-03 09:54:00,54.0,25.257289900198344,25.257289900198344,25.257289900198344,25.257289900198344,0,0,0,0.018344828218602238,zscore,iqr,iqr
2025-01-03 09:55:00,55.0,25.41586336435789,25.41586336435789,25.41586336435789,25.41586336435789,0,0,0,0.14831944708293082,zscore,iqr,iqr
2025-01-03 09:56:00,56.0,25.10586493316633,25.10586493316633,25.10586493316633,25.10586493316633,0,0,0,0.2206867314009933,zscore,iqr,iqr
2025-01-03 09:57:00,57.0,24.779783296550008,24.779783296550008,24.779783296550008,24.779783296550008,0,0,0,0.4282056522308033,zscore,iqr,iqr
2025-01-03 09:58:00,58.0,24.50344586761077,24.50344586761077,24.50344586761077,24.50344586761077,0,0,0,0.317055130722283,zscore,iqr,iqr
2025-01-03 09:59:00,59.0,25.051686329827824,25.051686329827824,25.051686329827824,25.051686329827824,0,0,0,0.17345141252386417,zscore,iqr,iqr
2025-01-03 10:00:00,60.0,24.356716592808635,24.356716592808635,24.356716592808635,24.356716592808635,0,0,0,0.36070742765176106,zscore,iqr,iqr
2025-01-03 10:01:00,61.0,31.656987477769587,25.051686329827824,25.051686329827824,31.656987477769587,1,1,0,1.546803059458117,zscore,iqr,iqr
2025-01-03 10:02:00,62.0,25.2619358824946,25.2619358824946,25.2619358824946,25.2619358824946,0,0,0,0.11839023615028138,zscore,iqr,iqr
2025-01-03 10:03:00,63.0,25.54236090465172,25.54236090465172,25.54236090465172,25.54236090465172,0,0,0,0.04656911089407689,zscore,iqr,iqr
2025-01-03 10:04:00,64.0,23.582240538674892,23.582240538674892,23.582240538674892,23.582240538674892,0,0,0,0.5557947633181249,zscore,iqr,iqr
2025-01-03 10:05:00,65.0,24.39416157717404,24.39416157717404,24.39416157717404,24.39416157717404,0,0,0,0.3320600393745841,zscore,iqr,iqr
2025-01-03 10:06:00,66.0,36.64121599993457,24.779783296550008,24.779783296550008,36.64121599993457,1,1,0,2.8710051201584785,zscore,iqr,iqr
2025-01-03 10:07:00,67.0,32.66471196561981,24.779783296550008,24.779783296550008,32.66471196561981,1,1,0,1.8222880686502763,zscore,iqr,iqr
2025-01-03 10:08:00,68.0,16.45784077689379,24.890262135337096,24.890262135337096,16.45784077689379,1,1,0,2.419601159807299,zscore,iqr,iqr
2025-01-03 10:09:00,69.0,24.56319823526252,24.56319823526252,24.56319823526252,24.56319823526252,0,0,0,0.30451153127033437,zscore,iqr,iqr
2025-01-03 10:10:00,70.0,24.890262135337096,24.890262135337096,24.890262135337096,24.890262135337096,0,0,0,0.21592365697088028,zscore,iqr,iqr
2025-01-03 10:11:00,71.0,25.82492585148891,25.82492585148891,25.82492585148891,25.82492585148891,0,0,0,0.032283323782139814,zscore,iqr,iqr
2025-01-03 10:12:00,72.0,24.61242149252528,24.61242149252528,24.61242149252528,24.61242149252528,0,0,0,0.28975763096945256,zscore,iqr,iqr
2025-01-03 10:13:00,73.0,24.52048479600985,24.52048479600985,24.52048479600985,24.52048479600985,0,0,0,0.3094287877846552,zscore,iqr,iqr
2025-01-03 10:14:00,74.0,24.71035388669078,24.71035388669078,24.71035388669078,24.71035388669078,0,0,0,0.252426575073537,zscore,iqr,iqr
2025-01-03 10:15:00,75.0,24.42800283504477,24.42800283504477,24.42800283504477,24.42800283504477,0,0,0,0.3676733062969531,zscore,iqr,iqr
2025-01-03 10:16:00,76.0,25.07360218959688,25.07360218959688,25.07360218959688,25.07360218959688,0,0,0,0.2112578228511468,zscore,iqr,iqr
2025-01-03 10:17:00,77.0,25.97480707508173,25.97480707508173,25.97480707508173,25.97480707508173,0,0,0,0.2180995098036226,zscore,iqr,iqr
2025-01-03 10:18:00,78.0,25.193847563869618,25.193847563869618,25.193847563869618,25.193847563869618,0,0,0,0.10095655382736742,zscore,iqr,iqr
2025-01-03 10:19:00,79.0,24.848587898724222,24.848587898724222,24.848587898724222,24.848587898724222,0,0,0,0.3105519072800869,zscore,iqr,iqr
2025-01-03 10:20:00,80.0,24.824913238650677,24.824913238650677,24.824913238650677,24.824913238650677,0,0,0,0.34024651158243374,zscore,iqr,iqr
2025-01-03 10:21:00,81.0,24.062085514782005,24.062085514782005,24.062085514782005,24.062085514782005,0,0,0,0.7617290314050552,zscore,iqr,iqr
2025-01-03 10:22:00,82.0,32.45576672134949,24.891712051845623,24.891712051845623,24.891712051845623,1,1,1,4.16065880820387,zscore,iqr,iqr
2025-01-03 10:23:00,83.0,24.95329768179232,24.95329768179232,24.95329768179232,24.95329768179232,0,0,0,0.23286593191579746,zscore,iqr,iqr
2025-01-03 10:24:00,84.0,24.891712051845623,24.891712051845623,24.891712051845623,24.891712051845623,0,0,0,0.3700561461787235,zscore,iqr,iqr
2025-01-03 10:25:00,85.0,26.91586454070692,26.91586454070692,26.91586454070692,26.91586454070692,0,0,0,0.5789154374719073,zscore,iqr,iqr
2025-01-03 10:26:00,86.0,25.17925174501941,25.17925174501941,25.17925174501941,25.17925174501941,0,0,0,0.26326105909890923,zscore,iqr,iqr
2025-01-03 10:27:00,87.0,24.54892536994289,24.54892536994289,24.54892536994289,24.54892536994289,0,0,0,0.5846155478266133,zscore,iqr,iqr
2025-01-03 10:28:00,88.0,24.744185442276677,24.744185442276677,24.744185442276677,24.744185442276677,0,0,0,0.46761502491159546,zscore,iqr,iqr
2025-01-03 10:29:00,89.0,25.68906742551805,25.68906742551805,25.68906742551805,25.68906742551805,0,0,0,0.019256627498952014,zscore,iqr,iqr
2025-01-03 10:30:00,90.0,25.067962246322654,25.067962246322654,25.067962246322654,25.067962246322654,0,0,0,0.33044045776180603,zscore,iqr,iqr
2025-01-03 10:31:00,91.0,24.13703321300958,24.13703321300958,24.13703321300958,24.13703321300958,0,0,0,0.7706873219360341,zscore,iqr,iqr
2025-01-03 10:32:00,92.0,25.55153736074512,25.55153736074512,25.55153736074512,25.55153736074512,0,0,0,0.10168385798313105,zscore,iqr,iqr
2025-01-03 10:33:00,93.0,24.5991135486766,24.5991135486766,24.5991135486766,24.5991135486766,0,0,0,0.5937892541432712,zscore,iqr,iqr
2025-01-03 10:34:00,94.0,31.137923612264014,25.067962246322654,25.067962246322654,25.067962246322654,1,1,1,4.049047903463516,zscore,iqr,iqr
2025-01-03 10:35:00,95.0,25.64802883942879,25.64802883942879,25.64802883942879,25.64802883942879,0,0,0,0.16059106680300725,zscore,iqr,iqr
2025-01-03 10:36:00,96.0,24.73160686260475,24.73160686260475,24.73160686260475,24.73160686260475,0,0,0,0.41172122895799484,zscore,iqr,iqr
2025-01-03 10:37:00,97.0,25.768609817041067,25.768609817041067,25.768609817041067,25.768609817041067,0,0,0,0.3335184207805692,zscore,iqr,iqr
2025-01-03 10:38:00,98.0,25.04071330631644,25.04071330631644,25.04071330631644,25.04071330631644,0,0,0,0.24893837650533923,zscore,iqr,iqr
2025-01-03 10:39:00,99.0,25.51166420507333,25.51166420507333,25.51166420507333,25.51166420507333,0,0,0,0.1024308179292778,zscore,iqr,iqr
2025-01-03 10:40:00,100.0,25.29083969037669,25.29083969037669,25.29083969037669,25.29083969037669,0,0,0,0.03234293822608133,zscore,iqr,iqr
2025-01-03 10:41:00,101.0,24.49218600700548,24.49218600700548,24.49218600700548,24.49218600700548,0,0,0,0.6280283206422651,zscore,iqr,iqr
2025-01-03 10:42:00,102.0,24.61387010060952,24.61387010060952,24.61387010060952,24.61387010060952,0,0,0,0.5787223150720121,zscore,iqr,iqr
2025-01-03 10:43:00,103.0,25.617976490548696,25.617976490548696,25.617976490548696,25.617976490548696,0,0,0,0.1589800800425624,zscore,iqr,iqr
2025-01-03 10:44:00,104.0,24.79913480073608,24.79913480073608,24.79913480073608,24.79913480073608,0,0,0,0.4242905380015678,zscore,iqr,iqr
2025-01-03 10:45:00,105.0,24.7578109220548,24.7578109220548,24.7578109220548,24.7578109220548,0,0,0,0.6723494681674819,zscore,iqr,iqr
2025-01-03 10:46:00,106.0,24.42692645239039,24.42692645239039,24.42692645239039,24.42692645239039,0,0,0,1.269815980479211,zscore,iqr,iqr
2025-01-03 10:47:00,107.0,25.25415943935608,25.25415943935608,25.25415943935608,25.25415943935608,0,0,0,0.27683628684273837,zscore,iqr,iqr
2025-01-03 10:48:00,108.0,26.237514951545887,26.237514951545887,26.237514951545887,26.237514951545887,0,0,0,2.213199592233446,zscore,iqr,iqr
2025-01-03 10:49:00,109.0,24.35948025144744,24.35948025144744,24.35948025144744,24.35948025144744,0,0,0,1.3822243341593763,zscore,iqr,iqr
2025-01-03 10:50:00,110.0,25.014531674003656,25.014531674003656,25.014531674003656,25.014531674003656,0,0,0,0.2691639132557535,zscore,iqr,iqr
2025-01-03 10:51:00,111.0,25.84733233324926,25.84733233324926,25.84733233324926,25.84733233324926,0,0,0,1.1477555539773465,zscore,iqr,iqr
2025-01-03 10:52:00,112.0,24.95221516525257,24.95221516525257,24.95221516525257,24.95221516525257,0,0,0,0.4317170247196133,zscore,iqr,iqr
2025-01-03 10:53:00,113.0,25.27142307774984,25.27142307774984,25.27142307774984,25.27142307774984,0,0,0,0.11383814438578999,zscore,iqr,iqr
2025-01-03 10:54:00,114.0,24.36256388311187,24.36256388311187,24.36256388311187,24.36256388311187,0,0,0,1.4820758125743276,zscore,iqr,iqr
2025-01-03 10:55:00,115.0,25.25698425832459,25.25698425832459,25.25698425832459,25.25698425832459,0,0,0,0.12307733584462091,zscore,iqr,iqr
2025-01-03 10:56:00,116.0,24.88771344099727,24.88771344099727,24.88771344099727,24.88771344099727,0,0,0,0.5789586607631914,zscore,iqr,iqr
2025-01-03 10:57:00,117.0,25.59143799740792,25.59143799740792,25.59143799740792,25.59143799740792,0,0,0,0.6039868073662912,zscore,iqr,iqr
2025-01-03 10:58:00,118.0,25.71243163093885,25.71243163093885,25.71243163093885,25.71243163093885,0,0,0,0.8570724929493229,zscore,iqr,iqr
2025-01-03 10:59:00,119.0,26.553738185211166,26.553738185211166,26.553738185211166,26.553738185211166,0,0,0,2.558448482514454,zscore,iqr,iqr
2025-01-03 11:00:00,120.0,25.347779903928146,25.347779903928146,25.347779903928146,25.347779903928146,0,0,0,0.15196233824148764,zscore,iqr,iqr
2025-01-03 11:01:00,121.0,25.1954777899493,25.1954777899493,25.1954777899493,25.1954777899493,0,0,0,0.13988498897383056,zscore,iqr,iqr
2025-01-03 11:02:00,122.0,25.116630580946403,25.116630580946403,25.116630580946403,25.116630580946403,0,0,0,0.08348051843950476,zscore,iqr,iqr
2025-01-03 11:03:00,123.0,24.788100224313588,24.788100224313588,24.788100224313588,24.788100224313588,0,0,0,0.6068453908691488,zscore,iqr,iqr
2025-01-03 11:04:00,124.0,25.203090306077016,25.203090306077016,25.203090306077016,25.203090306077016,0,0,0,0.04628577846985028,zscore,iqr,iqr
2025-01-03 11:05:00,125.0,24.822759153916586,24.822759153916586,24.822759153916586,24.822759153916586,0,0,0,0.651024656794111,zscore,iqr,iqr
2025-01-03 11:06:00,126.0,25.101076585761767,25.101076585761767,25.101076585761767,25.101076585761767,0,0,0,0.10253931959001882,zscore,iqr,iqr
2025-01-03 11:07:00,127.0,25.790558521364776,25.790558521364776,25.790558521364776,25.790558521364776,0,0,0,1.0324357627281688,zscore,iqr,iqr
2025-01-03 11:08:00,128.0,24.396074460832214,24.396074460832214,24.396074460832214,24.396074460832214,0,0,0,1.230032538076589,zscore,iqr,iqr
2025-01-03 11:09:00,129.0,25.683927136677426,25.683927136677426,25.683927136677426,25.683927136677426,0,0,0,0.9167305713053367,zscore,iqr,iqr
2025-01-03 11:10:00,130.0,25.79026904040392,25.79026904040392,25.79026904040392,25.79026904040392,0,0,0,1.4405313933981672,zscore,iqr,iqr
2025-01-03 11:11:00,131.0,24.929158883805357,24.929158883805357,24.929158883805357,24.929158883805357,0,0,0,0.18597511237435574,zscore,iqr,iqr
2025-01-03 11:12:00,132.0,23.726887060594844,23.726887060594844,23.726887060594844,23.726887060594844,0,0,0,0.9216072574923179,zscore,iqr,iqr
2025-01-03 11:13:00,133.0,24.63530680774334,24.63530680774334,24.63530680774334,24.63530680774334,0,0,0,0.44545629907075107,zscore,iqr,iqr
2025-01-03 11:14:00,134.0,25.778196727936667,25.778196727936667,25.778196727936667,25.778196727936667,0,0,0,0.054219812529746364,zscore,iqr,iqr
2025-01-03 11:15:00,135.0,24.986279162620672,24.986279162620672,24.986279162620672,24.986279162620672,0,0,0,0.28194083794122193,zscore,iqr,iqr
2025-01-03 11:16:00,136.0,24.400418660623053,24.400418660623053,24.400418660623053,24.400418660623053,0,0,0,0.4363798264805585,zscore,iqr,iqr
2025-01-03 11:17:00,137.0,24.69713504726307,24.69713504726307,24.69713504726307,24.69713504726307,0,0,0,0.37389293884875885,zscore,iqr,iqr
2025-01-03 11:18:00,138.0,25.50437201590273,25.50437201590273,25.50437201590273,25.50437201590273,0,0,0,0.17394088220782114,zscore,iqr,iqr
2025-01-03 11:19:00,139.0,25.328040140920827,25.328040140920827,25.328040140920827,25.328040140920827,0,0,0,0.221489137301068,zscore,iqr,iqr
2025-01-03 11:20:00,140.0,24.856640740498182,24.856640740498182,24.856640740498182,24.856640740498182,0,0,0,0.331601295083885,zscore,iqr,iqr
2025-01-03 11:21:00,141.0,24.779905352911182,24.779905352911182,24.779905352911182,24.779905352911182,0,0,0,0.34038274770499405,zscore,iqr,iqr
2025-01-03 11:22:00,142.0,33.23487136219694,24.986279162620672,24.986279162620672,33.23487136219694,1,1,0,1.7290603026153128,zscore,iqr,iqr
2025-01-03 11:23:00,143.0,35.97844453015905,25.19461556903296,25.19461556903296,35.97844453015905,1,1,0,2.3988013397828443,zscore,iqr,iqr
2025-01-03 11:24:00,144.0,17.895556456925867,25.19461556903296,25.19461556903296,17.895556456925867,1,1,0,2.0385176437527455,zscore,iqr,iqr
2025-01-03 11:25:00,145.0,36.6696567103658,25.19461556903296,25.19461556903296,36.6696567103658,1,1,0,2.5688401429931957,zscore,iqr,iqr
2025-01-03 11:26:00,146.0,25.7302951124953,25.7302951124953,25.7302951124953,25.7302951124953,0,0,0,0.11203278829326921,zscore,iqr,iqr
2025-01-03 11:27:00,147.0,25.91278963115347,25.91278963115347,25.91278963115347,25.91278963115347,0,0,0,0.07593473151002773,zscore,iqr,iqr
2025-01-03 11:28:00,148.0,25.598986538888777,25.598986538888777,25.598986538888777,25.598986538888777,0,0,0,0.15889778354810136,zscore,iqr,iqr
2025-01-03 11:29:00,149.0,24.74102781236917,24.74102781236917,24.74102781236917,24.74102781236917,0,0,0,0.3617326103193893,zscore,iqr,iqr
2025-01-03 11:30:00,150.0,25.24223805420197,25.24223805420197,25.24223805420197,25.24223805420197,0,0,0,0.2388370964135776,zscore,iqr,iqr
2025-01-03 11:31:00,151.0,24.98548263616545,24.98548263616545,24.98548263616545,24.98548263616545,0,0,0,0.30011649735760426,zscore,iqr,iqr
2025-01-03 11:32:00,152.0,24.45777888356192,24.45777888356192,24.45777888356192,24.45777888356192,0,0,0,0.4394497605038041,zscore,iqr,iqr
2025-01-03 11:33:00,153.0,25.19461556903296,25.19461556903296,25.19461556903296,25.19461556903296,0,0,0,0.1639317241042532,zscore,iqr,iqr
2025-01-03 11:34:00,154.0,24.29257612530412,24.29257612530412,24.29257612530412,24.29257612530412,0,0,0,0.19416287881764488,zscore,iqr,iqr
2025-01-03 11:35:00,155.0,25.71260763307694,25.71260763307694,25.71260763307694,25.71260763307694,0,0,0,0.02210697838280538,zscore,iqr,iqr
2025-01-03 11:36:00,156.0,24.721229621620964,24.721229621620964,24.721229621620964,24.721229621620964,0,0,0,0.004921554145267008,zscore,iqr,iqr
2025-01-03 11:37:00,157.0,25.120695793523705,25.120695793523705,25.120695793523705,25.120695793523705,0,0,0,0.27339628433875757,zscore,iqr,iqr
2025-01-03 11:38:00,158.0,25.169972722927685,25.169972722927685,25.169972722927685,25.169972722927685,0,0,0,0.36598629826007645,zscore,iqr,iqr
2025-01-03 11:39:00,159.0,24.844657015777557,24.844657015777557,24.844657015777557,24.844657015777557,0,0,0,0.3696142719941081,zscore,iqr,iqr
2025-01-03 11:40:00,160.0,25.352016280885167,25.352016280885167,25.352016280885167,25.352016280885167,0,0,0,0.46905635030700576,zscore,iqr,iqr
2025-01-03 11:41:00,161.0,24.715057806026486,24.715057806026486,24.715057806026486,24.715057806026486,0,0,0,0.33699684402730146,zscore,iqr,iqr
2025-01-03 11:42:00,162.0,25.522778378474342,25.522778378474342,25.522778378474342,25.522778378474342,0,0,0,0.49896466796514327,zscore,iqr,iqr
2025-01-03 11:43:00,163.0,24.19241219185195,24.19241219185195,24.19241219185195,24.19241219185195,0,0,0,0.21202697999668152,zscore,iqr,iqr
2025-01-03 11:44:00,164.0,17.898810284599087,25.120695793523705,25.120695793523705,17.898810284599087,1,1,0,1.0788074063127486,zscore,iqr,iqr
2025-01-03 11:45:00,165.0,32.33187489515748,25.120695793523705,25.120695793523705,32.33187489515748,1,1,0,1.8717602706608516,zscore,iqr,iqr
2025-01-03 11:46:00,166.0,17.69369482756626,25.120695793523705,25.120695793523705,17.69369482756626,1,1,0,1.1232168570415078,zscore,iqr,iqr
2025-01-03 11:47:00,167.0,8.40604402417307,25.169972722927685,25.169972722927685,25.169972722927685,1,1,1,3.0219629909376136,zscore,iqr,iqr
2025-01-03 11:48:00,168.0,16.41019560759068,25.169972722927685,25.169972722927685,16.41019560759068,1,1,0,1.3904585853912015,zscore,iqr,iqr
2025-01-03 11:49:00,169.0,17.197323344500504,24.920419752170456,24.920419752170456,17.197323344500504,1,1,0,1.2255661685242172,zscore,iqr,iqr
2025-01-03 11:50:00,170.0,25.210378059564132,25.210378059564132,25.210378059564132,25.210378059564132,0,0,0,0.4025025357315677,zscore,iqr,iqr
2025-01-03 11:51:00,171.0,25.2935122780886,25.2935122780886,25.2935122780886,25.2935122780886,0,0,0,0.4242299738869811,zscore,iqr,iqr
2025-01-03 11:52:00,172.0,25.380832881137064,25.380832881137064,25.380832881137064,25.380832881137064,0,0,0,0.4528674933626225,zscore,iqr,iqr
2025-01-03 11:53:00,173.0,25.66581990517373,25.66581990517373,25.66581990517373,25.66581990517373,0,0,0,0.5112955426848687,zscore,iqr,iqr
2025-01-03 11:54:00,174.0,25.245891194157107,25.245891194157107,25.245891194157107,25.245891194157107,0,0,0,0.3354893750800552,zscore,iqr,iqr
2025-01-03 11:55:00,175.0,24.855245407228875,24.855245407228875,24.855245407228875,24.855245407228875,0,0,0,0.20129604467316636,zscore,iqr,iqr
2025-01-03 11:56:00,176.0,25.40354422072164,25.40354422072164,25.40354422072164,25.40354422072164,0,0,0,0.40602349686730554,zscore,iqr,iqr
2025-01-03 11:57:00,177.0,26.13992916093713,26.13992916093713,26.13992916093713,26.13992916093713,0,0,0,0.5066199439907599,zscore,iqr,iqr
2025-01-03 11:58:00,178.0,24.920419752170456,24.920419752170456,24.920419752170456,24.920419752170456,0,0,0,0.08805177535487789,zscore,iqr,iqr
2025-01-03 11:59:00,179.0,24.415282417197616,24.415282417197616,24.415282417197616,24.415282417197616,0,0,0,0.2870998384078532,zscore,iqr,iqr
2025-01-03 12:00:00,180.0,25.664248401572184,25.664248401572184,25.664248401572184,25.664248401572184,0,0,0,0.15481865434148137,zscore,iqr,iqr
2025-01-03 12:01:00,181.0,24.927771301627843,24.927771301627843,24.927771301627843,24.927771301627843,0,0,0,0.35663797423671034,zscore,iqr,iqr
2025-01-03 12:02:00,182.0,23.69639827239158,25.245891194157107,25.245891194157107,23.69639827239158,1,1,0,1.2369107697267572,zscore,iqr,iqr
2025-01-03 12:03:00,183.0,25.508453006290253,25.508453006290253,25.508453006290253,25.508453006290253,0,0,0,0.05128503149090598,zscore,iqr,iqr
2025-01-03 12:04:00,184.0,31.33087954368719,25.19918819834141,25.19918819834141,25.19918819834141,1,1,1,4.187049175573837,zscore,iqr,iqr
2025-01-03 12:05:00,185.0,24.945680030617503,24.945680030617503,24.945680030617503,24.945680030617503,0,0,0,0.31737302320672245,zscore,iqr,iqr
2025-01-03 12:06:00,186.0,25.19918819834141,25.19918819834141,25.19918819834141,25.19918819834141,0,0,0,0.1329080638170805,zscore,iqr,iqr
2025-01-03 12:07:00,187.0,25.11429980786744,25.11429980786744,25.11429980786744,25.11429980786744,0,0,0,0.19511855936997477,zscore,iqr,iqr
2025-01-03 12:08:00,188.0,25.425671090283423,25.425671090283423,25.425671090283423,25.425671090283423,0,0,0,0.054225514977597436,zscore,iqr,iqr
2025-01-03 12:09:00,189.0,24.738708177658093,24.738708177658093,24.738708177658093,24.738708177658093,0,0,0,0.46857731995570634,zscore,iqr,iqr
2025-01-03 12:10:00,190.0,25.30786347890565,25.30786347890565,25.30786347890565,25.30786347890565,0,0,0,0.08418383465679968,zscore,iqr,iqr
2025-01-03 12:11:00,191.0,24.84427199344965,24.84427199344965,24.84427199344965,24.84427199344965,0,0,0,0.38192840492245045,zscore,iqr,iqr
2025-01-03 12:12:00,192.0,25.4432862885325,25.4432862885325,25.4432862885325,25.4432862885325,0,0,0,0.17781851572067395,zscore,iqr,iqr
2025-01-03 12:13:00,193.0,25.369220490407837,25.369220490407837,25.369220490407837,25.369220490407837,0,0,0,0.1161853250906623,zscore,iqr,iqr
2025-01-03 12:14:00,194.0,24.438736778773244,24.438736778773244,24.438736778773244,24.438736778773244,0,0,0,0.3476912492148543,zscore,iqr,iqr
2025-01-03 12:15:00,195.0,25.65158926970502,25.65158926970502,25.65158926970502,25.65158926970502,0,0,0,0.5933460239257533,zscore,iqr,iqr
2025-01-03 12:16:00,196.0,24.67842193293157,24.67842193293157,24.67842193293157,24.67842193293157,0,0,0,0.05590275972475617,zscore,iqr,iqr
2025-01-03 12:17:00,197.0,25.48483467896869,25.48483467896869,25.48483467896869,25.48483467896869,0,0,0,0.5247933772713885,zscore,iqr,iqr
2025-01-03 12:18:00,198.0,25.220372388040804,25.220372388040804,25.220372388040804,25.220372388040804,0,0,0,0.3264120590888893,zscore,iqr,iqr
2025-01-03 12:19:00,199.0,26.102910206077077,26.102910206077077,26.102910206077077,26.102910206077077,0,0,0,0.8971854666197444,zscore,iqr,iqr
2025-01-03 12:20:00,200.0,24.865920410576887,24.865920410576887,24.865920410576887,24.865920410576887,0,0,0,0.05800706835427569,zscore,iqr,iqr
2025-01-03 12:21:00,201.0,24.790409922329083,24.790409922329083,24.790409922329083,24.790409922329083,0,0,0,0.020357531847711798,zscore,iqr,iqr
2025-01-03 12:22:00,202.0,18.587365981575854,24.93733046887752,24.93733046887752,24.93733046887752,1,1,1,4.170178117455394,zscore,iqr,iqr
2025-01-03 12:23:00,203.0,24.818092130299437,24.818092130299437,24.818092130299437,24.818092130299437,0,0,0,0.024402487408146094,zscore,iqr,iqr
2025-01-03 12:24:00,204.0,25.47996514116523,25.47996514116523,25.47996514116523,25.47996514116523,0,0,0,0.49998375046485855,zscore,iqr,iqr
2025-01-03 12:25:00,205.0,24.030213634938047,24.030213634938047,24.030213634938047,24.030213634938047,0,0,0,0.4988440304170811,zscore,iqr,iqr
2025-01-03 12:26:00,206.0,24.367790548512183,24.367790548512183,24.367790548512183,24.367790548512183,0,0,0,0.26978486937233853,zscore,iqr,iqr
2025-01-03 12:27:00,207.0,24.359318247052485,24.359318247052485,24.359318247052485,24.359318247052485,0,0,0,0.294648203935414,zscore,iqr,iqr
2025-01-03 12:28:00,208.0,25.570184555184145,25.570184555184145,25.570184555184145,25.570184555184145,0,0,0,0.5332959282663355,zscore,iqr,iqr
2025-01-03 12:29:00,209.0,26.026368023549157,26.026368023549157,26.026368023549157,26.026368023549157,0,0,0,0.8247414560794444,zscore,iqr,iqr
2025-01-03 12:30:00,210.0,24.93733046887752,24.93733046887752,24.93733046887752,24.93733046887752,0,0,0,0.18068140156829393,zscore,iqr,iqr
2025-01-03 12:31:00,211.0,24.898706966085992,24.898706966085992,24.898706966085992,24.898706966085992,0,0,0,0.13671484137304346,zscore,iqr,iqr
2025-01-03 12:32:00,212.0,25.042031297867908,25.042031297867908,25.042031297867908,25.042031297867908,0,0,0,0.016688667947667643,zscore,iqr,iqr
2025-01-03 12:33:00,213.0,25.697126981564917,25.697126981564917,25.697126981564917,25.697126981564917,0,0,0,0.20036737703409546,zscore,iqr,iqr
2025-01-03 12:34:00,214.0,24.443588119485657,24.443588119485657,24.443588119485657,24.443588119485657,0,0,0,0.504206473214257,zscore,iqr,iqr
2025-01-03 12:35:00,215.0,25.14302138964087,25.14302138964087,25.14302138964087,25.14302138964087,0,0,0,0.1268905599973319,zscore,iqr,iqr
2025-01-03 12:36:00,216.0,25.58511857786946,25.58511857786946,25.58511857786946,25.58511857786946,0,0,0,0.09468908746231429,zscore,iqr,iqr
2025-01-03 12:37:00,217.0,25.300656501963907,25.300656501963907,25.300656501963907,25.300656501963907,0,0,0,0.09684932881705037,zscore,iqr,iqr
2025-01-03 12:38:00,218.0,25.113748969959246,25.113748969959246,25.113748969959246,25.113748969959246,0,0,0,0.24722217120947163,zscore,iqr,iqr
2025-01-03 12:39:00,219.0,25.600627655540286,25.600627655540286,25.600627655540286,25.600627655540286,0,0,0,0.02319623846461172,zscore,iqr,iqr
2025-01-03 12:40:00,220.0,23.378060624200454,23.378060624200454,25.306721559714987,23.378060624200454,0,1,0,1.2369646764385336,zscore,iqr,iqr
2025-01-03 12:41:00,221.0,25.406725191718543,25.406725191718543,25.406725191718543,25.406725191718543,0,0,0,0.0997128631760205,zscore,iqr,iqr
2025-01-03 12:42:00,222.0,32.903354054399585,25.406725191718543,25.406725191718543,25.406725191718543,1,1,1,4.169059491151362,zscore,iqr,iqr
2025-01-03 12:43:00,223.0,23.901620261886126,23.901620261886126,25.406725191718543,23.901620261886126,0,1,0,0.9199581229513846,zscore,iqr,iqr
2025-01-03 12:44:00,224.0,25.306721559714987,25.306721559714987,25.306721559714987,25.306721559714987,0,0,0,0.10861441139169446,zscore,iqr,iqr
2025-01-03 12:45:00,225.0,25.824195127097774,25.824195127097774,25.824195127097774,25.824195127097774,0,0,0,0.17964536129331457,zscore,iqr,iqr
2025-01-03 12:46:00,226.0,24.917530891223382,24.917530891223382,24.917530891223382,24.917530891223382,0,0,0,0.3576443242935584,zscore,iqr,iqr
2025-01-03 12:47:00,227.0,25.57172472832176,25.57172472832176,25.57172472832176,25.57172472832176,0,0,0,0.025644381327538237,zscore,iqr,iqr
2025-01-03 12:48:00,228.0,25.96736695479319,25.96736695479319,25.96736695479319,25.96736695479319,0,0,0,0.2514451876834958,zscore,iqr,iqr
2025-01-03 12:49:00,229.0,25.78894867215043,25.78894867215043,25.78894867215043,25.78894867215043,0,0,0,0.14670504826890304,zscore,iqr,iqr
2025-01-03 12:50:00,230.0,25.98397871762284,25.98397871762284,25.98397871762284,25.98397871762284,0,0,0,0.26993441176101535,zscore,iqr,iqr
2025-01-03 12:51:00,231.0,25.44527649464313,25.44527649464313,25.44527649464313,25.44527649464313,0,0,0,0.10242479144510891,zscore,iqr,iqr
2025-01-03 12:52:00,232.0,25.04526018334096,25.04526018334096,25.04526018334096,25.04526018334096,0,0,0,0.3087661150981243,zscore,iqr,iqr
2025-01-03 12:53:00,233.0,24.038820512861697,24.038820512861697,24.038820512861697,24.038820512861697,0,0,0,1.874262874812539,zscore,iqr,iqr
2025-01-03 12:54:00,234.0,24.85236250712203,24.85236250712203,24.85236250712203,24.85236250712203,0,0,0,0.6844509375767024,zscore,iqr,iqr
2025-01-03 12:55:00,235.0,24.494052042810285,24.494052042810285,24.494052042810285,24.494052042810285,0,0,0,1.1355662596509872,zscore,iqr,iqr
2025-01-03 12:56:00,236.0,26.302565630498687,26.302565630498687,26.302565630498687,26.302565630498687,0,0,0,1.907141503947092,zscore,iqr,iqr
2025-01-03 12:57:00,237.0,24.8944685125406,24.8944685125406,24.8944685125406,24.8944685125406,0,0,0,0.4032573557040452,zscore,iqr,iqr
2025-01-03 12:58:00,238.0,25.07392288407069,25.07392288407069,25.07392288407069,25.07392288407069,0,0,0,0.044479435013420665,zscore,iqr,iqr
2025-01-03 12:59:00,239.0,25.33089122562428,25.33089122562428,25.33089122562428,25.33089122562428,0,0,0,0.5059447420547508,zscore,iqr,iqr
2025-01-03 13:00:00,240.0,25.02616146782347,25.02616146782347,25.02616146782347,25.02616146782347,0,0,0,0.11707160399258762,zscore,iqr,iqr
2025-01-03 13:01:00,241.0,26.017030624258453,26.017030624258453,24.8944685125406,26.017030624258453,0,1,0,2.0491129983940115,zscore,iqr,iqr
2025-01-03 13:02:00,242.0,24.626410382959328,24.626410382959328,24.626410382959328,24.626410382959328,0,0,0,0.3930086557878087,zscore,iqr,iqr
2025-01-03 13:03:00,243.0,25.116764473142347,25.116764473142347,25.116764473142347,25.116764473142347,0,0,0,0.44645384793416265,zscore,iqr,iqr
2025-01-03 13:04:00,244.0,24.55451764858117,24.55451764858117,24.55451764858117,24.55451764858117,0,0,0,0.6644911643750326,zscore,iqr,iqr
2025-01-03 13:05:00,245.0,24.207986493267576,24.207986493267576,24.207986493267576,24.207986493267576,0,0,0,1.1885075838104688,zscore,iqr,iqr
2025-01-03 13:06:00,246.0,24.632938545456827,24.632938545456827,24.632938545456827,24.632938545456827,0,0,0,0.46587698825732204,zscore,iqr,iqr
2025-01-03 13:07:00,247.0,24.977777921770954,24.977777921770954,24.977777921770954,24.977777921770954,0,0,0,0.365618419783425,zscore,iqr,iqr
2025-01-03 13:08:00,248.0,24.742418665289645,24.742418665289645,24.742418665289645,24.742418665289645,0,0,0,0.2472359318174679,zscore,iqr,iqr
2025-01-03 13:09:00,249.0,24.58454741207569,24.58454741207569,24.58454741207569,24.58454741207569,0,0,0,0.336461366359369,zscore,iqr,iqr
2025-01-03 13:10:00,250.0,24.1562095217969,24.1562095217969,24.1562095217969,24.1562095217969,0,0,0,0.49826520614609743,zscore,iqr,iqr
2025-01-03 13:11:00,251.0,24.95013665642278,24.95013665642278,24.95013665642278,24.95013665642278,0,0,0,0.1340283671671943,zscore,iqr,iqr
2025-01-03 13:12:00,252.0,24.0971677755814,24.0971677755814,24.0971677755814,24.0971677755814,0,0,0,0.5034103590776272,zscore,iqr,iqr
2025-01-03 13:13:00,253.0,25.456033578213763,25.456033578213763,25.456033578213763,25.456033578213763,0,0,0,0.1065214697936058,zscore,iqr,iqr
2025-01-03 13:14:00,254.0,25.049463851760702,25.049463851760702,25.049463851760702,25.049463851760702,0,0,0,0.0815539319128004,zscore,iqr,iqr
2025-01-03 13:15:00,255.0,24.12546910032104,24.12546910032104,24.12546910032104,24.12546910032104,0,0,0,0.508285333024705,zscore,iqr,iqr
2025-01-03 13:16:00,256.0,24.814474553770083,24.814474553770083,24.814474553770083,24.814474553770083,0,0,0,0.2041095532537395,zscore,iqr,iqr
2025-01-03 13:17:00,257.0,24.54870615664565,24.54870615664565,24.54870615664565,24.54870615664565,0,0,0,0.3247482116987667,zscore,iqr,iqr
2025-01-03 13:18:00,258.0,34.66514280203924,24.814474553770083,24.814474553770083,24.814474553770083,1,1,1,4.350059952209558,zscore,iqr,iqr
2025-01-03 13:19:00,259.0,25.804270267613887,25.804270267613887,25.804270267613887,25.804270267613887,0,0,0,0.23692801666563532,zscore,iqr,iqr
2025-01-03 13:20:00,260.0,23.87489651821255,23.87489651821255,23.87489651821255,23.87489651821255,0,0,0,0.692480590669329,zscore,iqr,iqr
2025-01-03 13:21:00,261.0,25.06901564748845,25.06901564748845,25.06901564748845,25.06901564748845,0,0,0,0.15751781300464948,zscore,iqr,iqr
2025-01-03 13:22:00,262.0,24.903920322660017,24.903920322660017,24.903920322660017,24.903920322660017,0,0,0,0.22572282830250576,zscore,iqr,iqr
2025-01-03 13:23:00,263.0,25.40280404587028,25.40280404587028,25.40280404587028,25.40280404587028,0,0,0,0.006822914879303172,zscore,iqr,iqr
2025-01-03 13:24:00,264.0,25.12791797694261,25.12791797694261,25.12791797694261,25.12791797694261,0,0,0,0.08621283198998914,zscore,iqr,iqr
2025-01-03 13:25:00,265.0,24.54881840095671,24.54881840095671,24.54881840095671,24.54881840095671,0,0,0,0.3287767992160699,zscore,iqr,iqr
2025-01-03 13:26:00,266.0,24.808567638600028,24.808567638600028,24.808567638600028,24.808567638600028,0,0,0,0.23403830359887695,zscore,iqr,iqr
2025-01-03 13:27:00,267.0,24.522384485917907,24.522384485917907,24.522384485917907,24.522384485917907,0,0,0,0.3771486906472366,zscore,iqr,iqr
2025-01-03 13:28:00,268.0,25.64560428315916,25.64560428315916,25.64560428315916,25.64560428315916,0,0,0,0.15114369039065748,zscore,iqr,iqr
2025-01-03 13:29:00,269.0,25.012786989203164,25.012786989203164,25.012786989203164,25.012786989203164,0,0,0,0.20761282138469192,zscore,iqr,iqr
2025-01-03 13:30:00,270.0,26.140714411451803,26.140714411451803,24.903920322660017,26.140714411451803,0,1,0,2.193134348471205,zscore,iqr,iqr
2025-01-03 13:31:00,271.0,24.963603511711227,24.963603511711227,24.963603511711227,24.963603511711227,0,0,0,0.13625245807754446,zscore,iqr,iqr
2025-01-03 13:32:00,272.0,24.574955939853723,24.574955939853723,24.574955939853723,24.574955939853723,0,0,0,0.5868946411905442,zscore,iqr,iqr
2025-01-03 13:33:00,273.0,24.091771364432304,24.091771364432304,24.091771364432304,24.091771364432304,0,0,0,1.4038338296034294,zscore,iqr,iqr
2025-01-03 13:34:00,274.0,23.918116194246437,23.918116194246437,23.918116194246437,23.918116194246437,0,0,0,1.6615449991662228,zscore,iqr,iqr
2025-01-03 13:35:00,275.0,24.049518434196703,24.049518434196703,24.049518434196703,24.049518434196703,0,0,0,1.3808090248804286,zscore,iqr,iqr
2025-01-03 13:36:00,276.0,25.16027599060689,25.16027599060689,25.16027599060689,25.16027599060689,0,0,0,0.4492807249032655,zscore,iqr,iqr
2025-01-03 13:37:00,277.0,25.30523501393796,25.30523501393796,25.30523501393796,25.30523501393796,0,0,0,0.6817635342603489,zscore,iqr,iqr
2025-01-03 13:38:00,278.0,24.05128557878072,24.05128557878072,24.05128557878072,24.05128557878072,0,0,0,1.2303445209256951,zscore,iqr,iqr
2025-01-03 13:39:00,279.0,25.53702298844567,25.53702298844567,25.53702298844567,25.53702298844567,0,0,0,1.1281308665967693,zscore,iqr,iqr
2025-01-03 13:40:00,280.0,24.71016336898993,24.71016336898993,24.71016336898993,24.71016336898993,0,0,0,0.26049112139668995,zscore,iqr,iqr
2025-01-03 13:41:00,281.0,25.08807580719133,25.08807580719133,25.08807580719133,25.08807580719133,0,0,0,0.027817339558641446,zscore,iqr,iqr
2025-01-03 13:42:00,282.0,25.96733237695325,25.96733237695325,25.96733237695325,25.96733237695325,0,0,0,0.6268974833199266,zscore,iqr,iqr
2025-01-03 13:43:00,283.0,25.53810358951932,25.53810358951932,25.53810358951932,25.53810358951932,0,0,0,0.33497621412916173,zscore,iqr,iqr
2025-01-03 13:44:00,284.0,24.8388816112565,24.8388816112565,24.8388816112565,24.8388816112565,0,0,0,0.1734849711473207,zscore,iqr,iqr
2025-01-03 13:45:00,285.0,24.46528466475083,24.46528466475083,24.46528466475083,24.46528466475083,0,0,0,0.48118348500414715,zscore,iqr,iqr
2025-01-03 13:46:00,286.0,23.708910759202418,23.708910759202418,23.708910759202418,23.708910759202418,0,0,0,1.024545032004632,zscore,iqr,iqr
2025-01-03 13:47:00,287.0,24.568508008454547,24.568508008454547,24.568508008454547,24.568508008454547,0,0,0,0.4425833086099041,zscore,iqr,iqr
2025-01-03 13:48:00,288.0,24.873321856703384,24.873321856703384,24.873321856703384,24.873321856703384,0,0,0,0.2177361682708607,zscore,iqr,iqr
2025-01-03 13:49:00,289.0,24.407692283709288,24.407692283709288,24.407692283709288,24.407692283709288,0,0,0,0.5830322271972331,zscore,iqr,iqr
2025-01-03 13:50:00,290.0,31.123735708820917,24.94084712062944,24.94084712062944,24.94084712062944,1,1,1,4.177370393412993,zscore,iqr,iqr
2025-01-03 13:51:00,291.0,25.046111129775262,25.046111129775262,25.046111129775262,25.046111129775262,0,0,0,0.14240038838295574,zscore,iqr,iqr
2025-01-03 13:52:00,292.0,24.865086410915158,24.865086410915158,24.865086410915158,24.865086410915158,0,0,0,0.2871634234586193,zscore,iqr,iqr
2025-01-03 13:53:00,293.0,24.609998451505923,24.609998451505923,24.609998451505923,24.609998451505923,0,0,0,0.444105969575754,zscore,iqr,iqr
2025-01-03 13:54:00,294.0,25.10119280318004,25.10119280318004,25.10119280318004,25.10119280318004,0,0,0,0.06224550881902767,zscore,iqr,iqr
2025-01-03 13:55:00,295.0,25.26516438974165,25.26516438974165,25.26516438974165,25.26516438974165,0,0,0,0.04180844450900563,zscore,iqr,iqr
2025-01-03 13:56:00,296.0,24.34576055353429,24.34576055353429,24.34576055353429,24.34576055353429,0,0,0,0.6072304235836988,zscore,iqr,iqr
2025-01-03 13:57:00,297.0,25.84655942784776,25.84655942784776,25.84655942784776,25.84655942784776,0,0,0,0.4264060958720869,zscore,iqr,iqr
2025-01-03 13:58:00,298.0,24.94084712062944,24.94084712062944,24.94084712062944,24.94084712062944,0,0,0,0.25212759083387853,zscore,iqr,iqr
2025-01-03 13:59:00,299.0,25.011309773766907,25.011309773766907,25.011309773766907,25.011309773766907,0,0,0,0.2003526150218527,zscore,iqr,iqr
2025-01-03 14:00:00,300.0,25.42492865395393,25.42492865395393,25.42492865395393,25.42492865395393,0,0,0,0.08664759226687821,zscore,iqr,iqr
2025-01-03 14:01:00,301.0,25.1399296787581,25.1399296787581,25.1399296787581,25.1399296787581,0,0,0,0.4119671118835307,zscore,iqr,iqr
2025-01-03 14:02:00,302.0,25.571881980347943,25.571881980347943,25.571881980347943,25.571881980347943,0,0,0,1.4447789075626842,zscore,iqr,iqr
2025-01-03 14:03:00,303.0,25.17227449912109,25.17227449912109,25.17227449912109,25.17227449912109,0,0,0,0.5027585976433725,zscore,iqr,iqr
2025-01-03 14:04:00,304.0,24.632537575215736,24.632537575215736,24.632537575215736,24.632537575215736,0,0,0,0.8048237345674947,zscore,iqr,iqr
2025-01-03 14:05:00,305.0,25.21690211512366,25.21690211512366,25.21690211512366,25.21690211512366,0,0,0,0.6153815634749202,zscore,iqr,iqr
2025-01-03 14:06:00,306.0,24.313764275607603,24.313764275607603,24.313764275607603,24.313764275607603,0,0,0,1.3777470215886243,zscore,iqr,iqr
2025-01-03 14:07:00,307.0,25.06513582346592,25.06513582346592,25.06513582346592,25.06513582346592,0,0,0,0.19789862834838604,zscore,iqr,iqr
2025-01-03 14:08:00,308.0,24.980062005613323,24.980062005613323,24.980062005613323,24.980062005613323,0,0,0,0.044431154141118756,zscore,iqr,iqr
2025-01-03 14:09:00,309.0,24.87512988563648,24.87512988563648,24.87512988563648,24.87512988563648,0,0,0,0.22264608881759954,zscore,iqr,iqr
2025-01-03 14:10:00,310.0,24.92287749313664,24.92287749313664,24.92287749313664,24.92287749313664,0,0,0,0.07321847008922301,zscore,iqr,iqr
2025-01-03 14:11:00,311.0,23.870890572701416,23.870890572701416,23.870890572701416,23.870890572701416,0,0,0,2.208049330278281,zscore,iqr,iqr
2025-01-03 14:12:00,312.0,24.670765055355425,24.670765055355425,24.670765055355425,24.670765055355425,0,0,0,0.5237748778122749,zscore,iqr,iqr
2025-01-03 14:13:00,313.0,25.05570694068467,25.05570694068467,25.05570694068467,25.05570694068467,0,0,0,0.21105139812157472,zscore,iqr,iqr
2025-01-03 14:14:00,314.0,25.09591383519844,25.09591383519844,25.09591383519844,25.09591383519844,0,0,0,0.24126303515868386,zscore,iqr,iqr
2025-01-03 14:15:00,315.0,24.383394915444427,24.383394915444427,24.383394915444427,24.383394915444427,0,0,0,1.0709154544879884,zscore,iqr,iqr
2025-01-03 14:16:00,316.0,25.75942470451882,25.75942470451882,25.75942470451882,25.75942470451882,0,0,0,1.3420360807026281,zscore,iqr,iqr
2025-01-03 14:17:00,317.0,24.480295091071294,24.480295091071294,24.480295091071294,24.480295091071294,0,0,0,0.9761093480627699,zscore,iqr,iqr
2025-01-03 14:18:00,318.0,25.581674320316043,25.581674320316043,25.581674320316043,25.581674320316043,0,0,0,1.0094636422058672,zscore,iqr,iqr
2025-01-03 14:19:00,319.0,25.25631661712301,25.25631661712301,25.25631661712301,25.25631661712301,0,0,0,0.4050069600549236,zscore,iqr,iqr
2025-01-03 14:20:00,320.0,24.61226361409372,24.61226361409372,24.61226361409372,24.61226361409372,0,0,0,0.7638492073292095,zscore,iqr,iqr
2025-01-03 14:21:00,321.0,26.065186535565708,26.065186535565708,26.065186535565708,26.065186535565708,0,0,0,1.7921285293043863,zscore,iqr,iqr
2025-01-03 14:22:00,322.0,24.28381790094611,24.28381790094611,24.28381790094611,24.28381790094611,0,0,0,1.712138082149276,zscore,iqr,iqr
2025-01-03 14:23:00,323.0,25.551492504166,25.551492504166,25.551492504166,25.551492504166,0,0,0,0.812423224230947,zscore,iqr,iqr
2025-01-03 14:24:00,324.0,25.600349390825787,25.600349390825787,25.600349390825787,25.600349390825787,0,0,0,0.006973817065409921,zscore,iqr,iqr
2025-01-03 14:25:00,325.0,24.59762787455401,24.59762787455401,24.59762787455401,24.59762787455401,0,0,0,0.49782811077782996,zscore,iqr,iqr
2025-01-03 14:26:00,326.0,25.8354791800386,25.8354791800386,25.8354791800386,25.8354791800386,0,0,0,0.17585440939422822,zscore,iqr,iqr
2025-01-03 14:27:00,327.0,24.849972091240627,24.849972091240627,24.849972091240627,24.849972091240627,0,0,0,0.4863683741928114,zscore,iqr,iqr
2025-01-03 14:28:00,328.0,25.17321617756792,25.17321617756792,25.17321617756792,25.17321617756792,0,0,0,0.3815775145900405,zscore,iqr,iqr
2025-01-03 14:29:00,329.0,25.156193103262734,25.156193103262734,25.156193103262734,25.156193103262734,0,0,0,0.372747155333688,zscore,iqr,iqr
2025-01-03 14:30:00,330.0,24.91941475511767,24.91941475511767,24.91941475511767,24.91941475511767,0,0,0,0.4306130705392081,zscore,iqr,iqr
2025-01-03 14:31:00,331.0,25.48648496389587,25.48648496389587,25.48648496389587,25.48648496389587,0,0,0,0.25775442560585465,zscore,iqr,iqr
2025-01-03 14:32:00,332.0,25.476093232331326,25.476093232331326,25.476093232331326,25.476093232331326,0,0,0,0.24119404260723742,zscore,iqr,iqr
2025-01-03 14:33:00,333.0,23.95088081605709,23.95088081605709,23.95088081605709,23.95088081605709,0,0,0,0.7396210486165267,zscore,iqr,iqr
2025-01-03 14:34:00,334.0,35.83610873833665,25.17321617756792,25.17321617756792,35.83610873833665,1,1,0,2.990457155362699,zscore,iqr,iqr
2025-01-03 14:35:00,335.0,31.69613012772632,25.17321617756792,25.17321617756792,31.69613012772632,1,1,0,1.6873445426475693,zscore,iqr,iqr
2025-01-03 14:36:00,336.0,34.04516286539969,25.17321617756792,25.17321617756792,34.04516286539969,1,1,0,2.4261537691086525,zscore,iqr,iqr
2025-01-03 14:37:00,337.0,25.67602308209655,25.67602308209655,25.67602308209655,25.67602308209655,0,0,0,0.274816808728535,zscore,iqr,iqr
2025-01-03 14:38:00,338.0,24.34542014187088,24.34542014187088,24.34542014187088,24.34542014187088,0,0,0,0.6541152653438748,zscore,iqr,iqr
2025-01-03 14:39:00,339.0,24.75351142722725,24.75351142722725,24.75351142722725,24.75351142722725,0,0,0,0.5217513735197045,zscore,iqr,iqr
2025-01-03 14:40:00,340.0,24.33657719890844,24.33657719890844,24.33657719890844,24.33657719890844,0,0,0,0.6517527632554245,zscore,iqr,iqr
2025-01-03 14:41:00,341.0,24.87104738182676,24.87104738182676,24.87104738182676,24.87104738182676,0,0,0,0.5113446690568196,zscore,iqr,iqr
2025-01-03 14:42:00,342.0,24.815179429488555,24.815179429488555,24.815179429488555,24.815179429488555,0,0,0,0.5062001405111013,zscore,iqr,iqr
2025-01-03 14:43:00,343.0,25.467796319361604,25.467796319361604,25.467796319361604,25.467796319361604,0,0,0,0.3012507714146145,zscore,iqr,iqr
2025-01-03 14:44:00,344.0,25.786185247671764,25.786185247671764,25.786185247671764,25.786185247671764,0,0,0,0.22447490983220264,zscore,iqr,iqr
2025-01-03 14:45:00,345.0,25.837410286473972,25.837410286473972,25.837410286473972,25.837410286473972,0,0,0,0.07508372521091272,zscore,iqr,iqr
2025-01-03 14:46:00,346.0,24.662699184053015,24.662699184053015,24.662699184053015,24.662699184053015,0,0,0,0.43390677448276244,zscore,iqr,iqr
2025-01-03 14:47:00,347.0,31.41630502293205,24.87104738182676,24.87104738182676,24.87104738182676,1,1,1,4.139809725688557,zscore,iqr,iqr
2025-01-03 14:48:00,348.0,23.98993708466743,23.98993708466743,23.98993708466743,23.98993708466743,0,0,0,0.8371908391247629,zscore,iqr,iqr
2025-01-03 14:49:00,349.0,24.51647796010229,24.51647796010229,24.51647796010229,24.51647796010229,0,0,0,0.5073350758650728,zscore,iqr,iqr
2025-01-03 14:50:00,350.0,25.578910979858478,25.578910979858478,25.578910979858478,25.578910979858478,0,0,0,0.1962350543156335,zscore,iqr,iqr
2025-01-03 14:51:00,351.0,25.96934969412894,25.96934969412894,25.96934969412894,25.96934969412894,0,0,0,0.4447465361787185,zscore,iqr,iqr
2025-01-03 14:52:00,352.0,24.259390676872048,24.259390676872048,24.259390676872048,24.259390676872048,0,0,0,0.7256787170538272,zscore,iqr,iqr
2025-01-03 14:53:00,353.0,24.644521444508264,24.644521444508264,24.644521444508264,24.644521444508264,0,0,0,0.465687609878244,zscore,iqr,iqr
2025-01-03 14:54:00,354.0,24.984156545824643,24.984156545824643,24.984156545824643,24.984156545824643,0,0,0,0.21490504362667956,zscore,iqr,iqr
2025-01-03 14:55:00,355.0,25.16809669529177,25.16809669529177,25.16809669529177,25.16809669529177,0,0,0,0.05565713945116191,zscore,iqr,iqr
2025-01-03 14:56:00,356.0,24.514237888047013,24.514237888047013,24.514237888047013,24.514237888047013,0,0,0,0.4734534188807919,zscore,iqr,iqr
2025-01-03 14:57:00,357.0,25.25443662667845,25.25443662667845,25.25443662667845,25.25443662667845,0,0,0,0.006300022430130575,zscore,iqr,iqr
2025-01-03 14:58:00,358.0,24.71569639175745,24.71569639175745,24.71569639175745,24.71569639175745,0,0,0,0.5355091284456047,zscore,iqr,iqr
2025-01-03 14:59:00,359.0,24.991328637473032,24.991328637473032,24.991328637473032,24.991328637473032,0,0,0,0.05195926977362242,zscore,iqr,iqr
2025-01-03 15:00:00,360.0,25.32777054880222,25.32777054880222,25.32777054880222,25.32777054880222,0,0,0,0.6382344657374395,zscore,iqr,iqr
2025-01-03 15:01:00,361.0,25.003853361886563,25.003853361886563,25.003853361886563,25.003853361886563,0,0,0,0.03824538723893692,zscore,iqr,iqr
2025-01-03 15:02:00,362.0,24.73816846568406,24.73816846568406,24.73816846568406,24.73816846568406,0,0,0,0.6977846294094769,zscore,iqr,iqr
2025-01-03 15:03:00,363.0,24.9342341176445,24.9342341176445,24.9342341176445,24.9342341176445,0,0,0,0.33957629149003127,zscore,iqr,iqr
2025-01-03 15:04:00,364.0,24.9469822244768,24.9469822244768,24.9469822244768,24.9469822244768,0,0,0,0.353790228837093,zscore,iqr,iqr
2025-01-03 15:05:00,365.0,24.77799338207072,24.77799338207072,24.77799338207072,24.77799338207072,0,0,0,0.8879664550720267,zscore,iqr,iqr
2025-01-03 15:06:00,366.0,24.84472236239974,24.84472236239974,24.84472236239974,24.84472236239974,0,0,0,0.4529656472283641,zscore,iqr,iqr
2025-01-03 15:07:00,367.0,25.95918830230283,24.9469822244768,25.95918830230283,25.95918830230283,1,0,0,2.259711984528118,zscore,iqr,iqr
2025-01-03 15:08:00,368.0,25.336551668764745,25.336551668764745,25.336551668764745,25.336551668764745,0,0,0,0.8270355507223354,zscore,iqr,iqr
2025-01-03 15:09:00,369.0,24.822711809182504,24.822711809182504,24.822711809182504,24.822711809182504,0,0,0,0.38144811210688,zscore,iqr,iqr
2025-01-03 15:10:00,370.0,25.41817264270644,25.41817264270644,25.41817264270644,25.41817264270644,0,0,0,0.7705274610768342,zscore,iqr,iqr
2025-01-03 15:11:00,371.0,24.799708306146396,24.799708306146396,24.799708306146396,24.799708306146396,0,0,0,0.5126226592341429,zscore,iqr,iqr
2025-01-03 15:12:00,372.0,25.703874782551985,25.703874782551985,25.703874782551985,25.703874782551985,0,0,0,1.05892902116449,zscore,iqr,iqr
2025-01-03 15:13:00,373.0,25.221785315318854,25.221785315318854,25.221785315318854,25.221785315318854,0,0,0,0.15939612414925702,zscore,iqr,iqr
2025-01-03 15:14:00,374.0,24.935618713597464,24.935618713597464,24.935618713597464,24.935618713597464,0,0,0,0.2411242213348229,zscore,iqr,iqr
2025-01-03 15:15:00,375.0,25.268630155486168,25.268630155486168,25.268630155486168,25.268630155486168,0,0,0,0.3175600165813943,zscore,iqr,iqr
2025-01-03 15:16:00,376.0,24.057474308758906,24.057474308758906,24.057474308758906,24.057474308758906,0,0,0,1.5911865872228916,zscore,iqr,iqr
2025-01-03 15:17:00,377.0,24.32393951865412,24.32393951865412,24.32393951865412,24.32393951865412,0,0,0,1.1420785549918886,zscore,iqr,iqr
2025-01-03 15:18:00,378.0,24.283644996160568,24.283644996160568,24.283644996160568,24.283644996160568,0,0,0,1.1879933812495853,zscore,iqr,iqr
2025-01-03 15:19:00,379.0,25.085765856858224,25.085765856858224,25.085765856858224,25.085765856858224,0,0,0,0.19487696425294176,zscore,iqr,iqr
2025-01-03 15:20:00,380.0,26.03950899969105,26.03950899969105,26.03950899969105,26.03950899969105,0,0,0,0.8453846605444859,zscore,iqr,iqr
2025-01-03 15:21:00,381.0,26.33878008771558,26.33878008771558,26.33878008771558,26.33878008771558,0,0,0,1.0232720817790757,zscore,iqr,iqr
2025-01-03 15:22:00,382.0,25.382830660864453,25.382830660864453,25.382830660864453,25.382830660864453,0,0,0,0.46362991906739853,zscore,iqr,iqr
2025-01-03 15:23:00,383.0,25.300506684966678,25.300506684966678,25.300506684966678,25.300506684966678,0,0,0,0.4337876002616434,zscore,iqr,iqr
2025-01-03 15:24:00,384.0,23.91936535950836,23.91936535950836,23.91936535950836,23.91936535950836,0,0,0,0.4202552584545296,zscore,iqr,iqr
2025-01-03 15:25:00,385.0,24.674395720159588,24.674395720159588,24.674395720159588,24.674395720159588,0,0,0,0.04002808267502669,zscore,iqr,iqr
2025-01-03 15:26:00,386.0,24.527329748855056,24.527329748855056,24.527329748855056,24.527329748855056,0,0,0,0.003331399125302683,zscore,iqr,iqr
2025-01-03 15:27:00,387.0,24.62749144104933,24.62749144104933,24.62749144104933,24.62749144104933,0,0,0,0.0407204557473564,zscore,iqr,iqr
2025-01-03 15:28:00,388.0,24.899113708849125,24.899113708849125,24.899113708849125,24.899113708849125,0,0,0,0.1618254121817915,zscore,iqr,iqr
2025-01-03 15:29:00,389.0,24.716745653381725,24.716745653381725,24.716745653381725,24.716745653381725,0,0,0,0.002671246310869349,zscore,iqr,iqr
2025-01-03 15:30:00,390.0,17.65485277900325,24.82839746687193,24.82839746687193,24.82839746687193,1,1,1,4.028746718707234,zscore,iqr,iqr
2025-01-03 15:31:00,391.0,25.44874615367052,25.44874615367052,25.44874615367052,25.44874615367052,0,0,0,0.4712518475153282,zscore,iqr,iqr
2025-01-03 15:32:00,392.0,24.35635418455612,24.35635418455612,24.35635418455612,24.35635418455612,0,0,0,0.12159180899747771,zscore,iqr,iqr
2025-01-03 15:33:00,393.0,25.14354811846669,25.14354811846669,25.14354811846669,25.14354811846669,0,0,0,0.36154013034709037,zscore,iqr,iqr
2025-01-03 15:34:00,394.0,26.244449601849983,26.244449601849983,26.244449601849983,26.244449601849983,0,0,0,0.955220772315203,zscore,iqr,iqr
2025-01-03 15:35:00,395.0,24.448369245048145,24.448369245048145,24.448369245048145,24.448369245048145,0,0,0,0.09351144059692117,zscore,iqr,iqr
2025-01-03 15:36:00,396.0,23.4818274863522,23.4818274863522,23.4818274863522,23.4818274863522,0,0,0,0.6678293068708108,zscore,iqr,iqr
2025-01-03 15:37:00,397.0,24.82839746687193,24.82839746687193,24.82839746687193,24.82839746687193,0,0,0,0.09306602378668395,zscore,iqr,iqr
2025-01-03 15:38:00,398.0,25.660575780999142,25.660575780999142,25.660575780999142,25.660575780999142,0,0,0,0.5426837047073527,zscore,iqr,iqr
2025-01-03 15:39:00,399.0,26.175008472532355,26.175008472532355,26.175008472532355,26.175008472532355,0,0,0,0.8334562967874211,zscore,iqr,iqr
2025-01-03 15:40:00,400.0,24.26227024332855,24.26227024332855,24.26227024332855,24.26227024332855,0,0,0,0.27759289516276653,zscore,iqr,iqr
2025-01-03 15:41:00,401.0,25.298019533941915,25.298019533941915,25.298019533941915,25.298019533941915,0,0,0,0.2924475327008602,zscore,iqr,iqr
2025-01-03 15:42:00,402.0,24.72081372593197,24.72081372593197,24.72081372593197,24.72081372593197,0,0,0,0.4836204948813103,zscore,iqr,iqr
2025-01-03 15:43:00,403.0,24.93643098741752,24.93643098741752,24.93643098741752,24.93643098741752,0,0,0,0.21924386906261056,zscore,iqr,iqr
2025-01-03 15:44:00,404.0,26.58660600821022,26.58660600821022,25.152243796896744,26.58660600821022,0,1,0,2.0829637830549124,zscore,iqr,iqr
2025-01-03 15:45:00,405.0,24.098217802962907,24.098217802962907,24.098217802962907,24.098217802962907,0,0,0,1.4008536549662471,zscore,iqr,iqr
2025-01-03 15:46:00,406.0,25.152243796896744,25.152243796896744,25.152243796896744,25.152243796896744,0,0,0,0.12518662844027692,zscore,iqr,iqr
2025-01-03 15:47:00,407.0,25.28061590305926,25.28061590305926,25.28061590305926,25.28061590305926,0,0,0,0.2517559445913867,zscore,iqr,iqr
2025-01-03 15:48:00,408.0,25.65147179496361,25.65147179496361,25.65147179496361,25.65147179496361,0,0,0,0.840562966825576,zscore,iqr,iqr
2025-01-03 15:49:00,409.0,25.058789892082537,25.058789892082537,25.058789892082537,25.058789892082537,0,0,0,0.16425872169599967,zscore,iqr,iqr
2025-01-03 15:50:00,410.0,25.18483032370246,25.18483032370246,25.18483032370246,25.18483032370246,0,0,0,0.2554183789705736,zscore,iqr,iqr
2025-01-03 15:51:00,411.0,24.765010859546926,24.765010859546926,24.765010859546926,24.765010859546926,0,0,0,0.6355175224713189,zscore,iqr,iqr
2025-01-03 15:52:00,412.0,25.161476164747064,25.161476164747064,25.161476164747064,25.161476164747064,0,0,0,0.18755389773920006,zscore,iqr,iqr
2025-01-03 15:53:00,413.0,24.794084634701555,24.794084634701555,24.794084634701555,24.794084634701555,0,0,0,0.36419757744539977,zscore,iqr,iqr
2025-01-03 15:54:00,414.0,25.37294313391363,25.37294313391363,25.37294313391363,25.37294313391363,0,0,0,0.07438136434740368,zscore,iqr,iqr
2025-01-03 15:55:00,415.0,24.77823379837382,24.77823379837382,24.77823379837382,24.77823379837382,0,0,0,0.3486250777256283,zscore,iqr,iqr
2025-01-03 15:56:00,416.0,25.22626023634131,25.22626023634131,25.22626023634131,25.22626023634131,0,0,0,0.042132888566929,zscore,iqr,iqr
2025-01-03 15:57:00,417.0,24.98244231178901,24.98244231178901,24.98244231178901,24.98244231178901,0,0,0,0.07139146834928903,zscore,iqr,iqr
2025-01-03 15:58:00,418.0,25.675630150463306,25.675630150463306,25.675630150463306,25.675630150463306,0,0,0,0.16314566947304782,zscore,iqr,iqr
2025-01-03 15:59:00,419.0,24.969163765846908,24.969163765846908,24.969163765846908,24.969163765846908,0,0,0,0.07328498982601273,zscore,iqr,iqr
2025-01-03 16:00:00,420.0,23.936180519075872,23.936180519075872,23.936180519075872,23.936180519075872,0,0,0,0.4300792160334801,zscore,iqr,iqr
2025-01-03 16:01:00,421.0,25.757152900428395,25.757152900428395,25.757152900428395,25.757152900428395,0,0,0,0.20179295419558924,zscore,iqr,iqr
2025-01-03 16:02:00,422.0,34.35532300367663,25.161476164747064,25.161476164747064,25.161476164747064,1,1,1,3.176726276689769,zscore,iqr,iqr
2025-01-03 16:03:00,423.0,24.60774019681071,24.60774019681071,24.60774019681071,24.60774019681071,0,0,0,0.2097629660740615,zscore,iqr,iqr
2025-01-03 16:04:00,424.0,24.642603223573904,24.642603223573904,24.642603223573904,24.642603223573904,0,0,0,0.20667949862363233,zscore,iqr,iqr
2025-01-03 16:05:00,425.0,25.82466285590249,25.82466285590249,25.82466285590249,25.82466285590249,0,0,0,0.20897929748715716,zscore,iqr,iqr
2025-01-03 16:06:00,426.0,16.046016318961584,25.171332444914597,25.171332444914597,25.171332444914597,1,1,1,3.1883285395354517,zscore,iqr,iqr
2025-01-03 16:07:00,427.0,26.882649120196,25.13394334847749,25.13394334847749,26.882649120196,1,1,0,0.5797877083268509,zscore,iqr,iqr
2025-01-03 16:08:00,428.0,25.63363408543963,25.63363408543963,25.63363408543963,25.63363408543963,0,0,0,0.14780545116104288,zscore,iqr,iqr
2025-01-03 16:09:00,429.0,25.13394334847749,25.13394334847749,25.13394334847749,25.13394334847749,0,0,0,0.025713500740613193,zscore,iqr,iqr
2025-01-03 16:10:00,430.0,24.96706359963023,24.96706359963023,24.96706359963023,24.96706359963023,0,0,0,0.09004365905512825,zscore,iqr,iqr
2025-01-03 16:11:00,431.0,25.171332444914597,25.171332444914597,25.171332444914597,25.171332444914597,0,0,0,0.007507273096682246,zscore,iqr,iqr
2025-01-03 16:12:00,432.0,25.312673457027604,25.312673457027604,25.312673457027604,25.312673457027604,0,0,0,0.04725028750331558,zscore,iqr,iqr
2025-01-03 16:13:00,433.0,25.387129351570035,25.387129351570035,25.387129351570035,25.387129351570035,0,0,0,0.3182710363617866,zscore,iqr,iqr
2025-01-03 16:14:00,434.0,25.333362679602068,25.333362679602068,25.333362679602068,25.333362679602068,0,0,0,0.28306328976506673,zscore,iqr,iqr
2025-01-03 16:15:00,435.0,25.05374840875315,25.05374840875315,25.05374840875315,25.05374840875315,0,0,0,0.1435688897070271,zscore,iqr,iqr
2025-01-03 16:16:00,436.0,24.88159694781561,24.88159694781561,24.88159694781561,24.88159694781561,0,0,0,0.06305492505961038,zscore,iqr,iqr
2025-01-03 16:17:00,437.0,24.909236029807893,24.909236029807893,24.909236029807893,24.909236029807893,0,0,0,0.4752071441795029,zscore,iqr,iqr
2025-01-03 16:18:00,438.0,24.88305503178839,24.88305503178839,24.88305503178839,24.88305503178839,0,0,0,0.41023564403084717,zscore,iqr,iqr
2025-01-03 16:19:00,439.0,25.68026205812024,25.68026205812024,25.68026205812024,25.68026205812024,0,0,0,1.202607546360217,zscore,iqr,iqr
2025-01-03 16:20:00,440.0,25.35613403336852,25.35613403336852,25.35613403336852,25.35613403336852,0,0,0,0.6028509983590837,zscore,iqr,iqr
2025-01-03 16:21:00,441.0,23.23576681920143,25.116841716831264,25.116841716831264,25.116841716831264,1,1,1,3.1955530506320184,zscore,iqr,iqr
2025-01-03 16:22:00,442.0,25.39354046591785,25.39354046591785,25.39354046591785,25.39354046591785,0,0,0,0.7452871444283414,zscore,iqr,iqr
2025-01-03 16:23:00,443.0,25.116841716831264,25.116841716831264,25.116841716831264,25.116841716831264,0,0,0,0.22858776461088118,zscore,iqr,iqr
2025-01-03 16:24:00,444.0,24.98877474613246,24.98877474613246,24.98877474613246,24.98877474613246,0,0,0,0.013380947878723806,zscore,iqr,iqr
2025-01-03 16:25:00,445.0,24.766888928146667,24.766888928146667,24.766888928146667,24.766888928146667,0,0,0,0.3991454802957051,zscore,iqr,iqr
2025-01-03 16:26:00,446.0,25.674467631991607,25.674467631991607,25.674467631991607,25.674467631991607,0,0,0,1.140530981827517,zscore,iqr,iqr
2025-01-03 16:27:00,447.0,25.568515877273715,25.568515877273715,25.568515877273715,25.568515877273715,0,0,0,0.9185593599664137,zscore,iqr,iqr
2025-01-03 16:28:00,448.0,24.536273399305838,24.536273399305838,24.536273399305838,24.536273399305838,0,0,0,0.8215728863808868,zscore,iqr,iqr
2025-01-03 16:29:00,449.0,25.24423137227472,25.24423137227472,25.24423137227472,25.24423137227472,0,0,0,0.3502329997351424,zscore,iqr,iqr
2025-01-03 16:30:00,450.0,24.41700595927523,24.41700595927523,24.41700595927523,24.41700595927523,0,0,0,1.0521069590420369,zscore,iqr,iqr
2025-01-03 16:31:00,451.0,24.172229101126643,24.172229101126643,24.172229101126643,24.172229101126643,0,0,0,1.4739257076890186,zscore,iqr,iqr
2025-01-03 16:32:00,452.0,24.623969665246022,24.623969665246022,24.623969665246022,24.623969665246022,0,0,0,1.1921802320931192,zscore,iqr,iqr
2025-01-03 16:33:00,453.0,25.51743608342965,25.51743608342965,25.51743608342965,25.51743608342965,0,0,0,0.8249646746729922,zscore,iqr,iqr
2025-01-03 16:34:00,454.0,25.57187502722565,25.57187502722565,25.57187502722565,25.57187502722565,0,0,0,0.9376171075032215,zscore,iqr,iqr
2025-01-03 16:35:00,455.0,25.307851252058377,25.307851252058377,25.307851252058377,25.307851252058377,0,0,0,0.11181898691120606,zscore,iqr,iqr
2025-01-03 16:36:00,456.0,25.4350574721088,25.4350574721088,25.4350574721088,25.4350574721088,0,0,0,0.1602037944945112,zscore,iqr,iqr
2025-01-03 16:37:00,457.0,25.309706972268977,25.309706972268977,25.309706972268977,25.309706972268977,0,0,0,0.13357375790990045,zscore,iqr,iqr
2025-01-03 16:38:00,458.0,24.61511104286623,24.61511104286623,24.61511104286623,24.61511104286623,0,0,0,0.1270769246489183,zscore,iqr,iqr
2025-01-03 16:39:00,459.0,25.259153526804365,25.259153526804365,25.259153526804365,25.259153526804365,0,0,0,0.12604346628625232,zscore,iqr,iqr
2025-01-03 16:40:00,460.0,25.480245715136608,25.480245715136608,25.480245715136608,25.480245715136608,0,0,0,0.22521054482271613,zscore,iqr,iqr
2025-01-03 16:41:00,461.0,25.452574797888143,25.452574797888143,25.452574797888143,25.452574797888143,0,0,0,0.20521347353676658,zscore,iqr,iqr
2025-01-03 16:42:00,462.0,25.713348022884787,25.713348022884787,25.713348022884787,25.713348022884787,0,0,0,0.3017827283283995,zscore,iqr,iqr
2025-01-03 16:43:00,463.0,25.42498230832064,25.42498230832064,25.42498230832064,25.42498230832064,0,0,0,0.18449541304835876,zscore,iqr,iqr
2025-01-03 16:44:00,464.0,25.21086892452495,25.21086892452495,25.21086892452495,25.21086892452495,0,0,0,0.13071230482840193,zscore,iqr,iqr
2025-01-03 16:45:00,465.0,31.492557880604217,25.12797622442376,25.12797622442376,31.492557880604217,1,1,0,2.6151186806230484,zscore,iqr,iqr
2025-01-03 16:46:00,466.0,15.5416124490389,25.000723285217333,25.000723285217333,25.000723285217333,1,1,1,3.6685664223403416,zscore,iqr,iqr
2025-01-03 16:47:00,467.0,24.47087520926337,24.47087520926337,24.47087520926337,24.47087520926337,0,0,0,0.1295040331544941,zscore,iqr,iqr
2025-01-03 16:48:00,468.0,24.90215982163374,24.90215982163374,24.90215982163374,24.90215982163374,0,0,0,0.039149517661757546,zscore,iqr,iqr
2025-01-03 16:49:00,469.0,24.55305841311613,24.55305841311613,24.55305841311613,24.55305841311613,0,0,0,0.11622703702947136,zscore,iqr,iqr
2025-01-03 16:50:00,470.0,24.59489303501537,24.59489303501537,24.59489303501537,24.59489303501537,0,0,0,0.07667091187984976,zscore,iqr,iqr
2025-01-03 16:51:00,471.0,24.91328879757069,24.91328879757069,24.91328879757069,24.91328879757069,0,0,0,0.06624776079929483,zscore,iqr,iqr
2025-01-03 16:52:00,472.0,24.524548047400025,24.524548047400025,24.524548047400025,24.524548047400025,0,0,0,0.06989888120148176,zscore,iqr,iqr
2025-01-03 16:53:00,473.0,24.815223082216576,24.815223082216576,24.815223082216576,24.815223082216576,0,0,0,0.0691153767669695,zscore,iqr,iqr
2025-01-03 16:54:00,474.0,23.86383119982773,23.86383119982773,23.86383119982773,23.86383119982773,0,0,0,0.30911300526675856,zscore,iqr,iqr
2025-01-03 16:55:00,475.0,25.12797622442376,25.12797622442376,25.12797622442376,25.12797622442376,0,0,0,0.1979578479378051,zscore,iqr,iqr
2025-01-03 16:56:00,476.0,25.000723285217333,25.000723285217333,25.000723285217333,25.000723285217333,0,0,0,0.34352828263189145,zscore,iqr,iqr
2025-01-03 16:57:00,477.0,24.509746821359087,24.509746821359087,24.509746821359087,24.509746821359087,0,0,0,0.42117126830012425,zscore,iqr,iqr
2025-01-03 16:58:00,478.0,25.39554740105944,25.39554740105944,25.39554740105944,25.39554740105944,0,0,0,1.3422158226060923,zscore,iqr,iqr
2025-01-03 16:59:00,479.0,25.56254208257593,25.56254208257593,25.56254208257593,25.56254208257593,0,0,0,1.7177819196208528,zscore,iqr,iqr
2025-01-03 17:00:00,480.0,24.035464081378617,24.035464081378617,24.035464081378617,24.035464081378617,0,0,0,1.4251213559753633,zscore,iqr,iqr
2025-01-03 17:01:00,481.0,24.542365132860272,24.542365132860272,24.542365132860272,24.542365132860272,0,0,0,0.449520878225763,zscore,iqr,iqr
2025-01-03 17:02:00,482.0,24.538514590127622,24.538514590127622,24.538514590127622,24.538514590127622,0,0,0,0.015794285143048235,zscore,iqr,iqr
2025-01-03 17:03:00,483.0,24.43605813933468,24.43605813933468,24.43605813933468,24.43605813933468,0,0,0,0.05794255846086924,zscore,iqr,iqr
2025-01-03 17:04:00,484.0,25.497684905159048,25.497684905159048,25.497684905159048,25.497684905159048,0,0,0,0.877436766370171,zscore,iqr,iqr
2025-01-03 17:05:00,485.0,24.88370431673632,24.88370431673632,24.88370431673632,24.88370431673632,0,0,0,0.3249735821846578,zscore,iqr,iqr
2025-01-03 17:06:00,486.0,24.841291095213634,24.841291095213634,24.841291095213634,24.841291095213634,0,0,0,0.2450747724176372,zscore,iqr,iqr
2025-01-03 17:07:00,487.0,23.797682581355943,23.797682581355943,23.797682581355943,23.797682581355943,0,0,0,0.5996463380929503,zscore,iqr,iqr
2025-01-03 17:08:00,488.0,25.381250818125537,25.381250818125537,25.381250818125537,25.381250818125537,0,0,0,0.6083267979631909,zscore,iqr,iqr
2025-01-03 17:09:00,489.0,24.256444963087915,24.256444963087915,24.256444963087915,24.256444963087915,0,0,0,0.07586402886846588,zscore,iqr,iqr
2025-01-03 17:10:00,490.0,25.0359595781598,25.0359595781598,25.0359595781598,25.0359595781598,0,0,0,0.3830452958577108,zscore,iqr,iqr
2025-01-03 17:11:00,491.0,25.166426162774915,25.166426162774915,25.166426162774915,25.166426162774915,0,0,0,0.42691245431468694,zscore,iqr,iqr
2025-01-03 17:12:00,492.0,19.701785447192574,24.88370431673632,24.88370431673632,19.701785447192574,1,1,0,1.7211188525077414,zscore,iqr,iqr
2025-01-03 17:13:00,493.0,24.214707760528533,24.214707760528533,24.214707760528533,24.214707760528533,0,0,0,0.025522253252927868,zscore,iqr,iqr
2025-01-03 17:14:00,494.0,23.188292706507504,23.188292706507504,23.188292706507504,23.188292706507504,0,0,0,0.3925518550344154,zscore,iqr,iqr
2025-01-03 17:15:00,495.0,25.11030972685222,25.11030972685222,25.11030972685222,25.11030972685222,0,0,0,0.32258625706456706,zscore,iqr,iqr
2025-01-03 17:16:00,496.0,26.080306708906512,26.080306708906512,26.080306708906512,26.080306708906512,0,0,0,0.6834776181266073,zscore,iqr,iqr
2025-01-03 17:17:00,497.0,25.74336781176366,25.74336781176366,25.74336781176366,25.74336781176366,0,0,0,0.5586238212580865,zscore,iqr,iqr
2025-01-03 17:18:00,498.0,25.125795649164772,25.125795649164772,25.125795649164772,25.125795649164772,0,0,0,0.30262992488889656,zscore,iqr,iqr
2025-01-03 17:19:00,499.0,14.178992929254433,25.11030972685222,25.11030972685222,25.11030972685222,1,1,1,3.8356184036312713,zscore,iqr,iqr
2025-01-03 17:20:00,500.0,25.484273557982387,25.484273557982387,25.484273557982387,25.484273557982387,0,0,0,0.4602028913345813,zscore,iqr,iqr
2025-01-03 17:21:00,501.0,24.41587228017732,24.41587228017732,24.41587228017732,24.41587228017732,0,0,0,0.05896497808839554,zscore,iqr,iqr
2025-01-03 17:22:00,502.0,25.28581466161373,25.28581466161373,25.28581466161373,25.28581466161373,0,0,0,0.3999065968878287,zscore,iqr,iqr
2025-01-03 17:23:00,503.0,25.303282095499977,25.303282095499977,25.303282095499977,25.303282095499977,0,0,0,0.3342072400823352,zscore,iqr,iqr
2025-01-03 17:24:00,504.0,25.636125944499327,25.636125944499327,25.636125944499327,25.636125944499327,0,0,0,0.4662083263905881,zscore,iqr,iqr
2025-01-03 17:25:00,505.0,26.65579602334665,25.11030972685222,26.65579602334665,26.65579602334665,1,0,0,0.8412786624616957,zscore,iqr,iqr
2025-01-03 17:26:00,506.0,25.23544958030726,25.23544958030726,25.23544958030726,25.23544958030726,0,0,0,0.254580568660119,zscore,iqr,iqr
2025-01-03 17:27:00,507.0,24.6946218245755,24.6946218245755,24.6946218245755,24.6946218245755,0,0,0,0.052118002204903716,zscore,iqr,iqr
2025-01-03 17:28:00,508.0,24.9846554126848,24.9846554126848,24.9846554126848,24.9846554126848,0,0,0,0.1932835573732181,zscore,iqr,iqr
2025-01-03 17:29:00,509.0,23.93855445706653,23.93855445706653,23.93855445706653,23.93855445706653,0,0,0,0.24624640728555994,zscore,iqr,iqr
2025-01-03 17:30:00,510.0,24.583172121346564,24.583172121346564,24.583172121346564,24.583172121346564,0,0,0,0.867138178369675,zscore,iqr,iqr
2025-01-03 17:31:00,511.0,24.754430537132137,24.754430537132137,24.754430537132137,24.754430537132137,0,0,0,0.46672565960347223,zscore,iqr,iqr
2025-01-03 17:32:00,512.0,24.685546961239243,24.685546961239243,24.685546961239243,24.685546961239243,0,0,0,0.6155287356992318,zscore,iqr,iqr
2025-01-03 17:33:00,513.0,25.091412923220236,25.091412923220236,25.091412923220236,25.091412923220236,0,0,0,0.2584073273524967,zscore,iqr,iqr
2025-01-03 17:34:00,514.0,24.50654804057068,24.50654804057068,24.50654804057068,24.50654804057068,0,0,0,0.043424963373834335,zscore,iqr,iqr
2025-01-03 17:35:00,515.0,25.672618400394683,25.672618400394683,25.672618400394683,25.672618400394683,0,0,0,0.6559611971853176,zscore,iqr,iqr
2025-01-03 17:36:00,516.0,25.00012423895092,25.00012423895092,25.00012423895092,25.00012423895092,0,0,0,0.3357048064042907,zscore,iqr,iqr
2025-01-03 17:37:00,517.0,24.99441980731683,24.99441980731683,24.99441980731683,24.99441980731683,0,0,0,0.40663279466575286,zscore,iqr,iqr
2025-01-03 17:38:00,518.0,24.80326317009225,24.80326317009225,24.80326317009225,24.80326317009225,0,0,0,0.31939644605599177,zscore,iqr,iqr
2025-01-03 17:39:00,519.0,25.093114410315387,25.093114410315387,25.093114410315387,25.093114410315387,0,0,0,0.4331821258677917,zscore,iqr,iqr
2025-01-03 17:40:00,520.0,25.49505895880058,25.49505895880058,25.49505895880058,25.49505895880058,0,0,0,0.2680460112066929,zscore,iqr,iqr
2025-01-03 17:41:00,521.0,24.47972187057346,24.47972187057346,24.47972187057346,24.47972187057346,0,0,0,0.05295325739096759,zscore,iqr,iqr
2025-01-03 17:42:00,522.0,24.60513010655485,24.60513010655485,24.60513010655485,24.60513010655485,0,0,0,0.17470828087464468,zscore,iqr,iqr
2025-01-03 17:43:00,523.0,17.13925485150676,24.80326317009225,24.80326317009225,17.13925485150676,1,1,0,1.6830488204883458,zscore,iqr,iqr
2025-01-03 17:44:00,524.0,24.192477445916072,24.192477445916072,24.192477445916072,24.192477445916072,0,0,0,0.06827534454260266,zscore,iqr,iqr
2025-01-03 17:45:00,525.0,24.508445284167102,24.508445284167102,24.508445284167102,24.508445284167102,0,0,0,0.1450074433999531,zscore,iqr,iqr
2025-01-03 17:46:00,526.0,24.714267475873203,24.714267475873203,24.714267475873203,24.714267475873203,0,0,0,0.2223859383665519,zscore,iqr,iqr
2025-01-03 17:47:00,527.0,15.8187783166029,24.65034480543305,24.65034480543305,15.8187783166029,1,1,0,1.8071840935041006,zscore,iqr,iqr
2025-01-03 17:48:00,528.0,25.157536797401157,25.157536797401157,25.157536797401157,25.157536797401157,0,0,0,0.39054835867372373,zscore,iqr,iqr
2025-01-03 17:49:00,529.0,25.11615394682053,25.11615394682053,25.11615394682053,25.11615394682053,0,0,0,0.3711393995583431,zscore,iqr,iqr
2025-01-03 17:50:00,530.0,35.42556145057359,24.65034480543305,24.65034480543305,35.42556145057359,1,1,0,2.7793573531187326,zscore,iqr,iqr
2025-01-03 17:51:00,531.0,18.715719573022213,24.65034480543305,24.65034480543305,18.715719573022213,1,1,0,1.1353698031002188,zscore,iqr,iqr
2025-01-03 17:52:00,532.0,16.733489645420946,24.714267475873203,24.714267475873203,16.733489645420946,1,1,0,1.602556727665882,zscore,iqr,iqr
2025-01-03 17:53:00,533.0,24.938066948240504,24.938066948240504,24.938066948240504,24.938066948240504,0,0,0,0.30683384835592453,zscore,iqr,iqr
2025-01-03 17:54:00,534.0,25.159217409639776,25.159217409639776,25.159217409639776,25.159217409639776,0,0,0,0.29225237999939296,zscore,iqr,iqr
2025-01-03 17:55:00,535.0,24.65034480543305,24.65034480543305,24.65034480543305,24.65034480543305,0,0,0,0.15888138270924357,zscore,iqr,iqr
2025-01-03 17:56:00,536.0,23.53670970503414,23.53670970503414,23.53670970503414,23.53670970503414,0,0,0,0.12633589261923317,zscore,iqr,iqr
2025-01-03 17:57:00,537.0,17.3478520671155,25.11615394682053,25.11615394682053,17.3478520671155,1,1,0,1.6594633395411686,zscore,iqr,iqr
2025-01-03 17:58:00,538.0,25.853648881659964,25.853648881659964,25.853648881659964,25.853648881659964,0,0,0,0.4318803711461067,zscore,iqr,iqr
2025-01-03 17:59:00,539.0,25.55572924134496,25.55572924134496,25.55572924134496,25.55572924134496,0,0,0,0.3639046060943081,zscore,iqr,iqr
2025-01-03 18:00:00,540.0,25.5792384907547,25.5792384907547,25.5792384907547,25.5792384907547,0,0,0,0.37118301534788956,zscore,iqr,iqr
2025-01-03 18:01:00,541.0,25.74167843308373,25.74167843308373,25.74167843308373,25.74167843308373,0,0,0,0.6737158768996169,zscore,iqr,iqr
2025-01-03 18:02:00,542.0,25.053194554576866,25.053194554576866,25.053194554576866,25.053194554576866,0,0,0,0.40082180261975614,zscore,iqr,iqr
2025-01-03 18:03:00,543.0,25.11838942444336,25.11838942444336,25.11838942444336,25.11838942444336,0,0,0,0.3691575960410965,zscore,iqr,iqr
2025-01-03 18:04:00,544.0,24.62940886273939,24.62940886273939,24.62940886273939,24.62940886273939,0,0,0,0.18185000555394495,zscore,iqr,iqr
2025-01-03 18:05:00,545.0,24.81035628638377,24.81035628638377,24.81035628638377,24.81035628638377,0,0,0,0.27095579549593174,zscore,iqr,iqr
2025-01-03 18:06:00,546.0,25.369462689862686,25.369462689862686,25.369462689862686,25.369462689862686,0,0,0,0.4913107894487777,zscore,iqr,iqr
2025-01-03 18:07:00,547.0,25.72233066230129,25.72233066230129,25.72233066230129,25.72233066230129,0,0,0,0.604650977245233,zscore,iqr,iqr
2025-01-03 18:08:00,548.0,15.888466523588365,24.91133180870952,24.91133180870952,24.91133180870952,1,1,1,4.299793005051186,zscore,iqr,iqr
2025-01-03 18:09:00,549.0,24.729886441089157,24.729886441089157,24.729886441089157,24.729886441089157,0,0,0,0.09149533914927642,zscore,iqr,iqr
2025-01-03 18:10:00,550.0,25.00031677531396,25.00031677531396,25.00031677531396,25.00031677531396,0,0,0,0.2351271019472661,zscore,iqr,iqr
2025-01-03 18:11:00,551.0,25.36072404935747,25.36072404935747,25.36072404935747,25.36072404935747,0,0,0,0.42593871535723826,zscore,iqr,iqr
2025-01-03 18:12:00,552.0,24.13368711031988,24.13368711031988,24.13368711031988,24.13368711031988,0,0,0,0.180120163469566,zscore,iqr,iqr
2025-01-03 18:13:00,553.0,23.622291428117656,23.622291428117656,24.81035628638377,23.622291428117656,0,1,0,0.4203677442216052,zscore,iqr,iqr
2025-01-03 18:14:00,554.0,24.66967789030505,24.66967789030505,24.66967789030505,24.66967789030505,0,0,0,0.09453698423133024,zscore,iqr,iqr
2025-01-03 18:15:00,555.0,24.267572544451504,24.267572544451504,24.267572544451504,24.267572544451504,0,0,0,0.11450674182415975,zscore,iqr,iqr
2025-01-03 18:16:00,556.0,24.695115881411613,24.695115881411613,24.695115881411613,24.695115881411613,0,0,0,0.08494749227204673,zscore,iqr,iqr
2025-01-03 18:17:00,557.0,24.91133180870952,24.91133180870952,24.91133180870952,24.91133180870952,0,0,0,0.21764634290844093,zscore,iqr,iqr
2025-01-03 18:18:00,558.0,24.72805095458619,24.72805095458619,24.72805095458619,24.72805095458619,0,0,0,0.1668719821357639,zscore,iqr,iqr
2025-01-03 18:19:00,559.0,25.871480520682447,25.871480520682447,25.871480520682447,25.871480520682447,0,0,0,1.7941445732585626,zscore,iqr,iqr
2025-01-03 18:20:00,560.0,25.19604685876139,25.19604685876139,25.19604685876139,25.19604685876139,0,0,0,0.5559172598321428,zscore,iqr,iqr
2025-01-03 18:21:00,561.0,25.180284615766496,25.180284615766496,25.180284615766496,25.180284615766496,0,0,0,0.567400195547276,zscore,iqr,iqr
2025-01-03 18:22:00,562.0,25.37332428642604,25.37332428642604,25.37332428642604,25.37332428642604,0,0,0,0.9855084238949694,zscore,iqr,iqr
2025-01-03 18:23:00,563.0,24.31670012933154,24.31670012933154,24.31670012933154,24.31670012933154,0,0,0,0.9812395545698533,zscore,iqr,iqr
2025-01-03 18:24:00,564.0,25.62346707245216,25.62346707245216,25.62346707245216,25.62346707245216,0,0,0,1.3507854022508554,zscore,iqr,iqr
2025-01-03 18:25:00,565.0,24.954541428078723,24.954541428078723,24.954541428078723,24.954541428078723,0,0,0,0.041962516730592904,zscore,iqr,iqr
2025-01-03 18:26:00,566.0,25.402288370344728,25.402288370344728,25.402288370344728,25.402288370344728,0,0,0,0.7438718734568172,zscore,iqr,iqr
2025-01-03 18:27:00,567.0,24.356885660175905,24.356885660175905,24.356885660175905,24.356885660175905,0,0,0,1.185325325319303,zscore,iqr,iqr
2025-01-03 18:28:00,568.0,24.06774474039036,24.06774474039036,24.06774474039036,24.06774474039036,0,0,0,1.6882627252527476,zscore,iqr,iqr
2025-01-03 18:29:00,569.0,25.490733794815014,25.490733794815014,25.490733794815014,25.490733794815014,0,0,0,0.7927073622945524,zscore,iqr,iqr
2025-01-03 18:30:00,570.0,25.22584571565851,25.22584571565851,25.22584571565851,25.22584571565851,0,0,0,0.4438412479846294,zscore,iqr,iqr
2025-01-03 18:31:00,571.0,24.458769067385493,24.458769067385493,24.458769067385493,24.458769067385493,0,0,0,0.9661046620026568,zscore,iqr,iqr
2025-01-03 18:32:00,572.0,24.478202151235184,24.478202151235184,24.478202151235184,24.478202151235184,0,0,0,0.9189471116209766,zscore,iqr,iqr
2025-01-03 18:33:00,573.0,25.675260870648863,25.675260870648863,25.675260870648863,25.675260870648863,0,0,0,1.4063448535220744,zscore,iqr,iqr
2025-01-03 18:34:00,574.0,24.286352864279603,24.286352864279603,24.286352864279603,24.286352864279603,0,0,0,1.2976318826540316,zscore,iqr,iqr
2025-01-03 18:35:00,575.0,25.985603771953578,25.985603771953578,25.985603771953578,25.985603771953578,0,0,0,0.4797932143485413,zscore,iqr,iqr
2025-01-03 18:36:00,576.0,24.45962755921128,24.45962755921128,24.45962755921128,24.45962755921128,0,0,0,0.5260307324520606,zscore,iqr,iqr
2025-01-03 18:37:00,577.0,25.38303515536503,25.38303515536503,25.38303515536503,25.38303515536503,0,0,0,0.11482276548820361,zscore,iqr,iqr
2025-01-03 18:38:00,578.0,24.80282891455061,24.80282891455061,24.80282891455061,24.80282891455061,0,0,0,0.23265442505622466,zscore,iqr,iqr
2025-01-03 18:39:00,579.0,25.361912458649407,25.361912458649407,25.361912458649407,25.361912458649407,0,0,0,0.10218151688129935,zscore,iqr,iqr
2025-01-03 18:40:00,580.0,24.673531598731483,24.673531598731483,24.673531598731483,24.673531598731483,0,0,0,0.368858939300023,zscore,iqr,iqr
2025-01-03 18:41:00,581.0,24.902324256356625,24.902324256356625,24.902324256356625,24.902324256356625,0,0,0,0.22982630852646674,zscore,iqr,iqr
2025-01-03 18:42:00,582.0,25.024551505237437,25.024551505237437,25.024551505237437,25.024551505237437,0,0,0,0.1687464806546328,zscore,iqr,iqr
2025-01-03 18:43:00,583.0,24.39868752653112,24.39868752653112,24.39868752653112,24.39868752653112,0,0,0,0.5851483786799485,zscore,iqr,iqr
2025-01-03 18:44:00,584.0,25.444494607252075,25.444494607252075,25.444494607252075,25.444494607252075,0,0,0,0.11108368909515492,zscore,iqr,iqr
2025-01-03 18:45:00,585.0,31.627323192489307,24.988443772159364,24.988443772159364,24.988443772159364,1,1,1,4.119315655385175,zscore,iqr,iqr
2025-01-03 18:46:00,586.0,24.862840050795988,24.862840050795988,24.862840050795988,24.862840050795988,0,0,0,0.24628465652477366,zscore,iqr,iqr
2025-01-03 18:47:00,587.0,24.40339037523489,24.40339037523489,24.40339037523489,24.40339037523489,0,0,0,0.5853653562036162,zscore,iqr,iqr
2025-01-03 18:48:00,588.0,23.462599804722814,23.462599804722814,24.988443772159364,23.462599804722814,0,1,0,1.2014217873549822,zscore,iqr,iqr
2025-01-03 18:49:00,589.0,24.885383342439894,24.885383342439894,24.885383342439894,24.885383342439894,0,0,0,0.2921144764348022,zscore,iqr,iqr
2025-01-03 18:50:00,590.0,26.44756925296775,26.44756925296775,25.013479535687228,26.44756925296775,0,1,0,0.7342274942626896,zscore,iqr,iqr
2025-01-03 18:51:00,591.0,25.470762572738813,25.470762572738813,25.470762572738813,25.470762572738813,0,0,0,0.08414447712064697,zscore,iqr,iqr
2025-01-03 18:52:00,592.0,24.988443772159364,24.988443772159364,24.988443772159364,24.988443772159364,0,0,0,0.24907053475725932,zscore,iqr,iqr
2025-01-03 18:53:00,593.0,24.84226550247504,24.84226550247504,24.84226550247504,24.84226550247504,0,0,0,0.35616260092565943,zscore,iqr,iqr
2025-01-03 18:54:00,594.0,25.013479535687228,25.013479535687228,25.013479535687228,25.013479535687228,0,0,0,0.2571257892054354,zscore,iqr,iqr
2025-01-03 18:55:00,595.0,25.328271469105125,25.328271469105125,25.328271469105125,25.328271469105125,0,0,0,0.02313402075336622,zscore,iqr,iqr
2025-01-03 18:56:00,596.0,24.29151231081469,24.29151231081469,24.29151231081469,24.29151231081469,0,0,0,1.3155716777452082,zscore,iqr,iqr
2025-01-03 18:57:00,597.0,25.668593016801324,25.668593016801324,25.668593016801324,25.668593016801324,0,0,0,0.9381584495711949,zscore,iqr,iqr
2025-01-03 18:58:00,598.0,25.429228789264748,25.429228789264748,25.429228789264748,25.429228789264748,0,0,0,0.5458257000343253,zscore,iqr,iqr
2025-01-03 18:59:00,599.0,25.43091143542476,25.43091143542476,25.43091143542476,25.43091143542476,0,0,0,0.5631496024692315,zscore,iqr,iqr
2025-01-03 19:00:00,600.0,25.263085443285835,25.263085443285835,25.263085443285835,25.263085443285835,0,0,0,0.23585261214223022,zscore,iqr,iqr
2025-01-03 19:01:00,601.0,25.011769994616397,25.011769994616397,25.011769994616397,25.011769994616397,0,0,0,0.1251048968103522,zscore,iqr,iqr
2025-01-03 19:02:00,602.0,25.40371674158009,25.40371674158009,25.40371674158009,25.40371674158009,0,0,0,0.7948694606226117,zscore,iqr,iqr
2025-01-03 19:03:00,603.0,25.355088480244827,25.355088480244827,25.355088480244827,25.355088480244827,0,0,0,0.6680327134456193,zscore,iqr,iqr
2025-01-03 19:04:00,604.0,24.787575573435387,24.787575573435387,24.787575573435387,24.787575573435387,0,0,0,0.6133296032306017,zscore,iqr,iqr
2025-01-03 19:05:00,605.0,24.65583893626186,24.65583893626186,24.65583893626186,24.65583893626186,0,0,0,0.9333954601699997,zscore,iqr,iqr
2025-01-03 19:06:00,606.0,25.061113777157196,25.061113777157196,25.061113777157196,25.061113777157196,0,0,0,0.0399466078107528,zscore,iqr,iqr
2025-01-03 19:07:00,607.0,25.929412090897117,25.929412090897117,25.929412090897117,25.929412090897117,0,0,0,1.7162080315560118,zscore,iqr,iqr
2025-01-03 19:08:00,608.0,24.25653575460766,24.25653575460766,24.25653575460766,24.25653575460766,0,0,0,1.5375173096804893,zscore,iqr,iqr
2025-01-03 19:09:00,609.0,24.119484840548537,24.119484840548537,24.119484840548537,24.119484840548537,0,0,0,1.569538677902701,zscore,iqr,iqr
2025-01-03 19:10:00,610.0,25.09885650474191,25.09885650474191,25.09885650474191,25.09885650474191,0,0,0,0.3412771163862262,zscore,iqr,iqr
2025-01-03 19:11:00,611.0,25.03053262111361,25.03053262111361,25.03053262111361,25.03053262111361,0,0,0,0.13018158989133932,zscore,iqr,iqr
2025-01-03 19:12:00,612.0,25.104004998622244,25.104004998622244,25.104004998622244,25.104004998622244,0,0,0,0.2609666086907141,zscore,iqr,iqr
2025-01-03 19:13:00,613.0,25.1463719187451,25.1463719187451,25.1463719187451,25.1463719187451,0,0,0,0.36361014267624786,zscore,iqr,iqr
2025-01-03 19:14:00,614.0,24.86607864721912,24.86607864721912,24.86607864721912,24.86607864721912,0,0,0,0.045707341569372464,zscore,iqr,iqr
2025-01-03 19:15:00,615.0,25.893918063161248,25.893918063161248,25.893918063161248,25.893918063161248,0,0,0,1.7776983933194361,zscore,iqr,iqr
2025-01-03 19:16:00,616.0,24.03945761291409,24.938047143910573,24.03945761291409,24.03945761291409,1,0,0,1.5025206461679217,zscore,iqr,iqr
2025-01-03 19:17:00,617.0,24.50290178513185,24.50290178513185,24.50290178513185,24.50290178513185,0,0,0,0.6640186786113806,zscore,iqr,iqr
2025-01-03 19:18:00,618.0,24.938047143910573,24.938047143910573,24.938047143910573,24.938047143910573,0,0,0,0.12247959510383945,zscore,iqr,iqr
2025-01-03 19:19:00,619.0,24.0140867133075,24.938047143910573,24.0140867133075,24.0140867133075,1,0,0,1.673889870880732,zscore,iqr,iqr
2025-01-03 19:20:00,620.0,24.89448735734076,24.89448735734076,24.89448735734076,24.89448735734076,0,0,0,0.07088317325896813,zscore,iqr,iqr
2025-01-03 19:21:00,621.0,25.99688209943681,24.938047143910573,24.938047143910573,25.99688209943681,1,1,0,2.005532386728872,zscore,iqr,iqr
2025-01-03 19:22:00,622.0,25.012531892977577,25.012531892977577,25.012531892977577,25.012531892977577,0,0,0,0.12225950507693058,zscore,iqr,iqr
2025-01-03 19:23:00,623.0,25.13842054343121,25.13842054343121,25.13842054343121,25.13842054343121,0,0,0,0.29383938646545077,zscore,iqr,iqr
2025-01-03 19:24:00,624.0,24.24390114089645,24.24390114089645,24.24390114089645,24.24390114089645,0,0,0,1.2949930590492884,zscore,iqr,iqr
2025-01-03 19:25:00,625.0,24.630183155176315,24.630183155176315,24.630183155176315,24.630183155176315,0,0,0,0.5923884368564059,zscore,iqr,iqr
2025-01-03 19:26:00,626.0,24.77488217180564,24.77488217180564,24.77488217180564,24.77488217180564,0,0,0,0.257764756933133,zscore,iqr,iqr
2025-01-03 19:27:00,627.0,24.80937094194626,24.80937094194626,24.80937094194626,24.80937094194626,0,0,0,0.22036589627015116,zscore,iqr,iqr
2025-01-03 19:28:00,628.0,25.768986277002263,25.768986277002263,25.768986277002263,25.768986277002263,0,0,0,1.461906073648566,zscore,iqr,iqr
2025-01-03 19:29:00,629.0,25.334614636435077,25.334614636435077,25.334614636435077,25.334614636435077,0,0,0,0.6511276896268919,zscore,iqr,iqr
2025-01-03 19:30:00,630.0,24.33312522583778,24.33312522583778,24.33312522583778,24.33312522583778,0,0,0,1.3239174466377954,zscore,iqr,iqr
2025-01-03 19:31:00,631.0,25.1479028670592,25.1479028670592,25.1479028670592,25.1479028670592,0,0,0,0.19102334270016502,zscore,iqr,iqr
2025-01-03 19:32:00,632.0,25.29893304909807,25.29893304909807,25.29893304909807,25.29893304909807,0,0,0,0.6286445235924817,zscore,iqr,iqr
2025-01-03 19:33:00,633.0,25.68408942311276,25.68408942311276,25.68408942311276,25.68408942311276,0,0,0,1.401026054258846,zscore,iqr,iqr
2025-01-03 19:34:00,634.0,25.948324411941023,25.948324411941023,25.948324411941023,25.948324411941023,0,0,0,1.9596737598581828,zscore,iqr,iqr
2025-01-03 19:35:00,635.0,24.39094348490328,24.39094348490328,24.39094348490328,24.39094348490328,0,0,0,1.2202549871645636,zscore,iqr,iqr
2025-01-03 19:36:00,636.0,24.5134854932738,24.5134854932738,24.5134854932738,24.5134854932738,0,0,0,0.8864324980870155,zscore,iqr,iqr
2025-01-03 19:37:00,637.0,24.24545328465123,24.24545328465123,24.24545328465123,24.24545328465123,0,0,0,1.38035997710328,zscore,iqr,iqr
2025-01-03 19:38:00,638.0,24.85958808453581,24.85958808453581,24.85958808453581,24.85958808453581,0,0,0,0.4030735849413495,zscore,iqr,iqr
2025-01-03 19:39:00,639.0,25.2798150246678,25.2798150246678,25.2798150246678,25.2798150246678,0,0,0,0.3335966979334828,zscore,iqr,iqr
2025-01-03 19:40:00,640.0,25.592400709953463,25.592400709953463,25.592400709953463,25.592400709953463,0,0,0,0.8828955438843918,zscore,iqr,iqr
2025-01-03 19:41:00,641.0,24.954429385814485,24.954429385814485,24.954429385814485,24.954429385814485,0,0,0,0.2063745590574893,zscore,iqr,iqr
2025-01-03 19:42:00,642.0,24.808091486047093,24.808091486047093,24.808091486047093,24.808091486047093,0,0,0,0.43269035956644963,zscore,iqr,iqr
2025-01-03 19:43:00,643.0,25.091054795349244,25.091054795349244,25.091054795349244,25.091054795349244,0,0,0,0.003141142384861156,zscore,iqr,iqr
2025-01-03 19:44:00,644.0,24.498914259021987,24.498914259021987,24.498914259021987,24.498914259021987,0,0,0,0.742127658236764,zscore,iqr,iqr
2025-01-03 19:45:00,645.0,26.253723233016864,26.253723233016864,24.885976578999102,26.253723233016864,0,1,0,1.0693746596118083,zscore,iqr,iqr
2025-01-03 19:46:00,646.0,24.035403383729165,24.035403383729165,24.035403383729165,24.035403383729165,0,0,0,0.44380118635807025,zscore,iqr,iqr
2025-01-03 19:47:00,647.0,25.110844347337437,25.110844347337437,25.110844347337437,25.110844347337437,0,0,0,0.042216255527322534,zscore,iqr,iqr
2025-01-03 19:48:00,648.0,26.214163731537784,24.891764990942555,24.891764990942555,26.214163731537784,1,1,0,0.5392350065603513,zscore,iqr,iqr
2025-01-03 19:49:00,649.0,25.004079906736,25.004079906736,25.004079906736,25.004079906736,0,0,0,0.02850997239512842,zscore,iqr,iqr
2025-01-03 19:50:00,650.0,24.885976578999102,24.885976578999102,24.885976578999102,24.885976578999102,0,0,0,0.05545194278536753,zscore,iqr,iqr
2025-01-03 19:51:00,651.0,24.785532746313745,24.785532746313745,24.785532746313745,24.785532746313745,0,0,0,0.09471126123711229,zscore,iqr,iqr
2025-01-03 19:52:00,652.0,24.891764990942555,24.891764990942555,24.891764990942555,24.891764990942555,0,0,0,0.07299580396874478,zscore,iqr,iqr
2025-01-03 19:53:00,653.0,25.82370908480592,25.82370908480592,25.82370908480592,25.82370908480592,0,0,0,0.3637580988884812,zscore,iqr,iqr
2025-01-03 19:54:00,654.0,23.672882853202296,23.672882853202296,23.672882853202296,23.672882853202296,0,0,0,0.612917476407524,zscore,iqr,iqr
2025-01-03 19:55:00,655.0,18.503450545087983,24.891764990942555,24.891764990942555,18.503450545087983,1,1,0,2.962803165393127,zscore,iqr,iqr
2025-01-03 19:56:00,656.0,32.045032187532726,24.891764990942555,24.891764990942555,24.891764990942555,1,1,1,3.231604680047193,zscore,iqr,iqr
2025-01-03 19:57:00,657.0,24.840008602459356,24.840008602459356,24.840008602459356,24.840008602459356,0,0,0,0.08604811611180475,zscore,iqr,iqr
2025-01-03 19:58:00,658.0,24.742453347820803,24.742453347820803,24.742453347820803,24.742453347820803,0,0,0,0.11994456245197958,zscore,iqr,iqr
2025-01-03 19:59:00,659.0,25.35313196186243,25.35313196186243,25.35313196186243,25.35313196186243,0,0,0,0.18197229285810934,zscore,iqr,iqr
2025-01-03 20:00:00,660.0,24.04112538886975,24.04112538886975,24.04112538886975,24.04112538886975,0,0,0,0.4459629547727003,zscore,iqr,iqr
2025-01-03 20:01:00,661.0,25.27730359964917,25.27730359964917,25.27730359964917,25.27730359964917,0,0,0,0.12240172508951214,zscore,iqr,iqr
2025-01-03 20:02:00,662.0,26.21458577397211,26.21458577397211,26.21458577397211,26.21458577397211,0,0,0,0.538893896200459,zscore,iqr,iqr
2025-01-03 20:03:00,663.0,24.182095597244317,24.182095597244317,24.182095597244317,24.182095597244317,0,0,0,0.3792757644120539,zscore,iqr,iqr
2025-01-03 20:04:00,664.0,25.11382370056624,25.11382370056624,25.11382370056624,25.11382370056624,0,0,0,0.07818101070896642,zscore,iqr,iqr
2025-01-03 20:05:00,665.0,24.602810693322034,24.602810693322034,24.602810693322034,24.602810693322034,0,0,0,0.1931749409294459,zscore,iqr,iqr
2025-01-03 20:06:00,666.0,25.255532323715823,25.255532323715823,25.255532323715823,25.255532323715823,0,0,0,0.07278942970649242,zscore,iqr,iqr
2025-01-03 20:07:00,667.0,25.01148866644945,25.01148866644945,25.01148866644945,25.01148866644945,0,0,0,0.22780936142755165,zscore,iqr,iqr
2025-01-03 20:08:00,668.0,24.615107854573413,24.615107854573413,24.615107854573413,24.615107854573413,0,0,0,0.41525654695823405,zscore,iqr,iqr
2025-01-03 20:09:00,669.0,25.292723370922644,25.292723370922644,25.292723370922644,25.292723370922644,0,0,0,0.0996442362177717,zscore,iqr,iqr
2025-01-03 20:10:00,670.0,26.082608865872047,26.082608865872047,26.082608865872047,26.082608865872047,0,0,0,0.29847973183199344,zscore,iqr,iqr
2025-01-03 20:11:00,671.0,24.885457724963626,24.885457724963626,24.885457724963626,24.885457724963626,0,0,0,0.29912685256113725,zscore,iqr,iqr
2025-01-03 20:12:00,672.0,25.43185476528891,25.43185476528891,25.43185476528891,25.43185476528891,0,0,0,0.04429604203652039,zscore,iqr,iqr
2025-01-03 20:13:00,673.0,24.224036225277302,24.224036225277302,24.224036225277302,24.224036225277302,0,0,0,0.5865511072831466,zscore,iqr,iqr
2025-01-03 20:14:00,674.0,24.426138173909195,24.426138173909195,24.426138173909195,24.426138173909195,0,0,0,0.5053285262176754,zscore,iqr,iqr
2025-01-03 20:15:00,675.0,25.283443766728222,25.283443766728222,25.283443766728222,25.283443766728222,0,0,0,0.09510466807613546,zscore,iqr,iqr
2025-01-03 20:16:00,676.0,25.89046961712158,25.89046961712158,25.89046961712158,25.89046961712158,0,0,0,0.19330572977049523,zscore,iqr,iqr
2025-01-03 20:17:00,677.0,34.55315683204901,24.999574843254013,24.999574843254013,24.999574843254013,1,1,1,4.3563731816841,zscore,iqr,iqr
2025-01-03 20:18:00,678.0,24.812165181686108,24.812165181686108,24.812165181686108,24.812165181686108,0,0,0,0.34547775163117866,zscore,iqr,iqr
2025-01-03 20:19:00,679.0,24.999574843254013,24.999574843254013,24.999574843254013,24.999574843254013,0,0,0,0.26165982716402947,zscore,iqr,iqr
2025-01-03 20:20:00,680.0,24.24975535961817,24.24975535961817,24.24975535961817,24.24975535961817,0,0,0,0.6082682402822908,zscore,iqr,iqr
2025-01-03 20:21:00,681.0,25.36270919581322,25.36270919581322,25.36270919581322,25.36270919581322,0,0,0,0.041934061357054214,zscore,iqr,iqr
2025-01-03 20:22:00,682.0,25.529399837394045,25.529399837394045,25.529399837394045,25.529399837394045,0,0,0,0.02496056697739535,zscore,iqr,iqr
2025-01-03 20:23:00,683.0,24.728745800300157,24.728745800300157,24.728745800300157,24.728745800300157,0,0,0,0.34518375204018115,zscore,iqr,iqr
2025-01-03 20:24:00,684.0,24.7179747113443,24.7179747113443,24.7179747113443,24.7179747113443,0,0,0,0.3606975200589774,zscore,iqr,iqr
2025-01-03 20:25:00,685.0,25.159526937791227,25.159526937791227,25.159526937791227,25.159526937791227,0,0,0,0.18116932858756332,zscore,iqr,iqr
2025-01-03 20:26:00,686.0,24.737968158375644,24.737968158375644,24.737968158375644,24.737968158375644,0,0,0,0.4494427575495988,zscore,iqr,iqr
2025-01-03 20:27:00,687.0,24.960320431224503,24.960320431224503,24.960320431224503,24.960320431224503,0,0,0,0.33379919131999,zscore,iqr,iqr
2025-01-03 20:28:00,688.0,26.25983307349991,24.8517845795524,26.25983307349991,26.25983307349991,1,0,0,0.6229943166629054,zscore,iqr,iqr
2025-01-03 20:29:00,689.0,24.8517845795524,24.8517845795524,24.8517845795524,24.8517845795524,0,0,0,0.2996057662922873,zscore,iqr,iqr
2025-01-03 20:30:00,690.0,24.784995908787263,24.784995908787263,24.784995908787263,24.784995908787263,0,0,0,0.32843554671344166,zscore,iqr,iqr
2025-01-03 20:31:00,691.0,24.611474916618903,24.611474916618903,24.611474916618903,24.611474916618903,0,0,0,0.48126488700757747,zscore,iqr,iqr
2025-01-03 20:32:00,692.0,25.44651518289996,25.44651518289996,25.44651518289996,25.44651518289996,0,0,0,0.10100071423849681,zscore,iqr,iqr
2025-01-03 20:33:00,693.0,24.89126549606914,24.89126549606914,24.89126549606914,24.89126549606914,0,0,0,0.24865523122794825,zscore,iqr,iqr
2025-01-03 20:34:00,694.0,24.610376177007144,24.610376177007144,24.610376177007144,24.610376177007144,0,0,0,0.4090809370858771,zscore,iqr,iqr
2025-01-03 20:35:00,695.0,25.792782419363807,25.792782419363807,25.792782419363807,25.792782419363807,0,0,0,0.30960591024502965,zscore,iqr,iqr
2025-01-03 20:36:00,696.0,31.91813172523857,24.89126549606914,24.89126549606914,24.89126549606914,1,1,1,4.151968861699966,zscore,iqr,iqr
2025-01-03 20:37:00,697.0,24.639745860556776,24.639745860556776,24.639745860556776,24.639745860556776,0,0,0,0.3976733515695662,zscore,iqr,iqr
2025-01-03 20:38:00,698.0,23.88007602918363,23.88007602918363,23.88007602918363,23.88007602918363,0,0,0,0.8643094698077912,zscore,iqr,iqr
2025-01-03 20:39:00,699.0,25.604508213902157,25.604508213902157,25.604508213902157,25.604508213902157,0,0,0,0.23749749374389534,zscore,iqr,iqr
2025-01-03 20:40:00,700.0,24.589222104544,24.589222104544,24.589222104544,24.589222104544,0,0,0,0.4078063254098821,zscore,iqr,iqr
2025-01-03 20:41:00,701.0,25.47437535949766,25.47437535949766,25.47437535949766,25.47437535949766,0,0,0,0.13277926146094712,zscore,iqr,iqr
2025-01-03 20:42:00,702.0,23.8179377093729,23.8179377093729,23.8179377093729,23.8179377093729,0,0,0,0.956659594677593,zscore,iqr,iqr
2025-01-03 20:43:00,703.0,25.535558402979586,25.535558402979586,25.535558402979586,25.535558402979586,0,0,0,0.16287969892708784,zscore,iqr,iqr
2025-01-03 20:44:00,704.0,24.27329684243153,24.27329684243153,24.27329684243153,24.27329684243153,0,0,0,0.6500580067391561,zscore,iqr,iqr
2025-01-03 20:45:00,705.0,25.438458471439915,25.438458471439915,25.438458471439915,25.438458471439915,0,0,0,0.0575328186511481,zscore,iqr,iqr
2025-01-03 20:46:00,706.0,25.00856384070186,25.00856384070186,25.00856384070186,25.00856384070186,0,0,0,0.16929412391131382,zscore,iqr,iqr
2025-01-03 20:47:00,707.0,24.42763634836201,24.42763634836201,24.42763634836201,24.42763634836201,0,0,0,0.7346463583650721,zscore,iqr,iqr
2025-01-03 20:48:00,708.0,24.75577821224393,24.75577821224393,24.75577821224393,24.75577821224393,0,0,0,0.2587656425010755,zscore,iqr,iqr
2025-01-03 20:49:00,709.0,25.41179107417402,25.41179107417402,25.41179107417402,25.41179107417402,0,0,0,0.6438854682949865,zscore,iqr,iqr
2025-01-03 20:50:00,710.0,25.06353667186914,25.06353667186914,25.06353667186914,25.06353667186914,0,0,0,0.14560412207028245,zscore,iqr,iqr
2025-01-03 20:51:00,711.0,25.35064778828349,25.35064778828349,25.35064778828349,25.35064778828349,0,0,0,0.49085764458228726,zscore,iqr,iqr
2025-01-03 20:52:00,712.0,26.18586435070929,26.18586435070929,26.18586435070929,26.18586435070929,0,0,0,1.8392333721089607,zscore,iqr,iqr
2025-01-03 20:53:00,713.0,24.06145503297337,24.06145503297337,24.06145503297337,24.06145503297337,0,0,0,1.5930704837149647,zscore,iqr,iqr
2025-01-03 20:54:00,714.0,25.97032754498117,25.97032754498117,25.97032754498117,25.97032754498117,0,0,0,1.6239411124161993,zscore,iqr,iqr
2025-01-03 20:55:00,715.0,25.062613562513928,25.062613562513928,25.062613562513928,25.062613562513928,0,0,0,0.08395769815309348,zscore,iqr,iqr
2025-01-03 20:56:00,716.0,24.460729571006123,24.460729571006123,24.460729571006123,24.460729571006123,0,0,0,0.9218807153808308,zscore,iqr,iqr
2025-01-03 20:57:00,717.0,24.201811824556607,24.201811824556607,24.201811824556607,24.201811824556607,0,0,0,1.3245894245803589,zscore,iqr,iqr
2025-01-03 20:58:00,718.0,24.88652776553378,24.88652776553378,24.88652776553378,24.88652776553378,0,0,0,0.10346814706191104,zscore,iqr,iqr
2025-01-03 20:59:00,719.0,25.552990067154678,25.552990067154678,25.552990067154678,25.552990067154678,0,0,0,0.848473799864329,zscore,iqr,iqr
2025-01-03 21:00:00,720.0,24.92347052777348,24.92347052777348,24.92347052777348,24.92347052777348,0,0,0,0.06469482993159544,zscore,iqr,iqr
2025-01-03 21:01:00,721.0,25.906692958148408,25.906692958148408,25.906692958148408,25.906692958148408,0,0,0,1.3683059327936515,zscore,iqr,iqr
2025-01-03 21:02:00,722.0,24.129294585969063,24.129294585969063,24.129294585969063,24.129294585969063,0,0,0,1.2440392294201723,zscore,iqr,iqr
2025-01-03 21:03:00,723.0,24.992746631292366,24.992746631292366,24.992746631292366,24.992746631292366,0,0,0,0.13048594030429597,zscore,iqr,iqr
2025-01-03 21:04:00,724.0,24.248563933352127,24.248563933352127,24.248563933352127,24.248563933352127,0,0,0,1.1408727626183914,zscore,iqr,iqr
2025-01-03 21:05:00,725.0,25.21817912957498,25.21817912957498,25.21817912957498,25.21817912957498,0,0,0,0.4196588396715364,zscore,iqr,iqr
2025-01-03 21:06:00,726.0,25.53213243405838,25.53213243405838,25.53213243405838,25.53213243405838,0,0,0,0.9587574077054715,zscore,iqr,iqr
2025-01-03 21:07:00,727.0,24.747542923791368,24.747542923791368,24.747542923791368,24.747542923791368,0,0,0,0.2974825878237445,zscore,iqr,iqr
2025-01-03 21:08:00,728.0,23.43747168602372,23.43747168602372,25.119368888077897,23.43747168602372,0,1,0,2.4240226664899156,zscore,iqr,iqr
2025-01-03 21:09:00,729.0,25.119368888077897,25.119368888077897,25.119368888077897,25.119368888077897,0,0,0,0.24190426912370108,zscore,iqr,iqr
2025-01-03 21:10:00,730.0,25.262043131040105,25.262043131040105,25.262043131040105,25.262043131040105,0,0,0,0.5034600999869028,zscore,iqr,iqr
2025-01-03 21:11:00,731.0,25.24257685297702,25.24257685297702,25.24257685297702,25.24257685297702,0,0,0,0.4869029803138086,zscore,iqr,iqr
2025-01-03 21:12:00,732.0,25.74146931509329,25.74146931509329,25.74146931509329,25.74146931509329,0,0,0,1.475624204531698,zscore,iqr,iqr
2025-01-03 21:13:00,733.0,24.35736779221057,24.35736779221057,24.35736779221057,24.35736779221057,0,0,0,1.0032034494840647,zscore,iqr,iqr
2025-01-03 21:14:00,734.0,25.40812966327027,25.40812966327027,25.40812966327027,25.40812966327027,0,0,0,0.9034281202563088,zscore,iqr,iqr
2025-01-03 21:15:00,735.0,25.715504507486784,25.715504507486784,25.715504507486784,25.715504507486784,0,0,0,1.4431473103704,zscore,iqr,iqr
2025-01-03 21:16:00,736.0,23.93284744959609,23.93284744959609,23.93284744959609,23.93284744959609,0,0,0,1.6865214285792274,zscore,iqr,iqr
2025-01-03 21:17:00,737.0,25.191791095551388,25.191791095551388,25.191791095551388,25.191791095551388,0,0,0,0.6071838716749544,zscore,iqr,iqr
2025-01-03 21:18:00,738.0,24.6974921013954,24.6974921013954,24.6974921013954,24.6974921013954,0,0,0,0.3071727220003537,zscore,iqr,iqr
2025-01-03 21:19:00,739.0,24.95108639613901,24.95108639613901,24.95108639613901,24.95108639613901,0,0,0,0.026230404895572903,zscore,iqr,iqr
2025-01-03 21:20:00,740.0,25.208605890123003,25.208605890123003,25.208605890123003,25.208605890123003,0,0,0,0.5625570034464055,zscore,iqr,iqr
2025-01-03 21:21:00,741.0,24.70766286153187,24.70766286153187,24.70766286153187,24.70766286153187,0,0,0,0.3193702126710339,zscore,iqr,iqr
2025-01-03 21:22:00,742.0,24.594575152503037,24.594575152503037,24.594575152503037,24.594575152503037,0,0,0,0.549587303334509,zscore,iqr,iqr
2025-01-03 21:23:00,743.0,25.020491450492816,25.020491450492816,25.020491450492816,25.020491450492816,0,0,0,0.34689963823339204,zscore,iqr,iqr
2025-01-03 21:24:00,744.0,24.34765243668232,24.34765243668232,24.34765243668232,24.34765243668232,0,0,0,0.9716714227378613,zscore,iqr,iqr
2025-01-03 21:25:00,745.0,24.348504922668887,24.348504922668887,24.348504922668887,24.348504922668887,0,0,0,0.9690891633932858,zscore,iqr,iqr
2025-01-03 21:26:00,746.0,25.4076239697739,25.4076239697739,25.4076239697739,25.4076239697739,0,0,0,1.1494868360650445,zscore,iqr,iqr
2025-01-03 21:27:00,747.0,24.31072357890481,24.31072357890481,24.31072357890481,24.31072357890481,0,0,0,1.2504966349048041,zscore,iqr,iqr
2025-01-03 21:28:00,748.0,25.39978750054553,25.39978750054553,25.39978750054553,25.39978750054553,0,0,0,1.2097617500829652,zscore,iqr,iqr
2025-01-03 21:29:00,749.0,25.27755477571237,25.27755477571237,25.27755477571237,25.27755477571237,0,0,0,0.5482707691461745,zscore,iqr,iqr
2025-01-03 21:30:00,750.0,23.96451596272564,23.96451596272564,23.96451596272564,23.96451596272564,0,0,0,0.5506929415935413,zscore,iqr,iqr
2025-01-03 21:31:00,751.0,24.593461208598608,24.593461208598608,24.593461208598608,24.593461208598608,0,0,0,0.06537588324251954,zscore,iqr,iqr
2025-01-03 21:32:00,752.0,25.716465641828425,25.716465641828425,25.716465641828425,25.716465641828425,0,0,0,0.8040021681495536,zscore,iqr,iqr
2025-01-03 21:33:00,753.0,24.41130068131619,24.41130068131619,24.41130068131619,24.41130068131619,0,0,0,0.21813588766025088,zscore,iqr,iqr
2025-01-03 21:34:00,754.0,24.72135744261437,24.72135744261437,24.72135744261437,24.72135744261437,0,0,0,0.04478533145146297,zscore,iqr,iqr
2025-01-03 21:35:00,755.0,25.277236535951136,25.277236535951136,25.277236535951136,25.277236535951136,0,0,0,0.4438757794851421,zscore,iqr,iqr
2025-01-03 21:36:00,756.0,25.470034305569555,25.470034305569555,25.470034305569555,25.470034305569555,0,0,0,0.5601924932860034,zscore,iqr,iqr
2025-01-03 21:37:00,757.0,24.849076668373304,24.849076668373304,24.849076668373304,24.849076668373304,0,0,0,0.05805643429830957,zscore,iqr,iqr
2025-01-03 21:38:00,758.0,24.641493883185014,24.641493883185014,24.641493883185014,24.641493883185014,0,0,0,0.14200334378486704,zscore,iqr,iqr
2025-01-03 21:39:00,759.0,19.516911267981573,25.05119088553901,25.05119088553901,25.05119088553901,1,1,1,4.044116246064206,zscore,iqr,iqr
2025-01-03 21:40:00,760.0,26.04333979827855,26.04333979827855,26.04333979827855,26.04333979827855,0,0,0,0.9670215470285375,zscore,iqr,iqr
2025-01-03 21:41:00,761.0,25.58731483046908,25.58731483046908,25.58731483046908,25.58731483046908,0,0,0,0.6064750502179371,zscore,iqr,iqr
2025-01-03 21:42:00,762.0,25.05119088553901,25.05119088553901,25.05119088553901,25.05119088553901,0,0,0,0.1865835911833887,zscore,iqr,iqr
2025-01-03 21:43:00,763.0,24.515040567015443,24.515040567015443,24.515040567015443,24.515040567015443,0,0,0,0.2085600813740208,zscore,iqr,iqr
2025-01-03 21:44:00,764.0,24.50173335606606,24.50173335606606,24.50173335606606,24.50173335606606,0,0,0,0.2784451824473699,zscore,iqr,iqr
2025-01-03 21:45:00,765.0,25.31350846315945,25.31350846315945,25.31350846315945,25.31350846315945,0,0,0,0.24915946613904524,zscore,iqr,iqr
2025-01-03 21:46:00,766.0,25.25103893253321,25.25103893253321,25.25103893253321,25.25103893253321,0,0,0,0.2007467697351085,zscore,iqr,iqr
2025-01-03 21:47:00,767.0,25.84095915576786,25.84095915576786,25.84095915576786,25.84095915576786,0,0,0,0.6499537277738887,zscore,iqr,iqr
2025-01-03 21:48:00,768.0,25.39027005552168,25.39027005552168,25.39027005552168,25.39027005552168,0,0,0,0.3058089565082738,zscore,iqr,iqr
2025-01-03 21:49:00,769.0,24.09815181894411,24.09815181894411,24.09815181894411,24.09815181894411,0,0,0,0.6606845953336797,zscore,iqr,iqr
2025-01-03 21:50:00,770.0,25.63116857063375,25.63116857063375,25.63116857063375,25.63116857063375,0,0,0,0.5747353852920741,zscore,iqr,iqr
2025-01-03 21:51:00,771.0,24.401163623611357,24.401163623611357,24.401163623611357,24.401163623611357,0,0,0,1.3437008902854943,zscore,iqr,iqr
2025-01-03 21:52:00,772.0,24.76961723682859,24.76961723682859,24.76961723682859,24.76961723682859,0,0,0,0.7412050431892373,zscore,iqr,iqr
2025-01-03 21:53:00,773.0,25.150120123751016,25.150120123751016,25.150120123751016,25.150120123751016,0,0,0,0.16449167411900947,zscore,iqr,iqr
2025-01-03 21:54:00,774.0,26.19740049387038,26.19740049387038,26.19740049387038,26.19740049387038,0,0,0,1.4610996453864036,zscore,iqr,iqr
2025-01-03 21:55:00,775.0,26.865951133603215,25.31350846315945,25.31350846315945,26.865951133603215,1,1,0,2.597473096842286,zscore,iqr,iqr
2025-01-03 21:56:00,776.0,25.36403383548171,25.36403383548171,25.36403383548171,25.36403383548171,0,0,0,0.03738105984271447,zscore,iqr,iqr
2025-01-03 21:57:00,777.0,24.890082028767768,24.890082028767768,24.890082028767768,24.890082028767768,0,0,0,0.6918312814550981,zscore,iqr,iqr
2025-01-03 21:58:00,778.0,25.32070338908833,25.32070338908833,25.32070338908833,25.32070338908833,0,0,0,0.10495468142792319,zscore,iqr,iqr
2025-01-03 21:59:00,779.0,25.5325932555243,25.5325932555243,25.5325932555243,25.5325932555243,0,0,0,0.5078902661375531,zscore,iqr,iqr
2025-01-03 22:00:00,780.0,24.807599424665685,24.807599424665685,24.807599424665685,24.807599424665685,0,0,0,0.7663957177363555,zscore,iqr,iqr
2025-01-03 22:01:00,781.0,26.077126813547395,26.077126813547395,26.077126813547395,26.077126813547395,0,0,0,1.3978426285989256,zscore,iqr,iqr
2025-01-03 22:02:00,782.0,25.13804245551484,25.13804245551484,25.13804245551484,25.13804245551484,0,0,0,0.2828501632398795,zscore,iqr,iqr
2025-01-03 22:03:00,783.0,25.29864585345484,25.29864585345484,25.29864585345484,25.29864585345484,0,0,0,0.0989831001787504,zscore,iqr,iqr
2025-01-03 22:04:00,784.0,25.39955455123268,25.39955455123268,25.39955455123268,25.39955455123268,0,0,0,0.09242662395995307,zscore,iqr,iqr
2025-01-03 22:05:00,785.0,25.252951966368677,25.252951966368677,25.252951966368677,25.252951966368677,0,0,0,0.10520423669302956,zscore,iqr,iqr
2025-01-03 22:06:00,786.0,25.503364300281767,25.503364300281767,25.503364300281767,25.503364300281767,0,0,0,0.7017204924061136,zscore,iqr,iqr
2025-01-03 22:07:00,787.0,24.629648088071846,24.629648088071846,24.629648088071846,24.629648088071846,0,0,0,1.1683013635123323,zscore,iqr,iqr
2025-01-03 22:08:00,788.0,24.665018947632383,24.665018947632383,24.665018947632383,24.665018947632383,0,0,0,1.1484649706971886,zscore,iqr,iqr
2025-01-03 22:09:00,789.0,24.339907460216985,24.339907460216985,24.339907460216985,24.339907460216985,0,0,0,1.86688903538413,zscore,iqr,iqr
2025-01-03 22:10:00,790.0,25.263700738372137,25.263700738372137,25.263700738372137,25.263700738372137,0,0,0,0.22402237192516952,zscore,iqr,iqr
2025-01-03 22:11:00,791.0,25.467361902107267,25.467361902107267,25.467361902107267,25.467361902107267,0,0,0,0.6595539061625554,zscore,iqr,iqr
2025-01-03 22:12:00,792.0,25.27466371969113,25.27466371969113,25.27466371969113,25.27466371969113,0,0,0,0.43589592411782,zscore,iqr,iqr
2025-01-03 22:13:00,793.0,26.004695460008524,26.004695460008524,26.004695460008524,26.004695460008524,0,0,0,2.038137572908279,zscore,iqr,iqr
2025-01-03 22:14:00,794.0,24.99664238870257,24.99664238870257,24.99664238870257,24.99664238870257,0,0,0,0.15070853845537033,zscore,iqr,iqr
2025-01-03 22:15:00,795.0,25.40124499335551,25.40124499335551,25.40124499335551,25.40124499335551,0,0,0,0.7116937270131406,zscore,iqr,iqr
2025-01-03 22:16:00,796.0,24.34497947431641,24.34497947431641,24.34497947431641,24.34497947431641,0,0,0,1.5283049808131866,zscore,iqr,iqr
2025-01-03 22:17:00,797.0,24.76774017851536,24.76774017851536,24.76774017851536,24.76774017851536,0,0,0,0.5994453019738385,zscore,iqr,iqr
2025-01-03 22:18:00,798.0,25.417322654539465,25.417322654539465,25.417322654539465,25.417322654539465,0,0,0,0.7813589966391189,zscore,iqr,iqr
2025-01-03 22:19:00,799.0,25.50946126644589,25.50946126644589,25.50946126644589,25.50946126644589,0,0,0,0.9850090519218518,zscore,iqr,iqr
2025-01-03 22:20:00,800.0,24.82361983140149,24.82361983140149,24.82361983140149,24.82361983140149,0,0,0,0.665660021548756,zscore,iqr,iqr
2025-01-03 22:21:00,801.0,24.95704044888516,24.95704044888516,24.95704044888516,24.95704044888516,0,0,0,0.3560263235741001,zscore,iqr,iqr
2025-01-03 22:22:00,802.0,24.089275751991515,24.089275751991515,24.089275751991515,24.089275751991515,0,0,0,2.373507253426866,zscore,iqr,iqr
2025-01-03 22:23:00,803.0,24.785782479516037,24.785782479516037,24.785782479516037,24.785782479516037,0,0,0,0.6653470123128984,zscore,iqr,iqr
2025-01-03 22:24:00,804.0,25.53422989811187,25.53422989811187,25.53422989811187,25.53422989811187,0,0,0,1.2015649683209195,zscore,iqr,iqr
2025-01-03 22:25:00,805.0,25.34512300966394,25.34512300966394,25.34512300966394,25.34512300966394,0,0,0,0.7022811548944721,zscore,iqr,iqr
2025-01-03 22:26:00,806.0,25.300399432828726,25.300399432828726,25.300399432828726,25.300399432828726,0,0,0,0.6852510044607453,zscore,iqr,iqr
2025-01-03 22:27:00,807.0,25.029864212308578,25.029864212308578,25.029864212308578,25.029864212308578,0,0,0,0.12275376511827941,zscore,iqr,iqr
2025-01-03 22:28:00,808.0,25.004237895176907,25.004237895176907,25.004237895176907,25.004237895176907,0,0,0,0.005823587664182287,zscore,iqr,iqr
2025-01-03 22:29:00,809.0,24.603807316315933,24.603807316315933,24.603807316315933,24.603807316315933,0,0,0,0.7579669405466696,zscore,iqr,iqr
2025-01-03 22:30:00,810.0,25.41929705212152,25.41929705212152,25.41929705212152,25.41929705212152,0,0,0,0.9022677732761513,zscore,iqr,iqr
2025-01-03 22:31:00,811.0,25.252583766633634,25.252583766633634,25.252583766633634,25.252583766633634,0,0,0,0.5038562178983101,zscore,iqr,iqr
2025-01-03 22:32:00,812.0,25.29521130879568,25.29521130879568,25.29521130879568,25.29521130879568,0,0,0,0.5382784556260592,zscore,iqr,iqr
2025-01-03 22:33:00,813.0,24.684379094399453,24.684379094399453,24.684379094399453,24.684379094399453,0,0,0,0.6930250254720133,zscore,iqr,iqr
2025-01-03 22:34:00,814.0,23.70799424807725,23.70799424807725,23.70799424807725,23.70799424807725,0,0,0,2.653365128183789,zscore,iqr,iqr
2025-01-03 22:35:00,815.0,25.65829162705222,25.65829162705222,25.65829162705222,25.65829162705222,0,0,0,1.195426501858405,zscore,iqr,iqr
2025-01-03 22:36:00,816.0,24.71269752639496,24.71269752639496,24.71269752639496,24.71269752639496,0,0,0,0.6265376636549713,zscore,iqr,iqr
2025-01-03 22:37:00,817.0,24.48233454157413,24.48233454157413,24.48233454157413,24.48233454157413,0,0,0,1.0711715525594518,zscore,iqr,iqr
2025-01-03 22:38:00,818.0,25.416087347148395,25.416087347148395,25.416087347148395,25.416087347148395,0,0,0,0.8178070272088016,zscore,iqr,iqr
2025-01-03 22:39:00,819.0,24.76479241604852,24.76479241604852,24.76479241604852,24.76479241604852,0,0,0,0.383598762921612,zscore,iqr,iqr
2025-01-03 22:40:00,820.0,25.635961830427973,25.635961830427973,25.635961830427973,25.635961830427973,0,0,0,1.189020765163788,zscore,iqr,iqr
2025-01-03 22:41:00,821.0,25.370203569746018,25.370203569746018,25.370203569746018,25.370203569746018,0,0,0,0.8014461189547843,zscore,iqr,iqr
2025-01-03 22:42:00,822.0,25.410141593920287,25.410141593920287,25.410141593920287,25.410141593920287,0,0,0,0.9346688307745583,zscore,iqr,iqr
2025-01-03 22:43:00,823.0,24.18042657327968,24.18042657327968,24.18042657327968,24.18042657327968,0,0,0,1.122258199672745,zscore,iqr,iqr
2025-01-03 22:44:00,824.0,25.72716639123184,25.72716639123184,25.72716639123184,25.72716639123184,0,0,0,0.7743176407361438,zscore,iqr,iqr
2025-01-03 22:45:00,825.0,25.156750318740315,25.156750318740315,25.156750318740315,25.156750318740315,0,0,0,0.3165616471468768,zscore,iqr,iqr
2025-01-03 22:46:00,826.0,24.77843371645228,24.77843371645228,24.77843371645228,24.77843371645228,0,0,0,0.09622253653438269,zscore,iqr,iqr
2025-01-03 22:47:00,827.0,25.08603308040535,25.08603308040535,25.08603308040535,25.08603308040535,0,0,0,0.32598943479359604,zscore,iqr,iqr
2025-01-03 22:48:00,828.0,23.934258860261007,23.934258860261007,23.934258860261007,23.934258860261007,0,0,0,0.4424910827516355,zscore,iqr,iqr
2025-01-03 22:49:00,829.0,25.245191686888404,25.245191686888404,25.245191686888404,25.245191686888404,0,0,0,0.4242030912361435,zscore,iqr,iqr
2025-01-03 22:50:00,830.0,24.38237709509076,24.38237709509076,24.38237709509076,24.38237709509076,0,0,0,0.15545329662109098,zscore,iqr,iqr
2025-01-03 22:51:00,831.0,24.18839782849388,24.18839782849388,24.18839782849388,24.18839782849388,0,0,0,0.2570403005102003,zscore,iqr,iqr
2025-01-03 22:52:00,832.0,24.086584488269267,24.086584488269267,24.086584488269267,24.086584488269267,0,0,0,0.3181322056180077,zscore,iqr,iqr
2025-01-03 22:53:00,833.0,25.667613024993955,25.667613024993955,25.667613024993955,25.667613024993955,0,0,0,0.7567584445039339,zscore,iqr,iqr
2025-01-03 22:54:00,834.0,18.52761094920625,24.906461093238,24.906461093238,24.906461093238,1,1,1,4.08757029271939,zscore,iqr,iqr
2025-01-03 22:55:00,835.0,25.9202366259499,25.9202366259499,25.9202366259499,25.9202366259499,0,0,0,0.8627769260980226,zscore,iqr,iqr
2025-01-03 22:56:00,836.0,24.67851912216862,24.67851912216862,24.67851912216862,24.67851912216862,0,0,0,0.04493936680651033,zscore,iqr,iqr
2025-01-03 22:57:00,837.0,23.97558522544423,23.97558522544423,23.97558522544423,23.97558522544423,0,0,0,0.4072780043604394,zscore,iqr,iqr
2025-01-03 22:58:00,838.0,24.330085336030805,24.330085336030805,24.330085336030805,24.330085336030805,0,0,0,0.159763475732948,zscore,iqr,iqr
2025-01-03 22:59:00,839.0,25.741486972004164,25.741486972004164,25.741486972004164,25.741486972004164,0,0,0,0.7491497681683547,zscore,iqr,iqr
2025-01-03 23:00:00,840.0,24.906461093238,24.906461093238,24.906461093238,24.906461093238,0,0,0,0.2153631637281927,zscore,iqr,iqr
2025-01-03 23:01:00,841.0,24.67102762210564,24.67102762210564,24.67102762210564,24.67102762210564,0,0,0,0.0551710001734219,zscore,iqr,iqr
2025-01-03 23:02:00,842.0,25.09601093551167,25.09601093551167,25.09601093551167,25.09601093551167,0,0,0,0.30861853367251685,zscore,iqr,iqr
2025-01-03 23:03:00,843.0,25.30106964170053,25.30106964170053,25.30106964170053,25.30106964170053,0,0,0,0.4193962672901793,zscore,iqr,iqr
2025-01-03 23:04:00,844.0,25.67043928954148,25.67043928954148,25.67043928954148,25.67043928954148,0,0,0,0.6962669370750204,zscore,iqr,iqr
2025-01-03 23:05:00,845.0,25.86909953793576,25.86909953793576,25.86909953793576,25.86909953793576,0,0,0,1.7446708041516532,zscore,iqr,iqr
2025-01-03 23:06:00,846.0,24.78413881252655,24.78413881252655,24.78413881252655,24.78413881252655,0,0,0,0.20701625789354755,zscore,iqr,iqr
2025-01-03 23:07:00,847.0,24.204371388350776,24.204371388350776,24.204371388350776,24.204371388350776,0,0,0,1.3530584778205172,zscore,iqr,iqr
2025-01-03 23:08:00,848.0,24.751920903326035,24.751920903326035,24.751920903326035,24.751920903326035,0,0,0,0.4168790900754671,zscore,iqr,iqr
2025-01-03 23:09:00,849.0,25.15616830394973,25.15616830394973,25.15616830394973,25.15616830394973,0,0,0,0.31132414917975243,zscore,iqr,iqr
2025-01-03 23:10:00,850.0,24.421744644273637,24.421744644273637,24.421744644273637,24.421744644273637,0,0,0,1.0047808472644417,zscore,iqr,iqr
2025-01-03 23:11:00,851.0,24.42570945106297,24.42570945106297,24.42570945106297,24.42570945106297,0,0,0,0.9329106320613268,zscore,iqr,iqr
2025-01-03 23:12:00,852.0,25.20627272892993,25.20627272892993,25.20627272892993,25.20627272892993,0,0,0,0.6252652294533377,zscore,iqr,iqr
2025-01-03 23:13:00,853.0,24.97080858905773,24.97080858905773,24.97080858905773,24.97080858905773,0,0,0,0.22743243378502656,zscore,iqr,iqr
2025-01-03 23:14:00,854.0,25.01967819724695,25.01967819724695,25.01967819724695,25.01967819724695,0,0,0,0.35619651767452526,zscore,iqr,iqr
2025-01-03 23:15:00,855.0,24.54490279917996,24.54490279917996,24.54490279917996,24.54490279917996,0,0,0,0.4198969659109031,zscore,iqr,iqr
2025-01-03 23:16:00,856.0,24.86175957147654,24.86175957147654,24.86175957147654,24.86175957147654,0,0,0,0.37880817622494256,zscore,iqr,iqr
2025-01-03 23:17:00,857.0,24.44546011343902,24.44546011343902,24.44546011343902,24.44546011343902,0,0,0,0.502388024129138,zscore,iqr,iqr
2025-01-03 23:18:00,858.0,25.53411904667487,25.53411904667487,25.53411904667487,25.53411904667487,0,0,0,1.815313466228207,zscore,iqr,iqr
2025-01-03 23:19:00,859.0,25.62114960083425,25.62114960083425,25.62114960083425,25.62114960083425,0,0,0,1.955116738219547,zscore,iqr,iqr
2025-01-03 23:20:00,860.0,23.892287282657144,23.892287282657144,23.892287282657144,23.892287282657144,0,0,0,0.6273456787424417,zscore,iqr,iqr
2025-01-03 23:21:00,861.0,24.442293483884555,24.442293483884555,24.442293483884555,24.442293483884555,0,0,0,0.369332224942029,zscore,iqr,iqr
2025-01-03 23:22:00,862.0,24.102082446945957,24.102082446945957,24.102082446945957,24.102082446945957,0,0,0,0.5472495224232494,zscore,iqr,iqr
2025-01-03 23:23:00,863.0,24.609985639355862,24.609985639355862,24.609985639355862,24.609985639355862,0,0,0,0.2824369449472781,zscore,iqr,iqr
2025-01-03 23:24:00,864.0,24.949937218125783,24.949937218125783,24.949937218125783,24.949937218125783,0,0,0,0.13563972491773704,zscore,iqr,iqr
2025-01-03 23:25:00,865.0,24.13021286818088,24.13021286818088,24.13021286818088,24.13021286818088,0,0,0,0.5644537657261676,zscore,iqr,iqr
2025-01-03 23:26:00,866.0,24.446884112124813,24.446884112124813,24.446884112124813,24.446884112124813,0,0,0,0.39686676985156666,zscore,iqr,iqr
2025-01-03 23:27:00,867.0,24.3976255767511,24.3976255767511,24.3976255767511,24.3976255767511,0,0,0,0.43680918510607697,zscore,iqr,iqr
2025-01-03 23:28:00,868.0,25.124360397639368,25.124360397639368,25.124360397639368,25.124360397639368,0,0,0,0.09919109755946108,zscore,iqr,iqr
2025-01-03 23:29:00,869.0,25.04160660222175,25.04160660222175,25.04160660222175,25.04160660222175,0,0,0,0.11087810106135045,zscore,iqr,iqr
2025-01-03 23:30:00,870.0,33.846313683514175,24.837006933804368,24.837006933804368,24.837006933804368,1,1,1,4.283750547347384,zscore,iqr,iqr
2025-01-03 23:31:00,871.0,25.10609252328364,25.10609252328364,25.10609252328364,25.10609252328364,0,0,0,0.12511133939338753,zscore,iqr,iqr
2025-01-03 23:32:00,872.0,24.67199194924764,24.67199194924764,24.67199194924764,24.67199194924764,0,0,0,0.34049960015861463,zscore,iqr,iqr
2025-01-03 23:33:00,873.0,24.837006933804368,24.837006933804368,24.837006933804368,24.837006933804368,0,0,0,0.26703715274675993,zscore,iqr,iqr
2025-01-03 23:34:00,874.0,26.004071254179124,26.004071254179124,26.004071254179124,26.004071254179124,0,0,0,0.299557910083956,zscore,iqr,iqr
2025-01-03 23:35:00,875.0,25.80427663107421,25.80427663107421,25.80427663107421,25.80427663107421,0,0,0,0.19331007009809448,zscore,iqr,iqr
2025-01-03 23:36:00,876.0,24.22025125784344,24.22025125784344,24.22025125784344,24.22025125784344,0,0,0,0.6288836015605672,zscore,iqr,iqr
2025-01-03 23:37:00,877.0,25.497839450727504,25.497839450727504,25.497839450727504,25.497839450727504,0,0,0,0.16282167381196766,zscore,iqr,iqr
2025-01-03 23:38:00,878.0,25.486837932694957,25.486837932694957,25.486837932694957,25.486837932694957,0,0,0,0.1832403712833293,zscore,iqr,iqr
2025-01-03 23:39:00,879.0,24.311042026748428,24.311042026748428,24.311042026748428,24.311042026748428,0,0,0,0.3389452949460048,zscore,iqr,iqr
2025-01-03 23:40:00,880.0,25.49126658625292,25.49126658625292,25.49126658625292,25.49126658625292,0,0,0,0.008903569115801896,zscore,iqr,iqr
2025-01-03 23:41:00,881.0,25.922759151047533,25.922759151047533,25.922759151047533,25.922759151047533,0,0,0,0.2667682352405242,zscore,iqr,iqr
2025-01-03 23:42:00,882.0,24.32647311625335,24.32647311625335,24.32647311625335,24.32647311625335,0,0,0,0.26948063902956704,zscore,iqr,iqr
2025-01-03 23:43:00,883.0,24.44949830739144,24.44949830739144,24.44949830739144,24.44949830739144,0,0,0,0.23283589078923997,zscore,iqr,iqr
2025-01-03 23:44:00,884.0,25.6105968801061,25.6105968801061,25.6105968801061,25.6105968801061,0,0,0,0.17195058355551215,zscore,iqr,iqr
2025-01-03 23:45:00,885.0,25.16289718649539,25.16289718649539,25.16289718649539,25.16289718649539,0,0,0,0.0320507597367601,zscore,iqr,iqr
2025-01-03 23:46:00,886.0,33.97776049571954,25.234417552556888,25.234417552556888,25.234417552556888,1,1,1,3.025897814385285,zscore,iqr,iqr
2025-01-03 23:47:00,887.0,25.204353529840297,25.204353529840297,25.204353529840297,25.204353529840297,0,0,0,0.041677699981016315,zscore,iqr,iqr
2025-01-03 23:48:00,888.0,25.234417552556888,25.234417552556888,25.234417552556888,25.234417552556888,0,0,0,0.04900151508541895,zscore,iqr,iqr
2025-01-03 23:49:00,889.0,15.174984809911347,25.204353529840297,25.204353529840297,25.204353529840297,1,1,1,3.353682124527415,zscore,iqr,iqr
2025-01-03 23:50:00,890.0,25.62839062397287,25.62839062397287,25.62839062397287,25.62839062397287,0,0,0,0.1774699539882071,zscore,iqr,iqr
2025-01-03 23:51:00,891.0,25.701753995456663,25.701753995456663,25.701753995456663,25.701753995456663,0,0,0,0.2200673749229103,zscore,iqr,iqr
2025-01-03 23:52:00,892.0,24.862365553559183,24.862365553559183,24.862365553559183,24.862365553559183,0,0,0,0.049920569522936914,zscore,iqr,iqr
2025-01-03 23:53:00,893.0,24.973913830111684,24.973913830111684,24.973913830111684,24.973913830111684,0,0,0,0.021206526870125437,zscore,iqr,iqr
2025-01-03 23:54:00,894.0,24.081335498466565,25.16289718649539,25.16289718649539,24.081335498466565,1,1,0,0.3368097072830549,zscore,iqr,iqr
2025-01-03 23:55:00,895.0,25.3085528536107,25.3085528536107,25.3085528536107,25.3085528536107,0,0,0,0.0244802253365048,zscore,iqr,iqr
2025-01-03 23:56:00,896.0,25.343234465028488,25.343234465028488,25.343234465028488,25.343234465028488,0,0,0,0.010550432760174984,zscore,iqr,iqr
2025-01-03 23:57:00,897.0,24.962685389800413,24.962685389800413,24.962685389800413,24.962685389800413,0,0,0,0.004303067568990023,zscore,iqr,iqr
2025-01-03 23:58:00,898.0,25.674612015922303,25.674612015922303,25.674612015922303,25.674612015922303,0,0,0,0.13314441528469362,zscore,iqr,iqr
2025-01-03 23:59:00,899.0,24.799553661412038,24.799553661412038,24.799553661412038,24.799553661412038,0,0,0,0.13578546813331288,zscore,iqr,iqr
2025-01-04 00:00:00,900.0,25.33876355553616,25.33876355553616,25.33876355553616,25.33876355553616,0,0,0,0.1902894049336288,zscore,iqr,iqr
2025-01-04 00:01:00,901.0,24.38820139678473,24.38820139678473,24.38820139678473,24.38820139678473,0,0,0,0.65587562567825,zscore,iqr,iqr
2025-01-04 00:02:00,902.0,24.985868709475454,24.985868709475454,24.985868709475454,24.985868709475454,0,0,0,0.3279389340721816,zscore,iqr,iqr
2025-01-04 00:03:00,903.0,24.895387445258297,24.895387445258297,24.895387445258297,24.895387445258297,0,0,0,0.3851355267622741,zscore,iqr,iqr
2025-01-04 00:04:00,904.0,25.135184753224564,25.135184753224564,25.135184753224564,25.135184753224564,0,0,0,0.2628833152554421,zscore,iqr,iqr
2025-01-04 00:05:00,905.0,32.35069947293759,25.158092329198634,25.158092329198634,25.158092329198634,1,1,1,3.2133427277957622,zscore,iqr,iqr
2025-01-04 00:06:00,906.0,24.921116442597,24.921116442597,24.921116442597,24.921116442597,0,0,0,0.39186411184947245,zscore,iqr,iqr
2025-01-04 00:07:00,907.0,25.495628302864905,25.495628302864905,25.495628302864905,25.495628302864905,0,0,0,0.10150424568100476,zscore,iqr,iqr
2025-01-04 00:08:00,908.0,31.421687067340464,25.135184753224564,25.135184753224564,31.421687067340464,1,1,0,2.762485154915915,zscore,iqr,iqr
2025-01-04 00:09:00,909.0,24.03605373955679,24.03605373955679,24.03605373955679,24.03605373955679,0,0,0,0.7641379380241139,zscore,iqr,iqr
2025-01-04 00:10:00,910.0,26.049750342523254,26.049750342523254,26.049750342523254,26.049750342523254,0,0,0,0.008527386306071607,zscore,iqr,iqr
2025-01-04 00:11:00,911.0,25.82887244721429,25.82887244721429,25.82887244721429,25.82887244721429,0,0,0,0.07413139812833404,zscore,iqr,iqr
2025-01-04 00:12:00,912.0,24.22464238293663,24.22464238293663,24.22464238293663,24.22464238293663,0,0,0,0.6692765822250064,zscore,iqr,iqr
2025-01-04 00:13:00,913.0,25.41382468314712,25.41382468314712,25.41382468314712,25.41382468314712,0,0,0,0.22776384460673887,zscore,iqr,iqr
2025-01-04 00:14:00,914.0,24.698215137669195,24.698215137669195,24.698215137669195,24.698215137669195,0,0,0,0.49812878156400064,zscore,iqr,iqr
2025-01-04 00:15:00,915.0,25.158092329198634,25.158092329198634,25.158092329198634,25.158092329198634,0,0,0,0.3446204508675895,zscore,iqr,iqr
2025-01-04 00:16:00,916.0,25.176534477408097,25.176534477408097,25.176534477408097,25.176534477408097,0,0,0,0.23592523576676366,zscore,iqr,iqr
2025-01-04 00:17:00,917.0,24.85935531981021,24.85935531981021,24.85935531981021,24.85935531981021,0,0,0,0.3750038403403037,zscore,iqr,iqr
2025-01-04 00:18:00,918.0,24.52974060064816,24.52974060064816,24.52974060064816,24.52974060064816,0,0,0,0.5103044581260476,zscore,iqr,iqr
2025-01-04 00:19:00,919.0,24.585675368610243,24.585675368610243,24.585675368610243,24.585675368610243,0,0,0,0.43049510063367824,zscore,iqr,iqr
2025-01-04 00:20:00,920.0,34.042143438102414,25.143642700321227,25.143642700321227,25.143642700321227,1,1,1,4.339832858086178,zscore,iqr,iqr
2025-01-04 00:21:00,921.0,24.50090667506173,24.50090667506173,24.50090667506173,24.50090667506173,0,0,0,0.4892113874855583,zscore,iqr,iqr
2025-01-04 00:22:00,922.0,24.959693025970388,24.959693025970388,24.959693025970388,24.959693025970388,0,0,0,0.24299603601847444,zscore,iqr,iqr
2025-01-04 00:23:00,923.0,24.57054400653355,24.57054400653355,24.57054400653355,24.57054400653355,0,0,0,0.4420575470914525,zscore,iqr,iqr
2025-01-04 00:24:00,924.0,25.409231239427573,25.409231239427573,25.409231239427573,25.409231239427573,0,0,0,0.017619057115357162,zscore,iqr,iqr
2025-01-04 00:25:00,925.0,25.89234769320156,25.89234769320156,25.89234769320156,25.89234769320156,0,0,0,0.20889454761215637,zscore,iqr,iqr
2025-01-04 00:26:00,926.0,24.65196805517797,24.65196805517797,24.65196805517797,24.65196805517797,0,0,0,0.40802577013148855,zscore,iqr,iqr
2025-01-04 00:27:00,927.0,25.143642700321227,25.143642700321227,25.143642700321227,25.143642700321227,0,0,0,0.1541332485817551,zscore,iqr,iqr
2025-01-04 00:28:00,928.0,25.29981106618176,25.29981106618176,25.29981106618176,25.29981106618176,0,0,0,0.08828064267874319,zscore,iqr,iqr
2025-01-04 00:29:00,929.0,25.28320136255157,25.28320136255157,25.28320136255157,25.28320136255157,0,0,0,0.10545245195662997,zscore,iqr,iqr
2025-01-04 00:30:00,930.0,25.04557316074965,25.04557316074965,25.04557316074965,25.04557316074965,0,0,0,0.2539930892822534,zscore,iqr,iqr
2025-01-04 00:31:00,931.0,25.445609451015837,25.445609451015837,25.445609451015837,25.445609451015837,0,0,0,0.5366859957319419,zscore,iqr,iqr
2025-01-04 00:32:00,932.0,25.289349371608395,25.289349371608395,25.289349371608395,25.289349371608395,0,0,0,0.2227736696951024,zscore,iqr,iqr
2025-01-04 00:33:00,933.0,24.257402546603625,24.257402546603625,24.257402546603625,24.257402546603625,0,0,0,1.6301341247465382,zscore,iqr,iqr
2025-01-04 00:34:00,934.0,25.521493638633565,25.521493638633565,25.521493638633565,25.521493638633565,0,0,0,0.6678664528612749,zscore,iqr,iqr
2025-01-04 00:35:00,935.0,25.53237450236005,25.53237450236005,25.53237450236005,25.53237450236005,0,0,0,0.6856849889569239,zscore,iqr,iqr
2025-01-04 00:36:00,936.0,24.54202833749285,24.54202833749285,24.54202833749285,24.54202833749285,0,0,0,1.147569488057753,zscore,iqr,iqr
2025-01-04 00:37:00,937.0,25.02276270126856,25.02276270126856,25.02276270126856,25.02276270126856,0,0,0,0.3034698342907516,zscore,iqr,iqr
2025-01-04 00:38:00,938.0,25.40999739568664,25.40999739568664,25.40999739568664,25.40999739568664,0,0,0,0.4925547873062722,zscore,iqr,iqr
2025-01-04 00:39:00,939.0,24.87441170825238,24.87441170825238,24.87441170825238,24.87441170825238,0,0,0,0.47418923484419345,zscore,iqr,iqr
2025-01-04 00:40:00,940.0,25.643786828659607,25.643786828659607,25.643786828659607,25.643786828659607,0,0,0,0.9375442388674863,zscore,iqr,iqr
2025-01-04 00:41:00,941.0,26.418323496771617,26.418323496771617,26.418323496771617,26.418323496771617,0,0,0,2.0949409483163883,zscore,iqr,iqr
2025-01-04 00:42:00,942.0,24.52840838041901,24.52840838041901,24.52840838041901,24.52840838041901,0,0,0,1.038046992107313,zscore,iqr,iqr
2025-01-04 00:43:00,943.0,24.171373238107734,24.171373238107734,24.171373238107734,24.171373238107734,0,0,0,1.5068010451400977,zscore,iqr,iqr
2025-01-04 00:44:00,944.0,25.18229115736293,25.18229115736293,25.18229115736293,25.18229115736293,0,0,0,0.0096400423418664,zscore,iqr,iqr
2025-01-04 00:45:00,945.0,25.432937503075685,25.432937503075685,25.432937503075685,25.432937503075685,0,0,0,0.4065514867649748,zscore,iqr,iqr
2025-01-04 00:46:00,946.0,24.86148017569314,24.86148017569314,24.86148017569314,24.86148017569314,0,0,0,0.43948553639572213,zscore,iqr,iqr
2025-01-04 00:47:00,947.0,25.87195639799262,25.87195639799262,25.87195639799262,25.87195639799262,0,0,0,1.148702456491861,zscore,iqr,iqr
2025-01-04 00:48:00,948.0,24.19683652016605,24.19683652016605,24.19683652016605,24.19683652016605,0,0,0,1.553307260891037,zscore,iqr,iqr
2025-01-04 00:49:00,949.0,25.41575117381897,25.41575117381897,25.41575117381897,25.41575117381897,0,0,0,0.4885095489525266,zscore,iqr,iqr
2025-01-04 00:50:00,950.0,24.636483507544664,24.636483507544664,24.636483507544664,24.636483507544664,0,0,0,0.6729885903249473,zscore,iqr,iqr
2025-01-04 00:51:00,951.0,26.031626743724377,26.031626743724377,26.031626743724377,26.031626743724377,0,0,0,1.4759710941443842,zscore,iqr,iqr
2025-01-04 00:52:00,952.0,26.19550921190087,26.19550921190087,26.19550921190087,26.19550921190087,0,0,0,2.063224298292621,zscore,iqr,iqr
2025-01-04 00:53:00,953.0,24.540006047329992,24.540006047329992,24.540006047329992,24.540006047329992,0,0,0,0.777190101660715,zscore,iqr,iqr
2025-01-04 00:54:00,954.0,24.670265718454853,24.670265718454853,24.670265718454853,24.670265718454853,0,0,0,0.5775029293798515,zscore,iqr,iqr
2025-01-04 00:55:00,955.0,25.51575273218788,25.51575273218788,25.51575273218788,25.51575273218788,0,0,0,0.7621287482045754,zscore,iqr,iqr
2025-01-04 00:56:00,956.0,24.76772161012629,24.76772161012629,24.76772161012629,24.76772161012629,0,0,0,0.3951833534154748,zscore,iqr,iqr
2025-01-04 00:57:00,957.0,24.972753269240656,24.972753269240656,24.972753269240656,24.972753269240656,0,0,0,0.06134973565674886,zscore,iqr,iqr
2025-01-04 00:58:00,958.0,25.01523305232545,25.01523305232545,25.01523305232545,25.01523305232545,0,0,0,0.03923251686260933,zscore,iqr,iqr
2025-01-04 00:59:00,959.0,23.848196106281407,23.848196106281407,23.848196106281407,23.848196106281407,0,0,0,2.0830174601329414,zscore,iqr,iqr
2025-01-04 01:00:00,960.0,24.991697352343454,24.991697352343454,24.991697352343454,24.991697352343454,0,0,0,0.07816004299509154,zscore,iqr,iqr
2025-01-04 01:01:00,961.0,24.58616333556149,24.58616333556149,24.58616333556149,24.58616333556149,0,0,0,0.8626591835367347,zscore,iqr,iqr
2025-01-04 01:02:00,962.0,24.704126306560138,24.704126306560138,24.704126306560138,24.704126306560138,0,0,0,0.5949229675838645,zscore,iqr,iqr
2025-01-04 01:03:00,963.0,25.866179202081288,25.866179202081288,25.866179202081288,25.866179202081288,0,0,0,1.9447565209324373,zscore,iqr,iqr
2025-01-04 01:04:00,964.0,24.246095863432448,24.246095863432448,24.246095863432448,24.246095863432448,0,0,0,1.4391106657288404,zscore,iqr,iqr
2025-01-04 01:05:00,965.0,25.487923112048787,25.487923112048787,25.487923112048787,25.487923112048787,0,0,0,1.1426292601754904,zscore,iqr,iqr
2025-01-04 01:06:00,966.0,24.83262224180092,24.83262224180092,24.83262224180092,24.83262224180092,0,0,0,0.2573232722777929,zscore,iqr,iqr
2025-01-04 01:07:00,967.0,24.832143898902498,24.832143898902498,24.832143898902498,24.832143898902498,0,0,0,0.3243193841681593,zscore,iqr,iqr
2025-01-04 01:08:00,968.0,25.474223137631025,25.474223137631025,25.474223137631025,25.474223137631025,0,0,0,0.7196612382555833,zscore,iqr,iqr
2025-01-04 01:09:00,969.0,25.20403077674133,25.20403077674133,25.20403077674133,25.20403077674133,0,0,0,0.356367538197356,zscore,iqr,iqr
2025-01-04 01:10:00,970.0,25.34236779833172,25.34236779833172,25.34236779833172,25.34236779833172,0,0,0,0.4911229728158524,zscore,iqr,iqr
2025-01-04 01:11:00,971.0,25.58091079631972,25.58091079631972,25.58091079631972,25.58091079631972,0,0,0,0.8373210794352238,zscore,iqr,iqr
2025-01-04 01:12:00,972.0,24.801214970090005,24.801214970090005,24.801214970090005,24.801214970090005,0,0,0,0.44358738789967883,zscore,iqr,iqr
2025-01-04 01:13:00,973.0,24.63265795929535,24.63265795929535,24.63265795929535,24.63265795929535,0,0,0,0.7246824814365234,zscore,iqr,iqr
2025-01-04 01:14:00,974.0,24.348909684065323,24.348909684065323,24.348909684065323,24.348909684065323,0,0,0,1.1480977268082837,zscore,iqr,iqr
2025-01-04 01:15:00,975.0,24.504753682012627,24.504753682012627,24.504753682012627,24.504753682012627,0,0,0,1.0093824818010402,zscore,iqr,iqr
2025-01-04 01:16:00,976.0,26.769456655185238,26.769456655185238,25.051535803776,26.769456655185238,0,1,0,2.9745773287436537,zscore,iqr,iqr
2025-01-04 01:17:00,977.0,25.746807748442077,25.746807748442077,25.746807748442077,25.746807748442077,0,0,0,1.1398461068775083,zscore,iqr,iqr
2025-01-04 01:18:00,978.0,24.189355380275188,24.189355380275188,24.189355380275188,24.189355380275188,0,0,0,1.2816533670475172,zscore,iqr,iqr
2025-01-04 01:19:00,979.0,24.206525225953857,24.206525225953857,24.206525225953857,24.206525225953857,0,0,0,1.1808777990948114,zscore,iqr,iqr
2025-01-04 01:20:00,980.0,25.289119637031096,25.289119637031096,25.289119637031096,25.289119637031096,0,0,0,0.5079117405671806,zscore,iqr,iqr
2025-01-04 01:21:00,981.0,25.32835887842678,25.32835887842678,25.32835887842678,25.32835887842678,0,0,0,0.39626631427343695,zscore,iqr,iqr
2025-01-04 01:22:00,982.0,25.329330301190417,25.329330301190417,25.329330301190417,25.329330301190417,0,0,0,0.4254262443235704,zscore,iqr,iqr
2025-01-04 01:23:00,983.0,24.847026523867783,24.847026523867783,24.847026523867783,24.847026523867783,0,0,0,0.22688454642533096,zscore,iqr,iqr
2025-01-04 01:24:00,984.0,24.92472744399826,24.92472744399826,24.92472744399826,24.92472744399826,0,0,0,0.1803099397494491,zscore,iqr,iqr
2025-01-04 01:25:00,985.0,25.196727714495616,25.196727714495616,25.196727714495616,25.196727714495616,0,0,0,0.12807915922858662,zscore,iqr,iqr
2025-01-04 01:26:00,986.0,25.051535803776,25.051535803776,25.051535803776,25.051535803776,0,0,0,0.1224574239494718,zscore,iqr,iqr
2025-01-04 01:27:00,987.0,23.66841977635148,25.196727714495616,25.196727714495616,23.66841977635148,1,1,0,2.267706330016698,zscore,iqr,iqr
2025-01-04 01:28:00,988.0,24.862120221654884,24.862120221654884,24.862120221654884,24.862120221654884,0,0,0,0.3577538338533853,zscore,iqr,iqr
2025-01-04 01:29:00,989.0,24.48915613944381,24.48915613944381,24.48915613944381,24.48915613944381,0,0,0,0.9512601203037846,zscore,iqr,iqr
2025-01-04 01:30:00,990.0,25.10512685134511,25.10512685134511,25.10512685134511,25.10512685134511,0,0,0,0.06592417855370639,zscore,iqr,iqr
2025-01-04 01:31:00,991.0,26.791155401562047,25.196727714495616,25.196727714495616,26.791155401562047,1,1,0,2.5712240805334927,zscore,iqr,iqr
2025-01-04 01:32:00,992.0,25.220488999284584,25.220488999284584,25.220488999284584,25.220488999284584,0,0,0,0.13976564405623004,zscore,iqr,iqr
2025-01-04 01:33:00,993.0,24.81188218829656,24.81188218829656,24.81188218829656,24.81188218829656,0,0,0,0.45092321895392307,zscore,iqr,iqr
2025-01-04 01:34:00,994.0,25.553080901186352,25.553080901186352,25.553080901186352,25.553080901186352,0,0,0,0.6053653325362353,zscore,iqr,iqr
2025-01-04 01:35:00,995.0,25.289612732325526,25.289612732325526,25.289612732325526,25.289612732325526,0,0,0,0.19927084971083112,zscore,iqr,iqr
2025-01-04 01:36:00,996.0,25.252056694271104,25.252056694271104,25.252056694271104,25.252056694271104,0,0,0,0.14647255959099387,zscore,iqr,iqr
2025-01-04 01:37:00,997.0,25.3641103559294,25.3641103559294,25.3641103559294,25.3641103559294,0,0,0,0.2782314741716581,zscore,iqr,iqr
2025-01-04 01:38:00,998.0,26.23392613889773,26.23392613889773,26.23392613889773,26.23392613889773,0,0,0,1.4507933616349444,zscore,iqr,iqr
2025-01-04 01:39:00,999.0,24.32146693880445,24.32146693880445,24.32146693880445,24.32146693880445,0,0,0,1.4601387587389605,zscore,iqr,iqr
