timestamp,time_min,temp_c,temp_hampel,temp_iqr,temp_zscore,is_outlier_hampel,is_outlier_iqr,is_outlier_zscore,zscore_abs,best_filter_agent_raw_v12,best_filter_agent_v12,best_filter_supervised_v12
2025-01-02 07:00:00,0.0,22.124178538252806,22.124178538252806,22.124178538252806,22.124178538252806,0,0,0,0.18667107057955412,zscore,iqr,iqr
2025-01-02 07:01:00,1.0,21.9654339247072,21.9654339247072,21.9654339247072,21.9654339247072,0,0,0,0.6093826291342272,zscore,iqr,iqr
2025-01-02 07:02:00,2.0,22.16192213452517,22.16192213452517,22.16192213452517,22.16192213452517,0,0,0,0.519729506978713,zscore,iqr,iqr
2025-01-02 07:03:00,3.0,22.380757464102008,22.380757464102008,22.380757464102008,22.380757464102008,0,0,0,1.595191654275219,zscore,iqr,iqr
2025-01-02 07:04:00,4.0,21.941461656319166,21.941461656319166,21.941461656319166,21.941461656319166,0,0,0,0.2545712857959103,zscore,iqr,iqr
2025-01-02 07:05:00,5.0,21.941465760762703,21.941465760762703,21.941465760762703,21.941465760762703,0,0,0,0.22196448000952498,zscore,iqr,iqr
2025-01-02 07:06:00,6.0,22.394803203876847,21.941465760762703,22.394803203876847,22.394803203876847,1,0,0,1.7664795000757214,zscore,iqr,iqr
2025-01-02 07:07:00,7.0,22.191858682288228,22.191858682288228,22.191858682288228,22.191858682288228,0,0,0,0.9016422540728876,zscore,iqr,iqr
2025-01-02 07:08:00,8.0,21.88263140351626,21.88263140351626,21.88263140351626,21.88263140351626,0,0,0,0.3974712030270479,zscore,iqr,iqr
2025-01-02 07:09:00,9.0,22.13564001089649,22.13564001089649,22.13564001089649,22.13564001089649,0,0,0,0.7628977005809842,zscore,iqr,iqr
2025-01-02 07:10:00,10.0,21.88414557679689,21.88414557679689,21.88414557679689,21.88414557679689,0,0,0,0.3786079507632677,zscore,iqr,iqr
2025-01-02 07:11:00,11.0,21.883567561607435,21.883567561607435,21.883567561607435,21.883567561607435,0,0,0,0.3488798367395794,zscore,iqr,iqr
2025-01-02 07:12:00,12.0,22.06049056789151,22.06049056789151,22.06049056789151,22.06049056789151,0,0,0,0.37118751188851296,zscore,iqr,iqr
2025-01-02 07:13:00,13.0,21.52167993883555,21.52167993883555,21.52167993883555,21.52167993883555,0,0,0,1.710504734612498,zscore,iqr,iqr
2025-01-02 07:14:00,14.0,21.568770541871743,21.568770541871743,21.568770541871743,21.568770541871743,0,0,0,1.5427003465288984,zscore,iqr,iqr
2025-01-02 07:15:00,15.0,21.85942811768976,21.85942811768976,21.85942811768976,21.85942811768976,0,0,0,0.28709490684098793,zscore,iqr,iqr
2025-01-02 07:16:00,16.0,21.746792219916397,21.746792219916397,21.746792219916397,21.746792219916397,0,0,0,0.7165195020832263,zscore,iqr,iqr
2025-01-02 07:17:00,17.0,22.078561833148814,22.078561833148814,22.078561833148814,22.078561833148814,0,0,0,0.8406363309146437,zscore,iqr,iqr
2025-01-02 07:18:00,18.0,21.772993981119697,21.772993981119697,21.772993981119697,21.772993981119697,0,0,0,0.5481120523495917,zscore,iqr,iqr
2025-01-02 07:19:00,19.0,21.646924074666178,21.646924074666178,21.646924074666178,21.646924074666178,0,0,0,1.1809375260642034,zscore,iqr,iqr
2025-01-02 07:20:00,20.0,22.36641219223039,22.36641219223039,22.36641219223039,22.36641219223039,0,0,0,2.5392225949474803,zscore,iqr,iqr
2025-01-02 07:21:00,21.0,21.943555924878368,21.943555924878368,21.943555924878368,21.943555924878368,0,0,0,0.1884915883754503,zscore,iqr,iqr
2025-01-02 07:22:00,22.0,22.01688205117198,22.01688205117198,22.01688205117198,22.01688205117198,0,0,0,0.47983219474458644,zscore,iqr,iqr
2025-01-02 07:23:00,23.0,21.643812953446638,21.643812953446638,21.643812953446638,21.643812953446638,0,0,0,1.0574285539384458,zscore,iqr,iqr
2025-01-02 07:24:00,24.0,21.863904318868705,21.863904318868705,21.863904318868705,21.863904318868705,0,0,0,0.25792974072103375,zscore,iqr,iqr
2025-01-02 07:25:00,25.0,22.027730647427468,22.027730647427468,22.027730647427468,22.027730647427468,0,0,0,0.45445424729042405,zscore,iqr,iqr
2025-01-02 07:26:00,26.0,21.712251605644425,21.712251605644425,21.712251605644425,21.712251605644425,0,0,0,1.0256790512450213,zscore,iqr,iqr
2025-01-02 07:27:00,27.0,22.09392450458642,22.09392450458642,22.09392450458642,22.09392450458642,0,0,0,0.7143940712479995,zscore,iqr,iqr
2025-01-02 07:28:00,28.0,21.849840327520297,21.849840327520297,21.849840327520297,21.849840327520297,0,0,0,0.23866065809316403,zscore,iqr,iqr
2025-01-02 07:29:00,29.0,21.92707656255168,21.92707656255168,21.92707656255168,21.92707656255168,0,0,0,0.030304899055602175,zscore,iqr,iqr
2025-01-02 07:30:00,30.0,21.84957334694265,21.84957334694265,21.84957334694265,21.84957334694265,0,0,0,0.40575364979891526,zscore,iqr,iqr
2025-01-02 07:31:00,31.0,22.463069546127237,22.463069546127237,22.463069546127237,22.463069546127237,0,0,0,2.442382878735768,zscore,iqr,iqr
2025-01-02 07:32:00,32.0,21.99662569381552,21.99662569381552,21.99662569381552,21.99662569381552,0,0,0,0.2988113325502861,zscore,iqr,iqr
2025-01-02 07:33:00,33.0,21.735572267761025,21.735572267761025,21.735572267761025,21.735572267761025,0,0,0,0.8797980762672009,zscore,iqr,iqr
2025-01-02 07:34:00,34.0,22.2056362280258,22.2056362280258,22.2056362280258,22.2056362280258,0,0,0,1.2787950835214548,zscore,iqr,iqr
2025-01-02 07:35:00,35.0,21.69478908750725,21.69478908750725,21.69478908750725,21.69478908750725,0,0,0,1.046795106812834,zscore,iqr,iqr
2025-01-02 07:36:00,36.0,22.05221589875119,22.05221589875119,22.05221589875119,22.05221589875119,0,0,0,0.6179320016079133,zscore,iqr,iqr
2025-01-02 07:37:00,37.0,21.510082469030056,21.510082469030056,21.510082469030056,21.510082469030056,0,0,0,1.9278101791639466,zscore,iqr,iqr
2025-01-02 07:38:00,38.0,21.667953487775392,21.667953487775392,21.667953487775392,21.667953487775392,0,0,0,1.2256440818402574,zscore,iqr,iqr
2025-01-02 07:39:00,39.0,22.04921530896728,22.04921530896728,22.04921530896728,22.04921530896728,0,0,0,0.5017956571244473,zscore,iqr,iqr
2025-01-02 07:40:00,40.0,22.18461664499885,22.18461664499885,22.18461664499885,22.18461664499885,0,0,0,1.029312857690997,zscore,iqr,iqr
2025-01-02 07:41:00,41.0,22.042842070297493,22.042842070297493,22.042842070297493,22.042842070297493,0,0,0,0.4308139610249283,zscore,iqr,iqr
2025-01-02 07:42:00,42.0,21.97108792940294,21.97108792940294,21.97108792940294,21.97108792940294,0,0,0,0.29375104923692075,zscore,iqr,iqr
2025-01-02 07:43:00,43.0,21.92472407610268,21.92472407610268,21.92472407610268,21.92472407610268,0,0,0,0.03690424201823061,zscore,iqr,iqr
2025-01-02 07:44:00,44.0,21.630369502408143,21.630369502408143,21.630369502408143,21.630369502408143,0,0,0,1.3921082341229292,zscore,iqr,iqr
2025-01-02 07:45:00,45.0,21.820038947901324,21.820038947901324,21.820038947901324,21.820038947901324,0,0,0,0.5456778531284602,zscore,iqr,iqr
2025-01-02 07:46:00,46.0,21.884840307260053,21.884840307260053,21.884840307260053,21.884840307260053,0,0,0,0.2832699308034596,zscore,iqr,iqr
2025-01-02 07:47:00,47.0,22.26428055655473,22.26428055655473,22.26428055655473,22.26428055655473,0,0,0,1.46915588538217,zscore,iqr,iqr
2025-01-02 07:48:00,48.0,22.08590457239212,22.08590457239212,22.08590457239212,22.08590457239212,0,0,0,0.5890033488829189,zscore,iqr,iqr
2025-01-02 07:49:00,49.0,21.55923996115932,21.55923996115932,21.55923996115932,21.55923996115932,0,0,0,2.2333466353627123,zscore,iqr,iqr
2025-01-02 07:50:00,50.0,22.081020992348694,22.081020992348694,22.081020992348694,22.081020992348694,0,0,0,0.4732662263717921,zscore,iqr,iqr
2025-01-02 07:51:00,51.0,21.90372942989592,21.90372942989592,21.90372942989592,21.90372942989592,0,0,0,0.3817630111167673,zscore,iqr,iqr
2025-01-02 07:52:00,52.0,21.83076949992351,21.83076949992351,21.83076949992351,21.83076949992351,0,0,0,0.6597844063597159,zscore,iqr,iqr
2025-01-02 07:53:00,53.0,22.152919072210217,22.152919072210217,22.152919072210217,22.152919072210217,0,0,0,0.9902051618976031,zscore,iqr,iqr
2025-01-02 07:54:00,54.0,22.257749880623987,22.257749880623987,22.257749880623987,22.257749880623987,0,0,0,1.3883496193646576,zscore,iqr,iqr
2025-01-02 07:55:00,55.0,22.23282002977905,22.23282002977905,22.23282002977905,22.23282002977905,0,0,0,1.108079415515086,zscore,iqr,iqr
2025-01-02 07:56:00,56.0,21.79019561919434,21.79019561919434,21.79019561919434,21.79019561919434,0,0,0,1.0149204564043819,zscore,iqr,iqr
2025-01-02 07:57:00,57.0,21.9226969060372,21.9226969060372,21.9226969060372,21.9226969060372,0,0,0,0.45769322167187476,zscore,iqr,iqr
2025-01-02 07:58:00,58.0,22.082815857850893,22.082815857850893,22.082815857850893,22.082815857850893,0,0,0,0.33608352434035016,zscore,iqr,iqr
2025-01-02 07:59:00,59.0,22.24388628178059,22.24388628178059,22.24388628178059,22.24388628178059,0,0,0,1.151147303009172,zscore,iqr,iqr
2025-01-02 08:00:00,60.0,21.88020644053868,21.88020644053868,21.88020644053868,21.88020644053868,0,0,0,0.7808481650081569,zscore,iqr,iqr
2025-01-02 08:01:00,61.0,21.95358525583405,21.95358525583405,21.95358525583405,21.95358525583405,0,0,0,0.43161005812786474,zscore,iqr,iqr
2025-01-02 08:02:00,62.0,21.72341625649849,21.72341625649849,21.72341625649849,21.72341625649849,0,0,0,1.6082540689730127,zscore,iqr,iqr
2025-01-02 08:03:00,63.0,21.70094834397983,21.70094834397983,21.70094834397983,21.70094834397983,0,0,0,1.7920935767079815,zscore,iqr,iqr
2025-01-02 08:04:00,64.0,22.203131455598548,22.203131455598548,22.203131455598548,22.203131455598548,0,0,0,0.6614187690937072,zscore,iqr,iqr
2025-01-02 08:05:00,65.0,22.339060007142702,22.339060007142702,22.339060007142702,22.339060007142702,0,0,0,1.2089224215569607,zscore,iqr,iqr
2025-01-02 08:06:00,66.0,21.98199746960492,21.98199746960492,21.98199746960492,21.98199746960492,0,0,0,0.15347612340621716,zscore,iqr,iqr
2025-01-02 08:07:00,67.0,22.250883224473007,22.250883224473007,22.250883224473007,22.250883224473007,0,0,0,0.907139963022218,zscore,iqr,iqr
2025-01-02 08:08:00,68.0,22.090409006261908,22.090409006261908,22.090409006261908,22.090409006261908,0,0,0,0.23873177507935053,zscore,iqr,iqr
2025-01-02 08:09:00,69.0,21.83872006134872,21.83872006134872,21.83872006134872,21.83872006134872,0,0,0,0.6130444839338756,zscore,iqr,iqr
2025-01-02 08:10:00,70.0,22.090348901377105,22.090348901377105,22.090348901377105,22.090348901377105,0,0,0,0.37953014055277967,zscore,iqr,iqr
2025-01-02 08:11:00,71.0,22.38450914161649,22.38450914161649,22.38450914161649,22.38450914161649,0,0,0,1.455553377107055,zscore,iqr,iqr
2025-01-02 08:12:00,72.0,21.991043490222516,21.991043490222516,21.991043490222516,21.991043490222516,0,0,0,0.1039440289220044,zscore,iqr,iqr
2025-01-02 08:13:00,73.0,22.391160913953502,22.391160913953502,22.391160913953502,22.391160913953502,0,0,0,1.3520408015020113,zscore,iqr,iqr
2025-01-02 08:14:00,74.0,21.345063723977564,22.02294019413388,22.02294019413388,21.345063723977564,1,1,0,2.5919062604732903,zscore,iqr,iqr
2025-01-02 08:15:00,75.0,22.205475626093804,22.205475626093804,22.205475626093804,22.205475626093804,0,0,0,0.7194977539100754,zscore,iqr,iqr
2025-01-02 08:16:00,76.0,22.021761767059544,22.021761767059544,22.021761767059544,22.021761767059544,0,0,0,0.04400226820769297,zscore,iqr,iqr
2025-01-02 08:17:00,77.0,21.92524816238353,21.92524816238353,21.92524816238353,21.92524816238353,0,0,0,0.347487040497174,zscore,iqr,iqr
2025-01-02 08:18:00,78.0,22.02294019413388,22.02294019413388,22.02294019413388,22.02294019413388,0,0,0,0.10209219821564694,zscore,iqr,iqr
2025-01-02 08:19:00,79.0,21.50310777134977,21.50310777134977,21.50310777134977,21.50310777134977,0,0,0,1.937740360089047,zscore,iqr,iqr
2025-01-02 08:20:00,80.0,21.945082028040623,21.945082028040623,21.945082028040623,21.945082028040623,0,0,0,0.24663727611727368,zscore,iqr,iqr
2025-01-02 08:21:00,81.0,22.089278142877937,22.089278142877937,22.089278142877937,22.089278142877937,0,0,0,0.2891294820528221,zscore,iqr,iqr
2025-01-02 08:22:00,82.0,22.36947351118538,22.36947351118538,22.36947351118538,22.36947351118538,0,0,0,1.5454101348328269,zscore,iqr,iqr
2025-01-02 08:23:00,83.0,21.87043244543159,21.87043244543159,21.87043244543159,21.87043244543159,0,0,0,0.461958618312091,zscore,iqr,iqr
2025-01-02 08:24:00,84.0,21.7978765992767,21.7978765992767,21.7978765992767,21.7978765992767,0,0,0,0.7098489155995592,zscore,iqr,iqr
2025-01-02 08:25:00,85.0,21.874560739103867,21.874560739103867,21.874560739103867,21.874560739103867,0,0,0,0.5036538419989091,zscore,iqr,iqr
2025-01-02 08:26:00,86.0,22.22885052942552,22.22885052942552,22.22885052942552,22.22885052942552,0,0,0,1.3381364531437216,zscore,iqr,iqr
2025-01-02 08:27:00,87.0,22.082187777414923,22.082187777414923,22.082187777414923,22.082187777414923,0,0,0,0.5703574893478934,zscore,iqr,iqr
2025-01-02 08:28:00,88.0,21.86755994905824,21.86755994905824,21.86755994905824,21.86755994905824,0,0,0,0.5488682766256998,zscore,iqr,iqr
2025-01-02 08:29:00,89.0,22.12831685827834,22.12831685827834,22.12831685827834,22.12831685827834,0,0,0,0.8096893879984822,zscore,iqr,iqr
2025-01-02 08:30:00,90.0,22.02426938733701,22.02426938733701,22.02426938733701,22.02426938733701,0,0,0,0.2597197194501968,zscore,iqr,iqr
2025-01-02 08:31:00,91.0,22.242161247633224,22.242161247633224,22.242161247633224,22.242161247633224,0,0,0,1.4760175338276131,zscore,iqr,iqr
2025-01-02 08:32:00,92.0,21.82448672653066,21.82448672653066,21.82448672653066,21.82448672653066,0,0,0,0.792409473778586,zscore,iqr,iqr
2025-01-02 08:33:00,93.0,21.91808446335056,21.91808446335056,21.91808446335056,21.91808446335056,0,0,0,0.13578746877685458,zscore,iqr,iqr
2025-01-02 08:34:00,94.0,21.90197296171696,21.90197296171696,21.90197296171696,21.90197296171696,0,0,0,0.2655049105242499,zscore,iqr,iqr
2025-01-02 08:35:00,95.0,21.63412126296697,21.63412126296697,21.63412126296697,21.63412126296697,0,0,0,2.057269323283722,zscore,iqr,iqr
2025-01-02 08:36:00,96.0,22.074030069266144,22.074030069266144,22.074030069266144,22.074030069266144,0,0,0,0.18695274078676666,zscore,iqr,iqr
2025-01-02 08:37:00,97.0,22.06526381804497,22.06526381804497,22.06526381804497,22.06526381804497,0,0,0,0.1868467076942225,zscore,iqr,iqr
2025-01-02 08:38:00,98.0,22.001278364160616,22.001278364160616,22.001278364160616,22.001278364160616,0,0,0,0.207406013541376,zscore,iqr,iqr
2025-01-02 08:39:00,99.0,21.94135321665621,21.94135321665621,21.94135321665621,21.94135321665621,0,0,0,0.2287883208227591,zscore,iqr,iqr
2025-01-02 08:40:00,100.0,21.6461573144874,21.6461573144874,21.6461573144874,21.6461573144874,0,0,0,0.3147818469440542,zscore,iqr,iqr
2025-01-02 08:41:00,101.0,21.894838669308665,21.894838669308665,21.894838669308665,21.894838669308665,0,0,0,0.23343347008051177,zscore,iqr,iqr
2025-01-02 08:42:00,102.0,21.914321370868308,21.914321370868308,21.914321370868308,21.914321370868308,0,0,0,0.22346230381231774,zscore,iqr,iqr
2025-01-02 08:43:00,103.0,21.799430682694595,21.799430682694595,21.799430682694595,21.799430682694595,0,0,0,0.2734693468860965,zscore,iqr,iqr
2025-01-02 08:44:00,104.0,21.959678572083497,21.959678572083497,21.959678572083497,21.959678572083497,0,0,0,0.22187266302563377,zscore,iqr,iqr
2025-01-02 08:45:00,105.0,22.101012714203637,22.101012714203637,22.101012714203637,22.101012714203637,0,0,0,0.1786646926162964,zscore,iqr,iqr
2025-01-02 08:46:00,106.0,36.350162474751954,21.993371531137697,21.993371531137697,21.993371531137697,1,1,1,4.462761930461305,zscore,iqr,iqr
2025-01-02 08:47:00,107.0,22.04364445320796,22.04364445320796,22.04364445320796,22.04364445320796,0,0,0,0.19722782458709728,zscore,iqr,iqr
2025-01-02 08:48:00,108.0,22.06438759768069,22.06438759768069,22.06438759768069,22.06438759768069,0,0,0,0.193994434499207,zscore,iqr,iqr
2025-01-02 08:49:00,109.0,21.98138852105846,21.98138852105846,21.98138852105846,21.98138852105846,0,0,0,0.22405748525989358,zscore,iqr,iqr
2025-01-02 08:50:00,110.0,21.52030719617524,21.993371531137697,21.993371531137697,21.52030719617524,1,1,0,0.3786612532849195,zscore,iqr,iqr
2025-01-02 08:51:00,111.0,21.993371531137697,21.993371531137697,21.993371531137697,21.993371531137697,0,0,0,0.22641459148712248,zscore,iqr,iqr
2025-01-02 08:52:00,112.0,22.015057552485256,22.015057552485256,22.015057552485256,22.015057552485256,0,0,0,0.22672346762253007,zscore,iqr,iqr
2025-01-02 08:53:00,113.0,22.61581052812132,22.61581052812132,22.015057552485256,22.61581052812132,0,1,0,0.09161302324978779,zscore,iqr,iqr
2025-01-02 08:54:00,114.0,21.95190975880472,21.95190975880472,21.95190975880472,21.95190975880472,0,0,0,0.09162824950628681,zscore,iqr,iqr
2025-01-02 08:55:00,115.0,22.0753868355834,22.0753868355834,22.0753868355834,22.0753868355834,0,0,0,0.06591777246647948,zscore,iqr,iqr
2025-01-02 08:56:00,116.0,21.99132205757369,21.99132205757369,21.99132205757369,21.99132205757369,0,0,0,0.08405170307577299,zscore,iqr,iqr
2025-01-02 08:57:00,117.0,21.70783049059512,21.70783049059512,21.70783049059512,21.70783049059512,0,0,0,0.04762379980057512,zscore,iqr,iqr
2025-01-02 08:58:00,118.0,22.285705703628757,22.285705703628757,22.285705703628757,22.285705703628757,0,0,0,0.3395613818130961,zscore,iqr,iqr
2025-01-02 08:59:00,119.0,22.18798325817169,22.18798325817169,22.18798325817169,22.18798325817169,0,0,0,0.2950853594023843,zscore,iqr,iqr
2025-01-02 09:00:00,120.0,22.197757986760763,22.197757986760763,22.197757986760763,22.197757986760763,0,0,0,0.309171808464576,zscore,iqr,iqr
2025-01-02 09:01:00,121.0,21.772653136301315,21.772653136301315,21.772653136301315,21.772653136301315,0,0,0,0.08233406165924297,zscore,iqr,iqr
2025-01-02 09:02:00,122.0,22.350698577734025,22.350698577734025,22.350698577734025,22.350698577734025,0,0,0,0.3806453351362608,zscore,iqr,iqr
2025-01-02 09:03:00,123.0,12.82118389783822,22.017140743701507,22.017140743701507,22.017140743701507,1,1,1,4.433321118318377,zscore,iqr,iqr
2025-01-02 09:04:00,124.0,22.14671427345007,22.14671427345007,22.14671427345007,22.14671427345007,0,0,0,0.2971511659305302,zscore,iqr,iqr
2025-01-02 09:05:00,125.0,22.547613906452494,22.547613906452494,22.547613906452494,22.547613906452494,0,0,0,0.4887394602583153,zscore,iqr,iqr
2025-01-02 09:06:00,126.0,21.752365918717327,21.752365918717327,21.752365918717327,21.752365918717327,0,0,0,0.09263138999718443,zscore,iqr,iqr
2025-01-02 09:07:00,127.0,21.85842556759931,21.85842556759931,21.85842556759931,21.85842556759931,0,0,0,0.1481961535182087,zscore,iqr,iqr
2025-01-02 09:08:00,128.0,22.02491284127191,22.02491284127191,22.02491284127191,22.02491284127191,0,0,0,0.2201718139546726,zscore,iqr,iqr
2025-01-02 09:09:00,129.0,21.87413108647095,21.87413108647095,21.87413108647095,21.87413108647095,0,0,0,0.15863979072107737,zscore,iqr,iqr
2025-01-02 09:10:00,130.0,21.61233414223347,21.61233414223347,21.61233414223347,21.61233414223347,0,0,0,0.028946091493440945,zscore,iqr,iqr
2025-01-02 09:11:00,131.0,22.017140743701507,22.017140743701507,22.017140743701507,22.017140743701507,0,0,0,0.23123481144233254,zscore,iqr,iqr
2025-01-02 09:12:00,132.0,21.734424071568476,21.734424071568476,21.734424071568476,21.734424071568476,0,0,0,0.09199911921529047,zscore,iqr,iqr
2025-01-02 09:13:00,133.0,22.118398107658795,22.118398107658795,22.118398107658795,22.118398107658795,0,0,0,0.2950011158211872,zscore,iqr,iqr
2025-01-02 09:14:00,134.0,21.77014394144155,21.77014394144155,21.77014394144155,21.77014394144155,0,0,0,0.8367607278980207,zscore,iqr,iqr
2025-01-02 09:15:00,135.0,22.387483601254385,22.387483601254385,22.387483601254385,22.387483601254385,0,0,0,1.6172649094055143,zscore,iqr,iqr
2025-01-02 09:16:00,136.0,21.80418667691594,21.80418667691594,21.80418667691594,21.80418667691594,0,0,0,0.6079981668769887,zscore,iqr,iqr
2025-01-02 09:17:00,137.0,21.91948462094858,21.91948462094858,21.91948462094858,21.91948462094858,0,0,0,0.20994222878845398,zscore,iqr,iqr
2025-01-02 09:18:00,138.0,22.203379304342416,22.203379304342416,22.203379304342416,22.203379304342416,0,0,0,0.32314855300951095,zscore,iqr,iqr
2025-01-02 09:19:00,139.0,21.692283920891512,21.692283920891512,21.692283920891512,21.692283920891512,0,0,0,0.1080742345402505,zscore,iqr,iqr
2025-01-02 09:20:00,140.0,22.05686498365103,22.05686498365103,22.05686498365103,22.05686498365103,0,0,0,0.25676119694225547,zscore,iqr,iqr
2025-01-02 09:21:00,141.0,22.32678568857061,22.32678568857061,22.32678568857061,22.32678568857061,0,0,0,0.3596795888007877,zscore,iqr,iqr
2025-01-02 09:22:00,142.0,21.598129191359693,21.598129191359693,21.598129191359693,21.598129191359693,0,0,0,0.05906679033291467,zscore,iqr,iqr
2025-01-02 09:23:00,143.0,22.04615846463308,22.04615846463308,22.04615846463308,22.04615846463308,0,0,0,0.23963364462805659,zscore,iqr,iqr
2025-01-02 09:24:00,144.0,22.064970698562107,22.064970698562107,22.064970698562107,22.064970698562107,0,0,0,0.24844397742202112,zscore,iqr,iqr
2025-01-02 09:25:00,145.0,22.195455717944327,22.195455717944327,22.195455717944327,22.195455717944327,0,0,0,0.3018781862118505,zscore,iqr,iqr
2025-01-02 09:26:00,146.0,21.69076232228048,21.69076232228048,21.69076232228048,21.69076232228048,0,0,0,0.08950214041311592,zscore,iqr,iqr
2025-01-02 09:27:00,147.0,10.800551618854914,22.06262321258647,22.06262321258647,22.06262321258647,1,1,1,4.455901652755368,zscore,iqr,iqr
2025-01-02 09:28:00,148.0,22.130485391404225,22.130485391404225,22.130485391404225,22.130485391404225,0,0,0,0.2709018861733634,zscore,iqr,iqr
2025-01-02 09:29:00,149.0,22.074246168308296,22.074246168308296,22.074246168308296,22.074246168308296,0,0,0,0.24828369555082055,zscore,iqr,iqr
2025-01-02 09:30:00,150.0,22.06262321258647,22.06262321258647,22.06262321258647,22.06262321258647,0,0,0,0.24213178230811766,zscore,iqr,iqr
2025-01-02 09:31:00,151.0,22.08661205237424,22.08661205237424,22.08661205237424,22.08661205237424,0,0,0,0.24917333397836447,zscore,iqr,iqr
2025-01-02 09:32:00,152.0,21.829993819605377,21.829993819605377,21.829993819605377,21.829993819605377,0,0,0,0.14299390290927694,zscore,iqr,iqr
2025-01-02 09:33:00,153.0,22.05806342429025,22.05806342429025,22.05806342429025,22.05806342429025,0,0,0,0.23408913725747582,zscore,iqr,iqr
2025-01-02 09:34:00,154.0,22.07326811832467,22.07326811832467,22.07326811832467,22.07326811832467,0,0,0,0.23631772384381577,zscore,iqr,iqr
2025-01-02 09:35:00,155.0,21.821412145493408,21.821412145493408,21.821412145493408,21.821412145493408,0,0,0,0.1306853695597856,zscore,iqr,iqr
2025-01-02 09:36:00,156.0,22.466443627786187,22.466443627786187,22.466443627786187,22.466443627786187,0,0,0,0.3989487453100067,zscore,iqr,iqr
2025-01-02 09:37:00,157.0,22.118458230227947,22.118458230227947,22.118458230227947,22.118458230227947,0,0,0,0.23773283312041177,zscore,iqr,iqr
2025-01-02 09:38:00,158.0,21.702174125699337,21.702174125699337,21.702174125699337,21.702174125699337,0,0,0,1.8096505839175285,zscore,iqr,iqr
2025-01-02 09:39:00,159.0,22.164138402158457,22.164138402158457,22.164138402158457,22.164138402158457,0,0,0,0.48603880938628335,zscore,iqr,iqr
2025-01-02 09:40:00,160.0,21.75632958244317,21.75632958244317,21.75632958244317,21.75632958244317,0,0,0,1.3082226841307225,zscore,iqr,iqr
2025-01-02 09:41:00,161.0,22.19677115093561,22.19677115093561,22.19677115093561,22.19677115093561,0,0,0,0.7159339433389833,zscore,iqr,iqr
2025-01-02 09:42:00,162.0,22.289648894751853,22.289648894751853,22.289648894751853,22.289648894751853,0,0,0,1.1458803816681413,zscore,iqr,iqr
2025-01-02 09:43:00,163.0,21.79482942041207,21.79482942041207,21.79482942041207,21.79482942041207,0,0,0,1.0992224402509598,zscore,iqr,iqr
2025-01-02 09:44:00,164.0,22.24084403231108,22.24084403231108,22.24084403231108,22.24084403231108,0,0,0,0.8920236751693198,zscore,iqr,iqr
2025-01-02 09:45:00,165.0,22.103195231734123,22.103195231734123,22.103195231734123,22.103195231734123,0,0,0,0.2454578784576046,zscore,iqr,iqr
2025-01-02 09:46:00,166.0,22.205515039998623,22.205515039998623,22.205515039998623,22.205515039998623,0,0,0,0.675167533804512,zscore,iqr,iqr
2025-01-02 09:47:00,167.0,22.474198245663487,22.474198245663487,22.474198245663487,22.474198245663487,0,0,0,1.9862517344767936,zscore,iqr,iqr
2025-01-02 09:48:00,168.0,21.93865297099928,21.93865297099928,21.93865297099928,21.93865297099928,0,0,0,0.48618828731831304,zscore,iqr,iqr
2025-01-02 09:49:00,169.0,21.811565958910627,21.811565958910627,21.811565958910627,21.811565958910627,0,0,0,1.1590628506601481,zscore,iqr,iqr
2025-01-02 09:50:00,170.0,21.77762139259362,21.77762139259362,21.77762139259362,21.77762139259362,0,0,0,1.2998661349133558,zscore,iqr,iqr
2025-01-02 09:51:00,171.0,21.79604742875864,21.79604742875864,21.79604742875864,21.79604742875864,0,0,0,1.2384007638438275,zscore,iqr,iqr
2025-01-02 09:52:00,172.0,21.980724572646476,21.980724572646476,21.980724572646476,21.980724572646476,0,0,0,0.35219524119976947,zscore,iqr,iqr
2025-01-02 09:53:00,173.0,22.08528799370416,22.08528799370416,22.08528799370416,22.08528799370416,0,0,0,0.10393292782506627,zscore,iqr,iqr
2025-01-02 09:54:00,174.0,22.069172699832503,22.069172699832503,22.069172699832503,22.069172699832503,0,0,0,0.008686136954136043,zscore,iqr,iqr
2025-01-02 09:55:00,175.0,22.206795812259006,22.206795812259006,22.206795812259006,22.206795812259006,0,0,0,0.6050568343753215,zscore,iqr,iqr
2025-01-02 09:56:00,176.0,22.00325047296948,22.00325047296948,22.00325047296948,22.00325047296948,0,0,0,0.2611534202218661,zscore,iqr,iqr
2025-01-02 09:57:00,177.0,22.36338351928933,22.36338351928933,22.36338351928933,22.36338351928933,0,0,0,1.3191980401021302,zscore,iqr,iqr
2025-01-02 09:58:00,178.0,21.933835791690512,21.933835791690512,21.933835791690512,21.933835791690512,0,0,0,0.3969241986458536,zscore,iqr,iqr
2025-01-02 09:59:00,179.0,22.680042291647403,21.98179277183578,21.98179277183578,22.680042291647403,1,1,0,2.8490220228593803,zscore,iqr,iqr
2025-01-02 10:00:00,180.0,22.15641683694125,22.15641683694125,22.15641683694125,22.15641683694125,0,0,0,0.6253991431263973,zscore,iqr,iqr
2025-01-02 10:01:00,181.0,21.78571061089593,21.78571061089593,21.78571061089593,21.78571061089593,0,0,0,1.0577585807690888,zscore,iqr,iqr
2025-01-02 10:02:00,182.0,21.73227687548472,21.73227687548472,21.73227687548472,21.73227687548472,0,0,0,1.3769270475052398,zscore,iqr,iqr
2025-01-02 10:03:00,183.0,22.120618103810795,22.120618103810795,22.120618103810795,22.120618103810795,0,0,0,0.38424416359310615,zscore,iqr,iqr
2025-01-02 10:04:00,184.0,21.944134303668537,21.944134303668537,21.944134303668537,21.944134303668537,0,0,0,0.34976765120191716,zscore,iqr,iqr
2025-01-02 10:05:00,185.0,22.178500123523023,22.178500123523023,22.178500123523023,22.178500123523023,0,0,0,0.6305745989747047,zscore,iqr,iqr
2025-01-02 10:06:00,186.0,22.118309406143386,22.118309406143386,22.118309406143386,22.118309406143386,0,0,0,0.4589740757199593,zscore,iqr,iqr
2025-01-02 10:07:00,187.0,21.98179277183578,21.98179277183578,21.98179277183578,21.98179277183578,0,0,0,0.11673866692858739,zscore,iqr,iqr
2025-01-02 10:08:00,188.0,21.788301570482897,21.788301570482897,21.788301570482897,21.788301570482897,0,0,0,0.9036272451542439,zscore,iqr,iqr
2025-01-02 10:09:00,189.0,21.621288193828534,21.621288193828534,21.621288193828534,21.621288193828534,0,0,0,1.5434076796142773,zscore,iqr,iqr
2025-01-02 10:10:00,190.0,21.888371261983245,21.888371261983245,21.888371261983245,21.888371261983245,0,0,0,0.37364078864318495,zscore,iqr,iqr
2025-01-02 10:11:00,191.0,22.214099698580867,22.214099698580867,22.214099698580867,22.214099698580867,0,0,0,1.4745459780348544,zscore,iqr,iqr
2025-01-02 10:12:00,192.0,22.053523436032552,22.053523436032552,22.053523436032552,22.053523436032552,0,0,0,0.41493281863197673,zscore,iqr,iqr
2025-01-02 10:13:00,193.0,21.688565305322005,21.688565305322005,21.688565305322005,21.688565305322005,0,0,0,1.6895942702107352,zscore,iqr,iqr
2025-01-02 10:14:00,194.0,22.0432952314628,22.0432952314628,22.0432952314628,22.0432952314628,0,0,0,0.3198325126859176,zscore,iqr,iqr
2025-01-02 10:15:00,195.0,22.096329344932208,22.096329344932208,22.096329344932208,22.096329344932208,0,0,0,0.615295293456762,zscore,iqr,iqr
2025-01-02 10:16:00,196.0,21.779035640949715,21.779035640949715,21.779035640949715,21.779035640949715,0,0,0,0.9483334299653942,zscore,iqr,iqr
2025-01-02 10:17:00,197.0,22.03843127648638,22.03843127648638,22.03843127648638,22.03843127648638,0,0,0,0.34198771194733457,zscore,iqr,iqr
2025-01-02 10:18:00,198.0,22.0145521796115,22.0145521796115,22.0145521796115,22.0145521796115,0,0,0,0.18569095980455672,zscore,iqr,iqr
2025-01-02 10:19:00,199.0,21.714257425542343,21.714257425542343,21.714257425542343,21.714257425542343,0,0,0,1.1049290961520932,zscore,iqr,iqr
2025-01-02 10:20:00,200.0,22.08944684008707,22.08944684008707,22.08944684008707,22.08944684008707,0,0,0,0.11673062032927779,zscore,iqr,iqr
2025-01-02 10:21:00,201.0,22.14019613159206,22.14019613159206,22.14019613159206,22.14019613159206,0,0,0,0.23219390665920947,zscore,iqr,iqr
2025-01-02 10:22:00,202.0,22.27076281079382,22.27076281079382,22.27076281079382,22.27076281079382,0,0,0,0.7010230012777476,zscore,iqr,iqr
2025-01-02 10:23:00,203.0,22.263450513008724,22.263450513008724,22.263450513008724,22.263450513008724,0,0,0,0.6543606630452633,zscore,iqr,iqr
2025-01-02 10:24:00,204.0,21.65558265801073,22.12844648772805,22.12844648772805,21.65558265801073,1,1,0,1.6558620225347742,zscore,iqr,iqr
2025-01-02 10:25:00,205.0,21.76554374002122,22.128758816802165,21.76554374002122,21.76554374002122,1,0,0,1.2642615313496983,zscore,iqr,iqr
2025-01-02 10:26:00,206.0,22.128758816802165,22.128758816802165,22.128758816802165,22.128758816802165,0,0,0,0.15343946622250146,zscore,iqr,iqr
2025-01-02 10:27:00,207.0,22.12844648772805,22.12844648772805,22.12844648772805,22.12844648772805,0,0,0,0.12710198853866478,zscore,iqr,iqr
2025-01-02 10:28:00,208.0,22.128761921576512,22.128761921576512,22.128761921576512,22.128761921576512,0,0,0,0.15472100277277098,zscore,iqr,iqr
2025-01-02 10:29:00,209.0,22.96318287266368,22.128758816802165,22.128758816802165,22.128758816802165,1,1,1,3.249749345083523,zscore,iqr,iqr
2025-01-02 10:30:00,210.0,22.14272262767329,22.14272262767329,22.14272262767329,22.14272262767329,0,0,0,0.05167233961641845,zscore,iqr,iqr
2025-01-02 10:31:00,211.0,22.28389141004515,22.28389141004515,22.28389141004515,22.28389141004515,0,0,0,0.5999423292058759,zscore,iqr,iqr
2025-01-02 10:32:00,212.0,22.2385004408733,22.2385004408733,22.2385004408733,22.2385004408733,0,0,0,0.44491030678220617,zscore,iqr,iqr
2025-01-02 10:33:00,213.0,22.16284781282645,22.16284781282645,22.16284781282645,22.16284781282645,0,0,0,0.28640239322909733,zscore,iqr,iqr
2025-01-02 10:34:00,214.0,21.921182688839917,21.921182688839917,21.921182688839917,21.921182688839917,0,0,0,0.41440452072731426,zscore,iqr,iqr
2025-01-02 10:35:00,215.0,22.18974230512332,22.18974230512332,22.18974230512332,22.18974230512332,0,0,0,0.34677177521667335,zscore,iqr,iqr
2025-01-02 10:36:00,216.0,21.80679369636561,21.80679369636561,21.80679369636561,21.80679369636561,0,0,0,0.9552923387075462,zscore,iqr,iqr
2025-01-02 10:37:00,217.0,21.940795348315,21.940795348315,21.940795348315,21.940795348315,0,0,0,0.43360474775802016,zscore,iqr,iqr
2025-01-02 10:38:00,218.0,21.878659113042723,21.878659113042723,21.878659113042723,21.878659113042723,0,0,0,0.5783030809984389,zscore,iqr,iqr
2025-01-02 10:39:00,219.0,22.020468534846582,22.020468534846582,22.020468534846582,22.020468534846582,0,0,0,0.13439522773283546,zscore,iqr,iqr
2025-01-02 10:40:00,220.0,22.57866464166838,22.57866464166838,22.57866464166838,22.57866464166838,0,0,0,2.3092316604977587,zscore,iqr,iqr
2025-01-02 10:41:00,221.0,21.533183701852064,21.533183701852064,21.533183701852064,21.533183701852064,0,0,0,1.9191142870635245,zscore,iqr,iqr
2025-01-02 10:42:00,222.0,22.171565047593628,22.171565047593628,22.171565047593628,22.171565047593628,0,0,0,0.7601963824154916,zscore,iqr,iqr
2025-01-02 10:43:00,223.0,21.596821032202588,21.596821032202588,21.596821032202588,21.596821032202588,0,0,0,1.6120223646552303,zscore,iqr,iqr
2025-01-02 10:44:00,224.0,21.882017033552643,21.882017033552643,21.882017033552643,21.882017033552643,0,0,0,0.4155665850088971,zscore,iqr,iqr
2025-01-02 10:45:00,225.0,22.27223764924184,22.27223764924184,22.27223764924184,22.27223764924184,0,0,0,1.0376628039501983,zscore,iqr,iqr
2025-01-02 10:46:00,226.0,22.016070004773866,22.016070004773866,22.016070004773866,22.016070004773866,0,0,0,0.17255681309857784,zscore,iqr,iqr
2025-01-02 10:47:00,227.0,21.730563805517672,21.730563805517672,21.730563805517672,21.730563805517672,0,0,0,0.8985996795251001,zscore,iqr,iqr
2025-01-02 10:48:00,228.0,21.821174072685007,21.821174072685007,21.821174072685007,21.821174072685007,0,0,0,0.5498601469508598,zscore,iqr,iqr
2025-01-02 10:49:00,229.0,22.16989943723367,22.16989943723367,22.16989943723367,22.16989943723367,0,0,0,0.6367835789409672,zscore,iqr,iqr
2025-01-02 10:50:00,230.0,21.81740834207072,21.81740834207072,21.81740834207072,21.81740834207072,0,0,0,0.5702364609436685,zscore,iqr,iqr
2025-01-02 10:51:00,231.0,22.05411464739549,22.05411464739549,22.05411464739549,22.05411464739549,0,0,0,0.4104285824199818,zscore,iqr,iqr
2025-01-02 10:52:00,232.0,22.011392959975957,22.011392959975957,22.011392959975957,22.011392959975957,0,0,0,0.13674179130590108,zscore,iqr,iqr
2025-01-02 10:53:00,233.0,21.837099913098545,21.837099913098545,21.837099913098545,21.837099913098545,0,0,0,0.6066412522020288,zscore,iqr,iqr
2025-01-02 10:54:00,234.0,22.535986022331333,22.535986022331333,22.535986022331333,22.535986022331333,0,0,0,2.383557271641866,zscore,iqr,iqr
2025-01-02 10:55:00,235.0,22.158479755579503,22.158479755579503,22.158479755579503,22.158479755579503,0,0,0,0.7418150491514776,zscore,iqr,iqr
2025-01-02 10:56:00,236.0,21.4937143533356,21.4937143533356,21.4937143533356,21.4937143533356,0,0,0,0.03885526377852958,zscore,iqr,iqr
2025-01-02 10:57:00,237.0,22.046613578692355,22.046613578692355,22.046613578692355,22.046613578692355,0,0,0,0.25422839158485455,zscore,iqr,iqr
2025-01-02 10:58:00,238.0,21.834553383807904,21.834553383807904,21.834553383807904,21.834553383807904,0,0,0,0.15936509524572165,zscore,iqr,iqr
2025-01-02 10:59:00,239.0,22.21310833369905,22.21310833369905,22.21310833369905,22.21310833369905,0,0,0,0.2986603664347102,zscore,iqr,iqr
2025-01-02 11:00:00,240.0,21.801869815391825,21.801869815391825,21.801869815391825,21.801869815391825,0,0,0,0.15070472832423581,zscore,iqr,iqr
2025-01-02 11:01:00,241.0,21.971315889633274,21.971315889633274,21.971315889633274,21.971315889633274,0,0,0,0.2076537625334096,zscore,iqr,iqr
2025-01-02 11:02:00,242.0,22.126246819745116,22.126246819745116,22.126246819745116,22.126246819745116,0,0,0,0.25742542136605573,zscore,iqr,iqr
2025-01-02 11:03:00,243.0,22.21643879854253,22.21643879854253,22.21643879854253,22.21643879854253,0,0,0,0.2869632090079637,zscore,iqr,iqr
2025-01-02 11:04:00,244.0,21.699925898236057,21.699925898236057,21.699925898236057,21.699925898236057,0,0,0,0.09448163232740117,zscore,iqr,iqr
2025-01-02 11:05:00,245.0,21.916374691039763,21.916374691039763,21.916374691039763,21.916374691039763,0,0,0,0.18940645651123061,zscore,iqr,iqr
2025-01-02 11:06:00,246.0,9.766878146174374,21.971315889633274,21.971315889633274,21.971315889633274,1,1,1,4.448520811584705,zscore,iqr,iqr
2025-01-02 11:07:00,247.0,21.83666769185657,21.83666769185657,21.83666769185657,21.83666769185657,0,0,0,0.1498959067335505,zscore,iqr,iqr
2025-01-02 11:08:00,248.0,22.441363560070275,22.441363560070275,22.441363560070275,22.441363560070275,0,0,0,0.3791875119218584,zscore,iqr,iqr
2025-01-02 11:09:00,249.0,22.10124542774024,22.10124542774024,22.10124542774024,22.10124542774024,0,0,0,0.24268393321583692,zscore,iqr,iqr
2025-01-02 11:10:00,250.0,21.68477901141624,21.68477901141624,21.68477901141624,21.68477901141624,0,0,0,0.09236862310662527,zscore,iqr,iqr
2025-01-02 11:11:00,251.0,22.229465486763694,22.229465486763694,22.229465486763694,22.229465486763694,0,0,0,0.2965557339704399,zscore,iqr,iqr
2025-01-02 11:12:00,252.0,22.53053904925316,22.53053904925316,22.53053904925316,22.53053904925316,0,0,0,0.42581055528043144,zscore,iqr,iqr
2025-01-02 11:13:00,253.0,22.258116315137787,22.258116315137787,22.258116315137787,22.258116315137787,0,0,0,0.3293211855465573,zscore,iqr,iqr
2025-01-02 11:14:00,254.0,21.620157508511497,21.620157508511497,21.620157508511497,21.620157508511497,0,0,0,0.09088218622061918,zscore,iqr,iqr
2025-01-02 11:15:00,255.0,21.87894148178344,21.87894148178344,21.87894148178344,21.87894148178344,0,0,0,0.19006852797029467,zscore,iqr,iqr
2025-01-02 11:16:00,256.0,22.316727787296657,22.316727787296657,22.316727787296657,22.316727787296657,0,0,0,0.3476241839359278,zscore,iqr,iqr
2025-01-02 11:17:00,257.0,21.823082633595305,21.823082633595305,21.823082633595305,21.823082633595305,0,0,0,0.4538894710594627,zscore,iqr,iqr
2025-01-02 11:18:00,258.0,22.11095485703656,22.11095485703656,22.11095485703656,22.11095485703656,0,0,0,0.42357393080403455,zscore,iqr,iqr
2025-01-02 11:19:00,259.0,22.19365851335733,22.19365851335733,22.19365851335733,22.19365851335733,0,0,0,0.7784923373122924,zscore,iqr,iqr
2025-01-02 11:20:00,260.0,21.76826738210548,21.76826738210548,21.76826738210548,21.76826738210548,0,0,0,0.6215395371816422,zscore,iqr,iqr
2025-01-02 11:21:00,261.0,21.98511866098455,21.98511866098455,21.98511866098455,21.98511866098455,0,0,0,0.06526940457178146,zscore,iqr,iqr
2025-01-02 11:22:00,262.0,21.18968316498273,21.18968316498273,21.18968316498273,21.18968316498273,0,0,0,2.4052365575680064,zscore,iqr,iqr
2025-01-02 11:23:00,263.0,21.74390308966643,21.74390308966643,21.74390308966643,21.74390308966643,0,0,0,0.6647373430983607,zscore,iqr,iqr
2025-01-02 11:24:00,264.0,21.93685796215171,21.93685796215171,21.93685796215171,21.93685796215171,0,0,0,0.06463976518863317,zscore,iqr,iqr
2025-01-02 11:25:00,265.0,21.688054204508788,21.688054204508788,21.688054204508788,21.688054204508788,0,0,0,0.8842972167589924,zscore,iqr,iqr
2025-01-02 11:26:00,266.0,22.40810282598291,22.40810282598291,22.40810282598291,22.40810282598291,0,0,0,1.5958316315448873,zscore,iqr,iqr
2025-01-02 11:27:00,267.0,21.64246465550984,21.64246465550984,21.64246465550984,21.64246465550984,0,0,0,1.033431241315417,zscore,iqr,iqr
2025-01-02 11:28:00,268.0,21.889988878325752,21.889988878325752,21.889988878325752,21.889988878325752,0,0,0,0.16978690120371828,zscore,iqr,iqr
2025-01-02 11:29:00,269.0,22.032685144321523,22.032685144321523,22.032685144321523,22.032685144321523,0,0,0,0.38800483519552537,zscore,iqr,iqr
2025-01-02 11:30:00,270.0,22.36031832226653,22.36031832226653,22.36031832226653,22.36031832226653,0,0,0,1.6515548736864059,zscore,iqr,iqr
2025-01-02 11:31:00,271.0,21.64103446220514,21.64103446220514,21.64103446220514,21.64103446220514,0,0,0,1.0999437361766775,zscore,iqr,iqr
2025-01-02 11:32:00,272.0,22.29079093803874,22.29079093803874,22.29079093803874,22.29079093803874,0,0,0,1.161168617462437,zscore,iqr,iqr
2025-01-02 11:33:00,273.0,22.002558265254898,22.002558265254898,22.002558265254898,22.002558265254898,0,0,0,0.08866102199074777,zscore,iqr,iqr
2025-01-02 11:34:00,274.0,21.754622837238013,21.754622837238013,21.754622837238013,21.754622837238013,0,0,0,1.017152038991533,zscore,iqr,iqr
2025-01-02 11:35:00,275.0,22.11552586856582,22.11552586856582,22.11552586856582,22.11552586856582,0,0,0,0.41545114641761616,zscore,iqr,iqr
2025-01-02 11:36:00,276.0,22.049764923893367,22.049764923893367,22.049764923893367,22.049764923893367,0,0,0,0.13934932591560237,zscore,iqr,iqr
2025-01-02 11:37:00,277.0,21.8499457807103,21.8499457807103,21.8499457807103,21.8499457807103,0,0,0,0.5746841345522979,zscore,iqr,iqr
2025-01-02 11:38:00,278.0,22.017450521247504,22.017450521247504,22.017450521247504,22.017450521247504,0,0,0,0.009128299020328147,zscore,iqr,iqr
2025-01-02 11:39:00,279.0,21.90367160078456,21.90367160078456,21.90367160078456,21.90367160078456,0,0,0,0.45730266351012694,zscore,iqr,iqr
2025-01-02 11:40:00,280.0,22.028379336312813,22.028379336312813,22.028379336312813,22.028379336312813,0,0,0,0.059649260252636546,zscore,iqr,iqr
2025-01-02 11:41:00,281.0,22.165532668630263,22.165532668630263,22.165532668630263,22.165532668630263,0,0,0,0.734306461735835,zscore,iqr,iqr
2025-01-02 11:42:00,282.0,22.396504204036336,22.396504204036336,22.396504204036336,22.396504204036336,0,0,0,1.7393461040705207,zscore,iqr,iqr
2025-01-02 11:43:00,283.0,21.690546125293288,21.690546125293288,21.690546125293288,21.690546125293288,0,0,0,1.370610912560251,zscore,iqr,iqr
2025-01-02 11:44:00,284.0,22.533258343664063,22.533258343664063,22.017450521247504,22.533258343664063,0,1,0,2.3729394656270446,zscore,iqr,iqr
2025-01-02 11:45:00,285.0,21.51197805011937,21.51197805011937,21.51197805011937,21.51197805011937,0,0,0,2.227530008575254,zscore,iqr,iqr
2025-01-02 11:46:00,286.0,21.962053726241106,21.962053726241106,21.962053726241106,21.962053726241106,0,0,0,0.21140782615225007,zscore,iqr,iqr
2025-01-02 11:47:00,287.0,22.147079301621144,22.147079301621144,22.147079301621144,22.147079301621144,0,0,0,0.6048644435536141,zscore,iqr,iqr
2025-01-02 11:48:00,288.0,22.07024796693376,22.07024796693376,22.07024796693376,22.07024796693376,0,0,0,0.18848750728775238,zscore,iqr,iqr
2025-01-02 11:49:00,289.0,21.84432512004485,21.84432512004485,21.84432512004485,21.84432512004485,0,0,0,0.8358152088339399,zscore,iqr,iqr
2025-01-02 11:50:00,290.0,21.94796943741068,21.94796943741068,21.94796943741068,21.94796943741068,0,0,0,0.3502475203811994,zscore,iqr,iqr
2025-01-02 11:51:00,291.0,21.87674976633529,21.87674976633529,21.87674976633529,21.87674976633529,0,0,0,0.6157270470228177,zscore,iqr,iqr
2025-01-02 11:52:00,292.0,21.85265881076395,21.85265881076395,21.85265881076395,21.85265881076395,0,0,0,0.7207834027488185,zscore,iqr,iqr
2025-01-02 11:53:00,293.0,22.21240052425525,22.21240052425525,22.21240052425525,22.21240052425525,0,0,0,0.909939733609273,zscore,iqr,iqr
2025-01-02 11:54:00,294.0,22.089253871491263,22.089253871491263,22.089253871491263,22.089253871491263,0,0,0,0.18607764802336427,zscore,iqr,iqr
2025-01-02 11:55:00,295.0,21.826772601184835,21.826772601184835,21.826772601184835,21.826772601184835,0,0,0,0.3221540522159312,zscore,iqr,iqr
2025-01-02 11:56:00,296.0,22.224899968858317,22.224899968858317,22.224899968858317,22.224899968858317,0,0,0,0.11738982687004605,zscore,iqr,iqr
2025-01-02 11:57:00,297.0,22.076824880219156,22.076824880219156,22.076824880219156,22.076824880219156,0,0,0,0.19933007443685083,zscore,iqr,iqr
2025-01-02 11:58:00,298.0,22.20321552970974,22.20321552970974,22.20321552970974,22.20321552970974,0,0,0,0.12644491345418093,zscore,iqr,iqr
2025-01-02 11:59:00,299.0,22.157407210480905,22.157407210480905,22.157407210480905,22.157407210480905,0,0,0,0.1493353820087021,zscore,iqr,iqr
2025-01-02 12:00:00,300.0,21.79275124726948,21.79275124726948,21.79275124726948,21.79275124726948,0,0,0,0.36168653859403666,zscore,iqr,iqr
2025-01-02 12:01:00,301.0,21.85995473995076,21.85995473995076,21.85995473995076,21.85995473995076,0,0,0,0.33256657114379823,zscore,iqr,iqr
2025-01-02 12:02:00,302.0,22.18682340128081,22.18682340128081,22.18682340128081,22.18682340128081,0,0,0,0.15386013733933893,zscore,iqr,iqr
2025-01-02 12:03:00,303.0,22.152592566358365,22.152592566358365,22.152592566358365,22.152592566358365,0,0,0,0.18366794196829503,zscore,iqr,iqr
2025-01-02 12:04:00,304.0,30.178151561233413,22.152592566358365,22.152592566358365,22.152592566358365,1,1,1,4.453172502919688,zscore,iqr,iqr
2025-01-02 12:05:00,305.0,22.029331845827198,22.029331845827198,22.029331845827198,22.029331845827198,0,0,0,0.255679276700968,zscore,iqr,iqr
2025-01-02 12:06:00,306.0,22.319416223947105,22.319416223947105,22.319416223947105,22.319416223947105,0,0,0,0.09777518661717702,zscore,iqr,iqr
2025-01-02 12:07:00,307.0,21.85210715279104,21.85210715279104,21.85210715279104,21.85210715279104,0,0,0,0.35946143697369887,zscore,iqr,iqr
2025-01-02 12:08:00,308.0,22.13677434529251,22.13677434529251,22.13677434529251,22.13677434529251,0,0,0,0.19498309441007863,zscore,iqr,iqr
2025-01-02 12:09:00,309.0,21.949451836891527,21.949451836891527,21.949451836891527,21.949451836891527,0,0,0,0.296381967186985,zscore,iqr,iqr
2025-01-02 12:10:00,310.0,21.9455796991932,21.9455796991932,21.9455796991932,21.9455796991932,0,0,0,0.29472684851768666,zscore,iqr,iqr
2025-01-02 12:11:00,311.0,22.2746942129968,22.2746942129968,22.2746942129968,22.2746942129968,0,0,0,0.11494571414478763,zscore,iqr,iqr
2025-01-02 12:12:00,312.0,22.206354087247007,22.206354087247007,22.206354087247007,22.206354087247007,0,0,0,0.15260687816298146,zscore,iqr,iqr
2025-01-02 12:13:00,313.0,22.20337740900016,22.20337740900016,22.20337740900016,22.20337740900016,0,0,0,0.16369458732073866,zscore,iqr,iqr
2025-01-02 12:14:00,314.0,22.326369701788582,22.326369701788582,22.326369701788582,22.326369701788582,0,0,0,0.08112735797059868,zscore,iqr,iqr
2025-01-02 12:15:00,315.0,22.00525096040819,22.00525096040819,22.00525096040819,22.00525096040819,0,0,0,0.28500277890261394,zscore,iqr,iqr
2025-01-02 12:16:00,316.0,22.17048824282374,22.17048824282374,22.17048824282374,22.17048824282374,0,0,0,0.45492715509270204,zscore,iqr,iqr
2025-01-02 12:17:00,317.0,21.92243331085164,21.92243331085164,21.92243331085164,21.92243331085164,0,0,0,0.724292867728589,zscore,iqr,iqr
2025-01-02 12:18:00,318.0,22.081041588122112,22.081041588122112,22.081041588122112,22.081041588122112,0,0,0,0.016197217330378096,zscore,iqr,iqr
2025-01-02 12:19:00,319.0,21.96746423640808,21.96746423640808,21.96746423640808,21.96746423640808,0,0,0,0.5932823097618893,zscore,iqr,iqr
2025-01-02 12:20:00,320.0,22.02424899124818,22.02424899124818,22.02424899124818,22.02424899124818,0,0,0,0.32066625326059056,zscore,iqr,iqr
2025-01-02 12:21:00,321.0,22.14878925635923,22.14878925635923,22.14878925635923,22.14878925635923,0,0,0,0.336686327021096,zscore,iqr,iqr
2025-01-02 12:22:00,322.0,21.79544482919163,21.79544482919163,21.79544482919163,21.79544482919163,0,0,0,1.347152168678501,zscore,iqr,iqr
2025-01-02 12:23:00,323.0,22.523096818921363,22.523096818921363,22.523096818921363,22.523096818921363,0,0,0,2.3085270696305904,zscore,iqr,iqr
2025-01-02 12:24:00,324.0,21.748495654625074,21.748495654625074,21.748495654625074,21.748495654625074,0,0,0,1.4636619784000673,zscore,iqr,iqr
2025-01-02 12:25:00,325.0,21.696452846803066,21.696452846803066,21.696452846803066,21.696452846803066,0,0,0,1.7035480168906363,zscore,iqr,iqr
2025-01-02 12:26:00,326.0,22.289527718375016,22.289527718375016,22.289527718375016,22.289527718375016,0,0,0,1.2984000365777149,zscore,iqr,iqr
2025-01-02 12:27:00,327.0,22.197915673490733,22.197915673490733,22.197915673490733,22.197915673490733,0,0,0,0.9161426166528995,zscore,iqr,iqr
2025-01-02 12:28:00,328.0,22.15602995426304,22.15602995426304,22.15602995426304,22.15602995426304,0,0,0,0.667879722083546,zscore,iqr,iqr
2025-01-02 12:29:00,329.0,22.15708637731607,22.15708637731607,22.15708637731607,22.15708637731607,0,0,0,0.7169166556716499,zscore,iqr,iqr
2025-01-02 12:30:00,330.0,21.996938306788277,21.996938306788277,21.996938306788277,21.996938306788277,0,0,0,0.022819718433982363,zscore,iqr,iqr
2025-01-02 12:31:00,331.0,21.775686407128543,21.775686407128543,21.775686407128543,21.775686407128543,0,0,0,1.0822095628429205,zscore,iqr,iqr
2025-01-02 12:32:00,332.0,22.01895113954843,22.01895113954843,22.01895113954843,22.01895113954843,0,0,0,0.09422805807181743,zscore,iqr,iqr
2025-01-02 12:33:00,333.0,21.83070957212197,21.83070957212197,21.83070957212197,21.83070957212197,0,0,0,0.8387238031937748,zscore,iqr,iqr
2025-01-02 12:34:00,334.0,22.24377993335444,22.24377993335444,22.24377993335444,22.24377993335444,0,0,0,1.5905748646537077,zscore,iqr,iqr
2025-01-02 12:35:00,335.0,21.963235654624462,21.963235654624462,21.963235654624462,21.963235654624462,0,0,0,0.14654097821355405,zscore,iqr,iqr
2025-01-02 12:36:00,336.0,21.793625700801872,21.793625700801872,21.793625700801872,21.793625700801872,0,0,0,1.1282993902103928,zscore,iqr,iqr
2025-01-02 12:37:00,337.0,21.91965353958675,21.91965353958675,21.91965353958675,21.91965353958675,0,0,0,0.20248133795597992,zscore,iqr,iqr
2025-01-02 12:38:00,338.0,22.103232863568905,22.103232863568905,22.103232863568905,22.103232863568905,0,0,0,1.0312720369403163,zscore,iqr,iqr
2025-01-02 12:39:00,339.0,21.85906886179901,21.85906886179901,21.85906886179901,21.85906886179901,0,0,0,0.43255822153935775,zscore,iqr,iqr
2025-01-02 12:40:00,340.0,21.794444901108392,21.794444901108392,21.794444901108392,21.794444901108392,0,0,0,0.8524488645926138,zscore,iqr,iqr
2025-01-02 12:41:00,341.0,22.06092180287298,22.06092180287298,22.06092180287298,22.06092180287298,0,0,0,0.6832672857033031,zscore,iqr,iqr
2025-01-02 12:42:00,342.0,22.06124164277718,22.06124164277718,22.06124164277718,22.06124164277718,0,0,0,0.5509614876131709,zscore,iqr,iqr
2025-01-02 12:43:00,343.0,21.873264206157216,21.873264206157216,21.873264206157216,21.873264206157216,0,0,0,0.4658158769935255,zscore,iqr,iqr
2025-01-02 12:44:00,344.0,21.88224042359542,21.88224042359542,21.88224042359542,21.88224042359542,0,0,0,0.4649609214157256,zscore,iqr,iqr
2025-01-02 12:45:00,345.0,22.058012484339407,22.058012484339407,22.058012484339407,22.058012484339407,0,0,0,0.6648584366964423,zscore,iqr,iqr
2025-01-02 12:46:00,346.0,21.63797891462567,21.63797891462567,21.63797891462567,21.63797891462567,0,0,0,1.753540311023205,zscore,iqr,iqr
2025-01-02 12:47:00,347.0,21.648134056405866,21.648134056405866,21.648134056405866,21.648134056405866,0,0,0,1.7642302735305844,zscore,iqr,iqr
2025-01-02 12:48:00,348.0,21.82038894468689,21.82038894468689,21.82038894468689,21.82038894468689,0,0,0,0.7934088340994138,zscore,iqr,iqr
2025-01-02 12:49:00,349.0,21.94663821207204,21.94663821207204,21.94663821207204,21.94663821207204,0,0,0,0.02041898414325346,zscore,iqr,iqr
2025-01-02 12:50:00,350.0,22.0777268913995,22.0777268913995,22.0777268913995,22.0777268913995,0,0,0,0.688688235971674,zscore,iqr,iqr
2025-01-02 12:51:00,351.0,22.368839054237387,22.368839054237387,22.368839054237387,22.368839054237387,0,0,0,1.9764500832353482,zscore,iqr,iqr
2025-01-02 12:52:00,352.0,22.214414905800503,22.214414905800503,22.214414905800503,22.214414905800503,0,0,0,1.2095456925191832,zscore,iqr,iqr
2025-01-02 12:53:00,353.0,21.960015367509143,21.960015367509143,21.960015367509143,21.960015367509143,0,0,0,0.11123400245095284,zscore,iqr,iqr
2025-01-02 12:54:00,354.0,21.995245948024326,21.995245948024326,21.995245948024326,21.995245948024326,0,0,0,0.0035493641939862005,zscore,iqr,iqr
2025-01-02 12:55:00,355.0,21.749367658840548,21.749367658840548,21.749367658840548,21.749367658840548,0,0,0,1.256288511882849,zscore,iqr,iqr
2025-01-02 12:56:00,356.0,21.9953717160019,21.9953717160019,21.9953717160019,21.9953717160019,0,0,0,0.006659162755413053,zscore,iqr,iqr
2025-01-02 12:57:00,357.0,21.927835340269965,21.927835340269965,21.927835340269965,21.927835340269965,0,0,0,0.47949654338163017,zscore,iqr,iqr
2025-01-02 12:58:00,358.0,22.08067964008452,22.08067964008452,22.08067964008452,22.08067964008452,0,0,0,0.3039953780153598,zscore,iqr,iqr
2025-01-02 12:59:00,359.0,21.79319226411192,21.79319226411192,21.79319226411192,21.79319226411192,0,0,0,1.478752531462317,zscore,iqr,iqr
2025-01-02 13:00:00,360.0,22.12983662856029,22.12983662856029,22.12983662856029,22.12983662856029,0,0,0,0.5976994857722026,zscore,iqr,iqr
2025-01-02 13:01:00,361.0,22.383184728250644,22.383184728250644,22.00314810019545,22.383184728250644,0,1,0,0.38348253449165026,zscore,iqr,iqr
2025-01-02 13:02:00,362.0,21.972809962885787,21.972809962885787,21.972809962885787,21.972809962885787,0,0,0,0.19610721461743913,zscore,iqr,iqr
2025-01-02 13:03:00,363.0,22.10042793052473,22.10042793052473,22.10042793052473,22.10042793052473,0,0,0,0.253827334968309,zscore,iqr,iqr
2025-01-02 13:04:00,364.0,22.172535997927778,22.172535997927778,22.172535997927778,22.172535997927778,0,0,0,0.3694704174014323,zscore,iqr,iqr
2025-01-02 13:05:00,365.0,21.89969488202854,21.89969488202854,21.89969488202854,21.89969488202854,0,0,0,0.2812029138778224,zscore,iqr,iqr
2025-01-02 13:06:00,366.0,22.056023120452604,22.056023120452604,22.056023120452604,22.056023120452604,0,0,0,0.0978176400274262,zscore,iqr,iqr
2025-01-02 13:07:00,367.0,22.00314810019545,22.00314810019545,22.00314810019545,22.00314810019545,0,0,0,0.08430646156937893,zscore,iqr,iqr
2025-01-02 13:08:00,368.0,22.024419024637208,22.024419024637208,22.024419024637208,22.024419024637208,0,0,0,0.08221276442361462,zscore,iqr,iqr
2025-01-02 13:09:00,369.0,21.80674755403613,21.80674755403613,21.80674755403613,21.80674755403613,0,0,0,0.03237519479299441,zscore,iqr,iqr
2025-01-02 13:10:00,370.0,22.006127543564737,22.006127543564737,22.006127543564737,22.006127543564737,0,0,0,0.08108775029185958,zscore,iqr,iqr
2025-01-02 13:11:00,371.0,11.782920551617838,22.006127543564737,22.006127543564737,11.782920551617838,1,1,0,2.412151266732348,zscore,iqr,iqr
2025-01-02 13:12:00,372.0,22.36278590194876,22.36278590194876,22.36278590194876,22.36278590194876,0,0,0,0.18222330318342259,zscore,iqr,iqr
2025-01-02 13:13:00,373.0,22.2398177065213,22.2398177065213,22.2398177065213,22.2398177065213,0,0,0,0.15339908610084496,zscore,iqr,iqr
2025-01-02 13:14:00,374.0,12.002647522811872,21.89969488202854,21.89969488202854,12.002647522811872,1,1,0,2.3459162379695444,zscore,iqr,iqr
2025-01-02 13:15:00,375.0,21.808163109277988,21.808163109277988,21.808163109277988,21.808163109277988,0,0,0,0.05287422731690704,zscore,iqr,iqr
2025-01-02 13:16:00,376.0,34.221186057770474,22.00314810019545,22.00314810019545,22.00314810019545,1,1,1,3.0853405721745126,zscore,iqr,iqr
2025-01-02 13:17:00,377.0,22.04583550143459,22.04583550143459,22.04583550143459,22.04583550143459,0,0,0,0.10391732591087109,zscore,iqr,iqr
2025-01-02 13:18:00,378.0,22.54745073330442,22.54745073330442,22.54745073330442,22.54745073330442,0,0,0,0.2236534570268918,zscore,iqr,iqr
2025-01-02 13:19:00,379.0,21.797925428661213,21.797925428661213,21.797925428661213,21.797925428661213,0,0,0,0.04258335680608349,zscore,iqr,iqr
2025-01-02 13:20:00,380.0,21.790069539454805,21.790069539454805,21.790069539454805,21.790069539454805,0,0,0,0.04102987075789354,zscore,iqr,iqr
2025-01-02 13:21:00,381.0,21.850151838638997,21.850151838638997,21.850151838638997,21.850151838638997,0,0,0,0.05433766274800131,zscore,iqr,iqr
2025-01-02 13:22:00,382.0,21.46902606892255,21.46902606892255,21.46902606892255,21.46902606892255,0,0,0,0.18222572409342835,zscore,iqr,iqr
2025-01-02 13:23:00,383.0,21.86856124457981,21.86856124457981,21.86856124457981,21.86856124457981,0,0,0,0.06785977517971199,zscore,iqr,iqr
2025-01-02 13:24:00,384.0,21.810216834611577,21.810216834611577,21.810216834611577,21.810216834611577,0,0,0,0.08550464954542376,zscore,iqr,iqr
2025-01-02 13:25:00,385.0,22.03759844661905,22.03759844661905,22.03759844661905,22.03759844661905,0,0,0,0.20566667452882126,zscore,iqr,iqr
2025-01-02 13:26:00,386.0,22.08543899394429,22.08543899394429,22.08543899394429,22.08543899394429,0,0,0,0.18283017073963478,zscore,iqr,iqr
2025-01-02 13:27:00,387.0,22.46904270980397,22.46904270980397,22.46904270980397,22.46904270980397,0,0,0,1.5909662879584905,zscore,iqr,iqr
2025-01-02 13:28:00,388.0,22.237605959546517,22.237605959546517,22.237605959546517,22.237605959546517,0,0,0,0.8200274387662965,zscore,iqr,iqr
2025-01-02 13:29:00,389.0,21.8557740860844,21.8557740860844,21.8557740860844,21.8557740860844,0,0,0,0.4616565690357182,zscore,iqr,iqr
2025-01-02 13:30:00,390.0,21.77539633216291,21.77539633216291,21.77539633216291,21.77539633216291,0,0,0,0.6940133650141787,zscore,iqr,iqr
2025-01-02 13:31:00,391.0,22.122979792876627,22.122979792876627,22.122979792876627,22.122979792876627,0,0,0,0.5088696137004257,zscore,iqr,iqr
2025-01-02 13:32:00,392.0,21.66994169824484,21.66994169824484,21.66994169824484,21.66994169824484,0,0,0,1.1075789496242474,zscore,iqr,iqr
2025-01-02 13:33:00,393.0,22.457864691463588,22.457864691463588,22.457864691463588,22.457864691463588,0,0,0,1.7211672898153092,zscore,iqr,iqr
2025-01-02 13:34:00,394.0,22.29486003018032,22.29486003018032,22.29486003018032,22.29486003018032,0,0,0,1.0922989165345598,zscore,iqr,iqr
2025-01-02 13:35:00,395.0,21.882706086973823,21.882706086973823,21.882706086973823,21.882706086973823,0,0,0,0.5652906633224678,zscore,iqr,iqr
2025-01-02 13:36:00,396.0,21.57171636772728,21.57171636772728,21.57171636772728,21.57171636772728,0,0,0,1.6699148478675143,zscore,iqr,iqr
2025-01-02 13:37:00,397.0,22.338468093541355,22.338468093541355,22.338468093541355,22.338468093541355,0,0,0,1.2516168979567848,zscore,iqr,iqr
2025-01-02 13:38:00,398.0,21.971365038686844,21.971365038686844,21.971365038686844,21.971365038686844,0,0,0,0.0635341008306981,zscore,iqr,iqr
2025-01-02 13:39:00,399.0,22.309454077993365,22.309454077993365,22.309454077993365,22.309454077993365,0,0,0,1.3704851779106249,zscore,iqr,iqr
2025-01-02 13:40:00,400.0,21.601393085301407,21.601393085301407,21.601393085301407,21.601393085301407,0,0,0,1.6417790731110946,zscore,iqr,iqr
2025-01-02 13:41:00,401.0,21.850156244261555,21.850156244261555,21.850156244261555,21.850156244261555,0,0,0,0.591404557147669,zscore,iqr,iqr
2025-01-02 13:42:00,402.0,22.001310924929545,22.001310924929545,22.001310924929545,22.001310924929545,0,0,0,0.1223098028912376,zscore,iqr,iqr
2025-01-02 13:43:00,403.0,22.011745148441182,22.011745148441182,22.011745148441182,22.011745148441182,0,0,0,0.041639883904104086,zscore,iqr,iqr
2025-01-02 13:44:00,404.0,21.887483632130188,21.887483632130188,21.887483632130188,21.887483632130188,0,0,0,0.4066938824607594,zscore,iqr,iqr
2025-01-02 13:45:00,405.0,22.155712483086877,22.155712483086877,22.155712483086877,22.155712483086877,0,0,0,0.8595824265328174,zscore,iqr,iqr
2025-01-02 13:46:00,406.0,21.73309489265435,21.73309489265435,21.73309489265435,21.73309489265435,0,0,0,1.029891040495529,zscore,iqr,iqr
2025-01-02 13:47:00,407.0,21.96440512874468,21.96440512874468,21.96440512874468,21.96440512874468,0,0,0,0.18467116679493478,zscore,iqr,iqr
2025-01-02 13:48:00,408.0,22.03007390792797,22.03007390792797,22.03007390792797,22.03007390792797,0,0,0,0.11671760157846292,zscore,iqr,iqr
2025-01-02 13:49:00,409.0,22.128609708514688,22.128609708514688,22.128609708514688,22.128609708514688,0,0,0,0.5490967578295618,zscore,iqr,iqr
2025-01-02 13:50:00,410.0,22.177903719522224,22.177903719522224,22.177903719522224,22.177903719522224,0,0,0,0.6748614955631386,zscore,iqr,iqr
2025-01-02 13:51:00,411.0,21.71883947704053,21.71883947704053,21.71883947704053,21.71883947704053,0,0,0,1.4206539884996248,zscore,iqr,iqr
2025-01-02 13:52:00,412.0,21.61647145731609,21.61647145731609,21.61647145731609,21.61647145731609,0,0,0,1.8928691599878567,zscore,iqr,iqr
2025-01-02 13:53:00,413.0,22.319419205474627,22.319419205474627,22.319419205474627,22.319419205474627,0,0,0,1.0453995937349776,zscore,iqr,iqr
2025-01-02 13:54:00,414.0,22.083078502994898,22.083078502994898,22.083078502994898,22.083078502994898,0,0,0,0.018501132515469636,zscore,iqr,iqr
2025-01-02 13:55:00,415.0,21.81287836586086,21.81287836586086,21.81287836586086,21.81287836586086,0,0,0,1.1990772571898272,zscore,iqr,iqr
2025-01-02 13:56:00,416.0,22.387787993880632,22.387787993880632,22.387787993880632,22.387787993880632,0,0,0,1.2251751118937626,zscore,iqr,iqr
2025-01-02 13:57:00,417.0,22.02891865857321,22.02891865857321,22.02891865857321,22.02891865857321,0,0,0,0.3082312615130648,zscore,iqr,iqr
2025-01-02 13:58:00,418.0,22.29482429601596,22.29482429601596,22.29482429601596,22.29482429601596,0,0,0,0.7475133998934425,zscore,iqr,iqr
2025-01-02 13:59:00,419.0,22.01687962035253,22.01687962035253,22.01687962035253,22.01687962035253,0,0,0,0.2908931270552029,zscore,iqr,iqr
2025-01-02 14:00:00,420.0,22.51518698122049,22.51518698122049,22.51518698122049,22.51518698122049,0,0,0,1.5846908199718541,zscore,iqr,iqr
2025-01-02 14:01:00,421.0,22.4388352106108,22.4388352106108,22.4388352106108,22.4388352106108,0,0,0,1.3096689322075405,zscore,iqr,iqr
2025-01-02 14:02:00,422.0,21.93775896288023,21.93775896288023,21.93775896288023,21.93775896288023,0,0,0,0.38404437530051955,zscore,iqr,iqr
2025-01-02 14:03:00,423.0,22.24289273773859,22.24289273773859,22.24289273773859,22.24289273773859,0,0,0,0.5868192436370613,zscore,iqr,iqr
2025-01-02 14:04:00,424.0,22.16134398739629,22.16134398739629,22.16134398739629,22.16134398739629,0,0,0,0.28402729773052665,zscore,iqr,iqr
2025-01-02 14:05:00,425.0,22.34215788938309,22.34215788938309,22.34215788938309,22.34215788938309,0,0,0,0.9325919289342565,zscore,iqr,iqr
2025-01-02 14:06:00,426.0,21.758769134854973,21.758769134854973,21.758769134854973,21.758769134854973,0,0,0,1.218136230331952,zscore,iqr,iqr
2025-01-02 14:07:00,427.0,22.17151286499961,22.17151286499961,22.17151286499961,22.17151286499961,0,0,0,0.34176665559690833,zscore,iqr,iqr
2025-01-02 14:08:00,428.0,22.2646061217124,22.2646061217124,22.2646061217124,22.2646061217124,0,0,0,0.68943134468172,zscore,iqr,iqr
2025-01-02 14:09:00,429.0,21.560315128394222,21.560315128394222,21.560315128394222,21.560315128394222,0,0,0,1.5450382443765815,zscore,iqr,iqr
2025-01-02 14:10:00,430.0,21.70418537183356,21.70418537183356,21.70418537183356,21.70418537183356,0,0,0,1.0880878787333221,zscore,iqr,iqr
2025-01-02 14:11:00,431.0,21.490191955559972,21.490191955559972,21.490191955559972,21.490191955559972,0,0,0,1.815404652951606,zscore,iqr,iqr
2025-01-02 14:12:00,432.0,21.932648291388865,21.932648291388865,21.932648291388865,21.932648291388865,0,0,0,0.12146703507065947,zscore,iqr,iqr
2025-01-02 14:13:00,433.0,22.17938556394899,22.17938556394899,22.17938556394899,22.17938556394899,0,0,0,0.7140377390910956,zscore,iqr,iqr
2025-01-02 14:14:00,434.0,22.375589263024008,22.375589263024008,22.375589263024008,22.375589263024008,0,0,0,1.4769128271322225,zscore,iqr,iqr
2025-01-02 14:15:00,435.0,22.018523695104943,22.018523695104943,22.018523695104943,22.018523695104943,0,0,0,0.25650585591186026,zscore,iqr,iqr
2025-01-02 14:16:00,436.0,22.407153886392823,22.407153886392823,22.407153886392823,22.407153886392823,0,0,0,1.6901629774193458,zscore,iqr,iqr
2025-01-02 14:17:00,437.0,21.65497463544628,21.65497463544628,21.65497463544628,21.65497463544628,0,0,0,0.9838166647468986,zscore,iqr,iqr
2025-01-02 14:18:00,438.0,21.57415439016121,21.57415439016121,21.57415439016121,21.57415439016121,0,0,0,1.242287307091194,zscore,iqr,iqr
2025-01-02 14:19:00,439.0,21.98611307527585,21.98611307527585,21.98611307527585,21.98611307527585,0,0,0,0.35098151986912524,zscore,iqr,iqr
2025-01-02 14:20:00,440.0,22.096016362234828,22.096016362234828,22.096016362234828,22.096016362234828,0,0,0,0.712987421582511,zscore,iqr,iqr
2025-01-02 14:21:00,441.0,21.99182631297648,21.99182631297648,21.99182631297648,21.99182631297648,0,0,0,0.20589826243490392,zscore,iqr,iqr
2025-01-02 14:22:00,442.0,21.483139474990036,21.483139474990036,21.483139474990036,21.483139474990036,0,0,0,1.8983291431164382,zscore,iqr,iqr
2025-01-02 14:23:00,443.0,21.9777199901218,21.9777199901218,21.9777199901218,21.9777199901218,0,0,0,0.07271928222380784,zscore,iqr,iqr
2025-01-02 14:24:00,444.0,21.673882624873787,21.673882624873787,21.673882624873787,21.673882624873787,0,0,0,1.1073289860262543,zscore,iqr,iqr
2025-01-02 14:25:00,445.0,22.16741813720751,22.16741813720751,22.16741813720751,22.16741813720751,0,0,0,1.1044290759540776,zscore,iqr,iqr
2025-01-02 14:26:00,446.0,22.09164956152421,22.09164956152421,22.09164956152421,22.09164956152421,0,0,0,0.78182307741732,zscore,iqr,iqr
2025-01-02 14:27:00,447.0,21.76503005341816,21.76503005341816,21.76503005341816,21.76503005341816,0,0,0,0.5941622742769231,zscore,iqr,iqr
2025-01-02 14:28:00,448.0,21.871533270665825,21.871533270665825,21.871533270665825,21.871533270665825,0,0,0,0.11336212537688926,zscore,iqr,iqr
2025-01-02 14:29:00,449.0,21.735196619527763,21.735196619527763,21.735196619527763,21.735196619527763,0,0,0,0.8890517838626586,zscore,iqr,iqr
2025-01-02 14:30:00,450.0,21.984330225681703,21.984330225681703,21.984330225681703,21.984330225681703,0,0,0,0.2725104356392725,zscore,iqr,iqr
2025-01-02 14:31:00,451.0,22.23878558012531,22.23878558012531,22.23878558012531,22.23878558012531,0,0,0,1.4465024390423549,zscore,iqr,iqr
2025-01-02 14:32:00,452.0,21.753568488416114,21.753568488416114,21.753568488416114,21.753568488416114,0,0,0,0.7137896709377016,zscore,iqr,iqr
2025-01-02 14:33:00,453.0,22.12601162887946,22.12601162887946,22.12601162887946,22.12601162887946,0,0,0,0.9329670000722673,zscore,iqr,iqr
2025-01-02 14:34:00,454.0,21.86743559540689,21.86743559540689,21.86743559540689,21.86743559540689,0,0,0,0.3526068003661222,zscore,iqr,iqr
2025-01-02 14:35:00,455.0,21.801781791934413,21.801781791934413,21.801781791934413,21.801781791934413,0,0,0,0.7780741708332488,zscore,iqr,iqr
2025-01-02 14:36:00,456.0,21.97324241001136,21.97324241001136,21.97324241001136,21.97324241001136,0,0,0,0.11886338692859141,zscore,iqr,iqr
2025-01-02 14:37:00,457.0,21.741189419395155,21.741189419395155,21.741189419395155,21.741189419395155,0,0,0,1.0928903138897037,zscore,iqr,iqr
2025-01-02 14:38:00,458.0,21.861587673663205,21.861587673663205,21.861587673663205,21.861587673663205,0,0,0,0.5121219009177436,zscore,iqr,iqr
2025-01-02 14:39:00,459.0,21.700530526852788,21.700530526852788,21.700530526852788,21.700530526852788,0,0,0,1.3435393281484125,zscore,iqr,iqr
2025-01-02 14:40:00,460.0,22.491181283229096,21.94475760011669,21.94475760011669,22.491181283229096,1,1,0,2.807058495479882,zscore,iqr,iqr
2025-01-02 14:41:00,461.0,22.00881588799293,22.00881588799293,22.00881588799293,22.00881588799293,0,0,0,0.30499401778761714,zscore,iqr,iqr
2025-01-02 14:42:00,462.0,21.82506862300185,21.82506862300185,21.82506862300185,21.82506862300185,0,0,0,0.3999130195242541,zscore,iqr,iqr
2025-01-02 14:43:00,463.0,22.05349497768356,22.05349497768356,22.05349497768356,22.05349497768356,0,0,0,0.4830354245694132,zscore,iqr,iqr
2025-01-02 14:44:00,464.0,21.97191798757729,21.97191798757729,21.97191798757729,21.97191798757729,0,0,0,0.07055663454865634,zscore,iqr,iqr
2025-01-02 14:45:00,465.0,21.94475760011669,21.94475760011669,21.94475760011669,21.94475760011669,0,0,0,0.05077098333269757,zscore,iqr,iqr
2025-01-02 14:46:00,466.0,22.153541675010857,22.153541675010857,22.153541675010857,22.153541675010857,0,0,0,0.714611626373568,zscore,iqr,iqr
2025-01-02 14:47:00,467.0,22.189376927511827,22.189376927511827,22.189376927511827,22.189376927511827,0,0,0,0.8340649420950514,zscore,iqr,iqr
2025-01-02 14:48:00,468.0,21.86737471309737,21.86737471309737,21.86737471309737,21.86737471309737,0,0,0,0.5392840698465385,zscore,iqr,iqr
2025-01-02 14:49:00,469.0,21.85604543983883,21.85604543983883,21.85604543983883,21.85604543983883,0,0,0,0.6396148918267099,zscore,iqr,iqr
2025-01-02 14:50:00,470.0,21.93123707571209,21.93123707571209,21.93123707571209,21.93123707571209,0,0,0,0.44527553051839086,zscore,iqr,iqr
2025-01-02 14:51:00,471.0,21.424519708816103,21.424519708816103,21.97191798757729,21.424519708816103,0,1,0,2.1470417880780723,zscore,iqr,iqr
2025-01-02 14:52:00,472.0,21.62120223445036,21.62120223445036,21.62120223445036,21.62120223445036,0,0,0,1.307307103498705,zscore,iqr,iqr
2025-01-02 14:53:00,473.0,22.34171856686113,22.34171856686113,22.34171856686113,22.34171856686113,0,0,0,1.1135430053311974,zscore,iqr,iqr
2025-01-02 14:54:00,474.0,22.41124192837532,22.41124192837532,22.41124192837532,22.41124192837532,0,0,0,1.3767894892380357,zscore,iqr,iqr
2025-01-02 14:55:00,475.0,21.937740990110907,21.937740990110907,21.937740990110907,21.937740990110907,0,0,0,0.1705882563232617,zscore,iqr,iqr
2025-01-02 14:56:00,476.0,22.14413924076394,22.14413924076394,22.14413924076394,22.14413924076394,0,0,0,0.5207384653703366,zscore,iqr,iqr
2025-01-02 14:57:00,477.0,22.07781253863588,22.07781253863588,22.07781253863588,22.07781253863588,0,0,0,0.3674913281526626,zscore,iqr,iqr
2025-01-02 14:58:00,478.0,22.76972020211381,22.76972020211381,21.93123707571209,22.76972020211381,0,1,0,2.479866748086797,zscore,iqr,iqr
2025-01-02 14:59:00,479.0,22.27989372785865,22.27989372785865,22.27989372785865,22.27989372785865,0,0,0,0.8891886857037613,zscore,iqr,iqr
2025-01-02 15:00:00,480.0,21.96802060212981,21.96802060212981,21.96802060212981,21.96802060212981,0,0,0,0.09654098607021314,zscore,iqr,iqr
2025-01-02 15:01:00,481.0,21.761114889849893,21.761114889849893,21.761114889849893,21.761114889849893,0,0,0,0.7821717129834549,zscore,iqr,iqr
2025-01-02 15:02:00,482.0,21.59838841993561,21.59838841993561,21.59838841993561,21.59838841993561,0,0,0,1.4845308000535569,zscore,iqr,iqr
2025-01-02 15:03:00,483.0,22.05086590896681,22.05086590896681,22.05086590896681,22.05086590896681,0,0,0,0.01781850030060711,zscore,iqr,iqr
2025-01-02 15:04:00,484.0,21.810912313678923,21.810912313678923,21.810912313678923,21.810912313678923,0,0,0,0.8349437762449918,zscore,iqr,iqr
2025-01-02 15:05:00,485.0,21.644436572600583,21.644436572600583,21.644436572600583,21.644436572600583,0,0,0,1.400552489123338,zscore,iqr,iqr
2025-01-02 15:06:00,486.0,21.838356778939367,21.838356778939367,21.838356778939367,21.838356778939367,0,0,0,0.673977063854838,zscore,iqr,iqr
2025-01-02 15:07:00,487.0,21.7296129990964,21.7296129990964,21.7296129990964,21.7296129990964,0,0,0,1.016573193568019,zscore,iqr,iqr
2025-01-02 15:08:00,488.0,22.42178540876814,22.42178540876814,22.42178540876814,22.42178540876814,0,0,0,1.383196581247813,zscore,iqr,iqr
2025-01-02 15:09:00,489.0,22.220409939237364,22.220409939237364,22.220409939237364,22.220409939237364,0,0,0,1.0359819210089078,zscore,iqr,iqr
2025-01-02 15:10:00,490.0,21.998006839670847,21.998006839670847,21.998006839670847,21.998006839670847,0,0,0,0.16537160868608997,zscore,iqr,iqr
2025-01-02 15:11:00,491.0,22.369986034722505,22.369986034722505,22.369986034722505,22.369986034722505,0,0,0,1.4242822853107462,zscore,iqr,iqr
2025-01-02 15:12:00,492.0,22.019342076911904,22.019342076911904,22.019342076911904,22.019342076911904,0,0,0,0.15673960543087168,zscore,iqr,iqr
2025-01-02 15:13:00,493.0,21.78467894966793,21.78467894966793,21.78467894966793,21.78467894966793,0,0,0,0.812056980159765,zscore,iqr,iqr
2025-01-02 15:14:00,494.0,22.38078101931741,22.38078101931741,22.38078101931741,22.38078101931741,0,0,0,1.4473849523943285,zscore,iqr,iqr
2025-01-02 15:15:00,495.0,22.134727510921163,22.134727510921163,22.134727510921163,22.134727510921163,0,0,0,0.5243721111341332,zscore,iqr,iqr
2025-01-02 15:16:00,496.0,21.740688461418387,21.740688461418387,21.740688461418387,21.740688461418387,0,0,0,1.0231252268646855,zscore,iqr,iqr
2025-01-02 15:17:00,497.0,21.9524153304791,21.9524153304791,21.9524153304791,21.9524153304791,0,0,0,0.1904123654523349,zscore,iqr,iqr
2025-01-02 15:18:00,498.0,21.78109543665381,21.78109543665381,21.78109543665381,21.78109543665381,0,0,0,0.9276581075636033,zscore,iqr,iqr
2025-01-02 15:19:00,499.0,21.65430006725892,21.65430006725892,21.65430006725892,21.65430006725892,0,0,0,1.3822792200062692,zscore,iqr,iqr
2025-01-02 15:20:00,500.0,22.23154438688291,22.23154438688291,22.23154438688291,22.23154438688291,0,0,0,1.080860683339475,zscore,iqr,iqr
2025-01-02 15:21:00,501.0,22.47735416011753,22.47735416011753,22.47735416011753,22.47735416011753,0,0,0,2.1314781747964986,zscore,iqr,iqr
2025-01-02 15:22:00,502.0,21.650358106545216,21.650358106545216,21.650358106545216,21.650358106545216,0,0,0,1.4104991204566333,zscore,iqr,iqr
2025-01-02 15:23:00,503.0,22.140742309172644,22.140742309172644,22.140742309172644,22.140742309172644,0,0,0,0.886320513810833,zscore,iqr,iqr
2025-01-02 15:24:00,504.0,21.837339357719543,21.837339357719543,21.837339357719543,21.837339357719543,0,0,0,0.5100511950899196,zscore,iqr,iqr
2025-01-02 15:25:00,505.0,21.878218654058827,21.878218654058827,21.878218654058827,21.878218654058827,0,0,0,0.3014419827860754,zscore,iqr,iqr
2025-01-02 15:26:00,506.0,21.851901518940284,21.851901518940284,21.851901518940284,21.851901518940284,0,0,0,0.4293006843037267,zscore,iqr,iqr
2025-01-02 15:27:00,507.0,21.78400230758005,21.78400230758005,21.78400230758005,21.78400230758005,0,0,0,0.7693321388496113,zscore,iqr,iqr
2025-01-02 15:28:00,508.0,22.01213040698621,22.01213040698621,22.01213040698621,22.01213040698621,0,0,0,0.33820191060649857,zscore,iqr,iqr
2025-01-02 15:29:00,509.0,21.79226247089724,21.79226247089724,21.79226247089724,21.79226247089724,0,0,0,0.8258055335016554,zscore,iqr,iqr
2025-01-02 15:30:00,510.0,22.06761420644496,22.06761420644496,22.06761420644496,22.06761420644496,0,0,0,0.5110095986522256,zscore,iqr,iqr
2025-01-02 15:31:00,511.0,21.987440472637715,21.987440472637715,21.987440472637715,21.987440472637715,0,0,0,0.15796833851548814,zscore,iqr,iqr
2025-01-02 15:32:00,512.0,21.9402629882834,21.9402629882834,21.9402629882834,21.9402629882834,0,0,0,0.09384069845092759,zscore,iqr,iqr
2025-01-02 15:33:00,513.0,21.7731090844896,21.7731090844896,21.7731090844896,21.7731090844896,0,0,0,1.0468028752435536,zscore,iqr,iqr
2025-01-02 15:34:00,514.0,21.85580716735792,21.85580716735792,21.85580716735792,21.85580716735792,0,0,0,0.46524909255581426,zscore,iqr,iqr
2025-01-02 15:35:00,515.0,22.18884780645644,22.18884780645644,22.18884780645644,22.18884780645644,0,0,0,1.4901869499655076,zscore,iqr,iqr
2025-01-02 15:36:00,516.0,22.12522929690609,22.12522929690609,22.12522929690609,22.12522929690609,0,0,0,1.1356339182365354,zscore,iqr,iqr
2025-01-02 15:37:00,517.0,21.75561118880036,21.75561118880036,21.75561118880036,21.75561118880036,0,0,0,0.8009936876567222,zscore,iqr,iqr
2025-01-02 15:38:00,518.0,22.024833076357307,22.024833076357307,22.024833076357307,22.024833076357307,0,0,0,0.5077480782853571,zscore,iqr,iqr
2025-01-02 15:39:00,519.0,22.187846780842943,22.187846780842943,22.187846780842943,22.187846780842943,0,0,0,1.387613053078358,zscore,iqr,iqr
2025-01-02 15:40:00,520.0,21.582648679719657,21.582648679719657,21.582648679719657,21.582648679719657,0,0,0,1.7281340091322075,zscore,iqr,iqr
2025-01-02 15:41:00,521.0,22.135840048094984,22.135840048094984,22.135840048094984,22.135840048094984,0,0,0,1.070041049317337,zscore,iqr,iqr
2025-01-02 15:42:00,522.0,21.83434406026354,21.83434406026354,21.83434406026354,21.83434406026354,0,0,0,0.34891171700452195,zscore,iqr,iqr
2025-01-02 15:43:00,523.0,22.14264966714829,22.14264966714829,22.14264966714829,22.14264966714829,0,0,0,1.1337022479938235,zscore,iqr,iqr
2025-01-02 15:44:00,524.0,21.80918521086437,21.80918521086437,21.80918521086437,21.80918521086437,0,0,0,0.42088731349995717,zscore,iqr,iqr
2025-01-02 15:45:00,525.0,21.54877947483387,21.54877947483387,21.54877947483387,21.54877947483387,0,0,0,1.6557400823625248,zscore,iqr,iqr
2025-01-02 15:46:00,526.0,21.59311439052921,21.59311439052921,21.59311439052921,21.59311439052921,0,0,0,1.4149102974945167,zscore,iqr,iqr
2025-01-02 15:47:00,527.0,22.012021236665344,22.012021236665344,22.012021236665344,22.012021236665344,0,0,0,0.6667312863815735,zscore,iqr,iqr
2025-01-02 15:48:00,528.0,22.06493062543037,22.06493062543037,22.06493062543037,22.06493062543037,0,0,0,0.7629347450694622,zscore,iqr,iqr
2025-01-02 15:49:00,529.0,21.773920843723896,21.773920843723896,21.773920843723896,21.773920843723896,0,0,0,0.559472285478096,zscore,iqr,iqr
2025-01-02 15:50:00,530.0,22.159648114694345,22.159648114694345,22.159648114694345,22.159648114694345,0,0,0,1.238124591465297,zscore,iqr,iqr
2025-01-02 15:51:00,531.0,21.58461998443276,21.58461998443276,21.58461998443276,21.58461998443276,0,0,0,1.5266998845820492,zscore,iqr,iqr
2025-01-02 15:52:00,532.0,21.98348005033817,21.98348005033817,21.98348005033817,21.98348005033817,0,0,0,0.4019651745282109,zscore,iqr,iqr
2025-01-02 15:53:00,533.0,21.697245950059383,21.697245950059383,21.697245950059383,21.697245950059383,0,0,0,1.0007721793578805,zscore,iqr,iqr
2025-01-02 15:54:00,534.0,21.83704097304946,21.83704097304946,21.83704097304946,21.83704097304946,0,0,0,0.20869453001624624,zscore,iqr,iqr
2025-01-02 15:55:00,535.0,22.011849667829104,22.011849667829104,22.011849667829104,22.011849667829104,0,0,0,0.49196272017326265,zscore,iqr,iqr
2025-01-02 15:56:00,536.0,21.784896658679013,21.784896658679013,21.784896658679013,21.784896658679013,0,0,0,0.5429302747905526,zscore,iqr,iqr
2025-01-02 15:57:00,537.0,21.903861113942543,21.903861113942543,21.903861113942543,21.903861113942543,0,0,0,0.13009164978813403,zscore,iqr,iqr
2025-01-02 15:58:00,538.0,22.25157320230361,22.25157320230361,22.25157320230361,22.25157320230361,0,0,0,1.337142616295698,zscore,iqr,iqr
2025-01-02 15:59:00,539.0,21.85577703261921,21.85577703261921,21.85577703261921,21.85577703261921,0,0,0,0.30799924438709164,zscore,iqr,iqr
2025-01-02 16:00:00,540.0,22.208923028016287,22.208923028016287,22.208923028016287,22.208923028016287,0,0,0,1.1631007457763953,zscore,iqr,iqr
2025-01-02 16:01:00,541.0,21.7175732863356,21.7175732863356,21.7175732863356,21.7175732863356,0,0,0,0.9381043895257501,zscore,iqr,iqr
2025-01-02 16:02:00,542.0,22.13245104447882,22.13245104447882,22.13245104447882,22.13245104447882,0,0,0,0.7493258540546464,zscore,iqr,iqr
2025-01-02 16:03:00,543.0,22.36039215516448,22.36039215516448,22.36039215516448,22.36039215516448,0,0,0,1.7370402223855508,zscore,iqr,iqr
2025-01-02 16:04:00,544.0,21.38208887496818,22.011849667829104,22.011849667829104,21.38208887496818,1,1,0,2.7567155387992353,zscore,iqr,iqr
2025-01-02 16:05:00,545.0,21.80077618613238,21.80077618613238,21.80077618613238,21.80077618613238,0,0,0,0.8646387458893966,zscore,iqr,iqr
2025-01-02 16:06:00,546.0,22.144268031795136,22.144268031795136,22.144268031795136,22.144268031795136,0,0,0,0.7400265133381911,zscore,iqr,iqr
2025-01-02 16:07:00,547.0,21.949238653489253,21.949238653489253,21.949238653489253,21.949238653489253,0,0,0,0.17796890690647055,zscore,iqr,iqr
2025-01-02 16:08:00,548.0,22.092786468342823,22.092786468342823,22.092786468342823,22.092786468342823,0,0,0,0.44510178555090607,zscore,iqr,iqr
2025-01-02 16:09:00,549.0,21.84900370332105,21.84900370332105,21.84900370332105,21.84900370332105,0,0,0,0.6264708498502497,zscore,iqr,iqr
2025-01-02 16:10:00,550.0,22.021647446868226,22.021647446868226,22.021647446868226,22.021647446868226,0,0,0,0.15162320444647032,zscore,iqr,iqr
2025-01-02 16:11:00,551.0,21.96108069115198,21.96108069115198,21.96108069115198,21.96108069115198,0,0,0,0.18858779081419594,zscore,iqr,iqr
2025-01-02 16:12:00,552.0,22.29194551541495,22.29194551541495,22.29194551541495,22.29194551541495,0,0,0,1.158234642587554,zscore,iqr,iqr
2025-01-02 16:13:00,553.0,22.063605210825305,22.063605210825305,22.063605210825305,22.063605210825305,0,0,0,0.1984041944972521,zscore,iqr,iqr
2025-01-02 16:14:00,554.0,22.0844006655188,22.0844006655188,22.0844006655188,22.0844006655188,0,0,0,0.3079308437752951,zscore,iqr,iqr
2025-01-02 16:15:00,555.0,21.897030758469384,21.897030758469384,21.897030758469384,21.897030758469384,0,0,0,0.8165266341426418,zscore,iqr,iqr
2025-01-02 16:16:00,556.0,21.87809844398188,21.87809844398188,21.87809844398188,21.87809844398188,0,0,0,0.717316656808148,zscore,iqr,iqr
2025-01-02 16:17:00,557.0,21.89186045304509,21.89186045304509,21.89186045304509,21.89186045304509,0,0,0,0.541790525180604,zscore,iqr,iqr
2025-01-02 16:18:00,558.0,22.09861303559457,22.09861303559457,22.09861303559457,22.09861303559457,0,0,0,0.47704028267019594,zscore,iqr,iqr
2025-01-02 16:19:00,559.0,21.894753879794933,21.894753879794933,21.894753879794933,21.894753879794933,0,0,0,0.356634809593372,zscore,iqr,iqr
2025-01-02 16:20:00,560.0,22.072443714224104,22.072443714224104,22.072443714224104,22.072443714224104,0,0,0,0.37451579133695184,zscore,iqr,iqr
2025-01-02 16:21:00,561.0,22.51885019966136,21.96108069115198,21.96108069115198,22.51885019966136,1,1,0,2.059613084636162,zscore,iqr,iqr
2025-01-02 16:22:00,562.0,22.21778117585792,22.21778117585792,22.21778117585792,22.21778117585792,0,0,0,0.8300379708277674,zscore,iqr,iqr
2025-01-02 16:23:00,563.0,21.91849411695804,21.91849411695804,21.91849411695804,21.91849411695804,0,0,0,0.3104614572213813,zscore,iqr,iqr
2025-01-02 16:24:00,564.0,22.300303480540983,22.300303480540983,22.300303480540983,22.300303480540983,0,0,0,1.2178940800730762,zscore,iqr,iqr
2025-01-02 16:25:00,565.0,21.897981156744613,21.897981156744613,21.897981156744613,21.897981156744613,0,0,0,0.26567784035791275,zscore,iqr,iqr
2025-01-02 16:26:00,566.0,21.490468866205536,21.490468866205536,21.945224867797783,21.490468866205536,0,1,0,1.792335543953605,zscore,iqr,iqr
2025-01-02 16:27:00,567.0,21.74797842227065,21.74797842227065,21.74797842227065,21.74797842227065,0,0,0,0.8915759459057285,zscore,iqr,iqr
2025-01-02 16:28:00,568.0,21.532302019743536,21.532302019743536,21.532302019743536,21.532302019743536,0,0,0,1.5738427706055484,zscore,iqr,iqr
2025-01-02 16:29:00,569.0,21.912121628989677,21.912121628989677,21.912121628989677,21.912121628989677,0,0,0,0.265282820581654,zscore,iqr,iqr
2025-01-02 16:30:00,570.0,22.00460459479739,22.00460459479739,22.00460459479739,22.00460459479739,0,0,0,0.021302737188983175,zscore,iqr,iqr
2025-01-02 16:31:00,571.0,22.41910932806882,22.41910932806882,22.41910932806882,22.41910932806882,0,0,0,1.4729336846537828,zscore,iqr,iqr
2025-01-02 16:32:00,572.0,22.08173184344104,22.08173184344104,22.08173184344104,22.08173184344104,0,0,0,0.4041381935563207,zscore,iqr,iqr
2025-01-02 16:33:00,573.0,21.945224867797783,21.945224867797783,21.945224867797783,21.945224867797783,0,0,0,0.1506943780594744,zscore,iqr,iqr
2025-01-02 16:34:00,574.0,22.207351395295877,22.207351395295877,22.207351395295877,22.207351395295877,0,0,0,0.7214580840833769,zscore,iqr,iqr
2025-01-02 16:35:00,575.0,21.44721617274803,21.44721617274803,22.045466563764624,21.44721617274803,0,1,0,1.8769561374248014,zscore,iqr,iqr
2025-01-02 16:36:00,576.0,22.05890363952714,22.05890363952714,22.05890363952714,22.05890363952714,0,0,0,0.2630706846570998,zscore,iqr,iqr
2025-01-02 16:37:00,577.0,22.19271629847174,22.19271629847174,22.19271629847174,22.19271629847174,0,0,0,0.7265875843226163,zscore,iqr,iqr
2025-01-02 16:38:00,578.0,21.63035343855504,21.63035343855504,21.63035343855504,21.63035343855504,0,0,0,1.4644058204105663,zscore,iqr,iqr
2025-01-02 16:39:00,579.0,22.28593851080173,22.28593851080173,22.28593851080173,22.28593851080173,0,0,0,1.0226502581729229,zscore,iqr,iqr
2025-01-02 16:40:00,580.0,22.084624101873604,22.084624101873604,22.084624101873604,22.084624101873604,0,0,0,0.1937143598023198,zscore,iqr,iqr
2025-01-02 16:41:00,581.0,21.8961780215248,21.8961780215248,21.8961780215248,21.8961780215248,0,0,0,0.5399795187978383,zscore,iqr,iqr
2025-01-02 16:42:00,582.0,22.15819546652657,22.15819546652657,22.15819546652657,22.15819546652657,0,0,0,0.6028828341248585,zscore,iqr,iqr
2025-01-02 16:43:00,583.0,22.567673214451094,22.567673214451094,22.567673214451094,22.567673214451094,0,0,0,2.3454985468577987,zscore,iqr,iqr
2025-01-02 16:44:00,584.0,22.045466563764624,22.045466563764624,22.045466563764624,22.045466563764624,0,0,0,0.05774247908445306,zscore,iqr,iqr
2025-01-02 16:45:00,585.0,22.062055146575084,22.062055146575084,22.062055146575084,22.062055146575084,0,0,0,0.1942638751429299,zscore,iqr,iqr
2025-01-02 16:46:00,586.0,21.88515977511494,21.88515977511494,21.88515977511494,21.88515977511494,0,0,0,0.7548578171713844,zscore,iqr,iqr
2025-01-02 16:47:00,587.0,21.7875389076338,21.7875389076338,21.7875389076338,21.7875389076338,0,0,0,1.1160336345435713,zscore,iqr,iqr
2025-01-02 16:48:00,588.0,22.207583954136062,22.207583954136062,22.207583954136062,22.207583954136062,0,0,0,0.9391199063436904,zscore,iqr,iqr
2025-01-02 16:49:00,589.0,21.785979043522783,21.785979043522783,21.785979043522783,21.785979043522783,0,0,0,1.2732314969411107,zscore,iqr,iqr
2025-01-02 16:50:00,590.0,22.017891559304847,22.017891559304847,22.017891559304847,22.017891559304847,0,0,0,0.050256573094683676,zscore,iqr,iqr
2025-01-02 16:51:00,591.0,21.88058563830872,21.88058563830872,21.88058563830872,21.88058563830872,0,0,0,0.6741825592636251,zscore,iqr,iqr
2025-01-02 16:52:00,592.0,22.1197449564366,22.1197449564366,22.1197449564366,22.1197449564366,0,0,0,0.46451693970976154,zscore,iqr,iqr
2025-01-02 16:53:00,593.0,22.083415526321737,22.083415526321737,22.083415526321737,22.083415526321737,0,0,0,0.22736794131763777,zscore,iqr,iqr
2025-01-02 16:54:00,594.0,22.259384986064475,22.259384986064475,22.259384986064475,22.259384986064475,0,0,0,1.4322102558058416,zscore,iqr,iqr
2025-01-02 16:55:00,595.0,21.872495900286317,21.872495900286317,21.872495900286317,21.872495900286317,0,0,0,0.8222180224065024,zscore,iqr,iqr
2025-01-02 16:56:00,596.0,21.932531266176657,21.932531266176657,21.932531266176657,21.932531266176657,0,0,0,0.44247213254422263,zscore,iqr,iqr
2025-01-02 16:57:00,597.0,21.755309071054423,21.755309071054423,21.755309071054423,21.755309071054423,0,0,0,1.2094298607926481,zscore,iqr,iqr
2025-01-02 16:58:00,598.0,21.888926684980973,21.888926684980973,21.888926684980973,21.888926684980973,0,0,0,0.49115901264189826,zscore,iqr,iqr
2025-01-02 16:59:00,599.0,22.09432512326121,22.09432512326121,22.09432512326121,22.09432512326121,0,0,0,0.3537760353543645,zscore,iqr,iqr
2025-01-02 17:00:00,600.0,22.18924715416134,22.18924715416134,22.18924715416134,22.18924715416134,0,0,0,0.68477593666564,zscore,iqr,iqr
2025-01-02 17:01:00,601.0,21.769458668955597,21.769458668955597,21.769458668955597,21.769458668955597,0,0,0,1.0868691028760988,zscore,iqr,iqr
2025-01-02 17:02:00,602.0,22.21740148002641,22.21740148002641,22.21740148002641,22.21740148002641,0,0,0,0.778752346241658,zscore,iqr,iqr
2025-01-02 17:03:00,603.0,22.33890946470124,22.33890946470124,22.33890946470124,22.33890946470124,0,0,0,1.3310508453215608,zscore,iqr,iqr
2025-01-02 17:04:00,604.0,22.10335872580593,22.10335872580593,22.10335872580593,22.10335872580593,0,0,0,0.22720232670324536,zscore,iqr,iqr
2025-01-02 17:05:00,605.0,22.46919895313952,22.46919895313952,22.46919895313952,22.46919895313952,0,0,0,1.6298737111750865,zscore,iqr,iqr
2025-01-02 17:06:00,606.0,21.806552700224103,21.806552700224103,21.806552700224103,21.806552700224103,0,0,0,0.8661696387824467,zscore,iqr,iqr
2025-01-02 17:07:00,607.0,21.688836324172147,21.688836324172147,21.688836324172147,21.688836324172147,0,0,0,1.3486078276060283,zscore,iqr,iqr
2025-01-02 17:08:00,608.0,21.55531993777393,21.55531993777393,21.55531993777393,21.55531993777393,0,0,0,1.9712336689733718,zscore,iqr,iqr
2025-01-02 17:09:00,609.0,22.374011077872296,22.374011077872296,22.374011077872296,22.374011077872296,0,0,0,1.1658494315235124,zscore,iqr,iqr
2025-01-02 17:10:00,610.0,22.163591414088515,22.163591414088515,22.163591414088515,22.163591414088515,0,0,0,0.3900472904937496,zscore,iqr,iqr
2025-01-02 17:11:00,611.0,21.986103832272388,21.986103832272388,21.986103832272388,21.986103832272388,0,0,0,0.2733273871846037,zscore,iqr,iqr
2025-01-02 17:12:00,612.0,22.069992156579957,22.069992156579957,22.069992156579957,22.069992156579957,0,0,0,0.07861646510296344,zscore,iqr,iqr
2025-01-02 17:13:00,613.0,21.718627738175407,21.718627738175407,21.718627738175407,21.718627738175407,0,0,0,1.3934002205088498,zscore,iqr,iqr
2025-01-02 17:14:00,614.0,22.611437994904207,22.611437994904207,22.611437994904207,22.611437994904207,0,0,0,1.8674947383794578,zscore,iqr,iqr
2025-01-02 17:15:00,615.0,22.032305295493806,22.032305295493806,22.032305295493806,22.032305295493806,0,0,0,0.2018956081554466,zscore,iqr,iqr
2025-01-02 17:16:00,616.0,22.027348698651224,22.027348698651224,22.027348698651224,22.027348698651224,0,0,0,0.0988450877647407,zscore,iqr,iqr
2025-01-02 17:17:00,617.0,22.181441655974677,22.181441655974677,22.181441655974677,22.181441655974677,0,0,0,0.44429584381521225,zscore,iqr,iqr
2025-01-02 17:18:00,618.0,22.120252307934177,22.120252307934177,22.120252307934177,22.120252307934177,0,0,0,0.1668877374503265,zscore,iqr,iqr
2025-01-02 17:19:00,619.0,22.055971006069782,22.055971006069782,22.055971006069782,22.055971006069782,0,0,0,0.2422593969982508,zscore,iqr,iqr
2025-01-02 17:20:00,620.0,21.802381386138677,21.802381386138677,21.802381386138677,21.802381386138677,0,0,0,1.090356219915131,zscore,iqr,iqr
2025-01-02 17:21:00,621.0,22.117867089284,22.117867089284,22.117867089284,22.117867089284,0,0,0,0.13088885508196235,zscore,iqr,iqr
2025-01-02 17:22:00,622.0,22.47050612411876,22.47050612411876,22.47050612411876,22.47050612411876,0,0,0,1.505064287324642,zscore,iqr,iqr
2025-01-02 17:23:00,623.0,22.336355011538743,22.336355011538743,22.336355011538743,22.336355011538743,0,0,0,1.0043700521800918,zscore,iqr,iqr
2025-01-02 17:24:00,624.0,22.39829665665985,22.39829665665985,22.39829665665985,22.39829665665985,0,0,0,1.245372969288391,zscore,iqr,iqr
2025-01-02 17:25:00,625.0,21.8721960808922,21.8721960808922,21.8721960808922,21.8721960808922,0,0,0,0.6203825289574726,zscore,iqr,iqr
2025-01-02 17:26:00,626.0,21.75259879493536,21.75259879493536,21.75259879493536,21.75259879493536,0,0,0,1.119390325938233,zscore,iqr,iqr
2025-01-02 17:27:00,627.0,21.96855326997509,21.96855326997509,21.96855326997509,21.96855326997509,0,0,0,0.2628650603228523,zscore,iqr,iqr
2025-01-02 17:28:00,628.0,22.01393122807217,22.01393122807217,22.01393122807217,22.01393122807217,0,0,0,0.011323887629915349,zscore,iqr,iqr
2025-01-02 17:29:00,629.0,22.273547879617738,22.273547879617738,22.273547879617738,22.273547879617738,0,0,0,1.0526743798446698,zscore,iqr,iqr
2025-01-02 17:30:00,630.0,21.57688384257129,21.57688384257129,21.57688384257129,21.57688384257129,0,0,0,1.5073373922507267,zscore,iqr,iqr
2025-01-02 17:31:00,631.0,22.382387579865156,22.382387579865156,22.382387579865156,22.382387579865156,0,0,0,1.3144626492618579,zscore,iqr,iqr
2025-01-02 17:32:00,632.0,21.960498025355253,21.960498025355253,21.960498025355253,21.960498025355253,0,0,0,0.15396121334960186,zscore,iqr,iqr
2025-01-02 17:33:00,633.0,21.893279732513147,21.893279732513147,21.893279732513147,21.893279732513147,0,0,0,0.25835908642440336,zscore,iqr,iqr
2025-01-02 17:34:00,634.0,21.74697390618496,21.74697390618496,21.74697390618496,21.74697390618496,0,0,0,0.7642627711200586,zscore,iqr,iqr
2025-01-02 17:35:00,635.0,21.58628583203356,21.58628583203356,21.58628583203356,21.58628583203356,0,0,0,1.4134952102964933,zscore,iqr,iqr
2025-01-02 17:36:00,636.0,22.20579264599048,22.20579264599048,22.20579264599048,22.20579264599048,0,0,0,1.1483427012803864,zscore,iqr,iqr
2025-01-02 17:37:00,637.0,22.0183294917971,22.0183294917971,22.0183294917971,22.0183294917971,0,0,0,0.4135990490921388,zscore,iqr,iqr
2025-01-02 17:38:00,638.0,21.67750977506473,21.67750977506473,21.67750977506473,21.67750977506473,0,0,0,0.8532070086226966,zscore,iqr,iqr
2025-01-02 17:39:00,639.0,21.676230306984092,21.676230306984092,21.676230306984092,21.676230306984092,0,0,0,0.8696055620879426,zscore,iqr,iqr
2025-01-02 17:40:00,640.0,21.916053825177467,21.916053825177467,21.916053825177467,21.916053825177467,0,0,0,0.023316944408600333,zscore,iqr,iqr
2025-01-02 17:41:00,641.0,22.41725538132235,22.41725538132235,22.41725538132235,22.41725538132235,0,0,0,1.609581216082303,zscore,iqr,iqr
2025-01-02 17:42:00,642.0,21.935102162159097,21.935102162159097,21.935102162159097,21.935102162159097,0,0,0,0.0007151943201921097,zscore,iqr,iqr
2025-01-02 17:43:00,643.0,21.624214261720475,21.624214261720475,21.624214261720475,21.624214261720475,0,0,0,1.0939670398882813,zscore,iqr,iqr
2025-01-02 17:44:00,644.0,21.938564233978514,21.938564233978514,21.938564233978514,21.938564233978514,0,0,0,0.06626274134451526,zscore,iqr,iqr
2025-01-02 17:45:00,645.0,21.931819107563083,21.931819107563083,21.931819107563083,21.931819107563083,0,0,0,0.12990867358433444,zscore,iqr,iqr
2025-01-02 17:46:00,646.0,21.325778339264605,21.325778339264605,21.942266367447832,21.325778339264605,0,1,0,2.237409533759684,zscore,iqr,iqr
2025-01-02 17:47:00,647.0,21.986426283370548,21.986426283370548,21.986426283370548,21.986426283370548,0,0,0,0.015510791370351194,zscore,iqr,iqr
2025-01-02 17:48:00,648.0,21.942266367447832,21.942266367447832,21.942266367447832,21.942266367447832,0,0,0,0.13967874106491282,zscore,iqr,iqr
2025-01-02 17:49:00,649.0,22.174051591203355,21.96390989701901,22.174051591203355,22.174051591203355,1,0,0,0.6186881258702945,zscore,iqr,iqr
2025-01-02 17:50:00,650.0,22.462239023736338,21.96390989701901,21.96390989701901,22.462239023736338,1,1,0,1.6364834820640808,zscore,iqr,iqr
2025-01-02 17:51:00,651.0,22.28164125738694,21.96390989701901,21.96390989701901,22.28164125738694,1,1,0,0.9946256202590243,zscore,iqr,iqr
2025-01-02 17:52:00,652.0,21.93277782736129,21.93277782736129,21.93277782736129,21.93277782736129,0,0,0,0.1892686100912961,zscore,iqr,iqr
2025-01-02 17:53:00,653.0,21.72336852281458,21.72336852281458,21.72336852281458,21.72336852281458,0,0,0,0.9649124824818471,zscore,iqr,iqr
2025-01-02 17:54:00,654.0,22.643339950812464,21.96390989701901,21.96390989701901,22.643339950812464,1,1,0,2.5571938487515204,zscore,iqr,iqr
2025-01-02 17:55:00,655.0,22.01480460850362,22.01480460850362,22.01480460850362,22.01480460850362,0,0,0,0.08512308214779353,zscore,iqr,iqr
2025-01-02 17:56:00,656.0,22.00348232297824,22.00348232297824,22.00348232297824,22.00348232297824,0,0,0,0.04004416166538403,zscore,iqr,iqr
2025-01-02 17:57:00,657.0,21.993968728222494,21.993968728222494,21.993968728222494,21.993968728222494,0,0,0,0.2233792138282159,zscore,iqr,iqr
2025-01-02 17:58:00,658.0,22.049521190191964,22.049521190191964,22.049521190191964,22.049521190191964,0,0,0,0.13925173050158632,zscore,iqr,iqr
2025-01-02 17:59:00,659.0,21.96390989701901,21.96390989701901,21.96390989701901,21.96390989701901,0,0,0,0.23582032878340087,zscore,iqr,iqr
2025-01-02 18:00:00,660.0,21.85658449827994,21.85658449827994,21.85658449827994,21.85658449827994,0,0,0,0.6423825269168635,zscore,iqr,iqr
2025-01-02 18:01:00,661.0,21.863285264689903,21.863285264689903,21.863285264689903,21.863285264689903,0,0,0,0.4393492115317764,zscore,iqr,iqr
2025-01-02 18:02:00,662.0,21.991811682446,21.991811682446,21.991811682446,21.991811682446,0,0,0,0.07734486392724543,zscore,iqr,iqr
2025-01-02 18:03:00,663.0,21.86414380721656,21.86414380721656,21.86414380721656,21.86414380721656,0,0,0,0.3800136403549268,zscore,iqr,iqr
2025-01-02 18:04:00,664.0,21.82178855433071,21.82178855433071,21.82178855433071,21.82178855433071,0,0,0,0.5134987184390827,zscore,iqr,iqr
2025-01-02 18:05:00,665.0,22.026607556922976,22.026607556922976,22.026607556922976,22.026607556922976,0,0,0,0.4253398732367011,zscore,iqr,iqr
2025-01-02 18:06:00,666.0,21.936255695644785,21.936255695644785,21.936255695644785,21.936255695644785,0,0,0,0.10179886253430176,zscore,iqr,iqr
2025-01-02 18:07:00,667.0,22.375998247145677,22.375998247145677,21.914328101479917,22.375998247145677,0,1,0,1.6763176896118157,zscore,iqr,iqr
2025-01-02 18:08:00,668.0,21.337257547901743,21.337257547901743,21.914328101479917,21.337257547901743,0,1,0,2.230085703786438,zscore,iqr,iqr
2025-01-02 18:09:00,669.0,22.27287671298061,22.27287671298061,22.27287671298061,22.27287671298061,0,0,0,1.1179848943315853,zscore,iqr,iqr
2025-01-02 18:10:00,670.0,22.311521298124408,22.311521298124408,22.311521298124408,22.311521298124408,0,0,0,1.2012203522930383,zscore,iqr,iqr
2025-01-02 18:11:00,671.0,21.481652441897964,21.481652441897964,21.481652441897964,21.481652441897964,0,0,0,1.6462011299686163,zscore,iqr,iqr
2025-01-02 18:12:00,672.0,21.914328101479917,21.914328101479917,21.914328101479917,21.914328101479917,0,0,0,0.1594302595321097,zscore,iqr,iqr
2025-01-02 18:13:00,673.0,21.90713978350105,21.90713978350105,21.90713978350105,21.90713978350105,0,0,0,0.2041377757000674,zscore,iqr,iqr
2025-01-02 18:14:00,674.0,21.648122076320544,21.648122076320544,21.648122076320544,21.648122076320544,0,0,0,1.0434650198608209,zscore,iqr,iqr
2025-01-02 18:15:00,675.0,21.80554582810228,21.80554582810228,21.80554582810228,21.80554582810228,0,0,0,0.5682198068071196,zscore,iqr,iqr
2025-01-02 18:16:00,676.0,21.722356038633546,21.722356038633546,21.722356038633546,21.722356038633546,0,0,0,0.8324648971625724,zscore,iqr,iqr
2025-01-02 18:17:00,677.0,22.438067610855907,22.438067610855907,22.438067610855907,22.438067610855907,0,0,0,1.560904823205738,zscore,iqr,iqr
2025-01-02 18:18:00,678.0,22.233919598286864,22.233919598286864,22.233919598286864,22.233919598286864,0,0,0,0.9426364815627591,zscore,iqr,iqr
2025-01-02 18:19:00,679.0,22.31788877374854,22.31788877374854,22.31788877374854,22.31788877374854,0,0,0,1.2546081911431683,zscore,iqr,iqr
2025-01-02 18:20:00,680.0,22.180418016010808,22.180418016010808,22.180418016010808,22.180418016010808,0,0,0,0.8059781141077876,zscore,iqr,iqr
2025-01-02 18:21:00,681.0,21.71773705719569,21.71773705719569,21.71773705719569,21.71773705719569,0,0,0,1.0595189196403005,zscore,iqr,iqr
2025-01-02 18:22:00,682.0,21.86886993343005,21.86886993343005,21.86886993343005,21.86886993343005,0,0,0,0.5362290070428836,zscore,iqr,iqr
2025-01-02 18:23:00,683.0,22.12234364030698,22.12234364030698,22.12234364030698,22.12234364030698,0,0,0,0.5211653817435118,zscore,iqr,iqr
2025-01-02 18:24:00,684.0,21.69446804777701,21.69446804777701,21.69446804777701,21.69446804777701,0,0,0,1.384371039164736,zscore,iqr,iqr
2025-01-02 18:25:00,685.0,22.178249607543098,22.178249607543098,22.178249607543098,22.178249607543098,0,0,0,0.6961996280085422,zscore,iqr,iqr
2025-01-02 18:26:00,686.0,21.939918650460463,21.939918650460463,21.939918650460463,21.939918650460463,0,0,0,0.47415575053248527,zscore,iqr,iqr
2025-01-02 18:27:00,687.0,21.9062947981126,21.9062947981126,21.9062947981126,21.9062947981126,0,0,0,0.6174905234952626,zscore,iqr,iqr
2025-01-02 18:28:00,688.0,22.177739992050878,22.177739992050878,22.177739992050878,22.177739992050878,0,0,0,0.7455991102724698,zscore,iqr,iqr
2025-01-02 18:29:00,689.0,22.11106582787151,22.11106582787151,22.11106582787151,22.11106582787151,0,0,0,0.4906815218356165,zscore,iqr,iqr
2025-01-02 18:30:00,690.0,21.90975845854523,21.90975845854523,21.90975845854523,21.90975845854523,0,0,0,0.45531216185338186,zscore,iqr,iqr
2025-01-02 18:31:00,691.0,22.28983245084106,22.28983245084106,22.28983245084106,22.28983245084106,0,0,0,1.5387063121908515,zscore,iqr,iqr
2025-01-02 18:32:00,692.0,21.729734168100027,21.729734168100027,21.729734168100027,21.729734168100027,0,0,0,1.488954606367248,zscore,iqr,iqr
2025-01-02 18:33:00,693.0,22.153983901736066,22.153983901736066,22.153983901736066,22.153983901736066,0,0,0,0.8210828642690813,zscore,iqr,iqr
2025-01-02 18:34:00,694.0,22.148275314492096,22.148275314492096,22.148275314492096,22.148275314492096,0,0,0,0.8566456800904358,zscore,iqr,iqr
2025-01-02 18:35:00,695.0,21.922613390171502,21.922613390171502,21.922613390171502,21.922613390171502,0,0,0,0.32879307169163613,zscore,iqr,iqr
2025-01-02 18:36:00,696.0,22.08153325556053,22.08153325556053,22.08153325556053,22.08153325556053,0,0,0,0.5494253094448902,zscore,iqr,iqr
2025-01-02 18:37:00,697.0,21.687221605903677,21.687221605903677,21.687221605903677,21.687221605903677,0,0,0,1.3003190575604502,zscore,iqr,iqr
2025-01-02 18:38:00,698.0,22.23100675480173,22.23100675480173,22.23100675480173,22.23100675480173,0,0,0,1.01908989945678,zscore,iqr,iqr
2025-01-02 18:39:00,699.0,21.953774465889254,21.953774465889254,21.953774465889254,21.953774465889254,0,0,0,0.10145486040774848,zscore,iqr,iqr
2025-01-02 18:40:00,700.0,21.86931924487024,21.86931924487024,21.86931924487024,21.86931924487024,0,0,0,0.40436441957579483,zscore,iqr,iqr
2025-01-02 18:41:00,701.0,22.26225230645922,22.26225230645922,22.26225230645922,22.26225230645922,0,0,0,1.0409828847241664,zscore,iqr,iqr
2025-01-02 18:42:00,702.0,21.82391407736431,21.82391407736431,21.82391407736431,21.82391407736431,0,0,0,0.5255480796115802,zscore,iqr,iqr
2025-01-02 18:43:00,703.0,21.64788467590911,21.64788467590911,21.64788467590911,21.64788467590911,0,0,0,1.284509091011428,zscore,iqr,iqr
2025-01-02 18:44:00,704.0,21.610842706619025,21.610842706619025,21.610842706619025,21.610842706619025,0,0,0,1.414223836098434,zscore,iqr,iqr
2025-01-02 18:45:00,705.0,22.15150248783641,22.15150248783641,22.15150248783641,22.15150248783641,0,0,0,0.6690696568301157,zscore,iqr,iqr
2025-01-02 18:46:00,706.0,21.67989266187593,21.67989266187593,21.67989266187593,21.67989266187593,0,0,0,1.1616768800713955,zscore,iqr,iqr
2025-01-02 18:47:00,707.0,22.43869854549609,22.43869854549609,22.43869854549609,22.43869854549609,0,0,0,1.7654101901974046,zscore,iqr,iqr
2025-01-02 18:48:00,708.0,21.47951764802907,21.47951764802907,21.47951764802907,21.47951764802907,0,0,0,2.0291320136727733,zscore,iqr,iqr
2025-01-02 18:49:00,709.0,22.42411409207251,22.42411409207251,22.42411409207251,22.42411409207251,0,0,0,1.807676666562905,zscore,iqr,iqr
2025-01-02 18:50:00,710.0,22.052754366800656,22.052754366800656,22.052754366800656,22.052754366800656,0,0,0,0.27445395334212663,zscore,iqr,iqr
2025-01-02 18:51:00,711.0,21.975821722032403,21.975821722032403,21.975821722032403,21.975821722032403,0,0,0,0.019080803083815354,zscore,iqr,iqr
2025-01-02 18:52:00,712.0,21.863770228297764,21.863770228297764,21.863770228297764,21.863770228297764,0,0,0,0.3013293230887803,zscore,iqr,iqr
2025-01-02 18:53:00,713.0,22.09978402858802,22.09978402858802,22.09978402858802,22.09978402858802,0,0,0,0.5309567708421368,zscore,iqr,iqr
2025-01-02 18:54:00,714.0,21.990591324393787,21.990591324393787,21.990591324393787,21.990591324393787,0,0,0,0.04803273986669671,zscore,iqr,iqr
2025-01-02 18:55:00,715.0,22.27582547050413,22.27582547050413,22.27582547050413,22.27582547050413,0,0,0,1.162850081535923,zscore,iqr,iqr
2025-01-02 18:56:00,716.0,22.02855691216551,22.02855691216551,22.02855691216551,22.02855691216551,0,0,0,0.1708558119690494,zscore,iqr,iqr
2025-01-02 18:57:00,717.0,22.03757544036547,22.03757544036547,22.03757544036547,22.03757544036547,0,0,0,0.13276986868390991,zscore,iqr,iqr
2025-01-02 18:58:00,718.0,21.909096946946537,21.909096946946537,21.909096946946537,21.909096946946537,0,0,0,0.3361690551707547,zscore,iqr,iqr
2025-01-02 18:59:00,719.0,21.98576359406973,21.98576359406973,21.98576359406973,21.98576359406973,0,0,0,0.051939728741635806,zscore,iqr,iqr
2025-01-02 19:00:00,720.0,22.076950442223016,22.076950442223016,22.076950442223016,22.076950442223016,0,0,0,0.6357994664365811,zscore,iqr,iqr
2025-01-02 19:01:00,721.0,21.572457901835843,21.990591324393787,21.990591324393787,21.572457901835843,1,1,0,2.405466546986772,zscore,iqr,iqr
2025-01-02 19:02:00,722.0,21.66295364447357,22.00460848326635,21.66295364447357,21.66295364447357,1,0,0,1.8549566766592638,zscore,iqr,iqr
2025-01-02 19:03:00,723.0,22.18581602350568,22.18581602350568,22.18581602350568,22.18581602350568,0,0,0,1.2497411568031014,zscore,iqr,iqr
2025-01-02 19:04:00,724.0,22.042716359531987,22.042716359531987,22.042716359531987,22.042716359531987,0,0,0,0.4131218009612607,zscore,iqr,iqr
2025-01-02 19:05:00,725.0,21.95400416591183,21.95400416591183,21.95400416591183,21.95400416591183,0,0,0,0.07681554198240681,zscore,iqr,iqr
2025-01-02 19:06:00,726.0,22.00460848326635,22.00460848326635,22.00460848326635,22.00460848326635,0,0,0,0.24691853839254138,zscore,iqr,iqr
2025-01-02 19:07:00,727.0,22.08689542634042,22.08689542634042,22.08689542634042,22.08689542634042,0,0,0,0.6051966062806935,zscore,iqr,iqr
2025-01-02 19:08:00,728.0,21.86506007992266,21.86506007992266,21.86506007992266,21.86506007992266,0,0,0,0.5656427333704874,zscore,iqr,iqr
2025-01-02 19:09:00,729.0,21.805423818649423,21.805423818649423,21.805423818649423,21.805423818649423,0,0,0,0.8909624586378391,zscore,iqr,iqr
2025-01-02 19:10:00,730.0,22.04896131377442,22.04896131377442,22.04896131377442,22.04896131377442,0,0,0,0.2728530004185703,zscore,iqr,iqr
2025-01-02 19:11:00,731.0,21.75540680559624,21.75540680559624,21.75540680559624,21.75540680559624,0,0,0,0.8301335609740792,zscore,iqr,iqr
2025-01-02 19:12:00,732.0,22.102063188928614,22.102063188928614,22.102063188928614,22.102063188928614,0,0,0,0.5298730323217575,zscore,iqr,iqr
2025-01-02 19:13:00,733.0,21.57435409894054,21.57435409894054,21.57435409894054,21.57435409894054,0,0,0,1.8492203938742762,zscore,iqr,iqr
2025-01-02 19:14:00,734.0,22.25728890933141,22.25728890933141,22.25728890933141,22.25728890933141,0,0,0,1.1905069444076497,zscore,iqr,iqr
2025-01-02 19:15:00,735.0,22.11814937060326,22.11814937060326,22.11814937060326,22.11814937060326,0,0,0,0.6109074505386456,zscore,iqr,iqr
2025-01-02 19:16:00,736.0,22.064007433578467,22.064007433578467,22.064007433578467,22.064007433578467,0,0,0,0.3522939517958399,zscore,iqr,iqr
2025-01-02 19:17:00,737.0,22.24567274598638,22.24567274598638,22.24567274598638,22.24567274598638,0,0,0,1.1772353946377745,zscore,iqr,iqr
2025-01-02 19:18:00,738.0,22.416368611115644,22.416368611115644,22.416368611115644,22.416368611115644,0,0,0,1.9676519797245025,zscore,iqr,iqr
2025-01-02 19:19:00,739.0,22.25359251625453,22.25359251625453,22.25359251625453,22.25359251625453,0,0,0,1.2571620564014123,zscore,iqr,iqr
2025-01-02 19:20:00,740.0,21.53978144216709,21.53978144216709,21.53978144216709,21.53978144216709,0,0,0,1.7123775809914983,zscore,iqr,iqr
2025-01-02 19:21:00,741.0,21.680105758316078,21.680105758316078,21.680105758316078,21.680105758316078,0,0,0,1.0238662189712344,zscore,iqr,iqr
2025-01-02 19:22:00,742.0,21.84379535557608,21.84379535557608,21.84379535557608,21.84379535557608,0,0,0,0.3608880912362451,zscore,iqr,iqr
2025-01-02 19:23:00,743.0,22.00652276255271,22.00652276255271,22.00652276255271,22.00652276255271,0,0,0,0.2593465821385439,zscore,iqr,iqr
2025-01-02 19:24:00,744.0,22.12941475511728,22.12941475511728,22.12941475511728,22.12941475511728,0,0,0,0.735994843798177,zscore,iqr,iqr
2025-01-02 19:25:00,745.0,21.818564046711632,21.818564046711632,21.818564046711632,21.818564046711632,0,0,0,0.534583493722347,zscore,iqr,iqr
2025-01-02 19:26:00,746.0,22.04669169111927,22.04669169111927,22.04669169111927,22.04669169111927,0,0,0,0.27719803256848174,zscore,iqr,iqr
2025-01-02 19:27:00,747.0,21.811154266911668,21.811154266911668,21.811154266911668,21.811154266911668,0,0,0,0.5590981740998712,zscore,iqr,iqr
2025-01-02 19:28:00,748.0,21.84712054925201,21.84712054925201,21.84712054925201,21.84712054925201,0,0,0,0.35866239729251603,zscore,iqr,iqr
2025-01-02 19:29:00,749.0,21.648334725787944,21.648334725787944,21.648334725787944,21.648334725787944,0,0,0,1.097981900194169,zscore,iqr,iqr
2025-01-02 19:30:00,750.0,21.769191688472272,21.769191688472272,21.769191688472272,21.769191688472272,0,0,0,0.5832882976749818,zscore,iqr,iqr
2025-01-02 19:31:00,751.0,21.66207884859592,21.66207884859592,21.66207884859592,21.66207884859592,0,0,0,1.166028169788089,zscore,iqr,iqr
2025-01-02 19:32:00,752.0,21.756031686755662,21.756031686755662,21.756031686755662,21.756031686755662,0,0,0,0.8377585703011952,zscore,iqr,iqr
2025-01-02 19:33:00,753.0,22.26341044915196,22.26341044915196,22.26341044915196,22.26341044915196,0,0,0,1.0042901764529795,zscore,iqr,iqr
2025-01-02 19:34:00,754.0,21.762650277792016,21.762650277792016,21.762650277792016,21.762650277792016,0,0,0,0.8682050611579356,zscore,iqr,iqr
2025-01-02 19:35:00,755.0,22.658095516209347,21.856090543440555,21.856090543440555,22.658095516209347,1,1,0,2.3905609052005268,zscore,iqr,iqr
2025-01-02 19:36:00,756.0,22.123329475220224,22.123329475220224,22.123329475220224,22.123329475220224,0,0,0,0.4522616799891715,zscore,iqr,iqr
2025-01-02 19:37:00,757.0,22.04620903092372,22.04620903092372,22.04620903092372,22.04620903092372,0,0,0,0.09996207655046001,zscore,iqr,iqr
2025-01-02 19:38:00,758.0,21.785410554954694,21.785410554954694,21.785410554954694,21.785410554954694,0,0,0,0.7993126980587371,zscore,iqr,iqr
2025-01-02 19:39:00,759.0,22.175077469852248,22.175077469852248,22.175077469852248,22.175077469852248,0,0,0,0.42159064052454714,zscore,iqr,iqr
2025-01-02 19:40:00,760.0,21.856090543440555,21.856090543440555,21.856090543440555,21.856090543440555,0,0,0,0.745067317604888,zscore,iqr,iqr
2025-01-02 19:41:00,761.0,22.03050245366134,22.03050245366134,22.03050245366134,22.03050245366134,0,0,0,0.16158166564697019,zscore,iqr,iqr
2025-01-02 19:42:00,762.0,22.6400211345672,22.6400211345672,22.6400211345672,22.6400211345672,0,0,0,1.9874908378218503,zscore,iqr,iqr
2025-01-02 19:43:00,763.0,21.97598502506884,21.97598502506884,21.97598502506884,21.97598502506884,0,0,0,0.5641498998106115,zscore,iqr,iqr
2025-01-02 19:44:00,764.0,22.28731833157142,22.28731833157142,22.28731833157142,22.28731833157142,0,0,0,0.6494317773062477,zscore,iqr,iqr
2025-01-02 19:45:00,765.0,21.824205893718528,21.824205893718528,21.824205893718528,21.824205893718528,0,0,0,1.0550922837776522,zscore,iqr,iqr
2025-01-02 19:46:00,766.0,21.99125287737576,21.99125287737576,21.99125287737576,21.99125287737576,0,0,0,0.3202376421711263,zscore,iqr,iqr
2025-01-02 19:47:00,767.0,22.44270015890888,22.44270015890888,22.44270015890888,22.44270015890888,0,0,0,1.5179470942029816,zscore,iqr,iqr
2025-01-02 19:48:00,768.0,21.84325823555306,21.84325823555306,21.84325823555306,21.84325823555306,0,0,0,0.8596582014740949,zscore,iqr,iqr
2025-01-02 19:49:00,769.0,22.453112139499236,22.453112139499236,22.453112139499236,22.453112139499236,0,0,0,1.5406983667769871,zscore,iqr,iqr
2025-01-02 19:50:00,770.0,22.17693798386387,22.17693798386387,22.17693798386387,22.17693798386387,0,0,0,0.4370933671138687,zscore,iqr,iqr
2025-01-02 19:51:00,771.0,21.859383306026437,21.859383306026437,21.859383306026437,21.859383306026437,0,0,0,0.7946122361149494,zscore,iqr,iqr
2025-01-02 19:52:00,772.0,22.15810193476388,22.15810193476388,22.15810193476388,22.15810193476388,0,0,0,0.3674883497447538,zscore,iqr,iqr
2025-01-02 19:53:00,773.0,22.24313861240668,22.24313861240668,22.24313861240668,22.24313861240668,0,0,0,0.9133533734426513,zscore,iqr,iqr
2025-01-02 19:54:00,774.0,22.1554524905543,22.1554524905543,22.1554524905543,22.1554524905543,0,0,0,0.48003464153429554,zscore,iqr,iqr
2025-01-02 19:55:00,775.0,21.607443820027385,21.607443820027385,21.607443820027385,21.607443820027385,0,0,0,2.000042109756852,zscore,iqr,iqr
2025-01-02 19:56:00,776.0,21.818215706043784,21.818215706043784,21.818215706043784,21.818215706043784,0,0,0,1.1449335603046915,zscore,iqr,iqr
2025-01-02 19:57:00,777.0,21.938120341112125,21.938120341112125,21.938120341112125,21.938120341112125,0,0,0,0.6208373518437702,zscore,iqr,iqr
2025-01-02 19:58:00,778.0,21.98139164272499,21.98139164272499,21.98139164272499,21.98139164272499,0,0,0,0.34511086452499085,zscore,iqr,iqr
2025-01-02 19:59:00,779.0,22.15516802438767,22.15516802438767,22.15516802438767,22.15516802438767,0,0,0,0.5308524179094707,zscore,iqr,iqr
2025-01-02 20:00:00,780.0,22.044425250233317,22.044425250233317,22.044425250233317,22.044425250233317,0,0,0,0.11241455873766755,zscore,iqr,iqr
2025-01-02 20:01:00,781.0,21.666163910322474,21.666163910322474,21.666163910322474,21.666163910322474,0,0,0,1.769987862292631,zscore,iqr,iqr
2025-01-02 20:02:00,782.0,22.09504946275149,22.09504946275149,22.09504946275149,22.09504946275149,0,0,0,0.3553097122076083,zscore,iqr,iqr
2025-01-02 20:03:00,783.0,22.15264643632096,22.15264643632096,22.15264643632096,22.15264643632096,0,0,0,0.7275046597685069,zscore,iqr,iqr
2025-01-02 20:04:00,784.0,22.13994761198276,22.13994761198276,22.13994761198276,22.13994761198276,0,0,0,0.7826490861047811,zscore,iqr,iqr
2025-01-02 20:05:00,785.0,22.27019518138865,22.27019518138865,22.27019518138865,22.27019518138865,0,0,0,1.3530382710247997,zscore,iqr,iqr
2025-01-02 20:06:00,786.0,22.208480538637225,22.208480538637225,22.208480538637225,22.208480538637225,0,0,0,1.062909416211056,zscore,iqr,iqr
2025-01-02 20:07:00,787.0,22.114795019807108,22.114795019807108,22.114795019807108,22.114795019807108,0,0,0,0.4977694426895147,zscore,iqr,iqr
2025-01-02 20:08:00,788.0,21.98245857213534,21.98245857213534,21.98245857213534,21.98245857213534,0,0,0,0.2064666446159183,zscore,iqr,iqr
2025-01-02 20:09:00,789.0,21.584759766621,22.067894709298844,22.067894709298844,21.584759766621,1,1,0,2.286448365938923,zscore,iqr,iqr
2025-01-02 20:10:00,790.0,22.107404554783148,22.107404554783148,22.107404554783148,22.107404554783148,0,0,0,0.4114267959649807,zscore,iqr,iqr
2025-01-02 20:11:00,791.0,22.05192192179078,22.05192192179078,22.05192192179078,22.05192192179078,0,0,0,0.16706921217115786,zscore,iqr,iqr
2025-01-02 20:12:00,792.0,22.067894709298844,22.067894709298844,22.067894709298844,22.067894709298844,0,0,0,0.17625654851255956,zscore,iqr,iqr
2025-01-02 20:13:00,793.0,21.680812856044923,21.680812856044923,22.05192192179078,21.680812856044923,0,1,0,1.877783645208882,zscore,iqr,iqr
2025-01-02 20:14:00,794.0,21.729735864897933,21.729735864897933,21.729735864897933,21.729735864897933,0,0,0,1.5451884283721458,zscore,iqr,iqr
2025-01-02 20:15:00,795.0,22.263288213333222,22.263288213333222,22.263288213333222,22.263288213333222,0,0,0,1.4273465514588974,zscore,iqr,iqr
2025-01-02 20:16:00,796.0,21.99011121153584,21.99011121153584,21.99011121153584,21.99011121153584,0,0,0,0.015944116238897982,zscore,iqr,iqr
2025-01-02 20:17:00,797.0,22.17037517434316,22.17037517434316,22.17037517434316,22.17037517434316,0,0,0,1.154079056837252,zscore,iqr,iqr
2025-01-02 20:18:00,798.0,22.00707959403261,22.00707959403261,22.00707959403261,22.00707959403261,0,0,0,0.11307154520247521,zscore,iqr,iqr
2025-01-02 20:19:00,799.0,22.007439034873936,22.007439034873936,22.007439034873936,22.007439034873936,0,0,0,0.16455692302869737,zscore,iqr,iqr
2025-01-02 20:20:00,800.0,22.234570951494,22.234570951494,22.234570951494,22.234570951494,0,0,0,1.4661936949567114,zscore,iqr,iqr
2025-01-02 20:21:00,801.0,21.87098881794565,21.87098881794565,21.87098881794565,21.87098881794565,0,0,0,0.16415139661273317,zscore,iqr,iqr
2025-01-02 20:22:00,802.0,22.024030194235245,22.024030194235245,22.024030194235245,22.024030194235245,0,0,0,0.23252049245292544,zscore,iqr,iqr
2025-01-02 20:23:00,803.0,21.88443117782374,21.88443117782374,21.88443117782374,21.88443117782374,0,0,0,0.16356736080220144,zscore,iqr,iqr
2025-01-02 20:24:00,804.0,21.89137594314192,21.89137594314192,21.89137594314192,21.89137594314192,0,0,0,0.1529381300744236,zscore,iqr,iqr
2025-01-02 20:25:00,805.0,21.92270696913284,21.92270696913284,21.92270696913284,21.92270696913284,0,0,0,0.17088520672514496,zscore,iqr,iqr
2025-01-02 20:26:00,806.0,22.055533442908427,22.055533442908427,22.055533442908427,22.055533442908427,0,0,0,0.24174042333370213,zscore,iqr,iqr
2025-01-02 20:27:00,807.0,21.88031284458413,21.88031284458413,21.88031284458413,21.88031284458413,0,0,0,0.1489994427436398,zscore,iqr,iqr
2025-01-02 20:28:00,808.0,22.31393903139338,22.31393903139338,22.31393903139338,22.31393903139338,0,0,0,0.36793932703965626,zscore,iqr,iqr
2025-01-02 20:29:00,809.0,21.776348174445125,21.776348174445125,21.776348174445125,21.776348174445125,0,0,0,0.09477584699121631,zscore,iqr,iqr
2025-01-02 20:30:00,810.0,21.95328208895966,21.95328208895966,21.95328208895966,21.95328208895966,0,0,0,0.18579513833359396,zscore,iqr,iqr
2025-01-02 20:31:00,811.0,12.59873346349598,22.020570997318856,22.020570997318856,22.020570997318856,1,1,1,4.45123459724379,zscore,iqr,iqr
2025-01-02 20:32:00,812.0,22.361744471088432,22.361744471088432,22.361744471088432,22.361744471088432,0,0,0,0.36670807346823414,zscore,iqr,iqr
2025-01-02 20:33:00,813.0,22.04913869412789,22.04913869412789,22.04913869412789,22.04913869412789,0,0,0,0.21542846439786023,zscore,iqr,iqr
2025-01-02 20:34:00,814.0,22.25796113486716,22.25796113486716,22.25796113486716,22.25796113486716,0,0,0,0.3182955613783055,zscore,iqr,iqr
2025-01-02 20:35:00,815.0,21.62860990674076,21.62860990674076,21.62860990674076,21.62860990674076,0,0,0,0.003105301943184367,zscore,iqr,iqr
2025-01-02 20:36:00,816.0,22.066762566467315,22.066762566467315,22.066762566467315,22.066762566467315,0,0,0,0.20073605131802677,zscore,iqr,iqr
2025-01-02 20:37:00,817.0,22.222407698905855,22.222407698905855,22.222407698905855,22.222407698905855,0,0,0,0.2815954435811269,zscore,iqr,iqr
2025-01-02 20:38:00,818.0,22.020570997318856,22.020570997318856,22.020570997318856,22.020570997318856,0,0,0,0.18220512101888012,zscore,iqr,iqr
2025-01-02 20:39:00,819.0,22.266370093766337,22.266370093766337,22.266370093766337,22.266370093766337,0,0,0,0.31245884395684914,zscore,iqr,iqr
2025-01-02 20:40:00,820.0,21.87067788747491,21.87067788747491,21.87067788747491,21.87067788747491,0,0,0,0.12053534223169629,zscore,iqr,iqr
2025-01-02 20:41:00,821.0,22.3523368600464,22.3523368600464,22.3523368600464,22.3523368600464,0,0,0,0.3618742747627943,zscore,iqr,iqr
2025-01-02 20:42:00,822.0,22.574724530904813,22.574724530904813,22.574724530904813,22.574724530904813,0,0,0,1.989406733680057,zscore,iqr,iqr
2025-01-02 20:43:00,823.0,21.90929035989009,21.90929035989009,21.90929035989009,21.90929035989009,0,0,0,0.45350973280770823,zscore,iqr,iqr
2025-01-02 20:44:00,824.0,21.888624369649808,21.888624369649808,21.888624369649808,21.888624369649808,0,0,0,0.5228820518213546,zscore,iqr,iqr
2025-01-02 20:45:00,825.0,22.363346119279424,22.363346119279424,22.363346119279424,22.363346119279424,0,0,0,1.3825126684595967,zscore,iqr,iqr
2025-01-02 20:46:00,826.0,22.39489303643268,22.39489303643268,22.39489303643268,22.39489303643268,0,0,0,1.383186707360454,zscore,iqr,iqr
2025-01-02 20:47:00,827.0,21.86928499321168,21.86928499321168,21.86928499321168,21.86928499321168,0,0,0,0.6444491219308042,zscore,iqr,iqr
2025-01-02 20:48:00,828.0,21.89495329572604,21.89495329572604,21.89495329572604,21.89495329572604,0,0,0,0.5471957037836507,zscore,iqr,iqr
2025-01-02 20:49:00,829.0,21.929553847784877,21.929553847784877,21.929553847784877,21.929553847784877,0,0,0,0.39839919683377234,zscore,iqr,iqr
2025-01-02 20:50:00,830.0,21.66388737224143,21.66388737224143,21.66388737224143,21.66388737224143,0,0,0,1.402012619222678,zscore,iqr,iqr
2025-01-02 20:51:00,831.0,21.77033701337895,21.77033701337895,21.77033701337895,21.77033701337895,0,0,0,1.0397236957272995,zscore,iqr,iqr
2025-01-02 20:52:00,832.0,21.74896480831198,21.74896480831198,21.74896480831198,21.74896480831198,0,0,0,1.013368329122949,zscore,iqr,iqr
2025-01-02 20:53:00,833.0,21.808050608723967,21.808050608723967,21.808050608723967,21.808050608723967,0,0,0,0.7926330450475975,zscore,iqr,iqr
2025-01-02 20:54:00,834.0,21.991328778153303,21.991328778153303,21.991328778153303,21.991328778153303,0,0,0,0.020283436324206514,zscore,iqr,iqr
2025-01-02 20:55:00,835.0,22.05855368313413,22.05855368313413,22.05855368313413,22.05855368313413,0,0,0,0.27718522668103257,zscore,iqr,iqr
2025-01-02 20:56:00,836.0,22.38762512320352,22.38762512320352,22.38762512320352,22.38762512320352,0,0,0,1.9847810344836738,zscore,iqr,iqr
2025-01-02 20:57:00,837.0,21.750411489815303,21.750411489815303,21.750411489815303,21.750411489815303,0,0,0,1.07058229918582,zscore,iqr,iqr
2025-01-02 20:58:00,838.0,22.246080599619145,22.246080599619145,22.246080599619145,22.246080599619145,0,0,0,1.1040809031882508,zscore,iqr,iqr
2025-01-02 20:59:00,839.0,21.946502788943626,21.946502788943626,21.946502788943626,21.946502788943626,0,0,0,0.19798798843322202,zscore,iqr,iqr
2025-01-02 21:00:00,840.0,21.987634072586893,21.987634072586893,21.987634072586893,21.987634072586893,0,0,0,0.0011443172283305287,zscore,iqr,iqr
2025-01-02 21:01:00,841.0,22.16870487304165,22.16870487304165,22.16870487304165,22.16870487304165,0,0,0,0.772511047660516,zscore,iqr,iqr
2025-01-02 21:02:00,842.0,21.719319494609422,21.719319494609422,21.719319494609422,21.719319494609422,0,0,0,1.2848478026314862,zscore,iqr,iqr
2025-01-02 21:03:00,843.0,22.095602436546013,22.095602436546013,22.095602436546013,22.095602436546013,0,0,0,0.31286832850548657,zscore,iqr,iqr
2025-01-02 21:04:00,844.0,22.041613052053265,22.041613052053265,22.041613052053265,22.041613052053265,0,0,0,0.049727217901326226,zscore,iqr,iqr
2025-01-02 21:05:00,845.0,22.12311281600204,22.12311281600204,22.12311281600204,22.12311281600204,0,0,0,0.3356521245237702,zscore,iqr,iqr
2025-01-02 21:06:00,846.0,22.072292160976957,22.072292160976957,22.072292160976957,22.072292160976957,0,0,0,0.16427994260599532,zscore,iqr,iqr
2025-01-02 21:07:00,847.0,22.61382503497772,22.61382503497772,21.987634072586893,22.61382503497772,0,1,0,2.6696058718695066,zscore,iqr,iqr
2025-01-02 21:08:00,848.0,21.84056500393717,21.84056500393717,21.84056500393717,21.84056500393717,0,0,0,0.8559800444185673,zscore,iqr,iqr
2025-01-02 21:09:00,849.0,21.867250761249547,21.867250761249547,21.867250761249547,21.867250761249547,0,0,0,0.72520936615596,zscore,iqr,iqr
2025-01-02 21:10:00,850.0,21.84421486839381,21.84421486839381,21.84421486839381,21.84421486839381,0,0,0,0.8588457845369986,zscore,iqr,iqr
2025-01-02 21:11:00,851.0,21.861130720209932,21.861130720209932,21.861130720209932,21.861130720209932,0,0,0,0.6460729868914101,zscore,iqr,iqr
2025-01-02 21:12:00,852.0,21.84065321817337,21.84065321817337,21.84065321817337,21.84065321817337,0,0,0,0.7429233404298847,zscore,iqr,iqr
2025-01-02 21:13:00,853.0,22.29725413277689,22.29725413277689,22.29725413277689,22.29725413277689,0,0,0,0.9785422363597576,zscore,iqr,iqr
2025-01-02 21:14:00,854.0,22.355126061997463,22.355126061997463,22.355126061997463,22.355126061997463,0,0,0,1.2413390234012311,zscore,iqr,iqr
2025-01-02 21:15:00,855.0,21.85731342656263,21.85731342656263,21.85731342656263,21.85731342656263,0,0,0,0.7060530869432823,zscore,iqr,iqr
2025-01-02 21:16:00,856.0,21.791911106723944,21.791911106723944,21.791911106723944,21.791911106723944,0,0,0,0.9567719155196198,zscore,iqr,iqr
2025-01-02 21:17:00,857.0,22.1178538890966,22.1178538890966,22.1178538890966,22.1178538890966,0,0,0,0.3305296010179713,zscore,iqr,iqr
2025-01-02 21:18:00,858.0,21.86194423892976,21.86194423892976,21.86194423892976,21.86194423892976,0,0,0,0.6868935655133608,zscore,iqr,iqr
2025-01-02 21:19:00,859.0,22.15823295443888,22.15823295443888,22.15823295443888,22.15823295443888,0,0,0,0.47548915107804907,zscore,iqr,iqr
2025-01-02 21:20:00,860.0,22.050730755212825,22.050730755212825,22.050730755212825,22.050730755212825,0,0,0,0.008873846466758433,zscore,iqr,iqr
2025-01-02 21:21:00,861.0,21.62106397125069,21.62106397125069,21.62106397125069,21.62106397125069,0,0,0,1.780548599385558,zscore,iqr,iqr
2025-01-02 21:22:00,862.0,22.38687630033252,22.38687630033252,22.38687630033252,22.38687630033252,0,0,0,1.3987511219798128,zscore,iqr,iqr
2025-01-02 21:23:00,863.0,22.44896941827388,22.44896941827388,22.44896941827388,22.44896941827388,0,0,0,1.6452030171996466,zscore,iqr,iqr
2025-01-02 21:24:00,864.0,21.8468028273789,21.8468028273789,21.8468028273789,21.8468028273789,0,0,0,0.7129720477175105,zscore,iqr,iqr
2025-01-02 21:25:00,865.0,21.903074610016,21.903074610016,21.903074610016,21.903074610016,0,0,0,0.4874058378130407,zscore,iqr,iqr
2025-01-02 21:26:00,866.0,22.071466347681227,22.071466347681227,22.071466347681227,22.071466347681227,0,0,0,0.18064187583586055,zscore,iqr,iqr
2025-01-02 21:27:00,867.0,22.08361419749676,22.08361419749676,22.08361419749676,22.08361419749676,0,0,0,0.18295815563957935,zscore,iqr,iqr
2025-01-02 21:28:00,868.0,22.164636068168207,22.164636068168207,22.164636068168207,22.164636068168207,0,0,0,0.5379942481002977,zscore,iqr,iqr
2025-01-02 21:29:00,869.0,22.502551134691583,22.502551134691583,22.502551134691583,22.502551134691583,0,0,0,1.8110531594245813,zscore,iqr,iqr
2025-01-02 21:30:00,870.0,21.955763193126486,21.955763193126486,21.955763193126486,21.955763193126486,0,0,0,0.2608355840751002,zscore,iqr,iqr
2025-01-02 21:31:00,871.0,21.800425688865385,21.800425688865385,21.800425688865385,21.800425688865385,0,0,0,0.32129778844354384,zscore,iqr,iqr
2025-01-02 21:32:00,872.0,21.65517019299637,21.65517019299637,21.65517019299637,21.65517019299637,0,0,0,0.38718104777663853,zscore,iqr,iqr
2025-01-02 21:33:00,873.0,21.81726749001452,21.81726749001452,21.81726749001452,21.81726749001452,0,0,0,0.3173708070875033,zscore,iqr,iqr
2025-01-02 21:34:00,874.0,21.99171825678155,21.99171825678155,21.99171825678155,21.99171825678155,0,0,0,0.2393820970167334,zscore,iqr,iqr
2025-01-02 21:35:00,875.0,22.448639465879445,22.448639465879445,22.448639465879445,22.448639465879445,0,0,0,0.06228370127381718,zscore,iqr,iqr
2025-01-02 21:36:00,876.0,21.87059717524096,21.87059717524096,21.87059717524096,21.87059717524096,0,0,0,0.3075291604121713,zscore,iqr,iqr
2025-01-02 21:37:00,877.0,22.055946987909724,22.055946987909724,22.055946987909724,22.055946987909724,0,0,0,0.2270771513209812,zscore,iqr,iqr
2025-01-02 21:38:00,878.0,21.99589427598181,21.99589427598181,21.99589427598181,21.99589427598181,0,0,0,0.25336045044828676,zscore,iqr,iqr
2025-01-02 21:39:00,879.0,22.29709831836202,22.29709831836202,22.29709831836202,22.29709831836202,0,0,0,0.1304568052110646,zscore,iqr,iqr
2025-01-02 21:40:00,880.0,33.31856376999971,22.055946987909724,22.055946987909724,22.055946987909724,1,1,1,4.454767300077961,zscore,iqr,iqr
2025-01-02 21:41:00,881.0,21.86728280676992,21.86728280676992,21.86728280676992,21.86728280676992,0,0,0,0.3067002368779439,zscore,iqr,iqr
2025-01-02 21:42:00,882.0,21.877640139370445,21.877640139370445,21.877640139370445,21.877640139370445,0,0,0,0.3123244961722967,zscore,iqr,iqr
2025-01-02 21:43:00,883.0,22.26104021926727,22.26104021926727,22.26104021926727,22.26104021926727,0,0,0,0.16577351751691355,zscore,iqr,iqr
2025-01-02 21:44:00,884.0,22.170472872406577,22.170472872406577,22.170472872406577,22.170472872406577,0,0,0,0.21472825580737906,zscore,iqr,iqr
2025-01-02 21:45:00,885.0,22.46167683143401,22.46167683143401,22.46167683143401,22.46167683143401,0,0,0,0.0961111084950155,zscore,iqr,iqr
2025-01-02 21:46:00,886.0,22.14598204633149,22.14598204633149,22.14598204633149,22.14598204633149,0,0,0,0.21837252305025057,zscore,iqr,iqr
2025-01-02 21:47:00,887.0,21.910176977303237,21.910176977303237,21.910176977303237,21.910176977303237,0,0,0,0.320772933238428,zscore,iqr,iqr
2025-01-02 21:48:00,888.0,22.14766370767308,22.14766370767308,22.14766370767308,22.14766370767308,0,0,0,0.2263401336822059,zscore,iqr,iqr
2025-01-02 21:49:00,889.0,22.277175895145728,22.277175895145728,22.277175895145728,22.277175895145728,0,0,0,0.167761867601431,zscore,iqr,iqr
2025-01-02 21:50:00,890.0,22.20512054529934,22.20512054529934,22.20512054529934,22.20512054529934,0,0,0,0.19371516304338715,zscore,iqr,iqr
2025-01-02 21:51:00,891.0,22.126818507776825,22.126818507776825,22.126818507776825,22.126818507776825,0,0,0,0.01589968046785767,zscore,iqr,iqr
2025-01-02 21:52:00,892.0,22.266668672397287,22.266668672397287,22.266668672397287,22.266668672397287,0,0,0,0.7985224274727308,zscore,iqr,iqr
2025-01-02 21:53:00,893.0,22.292323897611418,22.292323897611418,22.292323897611418,22.292323897611418,0,0,0,0.8523106217367775,zscore,iqr,iqr
2025-01-02 21:54:00,894.0,22.345539747759386,22.345539747759386,22.345539747759386,22.345539747759386,0,0,0,1.2400130690966276,zscore,iqr,iqr
2025-01-02 21:55:00,895.0,22.16217747189741,22.16217747189741,22.16217747189741,22.16217747189741,0,0,0,0.16919372546112527,zscore,iqr,iqr
2025-01-02 21:56:00,896.0,21.958220479920787,21.958220479920787,21.958220479920787,21.958220479920787,0,0,0,0.7704018386364976,zscore,iqr,iqr
2025-01-02 21:57:00,897.0,22.03667842160833,22.03667842160833,22.03667842160833,22.03667842160833,0,0,0,0.3404811410673036,zscore,iqr,iqr
2025-01-02 21:58:00,898.0,22.301627241627088,22.301627241627088,22.301627241627088,22.301627241627088,0,0,0,1.0982579932477623,zscore,iqr,iqr
2025-01-02 21:59:00,899.0,21.79576608225319,21.79576608225319,21.79576608225319,21.79576608225319,0,0,0,1.685133879286373,zscore,iqr,iqr
2025-01-02 22:00:00,900.0,22.092168327218225,22.092168327218225,22.092168327218225,22.092168327218225,0,0,0,0.09740628667322997,zscore,iqr,iqr
2025-01-02 22:01:00,901.0,21.90166529691816,21.90166529691816,21.90166529691816,21.90166529691816,0,0,0,1.0223432075836036,zscore,iqr,iqr
2025-01-02 22:02:00,902.0,22.007186205733703,22.007186205733703,22.007186205733703,22.007186205733703,0,0,0,0.47444576065394545,zscore,iqr,iqr
2025-01-02 22:03:00,903.0,22.319612965651825,22.319612965651825,22.319612965651825,22.319612965651825,0,0,0,1.0338680237172342,zscore,iqr,iqr
2025-01-02 22:04:00,904.0,22.047774767004977,22.047774767004977,22.047774767004977,22.047774767004977,0,0,0,0.21993893597195463,zscore,iqr,iqr
2025-01-02 22:05:00,905.0,22.01160913703904,22.01160913703904,22.01160913703904,22.01160913703904,0,0,0,0.3473653384143592,zscore,iqr,iqr
2025-01-02 22:06:00,906.0,21.66003596475502,21.66003596475502,22.054787581915985,21.66003596475502,0,1,0,2.15313840242631,zscore,iqr,iqr
2025-01-02 22:07:00,907.0,22.186563391506805,22.186563391506805,22.186563391506805,22.186563391506805,0,0,0,0.5375256018163879,zscore,iqr,iqr
2025-01-02 22:08:00,908.0,22.161371045285268,22.161371045285268,22.161371045285268,22.161371045285268,0,0,0,0.43392930283574604,zscore,iqr,iqr
2025-01-02 22:09:00,909.0,22.540813680826364,22.048522498224575,22.048522498224575,22.540813680826364,1,1,0,2.5045145401874906,zscore,iqr,iqr
2025-01-02 22:10:00,910.0,21.92305544126175,21.92305544126175,21.92305544126175,21.92305544126175,0,0,0,0.8812396675311068,zscore,iqr,iqr
2025-01-02 22:11:00,911.0,22.054787581915985,22.054787581915985,22.054787581915985,22.054787581915985,0,0,0,0.07505878198432094,zscore,iqr,iqr
2025-01-02 22:12:00,912.0,22.06234592092769,22.06234592092769,22.06234592092769,22.06234592092769,0,0,0,0.06973845250453457,zscore,iqr,iqr
2025-01-02 22:13:00,913.0,22.39436331994087,22.39436331994087,22.39436331994087,22.39436331994087,0,0,0,1.614403269031861,zscore,iqr,iqr
2025-01-02 22:14:00,914.0,21.97617611690326,21.97617611690326,21.97617611690326,21.97617611690326,0,0,0,0.4476734090146477,zscore,iqr,iqr
2025-01-02 22:15:00,915.0,22.069755381442583,22.069755381442583,22.069755381442583,22.069755381442583,0,0,0,0.10696608977870045,zscore,iqr,iqr
2025-01-02 22:16:00,916.0,22.15197412742913,22.15197412742913,22.15197412742913,22.15197412742913,0,0,0,0.5006509032673118,zscore,iqr,iqr
2025-01-02 22:17:00,917.0,22.04665228078909,22.04665228078909,22.04665228078909,22.04665228078909,0,0,0,0.060703474028403655,zscore,iqr,iqr
2025-01-02 22:18:00,918.0,21.888391596362368,21.888391596362368,21.888391596362368,21.888391596362368,0,0,0,0.8211943123755585,zscore,iqr,iqr
2025-01-02 22:19:00,919.0,22.048522498224575,22.048522498224575,22.048522498224575,22.048522498224575,0,0,0,0.05531215111191921,zscore,iqr,iqr
2025-01-02 22:20:00,920.0,22.268407937464943,22.268407937464943,22.268407937464943,22.268407937464943,0,0,0,1.2285203071057405,zscore,iqr,iqr
2025-01-02 22:21:00,921.0,21.743371175147235,21.743371175147235,21.743371175147235,21.743371175147235,0,0,0,1.4455604545042582,zscore,iqr,iqr
2025-01-02 22:22:00,922.0,22.03324241853672,22.03324241853672,22.03324241853672,22.03324241853672,0,0,0,0.005535118208708357,zscore,iqr,iqr
2025-01-02 22:23:00,923.0,21.824969796265208,21.824969796265208,21.824969796265208,21.824969796265208,0,0,0,0.684270912520265,zscore,iqr,iqr
2025-01-02 22:24:00,924.0,22.29876165723121,22.29876165723121,22.29876165723121,22.29876165723121,0,0,0,1.226198551218406,zscore,iqr,iqr
2025-01-02 22:25:00,925.0,21.619203273804057,21.619203273804057,21.619203273804057,21.619203273804057,0,0,0,1.4622071571778643,zscore,iqr,iqr
2025-01-02 22:26:00,926.0,21.860269538182106,21.860269538182106,21.860269538182106,21.860269538182106,0,0,0,0.43469945414920536,zscore,iqr,iqr
2025-01-02 22:27:00,927.0,22.09430296876613,22.09430296876613,22.09430296876613,22.09430296876613,0,0,0,0.47340525675842776,zscore,iqr,iqr
2025-01-02 22:28:00,928.0,22.391381007308585,22.391381007308585,22.391381007308585,22.391381007308585,0,0,0,1.6261148148827467,zscore,iqr,iqr
2025-01-02 22:29:00,929.0,21.983562434731752,21.983562434731752,21.983562434731752,21.983562434731752,0,0,0,0.04489196600352657,zscore,iqr,iqr
2025-01-02 22:30:00,930.0,21.8612001183267,21.8612001183267,21.8612001183267,21.8612001183267,0,0,0,0.35288363565511155,zscore,iqr,iqr
2025-01-02 22:31:00,931.0,22.470289267360148,22.470289267360148,22.470289267360148,22.470289267360148,0,0,0,1.9810284241322114,zscore,iqr,iqr
2025-01-02 22:32:00,932.0,21.63799652489594,21.63799652489594,21.63799652489594,21.63799652489594,0,0,0,1.2802112998307835,zscore,iqr,iqr
2025-01-02 22:33:00,933.0,21.45029851084498,21.45029851084498,21.45029851084498,21.45029851084498,0,0,0,1.9917426950736157,zscore,iqr,iqr
2025-01-02 22:34:00,934.0,22.11000361251333,22.11000361251333,22.11000361251333,22.11000361251333,0,0,0,0.39664027647445144,zscore,iqr,iqr
2025-01-02 22:35:00,935.0,21.87448644391185,21.87448644391185,21.87448644391185,21.87448644391185,0,0,0,0.35606688712441437,zscore,iqr,iqr
2025-01-02 22:36:00,936.0,21.744691795717323,21.744691795717323,21.744691795717323,21.744691795717323,0,0,0,0.826891729125378,zscore,iqr,iqr
2025-01-02 22:37:00,937.0,22.17708911182484,22.17708911182484,22.17708911182484,22.17708911182484,0,0,0,0.7458574723143906,zscore,iqr,iqr
2025-01-02 22:38:00,938.0,22.0609501784428,22.0609501784428,22.0609501784428,22.0609501784428,0,0,0,0.3454387153724188,zscore,iqr,iqr
2025-01-02 22:39:00,939.0,21.858980342315817,21.858980342315817,21.858980342315817,21.858980342315817,0,0,0,0.3519986900539073,zscore,iqr,iqr
2025-01-02 22:40:00,940.0,21.67992390033228,21.67992390033228,21.67992390033228,21.67992390033228,0,0,0,1.0351530333040777,zscore,iqr,iqr
2025-01-02 22:41:00,941.0,22.21811433207004,22.21811433207004,22.21811433207004,22.21811433207004,0,0,0,0.9969698874375427,zscore,iqr,iqr
2025-01-02 22:42:00,942.0,22.162550294489662,22.162550294489662,22.162550294489662,22.162550294489662,0,0,0,1.0067763345747178,zscore,iqr,iqr
2025-01-02 22:43:00,943.0,21.975206034055155,21.975206034055155,21.975206034055155,21.975206034055155,0,0,0,0.07724211878134844,zscore,iqr,iqr
2025-01-02 22:44:00,944.0,22.46165924901192,22.46165924901192,22.46165924901192,22.46165924901192,0,0,0,2.1781115978914705,zscore,iqr,iqr
2025-01-02 22:45:00,945.0,21.732478808418463,21.732478808418463,21.732478808418463,21.732478808418463,0,0,0,1.126090554458055,zscore,iqr,iqr
2025-01-02 22:46:00,946.0,21.618618707268816,21.618618707268816,21.618618707268816,21.618618707268816,0,0,0,1.674009770675408,zscore,iqr,iqr
2025-01-02 22:47:00,947.0,21.827022982529687,21.827022982529687,21.827022982529687,21.827022982529687,0,0,0,0.8584210119400381,zscore,iqr,iqr
2025-01-02 22:48:00,948.0,21.988603495911125,21.988603495911125,21.988603495911125,21.988603495911125,0,0,0,0.12134284143580801,zscore,iqr,iqr
2025-01-02 22:49:00,949.0,22.060834862330672,22.060834862330672,22.060834862330672,22.060834862330672,0,0,0,0.1949698744042097,zscore,iqr,iqr
2025-01-02 22:50:00,950.0,21.93969098553592,21.93969098553592,21.93969098553592,21.93969098553592,0,0,0,0.4201404389483559,zscore,iqr,iqr
2025-01-02 22:51:00,951.0,22.088013849128576,22.088013849128576,22.088013849128576,22.088013849128576,0,0,0,0.11600803982877367,zscore,iqr,iqr
2025-01-02 22:52:00,952.0,21.68711514395239,21.68711514395239,22.085681336594423,21.68711514395239,0,1,0,1.7423086264223655,zscore,iqr,iqr
2025-01-02 22:53:00,953.0,22.36094115101832,22.36094115101832,22.36094115101832,22.36094115101832,0,0,0,1.441861327170224,zscore,iqr,iqr
2025-01-02 22:54:00,954.0,21.97946220540186,21.97946220540186,21.97946220540186,21.97946220540186,0,0,0,0.3615305269927984,zscore,iqr,iqr
2025-01-02 22:55:00,955.0,22.27932395789703,22.27932395789703,22.27932395789703,22.27932395789703,0,0,0,1.1229680104617707,zscore,iqr,iqr
2025-01-02 22:56:00,956.0,22.085681336594423,22.085681336594423,22.085681336594423,22.085681336594423,0,0,0,0.15181262480924537,zscore,iqr,iqr
2025-01-02 22:57:00,957.0,22.11418830478845,22.11418830478845,22.11418830478845,22.11418830478845,0,0,0,0.09974665483042444,zscore,iqr,iqr
2025-01-02 22:58:00,958.0,22.14244182005805,22.14244182005805,22.14244182005805,22.14244182005805,0,0,0,0.2178147623873366,zscore,iqr,iqr
2025-01-02 22:59:00,959.0,22.11192714000433,22.11192714000433,22.11192714000433,22.11192714000433,0,0,0,0.12363649351441132,zscore,iqr,iqr
2025-01-02 23:00:00,960.0,22.160680689966885,22.160680689966885,22.160680689966885,22.160680689966885,0,0,0,0.3684810212352697,zscore,iqr,iqr
2025-01-02 23:01:00,961.0,22.332288132533108,22.332288132533108,22.332288132533108,22.332288132533108,0,0,0,1.2034224914676706,zscore,iqr,iqr
2025-01-02 23:02:00,962.0,22.049130292425367,22.049130292425367,22.049130292425367,22.049130292425367,0,0,0,0.17379375893790122,zscore,iqr,iqr
2025-01-02 23:03:00,963.0,22.17725093939713,22.17725093939713,22.17725093939713,22.17725093939713,0,0,0,0.42107973577130553,zscore,iqr,iqr
2025-01-02 23:04:00,964.0,21.977566076428197,21.977566076428197,21.977566076428197,21.977566076428197,0,0,0,0.4761566051886896,zscore,iqr,iqr
2025-01-02 23:05:00,965.0,22.36002930386237,22.36002930386237,22.36002930386237,22.36002930386237,0,0,0,1.3736268686476014,zscore,iqr,iqr
2025-01-02 23:06:00,966.0,21.830901924485183,21.830901924485183,21.830901924485183,21.830901924485183,0,0,0,0.8948895451290277,zscore,iqr,iqr
2025-01-02 23:07:00,967.0,22.450235108227705,22.450235108227705,22.450235108227705,22.450235108227705,0,0,0,1.7405579023424735,zscore,iqr,iqr
2025-01-02 23:08:00,968.0,21.989960512338914,21.989960512338914,21.989960512338914,21.989960512338914,0,0,0,0.06215359942996994,zscore,iqr,iqr
2025-01-02 23:09:00,969.0,21.642306224470488,21.642306224470488,21.642306224470488,21.642306224470488,0,0,0,1.2185490931236624,zscore,iqr,iqr
2025-01-02 23:10:00,970.0,22.0320261037277,22.0320261037277,22.0320261037277,22.0320261037277,0,0,0,0.1908628172750746,zscore,iqr,iqr
2025-01-02 23:11:00,971.0,21.82973708563128,21.82973708563128,21.82973708563128,21.82973708563128,0,0,0,0.5358033330598602,zscore,iqr,iqr
2025-01-02 23:12:00,972.0,22.21016088724718,22.21016088724718,22.21016088724718,22.21016088724718,0,0,0,0.9796615825556049,zscore,iqr,iqr
2025-01-02 23:13:00,973.0,21.8368440051744,21.8368440051744,21.8368440051744,21.8368440051744,0,0,0,0.4133885245056424,zscore,iqr,iqr
2025-01-02 23:14:00,974.0,21.888454141696304,21.888454141696304,21.888454141696304,21.888454141696304,0,0,0,0.1902981272786438,zscore,iqr,iqr
2025-01-02 23:15:00,975.0,21.52761481726362,21.52761481726362,21.52761481726362,21.52761481726362,0,0,0,1.5014168382425528,zscore,iqr,iqr
2025-01-02 23:16:00,976.0,21.88692342018773,21.88692342018773,21.88692342018773,21.88692342018773,0,0,0,0.14714761612898714,zscore,iqr,iqr
2025-01-02 23:17:00,977.0,21.39403016834276,21.39403016834276,21.39403016834276,21.39403016834276,0,0,0,2.0217252146108056,zscore,iqr,iqr
2025-01-02 23:18:00,978.0,21.604024294128568,21.604024294128568,21.604024294128568,21.604024294128568,0,0,0,1.277218305535358,zscore,iqr,iqr
2025-01-02 23:19:00,979.0,22.190103664036076,22.190103664036076,22.190103664036076,22.190103664036076,0,0,0,1.0836417140544525,zscore,iqr,iqr
2025-01-02 23:20:00,980.0,22.196450039662707,22.196450039662707,22.196450039662707,22.196450039662707,0,0,0,1.0591139491864054,zscore,iqr,iqr
2025-01-02 23:21:00,981.0,22.10636439044624,22.10636439044624,22.10636439044624,22.10636439044624,0,0,0,0.7399536228609905,zscore,iqr,iqr
2025-01-02 23:22:00,982.0,21.758255964217696,21.758255964217696,21.758255964217696,21.758255964217696,0,0,0,0.6276471970893283,zscore,iqr,iqr
2025-01-02 23:23:00,983.0,21.988072160964503,21.988072160964503,21.988072160964503,21.988072160964503,0,0,0,0.3438893872443277,zscore,iqr,iqr
2025-01-02 23:24:00,984.0,21.99909936522736,21.99909936522736,21.99909936522736,21.99909936522736,0,0,0,0.40173374255272537,zscore,iqr,iqr
2025-01-02 23:25:00,985.0,21.710408827701865,21.710408827701865,21.710408827701865,21.710408827701865,0,0,0,0.7516016457736431,zscore,iqr,iqr
2025-01-02 23:26:00,986.0,22.375849575441787,22.375849575441787,22.375849575441787,22.375849575441787,0,0,0,1.6404738490679822,zscore,iqr,iqr
2025-01-02 23:27:00,987.0,22.21934057264392,22.21934057264392,22.21934057264392,22.21934057264392,0,0,0,0.9834612799296896,zscore,iqr,iqr
2025-01-02 23:28:00,988.0,21.944758956542582,21.944758956542582,21.944758956542582,21.944758956542582,0,0,0,0.14363231092032583,zscore,iqr,iqr
2025-01-02 23:29:00,989.0,22.006721459748636,22.006721459748636,22.006721459748636,22.006721459748636,0,0,0,0.010006314195233991,zscore,iqr,iqr
2025-01-02 23:30:00,990.0,22.05209570198689,22.05209570198689,22.05209570198689,22.05209570198689,0,0,0,0.25235091201402765,zscore,iqr,iqr
2025-01-02 23:31:00,991.0,21.48956628289393,21.48956628289393,21.48956628289393,21.48956628289393,0,0,0,2.186399721444693,zscore,iqr,iqr
2025-01-02 23:32:00,992.0,21.93820565436985,21.93820565436985,21.93820565436985,21.93820565436985,0,0,0,0.17178039388797747,zscore,iqr,iqr
2025-01-02 23:33:00,993.0,21.82950393800055,21.82950393800055,21.82950393800055,21.82950393800055,0,0,0,0.6980022017091805,zscore,iqr,iqr
2025-01-02 23:34:00,994.0,21.74959499752627,21.74959499752627,21.74959499752627,21.74959499752627,0,0,0,1.0134318433588885,zscore,iqr,iqr
2025-01-02 23:35:00,995.0,21.929724926778512,21.929724926778512,21.929724926778512,21.929724926778512,0,0,0,0.24664532332873332,zscore,iqr,iqr
2025-01-02 23:36:00,996.0,22.44942163171238,22.44942163171238,22.44942163171238,22.44942163171238,0,0,0,1.8104877351053896,zscore,iqr,iqr
2025-01-02 23:37:00,997.0,22.16021071531675,22.16021071531675,22.16021071531675,22.16021071531675,0,0,0,0.7783522781130143,zscore,iqr,iqr
2025-01-02 23:38:00,998.0,21.8572052525543,21.8572052525543,21.8572052525543,21.8572052525543,0,0,0,0.46383588512512175,zscore,iqr,iqr
2025-01-02 23:39:00,999.0,22.14314569533904,22.14314569533904,22.14314569533904,22.14314569533904,0,0,0,0.7551431940347613,zscore,iqr,iqr
