timestamp,time_min,temp_c,temp_hampel,temp_iqr,temp_zscore,is_outlier_hampel,is_outlier_iqr,is_outlier_zscore,zscore_abs,best_filter_agent_raw_v12,best_filter_agent_v12,best_filter_supervised_v12
2025-01-01 00:00:00,0.0,20.099342830602247,20.099342830602247,20.099342830602247,20.099342830602247,0,0,0,0.18667107057954863,zscore,zscore,N/A
2025-01-01 00:01:00,1.0,19.972347139765763,19.972347139765763,19.972347139765763,19.972347139765763,0,0,0,0.6093826291342014,zscore,zscore,N/A
2025-01-01 00:02:00,2.0,20.129537707620138,20.129537707620138,20.129537707620138,20.129537707620138,0,0,0,0.519729506978733,zscore,zscore,N/A
2025-01-01 00:03:00,3.0,20.304605971281607,20.304605971281607,20.304605971281607,20.304605971281607,0,0,0,1.5951916542752174,zscore,zscore,N/A
2025-01-01 00:04:00,4.0,19.95316932505533,19.95316932505533,19.95316932505533,19.95316932505533,0,0,0,0.25457128579592,zscore,zscore,N/A
2025-01-01 00:05:00,5.0,19.953172608610164,19.953172608610164,19.953172608610164,19.953172608610164,0,0,0,0.22340540199916706,zscore,zscore,N/A
2025-01-01 00:06:00,6.0,20.31584256310148,20.31584256310148,20.31584256310148,20.31584256310148,0,0,0,0.47347067512250746,zscore,zscore,N/A
2025-01-01 00:07:00,7.0,20.153486945830583,20.153486945830583,20.153486945830583,20.153486945830583,0,0,0,0.35385311792223756,zscore,zscore,N/A
2025-01-01 00:08:00,8.0,19.90610512281301,19.90610512281301,19.90610512281301,19.90610512281301,0,0,0,0.1770052098796244,zscore,zscore,N/A
2025-01-01 00:09:00,9.0,20.10851200871719,20.10851200871719,20.10851200871719,20.10851200871719,0,0,0,0.33076378707394966,zscore,zscore,N/A
2025-01-01 00:10:00,10.0,19.907316461437507,19.907316461437507,19.907316461437507,19.907316461437507,0,0,0,0.16121112966911205,zscore,zscore,N/A
2025-01-01 00:11:00,11.0,19.906854049285947,19.906854049285947,19.906854049285947,19.906854049285947,0,0,0,0.1663212315679822,zscore,zscore,N/A
2025-01-01 00:12:00,12.0,20.048392454313205,20.048392454313205,20.048392454313205,20.048392454313205,0,0,0,0.2726591701951899,zscore,zscore,N/A
2025-01-01 00:13:00,13.0,19.61734395106844,19.61734395106844,19.61734395106844,19.61734395106844,0,0,0,0.04098125827825298,zscore,zscore,N/A
2025-01-01 00:14:00,14.0,19.655016433497394,19.655016433497394,19.655016433497394,19.655016433497394,0,0,0,0.0028798110865308857,zscore,zscore,N/A
2025-01-01 00:15:00,15.0,13.887542494151806,19.907316461437507,19.907316461437507,19.907316461437507,1,1,1,4.427641944574355,zscore,zscore,N/A
2025-01-01 00:16:00,16.0,19.797433775933115,19.797433775933115,19.797433775933115,19.797433775933115,0,0,0,0.11652693874022525,zscore,zscore,N/A
2025-01-01 00:17:00,17.0,20.06284946651905,20.06284946651905,20.06284946651905,20.06284946651905,0,0,0,0.3305777936164284,zscore,zscore,N/A
2025-01-01 00:18:00,18.0,19.81839518489576,19.81839518489576,19.81839518489576,19.81839518489576,0,0,0,0.15249478331349794,zscore,zscore,N/A
2025-01-01 00:19:00,19.0,19.71753925973294,19.71753925973294,19.71753925973294,19.71753925973294,0,0,0,0.07311653121570622,zscore,zscore,N/A
2025-01-01 00:20:00,20.0,20.29312975378431,20.29312975378431,20.29312975378431,20.29312975378431,0,0,0,0.5281203336769942,zscore,zscore,N/A
2025-01-01 00:21:00,21.0,19.954844739902693,19.954844739902693,19.954844739902693,19.954844739902693,0,0,0,0.24699224632588654,zscore,zscore,N/A
2025-01-01 00:22:00,22.0,20.013505640937584,20.013505640937584,20.013505640937584,20.013505640937584,0,0,0,0.28862571151223165,zscore,zscore,N/A
2025-01-01 00:23:00,23.0,19.71505036275731,19.71505036275731,19.71505036275731,19.71505036275731,0,0,0,0.06859551286189788,zscore,zscore,N/A
2025-01-01 00:24:00,24.0,19.891123455094963,19.891123455094963,19.891123455094963,19.891123455094963,0,0,0,0.18358178312188755,zscore,zscore,N/A
2025-01-01 00:25:00,25.0,20.022184517941973,20.022184517941973,20.022184517941973,20.022184517941973,0,0,0,0.28054202629364855,zscore,zscore,N/A
2025-01-01 00:26:00,26.0,19.76980128451554,19.76980128451554,19.76980128451554,19.76980128451554,0,0,0,1.0256790512451397,zscore,zscore,N/A
2025-01-01 00:27:00,27.0,20.075139603669136,20.075139603669136,20.075139603669136,20.075139603669136,0,0,0,0.7143940712480668,zscore,zscore,N/A
2025-01-01 00:28:00,28.0,19.87987226201624,19.87987226201624,19.87987226201624,19.87987226201624,0,0,0,0.23866065809318718,zscore,zscore,N/A
2025-01-01 00:29:00,29.0,19.941661250041346,19.941661250041346,19.941661250041346,19.941661250041346,0,0,0,0.030304899055627624,zscore,zscore,N/A
2025-01-01 00:30:00,30.0,19.87965867755412,19.87965867755412,19.87965867755412,19.87965867755412,0,0,0,0.4057536497989531,zscore,zscore,N/A
2025-01-01 00:31:00,31.0,20.370455636901788,20.370455636901788,20.370455636901788,20.370455636901788,0,0,0,2.442382878736052,zscore,zscore,N/A
2025-01-01 00:32:00,32.0,19.99730055505241,19.99730055505241,19.99730055505241,19.99730055505241,0,0,0,0.2813459388186732,zscore,zscore,N/A
2025-01-01 00:33:00,33.0,19.78845781420882,19.78845781420882,19.78845781420882,19.78845781420882,0,0,0,0.04334769364110003,zscore,zscore,N/A
2025-01-01 00:34:00,34.0,20.16450898242064,20.16450898242064,20.16450898242064,20.16450898242064,0,0,0,0.4803505273462032,zscore,zscore,N/A
2025-01-01 00:35:00,35.0,19.7558312700058,19.7558312700058,19.7558312700058,19.7558312700058,0,0,0,0.00801899812397714,zscore,zscore,N/A
2025-01-01 00:36:00,36.0,20.04177271900095,20.04177271900095,20.04177271900095,20.04177271900095,0,0,0,0.34682440237296064,zscore,zscore,N/A
2025-01-01 00:37:00,37.0,19.608065975224044,19.608065975224044,19.608065975224044,19.608065975224044,0,0,0,0.18068513415289886,zscore,zscore,N/A
2025-01-01 00:38:00,38.0,19.734362790220317,19.734362790220317,19.734362790220317,19.734362790220317,0,0,0,0.03446954628644019,zscore,zscore,N/A
2025-01-01 00:39:00,39.0,20.039372247173823,20.039372247173823,20.039372247173823,20.039372247173823,0,0,0,0.07994900905135426,zscore,zscore,N/A
2025-01-01 00:40:00,40.0,20.14769331599908,20.14769331599908,20.14769331599908,20.14769331599908,0,0,0,0.16544825117127784,zscore,zscore,N/A
2025-01-01 00:41:00,41.0,20.034273656237996,20.034273656237996,20.034273656237996,20.034273656237996,0,0,0,0.06906271785932976,zscore,zscore,N/A
2025-01-01 00:42:00,42.0,15.976870343522354,19.93977926088214,19.93977926088214,19.93977926088214,1,1,1,3.307576477768984,zscore,zscore,N/A
2025-01-01 00:43:00,43.0,19.93977926088214,19.93977926088214,19.93977926088214,19.93977926088214,0,0,0,0.005334945908521081,zscore,zscore,N/A
2025-01-01 00:44:00,44.0,19.704295601926518,19.704295601926518,19.704295601926518,19.704295601926518,0,0,0,0.2082038939373373,zscore,zscore,N/A
2025-01-01 00:45:00,45.0,19.85603115832106,19.85603115832106,19.85603115832106,19.85603115832106,0,0,0,0.08218169640978079,zscore,zscore,N/A
2025-01-01 00:46:00,46.0,19.907872245808043,19.907872245808043,19.907872245808043,19.907872245808043,0,0,0,0.04189712242327952,zscore,zscore,N/A
2025-01-01 00:47:00,47.0,20.211424445243782,20.211424445243782,20.211424445243782,20.211424445243782,0,0,0,0.21613681043622474,zscore,zscore,N/A
2025-01-01 00:48:00,48.0,20.068723657913694,20.068723657913694,20.068723657913694,20.068723657913694,0,0,0,0.07867416023338995,zscore,zscore,N/A
2025-01-01 00:49:00,49.0,23.64739196892745,20.039372247173823,20.039372247173823,20.039372247173823,1,1,1,3.0605332645527206,zscore,zscore,N/A
2025-01-01 00:50:00,50.0,20.06481679387896,20.06481679387896,20.06481679387896,20.06481679387896,0,0,0,0.06242199509248844,zscore,zscore,N/A
2025-01-01 00:51:00,51.0,19.922983543916736,19.922983543916736,19.922983543916736,19.922983543916736,0,0,0,0.049117382697766256,zscore,zscore,N/A
2025-01-01 00:52:00,52.0,19.86461559993881,19.86461559993881,19.86461559993881,19.86461559993881,0,0,0,0.08781024145422883,zscore,zscore,N/A
2025-01-01 00:53:00,53.0,20.12233525776817,20.12233525776817,20.12233525776817,20.12233525776817,0,0,0,0.03419992639943837,zscore,zscore,N/A
2025-01-01 00:54:00,54.0,20.20619990449919,20.20619990449919,20.20619990449919,20.20619990449919,0,0,0,0.05790194551537715,zscore,zscore,N/A
2025-01-01 00:55:00,55.0,20.18625602382324,20.18625602382324,20.18625602382324,20.18625602382324,0,0,0,0.001161135822373721,zscore,zscore,N/A
2025-01-01 00:56:00,56.0,19.832156495355477,19.832156495355477,19.832156495355477,19.832156495355477,0,0,0,0.4592627334117511,zscore,zscore,N/A
2025-01-01 00:57:00,57.0,19.93815752482976,19.93815752482976,19.93815752482976,19.93815752482976,0,0,0,0.34334099225688586,zscore,zscore,N/A
2025-01-01 00:58:00,58.0,20.066252686280716,20.066252686280716,20.066252686280716,20.066252686280716,0,0,0,0.17135857728493836,zscore,zscore,N/A
2025-01-01 00:59:00,59.0,20.195109025424472,20.195109025424472,20.195109025424472,20.195109025424472,0,0,0,0.0049083206846425725,zscore,zscore,N/A
2025-01-01 01:00:00,60.0,19.90416515243094,19.90416515243094,19.90416515243094,19.90416515243094,0,0,0,0.7808481650083722,zscore,zscore,N/A
2025-01-01 01:01:00,61.0,19.96286820466724,19.96286820466724,19.96286820466724,19.96286820466724,0,0,0,0.43161005812797887,zscore,zscore,N/A
2025-01-01 01:02:00,62.0,19.778733005198795,19.778733005198795,19.778733005198795,19.778733005198795,0,0,0,1.608254068973386,zscore,zscore,N/A
2025-01-01 01:03:00,63.0,19.760758675183865,19.760758675183865,19.760758675183865,19.760758675183865,0,0,0,1.7920935767084352,zscore,zscore,N/A
2025-01-01 01:04:00,64.0,20.16250516447884,20.16250516447884,20.16250516447884,20.16250516447884,0,0,0,0.6614187690938307,zscore,zscore,N/A
2025-01-01 01:05:00,65.0,20.271248005714163,20.271248005714163,20.271248005714163,20.271248005714163,0,0,0,1.2089224215571368,zscore,zscore,N/A
2025-01-01 01:06:00,66.0,19.98559797568393,19.98559797568393,19.98559797568393,19.98559797568393,0,0,0,0.1534761234062784,zscore,zscore,N/A
2025-01-01 01:07:00,67.0,20.200706579578405,20.200706579578405,20.200706579578405,20.200706579578405,0,0,0,0.9071399630223532,zscore,zscore,N/A
2025-01-01 01:08:00,68.0,20.072327205009525,20.072327205009525,20.072327205009525,20.072327205009525,0,0,0,0.23873177507936266,zscore,zscore,N/A
2025-01-01 01:09:00,69.0,19.870976049078976,19.870976049078976,19.870976049078976,19.870976049078976,0,0,0,0.6130444839339455,zscore,zscore,N/A
2025-01-01 01:10:00,70.0,20.072279121101683,20.072279121101683,20.072279121101683,20.072279121101683,0,0,0,0.3795301405528109,zscore,zscore,N/A
2025-01-01 01:11:00,71.0,20.307607313293197,20.307607313293197,20.307607313293197,20.307607313293197,0,0,0,1.4555533771072637,zscore,zscore,N/A
2025-01-01 01:12:00,72.0,19.99283479217801,19.99283479217801,19.99283479217801,19.99283479217801,0,0,0,0.22744585012697563,zscore,zscore,N/A
2025-01-01 01:13:00,73.0,20.312928731162803,20.312928731162803,20.312928731162803,20.312928731162803,0,0,0,0.004338360686102417,zscore,zscore,N/A
2025-01-01 01:14:00,74.0,19.47605097918205,20.0183521553071,20.0183521553071,19.47605097918205,1,1,0,0.6166659594471682,zscore,zscore,N/A
2025-01-01 01:15:00,75.0,20.164380500875044,20.164380500875044,20.164380500875044,20.164380500875044,0,0,0,0.09870015293369218,zscore,zscore,N/A
2025-01-01 01:16:00,76.0,20.017409413647638,20.017409413647638,20.017409413647638,20.017409413647638,0,0,0,0.2039512168682876,zscore,zscore,N/A
2025-01-01 01:17:00,77.0,19.940198529906827,19.940198529906827,19.940198529906827,19.940198529906827,0,0,0,0.2638410927343802,zscore,zscore,N/A
2025-01-01 01:18:00,78.0,20.0183521553071,20.0183521553071,20.0183521553071,20.0183521553071,0,0,0,0.1950366416621835,zscore,zscore,N/A
2025-01-01 01:19:00,79.0,19.60248621707982,19.60248621707982,19.60248621707982,19.60248621707982,0,0,0,0.502377082223971,zscore,zscore,N/A
2025-01-01 01:20:00,80.0,19.956065622432497,19.956065622432497,19.956065622432497,19.956065622432497,0,0,0,0.24752942254318164,zscore,zscore,N/A
2025-01-01 01:21:00,81.0,20.07142251430235,20.07142251430235,20.07142251430235,20.07142251430235,0,0,0,0.16681708253511995,zscore,zscore,N/A
2025-01-01 01:22:00,82.0,26.295578808948303,20.017409413647638,20.017409413647638,20.017409413647638,1,1,1,4.430368895598569,zscore,zscore,N/A
2025-01-01 01:23:00,83.0,19.89634595634527,19.89634595634527,19.89634595634527,19.89634595634527,0,0,0,0.2774062640833771,zscore,zscore,N/A
2025-01-01 01:24:00,84.0,19.83830127942136,19.83830127942136,19.83830127942136,19.83830127942136,0,0,0,0.3059455636845211,zscore,zscore,N/A
2025-01-01 01:25:00,85.0,19.899648591283093,19.899648591283093,19.899648591283093,19.899648591283093,0,0,0,0.2700447594110168,zscore,zscore,N/A
2025-01-01 01:26:00,86.0,20.183080423540414,20.183080423540414,20.183080423540414,20.183080423540414,0,0,0,0.05729073560955464,zscore,zscore,N/A
2025-01-01 01:27:00,87.0,20.065750221931932,20.065750221931932,20.065750221931932,20.065750221931932,0,0,0,0.1450400515362634,zscore,zscore,N/A
2025-01-01 01:28:00,88.0,19.894047959246592,19.894047959246592,19.894047959246592,19.894047959246592,0,0,0,0.273910183285456,zscore,zscore,N/A
2025-01-01 01:29:00,89.0,20.10265348662267,20.10265348662267,20.10265348662267,20.10265348662267,0,0,0,0.11767169862260342,zscore,zscore,N/A
2025-01-01 01:30:00,90.0,20.019415509869606,20.019415509869606,20.019415509869606,20.019415509869606,0,0,0,0.18339573590304373,zscore,zscore,N/A
2025-01-01 01:31:00,91.0,20.19372899810658,20.19372899810658,20.19372899810658,20.19372899810658,0,0,0,0.05320007755260384,zscore,zscore,N/A
2025-01-01 01:32:00,92.0,19.85958938122453,19.85958938122453,19.85958938122453,19.85958938122453,0,0,0,0.2947389026362005,zscore,zscore,N/A
2025-01-01 01:33:00,93.0,19.934467570680447,19.934467570680447,19.934467570680447,19.934467570680447,0,0,0,0.13578746877693823,zscore,zscore,N/A
2025-01-01 01:34:00,94.0,19.92157836937357,19.92157836937357,19.92157836937357,19.92157836937357,0,0,0,0.26550491052434877,zscore,zscore,N/A
2025-01-01 01:35:00,95.0,19.707297010373576,19.707297010373576,19.707297010373576,19.707297010373576,0,0,0,2.057269323284568,zscore,zscore,N/A
2025-01-01 01:36:00,96.0,20.05922405541292,20.05922405541292,20.05922405541292,20.05922405541292,0,0,0,0.4587462052123924,zscore,zscore,N/A
2025-01-01 01:37:00,97.0,20.05221105443598,20.05221105443598,20.05221105443598,20.05221105443598,0,0,0,0.47725809524957025,zscore,zscore,N/A
2025-01-01 01:38:00,98.0,20.00102269132849,20.00102269132849,20.00102269132849,20.00102269132849,0,0,0,0.1327001909426731,zscore,zscore,N/A
2025-01-01 01:39:00,99.0,19.95308257332497,19.95308257332497,19.95308257332497,19.95308257332497,0,0,0,0.22715719114473026,zscore,zscore,N/A
2025-01-01 01:40:00,100.0,19.71692585158992,19.71692585158992,19.71692585158992,19.71692585158992,0,0,0,1.5165584820558975,zscore,zscore,N/A
2025-01-01 01:41:00,101.0,19.91587093544693,19.91587093544693,19.91587093544693,19.91587093544693,0,0,0,0.2828129262632272,zscore,zscore,N/A
2025-01-01 01:42:00,102.0,19.931457096694647,19.931457096694647,19.931457096694647,19.931457096694647,0,0,0,0.1399196761258576,zscore,zscore,N/A
2025-01-01 01:43:00,103.0,19.839544546155675,19.839544546155675,19.839544546155675,19.839544546155675,0,0,0,0.7545756567675835,zscore,zscore,N/A
2025-01-01 01:44:00,104.0,19.9677428576668,19.9677428576668,19.9677428576668,19.9677428576668,0,0,0,0.08772804567984405,zscore,zscore,N/A
2025-01-01 01:45:00,105.0,20.08081017136291,20.08081017136291,20.08081017136291,20.08081017136291,0,0,0,0.4722008547451978,zscore,zscore,N/A
2025-01-01 01:46:00,106.0,20.377237180242105,19.994697224910155,19.994697224910155,20.377237180242105,1,1,0,2.0784353089514327,zscore,zscore,N/A
2025-01-01 01:47:00,107.0,20.03491556256637,20.03491556256637,20.03491556256637,20.03491556256637,0,0,0,0.23813908013509905,zscore,zscore,N/A
2025-01-01 01:48:00,108.0,20.051510078144556,20.051510078144556,20.051510078144556,20.051510078144556,0,0,0,0.2727697576343622,zscore,zscore,N/A
2025-01-01 01:49:00,109.0,19.985110816846767,19.985110816846767,19.985110816846767,19.985110816846767,0,0,0,0.10813763093514846,zscore,zscore,N/A
2025-01-01 01:50:00,110.0,19.61624575694019,19.994697224910155,19.994697224910155,19.61624575694019,1,1,0,2.027596604405457,zscore,zscore,N/A
2025-01-01 01:51:00,111.0,19.994697224910155,19.994697224910155,19.994697224910155,19.994697224910155,0,0,0,0.1366011309756502,zscore,zscore,N/A
2025-01-01 01:52:00,112.0,20.012046041988206,20.012046041988206,20.012046041988206,20.012046041988206,0,0,0,0.132421915400843,zscore,zscore,N/A
2025-01-01 01:53:00,113.0,20.49264842249706,20.49264842249706,20.012046041988206,20.49264842249706,0,1,0,2.239952773232972,zscore,zscore,N/A
2025-01-01 01:54:00,114.0,19.961527807043776,19.961527807043776,19.961527807043776,19.961527807043776,0,0,0,0.39135381063403857,zscore,zscore,N/A
2025-01-01 01:55:00,115.0,20.060309468466723,20.060309468466723,20.060309468466723,20.060309468466723,0,0,0,0.01534789962759733,zscore,zscore,N/A
2025-01-01 01:56:00,116.0,19.99305764605895,19.99305764605895,19.99305764605895,19.99305764605895,0,0,0,0.2530618541567772,zscore,zscore,N/A
2025-01-01 01:57:00,117.0,19.76626439247609,19.76626439247609,19.76626439247609,19.76626439247609,0,0,0,1.2030400155193333,zscore,zscore,N/A
2025-01-01 01:58:00,118.0,20.228564562903003,20.228564562903003,20.228564562903003,20.228564562903003,0,0,0,0.9329762260117831,zscore,zscore,N/A
2025-01-01 01:59:00,119.0,20.15038660653736,20.15038660653736,20.15038660653736,20.15038660653736,0,0,0,0.6013814511053749,zscore,zscore,N/A
2025-01-01 02:00:00,120.0,20.15820638940861,20.15820638940861,20.15820638940861,20.15820638940861,0,0,0,0.6680388240668488,zscore,zscore,N/A
2025-01-01 02:01:00,121.0,19.818122509041054,19.818122509041054,19.818122509041054,19.818122509041054,0,0,0,0.969969231524398,zscore,zscore,N/A
2025-01-01 02:02:00,122.0,20.28055886218722,20.28055886218722,20.28055886218722,20.28055886218722,0,0,0,1.2220025980564124,zscore,zscore,N/A
2025-01-01 02:03:00,123.0,19.719629787441544,19.719629787441544,19.719629787441544,19.719629787441544,0,0,0,1.3641584013684256,zscore,zscore,N/A
2025-01-01 02:04:00,124.0,20.11737141876005,20.11737141876005,20.11737141876005,20.11737141876005,0,0,0,0.6747254713384983,zscore,zscore,N/A
2025-01-01 02:05:00,125.0,20.438091125162,20.438091125162,20.438091125162,20.438091125162,0,0,0,2.107897357840042,zscore,zscore,N/A
2025-01-01 02:06:00,126.0,19.801892734973865,19.801892734973865,19.801892734973865,19.801892734973865,0,0,0,0.9101326675639888,zscore,zscore,N/A
2025-01-01 02:07:00,127.0,19.886740454079444,19.886740454079444,19.886740454079444,19.886740454079444,0,0,0,0.4901635495056558,zscore,zscore,N/A
2025-01-01 02:08:00,128.0,20.01993027301753,20.01993027301753,20.01993027301753,20.01993027301753,0,0,0,0.056851306041794024,zscore,zscore,N/A
2025-01-01 02:09:00,129.0,19.89930486917676,19.89930486917676,19.89930486917676,19.89930486917676,0,0,0,0.4172834831268688,zscore,zscore,N/A
2025-01-01 02:10:00,130.0,19.68986731378677,19.68986731378677,19.68986731378677,19.68986731378677,0,0,0,1.4250929810364994,zscore,zscore,N/A
2025-01-01 02:11:00,131.0,20.01371259496121,20.01371259496121,20.01371259496121,20.01371259496121,0,0,0,0.13461961284690255,zscore,zscore,N/A
2025-01-01 02:12:00,132.0,19.787539257254775,19.787539257254775,19.787539257254775,19.787539257254775,0,0,0,0.8829264536757012,zscore,zscore,N/A
2025-01-01 02:13:00,133.0,20.09471848612704,20.09471848612704,20.09471848612704,20.09471848612704,0,0,0,0.6170952750852254,zscore,zscore,N/A
2025-01-01 02:14:00,134.0,19.81611515315324,19.81611515315324,19.81611515315324,19.81611515315324,0,0,0,0.836760727898208,zscore,zscore,N/A
2025-01-01 02:15:00,135.0,20.309986881003507,20.309986881003507,20.309986881003507,20.309986881003507,0,0,0,1.6172649094058493,zscore,zscore,N/A
2025-01-01 02:16:00,136.0,19.843349341532758,19.843349341532758,19.843349341532758,19.843349341532758,0,0,0,0.6079981668771478,zscore,zscore,N/A
2025-01-01 02:17:00,137.0,19.935587696758866,19.935587696758866,19.935587696758866,19.935587696758866,0,0,0,0.07447956907987141,zscore,zscore,N/A
2025-01-01 02:18:00,138.0,20.162703443473934,20.162703443473934,20.162703443473934,20.162703443473934,0,0,0,1.0999616045501919,zscore,zscore,N/A
2025-01-01 02:19:00,139.0,19.75382713671321,19.75382713671321,19.75382713671321,19.75382713671321,0,0,0,1.119017333165686,zscore,zscore,N/A
2025-01-01 02:20:00,140.0,20.045491986920823,20.045491986920823,20.045491986920823,20.045491986920823,0,0,0,0.41368162286289223,zscore,zscore,N/A
2025-01-01 02:21:00,141.0,20.26142855085649,20.26142855085649,20.26142855085649,20.26142855085649,0,0,0,1.5603203880256231,zscore,zscore,N/A
2025-01-01 02:22:00,142.0,19.67850335308776,19.67850335308776,19.67850335308776,19.67850335308776,0,0,0,1.69234279608462,zscore,zscore,N/A
2025-01-01 02:23:00,143.0,20.03692677170646,20.03692677170646,20.03692677170646,20.03692677170646,0,0,0,0.260409882922914,zscore,zscore,N/A
2025-01-01 02:24:00,144.0,20.051976558849685,20.051976558849685,20.051976558849685,20.051976558849685,0,0,0,0.3590827793830005,zscore,zscore,N/A
2025-01-01 02:25:00,145.0,20.15636457435546,20.15636457435546,20.15636457435546,20.15636457435546,0,0,0,0.9638111677000478,zscore,zscore,N/A
2025-01-01 02:26:00,146.0,19.752609857824385,19.752609857824385,19.752609857824385,19.752609857824385,0,0,0,1.3741388879702316,zscore,zscore,N/A
2025-01-01 02:27:00,147.0,19.735908677383144,20.05009857006917,19.735908677383144,19.735908677383144,1,0,0,1.5559019494157476,zscore,zscore,N/A
2025-01-01 02:28:00,148.0,20.10438831312338,20.10438831312338,20.10438831312338,20.10438831312338,0,0,0,0.581879256163722,zscore,zscore,N/A
2025-01-01 02:29:00,149.0,20.05939693464664,20.05939693464664,20.05939693464664,20.05939693464664,0,0,0,0.34451891130635515,zscore,zscore,N/A
2025-01-01 02:30:00,150.0,20.05009857006917,20.05009857006917,20.05009857006917,20.05009857006917,0,0,0,0.284104798273594,zscore,zscore,N/A
2025-01-01 02:31:00,151.0,20.069289641899395,20.069289641899395,20.069289641899395,20.069289641899395,0,0,0,0.3563714229023295,zscore,zscore,N/A
2025-01-01 02:32:00,152.0,19.863995055684303,19.863995055684303,19.863995055684303,19.863995055684303,0,0,0,0.3592955455290418,zscore,zscore,N/A
2025-01-01 02:33:00,153.0,20.0464507394322,20.0464507394322,20.0464507394322,20.0464507394322,0,0,0,0.16954594390909725,zscore,zscore,N/A
2025-01-01 02:34:00,154.0,20.058614494659736,20.058614494659736,20.058614494659736,20.058614494659736,0,0,0,0.16449111549472692,zscore,zscore,N/A
2025-01-01 02:35:00,155.0,19.857129716394727,19.857129716394727,19.857129716394727,19.857129716394727,0,0,0,0.3864975281512974,zscore,zscore,N/A
2025-01-01 02:36:00,156.0,20.37315490222895,20.37315490222895,20.37315490222895,20.37315490222895,0,0,0,0.1774872260932673,zscore,zscore,N/A
2025-01-01 02:37:00,157.0,20.09476658418236,20.09476658418236,20.09476658418236,20.09476658418236,0,0,0,0.16056819030474662,zscore,zscore,N/A
2025-01-01 02:38:00,158.0,19.76173930055947,19.76173930055947,19.76173930055947,19.76173930055947,0,0,0,0.540887027510671,zscore,zscore,N/A
2025-01-01 02:39:00,159.0,20.131310721726766,20.131310721726766,20.131310721726766,20.131310721726766,0,0,0,0.11838928430562973,zscore,zscore,N/A
2025-01-01 02:40:00,160.0,19.80506366595453,19.80506366595453,19.80506366595453,19.80506366595453,0,0,0,0.4633612037338537,zscore,zscore,N/A
2025-01-01 02:41:00,161.0,20.15741692074849,20.15741692074849,20.15741692074849,20.15741692074849,0,0,0,0.06552791050436502,zscore,zscore,N/A
2025-01-01 02:42:00,162.0,24.23171911580148,20.0464507394322,20.0464507394322,20.0464507394322,1,1,1,4.38856260302668,zscore,zscore,N/A
2025-01-01 02:43:00,163.0,19.835863536329654,19.835863536329654,19.835863536329654,19.835863536329654,0,0,0,0.4241011927301174,zscore,zscore,N/A
2025-01-01 02:44:00,164.0,20.192675225848863,20.192675225848863,20.192675225848863,20.192675225848863,0,0,0,0.03374214391894672,zscore,zscore,N/A
2025-01-01 02:45:00,165.0,20.0825561853873,20.0825561853873,20.0825561853873,20.0825561853873,0,0,0,0.16005265491932905,zscore,zscore,N/A
2025-01-01 02:46:00,166.0,20.164412031998896,20.164412031998896,20.164412031998896,20.164412031998896,0,0,0,0.07811360171313972,zscore,zscore,N/A
2025-01-01 02:47:00,167.0,20.37935859653079,20.37935859653079,20.37935859653079,20.37935859653079,0,0,0,0.16249314270225837,zscore,zscore,N/A
2025-01-01 02:48:00,168.0,19.950922376799426,19.950922376799426,19.950922376799426,19.950922376799426,0,0,0,0.30029705933255846,zscore,zscore,N/A
2025-01-01 02:49:00,169.0,19.8492527671285,19.8492527671285,19.8492527671285,19.8492527671285,0,0,0,0.4546139127411036,zscore,zscore,N/A
2025-01-01 02:50:00,170.0,19.822097114074896,19.822097114074896,19.822097114074896,19.822097114074896,0,0,0,0.4841924432291865,zscore,zscore,N/A
2025-01-01 02:51:00,171.0,19.836837943006916,19.836837943006916,19.836837943006916,19.836837943006916,0,0,0,0.46946626746735926,zscore,zscore,N/A
2025-01-01 02:52:00,172.0,19.98457965811718,19.98457965811718,19.98457965811718,19.98457965811718,0,0,0,0.2853251581268781,zscore,zscore,N/A
2025-01-01 02:53:00,173.0,20.06823039496333,20.06823039496333,20.06823039496333,20.06823039496333,0,0,0,0.1039329278250899,zscore,zscore,N/A
2025-01-01 02:54:00,174.0,20.055338159866004,20.055338159866004,20.055338159866004,20.055338159866004,0,0,0,0.008686136954154374,zscore,zscore,N/A
2025-01-01 02:55:00,175.0,20.165436649807205,20.165436649807205,20.165436649807205,20.165436649807205,0,0,0,0.6050568343755557,zscore,zscore,N/A
2025-01-01 02:56:00,176.0,20.002600378375583,20.002600378375583,20.002600378375583,20.002600378375583,0,0,0,0.26115342022198385,zscore,zscore,N/A
2025-01-01 02:57:00,177.0,20.290706815431463,20.290706815431463,20.290706815431463,20.290706815431463,0,0,0,1.3191980401026455,zscore,zscore,N/A
2025-01-01 02:58:00,178.0,19.94706863335241,19.94706863335241,19.94706863335241,19.94706863335241,0,0,0,0.39692419864604767,zscore,zscore,N/A
2025-01-01 02:59:00,179.0,20.54403383331793,19.985434217468622,19.985434217468622,20.54403383331793,1,1,0,2.8490220228604626,zscore,zscore,N/A
2025-01-01 03:00:00,180.0,20.125133469553003,20.125133469553003,20.125133469553003,20.125133469553003,0,0,0,0.6253991431266264,zscore,zscore,N/A
2025-01-01 03:01:00,181.0,19.828568488716744,19.828568488716744,19.828568488716744,19.828568488716744,0,0,0,1.0577585807695178,zscore,zscore,N/A
2025-01-01 03:02:00,182.0,19.785821500387776,19.785821500387776,19.785821500387776,19.785821500387776,0,0,0,1.3769270475058157,zscore,zscore,N/A
2025-01-01 03:03:00,183.0,20.09649448304864,20.09649448304864,20.09649448304864,20.09649448304864,0,0,0,0.3842441635932706,zscore,zscore,N/A
2025-01-01 03:04:00,184.0,19.95530744293483,19.95530744293483,19.95530744293483,19.95530744293483,0,0,0,0.3497676512020467,zscore,zscore,N/A
2025-01-01 03:05:00,185.0,20.14280009881842,20.14280009881842,20.14280009881842,20.14280009881842,0,0,0,0.630574598974949,zscore,zscore,N/A
2025-01-01 03:06:00,186.0,20.09464752491471,20.09464752491471,20.09464752491471,20.09464752491471,0,0,0,0.45897407572012716,zscore,zscore,N/A
2025-01-01 03:07:00,187.0,19.985434217468622,19.985434217468622,19.985434217468622,19.985434217468622,0,0,0,0.11673866692865138,zscore,zscore,N/A
2025-01-01 03:08:00,188.0,19.83064125638632,19.83064125638632,19.83064125638632,19.83064125638632,0,0,0,0.9036272451546008,zscore,zscore,N/A
2025-01-01 03:09:00,189.0,19.697030555062828,19.697030555062828,19.697030555062828,19.697030555062828,0,0,0,1.5434076796148455,zscore,zscore,N/A
2025-01-01 03:10:00,190.0,19.910697009586595,19.910697009586595,19.910697009586595,19.910697009586595,0,0,0,0.37364078864343625,zscore,zscore,N/A
2025-01-01 03:11:00,191.0,20.171279758864696,20.171279758864696,20.171279758864696,20.171279758864696,0,0,0,1.4745459780358023,zscore,zscore,N/A
2025-01-01 03:12:00,192.0,20.04281874882604,20.04281874882604,20.04281874882604,20.04281874882604,0,0,0,0.41493281863222053,zscore,zscore,N/A
2025-01-01 03:13:00,193.0,19.7508522442576,19.7508522442576,19.7508522442576,19.7508522442576,0,0,0,1.689594270211785,zscore,zscore,N/A
2025-01-01 03:14:00,194.0,20.034636185170235,20.034636185170235,20.034636185170235,20.034636185170235,0,0,0,0.3198325126860674,zscore,zscore,N/A
2025-01-01 03:15:00,195.0,20.077063475945767,20.077063475945767,20.077063475945767,20.077063475945767,0,0,0,0.6152952934570778,zscore,zscore,N/A
2025-01-01 03:16:00,196.0,19.823228512759773,19.823228512759773,19.823228512759773,19.823228512759773,0,0,0,0.9483334299658778,zscore,zscore,N/A
2025-01-01 03:17:00,197.0,20.030745021189105,20.030745021189105,20.030745021189105,20.030745021189105,0,0,0,0.34198771194751393,zscore,zscore,N/A
2025-01-01 03:18:00,198.0,20.0116417436892,20.0116417436892,20.0116417436892,20.0116417436892,0,0,0,0.1856909598046606,zscore,zscore,N/A
2025-01-01 03:19:00,199.0,19.77140594043388,19.77140594043388,19.77140594043388,19.77140594043388,0,0,0,1.1049290961523655,zscore,zscore,N/A
2025-01-01 03:20:00,200.0,20.071557472069657,20.071557472069657,20.071557472069657,20.071557472069657,0,0,0,0.11673062032929946,zscore,zscore,N/A
2025-01-01 03:21:00,201.0,20.112156905273647,20.112156905273647,20.112156905273647,20.112156905273647,0,0,0,0.2321939066592826,zscore,zscore,N/A
2025-01-01 03:22:00,202.0,20.216610248635057,20.216610248635057,20.216610248635057,20.216610248635057,0,0,0,0.7010230012779547,zscore,zscore,N/A
2025-01-01 03:23:00,203.0,20.21076041040698,20.21076041040698,20.21076041040698,20.21076041040698,0,0,0,0.6543606630454567,zscore,zscore,N/A
2025-01-01 03:24:00,204.0,19.724466126408583,20.10275719018244,20.10275719018244,19.724466126408583,1,1,0,1.6558620225353144,zscore,zscore,N/A
2025-01-01 03:25:00,205.0,19.81243499201697,20.103007053441733,19.81243499201697,19.81243499201697,1,0,0,1.2642615313501449,zscore,zscore,N/A
2025-01-01 03:26:00,206.0,20.103007053441733,20.103007053441733,20.103007053441733,20.103007053441733,0,0,0,0.24166666110447876,zscore,zscore,N/A
2025-01-01 03:27:00,207.0,20.10275719018244,20.10275719018244,20.10275719018244,20.10275719018244,0,0,0,0.2347365593175817,zscore,zscore,N/A
2025-01-01 03:28:00,208.0,20.103009537261208,20.103009537261208,20.103009537261208,20.103009537261208,0,0,0,0.24172269484809644,zscore,zscore,N/A
2025-01-01 03:29:00,209.0,20.770546298130945,20.103007053441733,20.103007053441733,20.770546298130945,1,1,0,0.9622968262983117,zscore,zscore,N/A
2025-01-01 03:30:00,210.0,20.114178102138634,20.114178102138634,20.114178102138634,20.114178102138634,0,0,0,0.2161433201154012,zscore,zscore,N/A
2025-01-01 03:31:00,211.0,20.22711312803612,20.22711312803612,20.22711312803612,20.22711312803612,0,0,0,0.3593017496079888,zscore,zscore,N/A
2025-01-01 03:32:00,212.0,20.19080035269864,20.19080035269864,20.19080035269864,20.19080035269864,0,0,0,0.31908930235481997,zscore,zscore,N/A
2025-01-01 03:33:00,213.0,20.13027825026116,20.13027825026116,20.13027825026116,20.13027825026116,0,0,0,0.28239478806091,zscore,zscore,N/A
2025-01-01 03:34:00,214.0,19.936946151071933,19.936946151071933,19.936946151071933,19.936946151071933,0,0,0,0.09116802264225451,zscore,zscore,N/A
2025-01-01 03:35:00,215.0,20.15179384409865,20.15179384409865,20.15179384409865,20.15179384409865,0,0,0,0.29596861998555346,zscore,zscore,N/A
2025-01-01 03:36:00,216.0,15.845434957092486,20.103007053441733,20.103007053441733,20.103007053441733,1,1,1,3.0934248901774257,zscore,zscore,N/A
2025-01-01 03:37:00,217.0,19.952636278652,19.952636278652,19.952636278652,19.952636278652,0,0,0,0.22005108713019422,zscore,zscore,N/A
2025-01-01 03:38:00,218.0,19.902927290434175,19.902927290434175,19.902927290434175,19.902927290434175,0,0,0,0.18987505435204238,zscore,zscore,N/A
2025-01-01 03:39:00,219.0,20.016374827877264,20.016374827877264,20.016374827877264,20.016374827877264,0,0,0,0.2800954842161804,zscore,zscore,N/A
2025-01-01 03:40:00,220.0,20.4629317133347,20.4629317133347,20.4629317133347,20.4629317133347,0,0,0,0.6889289277443987,zscore,zscore,N/A
2025-01-01 03:41:00,221.0,19.62654696148165,19.62654696148165,19.62654696148165,19.62654696148165,0,0,0,0.00345994251760916,zscore,zscore,N/A
2025-01-01 03:42:00,222.0,20.1372520380749,20.1372520380749,20.1372520380749,20.1372520380749,0,0,0,0.4342362686649315,zscore,zscore,N/A
2025-01-01 03:43:00,223.0,19.67745682576207,19.67745682576207,19.67745682576207,19.67745682576207,0,0,0,0.06707934584941637,zscore,zscore,N/A
2025-01-01 03:44:00,224.0,19.905613626842115,19.905613626842115,19.905613626842115,19.905613626842115,0,0,0,0.24312540465990065,zscore,zscore,N/A
2025-01-01 03:45:00,225.0,20.217790119393477,20.217790119393477,20.217790119393477,20.217790119393477,0,0,0,0.49193150842015854,zscore,zscore,N/A
2025-01-01 03:46:00,226.0,16.012856003819092,19.905613626842115,19.905613626842115,16.012856003819092,1,1,0,2.960359238643599,zscore,zscore,N/A
2025-01-01 03:47:00,227.0,19.784451044414137,19.784451044414137,19.784451044414137,19.784451044414137,0,0,0,0.009813367601486437,zscore,zscore,N/A
2025-01-01 03:48:00,228.0,19.856939258148007,19.856939258148007,19.856939258148007,19.856939258148007,0,0,0,0.07782610060440863,zscore,zscore,N/A
2025-01-01 03:49:00,229.0,20.135919549786934,20.135919549786934,20.135919549786934,20.135919549786934,0,0,0,0.3811795380942724,zscore,zscore,N/A
2025-01-01 03:50:00,230.0,19.853926673656574,19.853926673656574,19.853926673656574,19.853926673656574,0,0,0,0.06914279407749585,zscore,zscore,N/A
2025-01-01 03:51:00,231.0,20.0432917179164,20.0432917179164,20.0432917179164,20.0432917179164,0,0,0,0.3160711068265293,zscore,zscore,N/A
2025-01-01 03:52:00,232.0,20.009114367980764,20.009114367980764,20.009114367980764,20.009114367980764,0,0,0,0.24973225081919628,zscore,zscore,N/A
2025-01-01 03:53:00,233.0,19.869679930478835,19.869679930478835,19.869679930478835,19.869679930478835,0,0,0,0.08667602823014317,zscore,zscore,N/A
2025-01-01 03:54:00,234.0,20.428788817865065,20.428788817865065,20.428788817865065,20.428788817865065,0,0,0,0.7275355209599076,zscore,zscore,N/A
2025-01-01 03:55:00,235.0,20.126783804463603,20.126783804463603,20.126783804463603,20.126783804463603,0,0,0,0.3773528636238343,zscore,zscore,N/A
2025-01-01 03:56:00,236.0,19.59497148266848,19.59497148266848,19.59497148266848,19.59497148266848,0,0,0,0.2203599547073151,zscore,zscore,N/A
2025-01-01 03:57:00,237.0,20.037290862953885,20.037290862953885,20.037290862953885,20.037290862953885,0,0,0,0.2701747817040764,zscore,zscore,N/A
2025-01-01 03:58:00,238.0,19.86764270704632,19.86764270704632,19.86764270704632,19.86764270704632,0,0,0,0.1195304256120751,zscore,zscore,N/A
2025-01-01 03:59:00,239.0,20.17048666695925,20.17048666695925,20.17048666695925,20.17048666695925,0,0,0,0.34040590788984454,zscore,zscore,N/A
2025-01-01 04:00:00,240.0,19.84149585231346,19.84149585231346,19.84149585231346,19.84149585231346,0,0,0,0.1057305218046883,zscore,zscore,N/A
2025-01-01 04:01:00,241.0,19.97705271170662,19.97705271170662,19.97705271170662,19.97705271170662,0,0,0,0.19609276196178704,zscore,zscore,N/A
2025-01-01 04:02:00,242.0,20.10099745579609,20.10099745579609,20.10099745579609,20.10099745579609,0,0,0,0.27466905955654913,zscore,zscore,N/A
2025-01-01 04:03:00,243.0,20.173151038834025,20.173151038834025,20.173151038834025,20.173151038834025,0,0,0,0.3212586798252554,zscore,zscore,N/A
2025-01-01 04:04:00,244.0,19.759940718588844,19.759940718588844,19.759940718588844,19.759940718588844,0,0,0,0.01717383499629568,zscore,zscore,N/A
2025-01-01 04:05:00,245.0,19.93309975283181,19.93309975283181,19.93309975283181,19.93309975283181,0,0,0,0.16707473864431927,zscore,zscore,N/A
2025-01-01 04:06:00,246.0,19.90501093776781,19.90501093776781,19.90501093776781,19.90501093776781,0,0,0,0.14105807478452428,zscore,zscore,N/A
2025-01-01 04:07:00,247.0,13.86933415348526,19.97705271170662,19.97705271170662,19.97705271170662,1,1,1,4.422697122021934,zscore,zscore,N/A
2025-01-01 04:08:00,248.0,20.35309084805622,20.35309084805622,20.35309084805622,20.35309084805622,0,0,0,0.4676258887496613,zscore,zscore,N/A
2025-01-01 04:09:00,249.0,20.08099634219219,20.08099634219219,20.08099634219219,20.08099634219219,0,0,0,0.25156042029532566,zscore,zscore,N/A
2025-01-01 04:10:00,250.0,19.747823209132992,19.747823209132992,19.747823209132992,19.747823209132992,0,0,0,0.013593563682096353,zscore,zscore,N/A
2025-01-01 04:11:00,251.0,20.183572389410955,20.183572389410955,20.183572389410955,20.183572389410955,0,0,0,0.33684280155721225,zscore,zscore,N/A
2025-01-01 04:12:00,252.0,20.424431239402526,20.424431239402526,20.424431239402526,20.424431239402526,0,0,0,0.5403558882942971,zscore,zscore,N/A
2025-01-01 04:13:00,253.0,20.20649305211023,20.20649305211023,20.20649305211023,20.20649305211023,0,0,0,0.3879740821408074,zscore,zscore,N/A
2025-01-01 04:14:00,254.0,19.6961260068092,19.6961260068092,19.6961260068092,19.6961260068092,0,0,0,0.010841576824754602,zscore,zscore,N/A
2025-01-01 04:15:00,255.0,19.90315318542675,19.90315318542675,19.90315318542675,19.90315318542675,0,0,0,0.16779503863876488,zscore,zscore,N/A
2025-01-01 04:16:00,256.0,20.253382229837325,20.253382229837325,20.253382229837325,20.253382229837325,0,0,0,0.41660795808086887,zscore,zscore,N/A
2025-01-01 04:17:00,257.0,19.858466106876243,19.858466106876243,19.858466106876243,19.858466106876243,0,0,0,0.014549406365027122,zscore,zscore,N/A
2025-01-01 04:18:00,258.0,20.088763885629245,20.088763885629245,20.088763885629245,20.088763885629245,0,0,0,0.09667439117345597,zscore,zscore,N/A
2025-01-01 04:19:00,259.0,20.15492681068587,20.15492681068587,20.15492681068587,20.15492681068587,0,0,0,0.001559318442231614,zscore,zscore,N/A
2025-01-01 04:20:00,260.0,19.814613905684386,19.814613905684386,19.814613905684386,19.814613905684386,0,0,0,0.41943383263238526,zscore,zscore,N/A
2025-01-01 04:21:00,261.0,19.98809492878764,19.98809492878764,19.98809492878764,19.98809492878764,0,0,0,0.20865269331910263,zscore,zscore,N/A
2025-01-01 04:22:00,262.0,19.351746531986187,19.351746531986187,19.351746531986187,19.351746531986187,0,0,0,0.975538889209731,zscore,zscore,N/A
2025-01-01 04:23:00,263.0,19.79512247173314,19.79512247173314,19.79512247173314,19.79512247173314,0,0,0,0.4197115902558896,zscore,zscore,N/A
2025-01-01 04:24:00,264.0,19.949486369721367,19.949486369721367,19.949486369721367,19.949486369721367,0,0,0,0.2102115980117122,zscore,zscore,N/A
2025-01-01 04:25:00,265.0,19.75044336360703,19.75044336360703,19.75044336360703,19.75044336360703,0,0,0,0.4744894759540923,zscore,zscore,N/A
2025-01-01 04:26:00,266.0,20.326482260786328,20.326482260786328,20.326482260786328,20.326482260786328,0,0,0,0.21296010952213312,zscore,zscore,N/A
2025-01-01 04:27:00,267.0,23.713971724407877,19.98809492878764,19.98809492878764,19.98809492878764,1,1,1,4.319631822965634,zscore,zscore,N/A
2025-01-01 04:28:00,268.0,19.911991102660604,19.911991102660604,19.911991102660604,19.911991102660604,0,0,0,0.27544518026053,zscore,zscore,N/A
2025-01-01 04:29:00,269.0,20.026148115457215,20.026148115457215,20.026148115457215,20.026148115457215,0,0,0,0.12772734158581855,zscore,zscore,N/A
2025-01-01 04:30:00,270.0,20.288254657813223,20.288254657813223,20.288254657813223,20.288254657813223,0,0,0,0.19613401549543666,zscore,zscore,N/A
2025-01-01 04:31:00,271.0,19.712827569764112,19.712827569764112,19.712827569764112,19.712827569764112,0,0,0,0.5181743638845072,zscore,zscore,N/A
2025-01-01 04:32:00,272.0,20.23263275043099,20.23263275043099,20.23263275043099,20.23263275043099,0,0,0,0.09217990089221396,zscore,zscore,N/A
2025-01-01 04:33:00,273.0,20.00204661220392,20.00204661220392,20.00204661220392,20.00204661220392,0,0,0,0.320763655309457,zscore,zscore,N/A
2025-01-01 04:34:00,274.0,19.80369826979041,19.80369826979041,19.80369826979041,19.80369826979041,0,0,0,0.4829035612787281,zscore,zscore,N/A
2025-01-01 04:35:00,275.0,20.09242069485265,20.09242069485265,20.09242069485265,20.09242069485265,0,0,0,0.2672858551303128,zscore,zscore,N/A
2025-01-01 04:36:00,276.0,20.039811939114696,20.039811939114696,20.039811939114696,20.039811939114696,0,0,0,0.3123013246724071,zscore,zscore,N/A
2025-01-01 04:37:00,277.0,19.87995662456824,19.87995662456824,19.87995662456824,19.87995662456824,0,0,0,0.41679620419508506,zscore,zscore,N/A
2025-01-01 04:38:00,278.0,20.013960416998003,20.013960416998003,20.013960416998003,20.013960416998003,0,0,0,0.23310190947629655,zscore,zscore,N/A
2025-01-01 04:39:00,279.0,19.922937280627647,19.922937280627647,19.922937280627647,19.922937280627647,0,0,0,0.30534427542010084,zscore,zscore,N/A
2025-01-01 04:40:00,280.0,20.02270346905025,20.02270346905025,20.02270346905025,20.02270346905025,0,0,0,0.2217400762034372,zscore,zscore,N/A
2025-01-01 04:41:00,281.0,20.13242613490421,20.13242613490421,20.13242613490421,20.13242613490421,0,0,0,0.11769249578195311,zscore,zscore,N/A
2025-01-01 04:42:00,282.0,20.31720336322907,20.31720336322907,20.31720336322907,20.31720336322907,0,0,0,0.02514825599164904,zscore,zscore,N/A
2025-01-01 04:43:00,283.0,25.75243690023463,20.013960416998003,20.013960416998003,20.013960416998003,1,1,1,4.429464206190442,zscore,zscore,N/A
2025-01-01 04:44:00,284.0,20.426606674931254,20.426606674931254,20.426606674931254,20.426606674931254,0,0,0,0.11355280270164524,zscore,zscore,N/A
2025-01-01 04:45:00,285.0,19.6095824400955,19.6095824400955,19.6095824400955,19.6095824400955,0,0,0,0.5511771742730853,zscore,zscore,N/A
2025-01-01 04:46:00,286.0,19.969642980992884,19.969642980992884,19.969642980992884,19.969642980992884,0,0,0,0.2626642622610522,zscore,zscore,N/A
2025-01-01 04:47:00,287.0,20.11766344129692,20.11766344129692,20.11766344129692,20.11766344129692,0,0,0,0.14343087405669092,zscore,zscore,N/A
2025-01-01 04:48:00,288.0,20.056198373547005,20.056198373547005,20.056198373547005,20.056198373547005,0,0,0,0.204736579970571,zscore,zscore,N/A
2025-01-01 04:49:00,289.0,19.87546009603588,19.87546009603588,19.87546009603588,19.87546009603588,0,0,0,0.3564042042654739,zscore,zscore,N/A
2025-01-01 04:50:00,290.0,19.958375549928544,19.958375549928544,19.958375549928544,19.958375549928544,0,0,0,0.2851109362447131,zscore,zscore,N/A
2025-01-01 04:51:00,291.0,19.901399813068235,19.901399813068235,19.901399813068235,19.901399813068235,0,0,0,0.3257415311985256,zscore,zscore,N/A
2025-01-01 04:52:00,292.0,19.88212704861116,19.88212704861116,19.88212704861116,19.88212704861116,0,0,0,0.34207893843643367,zscore,zscore,N/A
2025-01-01 04:53:00,293.0,20.169920419404203,20.169920419404203,20.169920419404203,20.169920419404203,0,0,0,0.10078060454759327,zscore,zscore,N/A
2025-01-01 04:54:00,294.0,20.07140309719301,20.07140309719301,20.07140309719301,20.07140309719301,0,0,0,0.3059308027912563,zscore,zscore,N/A
2025-01-01 04:55:00,295.0,19.861418080947868,19.861418080947868,19.861418080947868,19.861418080947868,0,0,0,0.984555871631744,zscore,zscore,N/A
2025-01-01 04:56:00,296.0,20.17991997508665,20.17991997508665,20.17991997508665,20.17991997508665,0,0,0,0.3521635987204779,zscore,zscore,N/A
2025-01-01 04:57:00,297.0,20.06145990417532,20.06145990417532,20.06145990417532,20.06145990417532,0,0,0,0.2595931749644594,zscore,zscore,N/A
2025-01-01 04:58:00,298.0,20.16257242376779,20.16257242376779,20.16257242376779,20.16257242376779,0,0,0,0.34201145680510436,zscore,zscore,N/A
2025-01-01 04:59:00,299.0,20.12592576838472,20.12592576838472,20.12592576838472,20.12592576838472,0,0,0,0.31625810647516295,zscore,zscore,N/A
2025-01-01 05:00:00,300.0,19.834200997815586,19.834200997815586,19.834200997815586,19.834200997815586,0,0,0,0.07609916619478832,zscore,zscore,N/A
2025-01-01 05:01:00,301.0,19.887963791960605,19.887963791960605,19.887963791960605,19.887963791960605,0,0,0,0.10934158004575585,zscore,zscore,N/A
2025-01-01 05:02:00,302.0,20.14945872102465,20.14945872102465,20.14945872102465,20.14945872102465,0,0,0,0.31021803111230634,zscore,zscore,N/A
2025-01-01 05:03:00,303.0,20.12207405308669,20.12207405308669,20.12207405308669,20.12207405308669,0,0,0,0.27669584743927295,zscore,zscore,N/A
2025-01-01 05:04:00,304.0,19.99581968120717,19.99581968120717,19.99581968120717,19.99581968120717,0,0,0,0.17120451301156925,zscore,zscore,N/A
2025-01-01 05:05:00,305.0,20.023465476661755,20.023465476661755,20.023465476661755,20.023465476661755,0,0,0,0.19614516810915822,zscore,zscore,N/A
2025-01-01 05:06:00,306.0,14.255532979157683,20.10941947623401,20.10941947623401,20.10941947623401,1,1,1,4.453042377858438,zscore,zscore,N/A
2025-01-01 05:07:00,307.0,19.881685722232834,19.881685722232834,19.881685722232834,19.881685722232834,0,0,0,0.08067921834404546,zscore,zscore,N/A
2025-01-01 05:08:00,308.0,20.10941947623401,20.10941947623401,20.10941947623401,20.10941947623401,0,0,0,0.264046755739896,zscore,zscore,N/A
2025-01-01 05:09:00,309.0,19.959561469513226,19.959561469513226,19.959561469513226,19.959561469513226,0,0,0,0.15078944807641612,zscore,zscore,N/A
2025-01-01 05:10:00,310.0,19.95646375935456,19.95646375935456,19.95646375935456,19.95646375935456,0,0,0,0.15253606408340661,zscore,zscore,N/A
2025-01-01 05:11:00,311.0,20.21975537039744,20.21975537039744,20.21975537039744,20.21975537039744,0,0,0,0.35366940059132385,zscore,zscore,N/A
2025-01-01 05:12:00,312.0,20.16508326979761,20.16508326979761,20.16508326979761,20.16508326979761,0,0,0,0.3115993085201153,zscore,zscore,N/A
2025-01-01 05:13:00,313.0,20.16270192720013,20.16270192720013,20.16270192720013,20.16270192720013,0,0,0,0.2981088220665515,zscore,zscore,N/A
2025-01-01 05:14:00,314.0,20.261095761430862,20.261095761430862,20.261095761430862,20.261095761430862,0,0,0,0.3901964857046263,zscore,zscore,N/A
2025-01-01 05:15:00,315.0,20.00420076832655,20.00420076832655,20.00420076832655,20.00420076832655,0,0,0,0.19277228770904864,zscore,zscore,N/A
2025-01-01 05:16:00,316.0,20.136390594258994,20.136390594258994,20.136390594258994,20.136390594258994,0,0,0,0.2905765636116527,zscore,zscore,N/A
2025-01-01 05:17:00,317.0,19.937946648681308,19.937946648681308,19.937946648681308,19.937946648681308,0,0,0,0.7242928677291876,zscore,zscore,N/A
2025-01-01 05:18:00,318.0,20.06483327049769,20.06483327049769,20.06483327049769,20.06483327049769,0,0,0,0.01619721733039202,zscore,zscore,N/A
2025-01-01 05:19:00,319.0,19.97397138912646,19.97397138912646,19.97397138912646,19.97397138912646,0,0,0,0.593282309762425,zscore,zscore,N/A
2025-01-01 05:20:00,320.0,20.019399192998545,20.019399192998545,20.019399192998545,20.019399192998545,0,0,0,0.3206662532608553,zscore,zscore,N/A
2025-01-01 05:21:00,321.0,20.119031405087384,20.119031405087384,20.119031405087384,20.119031405087384,0,0,0,0.33668632702135837,zscore,zscore,N/A
2025-01-01 05:22:00,322.0,19.836355863353305,19.836355863353305,19.836355863353305,19.836355863353305,0,0,0,1.3471521686795955,zscore,zscore,N/A
2025-01-01 05:23:00,323.0,20.418477455137094,20.418477455137094,20.418477455137094,20.418477455137094,0,0,0,2.3085270696324356,zscore,zscore,N/A
2025-01-01 05:24:00,324.0,19.79879652370006,19.79879652370006,19.79879652370006,19.79879652370006,0,0,0,1.4636619784012208,zscore,zscore,N/A
2025-01-01 05:25:00,325.0,19.75716227744245,19.75716227744245,19.75716227744245,19.75716227744245,0,0,0,1.7035480168920538,zscore,zscore,N/A
2025-01-01 05:26:00,326.0,20.23162217470001,20.23162217470001,20.23162217470001,20.23162217470001,0,0,0,1.298400036578729,zscore,zscore,N/A
2025-01-01 05:27:00,327.0,20.15833253879259,20.15833253879259,20.15833253879259,20.15833253879259,0,0,0,0.9161426166536354,zscore,zscore,N/A
2025-01-01 05:28:00,328.0,20.12482396341043,20.12482396341043,20.12482396341043,20.12482396341043,0,0,0,0.6678797220840712,zscore,zscore,N/A
2025-01-01 05:29:00,329.0,20.125669101852857,20.125669101852857,20.125669101852857,20.125669101852857,0,0,0,0.7169166556722111,zscore,zscore,N/A
2025-01-01 05:30:00,330.0,19.997550645430614,19.997550645430614,19.997550645430614,19.997550645430614,0,0,0,0.022819718434049768,zscore,zscore,N/A
2025-01-01 05:31:00,331.0,19.820549125702836,19.820549125702836,19.820549125702836,19.820549125702836,0,0,0,1.0822095628436847,zscore,zscore,N/A
2025-01-01 05:32:00,332.0,20.015160911638745,20.015160911638745,20.015160911638745,20.015160911638745,0,0,0,0.09422805807188742,zscore,zscore,N/A
2025-01-01 05:33:00,333.0,19.864567657697577,19.864567657697577,19.864567657697577,19.864567657697577,0,0,0,0.8387238031944085,zscore,zscore,N/A
2025-01-01 05:34:00,334.0,20.195023946683552,20.195023946683552,20.195023946683552,20.195023946683552,0,0,0,1.5905748646554565,zscore,zscore,N/A
2025-01-01 05:35:00,335.0,19.97058852369957,19.97058852369957,19.97058852369957,19.97058852369957,0,0,0,0.14654097821374573,zscore,zscore,N/A
2025-01-01 05:36:00,336.0,19.834900560641497,19.834900560641497,19.834900560641497,19.834900560641497,0,0,0,1.128299390211668,zscore,zscore,N/A
2025-01-01 05:37:00,337.0,19.9357228316694,19.9357228316694,19.9357228316694,19.9357228316694,0,0,0,0.2024813379561975,zscore,zscore,N/A
2025-01-01 05:38:00,338.0,20.08258629085513,20.08258629085513,20.08258629085513,20.08258629085513,0,0,0,1.0312720369415962,zscore,zscore,N/A
2025-01-01 05:39:00,339.0,19.887255089439204,19.887255089439204,19.887255089439204,19.887255089439204,0,0,0,0.43255822153994883,zscore,zscore,N/A
2025-01-01 05:40:00,340.0,19.835555920886712,19.835555920886712,19.835555920886712,19.835555920886712,0,0,0,0.852448864593798,zscore,zscore,N/A
2025-01-01 05:41:00,341.0,20.048737442298386,20.048737442298386,20.048737442298386,20.048737442298386,0,0,0,0.6832672857040123,zscore,zscore,N/A
2025-01-01 05:42:00,342.0,20.048993314221743,20.048993314221743,20.048993314221743,20.048993314221743,0,0,0,0.5509614876136683,zscore,zscore,N/A
2025-01-01 05:43:00,343.0,19.89861136492577,19.89861136492577,19.89861136492577,19.89861136492577,0,0,0,0.4658158769939917,zscore,zscore,N/A
2025-01-01 05:44:00,344.0,19.90579233887633,19.90579233887633,19.90579233887633,19.90579233887633,0,0,0,0.4649609214161989,zscore,zscore,N/A
2025-01-01 05:45:00,345.0,20.046409987471527,20.046409987471527,20.046409987471527,20.046409987471527,0,0,0,0.6648584366971457,zscore,zscore,N/A
2025-01-01 05:46:00,346.0,19.71038313170053,19.71038313170053,19.71038313170053,19.71038313170053,0,0,0,1.753540311025041,zscore,zscore,N/A
2025-01-01 05:47:00,347.0,19.718507245124687,19.718507245124687,19.718507245124687,19.718507245124687,0,0,0,1.7642302735325306,zscore,zscore,N/A
2025-01-01 05:48:00,348.0,19.856311155749516,19.856311155749516,19.856311155749516,19.856311155749516,0,0,0,0.7934088341002112,zscore,zscore,N/A
2025-01-01 05:49:00,349.0,19.95731056965763,19.95731056965763,19.95731056965763,19.95731056965763,0,0,0,0.02041898414326961,zscore,zscore,N/A
2025-01-01 05:50:00,350.0,20.0621815131196,20.0621815131196,20.0621815131196,20.0621815131196,0,0,0,0.6886882359723624,zscore,zscore,N/A
2025-01-01 05:51:00,351.0,20.29507124338991,20.29507124338991,20.29507124338991,20.29507124338991,0,0,0,1.9764500832370513,zscore,zscore,N/A
2025-01-01 05:52:00,352.0,20.171531924640405,20.171531924640405,20.171531924640405,20.171531924640405,0,0,0,0.4361101478677288,zscore,zscore,N/A
2025-01-01 05:53:00,353.0,19.96801229400732,19.96801229400732,19.96801229400732,19.96801229400732,0,0,0,0.1995642680053089,zscore,zscore,N/A
2025-01-01 05:54:00,354.0,19.99619675841946,19.99619675841946,19.99619675841946,19.99619675841946,0,0,0,0.2181918002609263,zscore,zscore,N/A
2025-01-01 05:55:00,355.0,19.79949412707244,19.79949412707244,19.79949412707244,19.79949412707244,0,0,0,0.008560523373453552,zscore,zscore,N/A
2025-01-01 05:56:00,356.0,19.99629737280152,19.99629737280152,19.99629737280152,19.99629737280152,0,0,0,0.21761545254912634,zscore,zscore,N/A
2025-01-01 05:57:00,357.0,19.942268272215973,19.942268272215973,19.942268272215973,19.942268272215973,0,0,0,0.13945600073353068,zscore,zscore,N/A
2025-01-01 05:58:00,358.0,20.064543712067618,20.064543712067618,20.064543712067618,20.064543712067618,0,0,0,0.2631582029984513,zscore,zscore,N/A
2025-01-01 05:59:00,359.0,19.83455381128953,19.83455381128953,19.83455381128953,19.83455381128953,0,0,0,4.882565214036199e-05,zscore,zscore,N/A
2025-01-01 06:00:00,360.0,20.103869302848235,20.103869302848235,20.103869302848235,20.103869302848235,0,0,0,0.3061327647911879,zscore,zscore,N/A
2025-01-01 06:01:00,361.0,20.306547782600514,20.306547782600514,20.306547782600514,20.306547782600514,0,0,0,0.5361627756199058,zscore,zscore,N/A
2025-01-01 06:02:00,362.0,15.97824797030863,20.00490203485179,20.00490203485179,20.00490203485179,1,1,1,4.423909331480638,zscore,zscore,N/A
2025-01-01 06:03:00,363.0,20.080342344419787,20.080342344419787,20.080342344419787,20.080342344419787,0,0,0,0.27603072971643944,zscore,zscore,N/A
2025-01-01 06:04:00,364.0,20.138028798342223,20.138028798342223,20.138028798342223,20.138028798342223,0,0,0,0.3137282094808859,zscore,zscore,N/A
2025-01-01 06:05:00,365.0,19.919755905622832,19.919755905622832,19.919755905622832,19.919755905622832,0,0,0,0.07429843601932551,zscore,zscore,N/A
2025-01-01 06:06:00,366.0,20.044818496362083,20.044818496362083,20.044818496362083,20.044818496362083,0,0,0,0.19540360803734025,zscore,zscore,N/A
2025-01-01 06:07:00,367.0,20.00251848015636,20.00251848015636,20.00251848015636,20.00251848015636,0,0,0,0.14531003183108387,zscore,zscore,N/A
2025-01-01 06:08:00,368.0,20.019535219709766,20.019535219709766,20.019535219709766,20.019535219709766,0,0,0,0.13660835751480435,zscore,zscore,N/A
2025-01-01 06:09:00,369.0,19.845398043228908,19.845398043228908,19.845398043228908,19.845398043228908,0,0,0,0.04655365055025805,zscore,zscore,N/A
2025-01-01 06:10:00,370.0,20.00490203485179,20.00490203485179,20.00490203485179,20.00490203485179,0,0,0,0.13251814243560212,zscore,zscore,N/A
2025-01-01 06:11:00,371.0,20.09959965824909,20.09959965824909,20.09959965824909,20.09959965824909,0,0,0,0.25107901013205436,zscore,zscore,N/A
2025-01-01 06:12:00,372.0,20.290228721559007,20.290228721559007,20.290228721559007,20.290228721559007,0,0,0,0.5062101615308693,zscore,zscore,N/A
2025-01-01 06:13:00,373.0,20.19185416521704,20.19185416521704,20.19185416521704,20.19185416521704,0,0,0,0.8079524609224567,zscore,zscore,N/A
2025-01-01 06:14:00,374.0,20.430636491502312,20.430636491502312,20.430636491502312,20.430636491502312,0,0,0,2.007402656433673,zscore,zscore,N/A
2025-01-01 06:15:00,375.0,19.846530487422392,19.846530487422392,19.846530487422392,19.846530487422392,0,0,0,0.8074776188072008,zscore,zscore,N/A
2025-01-01 06:16:00,376.0,20.174464127344137,20.174464127344137,20.174464127344137,20.174464127344137,0,0,0,0.7647613146897505,zscore,zscore,N/A
2025-01-01 06:17:00,377.0,20.036668401147672,20.036668401147672,20.036668401147672,20.036668401147672,0,0,0,0.010363280996142603,zscore,zscore,N/A
2025-01-01 06:18:00,378.0,20.43796058664353,20.43796058664353,20.43796058664353,20.43796058664353,0,0,0,1.7956713080909161,zscore,zscore,N/A
2025-01-01 06:19:00,379.0,19.83834034292897,19.83834034292897,19.83834034292897,19.83834034292897,0,0,0,0.8932358751698348,zscore,zscore,N/A
2025-01-01 06:20:00,380.0,19.832055631563843,19.832055631563843,19.832055631563843,19.832055631563843,0,0,0,0.9116613565313606,zscore,zscore,N/A
2025-01-01 06:21:00,381.0,19.880121470911195,19.880121470911195,19.880121470911195,19.880121470911195,0,0,0,0.7155655467450708,zscore,zscore,N/A
2025-01-01 06:22:00,382.0,19.57522085513804,19.57522085513804,19.57522085513804,19.57522085513804,0,0,0,1.926838921837035,zscore,zscore,N/A
2025-01-01 06:23:00,383.0,19.89484899566385,19.89484899566385,19.89484899566385,19.89484899566385,0,0,0,0.555414328938786,zscore,zscore,N/A
2025-01-01 06:24:00,384.0,19.84817346768926,19.84817346768926,19.84817346768926,19.84817346768926,0,0,0,0.7559600590678953,zscore,zscore,N/A
2025-01-01 06:25:00,385.0,20.030078757295243,20.030078757295243,20.030078757295243,20.030078757295243,0,0,0,0.11916702478903471,zscore,zscore,N/A
2025-01-01 06:26:00,386.0,20.068351195155437,20.068351195155437,20.068351195155437,20.068351195155437,0,0,0,0.3179716842559513,zscore,zscore,N/A
2025-01-01 06:27:00,387.0,20.37523416784318,20.37523416784318,20.37523416784318,20.37523416784318,0,0,0,1.5909662879591744,zscore,zscore,N/A
2025-01-01 06:28:00,388.0,20.19008476763721,20.19008476763721,20.19008476763721,20.19008476763721,0,0,0,0.8200274387666121,zscore,zscore,N/A
2025-01-01 06:29:00,389.0,19.88461926886752,19.88461926886752,19.88461926886752,19.88461926886752,0,0,0,0.4616565690359125,zscore,zscore,N/A
2025-01-01 06:30:00,390.0,19.82031706573033,19.82031706573033,19.82031706573033,19.82031706573033,0,0,0,0.6940133650144746,zscore,zscore,N/A
2025-01-01 06:31:00,391.0,20.098383834301305,20.098383834301305,20.098383834301305,20.098383834301305,0,0,0,0.5088696137006666,zscore,zscore,N/A
2025-01-01 06:32:00,392.0,19.73595335859587,19.73595335859587,19.73595335859587,19.73595335859587,0,0,0,1.1075789496247417,zscore,zscore,N/A
2025-01-01 06:33:00,393.0,20.36629175317087,20.36629175317087,20.36629175317087,20.36629175317087,0,0,0,1.7211672898162347,zscore,zscore,N/A
2025-01-01 06:34:00,394.0,20.23588802414426,20.23588802414426,20.23588802414426,20.23588802414426,0,0,0,1.0922989165351449,zscore,zscore,N/A
2025-01-01 06:35:00,395.0,19.906164869579055,19.906164869579055,19.906164869579055,19.906164869579055,0,0,0,0.5652906633228038,zscore,zscore,N/A
2025-01-01 06:36:00,396.0,19.657373094181825,19.657373094181825,19.657373094181825,19.657373094181825,0,0,0,1.6699148478683814,zscore,zscore,N/A
2025-01-01 06:37:00,397.0,20.27077447483308,20.27077447483308,20.27077447483308,20.27077447483308,0,0,0,1.2516168979574134,zscore,zscore,N/A
2025-01-01 06:38:00,398.0,19.977092030949475,19.977092030949475,19.977092030949475,19.977092030949475,0,0,0,0.06353410083073678,zscore,zscore,N/A
2025-01-01 06:39:00,399.0,20.24756326239469,20.24756326239469,20.24756326239469,20.24756326239469,0,0,0,1.3704851779114622,zscore,zscore,N/A
2025-01-01 06:40:00,400.0,19.681114468241127,19.681114468241127,19.681114468241127,19.681114468241127,0,0,0,0.4548829645779047,zscore,zscore,N/A
2025-01-01 06:41:00,401.0,19.880124995409247,19.880124995409247,19.880124995409247,19.880124995409247,0,0,0,0.30274540418513235,zscore,zscore,N/A
2025-01-01 06:42:00,402.0,20.00104873994364,20.00104873994364,20.00104873994364,20.00104873994364,0,0,0,0.1960802517343307,zscore,zscore,N/A
2025-01-01 06:43:00,403.0,20.00939611875295,20.00939611875295,20.00939611875295,20.00939611875295,0,0,0,0.20922277144748838,zscore,zscore,N/A
2025-01-01 06:44:00,404.0,19.90998690570415,19.90998690570415,19.90998690570415,19.90998690570415,0,0,0,0.2733383789681351,zscore,zscore,N/A
2025-01-01 06:45:00,405.0,20.1245699864695,20.1245699864695,20.1245699864695,20.1245699864695,0,0,0,0.09738276803769895,zscore,zscore,N/A
2025-01-01 06:46:00,406.0,19.78647591412348,19.78647591412348,19.78647591412348,19.78647591412348,0,0,0,0.36695896999403504,zscore,zscore,N/A
2025-01-01 06:47:00,407.0,19.97152410299574,19.97152410299574,19.97152410299574,19.97152410299574,0,0,0,0.2416334649943197,zscore,zscore,N/A
2025-01-01 06:48:00,408.0,20.02405912634238,20.02405912634238,20.02405912634238,20.02405912634238,0,0,0,0.2005846431265169,zscore,zscore,N/A
2025-01-01 06:49:00,409.0,20.10288776681175,20.10288776681175,20.10288776681175,20.10288776681175,0,0,0,0.1422473597857386,zscore,zscore,N/A
2025-01-01 06:50:00,410.0,26.142322975617777,20.013503696282022,20.013503696282022,20.013503696282022,1,1,1,4.425733658671938,zscore,zscore,N/A
2025-01-01 06:51:00,411.0,19.775071581632425,19.775071581632425,19.775071581632425,19.775071581632425,0,0,0,0.4229044069697981,zscore,zscore,N/A
2025-01-01 06:52:00,412.0,19.69317716585288,19.69317716585288,19.69317716585288,19.69317716585288,0,0,0,0.4882029931770029,zscore,zscore,N/A
2025-01-01 06:53:00,413.0,20.255535364379703,20.255535364379703,20.255535364379703,20.255535364379703,0,0,0,0.06671706021317347,zscore,zscore,N/A
2025-01-01 06:54:00,414.0,20.06646280239592,20.06646280239592,20.06646280239592,20.06646280239592,0,0,0,0.21554609312855488,zscore,zscore,N/A
2025-01-01 06:55:00,415.0,19.85030269268869,19.85030269268869,19.85030269268869,19.85030269268869,0,0,0,0.4562626483818546,zscore,zscore,N/A
2025-01-01 06:56:00,416.0,20.310230395104504,20.310230395104504,20.310230395104504,20.310230395104504,0,0,0,0.1487768816713879,zscore,zscore,N/A
2025-01-01 06:57:00,417.0,20.02313492685857,20.02313492685857,20.02313492685857,20.02313492685857,0,0,0,0.34575750490835716,zscore,zscore,N/A
2025-01-01 06:58:00,418.0,20.235859436812767,20.235859436812767,20.235859436812767,20.235859436812767,0,0,0,0.21613484193891994,zscore,zscore,N/A
2025-01-01 06:59:00,419.0,20.013503696282022,20.013503696282022,20.013503696282022,20.013503696282022,0,0,0,0.3467138405353526,zscore,zscore,N/A
2025-01-01 07:00:00,420.0,20.4121495849764,20.4121495849764,20.4121495849764,20.4121495849764,0,0,0,0.07910161050813705,zscore,zscore,N/A
2025-01-01 07:01:00,421.0,20.35106816848864,20.35106816848864,20.35106816848864,20.35106816848864,0,0,0,0.1362762952298057,zscore,zscore,N/A
2025-01-01 07:02:00,422.0,19.950207170304186,19.950207170304186,19.950207170304186,19.950207170304186,0,0,0,0.30167763603079784,zscore,zscore,N/A
2025-01-01 07:03:00,423.0,20.19431419019087,20.19431419019087,20.19431419019087,20.19431419019087,0,0,0,0.06351051649824352,zscore,zscore,N/A
2025-01-01 07:04:00,424.0,20.129075189917028,20.129075189917028,20.129075189917028,20.129075189917028,0,0,0,0.1363106148680403,zscore,zscore,N/A
2025-01-01 07:05:00,425.0,24.27372631150647,20.129075189917028,20.129075189917028,20.129075189917028,1,1,1,4.342049230972071,zscore,zscore,N/A
2025-01-01 07:06:00,426.0,19.80701530788398,19.80701530788398,19.80701530788398,19.80701530788398,0,0,0,0.50816392785398,zscore,zscore,N/A
2025-01-01 07:07:00,427.0,20.137210291999686,20.137210291999686,20.137210291999686,20.137210291999686,0,0,0,0.11869601346960938,zscore,zscore,N/A
2025-01-01 07:08:00,428.0,20.21168489736992,20.21168489736992,20.21168489736992,20.21168489736992,0,0,0,0.019735728397007227,zscore,zscore,N/A
2025-01-01 07:09:00,429.0,19.64825210271538,19.64825210271538,19.64825210271538,19.64825210271538,0,0,0,0.607908400500158,zscore,zscore,N/A
2025-01-01 07:10:00,430.0,19.763348297466845,19.763348297466845,19.763348297466845,19.763348297466845,0,0,0,0.48869806845475855,zscore,zscore,N/A
2025-01-01 07:11:00,431.0,19.59215356444798,19.59215356444798,19.59215356444798,19.59215356444798,0,0,0,0.6499401351633171,zscore,zscore,N/A
2025-01-01 07:12:00,432.0,19.946118633111087,19.946118633111087,19.946118633111087,19.946118633111087,0,0,0,0.23150290962221445,zscore,zscore,N/A
2025-01-01 07:13:00,433.0,20.143508451159192,20.143508451159192,20.143508451159192,20.143508451159192,0,0,0,0.0244216550243909,zscore,zscore,N/A
2025-01-01 07:14:00,434.0,20.30047141041921,20.30047141041921,20.30047141041921,20.30047141041921,0,0,0,0.16376806360594687,zscore,zscore,N/A
2025-01-01 07:15:00,435.0,20.014818956083957,20.014818956083957,20.014818956083957,20.014818956083957,0,0,0,0.13722185855730912,zscore,zscore,N/A
2025-01-01 07:16:00,436.0,20.325723109114257,20.325723109114257,20.325723109114257,20.325723109114257,0,0,0,1.6901629774200377,zscore,zscore,N/A
2025-01-01 07:17:00,437.0,19.72397970835702,19.72397970835702,19.72397970835702,19.72397970835702,0,0,0,0.9838166647473229,zscore,zscore,N/A
2025-01-01 07:18:00,438.0,19.659323512128967,19.659323512128967,19.659323512128967,19.659323512128967,0,0,0,1.2422873070917433,zscore,zscore,N/A
2025-01-01 07:19:00,439.0,19.98889046022068,19.98889046022068,19.98889046022068,19.98889046022068,0,0,0,0.35098151986929926,zscore,zscore,N/A
2025-01-01 07:20:00,440.0,20.076813089787866,20.076813089787866,20.076813089787866,20.076813089787866,0,0,0,0.7129874215828856,zscore,zscore,N/A
2025-01-01 07:21:00,441.0,19.993461050381185,19.993461050381185,19.993461050381185,19.993461050381185,0,0,0,0.2058982624349999,zscore,zscore,N/A
2025-01-01 07:22:00,442.0,19.586511579992024,19.586511579992024,19.586511579992024,19.586511579992024,0,0,0,1.898329143117499,zscore,zscore,N/A
2025-01-01 07:23:00,443.0,19.98217599209744,19.98217599209744,19.98217599209744,19.98217599209744,0,0,0,0.07271928222385399,zscore,zscore,N/A
2025-01-01 07:24:00,444.0,19.73910609989903,19.73910609989903,19.73910609989903,19.73910609989903,0,0,0,1.107328986026874,zscore,zscore,N/A
2025-01-01 07:25:00,445.0,20.133934509766007,20.133934509766007,20.133934509766007,20.133934509766007,0,0,0,1.1044290759547848,zscore,zscore,N/A
2025-01-01 07:26:00,446.0,20.07331964921937,20.07331964921937,20.07331964921937,20.07331964921937,0,0,0,0.7818230774178463,zscore,zscore,N/A
2025-01-01 07:27:00,447.0,19.812024042734528,19.812024042734528,19.812024042734528,19.812024042734528,0,0,0,0.5941622742774246,zscore,zscore,N/A
2025-01-01 07:28:00,448.0,19.897226616532663,19.897226616532663,19.897226616532663,19.897226616532663,0,0,0,0.1133621253769845,zscore,zscore,N/A
2025-01-01 07:29:00,449.0,19.78815729562221,19.78815729562221,19.78815729562221,19.78815729562221,0,0,0,0.8890517838635285,zscore,zscore,N/A
2025-01-01 07:30:00,450.0,19.987464180545366,19.987464180545366,19.987464180545366,19.987464180545366,0,0,0,0.2725104356394764,zscore,zscore,N/A
2025-01-01 07:31:00,451.0,20.19102846410025,20.19102846410025,20.19102846410025,20.19102846410025,0,0,0,1.4465024390433558,zscore,zscore,N/A
2025-01-01 07:32:00,452.0,19.80285479073289,19.80285479073289,19.80285479073289,19.80285479073289,0,0,0,0.7137896709381817,zscore,zscore,N/A
2025-01-01 07:33:00,453.0,20.10080930310357,20.10080930310357,20.10080930310357,20.10080930310357,0,0,0,0.9329670000730226,zscore,zscore,N/A
2025-01-01 07:34:00,454.0,19.893948476325512,19.893948476325512,19.893948476325512,19.893948476325512,0,0,0,0.3526068003664348,zscore,zscore,N/A
2025-01-01 07:35:00,455.0,19.84142543354753,19.84142543354753,19.84142543354753,19.84142543354753,0,0,0,0.7780741708339642,zscore,zscore,N/A
2025-01-01 07:36:00,456.0,19.97859392800909,19.97859392800909,19.97859392800909,19.97859392800909,0,0,0,0.1188633869286813,zscore,zscore,N/A
2025-01-01 07:37:00,457.0,19.792951535516124,19.792951535516124,19.792951535516124,19.792951535516124,0,0,0,1.0928903138906707,zscore,zscore,N/A
2025-01-01 07:38:00,458.0,19.889270138930563,19.889270138930563,19.889270138930563,19.889270138930563,0,0,0,0.512121900918217,zscore,zscore,N/A
2025-01-01 07:39:00,459.0,19.76042442148223,19.76042442148223,19.76042442148223,19.76042442148223,0,0,0,1.343539328149611,zscore,zscore,N/A
2025-01-01 07:40:00,460.0,20.39294502658328,19.95580608009336,19.95580608009336,20.39294502658328,1,1,0,2.8070584954826336,zscore,zscore,N/A
2025-01-01 07:41:00,461.0,20.007052710394344,20.007052710394344,20.007052710394344,20.007052710394344,0,0,0,0.30499401778781304,zscore,zscore,N/A
2025-01-01 07:42:00,462.0,19.860054898401483,19.860054898401483,19.860054898401483,19.860054898401483,0,0,0,0.39991301952451186,zscore,zscore,N/A
2025-01-01 07:43:00,463.0,20.04279598214685,20.04279598214685,20.04279598214685,20.04279598214685,0,0,0,0.48303542456970827,zscore,zscore,N/A
2025-01-01 07:44:00,464.0,19.977534390061837,19.977534390061837,19.977534390061837,19.977534390061837,0,0,0,0.07055663454873237,zscore,zscore,N/A
2025-01-01 07:45:00,465.0,19.95580608009336,19.95580608009336,19.95580608009336,19.95580608009336,0,0,0,0.050770983332696216,zscore,zscore,N/A
2025-01-01 07:46:00,466.0,20.12283334000869,20.12283334000869,20.12283334000869,20.12283334000869,0,0,0,0.7146116263739617,zscore,zscore,N/A
2025-01-01 07:47:00,467.0,20.151501542009463,20.151501542009463,20.151501542009463,20.151501542009463,0,0,0,0.8340649420954949,zscore,zscore,N/A
2025-01-01 07:48:00,468.0,19.89389977047789,19.89389977047789,19.89389977047789,19.89389977047789,0,0,0,0.5392840698467883,zscore,zscore,N/A
2025-01-01 07:49:00,469.0,19.884836351871066,19.884836351871066,19.884836351871066,19.884836351871066,0,0,0,0.639614891826952,zscore,zscore,N/A
2025-01-01 07:50:00,470.0,19.94498966056967,19.94498966056967,19.94498966056967,19.94498966056967,0,0,0,0.44527553051859164,zscore,zscore,N/A
2025-01-01 07:51:00,471.0,19.539615767052883,19.539615767052883,19.977534390061837,19.539615767052883,0,1,0,2.1470417880790187,zscore,zscore,N/A
2025-01-01 07:52:00,472.0,19.69696178756029,19.69696178756029,19.69696178756029,19.69696178756029,0,0,0,1.3073071034992256,zscore,zscore,N/A
2025-01-01 07:53:00,473.0,20.273374853488907,20.273374853488907,20.273374853488907,20.273374853488907,0,0,0,1.1135430053316566,zscore,zscore,N/A
2025-01-01 07:54:00,474.0,20.328993542700257,20.328993542700257,20.328993542700257,20.328993542700257,0,0,0,1.3767894892385855,zscore,zscore,N/A
2025-01-01 07:55:00,475.0,19.950192792088725,19.950192792088725,19.950192792088725,19.950192792088725,0,0,0,0.17058825632331842,zscore,zscore,N/A
2025-01-01 07:56:00,476.0,20.115311392611154,20.115311392611154,20.115311392611154,20.115311392611154,0,0,0,0.5207384653705373,zscore,zscore,N/A
2025-01-01 07:57:00,477.0,20.062250030908707,20.062250030908707,20.062250030908707,20.062250030908707,0,0,0,0.3674913281528171,zscore,zscore,N/A
2025-01-01 07:58:00,478.0,20.61577616169105,20.61577616169105,19.94498966056967,20.61577616169105,0,1,0,2.4798667480876126,zscore,zscore,N/A
2025-01-01 07:59:00,479.0,20.223914982286917,20.223914982286917,20.223914982286917,20.223914982286917,0,0,0,0.8891886857040427,zscore,zscore,N/A
2025-01-01 08:00:00,480.0,19.974416481703848,19.974416481703848,19.974416481703848,19.974416481703848,0,0,0,0.09654098607025595,zscore,zscore,N/A
2025-01-01 08:01:00,481.0,19.808891911879915,19.808891911879915,19.808891911879915,19.808891911879915,0,0,0,0.7821717129836943,zscore,zscore,N/A
2025-01-01 08:02:00,482.0,19.678710735948485,19.678710735948485,19.678710735948485,19.678710735948485,0,0,0,1.4845308000541408,zscore,zscore,N/A
2025-01-01 08:03:00,483.0,20.040692727173443,20.040692727173443,20.040692727173443,20.040692727173443,0,0,0,0.017818500300641416,zscore,zscore,N/A
2025-01-01 08:04:00,484.0,19.84872985094314,19.84872985094314,19.84872985094314,19.84872985094314,0,0,0,0.41372575434398606,zscore,zscore,N/A
2025-01-01 08:05:00,485.0,19.715549258080465,19.715549258080465,19.715549258080465,19.715549258080465,0,0,0,0.5443787617000653,zscore,zscore,N/A
2025-01-01 08:06:00,486.0,19.870685423151496,19.870685423151496,19.870685423151496,19.870685423151496,0,0,0,0.3699258256803016,zscore,zscore,N/A
2025-01-01 08:07:00,487.0,19.78369039927712,19.78369039927712,19.78369039927712,19.78369039927712,0,0,0,0.453948057892995,zscore,zscore,N/A
2025-01-01 08:08:00,488.0,20.337428327014518,20.337428327014518,20.337428327014518,20.337428327014518,0,0,0,0.14512847591505418,zscore,zscore,N/A
2025-01-01 08:09:00,489.0,20.17632795138989,20.17632795138989,20.17632795138989,20.17632795138989,0,0,0,0.019683725094718007,zscore,zscore,N/A
2025-01-01 08:10:00,490.0,19.99840547173668,19.99840547173668,19.99840547173668,19.99840547173668,0,0,0,0.1603568242268587,zscore,zscore,N/A
2025-01-01 08:11:00,491.0,20.295988827778004,20.295988827778004,20.295988827778004,20.295988827778004,0,0,0,0.15110683305322134,zscore,zscore,N/A
2025-01-01 08:12:00,492.0,20.015473661529523,20.015473661529523,20.015473661529523,20.015473661529523,0,0,0,0.1582952530322843,zscore,zscore,N/A
2025-01-01 08:13:00,493.0,19.827743159734347,19.827743159734347,19.827743159734347,19.827743159734347,0,0,0,0.3660881660970453,zscore,zscore,N/A
2025-01-01 08:14:00,494.0,24.30462481545393,19.96193226438328,19.96193226438328,19.96193226438328,1,1,1,4.398017960541945,zscore,zscore,N/A
2025-01-01 08:15:00,495.0,20.107782008736933,20.107782008736933,20.107782008736933,20.107782008736933,0,0,0,0.07626446387263414,zscore,zscore,N/A
2025-01-01 08:16:00,496.0,19.79255076913471,19.79255076913471,19.79255076913471,19.79255076913471,0,0,0,0.43022147489666457,zscore,zscore,N/A
2025-01-01 08:17:00,497.0,19.96193226438328,19.96193226438328,19.96193226438328,19.96193226438328,0,0,0,0.26358323381337334,zscore,zscore,N/A
2025-01-01 08:18:00,498.0,19.82487634932305,19.82487634932305,19.82487634932305,19.82487634932305,0,0,0,0.4263512399871676,zscore,zscore,N/A
2025-01-01 08:19:00,499.0,19.72344005380713,19.72344005380713,19.72344005380713,19.72344005380713,0,0,0,0.5213027683852174,zscore,zscore,N/A
2025-01-01 08:20:00,500.0,20.06444273286989,20.06444273286989,20.06444273286989,20.06444273286989,0,0,0,0.15488717701263688,zscore,zscore,N/A
2025-01-01 08:21:00,501.0,20.037165177122564,20.037165177122564,20.037165177122564,20.037165177122564,0,0,0,0.18378128350973255,zscore,zscore,N/A
2025-01-01 08:22:00,502.0,20.0527608736755,20.0527608736755,20.0527608736755,20.0527608736755,0,0,0,0.15619456758635264,zscore,zscore,N/A
2025-01-01 08:23:00,503.0,19.82652378577124,19.82652378577124,19.82652378577124,19.82652378577124,0,0,0,0.39970718744924744,zscore,zscore,N/A
2025-01-01 08:24:00,504.0,19.861889615131144,19.861889615131144,19.861889615131144,19.861889615131144,0,0,0,0.37250198733873496,zscore,zscore,N/A
2025-01-01 08:25:00,505.0,20.188033048240417,20.188033048240417,20.188033048240417,20.188033048240417,0,0,0,1.4627035097523005,zscore,zscore,N/A
2025-01-01 08:26:00,506.0,20.03013887121008,20.03013887121008,20.03013887121008,20.03013887121008,0,0,0,0.20112442357465937,zscore,zscore,N/A
2025-01-01 08:27:00,507.0,20.144309272942564,20.144309272942564,20.144309272942564,20.144309272942564,0,0,0,1.0887851209937123,zscore,zscore,N/A
2025-01-01 08:28:00,508.0,20.05234394880434,20.05234394880434,20.05234394880434,20.05234394880434,0,0,0,0.15600468372966567,zscore,zscore,N/A
2025-01-01 08:29:00,509.0,20.05857163735723,20.05857163735723,20.05857163735723,20.05857163735723,0,0,0,0.1563423781812423,zscore,zscore,N/A
2025-01-01 08:30:00,510.0,20.200862811377363,20.200862811377363,20.200862811377363,20.200862811377363,0,0,0,1.4143590054552895,zscore,zscore,N/A
2025-01-01 08:31:00,511.0,19.98872555529645,19.98872555529645,19.98872555529645,19.98872555529645,0,0,0,0.6663771530295818,zscore,zscore,N/A
2025-01-01 08:32:00,512.0,20.0865624051183,20.0865624051183,20.0865624051183,20.0865624051183,0,0,0,0.12666667369521828,zscore,zscore,N/A
2025-01-01 08:33:00,513.0,20.00881501931949,20.00881501931949,20.00881501931949,20.00881501931949,0,0,0,0.5635922525795195,zscore,zscore,N/A
2025-01-01 08:34:00,514.0,20.0189939025585,20.0189939025585,20.0189939025585,20.0189939025585,0,0,0,0.6932091129078202,zscore,zscore,N/A
2025-01-01 08:35:00,515.0,20.043804542201148,20.043804542201148,20.043804542201148,20.043804542201148,0,0,0,0.5324327468940543,zscore,zscore,N/A
2025-01-01 08:36:00,516.0,20.129512450514596,20.129512450514596,20.129512450514596,20.129512450514596,0,0,0,0.2399250916604268,zscore,zscore,N/A
2025-01-01 08:37:00,517.0,20.030392115568112,20.030392115568112,20.030392115568112,20.030392115568112,0,0,0,0.7305244698062632,zscore,zscore,N/A
2025-01-01 08:38:00,518.0,20.29657985170176,20.29657985170176,20.29657985170176,20.29657985170176,0,0,0,1.5276516400473152,zscore,zscore,N/A
2025-01-01 08:39:00,519.0,19.9800373615809,19.9800373615809,19.9800373615809,19.9800373615809,0,0,0,1.2058132667574128,zscore,zscore,N/A
2025-01-01 08:40:00,520.0,20.09220973433772,20.09220973433772,20.09220973433772,20.09220973433772,0,0,0,0.3275092018707642,zscore,zscore,N/A
2025-01-01 08:41:00,521.0,20.060292846268894,20.060292846268894,20.060292846268894,20.060292846268894,0,0,0,0.6034328211359686,zscore,zscore,N/A
2025-01-01 08:42:00,522.0,20.34931121171117,20.34931121171117,20.34931121171117,20.34931121171117,0,0,0,1.1664087959039326,zscore,zscore,N/A
2025-01-01 08:43:00,523.0,20.16775976958295,20.16775976958295,20.16775976958295,20.16775976958295,0,0,0,0.021623131404269004,zscore,zscore,N/A
2025-01-01 08:44:00,524.0,20.29906525807461,20.29906525807461,20.29906525807461,20.29906525807461,0,0,0,0.8117048270064375,zscore,zscore,N/A
2025-01-01 08:45:00,525.0,19.92746654524686,19.92746654524686,19.92746654524686,19.92746654524686,0,0,0,1.7393544675985253,zscore,zscore,N/A
2025-01-01 08:46:00,526.0,20.19637016513089,20.19637016513089,20.19637016513089,20.19637016513089,0,0,0,0.12407886973996957,zscore,zscore,N/A
2025-01-01 08:47:00,527.0,20.29576926864211,20.29576926864211,20.29576926864211,20.29576926864211,0,0,0,0.4938368276599773,zscore,zscore,N/A
2025-01-01 08:48:00,528.0,20.180679271738008,20.180679271738008,20.180679271738008,20.180679271738008,0,0,0,0.27584943626634906,zscore,zscore,N/A
2025-01-01 08:49:00,529.0,20.334170753654597,20.334170753654597,20.334170753654597,20.334170753654597,0,0,0,0.7523220687152922,zscore,zscore,N/A
2025-01-01 08:50:00,530.0,20.10276745392783,20.10276745392783,20.10276745392783,20.10276745392783,0,0,0,0.7891554071441431,zscore,zscore,N/A
2025-01-01 08:51:00,531.0,20.39777486151882,20.39777486151882,20.39777486151882,20.39777486151882,0,0,0,1.1767460505353846,zscore,zscore,N/A
2025-01-01 08:52:00,532.0,20.537219488081966,20.537219488081966,20.537219488081966,20.537219488081966,0,0,0,2.123704951173212,zscore,zscore,N/A
2025-01-01 08:53:00,533.0,20.143971009521227,20.143971009521227,20.143971009521227,20.143971009521227,0,0,0,0.4815815535390436,zscore,zscore,N/A
2025-01-01 08:54:00,534.0,20.13758343942516,20.13758343942516,20.13758343942516,20.13758343942516,0,0,0,0.5556702946687804,zscore,zscore,N/A
2025-01-01 08:55:00,535.0,20.42842851325102,20.42842851325102,20.42842851325102,20.42842851325102,0,0,0,1.437854653043807,zscore,zscore,N/A
2025-01-01 08:56:00,536.0,20.45336868759107,20.45336868759107,20.45336868759107,20.45336868759107,0,0,0,1.4462582878113523,zscore,zscore,N/A
2025-01-01 08:57:00,537.0,20.14401588570657,20.14401588570657,20.14401588570657,20.14401588570657,0,0,0,0.6872575920497872,zscore,zscore,N/A
2025-01-01 08:58:00,538.0,20.16542889126328,20.16542889126328,20.16542889126328,20.16542889126328,0,0,0,0.5644294317422178,zscore,zscore,N/A
2025-01-01 08:59:00,539.0,20.192201246546677,20.192201246546677,20.192201246546677,20.192201246546677,0,0,0,0.41424403108164465,zscore,zscore,N/A
2025-01-01 09:00:00,540.0,20.038813385268707,20.038813385268707,20.038813385268707,20.038813385268707,0,0,0,1.4359351472676367,zscore,zscore,N/A
2025-01-01 09:01:00,541.0,20.108695193999317,20.108695193999317,20.108695193999317,20.108695193999317,0,0,0,1.066146396665761,zscore,zscore,N/A
2025-01-01 09:02:00,542.0,20.10188389500723,20.10188389500723,20.10188389500723,20.10188389500723,0,0,0,1.0365657821698548,zscore,zscore,N/A
2025-01-01 09:03:00,543.0,20.14334739930252,20.14334739930252,20.14334739930252,20.14334739930252,0,0,0,0.7605311969412206,zscore,zscore,N/A
2025-01-01 09:04:00,544.0,20.25932632500821,20.25932632500821,20.25932632500821,20.25932632500821,0,0,0,0.019491876055479147,zscore,zscore,N/A
2025-01-01 09:05:00,545.0,20.305673292044805,20.305673292044805,20.305673292044805,20.305673292044805,0,0,0,0.2657419246548395,zscore,zscore,N/A
2025-01-01 09:06:00,546.0,20.50912818013453,20.50912818013453,20.50912818013453,20.50912818013453,0,0,0,1.803363709172337,zscore,zscore,N/A
2025-01-01 09:07:00,547.0,20.132812024149704,20.132812024149704,20.132812024149704,20.132812024149704,0,0,0,0.9159999361179451,zscore,zscore,N/A
2025-01-01 09:08:00,548.0,20.436225514080103,20.436225514080103,20.436225514080103,20.436225514080103,0,0,0,0.9645694171414776,zscore,zscore,N/A
2025-01-01 09:09:00,549.0,20.262490851722887,20.262490851722887,20.262490851722887,20.262490851722887,0,0,0,0.17595843300578382,zscore,zscore,N/A
2025-01-01 09:10:00,550.0,20.293181645956945,20.293181645956945,20.293181645956945,20.293181645956945,0,0,0,0.0010345961315248414,zscore,zscore,N/A
2025-01-01 09:11:00,551.0,20.407836150277895,20.407836150277895,20.407836150277895,20.407836150277895,0,0,0,0.720587135067958,zscore,zscore,N/A
2025-01-01 09:12:00,552.0,20.14421694726666,20.14421694726666,20.14421694726666,20.14421694726666,0,0,0,1.240679301704433,zscore,zscore,N/A
2025-01-01 09:13:00,553.0,20.375998736476703,20.375998736476703,20.375998736476703,20.375998736476703,0,0,0,0.30166890201922164,zscore,zscore,N/A
2025-01-01 09:14:00,554.0,20.349617129829152,20.349617129829152,20.349617129829152,20.349617129829152,0,0,0,0.04765344301472607,zscore,zscore,N/A
2025-01-01 09:15:00,555.0,20.404529012246517,20.404529012246517,20.404529012246517,20.404529012246517,0,0,0,0.32943265668691707,zscore,zscore,N/A
2025-01-01 09:16:00,556.0,20.38004864327956,20.38004864327956,20.38004864327956,20.38004864327956,0,0,0,0.16474589243695262,zscore,zscore,N/A
2025-01-01 09:17:00,557.0,20.710980391728118,20.305169619063832,20.305169619063832,20.710980391728118,1,1,0,2.5625892603035716,zscore,zscore,N/A
2025-01-01 09:18:00,558.0,20.25303639715188,20.25303639715188,20.25303639715188,20.25303639715188,0,0,0,0.8573419254150388,zscore,zscore,N/A
2025-01-01 09:19:00,559.0,20.2750598755874,20.2750598755874,20.2750598755874,20.2750598755874,0,0,0,0.6994255808116221,zscore,zscore,N/A
2025-01-01 09:20:00,560.0,20.26725036392206,20.26725036392206,20.26725036392206,20.26725036392206,0,0,0,0.8325901148406528,zscore,zscore,N/A
2025-01-01 09:21:00,561.0,20.283411899059832,20.283411899059832,20.283411899059832,20.283411899059832,0,0,0,0.6547301819931249,zscore,zscore,N/A
2025-01-01 09:22:00,562.0,20.277137421885985,20.277137421885985,20.277137421885985,20.277137421885985,0,0,0,0.7192986419673247,zscore,zscore,N/A
2025-01-01 09:23:00,563.0,20.55710999469619,20.55710999469619,20.55710999469619,20.55710999469619,0,0,0,0.942252786268035,zscore,zscore,N/A
2025-01-01 09:24:00,564.0,20.597845176276635,20.597845176276635,20.597845176276635,20.597845176276635,0,0,0,1.2104472649702618,zscore,zscore,N/A
2025-01-01 09:25:00,565.0,20.305169619063832,20.305169619063832,20.305169619063832,20.305169619063832,0,0,0,0.6956898217372839,zscore,zscore,N/A
2025-01-01 09:26:00,566.0,20.27194025120871,20.27194025120871,20.27194025120871,20.27194025120871,0,0,0,0.9338438528715028,zscore,zscore,N/A
2025-01-01 09:27:00,567.0,20.47351794468041,20.47351794468041,20.47351794468041,20.47351794468041,0,0,0,0.3205183283752861,zscore,zscore,N/A
2025-01-01 09:28:00,568.0,20.3259841786284,20.3259841786284,20.3259841786284,20.3259841786284,0,0,0,0.6179120961855573,zscore,zscore,N/A
2025-01-01 09:29:00,569.0,20.509769431981965,20.509769431981965,20.509769431981965,20.509769431981965,0,0,0,0.42552044681977674,zscore,zscore,N/A
2025-01-01 09:30:00,570.0,20.45128013649443,20.45128013649443,20.45128013649443,20.45128013649443,0,0,0,0.008082137091580803,zscore,zscore,N/A
2025-01-01 09:31:00,571.0,20.199492090165243,20.199492090165243,20.199492090165243,20.199492090165243,0,0,0,1.6801571895469756,zscore,zscore,N/A
2025-01-01 09:32:00,572.0,20.66499151166244,20.66499151166244,20.66499151166244,20.66499151166244,0,0,0,1.3839606550946117,zscore,zscore,N/A
2025-01-01 09:33:00,573.0,20.70825940647535,20.70825940647535,20.70825940647535,20.70825940647535,0,0,0,1.6830378372707955,zscore,zscore,N/A
2025-01-01 09:34:00,574.0,20.35297147598646,20.35297147598646,20.35297147598646,20.35297147598646,0,0,0,0.7158457200273325,zscore,zscore,N/A
2025-01-01 09:35:00,575.0,20.39274656961681,20.39274656961681,20.39274656961681,20.39274656961681,0,0,0,0.4620800249571175,zscore,zscore,N/A
2025-01-01 09:36:00,576.0,20.499793636264044,20.499793636264044,20.499793636264044,20.499793636264044,0,0,0,0.1753375760529829,zscore,zscore,N/A
2025-01-01 09:37:00,577.0,20.51309437020146,20.51309437020146,20.51309437020146,20.51309437020146,0,0,0,0.18044320585913606,zscore,zscore,N/A
2025-01-01 09:38:00,578.0,20.567719516652428,20.567719516652428,20.567719516652428,20.567719516652428,0,0,0,0.5287630320915097,zscore,zscore,N/A
2025-01-01 09:39:00,579.0,20.776480580614557,20.776480580614557,20.776480580614557,20.776480580614557,0,0,0,1.770630842642172,zscore,zscore,N/A
2025-01-01 09:40:00,580.0,20.454419839723588,20.454419839723588,20.454419839723588,20.454419839723588,0,0,0,0.41119630998292017,zscore,zscore,N/A
2025-01-01 09:41:00,581.0,20.367229361215024,20.367229361215024,20.367229361215024,20.367229361215024,0,0,0,0.9133015532024794,zscore,zscore,N/A
2025-01-01 09:42:00,582.0,20.28608808774171,20.28608808774171,20.28608808774171,20.28608808774171,0,0,0,1.5923931256191195,zscore,zscore,N/A
2025-01-01 09:43:00,583.0,20.389358490000696,20.389358490000696,20.389358490000696,20.389358490000696,0,0,0,0.9486553675139844,zscore,zscore,N/A
2025-01-01 09:44:00,584.0,20.50004097410901,20.50004097410901,20.50004097410901,20.50004097410901,0,0,0,0.25695959865045365,zscore,zscore,N/A
2025-01-01 09:45:00,585.0,20.780205723615843,20.780205723615843,20.780205723615843,20.780205723615843,0,0,0,1.2876163351003782,zscore,zscore,N/A
2025-01-01 09:46:00,586.0,20.43939237328085,20.43939237328085,20.43939237328085,20.43939237328085,0,0,0,0.8442891763818847,zscore,zscore,N/A
2025-01-01 09:47:00,587.0,20.556614284930205,20.556614284930205,20.556614284930205,20.556614284930205,0,0,0,0.13823103088147515,zscore,zscore,N/A
2025-01-01 09:48:00,588.0,20.526594681821557,20.526594681821557,20.526594681821557,20.526594681821557,0,0,0,0.36864084639031364,zscore,zscore,N/A
2025-01-01 09:49:00,589.0,20.713329131297773,20.713329131297773,20.713329131297773,20.713329131297773,0,0,0,0.6966932568841271,zscore,zscore,N/A
2025-01-01 09:50:00,590.0,20.9201220282097,20.9201220282097,20.9201220282097,20.9201220282097,0,0,0,1.969347910708053,zscore,zscore,N/A
2025-01-01 09:51:00,591.0,20.467463872438707,20.467463872438707,20.467463872438707,20.467463872438707,0,0,0,0.8382228606736707,zscore,zscore,N/A
2025-01-01 09:52:00,592.0,20.47969029604712,20.47969029604712,20.47969029604712,20.47969029604712,0,0,0,0.9111140081673987,zscore,zscore,N/A
2025-01-01 09:53:00,593.0,20.715742368033307,20.715742368033307,20.715742368033307,20.715742368033307,0,0,0,0.4720540347212698,zscore,zscore,N/A
2025-01-01 09:54:00,594.0,20.667413983964988,20.667413983964988,20.667413983964988,20.667413983964988,0,0,0,0.014157705865925052,zscore,zscore,N/A
2025-01-01 09:55:00,595.0,20.848148383429542,20.848148383429542,20.848148383429542,20.848148383429542,0,0,0,1.283470669281492,zscore,zscore,N/A
2025-01-01 09:56:00,596.0,20.66474353641613,20.66474353641613,20.66474353641613,20.66474353641613,0,0,0,0.05767248578584588,zscore,zscore,N/A
2025-01-01 09:57:00,597.0,20.52927251904727,20.52927251904727,20.52927251904727,20.52927251904727,0,0,0,1.2942023057998309,zscore,zscore,N/A
2025-01-01 09:58:00,598.0,20.67777658131727,20.67777658131727,20.67777658131727,20.67777658131727,0,0,0,0.15294729607261995,zscore,zscore,N/A
2025-01-01 09:59:00,599.0,20.76149591784896,20.76149591784896,20.76149591784896,20.76149591784896,0,0,0,0.5488473937309886,zscore,zscore,N/A
2025-01-01 10:00:00,600.0,20.724274731989222,20.724274731989222,20.724274731989222,20.724274731989222,0,0,0,0.2341277498578075,zscore,zscore,N/A
2025-01-01 10:01:00,601.0,20.68330553352381,20.68330553352381,20.68330553352381,20.68330553352381,0,0,0,0.015543378894395147,zscore,zscore,N/A
2025-01-01 10:02:00,602.0,20.773227656344183,20.773227656344183,20.773227656344183,20.773227656344183,0,0,0,0.832917906965844,zscore,zscore,N/A
2025-01-01 10:03:00,603.0,20.79463281552076,20.79463281552076,20.79463281552076,20.79463281552076,0,0,0,0.9072963613716076,zscore,zscore,N/A
2025-01-01 10:04:00,604.0,20.832574349657637,20.832574349657637,20.832574349657637,20.832574349657637,0,0,0,1.3162306348671682,zscore,zscore,N/A
2025-01-01 10:05:00,605.0,20.728569008188547,20.728569008188547,20.728569008188547,20.728569008188547,0,0,0,0.18279885936410617,zscore,zscore,N/A
2025-01-01 10:06:00,606.0,20.61220683705067,20.61220683705067,20.61220683705067,20.61220683705067,0,0,0,0.8399423435900215,zscore,zscore,N/A
2025-01-01 10:07:00,607.0,20.66529362611129,20.66529362611129,20.66529362611129,20.66529362611129,0,0,0,0.3617441436204314,zscore,zscore,N/A
2025-01-01 10:08:00,608.0,20.830274942170643,20.830274942170643,20.830274942170643,20.830274942170643,0,0,0,1.2017116924077687,zscore,zscore,N/A
2025-01-01 10:09:00,609.0,20.5327702705944,20.5327702705944,20.5327702705944,20.5327702705944,0,0,0,1.6964731837519502,zscore,zscore,N/A
2025-01-01 10:10:00,610.0,20.71662364162152,20.71662364162152,20.71662364162152,20.71662364162152,0,0,0,0.09855358292814426,zscore,zscore,N/A
2025-01-01 10:11:00,611.0,20.608333847489572,20.608333847489572,20.608333847489572,20.608333847489572,0,0,0,1.028603688220536,zscore,zscore,N/A
2025-01-01 10:12:00,612.0,20.677658416826997,20.677658416826997,20.677658416826997,20.677658416826997,0,0,0,0.47836940643410114,zscore,zscore,N/A
2025-01-01 10:13:00,613.0,20.87112649682597,20.87112649682597,20.87112649682597,20.87112649682597,0,0,0,0.9892193280662549,zscore,zscore,N/A
2025-01-01 10:14:00,614.0,20.714035601685957,20.714035601685957,20.714035601685957,20.714035601685957,0,0,0,0.20862614455980713,zscore,zscore,N/A
2025-01-01 10:15:00,615.0,20.698348247754485,20.698348247754485,20.698348247754485,20.698348247754485,0,0,0,0.3190672392074495,zscore,zscore,N/A
2025-01-01 10:16:00,616.0,20.493416368432168,20.493416368432168,20.493416368432168,20.493416368432168,0,0,0,1.943789690416211,zscore,zscore,N/A
2025-01-01 10:17:00,617.0,20.815344848531332,20.815344848531332,20.815344848531332,20.815344848531332,0,0,0,0.4930087977729594,zscore,zscore,N/A
2025-01-01 10:18:00,618.0,20.80624146484651,20.80624146484651,20.80624146484651,20.80624146484651,0,0,0,0.4099596861925146,zscore,zscore,N/A
2025-01-01 10:19:00,619.0,21.039919070219263,20.76032745896923,20.76032745896923,21.039919070219263,1,1,0,2.2988785465189485,zscore,zscore,N/A
2025-01-01 10:20:00,620.0,20.6752761505286,20.6752761505286,20.6752761505286,20.6752761505286,0,0,0,0.813893012077207,zscore,zscore,N/A
2025-01-01 10:21:00,621.0,20.76032745896923,20.76032745896923,20.76032745896923,20.76032745896923,0,0,0,0.07262264111150982,zscore,zscore,N/A
2025-01-01 10:22:00,622.0,20.770874486424347,20.770874486424347,20.770874486424347,20.770874486424347,0,0,0,0.0692054510027638,zscore,zscore,N/A
2025-01-01 10:23:00,623.0,20.976096949880358,20.976096949880358,20.976096949880358,20.976096949880358,0,0,0,1.666488927822034,zscore,zscore,N/A
2025-01-01 10:24:00,624.0,20.731196652105886,20.731196652105886,20.731196652105886,20.731196652105886,0,0,0,0.4353333528264487,zscore,zscore,N/A
2025-01-01 10:25:00,625.0,20.79335623487757,20.79335623487757,20.79335623487757,20.79335623487757,0,0,0,0.10933729827628595,zscore,zscore,N/A
2025-01-01 10:26:00,626.0,20.8486995065176,20.8486995065176,20.8486995065176,20.8486995065176,0,0,0,0.5228963429154734,zscore,zscore,N/A
2025-01-01 10:27:00,627.0,20.79151842258167,20.79151842258167,20.79151842258167,20.79151842258167,0,0,0,0.06682732976414772,zscore,zscore,N/A
2025-01-01 10:28:00,628.0,20.702574035973733,20.702574035973733,20.702574035973733,20.702574035973733,0,0,0,0.8497661333959611,zscore,zscore,N/A
2025-01-01 10:29:00,629.0,20.804664601139155,20.804664601139155,20.804664601139155,20.804664601139155,0,0,0,0.05714623083042211,zscore,zscore,N/A
2025-01-01 10:30:00,630.0,20.94260788873147,20.94260788873147,20.94260788873147,20.94260788873147,0,0,0,1.2271650649667936,zscore,zscore,N/A
2025-01-01 10:31:00,631.0,20.633597855388945,20.633597855388945,20.633597855388945,20.633597855388945,0,0,0,1.3980835411671526,zscore,zscore,N/A
2025-01-01 10:32:00,632.0,20.813532625470728,20.813532625470728,20.813532625470728,20.813532625470728,0,0,0,0.005575005105815788,zscore,zscore,N/A
2025-01-01 10:33:00,633.0,20.69458107615592,20.69458107615592,20.69458107615592,20.69458107615592,0,0,0,0.7161728727551224,zscore,zscore,N/A
2025-01-01 10:34:00,634.0,20.98486821678361,20.98486821678361,20.98486821678361,20.98486821678361,0,0,0,1.2358409266122043,zscore,zscore,N/A
2025-01-01 10:35:00,635.0,20.58314521077542,20.58314521077542,20.58314521077542,20.58314521077542,0,0,0,1.489021200651779,zscore,zscore,N/A
2025-01-01 10:36:00,636.0,20.733796993450344,20.733796993450344,20.733796993450344,20.733796993450344,0,0,0,0.44752978132209587,zscore,zscore,N/A
2025-01-01 10:37:00,637.0,20.880229075848856,20.880229075848856,20.880229075848856,20.880229075848856,0,0,0,0.4728534278632011,zscore,zscore,N/A
2025-01-01 10:38:00,638.0,21.064487923022423,21.064487923022423,21.064487923022423,21.064487923022423,0,0,0,1.6047365332690087,zscore,zscore,N/A
2025-01-01 10:39:00,639.0,20.82580880352442,20.82580880352442,20.82580880352442,20.82580880352442,0,0,0,0.04496389743849196,zscore,zscore,N/A
2025-01-01 10:40:00,640.0,20.758403437729488,20.758403437729488,20.758403437729488,20.758403437729488,0,0,0,0.35856745948554225,zscore,zscore,N/A
2025-01-01 10:41:00,641.0,21.12986895119765,21.12986895119765,21.12986895119765,21.12986895119765,0,0,0,1.9306805951473227,zscore,zscore,N/A
2025-01-01 10:42:00,642.0,20.636505329767225,20.636505329767225,20.636505329767225,20.636505329767225,0,0,0,1.2490930083391054,zscore,zscore,N/A
2025-01-01 10:43:00,643.0,20.529898545384743,20.529898545384743,20.529898545384743,20.529898545384743,0,0,0,1.9340947575794067,zscore,zscore,N/A
2025-01-01 10:44:00,644.0,20.93173363043385,20.93173363043385,20.93173363043385,20.93173363043385,0,0,0,0.379207057197775,zscore,zscore,N/A
2025-01-01 10:45:00,645.0,20.79643535332105,20.79643535332105,20.79643535332105,20.79643535332105,0,0,0,0.33890731729695034,zscore,zscore,N/A
2025-01-01 10:46:00,646.0,20.72457058845244,20.72457058845244,20.72457058845244,20.72457058845244,0,0,0,0.8225929663968009,zscore,zscore,N/A
2025-01-01 10:47:00,647.0,20.990021002165044,20.990021002165044,20.990021002165044,20.990021002165044,0,0,0,0.7546657040545253,zscore,zscore,N/A
2025-01-01 10:48:00,648.0,20.926349666183917,20.926349666183917,20.926349666183917,20.926349666183917,0,0,0,0.34614774522397634,zscore,zscore,N/A
2025-01-01 10:49:00,649.0,20.811179788555823,20.811179788555823,20.811179788555823,20.811179788555823,0,0,0,0.3394437206153887,zscore,zscore,N/A
2025-01-01 10:50:00,650.0,20.709757947413795,20.709757947413795,20.709757947413795,20.709757947413795,0,0,0,0.9964834288775267,zscore,zscore,N/A
2025-01-01 10:51:00,651.0,21.038684230504547,21.038684230504547,21.038684230504547,21.038684230504547,0,0,0,0.9571944702331594,zscore,zscore,N/A
2025-01-01 10:52:00,652.0,21.011357832004418,21.011357832004418,21.011357832004418,21.011357832004418,0,0,0,0.9394060772168731,zscore,zscore,N/A
2025-01-01 10:53:00,653.0,20.90496329979181,20.90496329979181,20.90496329979181,20.90496329979181,0,0,0,0.07177150610719464,zscore,zscore,N/A
2025-01-01 10:54:00,654.0,21.202847252813964,21.202847252813964,21.202847252813964,21.202847252813964,0,0,0,2.081183828256904,zscore,zscore,N/A
2025-01-01 10:55:00,655.0,20.77135101250599,20.77135101250599,20.77135101250599,20.77135101250599,0,0,0,1.0411667977567394,zscore,zscore,N/A
2025-01-01 10:56:00,656.0,20.709046975864297,20.709046975864297,20.709046975864297,20.709046975864297,0,0,0,1.5508067113418875,zscore,zscore,N/A
2025-01-01 10:57:00,657.0,20.840101565068917,20.840101565068917,20.840101565068917,20.840101565068917,0,0,0,0.8031668293617465,zscore,zscore,N/A
2025-01-01 10:58:00,658.0,20.943061897145878,20.943061897145878,20.943061897145878,20.943061897145878,0,0,0,0.11062902012804231,zscore,zscore,N/A
2025-01-01 10:59:00,659.0,20.992412741045698,20.992412741045698,20.992412741045698,20.992412741045698,0,0,0,0.17577380411947713,zscore,zscore,N/A
2025-01-01 11:00:00,660.0,20.925738439016943,20.925738439016943,20.925738439016943,20.925738439016943,0,0,0,0.37942127603751385,zscore,zscore,N/A
2025-01-01 11:01:00,661.0,21.02074418122063,21.02074418122063,21.02074418122063,21.02074418122063,0,0,0,0.1049975574713868,zscore,zscore,N/A
2025-01-01 11:02:00,662.0,20.786216982163012,20.786216982163012,20.786216982163012,20.786216982163012,0,0,0,1.552110690288574,zscore,zscore,N/A
2025-01-01 11:03:00,663.0,21.19652461045067,21.19652461045067,21.19652461045067,21.19652461045067,0,0,0,1.2595794359924215,zscore,zscore,N/A
2025-01-01 11:04:00,664.0,20.97364926712889,20.97364926712889,20.97364926712889,20.97364926712889,0,0,0,0.3201891301796582,zscore,zscore,N/A
2025-01-01 11:05:00,665.0,21.15957834267409,21.15957834267409,21.15957834267409,21.15957834267409,0,0,0,0.9257985834168664,zscore,zscore,N/A
2025-01-01 11:06:00,666.0,21.04940479394062,21.04940479394062,21.04940479394062,21.04940479394062,0,0,0,0.13009469359249273,zscore,zscore,N/A
2025-01-01 11:07:00,667.0,21.07252099890513,21.07252099890513,21.07252099890513,21.07252099890513,0,0,0,0.08516538212169557,zscore,zscore,N/A
2025-01-01 11:08:00,668.0,21.09548513211499,21.09548513211499,21.09548513211499,21.09548513211499,0,0,0,0.1919211104404653,zscore,zscore,N/A
2025-01-01 11:09:00,669.0,21.083188348130854,21.083188348130854,21.083188348130854,21.083188348130854,0,0,0,0.11840571000768385,zscore,zscore,N/A
2025-01-01 11:10:00,670.0,21.118452502156483,21.118452502156483,21.118452502156483,21.118452502156483,0,0,0,0.3560351046924729,zscore,zscore,N/A
2025-01-01 11:11:00,671.0,21.22742899174431,21.22742899174431,21.22742899174431,21.22742899174431,0,0,0,1.2172110665370202,zscore,zscore,N/A
2025-01-01 11:12:00,672.0,21.06354631172777,21.06354631172777,21.06354631172777,21.06354631172777,0,0,0,0.17314528638662957,zscore,zscore,N/A
2025-01-01 11:13:00,673.0,21.14643072395892,21.14643072395892,21.14643072395892,21.14643072395892,0,0,0,0.45822542479352946,zscore,zscore,N/A
2025-01-01 11:14:00,674.0,21.03263183022565,21.03263183022565,21.03263183022565,21.03263183022565,0,0,0,0.513709194756415,zscore,zscore,N/A
2025-01-01 11:15:00,675.0,21.26812179073425,21.26812179073425,21.26812179073425,21.26812179073425,0,0,0,1.559668653135073,zscore,zscore,N/A
2025-01-01 11:16:00,676.0,20.95665738715604,20.95665738715604,20.95665738715604,20.95665738715604,0,0,0,1.009471434080847,zscore,zscore,N/A
2025-01-01 11:17:00,677.0,21.33426932144965,21.06411658796447,21.06411658796447,21.33426932144965,1,1,0,1.9941309163609164,zscore,zscore,N/A
2025-01-01 11:18:00,678.0,21.06411658796447,21.06411658796447,21.06411658796447,21.06411658796447,0,0,0,0.07189435736327326,zscore,zscore,N/A
2025-01-01 11:19:00,679.0,20.86153603929151,20.86153603929151,20.86153603929151,20.86153603929151,0,0,0,1.3607984296127165,zscore,zscore,N/A
2025-01-01 11:20:00,680.0,21.10137999089393,21.10137999089393,21.10137999089393,21.10137999089393,0,0,0,0.2067620620367486,zscore,zscore,N/A
2025-01-01 11:21:00,681.0,20.98601860408418,20.98601860408418,20.98601860408418,20.98601860408418,0,0,0,0.5673440062937932,zscore,zscore,N/A
2025-01-01 11:22:00,682.0,21.220284909101817,21.220284909101817,21.220284909101817,21.220284909101817,0,0,0,1.0279275542222472,zscore,zscore,N/A
2025-01-01 11:23:00,683.0,21.002306803906247,21.002306803906247,21.002306803906247,21.002306803906247,0,0,0,0.42915879397567175,zscore,zscore,N/A
2025-01-01 11:24:00,684.0,21.03928490986748,21.03928490986748,21.03928490986748,21.03928490986748,0,0,0,0.19339213611281336,zscore,zscore,N/A
2025-01-01 11:25:00,685.0,20.828793339255967,20.828793339255967,20.828793339255967,20.828793339255967,0,0,0,1.5451291710144206,zscore,zscore,N/A
2025-01-01 11:26:00,686.0,21.05039052505853,21.05039052505853,21.05039052505853,21.05039052505853,0,0,0,0.14226263783119866,zscore,zscore,N/A
2025-01-01 11:27:00,687.0,20.760666597999645,20.760666597999645,20.760666597999645,20.760666597999645,0,0,0,1.9355834594107688,zscore,zscore,N/A
2025-01-01 11:28:00,688.0,20.892675097519227,20.892675097519227,20.892675097519227,20.892675097519227,0,0,0,1.1677072315328516,zscore,zscore,N/A
2025-01-01 11:29:00,689.0,21.250334743511825,21.250334743511825,21.250334743511825,21.250334743511825,0,0,0,0.9806064374418774,zscore,zscore,N/A
2025-01-01 11:30:00,690.0,21.2601545929359,21.2601545929359,21.2601545929359,21.2601545929359,0,0,0,0.9649214320346708,zscore,zscore,N/A
2025-01-01 11:31:00,691.0,21.21211522745412,21.21211522745412,21.21211522745412,21.21211522745412,0,0,0,0.6966253997769851,zscore,zscore,N/A
2025-01-01 11:32:00,692.0,21.00926219576509,21.00926219576509,21.00926219576509,21.00926219576509,0,0,0,0.5933858536036747,zscore,zscore,N/A
2025-01-01 11:33:00,693.0,21.153163937861265,21.153163937861265,21.153163937861265,21.153163937861265,0,0,0,0.3191414101344854,zscore,zscore,N/A
2025-01-01 11:34:00,694.0,21.165792284467077,21.165792284467077,21.165792284467077,21.165792284467077,0,0,0,0.37873121234377904,zscore,zscore,N/A
2025-01-01 11:35:00,695.0,20.998589985999875,20.998589985999875,20.998589985999875,20.998589985999875,0,0,0,0.7075772807674363,zscore,zscore,N/A
2025-01-01 11:36:00,696.0,21.40386645869193,21.40386645869193,21.40386645869193,21.40386645869193,0,0,0,1.5386407339262411,zscore,zscore,N/A
2025-01-01 11:37:00,697.0,21.3159730810613,21.3159730810613,21.3159730810613,21.3159730810613,0,0,0,0.9156113409850282,zscore,zscore,N/A
2025-01-01 11:38:00,698.0,21.1572361354486,21.1572361354486,21.1572361354486,21.1572361354486,0,0,0,0.13866274674390186,zscore,zscore,N/A
2025-01-01 11:39:00,699.0,21.20042566142032,21.20042566142032,21.20042566142032,21.20042566142032,0,0,0,0.009837598501362744,zscore,zscore,N/A
2025-01-01 11:40:00,700.0,21.23366223081137,21.23366223081137,21.23366223081137,21.23366223081137,0,0,0,0.16186225183841924,zscore,zscore,N/A
2025-01-01 11:41:00,701.0,20.902156603403693,20.902156603403693,20.902156603403693,20.902156603403693,0,0,0,2.0436683390755146,zscore,zscore,N/A
2025-01-01 11:42:00,702.0,21.17735225033734,21.17735225033734,21.17735225033734,21.17735225033734,0,0,0,0.27635157317434456,zscore,zscore,N/A
2025-01-01 11:43:00,703.0,21.118143244563857,21.118143244563857,21.118143244563857,21.118143244563857,0,0,0,0.7471252650712131,zscore,zscore,N/A
2025-01-01 11:44:00,704.0,21.076209904327385,21.076209904327385,21.076209904327385,21.076209904327385,0,0,0,1.0868288423517292,zscore,zscore,N/A
2025-01-01 11:45:00,705.0,21.190299885926827,21.190299885926827,21.190299885926827,21.190299885926827,0,0,0,0.38502000020655697,zscore,zscore,N/A
2025-01-01 11:46:00,706.0,21.508129932935244,21.508129932935244,21.508129932935244,21.508129932935244,0,0,0,1.6446254161752063,zscore,zscore,N/A
2025-01-01 11:47:00,707.0,21.34061540714596,21.34061540714596,21.34061540714596,21.34061540714596,0,0,0,0.4933383822961723,zscore,zscore,N/A
2025-01-01 11:48:00,708.0,21.16482415353659,21.16482415353659,21.16482415353659,21.16482415353659,0,0,0,0.7384564221044557,zscore,zscore,N/A
2025-01-01 11:49:00,709.0,21.342400443255528,21.342400443255528,21.342400443255528,21.342400443255528,0,0,0,0.4188082264659653,zscore,zscore,N/A
2025-01-01 11:50:00,710.0,21.4724283655881,21.4724283655881,21.4724283655881,21.4724283655881,0,0,0,1.1345550561761655,zscore,zscore,N/A
2025-01-01 11:51:00,711.0,21.40723212658521,21.40723212658521,21.40723212658521,21.40723212658521,0,0,0,0.6793758636718581,zscore,zscore,N/A
2025-01-01 11:52:00,712.0,21.283493653684417,21.283493653684417,21.283493653684417,21.283493653684417,0,0,0,0.3651553435334822,zscore,zscore,N/A
2025-01-01 11:53:00,713.0,21.18352060558865,21.18352060558865,21.18352060558865,21.18352060558865,0,0,0,1.0911921652574876,zscore,zscore,N/A
2025-01-01 11:54:00,714.0,21.391306643334623,21.391306643334623,21.391306643334623,21.391306643334623,0,0,0,0.19710200788023868,zscore,zscore,N/A
2025-01-01 11:55:00,715.0,21.351607978153947,21.351607978153947,21.351607978153947,21.351607978153947,0,0,0,0.19824016172555417,zscore,zscore,N/A
2025-01-01 11:56:00,716.0,21.43287617739293,21.43287617739293,21.43287617739293,21.43287617739293,0,0,0,0.41461886360099715,zscore,zscore,N/A
2025-01-01 11:57:00,717.0,21.39988498868917,21.39988498868917,21.39988498868917,21.39988498868917,0,0,0,0.23795984762334063,zscore,zscore,N/A
2025-01-01 11:58:00,718.0,21.46805414978287,21.46805414978287,21.46805414978287,21.46805414978287,0,0,0,0.7938905622180159,zscore,zscore,N/A
2025-01-01 11:59:00,719.0,21.236347984798982,21.236347984798982,21.236347984798982,21.236347984798982,0,0,0,1.2615895065395262,zscore,zscore,N/A
2025-01-01 12:00:00,720.0,21.520254400426317,21.520254400426317,21.520254400426317,21.520254400426317,0,0,0,1.129320080193938,zscore,zscore,N/A
2025-01-01 12:01:00,721.0,21.35829725533312,21.35829725533312,21.35829725533312,21.35829725533312,0,0,0,0.1885275047065138,zscore,zscore,N/A
2025-01-01 12:02:00,722.0,21.645958469571145,21.645958469571145,21.645958469571145,21.645958469571145,0,0,0,2.288261733213177,zscore,zscore,N/A
2025-01-01 12:03:00,723.0,21.237303190012017,21.237303190012017,21.237303190012017,21.237303190012017,0,0,0,1.206469674450661,zscore,zscore,N/A
2025-01-01 12:04:00,724.0,21.607087957248336,21.607087957248336,21.607087957248336,21.607087957248336,0,0,0,1.3376250610129716,zscore,zscore,N/A
2025-01-01 12:05:00,725.0,21.38239202834104,21.38239202834104,21.38239202834104,21.38239202834104,0,0,0,0.32781655110323504,zscore,zscore,N/A
2025-01-01 12:06:00,726.0,21.26100473432757,21.26100473432757,21.26100473432757,21.26100473432757,0,0,0,1.244465326644015,zscore,zscore,N/A
2025-01-01 12:07:00,727.0,21.29214658380969,21.29214658380969,21.29214658380969,21.29214658380969,0,0,0,1.0197709105529333,zscore,zscore,N/A
2025-01-01 12:08:00,728.0,21.322689386736783,21.322689386736783,21.322689386736783,21.322689386736783,0,0,0,0.8320488273688024,zscore,zscore,N/A
2025-01-01 12:09:00,729.0,21.44037839897432,21.44037839897432,21.44037839897432,21.44037839897432,0,0,0,0.0838561973920054,zscore,zscore,N/A
2025-01-01 12:10:00,730.0,21.46119085426745,21.46119085426745,21.46119085426745,21.46119085426745,0,0,0,0.1829210490162173,zscore,zscore,N/A
2025-01-01 12:11:00,731.0,21.302722554519438,21.302722554519438,21.302722554519438,21.302722554519438,0,0,0,0.8312571064789024,zscore,zscore,N/A
2025-01-01 12:12:00,732.0,21.39113639031917,21.39113639031917,21.39113639031917,21.39113639031917,0,0,0,0.26212442308346723,zscore,zscore,N/A
2025-01-01 12:13:00,733.0,21.722142156998192,21.722142156998192,21.722142156998192,21.722142156998192,0,0,0,2.1584478904452786,zscore,zscore,N/A
2025-01-01 12:14:00,734.0,21.665945102769616,21.665945102769616,21.665945102769616,21.665945102769616,0,0,0,1.7770564666360806,zscore,zscore,N/A
2025-01-01 12:15:00,735.0,21.47827420175371,21.47827420175371,21.47827420175371,21.47827420175371,0,0,0,0.2968762160514735,zscore,zscore,N/A
2025-01-01 12:16:00,736.0,21.424538197075933,21.424538197075933,21.424538197075933,21.424538197075933,0,0,0,0.056920118375024656,zscore,zscore,N/A
2025-01-01 12:17:00,737.0,21.44285439840654,21.44285439840654,21.44285439840654,21.44285439840654,0,0,0,0.07028889269207828,zscore,zscore,N/A
2025-01-01 12:18:00,738.0,21.522889419356456,21.522889419356456,21.522889419356456,21.522889419356456,0,0,0,0.564387419586942,zscore,zscore,N/A
2025-01-01 12:19:00,739.0,21.283454862715228,21.283454862715228,21.283454862715228,21.283454862715228,0,0,0,1.2241939348487922,zscore,zscore,N/A
2025-01-01 12:20:00,740.0,21.404279290929583,21.404279290929583,21.404279290929583,21.404279290929583,0,0,0,0.44859560398318077,zscore,zscore,N/A
2025-01-01 12:21:00,741.0,21.198610184509544,21.198610184509544,21.198610184509544,21.198610184509544,0,0,0,1.750409903255466,zscore,zscore,N/A
2025-01-01 12:22:00,742.0,21.51479328803007,21.51479328803007,21.51479328803007,21.51479328803007,0,0,0,0.14725399342855555,zscore,zscore,N/A
2025-01-01 12:23:00,743.0,21.558001234642784,21.558001234642784,21.558001234642784,21.558001234642784,0,0,0,0.3871523742524768,zscore,zscore,N/A
2025-01-01 12:24:00,744.0,21.394455898390564,21.394455898390564,21.394455898390564,21.394455898390564,0,0,0,0.624040439646535,zscore,zscore,N/A
2025-01-01 12:25:00,745.0,21.70904390627707,21.70904390627707,21.70904390627707,21.70904390627707,0,0,0,1.4994414399648395,zscore,zscore,N/A
2025-01-01 12:26:00,746.0,21.295093066381312,21.295093066381312,21.295093066381312,21.295093066381312,0,0,0,1.3157377486963064,zscore,zscore,N/A
2025-01-01 12:27:00,747.0,21.26531370784829,21.26531370784829,21.26531370784829,21.26531370784829,0,0,0,1.4333632942773862,zscore,zscore,N/A
2025-01-01 12:28:00,748.0,21.52464973671185,21.52464973671185,21.52464973671185,21.52464973671185,0,0,0,0.11995941491992883,zscore,zscore,N/A
2025-01-01 12:29:00,749.0,21.654058733367776,21.654058733367776,21.654058733367776,21.654058733367776,0,0,0,0.784886602683059,zscore,zscore,N/A
2025-01-01 12:30:00,750.0,21.75559516574273,21.75559516574273,21.75559516574273,21.75559516574273,0,0,0,1.3701417241849365,zscore,zscore,N/A
2025-01-01 12:31:00,751.0,21.440185396641805,21.440185396641805,21.440185396641805,21.440185396641805,0,0,0,0.5701971097517621,zscore,zscore,N/A
2025-01-01 12:32:00,752.0,21.67683218513493,21.67683218513493,21.67683218513493,21.67683218513493,0,0,0,0.7932392445099226,zscore,zscore,N/A
2025-01-01 12:33:00,753.0,21.51526581374323,21.51526581374323,21.51526581374323,21.51526581374323,0,0,0,0.3100166765950451,zscore,zscore,N/A
2025-01-01 12:34:00,754.0,21.50116001322531,21.50116001322531,21.50116001322531,21.50116001322531,0,0,0,0.38524295090812033,zscore,zscore,N/A
2025-01-01 12:35:00,755.0,21.66561512288753,21.66561512288753,21.66561512288753,21.66561512288753,0,0,0,0.6848613733057606,zscore,zscore,N/A
2025-01-01 12:36:00,756.0,21.63692658807464,21.63692658807464,21.63692658807464,21.63692658807464,0,0,0,0.5398218280871991,zscore,zscore,N/A
2025-01-01 12:37:00,757.0,21.308631356813084,21.308631356813084,21.308631356813084,21.308631356813084,0,0,0,1.9613618928891865,zscore,zscore,N/A
2025-01-01 12:38:00,758.0,21.7725832568677,21.7725832568677,21.7725832568677,21.7725832568677,0,0,0,1.398431937578867,zscore,zscore,N/A
2025-01-01 12:39:00,759.0,21.764127931579036,21.764127931579036,21.764127931579036,21.764127931579036,0,0,0,1.3239939202450084,zscore,zscore,N/A
2025-01-01 12:40:00,760.0,21.469291847278583,21.469291847278583,21.469291847278583,21.469291847278583,0,0,0,1.1211989206269153,zscore,zscore,N/A
2025-01-01 12:41:00,761.0,21.62850880656872,21.62850880656872,21.62850880656872,21.62850880656872,0,0,0,0.3188820039594325,zscore,zscore,N/A
2025-01-01 12:42:00,762.0,21.64925482854361,21.64925482854361,21.64925482854361,21.64925482854361,0,0,0,0.3321613988478113,zscore,zscore,N/A
2025-01-01 12:43:00,763.0,21.620263389522883,21.620263389522883,21.620263389522883,21.620263389522883,0,0,0,0.22455677580059857,zscore,zscore,N/A
2025-01-01 12:44:00,764.0,21.504628575620583,21.504628575620583,21.504628575620583,21.504628575620583,0,0,0,0.5416477685724416,zscore,zscore,N/A
2025-01-01 12:45:00,765.0,21.492442867554782,21.492442867554782,21.492442867554782,21.492442867554782,0,0,0,0.613350049696649,zscore,zscore,N/A
2025-01-01 12:46:00,766.0,21.59536528614487,21.59536528614487,21.59536528614487,21.59536528614487,0,0,0,0.10696602678001658,zscore,zscore,N/A
2025-01-01 12:47:00,767.0,21.781119773730587,21.781119773730587,21.781119773730587,21.781119773730587,0,0,0,1.1599759667205858,zscore,zscore,N/A
2025-01-01 12:48:00,768.0,21.692762468078943,21.692762468078943,21.692762468078943,21.692762468078943,0,0,0,0.5880435298140552,zscore,zscore,N/A
2025-01-01 12:49:00,769.0,21.56164231912496,21.56164231912496,21.56164231912496,21.56164231912496,0,0,0,0.2527205683198982,zscore,zscore,N/A
2025-01-01 12:50:00,770.0,21.739001299583222,21.739001299583222,21.739001299583222,21.739001299583222,0,0,0,0.9623862338732244,zscore,zscore,N/A
2025-01-01 12:51:00,771.0,21.20197712393956,21.620263389522883,21.20197712393956,21.20197712393956,1,0,0,2.7216800605579747,zscore,zscore,N/A
2025-01-01 12:52:00,772.0,21.80758539613798,21.80758539613798,21.80758539613798,21.80758539613798,0,0,0,1.2832660700394405,zscore,zscore,N/A
2025-01-01 12:53:00,773.0,21.380325498313542,21.380325498313542,21.380325498313542,21.380325498313542,0,0,0,1.4844156558760806,zscore,zscore,N/A
2025-01-01 12:54:00,774.0,21.59292844796789,21.59292844796789,21.59292844796789,21.59292844796789,0,0,0,0.15576268523930542,zscore,zscore,N/A
2025-01-01 12:55:00,775.0,21.48535612903253,21.48535612903253,21.48535612903253,21.48535612903253,0,0,0,0.8716004878283968,zscore,zscore,N/A
2025-01-01 12:56:00,776.0,21.465116415916413,21.465116415916413,21.465116415916413,21.465116415916413,0,0,0,0.9947981613627419,zscore,zscore,N/A
2025-01-01 12:57:00,777.0,21.839454679429423,21.839454679429423,21.839454679429423,21.839454679429423,0,0,0,1.325853106524111,zscore,zscore,N/A
2025-01-01 12:58:00,778.0,21.60118750517396,21.60118750517396,21.60118750517396,21.60118750517396,0,0,0,0.2007631310210522,zscore,zscore,N/A
2025-01-01 12:59:00,779.0,21.729330291678444,21.729330291678444,21.729330291678444,21.729330291678444,0,0,0,0.4787358700828801,zscore,zscore,N/A
2025-01-01 13:00:00,780.0,21.676328646635056,21.676328646635056,21.676328646635056,21.676328646635056,0,0,0,0.1477217739730919,zscore,zscore,N/A
2025-01-01 13:01:00,781.0,21.760934881598494,21.760934881598494,21.760934881598494,21.760934881598494,0,0,0,0.6377829685277413,zscore,zscore,N/A
2025-01-01 13:02:00,782.0,21.706914065222165,21.706914065222165,21.706914065222165,21.706914065222165,0,0,0,0.2375782029390749,zscore,zscore,N/A
2025-01-01 13:03:00,783.0,21.508953971982937,21.508953971982937,21.508953971982937,21.508953971982937,0,0,0,1.0499875056698595,zscore,zscore,N/A
2025-01-01 13:04:00,784.0,21.856854852576387,21.856854852576387,21.856854852576387,21.856854852576387,0,0,0,0.9717948413682552,zscore,zscore,N/A
2025-01-01 13:05:00,785.0,21.639363366233216,21.639363366233216,21.639363366233216,21.639363366233216,0,0,0,0.5030568755689285,zscore,zscore,N/A
2025-01-01 13:06:00,786.0,21.48595159295655,21.48595159295655,21.48595159295655,21.48595159295655,0,0,0,1.6539379378158747,zscore,zscore,N/A
2025-01-01 13:07:00,787.0,21.66123362765872,21.66123362765872,21.66123362765872,21.66123362765872,0,0,0,0.671969112732216,zscore,zscore,N/A
2025-01-01 13:08:00,788.0,21.956576894446847,21.956576894446847,21.956576894446847,21.956576894446847,0,0,0,1.4654450648481583,zscore,zscore,N/A
2025-01-01 13:09:00,789.0,21.86500821121682,21.86500821121682,21.86500821121682,21.86500821121682,0,0,0,0.7759849193288197,zscore,zscore,N/A
2025-01-01 13:10:00,790.0,21.69118915378672,21.69118915378672,21.69118915378672,21.69118915378672,0,0,0,0.5280847970717849,zscore,zscore,N/A
2025-01-01 13:11:00,791.0,21.69711034234823,21.69711034234823,21.69711034234823,21.69711034234823,0,0,0,0.5338145889437365,zscore,zscore,N/A
2025-01-01 13:12:00,792.0,21.70726576436148,21.70726576436148,21.70726576436148,21.70726576436148,0,0,0,0.5013703600867082,zscore,zscore,N/A
2025-01-01 13:13:00,793.0,22.073035243626308,22.073035243626308,22.073035243626308,22.073035243626308,0,0,0,2.1055618169873447,zscore,zscore,N/A
2025-01-01 13:14:00,794.0,21.82482538797501,21.82482538797501,21.82482538797501,21.82482538797501,0,0,0,0.17203166602518252,zscore,zscore,N/A
2025-01-01 13:15:00,795.0,21.83805334126704,21.83805334126704,21.83805334126704,21.83805334126704,0,0,0,0.29027946236256497,zscore,zscore,N/A
2025-01-01 13:16:00,796.0,21.93410163634125,21.93410163634125,21.93410163634125,21.93410163634125,0,0,0,1.0074301264034764,zscore,zscore,N/A
2025-01-01 13:17:00,797.0,21.821389516138545,21.821389516138545,21.821389516138545,21.821389516138545,0,0,0,0.06264450093126628,zscore,zscore,N/A
2025-01-01 13:18:00,798.0,21.75272684445956,21.75272684445956,21.75272684445956,21.75272684445956,0,0,0,0.6697527222025316,zscore,zscore,N/A
2025-01-01 13:19:00,799.0,21.768142713018012,21.768142713018012,21.768142713018012,21.768142713018012,0,0,0,0.5257655649632939,zscore,zscore,N/A
2025-01-01 13:20:00,800.0,21.79286702551675,21.79286702551675,21.79286702551675,21.79286702551675,0,0,0,0.34931394524225867,zscore,zscore,N/A
2025-01-01 13:21:00,801.0,21.80403590300048,21.80403590300048,21.80403590300048,21.80403590300048,0,0,0,0.12789119943010696,zscore,zscore,N/A
2025-01-01 13:22:00,802.0,21.9247756940706,21.9247756940706,21.9247756940706,21.9247756940706,0,0,0,0.4903533336379319,zscore,zscore,N/A
2025-01-01 13:23:00,803.0,21.82943516944424,21.82943516944424,21.82943516944424,21.82943516944424,0,0,0,0.1505851606614085,zscore,zscore,N/A
2025-01-01 13:24:00,804.0,21.93755132220358,21.93755132220358,21.93755132220358,21.93755132220358,0,0,0,0.5442267538055868,zscore,zscore,N/A
2025-01-01 13:25:00,805.0,21.82155984765305,21.82155984765305,21.82155984765305,21.82155984765305,0,0,0,0.16784518847360363,zscore,zscore,N/A
2025-01-01 13:26:00,806.0,21.85147463726485,21.85147463726485,21.85147463726485,21.85147463726485,0,0,0,0.02478535716866865,zscore,zscore,N/A
2025-01-01 13:27:00,807.0,21.545961280085717,21.545961280085717,21.545961280085717,21.545961280085717,0,0,0,1.8569711089425585,zscore,zscore,N/A
2025-01-01 13:28:00,808.0,21.989152558019,21.989152558019,21.989152558019,21.989152558019,0,0,0,0.8812800721429613,zscore,zscore,N/A
2025-01-01 13:29:00,809.0,21.909688702246424,21.909688702246424,21.909688702246424,21.909688702246424,0,0,0,0.23512424994286518,zscore,zscore,N/A
2025-01-01 13:30:00,810.0,22.01342897138877,22.01342897138877,22.01342897138877,22.01342897138877,0,0,0,0.7919248253522414,zscore,zscore,N/A
2025-01-01 13:31:00,811.0,21.43530117222886,21.43530117222886,21.89524533527628,21.43530117222886,0,1,0,2.5387944342458053,zscore,zscore,N/A
2025-01-01 13:32:00,812.0,22.18900770872312,22.18900770872312,22.18900770872312,22.18900770872312,0,0,0,1.642032810389217,zscore,zscore,N/A
2025-01-01 13:33:00,813.0,21.860825082830832,21.860825082830832,21.860825082830832,21.860825082830832,0,0,0,0.2106289465073072,zscore,zscore,N/A
2025-01-01 13:34:00,814.0,22.054002973612832,22.054002973612832,22.054002973612832,22.054002973612832,0,0,0,0.8195436609121062,zscore,zscore,N/A
2025-01-01 13:35:00,815.0,21.737801686081472,21.737801686081472,21.737801686081472,21.737801686081472,0,0,0,0.9399299589426059,zscore,zscore,N/A
2025-01-01 13:36:00,816.0,21.991715684957786,21.991715684957786,21.991715684957786,21.991715684957786,0,0,0,0.2932692814711928,zscore,zscore,N/A
2025-01-01 13:37:00,817.0,21.747799288770445,21.747799288770445,21.747799288770445,21.747799288770445,0,0,0,0.9500967643595823,zscore,zscore,N/A
2025-01-01 13:38:00,818.0,21.81825830319022,21.81825830319022,21.81825830319022,21.81825830319022,0,0,0,0.7847810509200374,zscore,zscore,N/A
2025-01-01 13:39:00,819.0,22.204940374422705,22.204940374422705,22.204940374422705,22.204940374422705,0,0,0,1.2964126910297173,zscore,zscore,N/A
2025-01-01 13:40:00,820.0,21.89524533527628,21.89524533527628,21.89524533527628,21.89524533527628,0,0,0,0.44146766476258414,zscore,zscore,N/A
2025-01-01 13:41:00,821.0,21.962474650415835,21.962474650415835,21.962474650415835,21.962474650415835,0,0,0,0.11934626707416647,zscore,zscore,N/A
2025-01-01 13:42:00,822.0,22.06638190309029,22.06638190309029,22.06638190309029,22.06638190309029,0,0,0,0.3364165957299978,zscore,zscore,N/A
2025-01-01 13:43:00,823.0,22.01623605073096,22.01623605073096,22.01623605073096,22.01623605073096,0,0,0,0.11299531311993037,zscore,zscore,N/A
2025-01-01 13:44:00,824.0,21.970458627354702,21.970458627354702,21.970458627354702,21.970458627354702,0,0,0,0.3107215212077808,zscore,zscore,N/A
2025-01-01 13:45:00,825.0,22.0086519660012,22.0086519660012,22.0086519660012,22.0086519660012,0,0,0,0.003332046088283584,zscore,zscore,N/A
2025-01-01 13:46:00,826.0,22.3204321774651,22.3204321774651,22.3204321774651,22.3204321774651,0,0,0,2.0295376317729747,zscore,zscore,N/A
2025-01-01 13:47:00,827.0,21.957289044172416,21.957289044172416,21.957289044172416,21.957289044172416,0,0,0,0.4236451253766142,zscore,zscore,N/A
2025-01-01 13:48:00,828.0,22.0021087447828,22.0021087447828,22.0021087447828,22.0021087447828,0,0,0,0.22939938928222503,zscore,zscore,N/A
2025-01-01 13:49:00,829.0,22.135554071224792,22.135554071224792,22.135554071224792,22.135554071224792,0,0,0,0.7095695962822911,zscore,zscore,N/A
2025-01-01 13:50:00,830.0,22.14979682581544,22.14979682581544,22.14979682581544,22.14979682581544,0,0,0,0.8970345514616528,zscore,zscore,N/A
2025-01-01 13:51:00,831.0,22.168034505753894,22.168034505753894,22.168034505753894,22.168034505753894,0,0,0,0.9905771943009122,zscore,zscore,N/A
2025-01-01 13:52:00,832.0,22.09180151727232,22.09180151727232,22.09180151727232,22.09180151727232,0,0,0,0.19540635219095054,zscore,zscore,N/A
2025-01-01 13:53:00,833.0,21.83055327110646,22.08739051385013,21.83055327110646,21.83055327110646,1,0,0,1.8662610760376264,zscore,zscore,N/A
2025-01-01 13:54:00,834.0,22.25303076190929,22.25303076190929,22.25303076190929,22.25303076190929,0,0,0,1.4249816516860918,zscore,zscore,N/A
2025-01-01 13:55:00,835.0,21.842076247159422,21.842076247159422,21.842076247159422,21.842076247159422,0,0,0,1.8541304080855492,zscore,zscore,N/A
2025-01-01 13:56:00,836.0,22.06543539994617,22.06543539994617,22.06543539994617,22.06543539994617,0,0,0,0.2163371546197285,zscore,zscore,N/A
2025-01-01 13:57:00,837.0,21.912910726705515,21.912910726705515,21.912910726705515,21.912910726705515,0,0,0,1.2456491768941418,zscore,zscore,N/A
2025-01-01 13:58:00,838.0,22.022443376267567,22.022443376267567,22.022443376267567,22.022443376267567,0,0,0,0.4866170473334123,zscore,zscore,N/A
2025-01-01 13:59:00,839.0,22.08739051385013,22.08739051385013,22.08739051385013,22.08739051385013,0,0,0,0.056462909980799156,zscore,zscore,N/A
2025-01-01 14:00:00,840.0,22.09229175867025,22.09229175867025,22.09229175867025,22.09229175867025,0,0,0,0.00919090323162298,zscore,zscore,N/A
2025-01-01 14:01:00,841.0,22.113388313536092,22.113388313536092,22.113388313536092,22.113388313536092,0,0,0,0.10407076489183217,zscore,zscore,N/A
2025-01-01 14:02:00,842.0,22.298168914807697,22.298168914807697,22.298168914807697,22.298168914807697,0,0,0,1.4794643190162278,zscore,zscore,N/A
2025-01-01 14:03:00,843.0,22.13015439372409,22.13015439372409,22.13015439372409,22.13015439372409,0,0,0,0.2352416947353316,zscore,zscore,N/A
2025-01-01 14:04:00,844.0,22.031512777251493,22.031512777251493,22.031512777251493,22.031512777251493,0,0,0,0.6411491169918236,zscore,zscore,N/A
2025-01-01 14:05:00,845.0,22.21876137183644,22.21876137183644,22.21876137183644,22.21876137183644,0,0,0,0.9483795945776106,zscore,zscore,N/A
2025-01-01 14:06:00,846.0,22.25858089397998,22.25858089397998,22.25858089397998,22.25858089397998,0,0,0,1.353757172256021,zscore,zscore,N/A
2025-01-01 14:07:00,847.0,21.90203117241883,21.90203117241883,21.90203117241883,21.90203117241883,0,0,0,1.7676320337129918,zscore,zscore,N/A
2025-01-01 14:08:00,848.0,22.181794379214956,22.181794379214956,22.181794379214956,22.181794379214956,0,0,0,0.44196665514776,zscore,zscore,N/A
2025-01-01 14:09:00,849.0,22.20337230413221,22.20337230413221,22.20337230413221,22.20337230413221,0,0,0,0.617469743226441,zscore,zscore,N/A
2025-01-01 14:10:00,850.0,22.05957389132967,22.05957389132967,22.05957389132967,22.05957389132967,0,0,0,0.529396447274901,zscore,zscore,N/A
2025-01-01 14:11:00,851.0,22.31657646287851,22.31657646287851,22.31657646287851,22.31657646287851,0,0,0,1.4847000664040375,zscore,zscore,N/A
2025-01-01 14:12:00,852.0,22.093724126874974,22.093724126874974,22.093724126874974,22.093724126874974,0,0,0,0.1314294296615467,zscore,zscore,N/A
2025-01-01 14:13:00,853.0,22.141080956998685,22.141080956998685,22.141080956998685,22.141080956998685,0,0,0,0.3330872815612876,zscore,zscore,N/A
2025-01-01 14:14:00,854.0,22.10229573938347,22.10229573938347,22.10229573938347,22.10229573938347,0,0,0,0.05939723850459408,zscore,zscore,N/A
2025-01-01 14:15:00,855.0,22.13660539421137,22.13660539421137,22.13660539421137,22.13660539421137,0,0,0,0.06556893141872436,zscore,zscore,N/A
2025-01-01 14:16:00,856.0,21.97583929808797,21.97583929808797,21.97583929808797,21.97583929808797,0,0,0,0.922826132629914,zscore,zscore,N/A
2025-01-01 14:17:00,857.0,21.9302849527812,21.9302849527812,21.9302849527812,21.9302849527812,0,0,0,1.1388163307676884,zscore,zscore,N/A
2025-01-01 14:18:00,858.0,22.391480368702183,22.391480368702183,22.391480368702183,22.391480368702183,0,0,0,1.329627669031157,zscore,zscore,N/A
2025-01-01 14:19:00,859.0,22.031272431018785,22.031272431018785,22.031272431018785,22.031272431018785,0,0,0,0.7000257210060518,zscore,zscore,N/A
2025-01-01 14:20:00,860.0,22.015619804896183,22.015619804896183,22.015619804896183,22.015619804896183,0,0,0,0.6523786324206937,zscore,zscore,N/A
2025-01-01 14:21:00,861.0,21.847332164322168,21.847332164322168,21.847332164322168,21.847332164322168,0,0,0,1.5117892676581695,zscore,zscore,N/A
2025-01-01 14:22:00,862.0,22.0805084432574,22.0805084432574,22.0805084432574,22.0805084432574,0,0,0,0.3307048533716773,zscore,zscore,N/A
2025-01-01 14:23:00,863.0,21.983901260447794,21.983901260447794,21.983901260447794,21.983901260447794,0,0,0,0.7649691690986903,zscore,zscore,N/A
2025-01-01 14:24:00,864.0,22.43467902752747,22.43467902752747,22.43467902752747,22.43467902752747,0,0,0,1.2799236309051,zscore,zscore,N/A
2025-01-01 14:25:00,865.0,22.345861340956507,22.345861340956507,22.345861340956507,22.345861340956507,0,0,0,0.6905711015593498,zscore,zscore,N/A
2025-01-01 14:26:00,866.0,22.09717824982655,22.09717824982655,22.09717824982655,22.09717824982655,0,0,0,0.40872655479708436,zscore,zscore,N/A
2025-01-01 14:27:00,867.0,22.54427819645295,22.54427819645295,22.54427819645295,22.54427819645295,0,0,0,1.3591017731298443,zscore,zscore,N/A
2025-01-01 14:28:00,868.0,22.35968967274814,22.35968967274814,22.35968967274814,22.35968967274814,0,0,0,0.5265887473949515,zscore,zscore,N/A
2025-01-01 14:29:00,869.0,22.169712166221203,22.169712166221203,22.169712166221203,22.169712166221203,0,0,0,0.28350250772484875,zscore,zscore,N/A
2025-01-01 14:30:00,870.0,21.849538040564557,21.849538040564557,21.849538040564557,21.849538040564557,0,0,0,1.732603478467912,zscore,zscore,N/A
2025-01-01 14:31:00,871.0,22.574102307732296,22.574102307732296,22.574102307732296,22.574102307732296,0,0,0,1.3391930913444183,zscore,zscore,N/A
2025-01-01 14:32:00,872.0,22.028037075877243,22.028037075877243,22.028037075877243,22.028037075877243,0,0,0,1.2695572646969808,zscore,zscore,N/A
2025-01-01 14:33:00,873.0,21.995675157896347,21.995675157896347,21.995675157896347,21.995675157896347,0,0,0,1.5140618319654606,zscore,zscore,N/A
2025-01-01 14:34:00,874.0,22.401882558789424,22.401882558789424,22.401882558789424,22.401882558789424,0,0,0,0.4738767033536909,zscore,zscore,N/A
2025-01-01 14:35:00,875.0,22.62047187898696,22.62047187898696,22.62047187898696,22.62047187898696,0,0,0,1.6764536354307424,zscore,zscore,N/A
2025-01-01 14:36:00,876.0,22.468161964860744,22.468161964860744,22.468161964860744,22.468161964860744,0,0,0,0.9103374868856412,zscore,zscore,N/A
2025-01-01 14:37:00,877.0,22.35111943414012,22.35111943414012,22.35111943414012,22.35111943414012,0,0,0,0.26494197179791756,zscore,zscore,N/A
2025-01-01 14:38:00,878.0,22.36175824143016,22.36175824143016,22.36175824143016,22.36175824143016,0,0,0,0.42563286941832934,zscore,zscore,N/A
2025-01-01 14:39:00,879.0,22.406569448045506,22.406569448045506,22.406569448045506,22.406569448045506,0,0,0,0.7154367160401818,zscore,zscore,N/A
2025-01-01 14:40:00,880.0,22.398408426744567,22.398408426744567,22.398408426744567,22.398408426744567,0,0,0,0.6205570500542286,zscore,zscore,N/A
2025-01-01 14:41:00,881.0,22.33275987592005,22.33275987592005,22.33275987592005,22.33275987592005,0,0,0,0.0888466257831949,zscore,zscore,N/A
2025-01-01 14:42:00,882.0,22.312223351965528,22.312223351965528,22.312223351965528,22.312223351965528,0,0,0,0.012905975296304476,zscore,zscore,N/A
2025-01-01 14:43:00,883.0,22.293216241235918,22.293216241235918,22.293216241235918,22.293216241235918,0,0,0,0.16868486124638032,zscore,zscore,N/A
2025-01-01 14:44:00,884.0,22.195522546138932,22.195522546138932,22.195522546138932,22.195522546138932,0,0,0,0.9798786557425755,zscore,zscore,N/A
2025-01-01 14:45:00,885.0,22.272527996987016,22.272527996987016,22.272527996987016,22.272527996987016,0,0,0,0.4413112178885679,zscore,zscore,N/A
2025-01-01 14:46:00,886.0,22.066697760435822,22.066697760435822,22.066697760435822,22.066697760435822,0,0,0,1.9521360445912952,zscore,zscore,N/A
2025-01-01 14:47:00,887.0,22.31190236259401,22.31190236259401,22.31190236259401,22.31190236259401,0,0,0,0.005503998216913666,zscore,zscore,N/A
2025-01-01 14:48:00,888.0,22.184376664588683,22.184376664588683,22.184376664588683,22.184376664588683,0,0,0,1.033114064135406,zscore,zscore,N/A
2025-01-01 14:49:00,889.0,22.17313895712705,22.17313895712705,22.17313895712705,22.17313895712705,0,0,0,1.0781447634204757,zscore,zscore,N/A
2025-01-01 14:50:00,890.0,22.371673501430536,22.371673501430536,22.371673501430536,22.371673501430536,0,0,0,0.45647622246782216,zscore,zscore,N/A
2025-01-01 14:51:00,891.0,22.559501745757306,22.559501745757306,22.559501745757306,22.559501745757306,0,0,0,1.97440003126484,zscore,zscore,N/A
2025-01-01 14:52:00,892.0,22.49446091775405,22.49446091775405,22.49446091775405,22.49446091775405,0,0,0,1.4752847831074531,zscore,zscore,N/A
2025-01-01 14:53:00,893.0,22.127150360358325,22.127150360358325,22.127150360358325,22.127150360358325,0,0,0,1.368515465377814,zscore,zscore,N/A
2025-01-01 14:54:00,894.0,22.220293254464348,22.220293254464348,22.220293254464348,22.220293254464348,0,0,0,0.6271155889226073,zscore,zscore,N/A
2025-01-01 14:55:00,895.0,22.51586517719623,22.51586517719623,22.51586517719623,22.51586517719623,0,0,0,1.3906542417153993,zscore,zscore,N/A
2025-01-01 14:56:00,896.0,22.233388414015348,22.233388414015348,22.233388414015348,22.233388414015348,0,0,0,0.6690109315754131,zscore,zscore,N/A
2025-01-01 14:57:00,897.0,22.353078574594637,22.353078574594637,22.353078574594637,22.353078574594637,0,0,0,0.018845043820809856,zscore,zscore,N/A
2025-01-01 14:58:00,898.0,22.475293385995965,22.475293385995965,22.475293385995965,22.475293385995965,0,0,0,0.8421968777931819,zscore,zscore,N/A
2025-01-01 14:59:00,899.0,22.25354592696084,22.25354592696084,22.25354592696084,22.25354592696084,0,0,0,0.8722472409090605,zscore,zscore,N/A
2025-01-01 15:00:00,900.0,22.42061594516037,22.42061594516037,22.42061594516037,22.42061594516037,0,0,0,0.17187648650418996,zscore,zscore,N/A
2025-01-01 15:01:00,901.0,22.210717819048845,22.210717819048845,22.210717819048845,22.210717819048845,0,0,0,1.333340421914589,zscore,zscore,N/A
2025-01-01 15:02:00,902.0,22.326628520741988,22.326628520741988,22.326628520741988,22.326628520741988,0,0,0,0.49699548600856397,zscore,zscore,N/A
2025-01-01 15:03:00,903.0,22.470812981504142,22.470812981504142,22.470812981504142,22.470812981504142,0,0,0,0.5142891971184288,zscore,zscore,N/A
2025-01-01 15:04:00,904.0,22.189908655401112,22.470812981504142,22.189908655401112,22.189908655401112,1,0,0,1.7608273620310317,zscore,zscore,N/A
2025-01-01 15:05:00,905.0,22.500940950173018,22.500940950173018,22.500940950173018,22.500940950173018,0,0,0,0.5881678781663409,zscore,zscore,N/A
2025-01-01 15:06:00,906.0,22.43793609368805,22.43793609368805,22.43793609368805,22.43793609368805,0,0,0,0.11903958471682652,zscore,zscore,N/A
2025-01-01 15:07:00,907.0,22.529767280737723,22.529767280737723,22.529767280737723,22.529767280737723,0,0,0,0.8681102947874877,zscore,zscore,N/A
2025-01-01 15:08:00,908.0,22.486492931732947,22.486492931732947,22.486492931732947,22.486492931732947,0,0,0,0.4960032936539825,zscore,zscore,N/A
2025-01-01 15:09:00,909.0,22.66353890016742,22.66353890016742,22.470812981504142,22.66353890016742,0,1,0,1.6010018999239064,zscore,zscore,N/A
2025-01-01 15:10:00,910.0,22.483713535116625,22.483713535116625,22.483713535116625,22.483713535116625,0,0,0,0.2684479760433411,zscore,zscore,N/A
2025-01-01 15:11:00,911.0,22.406531052598744,22.406531052598744,22.406531052598744,22.406531052598744,0,0,0,0.31621203584274044,zscore,zscore,N/A
2025-01-01 15:12:00,912.0,22.495298533270475,22.495298533270475,22.495298533270475,22.495298533270475,0,0,0,0.2998716822892439,zscore,zscore,N/A
2025-01-01 15:13:00,913.0,22.564460636219184,22.564460636219184,22.564460636219184,22.564460636219184,0,0,0,0.7042611993864631,zscore,zscore,N/A
2025-01-01 15:14:00,914.0,22.49630696646068,22.49630696646068,22.49630696646068,22.49630696646068,0,0,0,0.1514388632346295,zscore,zscore,N/A
2025-01-01 15:15:00,915.0,22.5010787336405,22.5010787336405,22.5010787336405,22.5010787336405,0,0,0,0.019700855191206634,zscore,zscore,N/A
2025-01-01 15:16:00,916.0,22.395703250837,22.395703250837,22.395703250837,22.395703250837,0,0,0,0.8701598165899094,zscore,zscore,N/A
2025-01-01 15:17:00,917.0,22.40757889042347,22.40757889042347,22.40757889042347,22.40757889042347,0,0,0,0.8313436607757935,zscore,zscore,N/A
2025-01-01 15:18:00,918.0,22.302635261334256,22.302635261334256,22.302635261334256,22.302635261334256,0,0,0,1.6461321190098717,zscore,zscore,N/A
2025-01-01 15:19:00,919.0,22.781474587630345,22.781474587630345,22.781474587630345,22.781474587630345,0,0,0,1.7158081082005294,zscore,zscore,N/A
2025-01-01 15:20:00,920.0,22.33847061489171,22.33847061489171,22.33847061489171,22.33847061489171,0,0,0,1.1821661862569133,zscore,zscore,N/A
2025-01-01 15:21:00,921.0,22.42712634457911,22.42712634457911,22.42712634457911,22.42712634457911,0,0,0,0.6231499003454224,zscore,zscore,N/A
2025-01-01 15:22:00,922.0,22.42931305846121,22.42931305846121,22.42931305846121,22.42931305846121,0,0,0,0.690156746752315,zscore,zscore,N/A
2025-01-01 15:23:00,923.0,22.67732482888636,22.67732482888636,22.67732482888636,22.67732482888636,0,0,0,0.8753522760871575,zscore,zscore,N/A
2025-01-01 15:24:00,924.0,22.504855744648975,22.504855744648975,22.504855744648975,22.504855744648975,0,0,0,0.24788100663625295,zscore,zscore,N/A
2025-01-01 15:25:00,925.0,22.74227153134194,22.74227153134194,22.74227153134194,22.74227153134194,0,0,0,1.259082074944806,zscore,zscore,N/A
2025-01-01 15:26:00,926.0,22.4600986508524,22.4600986508524,22.4600986508524,22.4600986508524,0,0,0,0.6054012518343386,zscore,zscore,N/A
2025-01-01 15:27:00,927.0,22.608983392870645,22.608983392870645,22.608983392870645,22.608983392870645,0,0,0,0.29849514032911373,zscore,zscore,N/A
2025-01-01 15:28:00,928.0,22.447844234596207,22.447844234596207,22.447844234596207,22.447844234596207,0,0,0,0.8710669756854406,zscore,zscore,N/A
2025-01-01 15:29:00,929.0,22.900930685799278,22.900930685799278,22.900930685799278,22.900930685799278,0,0,0,1.7820000467345376,zscore,zscore,N/A
2025-01-01 15:30:00,930.0,22.407030577826934,22.407030577826934,22.407030577826934,22.407030577826934,0,0,0,1.2455292459604683,zscore,zscore,N/A
2025-01-01 15:31:00,931.0,22.637655471263518,22.637655471263518,22.637655471263518,22.637655471263518,0,0,0,0.1977302388170161,zscore,zscore,N/A
2025-01-01 15:32:00,932.0,22.69226092091737,22.69226092091737,22.69226092091737,22.69226092091737,0,0,0,0.5111406040699933,zscore,zscore,N/A
2025-01-01 15:33:00,933.0,22.665276277443372,22.665276277443372,22.665276277443372,22.665276277443372,0,0,0,0.10544182162734428,zscore,zscore,N/A
2025-01-01 15:34:00,934.0,22.58142528804209,22.58142528804209,22.58142528804209,22.58142528804209,0,0,0,0.3628738759561579,zscore,zscore,N/A
2025-01-01 15:35:00,935.0,22.59575735596183,22.59575735596183,22.59575735596183,22.59575735596183,0,0,0,0.37956657616682093,zscore,zscore,N/A
2025-01-01 15:36:00,936.0,22.627814205766807,22.627814205766807,22.627814205766807,22.627814205766807,0,0,0,0.23519703718122756,zscore,zscore,N/A
2025-01-01 15:37:00,937.0,22.605204208773763,22.605204208773763,22.605204208773763,22.605204208773763,0,0,0,0.4092127497807997,zscore,zscore,N/A
2025-01-01 15:38:00,938.0,22.77784840058537,22.77784840058537,22.77784840058537,22.77784840058537,0,0,0,0.5202226371279197,zscore,zscore,N/A
2025-01-01 15:39:00,939.0,22.97085700735293,22.97085700735293,22.97085700735293,22.97085700735293,0,0,0,1.4774972577151322,zscore,zscore,N/A
2025-01-01 15:40:00,940.0,22.56166681341115,22.56166681341115,22.56166681341115,22.56166681341115,0,0,0,0.7872870075990545,zscore,zscore,N/A
2025-01-01 15:41:00,941.0,22.44583215827356,22.44583215827356,22.44583215827356,22.44583215827356,0,0,0,1.6567536685180861,zscore,zscore,N/A
2025-01-01 15:42:00,942.0,22.644072322005822,22.644072322005822,22.644072322005822,22.644072322005822,0,0,0,0.4119534595623524,zscore,zscore,N/A
2025-01-01 15:43:00,943.0,23.05028305395476,22.644072322005822,23.05028305395476,23.05028305395476,1,0,0,2.130745562350526,zscore,zscore,N/A
2025-01-01 15:44:00,944.0,22.54878749215925,22.54878749215925,22.54878749215925,22.54878749215925,0,0,0,0.943351195069404,zscore,zscore,N/A
2025-01-01 15:45:00,945.0,22.921218222219416,22.921218222219416,22.921218222219416,22.921218222219416,0,0,0,1.3407115616439158,zscore,zscore,N/A
2025-01-01 15:46:00,946.0,22.93301784756237,22.93301784756237,22.93301784756237,22.93301784756237,0,0,0,1.3812461389720037,zscore,zscore,N/A
2025-01-01 15:47:00,947.0,22.6043365132428,22.6043365132428,22.6043365132428,22.6043365132428,0,0,0,0.6408023244451712,zscore,zscore,N/A
2025-01-01 15:48:00,948.0,22.778734235424885,22.778734235424885,22.778734235424885,22.778734235424885,0,0,0,0.3801824411872183,zscore,zscore,N/A
2025-01-01 15:49:00,949.0,22.94365829106447,22.94365829106447,22.94365829106447,22.94365829106447,0,0,0,1.4356323097909893,zscore,zscore,N/A
2025-01-01 15:50:00,950.0,22.64854166049517,22.64854166049517,22.64854166049517,22.64854166049517,0,0,0,0.3135218078700282,zscore,zscore,N/A
2025-01-01 15:51:00,951.0,22.68088579167603,22.68088579167603,22.68088579167603,22.68088579167603,0,0,0,0.20619555304815299,zscore,zscore,N/A
2025-01-01 15:52:00,952.0,22.63018273264718,22.63018273264718,22.63018273264718,22.63018273264718,0,0,0,0.542006625519533,zscore,zscore,N/A
2025-01-01 15:53:00,953.0,22.57123338418365,22.57123338418365,22.57123338418365,22.57123338418365,0,0,0,0.9684648383225133,zscore,zscore,N/A
2025-01-01 15:54:00,954.0,22.63206728607577,22.63206728607577,22.63206728607577,22.63206728607577,0,0,0,0.586655803899959,zscore,zscore,N/A
2025-01-01 15:55:00,955.0,22.55187990186943,22.55187990186943,22.55187990186943,22.55187990186943,0,0,0,1.1583517822470029,zscore,zscore,N/A
2025-01-01 15:56:00,956.0,22.74659548617075,22.74659548617075,22.74659548617075,22.74659548617075,0,0,0,0.10178740988328545,zscore,zscore,N/A
2025-01-01 15:57:00,957.0,22.631999005321163,22.631999005321163,22.631999005321163,22.631999005321163,0,0,0,0.6116743087220432,zscore,zscore,N/A
2025-01-01 15:58:00,958.0,22.788574900796668,22.788574900796668,22.788574900796668,22.788574900796668,0,0,0,0.3660531058445382,zscore,zscore,N/A
2025-01-01 15:59:00,959.0,22.526134691145607,22.526134691145607,22.526134691145607,22.526134691145607,0,0,0,1.3468315349083533,zscore,zscore,N/A
2025-01-01 16:00:00,960.0,22.815163096956415,22.815163096956415,22.815163096956415,22.815163096956415,0,0,0,0.5447463710164349,zscore,zscore,N/A
2025-01-01 16:01:00,961.0,22.89657243041368,22.89657243041368,22.89657243041368,22.89657243041368,0,0,0,1.0151774041484103,zscore,zscore,N/A
2025-01-01 16:02:00,962.0,22.47849476383472,22.47849476383472,22.47849476383472,22.47849476383472,0,0,0,1.7521061295770648,zscore,zscore,N/A
2025-01-01 16:03:00,963.0,22.839675619745677,22.839675619745677,22.839675619745677,22.839675619745677,0,0,0,0.5385830857531129,zscore,zscore,N/A
2025-01-01 16:04:00,964.0,22.973729507187628,22.973729507187628,22.973729507187628,22.973729507187628,0,0,0,1.345626931036654,zscore,zscore,N/A
2025-01-01 16:05:00,965.0,22.61414502956105,22.61414502956105,22.61414502956105,22.61414502956105,0,0,0,1.0469444170700262,zscore,zscore,N/A
2025-01-01 16:06:00,966.0,23.05248906443848,23.05248906443848,23.05248906443848,23.05248906443848,0,0,0,1.872630823693573,zscore,zscore,N/A
2025-01-01 16:07:00,967.0,22.870468081865827,22.870468081865827,22.870468081865827,22.870468081865827,0,0,0,0.6003017298077233,zscore,zscore,N/A
2025-01-01 16:08:00,968.0,22.707875476145254,22.707875476145254,22.707875476145254,22.707875476145254,0,0,0,0.5985381219251587,zscore,zscore,N/A
2025-01-01 16:09:00,969.0,22.81127391690846,22.81127391690846,22.81127391690846,22.81127391690846,0,0,0,0.047316973688470515,zscore,zscore,N/A
2025-01-01 16:10:00,970.0,22.90940033948347,22.90940033948347,22.90940033948347,22.90940033948347,0,0,0,0.551111378087082,zscore,zscore,N/A
2025-01-01 16:11:00,971.0,22.843064135365168,22.843064135365168,22.843064135365168,22.843064135365168,0,0,0,0.04015034510721759,zscore,zscore,N/A
2025-01-01 16:12:00,972.0,22.91848874956836,22.91848874956836,22.91848874956836,22.91848874956836,0,0,0,0.5933490302492331,zscore,zscore,N/A
2025-01-01 16:13:00,973.0,22.705586335787597,22.705586335787597,22.705586335787597,22.705586335787597,0,0,0,1.1056403417501142,zscore,zscore,N/A
2025-01-01 16:14:00,974.0,22.87510352240301,22.87510352240301,22.87510352240301,22.87510352240301,0,0,0,0.11409812230734909,zscore,zscore,N/A
2025-01-01 16:15:00,975.0,22.643654248309943,22.643654248309943,22.643654248309943,22.643654248309943,0,0,0,1.5604848024760454,zscore,zscore,N/A
2025-01-01 16:16:00,976.0,22.84503953769148,22.84503953769148,22.84503953769148,22.84503953769148,0,0,0,0.28798408848011275,zscore,zscore,N/A
2025-01-01 16:17:00,977.0,22.732149324722165,22.732149324722165,22.732149324722165,22.732149324722165,0,0,0,1.0290199897767776,zscore,zscore,N/A
2025-01-01 16:18:00,978.0,22.763418003601515,22.763418003601515,22.763418003601515,22.763418003601515,0,0,0,0.8440970426047368,zscore,zscore,N/A
2025-01-01 16:19:00,979.0,23.06517349531964,23.06517349531964,23.06517349531964,23.06517349531964,0,0,0,1.1514488116475199,zscore,zscore,N/A
2025-01-01 16:20:00,980.0,23.04946806117531,23.04946806117531,23.04946806117531,23.04946806117531,0,0,0,0.9966239888223714,zscore,zscore,N/A
2025-01-01 16:21:00,981.0,22.983154285270345,22.983154285270345,22.983154285270345,22.983154285270345,0,0,0,0.5283055443661744,zscore,zscore,N/A
2025-01-01 16:22:00,982.0,22.73394867648148,22.73394867648148,22.73394867648148,22.73394867648148,0,0,0,1.2523264836719532,zscore,zscore,N/A
2025-01-01 16:23:00,983.0,22.85634634777624,22.85634634777624,22.85634634777624,22.85634634777624,0,0,0,0.4623734119265092,zscore,zscore,N/A
2025-01-01 16:24:00,984.0,23.091784294275435,23.091784294275435,23.091784294275435,23.091784294275435,0,0,0,1.0894270128048378,zscore,zscore,N/A
2025-01-01 16:25:00,985.0,22.93708920037264,22.93708920037264,22.93708920037264,22.93708920037264,0,0,0,0.05452560219019037,zscore,zscore,N/A
2025-01-01 16:26:00,986.0,23.26974311837201,23.26974311837201,23.26974311837201,23.26974311837201,0,0,0,2.3577455434547243,zscore,zscore,N/A
2025-01-01 16:27:00,987.0,22.986853387332,22.986853387332,22.986853387332,22.986853387332,0,0,0,0.30745214209582294,zscore,zscore,N/A
2025-01-01 16:28:00,988.0,22.962675102944445,22.962675102944445,22.962675102944445,22.962675102944445,0,0,0,0.1125445907930068,zscore,zscore,N/A
2025-01-01 16:29:00,989.0,22.893512289888665,22.893512289888665,22.893512289888665,22.893512289888665,0,0,0,0.33897824278226574,zscore,zscore,N/A
2025-01-01 16:30:00,990.0,22.96592291928448,22.96592291928448,22.96592291928448,22.96592291928448,0,0,0,0.23579861313353756,zscore,zscore,N/A
2025-01-01 16:31:00,991.0,22.92903333215815,22.92903333215815,22.92903333215815,22.92903333215815,0,0,0,0.22633575121409436,zscore,zscore,N/A
2025-01-01 16:32:00,992.0,23.064132133166616,23.064132133166616,23.064132133166616,23.064132133166616,0,0,0,0.3055606022669534,zscore,zscore,N/A
2025-01-01 16:33:00,993.0,23.10743320323061,23.10743320323061,23.10743320323061,23.10743320323061,0,0,0,0.33453945466063706,zscore,zscore,N/A
2025-01-01 16:34:00,994.0,22.852041460683328,22.852041460683328,22.852041460683328,22.852041460683328,0,0,0,0.24102705709647596,zscore,zscore,N/A
2025-01-01 16:35:00,995.0,22.77626696077395,22.77626696077395,22.77626696077395,22.77626696077395,0,0,0,0.23190956267789448,zscore,zscore,N/A
2025-01-01 16:36:00,996.0,22.706533121890217,22.706533121890217,22.706533121890217,22.706533121890217,0,0,0,0.21572766617590855,zscore,zscore,N/A
2025-01-01 16:37:00,997.0,23.06417465094069,23.06417465094069,23.06417465094069,23.06417465094069,0,0,0,0.40226453726109684,zscore,zscore,N/A
2025-01-01 16:38:00,998.0,22.828482985025826,22.828482985025826,22.828482985025826,22.828482985025826,0,0,0,0.3188005934338547,zscore,zscore,N/A
2025-01-01 16:39:00,999.0,22.67706641105713,22.67706641105713,22.67706641105713,22.67706641105713,0,0,0,0.2712223807439352,zscore,zscore,N/A
2025-01-01 16:40:00,1000.0,12.11657358135929,22.67706641105713,22.67706641105713,22.67706641105713,1,1,1,4.389770449739115,zscore,zscore,N/A
2025-01-01 16:41:00,1001.0,22.74789985522984,22.74789985522984,22.74789985522984,22.74789985522984,0,0,0,0.34209713015452986,zscore,zscore,N/A
2025-01-01 16:42:00,1002.0,21.998178726538036,21.998178726538036,21.998178726538036,21.998178726538036,0,0,0,0.029113216273277318,zscore,zscore,N/A
2025-01-01 16:43:00,1003.0,22.251547232335493,22.251547232335493,22.251547232335493,22.251547232335493,0,0,0,0.17106572202735698,zscore,zscore,N/A
2025-01-01 16:44:00,1004.0,22.02454880756427,22.02454880756427,22.02454880756427,22.02454880756427,0,0,0,0.08979340717319181,zscore,zscore,N/A
2025-01-01 16:45:00,1005.0,21.970333104042652,21.970333104042652,21.970333104042652,21.970333104042652,0,0,0,0.0899141010908689,zscore,zscore,N/A
2025-01-01 16:46:00,1006.0,22.27572294489633,22.27572294489633,22.27572294489633,22.27572294489633,0,0,0,0.24705019359675315,zscore,zscore,N/A
2025-01-01 16:47:00,1007.0,21.912917636743405,21.912917636743405,21.912917636743405,21.912917636743405,0,0,0,0.09670897489788004,zscore,zscore,N/A
2025-01-01 16:48:00,1008.0,22.08021769422157,22.08021769422157,22.08021769422157,22.08021769422157,0,0,0,0.1913495276088122,zscore,zscore,N/A
2025-01-01 16:49:00,1009.0,22.096509341858805,22.096509341858805,22.096509341858805,22.096509341858805,0,0,0,0.21532469143132954,zscore,zscore,N/A
2025-01-01 16:50:00,1010.0,21.799572863907084,21.799572863907084,21.799572863907084,21.799572863907084,0,0,0,0.0924672569291086,zscore,zscore,N/A
2025-01-01 16:51:00,1011.0,22.29761270486096,22.29761270486096,22.29761270486096,22.29761270486096,0,0,0,0.9562415489991716,zscore,zscore,N/A
2025-01-01 16:52:00,1012.0,21.947512072991376,21.947512072991376,21.947512072991376,21.947512072991376,0,0,0,0.6621804600113268,zscore,zscore,N/A
2025-01-01 16:53:00,1013.0,21.773276452152142,21.773276452152142,21.773276452152142,21.773276452152142,0,0,0,1.6522447287778583,zscore,zscore,N/A
2025-01-01 16:54:00,1014.0,22.16095295307112,22.16095295307112,22.16095295307112,22.16095295307112,0,0,0,0.5315211205436245,zscore,zscore,N/A
2025-01-01 16:55:00,1015.0,21.730459605462688,21.730459605462688,21.730459605462688,21.730459605462688,0,0,0,1.5359524951607577,zscore,zscore,N/A
2025-01-01 16:56:00,1016.0,22.008454347210737,22.008454347210737,22.008454347210737,22.008454347210737,0,0,0,0.10517885521923065,zscore,zscore,N/A
2025-01-01 16:57:00,1017.0,21.997264301006737,21.997264301006737,21.997264301006737,21.997264301006737,0,0,0,0.07840203595634963,zscore,zscore,N/A
2025-01-01 16:58:00,1018.0,22.325768669749472,22.325768669749472,22.325768669749472,22.325768669749472,0,0,0,1.462294340970522,zscore,zscore,N/A
2025-01-01 16:59:00,1019.0,22.142409469863985,22.142409469863985,22.142409469863985,22.142409469863985,0,0,0,0.6452609574580394,zscore,zscore,N/A
2025-01-01 17:00:00,1020.0,21.992491912376455,21.992491912376455,21.992491912376455,21.992491912376455,0,0,0,0.030911581293916073,zscore,zscore,N/A
2025-01-01 17:01:00,1021.0,22.24532988976009,22.24532988976009,22.24532988976009,22.24532988976009,0,0,0,1.0759416750089432,zscore,zscore,N/A
2025-01-01 17:02:00,1022.0,22.417062264705194,22.417062264705194,22.417062264705194,22.417062264705194,0,0,0,2.0445658772517796,zscore,zscore,N/A
2025-01-01 17:03:00,1023.0,22.16734309190556,22.16734309190556,22.16734309190556,22.16734309190556,0,0,0,0.7636555317148639,zscore,zscore,N/A
2025-01-01 17:04:00,1024.0,22.00310578595301,22.00310578595301,22.00310578595301,22.00310578595301,0,0,0,0.09646350535730604,zscore,zscore,N/A
2025-01-01 17:05:00,1025.0,21.60644913029495,21.60644913029495,21.60644913029495,21.60644913029495,0,0,0,1.617650351692566,zscore,zscore,N/A
2025-01-01 17:06:00,1026.0,21.680465901077387,21.680465901077387,21.680465901077387,21.680465901077387,0,0,0,0.41352281512874206,zscore,zscore,N/A
2025-01-01 17:07:00,1027.0,21.9084325886936,21.9084325886936,21.9084325886936,21.9084325886936,0,0,0,0.27457897829307976,zscore,zscore,N/A
2025-01-01 17:08:00,1028.0,21.817146339352217,21.817146339352217,21.817146339352217,21.817146339352217,0,0,0,0.3181711862658451,zscore,zscore,N/A
2025-01-01 17:09:00,1029.0,21.94390860910437,21.94390860910437,21.94390860910437,21.94390860910437,0,0,0,0.23784622616003742,zscore,zscore,N/A
2025-01-01 17:10:00,1030.0,22.01699497746913,22.01699497746913,22.01699497746913,22.01699497746913,0,0,0,0.28456874699124357,zscore,zscore,N/A
2025-01-01 17:11:00,1031.0,22.15890782630702,22.15890782630702,22.15890782630702,22.15890782630702,0,0,0,0.25528395103899665,zscore,zscore,N/A
2025-01-01 17:12:00,1032.0,21.97885036658227,21.97885036658227,21.97885036658227,21.97885036658227,0,0,0,0.2944027828711979,zscore,zscore,N/A
2025-01-01 17:13:00,1033.0,22.14595049314786,22.14595049314786,22.14595049314786,22.14595049314786,0,0,0,0.2549782489015961,zscore,zscore,N/A
2025-01-01 17:14:00,1034.0,22.01934232444304,22.01934232444304,22.01934232444304,22.01934232444304,0,0,0,0.2836269243642072,zscore,zscore,N/A
2025-01-01 17:15:00,1035.0,21.40736003009384,21.40736003009384,22.01699497746913,21.40736003009384,0,1,0,0.49268089381347757,zscore,zscore,N/A
2025-01-01 17:16:00,1036.0,29.71819938185437,22.01699497746913,22.01699497746913,29.71819938185437,1,1,0,1.3849406704921519,zscore,zscore,N/A
2025-01-01 17:17:00,1037.0,21.95677373328352,21.95677373328352,21.95677373328352,21.95677373328352,0,0,0,0.37394711393645147,zscore,zscore,N/A
2025-01-01 17:18:00,1038.0,21.637091577147668,21.637091577147668,21.637091577147668,21.637091577147668,0,0,0,0.44603439568487335,zscore,zscore,N/A
2025-01-01 17:19:00,1039.0,22.179978618998863,22.179978618998863,22.179978618998863,22.179978618998863,0,0,0,0.32592919332559595,zscore,zscore,N/A
2025-01-01 17:20:00,1040.0,40.45922524970311,22.044600237160637,22.044600237160637,22.044600237160637,1,1,1,3.8179815724398143,zscore,zscore,N/A
2025-01-01 17:21:00,1041.0,22.365628555509197,22.365628555509197,22.365628555509197,22.365628555509197,0,0,0,0.284898767097977,zscore,zscore,N/A
2025-01-01 17:22:00,1042.0,21.935967138720937,21.935967138720937,21.935967138720937,21.935967138720937,0,0,0,0.381987704863228,zscore,zscore,N/A
2025-01-01 17:23:00,1043.0,22.447217841054982,22.447217841054982,22.447217841054982,22.447217841054982,0,0,0,0.2705221368398259,zscore,zscore,N/A
2025-01-01 17:24:00,1044.0,22.044600237160637,22.044600237160637,22.044600237160637,22.044600237160637,0,0,0,0.36361109895557747,zscore,zscore,N/A
2025-01-01 17:25:00,1045.0,29.898874208664587,22.04817219431496,22.04817219431496,29.898874208664587,1,1,0,1.4225183446943905,zscore,zscore,N/A
2025-01-01 17:26:00,1046.0,21.81597920093772,21.81597920093772,21.81597920093772,21.81597920093772,0,0,0,0.40738082079649485,zscore,zscore,N/A
2025-01-01 17:27:00,1047.0,21.90925909405356,21.90925909405356,21.90925909405356,21.90925909405356,0,0,0,0.32136703236449726,zscore,zscore,N/A
2025-01-01 17:28:00,1048.0,21.88354695443763,21.88354695443763,21.88354695443763,21.88354695443763,0,0,0,0.32285607115952536,zscore,zscore,N/A
2025-01-01 17:29:00,1049.0,22.051124866712648,22.051124866712648,22.051124866712648,22.051124866712648,0,0,0,0.28674120844240136,zscore,zscore,N/A
2025-01-01 17:30:00,1050.0,22.04817219431496,22.04817219431496,22.04817219431496,22.04817219431496,0,0,0,0.2808987793518511,zscore,zscore,N/A
2025-01-01 17:31:00,1051.0,22.000913806046025,22.000913806046025,22.000913806046025,22.000913806046025,0,0,0,0.18963375785250253,zscore,zscore,N/A
2025-01-01 17:32:00,1052.0,22.131081450923904,22.131081450923904,22.131081450923904,22.131081450923904,0,0,0,0.10837039844313398,zscore,zscore,N/A
2025-01-01 17:33:00,1053.0,22.3571938824359,22.3571938824359,22.3571938824359,22.3571938824359,0,0,0,0.014912230506812965,zscore,zscore,N/A
2025-01-01 17:34:00,1054.0,22.2848662406324,22.2848662406324,22.2848662406324,22.2848662406324,0,0,0,0.009955878268002413,zscore,zscore,N/A
2025-01-01 17:35:00,1055.0,21.55453060946503,21.55453060946503,21.55453060946503,21.55453060946503,0,0,0,0.4076984345584124,zscore,zscore,N/A
2025-01-01 17:36:00,1056.0,21.233823659529413,21.233823659529413,21.233823659529413,21.233823659529413,0,0,0,2.006777166737712,zscore,zscore,N/A
2025-01-01 17:37:00,1057.0,22.280295973371786,22.280295973371786,22.280295973371786,22.280295973371786,0,0,0,1.1905754355485325,zscore,zscore,N/A
2025-01-01 17:38:00,1058.0,21.589936390475373,21.589936390475373,21.589936390475373,21.589936390475373,0,0,0,0.8609893129475329,zscore,zscore,N/A
2025-01-01 17:39:00,1059.0,21.9325703794322,21.9325703794322,21.9325703794322,21.9325703794322,0,0,0,0.14302799967549845,zscore,zscore,N/A
2025-01-01 17:40:00,1060.0,21.648966092182192,21.648966092182192,21.648966092182192,21.648966092182192,0,0,0,0.6979677597963654,zscore,zscore,N/A
2025-01-01 17:41:00,1061.0,21.459405868725995,21.459405868725995,21.459405868725995,21.459405868725995,0,0,0,1.2683438249820747,zscore,zscore,N/A
2025-01-01 17:42:00,1062.0,22.162438818461435,22.162438818461435,22.162438818461435,22.162438818461435,0,0,0,0.8057716725249527,zscore,zscore,N/A
2025-01-01 17:43:00,1063.0,22.2277465480908,22.2277465480908,22.2277465480908,22.2277465480908,0,0,0,1.0656975637862252,zscore,zscore,N/A
2025-01-01 17:44:00,1064.0,21.827046879781985,21.827046879781985,21.827046879781985,21.827046879781985,0,0,0,0.12651855230637354,zscore,zscore,N/A
2025-01-01 17:45:00,1065.0,21.222687312356527,21.222687312356527,21.222687312356527,21.222687312356527,0,0,0,1.9480340141180075,zscore,zscore,N/A
2025-01-01 17:46:00,1066.0,21.83612666552425,21.83612666552425,21.83612666552425,21.83612666552425,0,0,0,0.12091918444282301,zscore,zscore,N/A
2025-01-01 17:47:00,1067.0,22.117541201620764,22.117541201620764,22.117541201620764,22.117541201620764,0,0,0,0.7666199360786443,zscore,zscore,N/A
2025-01-01 17:48:00,1068.0,21.55632652936776,21.55632652936776,21.55632652936776,21.55632652936776,0,0,0,1.1756118222985346,zscore,zscore,N/A
2025-01-01 17:49:00,1069.0,22.055007975933748,22.055007975933748,22.055007975933748,22.055007975933748,0,0,0,0.6343372913133525,zscore,zscore,N/A
2025-01-01 17:50:00,1070.0,21.9954070452481,21.9954070452481,21.9954070452481,21.9954070452481,0,0,0,0.409033082124407,zscore,zscore,N/A
2025-01-01 17:51:00,1071.0,22.17378744988033,22.17378744988033,22.17378744988033,22.17378744988033,0,0,0,0.8402617940452137,zscore,zscore,N/A
2025-01-01 17:52:00,1072.0,22.035874110524247,22.035874110524247,22.035874110524247,22.035874110524247,0,0,0,0.36063829273604014,zscore,zscore,N/A
2025-01-01 17:53:00,1073.0,21.70807931773553,21.70807931773553,21.70807931773553,21.70807931773553,0,0,0,0.6612027096542274,zscore,zscore,N/A
2025-01-01 17:54:00,1074.0,22.358971450499347,22.358971450499347,22.358971450499347,22.358971450499347,0,0,0,1.449724662814479,zscore,zscore,N/A
2025-01-01 17:55:00,1075.0,21.95244112809191,21.95244112809191,21.95244112809191,21.95244112809191,0,0,0,0.11321565675619259,zscore,zscore,N/A
2025-01-01 17:56:00,1076.0,21.99180863814702,21.99180863814702,21.99180863814702,21.99180863814702,0,0,0,0.1747775125481713,zscore,zscore,N/A
2025-01-01 17:57:00,1077.0,21.72001961227804,21.72001961227804,21.72001961227804,21.72001961227804,0,0,0,0.8939169729918865,zscore,zscore,N/A
2025-01-01 17:58:00,1078.0,21.867015324642548,21.867015324642548,21.867015324642548,21.867015324642548,0,0,0,0.31248864225205364,zscore,zscore,N/A
2025-01-01 17:59:00,1079.0,21.73455918579193,21.73455918579193,21.73455918579193,21.73455918579193,0,0,0,0.32743670407878195,zscore,zscore,N/A
2025-01-01 18:00:00,1080.0,21.94811618202297,21.94811618202297,21.94811618202297,21.94811618202297,0,0,0,0.23647001809400686,zscore,zscore,N/A
2025-01-01 18:01:00,1081.0,22.513512544042705,22.513512544042705,22.513512544042705,22.513512544042705,0,0,0,0.016007316107564507,zscore,zscore,N/A
2025-01-01 18:02:00,1082.0,21.588429657120592,21.588429657120592,21.588429657120592,21.588429657120592,0,0,0,0.40201242684703603,zscore,zscore,N/A
2025-01-01 18:03:00,1083.0,21.515931580636977,21.515931580636977,21.515931580636977,21.515931580636977,0,0,0,0.4289322151520526,zscore,zscore,N/A
2025-01-01 18:04:00,1084.0,22.44135109824808,22.44135109824808,22.44135109824808,22.44135109824808,0,0,0,0.03204742692045203,zscore,zscore,N/A
2025-01-01 18:05:00,1085.0,21.93720289685444,21.93720289685444,21.93720289685444,21.93720289685444,0,0,0,0.24891791678066175,zscore,zscore,N/A
2025-01-01 18:06:00,1086.0,21.799278178402027,21.799278178402027,21.799278178402027,21.799278178402027,0,0,0,0.3194543233086297,zscore,zscore,N/A
2025-01-01 18:07:00,1087.0,22.311971406218824,22.311971406218824,22.311971406218824,22.311971406218824,0,0,0,0.10298903403991388,zscore,zscore,N/A
2025-01-01 18:08:00,1088.0,21.81831533807894,21.81831533807894,21.81831533807894,21.81831533807894,0,0,0,0.3282184107577301,zscore,zscore,N/A
2025-01-01 18:09:00,1089.0,32.54780291406408,22.00960124471973,22.00960124471973,22.00960124471973,1,1,1,4.429131198755891,zscore,zscore,N/A
2025-01-01 18:10:00,1090.0,22.203377761401786,22.203377761401786,22.203377761401786,22.203377761401786,0,0,0,0.16429323932322254,zscore,zscore,N/A
2025-01-01 18:11:00,1091.0,21.853626577556287,21.853626577556287,21.853626577556287,21.853626577556287,0,0,0,0.3161499173307601,zscore,zscore,N/A
2025-01-01 18:12:00,1092.0,22.64719246397965,22.64719246397965,22.64719246397965,22.64719246397965,0,0,0,0.0341224953015507,zscore,zscore,N/A
2025-01-01 18:13:00,1093.0,21.818285523099,21.818285523099,21.818285523099,21.818285523099,0,0,0,0.34443537239297,zscore,zscore,N/A
2025-01-01 18:14:00,1094.0,22.222628611602797,22.222628611602797,22.222628611602797,22.222628611602797,0,0,0,0.172889045803738,zscore,zscore,N/A
2025-01-01 18:15:00,1095.0,22.089787774121948,22.089787774121948,22.089787774121948,22.089787774121948,0,0,0,0.22372776668261812,zscore,zscore,N/A
2025-01-01 18:16:00,1096.0,22.39052238681964,22.39052238681964,22.39052238681964,22.39052238681964,0,0,0,0.08210285721500747,zscore,zscore,N/A
2025-01-01 18:17:00,1097.0,22.468453359018056,22.468453359018056,22.468453359018056,22.468453359018056,0,0,0,0.19530583763989928,zscore,zscore,N/A
2025-01-01 18:18:00,1098.0,22.00960124471973,22.00960124471973,22.00960124471973,22.00960124471973,0,0,0,0.15079266802272456,zscore,zscore,N/A
2025-01-01 18:19:00,1099.0,21.773974638896146,21.773974638896146,21.773974638896146,21.773974638896146,0,0,0,0.21365027045588092,zscore,zscore,N/A
2025-01-01 18:20:00,1100.0,22.137991642881737,22.137991642881737,22.137991642881737,22.137991642881737,0,0,0,0.027654148112853816,zscore,zscore,N/A
2025-01-01 18:21:00,1101.0,21.79668538907437,21.79668538907437,21.79668538907437,21.79668538907437,0,0,0,0.08548713401188476,zscore,zscore,N/A
2025-01-01 18:22:00,1102.0,22.604016174257985,22.604016174257985,22.604016174257985,22.604016174257985,0,0,0,0.17574133657389107,zscore,zscore,N/A
2025-01-01 18:23:00,1103.0,22.040960599324823,22.040960599324823,22.040960599324823,22.040960599324823,0,0,0,0.005153403885691168,zscore,zscore,N/A
2025-01-01 18:24:00,1104.0,21.890403534606367,21.890403534606367,21.890403534606367,21.890403534606367,0,0,0,0.06303371951834705,zscore,zscore,N/A
2025-01-01 18:25:00,1105.0,22.055404091759478,22.055404091759478,22.055404091759478,22.055404091759478,0,0,0,0.0008237401525306114,zscore,zscore,N/A
2025-01-01 18:26:00,1106.0,21.59586211314109,21.59586211314109,21.59586211314109,21.59586211314109,0,0,0,0.14586695463829263,zscore,zscore,N/A
2025-01-01 18:27:00,1107.0,31.708515788446803,22.040960599324823,22.040960599324823,22.040960599324823,1,1,1,3.2250386690140282,zscore,zscore,N/A
2025-01-01 18:28:00,1108.0,12.360124172383326,22.00960124471973,22.00960124471973,22.00960124471973,1,1,1,3.218847336989827,zscore,zscore,N/A
2025-01-01 18:29:00,1109.0,21.80293171630858,21.80293171630858,21.80293171630858,21.80293171630858,0,0,0,0.06746672190122328,zscore,zscore,N/A
2025-01-01 18:30:00,1110.0,21.685926705195417,21.685926705195417,21.685926705195417,21.685926705195417,0,0,0,0.11639221408887904,zscore,zscore,N/A
2025-01-01 18:31:00,1111.0,22.160995825758185,22.160995825758185,22.160995825758185,22.160995825758185,0,0,0,0.04158946360622633,zscore,zscore,N/A
2025-01-01 18:32:00,1112.0,22.3557112463989,22.3557112463989,22.3557112463989,22.3557112463989,0,0,0,0.10114139399948661,zscore,zscore,N/A
2025-01-01 18:33:00,1113.0,22.21568599319952,22.21568599319952,22.21568599319952,22.21568599319952,0,0,0,0.053705787364717095,zscore,zscore,N/A
2025-01-01 18:34:00,1114.0,22.298814305741743,22.298814305741743,22.298814305741743,22.298814305741743,0,0,0,0.08513285862167193,zscore,zscore,N/A
2025-01-01 18:35:00,1115.0,21.772961473429163,21.772961473429163,21.772961473429163,21.772961473429163,0,0,0,0.09636901112664205,zscore,zscore,N/A
2025-01-01 18:36:00,1116.0,21.573456799977446,21.573456799977446,21.573456799977446,21.573456799977446,0,0,0,0.16228147825433112,zscore,zscore,N/A
2025-01-01 18:37:00,1117.0,22.450400095586645,22.450400095586645,22.450400095586645,22.450400095586645,0,0,0,0.12249597760434593,zscore,zscore,N/A
2025-01-01 18:38:00,1118.0,21.90319604834736,21.90319604834736,21.90319604834736,21.90319604834736,0,0,0,0.12436886887595969,zscore,zscore,N/A
2025-01-01 18:39:00,1119.0,21.924750095063487,21.924750095063487,21.924750095063487,21.924750095063487,0,0,0,0.6657561371913163,zscore,zscore,N/A
2025-01-01 18:40:00,1120.0,22.39845824255472,22.39845824255472,22.39845824255472,22.39845824255472,0,0,0,1.0147443601060027,zscore,zscore,N/A
2025-01-01 18:41:00,1121.0,22.1668690028202,22.1668690028202,22.1668690028202,22.1668690028202,0,0,0,0.04142824035166258,zscore,zscore,N/A
2025-01-01 18:42:00,1122.0,22.13676633162448,22.13676633162448,22.13676633162448,22.13676633162448,0,0,0,0.026162283055141268,zscore,zscore,N/A
2025-01-01 18:43:00,1123.0,22.649500703470324,22.649500703470324,22.649500703470324,22.649500703470324,0,0,0,2.00238388640701,zscore,zscore,N/A
2025-01-01 18:44:00,1124.0,21.80694453088596,21.80694453088596,21.80694453088596,21.80694453088596,0,0,0,1.005208573028827,zscore,zscore,N/A
2025-01-01 18:45:00,1125.0,22.27835203842437,22.27835203842437,22.27835203842437,22.27835203842437,0,0,0,0.7423216123946405,zscore,zscore,N/A
2025-01-01 18:46:00,1126.0,22.017103937469127,22.017103937469127,22.017103937469127,22.017103937469127,0,0,0,0.21419555812227833,zscore,zscore,N/A
2025-01-01 18:47:00,1127.0,22.080577683658976,22.080577683658976,22.080577683658976,22.080577683658976,0,0,0,0.03503914349693551,zscore,zscore,N/A
2025-01-01 18:48:00,1128.0,22.45854052792376,22.45854052792376,22.45854052792376,22.45854052792376,0,0,0,1.253082751113818,zscore,zscore,N/A
2025-01-01 18:49:00,1129.0,22.152350726886887,22.152350726886887,22.152350726886887,22.152350726886887,0,0,0,0.2707985048594792,zscore,zscore,N/A
2025-01-01 18:50:00,1130.0,22.16148882371489,22.16148882371489,22.16148882371489,22.16148882371489,0,0,0,0.27596427748683544,zscore,zscore,N/A
2025-01-01 18:51:00,1131.0,22.32175220119294,22.32175220119294,22.32175220119294,22.32175220119294,0,0,0,0.8319023165209943,zscore,zscore,N/A
2025-01-01 18:52:00,1132.0,21.89051418113713,21.89051418113713,21.89051418113713,21.89051418113713,0,0,0,0.5951464849471085,zscore,zscore,N/A
2025-01-01 18:53:00,1133.0,21.7482370997983,21.7482370997983,21.7482370997983,21.7482370997983,0,0,0,0.9977956386949745,zscore,zscore,N/A
2025-01-01 18:54:00,1134.0,21.68655724179369,21.68655724179369,21.68655724179369,21.68655724179369,0,0,0,1.201703885174491,zscore,zscore,N/A
2025-01-01 18:55:00,1135.0,21.4100930231872,21.4100930231872,21.4100930231872,21.4100930231872,0,0,0,2.2637443395229164,zscore,zscore,N/A
2025-01-01 18:56:00,1136.0,22.616862138982096,22.616862138982096,22.616862138982096,22.616862138982096,0,0,0,0.056233766535233674,zscore,zscore,N/A
2025-01-01 18:57:00,1137.0,21.669037490283497,21.669037490283497,21.669037490283497,21.669037490283497,0,0,0,0.40058922562185023,zscore,zscore,N/A
2025-01-01 18:58:00,1138.0,21.93362391292427,21.93362391292427,21.93362391292427,21.93362391292427,0,0,0,0.27753488537119575,zscore,zscore,N/A
2025-01-01 18:59:00,1139.0,21.916956010033324,21.916956010033324,21.916956010033324,21.916956010033324,0,0,0,0.2799216505256541,zscore,zscore,N/A
2025-01-01 19:00:00,1140.0,22.09222200934273,22.09222200934273,22.09222200934273,22.09222200934273,0,0,0,0.19845374351739417,zscore,zscore,N/A
2025-01-01 19:01:00,1141.0,22.24472116376179,22.24472116376179,22.24472116376179,22.24472116376179,0,0,0,0.13096344048410347,zscore,zscore,N/A
2025-01-01 19:02:00,1142.0,22.258142046507924,22.258142046507924,22.258142046507924,22.258142046507924,0,0,0,0.11852621574783154,zscore,zscore,N/A
2025-01-01 19:03:00,1143.0,21.82507676842932,21.82507676842932,21.82507676842932,21.82507676842932,0,0,0,0.3154680293884967,zscore,zscore,N/A
2025-01-01 19:04:00,1144.0,21.949863485864075,21.949863485864075,21.949863485864075,21.949863485864075,0,0,0,0.2657506827507745,zscore,zscore,N/A
2025-01-01 19:05:00,1145.0,22.08477398514649,22.08477398514649,22.08477398514649,22.08477398514649,0,0,0,0.20507024743690333,zscore,zscore,N/A
2025-01-01 19:06:00,1146.0,31.925392662144937,22.09222200934273,22.09222200934273,22.09222200934273,1,1,1,4.4416539638189585,zscore,zscore,N/A
2025-01-01 19:07:00,1147.0,22.482203672806,22.482203672806,22.482203672806,22.482203672806,0,0,0,0.01760097867040171,zscore,zscore,N/A
2025-01-01 19:08:00,1148.0,22.14729248549148,22.14729248549148,22.14729248549148,22.14729248549148,0,0,0,0.1925716610009084,zscore,zscore,N/A
2025-01-01 19:09:00,1149.0,22.220463335814944,22.220463335814944,22.220463335814944,22.220463335814944,0,0,0,0.1595471717979498,zscore,zscore,N/A
2025-01-01 19:10:00,1150.0,22.198864380600224,22.198864380600224,22.198864380600224,22.198864380600224,0,0,0,0.17396418507988318,zscore,zscore,N/A
2025-01-01 19:11:00,1151.0,22.3520421572456,22.3520421572456,22.3520421572456,22.3520421572456,0,0,0,0.11073551378351493,zscore,zscore,N/A
2025-01-01 19:12:00,1152.0,22.054306467611116,22.054306467611116,22.054306467611116,22.054306467611116,0,0,0,0.24838594037978443,zscore,zscore,N/A
2025-01-01 19:13:00,1153.0,21.61095041561325,21.61095041561325,21.61095041561325,21.61095041561325,0,0,0,0.47132694610158177,zscore,zscore,N/A
2025-01-01 19:14:00,1154.0,22.11990638552579,22.11990638552579,22.11990638552579,22.11990638552579,0,0,0,0.23745086072674387,zscore,zscore,N/A
2025-01-01 19:15:00,1155.0,21.80459293186245,21.80459293186245,21.80459293186245,21.80459293186245,0,0,0,0.3752631229844467,zscore,zscore,N/A
2025-01-01 19:16:00,1156.0,21.841414995475077,21.841414995475077,21.841414995475077,21.841414995475077,0,0,0,0.3612152700446768,zscore,zscore,N/A
2025-01-01 19:17:00,1157.0,22.175909205626528,22.175909205626528,22.175909205626528,22.175909205626528,0,0,0,0.1438615947394184,zscore,zscore,N/A
2025-01-01 19:18:00,1158.0,22.37148492143009,22.37148492143009,22.37148492143009,22.37148492143009,0,0,0,0.852596996001066,zscore,zscore,N/A
2025-01-01 19:19:00,1159.0,22.00638147302082,22.00638147302082,22.00638147302082,22.00638147302082,0,0,0,0.4445965426214781,zscore,zscore,N/A
2025-01-01 19:20:00,1160.0,22.09264990377969,22.09264990377969,22.09264990377969,22.09264990377969,0,0,0,0.09602063434227218,zscore,zscore,N/A
2025-01-01 19:21:00,1161.0,22.51066448339057,22.51066448339057,22.51066448339057,22.51066448339057,0,0,0,1.3789158105252028,zscore,zscore,N/A
2025-01-01 19:22:00,1162.0,22.07222595384657,22.07222595384657,22.07222595384657,22.07222595384657,0,0,0,0.003724189356422745,zscore,zscore,N/A
2025-01-01 19:23:00,1163.0,22.78050493425412,22.78050493425412,22.09264990377969,22.78050493425412,0,1,0,2.3523085800929255,zscore,zscore,N/A
2025-01-01 19:24:00,1164.0,22.169652893689463,22.169652893689463,22.169652893689463,22.169652893689463,0,0,0,0.34157810341284345,zscore,zscore,N/A
2025-01-01 19:25:00,1165.0,21.471771172253256,21.471771172253256,21.471771172253256,21.471771172253256,0,0,0,2.027150353266433,zscore,zscore,N/A
2025-01-01 19:26:00,1166.0,22.22600248633136,22.22600248633136,22.22600248633136,22.22600248633136,0,0,0,0.4003210136816613,zscore,zscore,N/A
2025-01-01 19:27:00,1167.0,22.114347515464832,22.114347515464832,22.114347515464832,22.114347515464832,0,0,0,0.011899011886789112,zscore,zscore,N/A
2025-01-01 19:28:00,1168.0,22.386925826224825,22.386925826224825,22.386925826224825,22.386925826224825,0,0,0,0.9389842174007296,zscore,zscore,N/A
2025-01-01 19:29:00,1169.0,22.201954405380988,22.201954405380988,22.201954405380988,22.201954405380988,0,0,0,0.3929528695259407,zscore,zscore,N/A
2025-01-01 19:30:00,1170.0,21.95846320480487,21.95846320480487,21.95846320480487,21.95846320480487,0,0,0,0.44592585272471635,zscore,zscore,N/A
2025-01-01 19:31:00,1171.0,21.63271052911319,21.63271052911319,21.63271052911319,21.63271052911319,0,0,0,1.420116097847138,zscore,zscore,N/A
2025-01-01 19:32:00,1172.0,21.937293022814192,21.937293022814192,21.937293022814192,21.937293022814192,0,0,0,0.3980781064888508,zscore,zscore,N/A
2025-01-01 19:33:00,1173.0,21.74484386373721,21.74484386373721,21.74484386373721,21.74484386373721,0,0,0,1.0187599077601428,zscore,zscore,N/A
2025-01-01 19:34:00,1174.0,21.825842965058584,21.825842965058584,21.825842965058584,21.825842965058584,0,0,0,0.6868251830151699,zscore,zscore,N/A
2025-01-01 19:35:00,1175.0,22.176573521326183,22.176573521326183,22.176573521326183,22.176573521326183,0,0,0,0.6371782720546961,zscore,zscore,N/A
2025-01-01 19:36:00,1176.0,22.50097135130542,22.50097135130542,22.50097135130542,22.50097135130542,0,0,0,1.9880116255832068,zscore,zscore,N/A
2025-01-01 19:37:00,1177.0,22.11840145894689,22.11840145894689,22.11840145894689,22.11840145894689,0,0,0,0.3930799916957092,zscore,zscore,N/A
2025-01-01 19:38:00,1178.0,21.641235081389446,21.641235081389446,21.641235081389446,21.641235081389446,0,0,0,1.5287276493234292,zscore,zscore,N/A
2025-01-01 19:39:00,1179.0,22.133380800466043,22.133380800466043,22.133380800466043,22.133380800466043,0,0,0,0.6599634970378029,zscore,zscore,N/A
2025-01-01 19:40:00,1180.0,22.358989445993696,22.358989445993696,22.358989445993696,22.358989445993696,0,0,0,1.6482117762499415,zscore,zscore,N/A
2025-01-01 19:41:00,1181.0,21.817065128704183,21.817065128704183,21.817065128704183,21.817065128704183,0,0,0,0.720389057753466,zscore,zscore,N/A
2025-01-01 19:42:00,1182.0,21.95979484999813,21.95979484999813,21.95979484999813,21.95979484999813,0,0,0,0.26408223638139433,zscore,zscore,N/A
2025-01-01 19:43:00,1183.0,22.00440645841876,22.00440645841876,22.00440645841876,22.00440645841876,0,0,0,0.0674104133060393,zscore,zscore,N/A
2025-01-01 19:44:00,1184.0,21.764530506075328,21.764530506075328,21.764530506075328,21.764530506075328,0,0,0,1.1580296601771556,zscore,zscore,N/A
2025-01-01 19:45:00,1185.0,22.19448413015316,22.19448413015316,22.19448413015316,22.19448413015316,0,0,0,0.5818209530189292,zscore,zscore,N/A
2025-01-01 19:46:00,1186.0,21.963715555417664,21.963715555417664,21.963715555417664,21.963715555417664,0,0,0,0.2565113190006839,zscore,zscore,N/A
2025-01-01 19:47:00,1187.0,22.12585973317211,22.12585973317211,22.12585973317211,22.12585973317211,0,0,0,0.5647814187657164,zscore,zscore,N/A
2025-01-01 19:48:00,1188.0,21.73375234665937,21.73375234665937,21.73375234665937,21.73375234665937,0,0,0,0.8038787674537681,zscore,zscore,N/A
2025-01-01 19:49:00,1189.0,21.86876250990297,21.86876250990297,21.86876250990297,21.86876250990297,0,0,0,0.4289541189413283,zscore,zscore,N/A
2025-01-01 19:50:00,1190.0,22.21671440734833,22.21671440734833,22.21671440734833,22.21671440734833,0,0,0,0.8775075936192882,zscore,zscore,N/A
2025-01-01 19:51:00,1191.0,21.88815005437247,21.88815005437247,21.88815005437247,21.88815005437247,0,0,0,0.33241021235028956,zscore,zscore,N/A
2025-01-01 19:52:00,1192.0,22.51808915537002,22.51808915537002,22.51808915537002,22.51808915537002,0,0,0,1.6655445368009838,zscore,zscore,N/A
2025-01-01 19:53:00,1193.0,21.880109144315615,21.880109144315615,21.880109144315615,21.880109144315615,0,0,0,0.37462966940581605,zscore,zscore,N/A
2025-01-01 19:54:00,1194.0,22.067405417725567,22.067405417725567,22.067405417725567,22.067405417725567,0,0,0,0.14364169073617655,zscore,zscore,N/A
2025-01-01 19:55:00,1195.0,22.279777249561928,22.279777249561928,22.279777249561928,22.279777249561928,0,0,0,0.6336049043258147,zscore,zscore,N/A
2025-01-01 19:56:00,1196.0,21.57449028012009,21.57449028012009,21.57449028012009,21.57449028012009,0,0,0,1.3805921505345988,zscore,zscore,N/A
2025-01-01 19:57:00,1197.0,21.471757356405767,21.471757356405767,21.471757356405767,21.471757356405767,0,0,0,1.6954314050261077,zscore,zscore,N/A
2025-01-01 19:58:00,1198.0,21.54230310562897,21.54230310562897,21.54230310562897,21.54230310562897,0,0,0,1.5172960917860918,zscore,zscore,N/A
2025-01-01 19:59:00,1199.0,22.378775231028158,22.378775231028158,22.378775231028158,22.378775231028158,0,0,0,0.6881394634438782,zscore,zscore,N/A
2025-01-01 20:00:00,1200.0,21.834442556232265,21.834442556232265,21.834442556232265,21.834442556232265,0,0,0,0.8680294596139576,zscore,zscore,N/A
2025-01-01 20:01:00,1201.0,22.767459785700478,22.767459785700478,22.767459785700478,22.767459785700478,0,0,0,1.753391487947628,zscore,zscore,N/A
2025-01-01 20:02:00,1202.0,21.830725720402786,21.830725720402786,21.830725720402786,21.830725720402786,0,0,0,0.7862336327634397,zscore,zscore,N/A
2025-01-01 20:03:00,1203.0,22.05536539095911,22.05536539095911,22.05536539095911,22.05536539095911,0,0,0,0.1153917265068405,zscore,zscore,N/A
2025-01-01 20:04:00,1204.0,22.46263298577036,22.46263298577036,22.46263298577036,22.46263298577036,0,0,0,1.0119691330952303,zscore,zscore,N/A
2025-01-01 20:05:00,1205.0,22.60182786644774,22.60182786644774,22.60182786644774,22.60182786644774,0,0,0,1.4138606686861286,zscore,zscore,N/A
2025-01-01 20:06:00,1206.0,22.61845107299092,22.61845107299092,22.61845107299092,22.61845107299092,0,0,0,1.4750847246976087,zscore,zscore,N/A
2025-01-01 20:07:00,1207.0,22.36250986917794,22.36250986917794,22.36250986917794,22.36250986917794,0,0,0,0.7030560031954697,zscore,zscore,N/A
2025-01-01 20:08:00,1208.0,22.30721875774344,22.30721875774344,22.30721875774344,22.30721875774344,0,0,0,0.5113527329529978,zscore,zscore,N/A
2025-01-01 20:09:00,1209.0,22.17775808476036,22.17775808476036,22.17775808476036,22.17775808476036,0,0,0,0.04379295890236697,zscore,zscore,N/A
2025-01-01 20:10:00,1210.0,22.233508322849996,22.233508322849996,22.233508322849996,22.233508322849996,0,0,0,0.25394510653884245,zscore,zscore,N/A
2025-01-01 20:11:00,1211.0,21.83464428510144,21.83464428510144,21.83464428510144,21.83464428510144,0,0,0,1.0857484485643822,zscore,zscore,N/A
2025-01-01 20:12:00,1212.0,21.754540334973303,21.754540334973303,21.754540334973303,21.754540334973303,0,0,0,1.2927888971098629,zscore,zscore,N/A
2025-01-01 20:13:00,1213.0,21.998987662776717,21.998987662776717,21.998987662776717,21.998987662776717,0,0,0,0.31396138778970917,zscore,zscore,N/A
2025-01-01 20:14:00,1214.0,21.94894461324252,21.94894461324252,21.94894461324252,21.94894461324252,0,0,0,0.4625371816801334,zscore,zscore,N/A
2025-01-01 20:15:00,1215.0,21.86403158520182,21.86403158520182,21.86403158520182,21.86403158520182,0,0,0,0.683377456834451,zscore,zscore,N/A
2025-01-01 20:16:00,1216.0,22.208916234237016,22.208916234237016,22.208916234237016,22.208916234237016,0,0,0,0.5140934649911466,zscore,zscore,N/A
2025-01-01 20:17:00,1217.0,22.286591562571157,22.286591562571157,22.286591562571157,22.286591562571157,0,0,0,0.9413891525591663,zscore,zscore,N/A
2025-01-01 20:18:00,1218.0,22.026522065887555,22.026522065887555,22.026522065887555,22.026522065887555,0,0,0,0.06807417360857108,zscore,zscore,N/A
2025-01-01 20:19:00,1219.0,22.44325902431658,22.44325902431658,22.44325902431658,22.44325902431658,0,0,0,1.5137354824109968,zscore,zscore,N/A
2025-01-01 20:20:00,1220.0,21.65749326575995,21.65749326575995,21.65749326575995,21.65749326575995,0,0,0,1.2963808770068868,zscore,zscore,N/A
2025-01-01 20:21:00,1221.0,21.941902162216085,21.941902162216085,21.941902162216085,21.941902162216085,0,0,0,0.29754380966969507,zscore,zscore,N/A
2025-01-01 20:22:00,1222.0,21.78495330381916,21.78495330381916,21.78495330381916,21.78495330381916,0,0,0,0.8711663609002013,zscore,zscore,N/A
2025-01-01 20:23:00,1223.0,21.44003901487808,21.44003901487808,21.44003901487808,21.44003901487808,0,0,0,2.0676859355733415,zscore,zscore,N/A
2025-01-01 20:24:00,1224.0,21.975195794247192,21.975195794247192,21.975195794247192,21.975195794247192,0,0,0,0.17081328788099068,zscore,zscore,N/A
2025-01-01 20:25:00,1225.0,21.963475747485013,21.963475747485013,21.963475747485013,21.963475747485013,0,0,0,0.268386606393428,zscore,zscore,N/A
2025-01-01 20:26:00,1226.0,22.45403492297264,22.45403492297264,22.45403492297264,22.45403492297264,0,0,0,1.2197184801289294,zscore,zscore,N/A
2025-01-01 20:27:00,1227.0,22.189243505366434,22.189243505366434,22.189243505366434,22.189243505366434,0,0,0,0.31746820565171885,zscore,zscore,N/A
2025-01-01 20:28:00,1228.0,21.69274395270124,21.69274395270124,21.69274395270124,21.69274395270124,0,0,0,1.16749866968936,zscore,zscore,N/A
2025-01-01 20:29:00,1229.0,22.556227769900257,22.556227769900257,22.556227769900257,22.556227769900257,0,0,0,1.5263522937536458,zscore,zscore,N/A
2025-01-01 20:30:00,1230.0,22.366310108657604,22.366310108657604,22.366310108657604,22.366310108657604,0,0,0,1.0490868288309438,zscore,zscore,N/A
2025-01-01 20:31:00,1231.0,22.174629311040583,22.174629311040583,22.174629311040583,22.174629311040583,0,0,0,0.45975221156291585,zscore,zscore,N/A
2025-01-01 20:32:00,1232.0,21.93205477034505,21.93205477034505,21.93205477034505,21.93205477034505,0,0,0,0.29176266100543063,zscore,zscore,N/A
2025-01-01 20:33:00,1233.0,21.71216822898296,21.71216822898296,21.71216822898296,21.71216822898296,0,0,0,0.9893992546359507,zscore,zscore,N/A
2025-01-01 20:34:00,1234.0,21.88833796717869,21.88833796717869,21.88833796717869,21.88833796717869,0,0,0,0.5566538646391671,zscore,zscore,N/A
2025-01-01 20:35:00,1235.0,22.32662458591125,22.32662458591125,22.32662458591125,22.32662458591125,0,0,0,0.8984714229161558,zscore,zscore,N/A
2025-01-01 20:36:00,1236.0,22.565375891780384,22.565375891780384,22.565375891780384,22.565375891780384,0,0,0,1.6049832951022167,zscore,zscore,N/A
2025-01-01 20:37:00,1237.0,22.46297305848166,22.46297305848166,22.46297305848166,22.46297305848166,0,0,0,1.426586901847225,zscore,zscore,N/A
2025-01-01 20:38:00,1238.0,21.85334517346412,21.85334517346412,21.85334517346412,21.85334517346412,0,0,0,0.42558790252232187,zscore,zscore,N/A
2025-01-01 20:39:00,1239.0,21.664114770013292,21.664114770013292,21.664114770013292,21.664114770013292,0,0,0,0.8225649007804593,zscore,zscore,N/A
2025-01-01 20:40:00,1240.0,22.04226587407336,22.04226587407336,22.04226587407336,22.04226587407336,0,0,0,0.31216826220461574,zscore,zscore,N/A
2025-01-01 20:41:00,1241.0,21.469468190331146,21.469468190331146,21.469468190331146,21.469468190331146,0,0,0,1.3544805627575722,zscore,zscore,N/A
2025-01-01 20:42:00,1242.0,22.096950314255437,22.096950314255437,22.096950314255437,22.096950314255437,0,0,0,0.3737611380805498,zscore,zscore,N/A
2025-01-01 20:43:00,1243.0,21.9557192241104,21.9557192241104,21.9557192241104,21.9557192241104,0,0,0,0.0019822040636862147,zscore,zscore,N/A
2025-01-01 20:44:00,1244.0,21.860189049439526,21.860189049439526,21.860189049439526,21.860189049439526,0,0,0,0.2777411844724138,zscore,zscore,N/A
2025-01-01 20:45:00,1245.0,21.52158907981996,21.52158907981996,21.52158907981996,21.52158907981996,0,0,0,1.233244903836944,zscore,zscore,N/A
2025-01-01 20:46:00,1246.0,22.154080031970917,22.154080031970917,22.154080031970917,22.154080031970917,0,0,0,0.5810253776608763,zscore,zscore,N/A
2025-01-01 20:47:00,1247.0,21.840189748101427,21.840189748101427,21.840189748101427,21.840189748101427,0,0,0,0.24063783824895318,zscore,zscore,N/A
2025-01-01 20:48:00,1248.0,21.649024949286915,21.649024949286915,21.649024949286915,21.649024949286915,0,0,0,0.8109529179408399,zscore,zscore,N/A
2025-01-01 20:49:00,1249.0,21.138321336015505,21.138321336015505,21.138321336015505,21.138321336015505,0,0,0,2.370427360221482,zscore,zscore,N/A
2025-01-01 20:50:00,1250.0,21.99174552848481,21.99174552848481,21.99174552848481,21.99174552848481,0,0,0,0.129023948325955,zscore,zscore,N/A
2025-01-01 20:51:00,1251.0,22.531675479000924,22.531675479000924,22.531675479000924,22.531675479000924,0,0,0,1.7814024708668894,zscore,zscore,N/A
2025-01-01 20:52:00,1252.0,22.49837776436436,22.49837776436436,22.49837776436436,22.49837776436436,0,0,0,1.712962872030031,zscore,zscore,N/A
2025-01-01 20:53:00,1253.0,21.86287112302412,21.86287112302412,21.86287112302412,21.86287112302412,0,0,0,0.24454481222540794,zscore,zscore,N/A
2025-01-01 20:54:00,1254.0,21.819336381891468,21.819336381891468,21.819336381891468,21.819336381891468,0,0,0,0.16529973819680596,zscore,zscore,N/A
2025-01-01 20:55:00,1255.0,22.140632276822508,22.140632276822508,22.140632276822508,22.140632276822508,0,0,0,0.30847915468058695,zscore,zscore,N/A
2025-01-01 20:56:00,1256.0,21.70048436824351,21.70048436824351,21.70048436824351,21.70048436824351,0,0,0,0.2155633175982308,zscore,zscore,N/A
2025-01-01 20:57:00,1257.0,22.09053756994584,22.09053756994584,22.09053756994584,22.09053756994584,0,0,0,0.37087641966029494,zscore,zscore,N/A
2025-01-01 20:58:00,1258.0,22.229824083515407,22.229824083515407,22.229824083515407,22.229824083515407,0,0,0,0.4109316469675589,zscore,zscore,N/A
2025-01-01 20:59:00,1259.0,22.368079967165293,22.368079967165293,22.368079967165293,22.368079967165293,0,0,0,0.45769210153176204,zscore,zscore,N/A
2025-01-01 21:00:00,1260.0,21.969953777056013,21.969953777056013,21.969953777056013,21.969953777056013,0,0,0,0.29173731070895886,zscore,zscore,N/A
2025-01-01 21:01:00,1261.0,21.93889787494691,21.93889787494691,21.93889787494691,21.93889787494691,0,0,0,0.2842173771162083,zscore,zscore,N/A
2025-01-01 21:02:00,1262.0,21.736605223973037,21.736605223973037,21.736605223973037,21.736605223973037,0,0,0,0.23215072825990338,zscore,zscore,N/A
2025-01-01 21:03:00,1263.0,21.75193589378804,21.75193589378804,21.75193589378804,21.75193589378804,0,0,0,0.24264683478549443,zscore,zscore,N/A
2025-01-01 21:04:00,1264.0,11.932056332429545,21.93889787494691,21.93889787494691,21.93889787494691,1,1,1,3.4811707969619867,zscore,zscore,N/A
2025-01-01 21:05:00,1265.0,22.11020965204485,22.11020965204485,22.11020965204485,22.11020965204485,0,0,0,0.3693370657723454,zscore,zscore,N/A
2025-01-01 21:06:00,1266.0,14.274075387869974,21.93889787494691,21.93889787494691,14.274075387869974,1,1,0,2.5950531690255376,zscore,zscore,N/A
2025-01-01 21:07:00,1267.0,21.759046314795896,21.759046314795896,21.759046314795896,21.759046314795896,0,0,0,0.2300914428465347,zscore,zscore,N/A
2025-01-01 21:08:00,1268.0,22.447806570687856,22.447806570687856,22.447806570687856,22.447806570687856,0,0,0,0.5015745687887585,zscore,zscore,N/A
2025-01-01 21:09:00,1269.0,21.91866291968723,21.91866291968723,21.91866291968723,21.91866291968723,0,0,0,0.30897101768222435,zscore,zscore,N/A
2025-01-01 21:10:00,1270.0,21.99358981169547,21.99358981169547,21.99358981169547,21.99358981169547,0,0,0,0.34012290094250347,zscore,zscore,N/A
2025-01-01 21:11:00,1271.0,21.775836496255653,21.775836496255653,21.775836496255653,21.775836496255653,0,0,0,0.2640872431138205,zscore,zscore,N/A
2025-01-01 21:12:00,1272.0,21.27272792191812,21.27272792191812,21.27272792191812,21.27272792191812,0,0,0,0.06981487315984708,zscore,zscore,N/A
2025-01-01 21:13:00,1273.0,22.26521361890832,22.26521361890832,22.26521361890832,22.26521361890832,0,0,0,0.4500895789862871,zscore,zscore,N/A
2025-01-01 21:14:00,1274.0,22.22105316912773,22.22105316912773,22.22105316912773,22.22105316912773,0,0,0,0.4252861164189727,zscore,zscore,N/A
2025-01-01 21:15:00,1275.0,21.915601732864538,21.915601732864538,21.915601732864538,21.915601732864538,0,0,0,0.20278265157369468,zscore,zscore,N/A
2025-01-01 21:16:00,1276.0,22.02009721516746,22.02009721516746,22.02009721516746,22.02009721516746,0,0,0,0.2836869829535331,zscore,zscore,N/A
2025-01-01 21:17:00,1277.0,22.15478176531123,22.15478176531123,22.15478176531123,22.15478176531123,0,0,0,0.7272422288344994,zscore,zscore,N/A
2025-01-01 21:18:00,1278.0,21.53123624293404,21.53123624293404,21.53123624293404,21.53123624293404,0,0,0,1.350316732634849,zscore,zscore,N/A
2025-01-01 21:19:00,1279.0,21.84128419679611,21.84128419679611,21.84128419679611,21.84128419679611,0,0,0,0.22413048820508005,zscore,zscore,N/A
2025-01-01 21:20:00,1280.0,22.238279403886548,22.238279403886548,22.238279403886548,22.238279403886548,0,0,0,1.162539512039862,zscore,zscore,N/A
2025-01-01 21:21:00,1281.0,21.623713173049225,21.623713173049225,21.623713173049225,21.623713173049225,0,0,0,1.0253846761441703,zscore,zscore,N/A
2025-01-01 21:22:00,1282.0,22.08806737964999,22.08806737964999,22.08806737964999,22.08806737964999,0,0,0,0.55065188405348,zscore,zscore,N/A
2025-01-01 21:23:00,1283.0,21.593025458612978,21.593025458612978,21.593025458612978,21.593025458612978,0,0,0,1.4019133381035358,zscore,zscore,N/A
2025-01-01 21:24:00,1284.0,22.13992899473006,22.13992899473006,22.13992899473006,22.13992899473006,0,0,0,0.7343644577485441,zscore,zscore,N/A
2025-01-01 21:25:00,1285.0,21.98930755531076,21.98930755531076,21.98930755531076,21.98930755531076,0,0,0,0.14666441468785518,zscore,zscore,N/A
2025-01-01 21:26:00,1286.0,21.515460455228347,21.515460455228347,21.515460455228347,21.515460455228347,0,0,0,1.7363973917922015,zscore,zscore,N/A
2025-01-01 21:27:00,1287.0,22.34942180633715,22.34942180633715,22.34942180633715,22.34942180633715,0,0,0,1.556128680862921,zscore,zscore,N/A
2025-01-01 21:28:00,1288.0,21.779622526960587,21.779622526960587,21.779622526960587,21.779622526960587,0,0,0,0.6034783459976952,zscore,zscore,N/A
2025-01-01 21:29:00,1289.0,21.756924268895684,21.756924268895684,21.756924268895684,21.756924268895684,0,0,0,0.8376525783065142,zscore,zscore,N/A
2025-01-01 21:30:00,1290.0,22.06017075916928,22.06017075916928,22.06017075916928,22.06017075916928,0,0,0,0.4546204551902321,zscore,zscore,N/A
2025-01-01 21:31:00,1291.0,22.34459120482861,22.34459120482861,22.34459120482861,22.34459120482861,0,0,0,1.5346296923676703,zscore,zscore,N/A
2025-01-01 21:32:00,1292.0,21.69525345430648,21.69525345430648,21.69525345430648,21.69525345430648,0,0,0,0.775362228389804,zscore,zscore,N/A
2025-01-01 21:33:00,1293.0,22.01850395495439,22.01850395495439,22.01850395495439,22.01850395495439,0,0,0,0.3018205261794167,zscore,zscore,N/A
2025-01-01 21:34:00,1294.0,22.12864495009917,22.12864495009917,22.12864495009917,22.12864495009917,0,0,0,0.6701189220366628,zscore,zscore,N/A
2025-01-01 21:35:00,1295.0,22.207931682178945,22.207931682178945,22.207931682178945,22.207931682178945,0,0,0,0.9869971434033572,zscore,zscore,N/A
2025-01-01 21:36:00,1296.0,22.05293246658317,22.05293246658317,22.05293246658317,22.05293246658317,0,0,0,0.14706573735435338,zscore,zscore,N/A
2025-01-01 21:37:00,1297.0,21.889891648275004,21.889891648275004,21.889891648275004,21.889891648275004,0,0,0,0.24521186508753892,zscore,zscore,N/A
2025-01-01 21:38:00,1298.0,21.751722933805382,21.751722933805382,21.751722933805382,21.751722933805382,0,0,0,0.30014490204711286,zscore,zscore,N/A
2025-01-01 21:39:00,1299.0,22.025843164913912,22.025843164913912,22.025843164913912,22.025843164913912,0,0,0,0.1761325284149417,zscore,zscore,N/A
2025-01-01 21:40:00,1300.0,21.67835829640432,21.67835829640432,21.67835829640432,21.67835829640432,0,0,0,0.33780254373917706,zscore,zscore,N/A
2025-01-01 21:41:00,1301.0,21.12359485495162,21.12359485495162,21.12359485495162,21.12359485495162,0,0,0,0.5971377578917243,zscore,zscore,N/A
2025-01-01 21:42:00,1302.0,22.1309679412473,22.1309679412473,22.1309679412473,22.1309679412473,0,0,0,0.12858461350283074,zscore,zscore,N/A
2025-01-01 21:43:00,1303.0,22.271180452325854,22.271180452325854,22.271180452325854,22.271180452325854,0,0,0,0.06656656873924502,zscore,zscore,N/A
2025-01-01 21:44:00,1304.0,21.291120269337448,21.291120269337448,21.291120269337448,21.291120269337448,0,0,0,0.5063407363086382,zscore,zscore,N/A
2025-01-01 21:45:00,1305.0,21.69708078858702,21.69708078858702,21.69708078858702,21.69708078858702,0,0,0,0.3131615058816862,zscore,zscore,N/A
2025-01-01 21:46:00,1306.0,32.18574627830156,21.889891648275004,21.889891648275004,21.889891648275004,1,1,1,4.424099938258169,zscore,zscore,N/A
2025-01-01 21:47:00,1307.0,22.61724864091351,22.61724864091351,21.85517694334539,22.61724864091351,0,1,0,0.2138085410048356,zscore,zscore,N/A
2025-01-01 21:48:00,1308.0,22.006238112302626,22.006238112302626,22.006238112302626,22.006238112302626,0,0,0,0.009310599868781634,zscore,zscore,N/A
2025-01-01 21:49:00,1309.0,21.78159911763126,21.78159911763126,21.78159911763126,21.78159911763126,0,0,0,0.09301433923979596,zscore,zscore,N/A
2025-01-01 21:50:00,1310.0,21.945131067668548,21.945131067668548,21.945131067668548,21.945131067668548,0,0,0,0.03228938297591885,zscore,zscore,N/A
2025-01-01 21:51:00,1311.0,22.412462925744457,22.412462925744457,22.412462925744457,22.412462925744457,0,0,0,0.13815598895651085,zscore,zscore,N/A
2025-01-01 21:52:00,1312.0,21.80621074626264,21.80621074626264,21.80621074626264,21.80621074626264,0,0,0,0.0994503656561174,zscore,zscore,N/A
2025-01-01 21:53:00,1313.0,21.760242398004923,21.760242398004923,21.760242398004923,21.760242398004923,0,0,0,0.11335905615065117,zscore,zscore,N/A
2025-01-01 21:54:00,1314.0,21.85517694334539,21.85517694334539,21.85517694334539,21.85517694334539,0,0,0,0.07358912807612815,zscore,zscore,N/A
2025-01-01 21:55:00,1315.0,21.714001417522383,21.714001417522383,21.714001417522383,21.714001417522383,0,0,0,0.1529980042286337,zscore,zscore,N/A
2025-01-01 21:56:00,1316.0,22.03680109479844,22.03680109479844,22.03680109479844,22.03680109479844,0,0,0,0.0435036071432148,zscore,zscore,N/A
2025-01-01 21:57:00,1317.0,14.487403537540867,21.945131067668548,21.945131067668548,21.945131067668548,1,1,1,4.388266680953193,zscore,zscore,N/A
2025-01-01 21:58:00,1318.0,22.09692378193481,22.09692378193481,22.09692378193481,22.09692378193481,0,0,0,0.2902079506249259,zscore,zscore,N/A
2025-01-01 21:59:00,1319.0,21.924293949362117,21.924293949362117,21.924293949362117,21.924293949362117,0,0,0,0.17325863398400965,zscore,zscore,N/A
2025-01-01 22:00:00,1320.0,21.912456619325337,21.912456619325337,21.912456619325337,21.912456619325337,0,0,0,0.15841146111767865,zscore,zscore,N/A
2025-01-01 22:01:00,1321.0,21.531042757391003,21.531042757391003,21.531042757391003,21.531042757391003,0,0,0,0.13770498472621517,zscore,zscore,N/A
2025-01-01 22:02:00,1322.0,22.26493293314415,22.26493293314415,22.26493293314415,22.26493293314415,0,0,0,0.17722054751633515,zscore,zscore,N/A
2025-01-01 22:03:00,1323.0,21.97664884089616,21.97664884089616,21.97664884089616,21.97664884089616,0,0,0,0.09685102479406366,zscore,zscore,N/A
2025-01-01 22:04:00,1324.0,21.94585602592281,21.94585602592281,21.94585602592281,21.94585602592281,0,0,0,0.07748350149852108,zscore,zscore,N/A
2025-01-01 22:05:00,1325.0,22.957932270353457,22.957932270353457,22.957932270353457,22.957932270353457,0,0,0,0.3530469610206438,zscore,zscore,N/A
2025-01-01 22:06:00,1326.0,22.089625872509707,22.089625872509707,22.089625872509707,22.089625872509707,0,0,0,0.10922843665524687,zscore,zscore,N/A
2025-01-01 22:07:00,1327.0,21.774462684971446,21.774462684971446,21.774462684971446,21.774462684971446,0,0,0,0.01685003882583921,zscore,zscore,N/A
2025-01-01 22:08:00,1328.0,21.872092721138337,21.872092721138337,21.872092721138337,21.872092721138337,0,0,0,0.06247547150330158,zscore,zscore,N/A
2025-01-01 22:09:00,1329.0,22.344533712759027,22.344533712759027,22.344533712759027,22.344533712759027,0,0,0,0.08235018269672567,zscore,zscore,N/A
2025-01-01 22:10:00,1330.0,22.03398112316133,22.03398112316133,22.03398112316133,22.03398112316133,0,0,0,0.017676764509309415,zscore,zscore,N/A
2025-01-01 22:11:00,1331.0,11.56851660650479,22.03398112316133,22.03398112316133,22.03398112316133,1,1,1,3.275010175213968,zscore,zscore,N/A
2025-01-01 22:12:00,1332.0,32.275768680372565,22.03398112316133,22.03398112316133,22.03398112316133,1,1,1,3.1725356793820048,zscore,zscore,N/A
2025-01-01 22:13:00,1333.0,21.799556774338303,21.799556774338303,21.799556774338303,21.799556774338303,0,0,0,0.18588356666084957,zscore,zscore,N/A
2025-01-01 22:14:00,1334.0,22.561989332865263,22.561989332865263,22.561989332865263,22.561989332865263,0,0,0,0.023709314350136623,zscore,zscore,N/A
2025-01-01 22:15:00,1335.0,22.324014419714395,22.324014419714395,22.324014419714395,22.324014419714395,0,0,0,0.04051053019448914,zscore,zscore,N/A
2025-01-01 22:16:00,1336.0,21.86580343130237,21.86580343130237,21.86580343130237,21.86580343130237,0,0,0,0.14955693415176935,zscore,zscore,N/A
2025-01-01 22:17:00,1337.0,22.384304908520534,22.384304908520534,22.384304908520534,22.384304908520534,0,0,0,0.008296310982006184,zscore,zscore,N/A
2025-01-01 22:18:00,1338.0,22.02035665315822,22.02035665315822,22.02035665315822,22.02035665315822,0,0,0,0.11887366555850702,zscore,zscore,N/A
2025-01-01 22:19:00,1339.0,22.255832102536665,22.255832102536665,22.255832102536665,22.255832102536665,0,0,0,0.05192040086699324,zscore,zscore,N/A
2025-01-01 22:20:00,1340.0,22.145419845188343,22.145419845188343,22.145419845188343,22.145419845188343,0,0,0,0.07769760887234152,zscore,zscore,N/A
2025-01-01 22:21:00,1341.0,21.74609300350274,21.74609300350274,21.74609300350274,21.74609300350274,0,0,0,0.1919927373675086,zscore,zscore,N/A
2025-01-01 22:22:00,1342.0,21.80693505030476,21.80693505030476,21.80693505030476,21.80693505030476,0,0,0,0.41508280070042786,zscore,zscore,N/A
2025-01-01 22:23:00,1343.0,30.30898824527435,22.02035665315822,22.02035665315822,22.02035665315822,1,1,1,4.420206021281931,zscore,zscore,N/A
2025-01-01 22:24:00,1344.0,21.89956740036804,21.89956740036804,21.89956740036804,21.89956740036804,0,0,0,0.3126003528655393,zscore,zscore,N/A
2025-01-01 22:25:00,1345.0,21.8789054610274,21.8789054610274,21.8789054610274,21.8789054610274,0,0,0,0.3124077139310657,zscore,zscore,N/A
2025-01-01 22:26:00,1346.0,21.713463226195195,21.713463226195195,21.713463226195195,21.713463226195195,0,0,0,0.3945747702404811,zscore,zscore,N/A
2025-01-01 22:27:00,1347.0,22.12707971967804,22.12707971967804,22.12707971967804,22.12707971967804,0,0,0,0.17433134638130868,zscore,zscore,N/A
2025-01-01 22:28:00,1348.0,22.618757475772945,22.618757475772945,22.618757475772945,22.618757475772945,0,0,0,0.10296560518942116,zscore,zscore,N/A
2025-01-01 22:29:00,1349.0,21.67974012572372,21.67974012572372,21.67974012572372,21.67974012572372,0,0,0,0.44571783024381323,zscore,zscore,N/A
2025-01-01 22:30:00,1350.0,22.007265837001828,22.007265837001828,22.007265837001828,22.007265837001828,0,0,0,0.25911051695212695,zscore,zscore,N/A
2025-01-01 22:31:00,1351.0,22.423666166624628,22.423666166624628,22.423666166624628,22.423666166624628,0,0,0,0.02355321869371001,zscore,zscore,N/A
2025-01-01 22:32:00,1352.0,21.976107582626284,21.976107582626284,21.976107582626284,21.976107582626284,0,0,0,0.048880457625497004,zscore,zscore,N/A
2025-01-01 22:33:00,1353.0,22.13571153887492,22.13571153887492,22.13571153887492,22.13571153887492,0,0,0,0.012725731715933986,zscore,zscore,N/A
2025-01-01 22:34:00,1354.0,21.681281941555937,21.681281941555937,21.681281941555937,21.681281941555937,0,0,0,0.01816059951263635,zscore,zscore,N/A
2025-01-01 22:35:00,1355.0,22.128492129162293,22.128492129162293,22.128492129162293,22.128492129162293,0,0,0,0.2394061506932909,zscore,zscore,N/A
2025-01-01 22:36:00,1356.0,21.94385672049864,21.94385672049864,21.94385672049864,21.94385672049864,0,0,0,0.1281342011939157,zscore,zscore,N/A
2025-01-01 22:37:00,1357.0,22.29571899870396,22.29571899870396,22.29571899870396,22.29571899870396,0,0,0,0.31113395926003196,zscore,zscore,N/A
2025-01-01 22:38:00,1358.0,22.356215815469422,22.356215815469422,22.356215815469422,22.356215815469422,0,0,0,0.3580197066109829,zscore,zscore,N/A
2025-01-01 22:39:00,1359.0,22.776869092605583,22.776869092605583,22.776869092605583,22.776869092605583,0,0,0,0.6094674409579872,zscore,zscore,N/A
2025-01-01 22:40:00,1360.0,22.17388995196407,22.17388995196407,22.17388995196407,22.17388995196407,0,0,0,0.2411549639607852,zscore,zscore,N/A
2025-01-01 22:41:00,1361.0,22.09773889497465,22.09773889497465,22.09773889497465,22.09773889497465,0,0,0,0.1985738866464408,zscore,zscore,N/A
2025-01-01 22:42:00,1362.0,14.0583152904732,22.09773889497465,22.09773889497465,22.09773889497465,1,1,1,4.407398962094488,zscore,zscore,N/A
2025-01-01 22:43:00,1363.0,21.894050112156798,21.894050112156798,21.894050112156798,21.894050112156798,0,0,0,0.11519772074109244,zscore,zscore,N/A
2025-01-01 22:44:00,1364.0,22.101545153038508,22.101545153038508,22.101545153038508,22.101545153038508,0,0,0,0.22742819722413996,zscore,zscore,N/A
2025-01-01 22:45:00,1365.0,21.911379576958293,21.911379576958293,21.911379576958293,21.911379576958293,0,0,0,0.10935398743499332,zscore,zscore,N/A
2025-01-01 22:46:00,1366.0,22.050538292880884,22.050538292880884,22.050538292880884,22.050538292880884,0,0,0,0.20141410826630432,zscore,zscore,N/A
2025-01-01 22:47:00,1367.0,22.395279260682383,22.395279260682383,22.395279260682383,22.395279260682383,0,0,0,0.4027341350997631,zscore,zscore,N/A
2025-01-01 22:48:00,1368.0,21.69803723041611,21.69803723041611,21.69803723041611,21.69803723041611,0,0,0,0.002167105314226531,zscore,zscore,N/A
2025-01-01 22:49:00,1369.0,22.341963568338716,22.341963568338716,22.341963568338716,22.341963568338716,0,0,0,0.3792902531284077,zscore,zscore,N/A
2025-01-01 22:50:00,1370.0,22.39513452020196,22.39513452020196,22.39513452020196,22.39513452020196,0,0,0,0.43739841325700685,zscore,zscore,N/A
2025-01-01 22:51:00,1371.0,21.964579441902675,21.964579441902675,21.964579441902675,21.964579441902675,0,0,0,0.019368432591670592,zscore,zscore,N/A
2025-01-01 22:52:00,1372.0,21.36344353029742,21.36344353029742,21.36344353029742,21.36344353029742,0,0,0,0.2599403035085533,zscore,zscore,N/A
2025-01-01 22:53:00,1373.0,21.81765340387167,21.81765340387167,21.81765340387167,21.81765340387167,0,0,0,0.3226149435568312,zscore,zscore,N/A
2025-01-01 22:54:00,1374.0,22.389098363968333,22.389098363968333,22.389098363968333,22.389098363968333,0,0,0,0.003484457924639086,zscore,zscore,N/A
2025-01-01 22:55:00,1375.0,21.99313958131033,21.99313958131033,21.99313958131033,21.99313958131033,0,0,0,0.23064880288931916,zscore,zscore,N/A
2025-01-01 22:56:00,1376.0,21.700209330311527,21.700209330311527,21.700209330311527,21.700209330311527,0,0,0,0.41631530395649496,zscore,zscore,N/A
2025-01-01 22:57:00,1377.0,21.848567523631534,21.848567523631534,21.848567523631534,21.848567523631534,0,0,0,0.3407062048259152,zscore,zscore,N/A
2025-01-01 22:58:00,1378.0,22.25218600795137,22.25218600795137,22.25218600795137,22.25218600795137,0,0,0,0.10006728419826995,zscore,zscore,N/A
2025-01-01 22:59:00,1379.0,22.164020070460413,22.164020070460413,22.164020070460413,22.164020070460413,0,0,0,0.15716507457872633,zscore,zscore,N/A
2025-01-01 23:00:00,1380.0,21.928320370249093,21.928320370249093,21.928320370249093,21.928320370249093,0,0,0,0.28993532477832207,zscore,zscore,N/A
2025-01-01 23:01:00,1381.0,29.889952676455597,21.992741318082725,21.992741318082725,21.992741318082725,1,1,1,4.413203895655059,zscore,zscore,N/A
2025-01-01 23:02:00,1382.0,21.882472555286853,21.882472555286853,21.882472555286853,21.882472555286853,0,0,0,0.29799382633883137,zscore,zscore,N/A
2025-01-01 23:03:00,1383.0,21.72327694465045,21.72327694465045,21.72327694465045,21.72327694465045,0,0,0,0.4155590442177841,zscore,zscore,N/A
2025-01-01 23:04:00,1384.0,22.48461270684083,22.48461270684083,22.48461270684083,22.48461270684083,0,0,0,0.04056829506589895,zscore,zscore,N/A
2025-01-01 23:05:00,1385.0,21.9033038592366,21.9033038592366,21.9033038592366,21.9033038592366,0,0,0,0.3024601310925248,zscore,zscore,N/A
2025-01-01 23:06:00,1386.0,22.36514755624765,22.36514755624765,22.36514755624765,22.36514755624765,0,0,0,0.1539249763523356,zscore,zscore,N/A
2025-01-01 23:07:00,1387.0,22.456394815576736,22.456394815576736,22.456394815576736,22.456394815576736,0,0,0,0.18027942803147975,zscore,zscore,N/A
2025-01-01 23:08:00,1388.0,22.299493269444387,22.299493269444387,22.299493269444387,22.299493269444387,0,0,0,0.12051346719761998,zscore,zscore,N/A
2025-01-01 23:09:00,1389.0,21.870513906184584,21.870513906184584,21.870513906184584,21.870513906184584,0,0,0,0.026367857423679083,zscore,zscore,N/A
2025-01-01 23:10:00,1390.0,22.12111902710098,22.12111902710098,22.12111902710098,22.12111902710098,0,0,0,0.06251552389479549,zscore,zscore,N/A
2025-01-01 23:11:00,1391.0,21.992741318082725,21.992741318082725,21.992741318082725,21.992741318082725,0,0,0,0.01807736971197932,zscore,zscore,N/A
2025-01-01 23:12:00,1392.0,21.72888944178096,21.72888944178096,21.72888944178096,21.72888944178096,0,0,0,0.0687417673845062,zscore,zscore,N/A
2025-01-01 23:13:00,1393.0,22.09730778451648,22.09730778451648,22.09730778451648,22.09730778451648,0,0,0,0.24363232097044757,zscore,zscore,N/A
2025-01-01 23:14:00,1394.0,21.646288062652054,21.646288062652054,21.646288062652054,21.646288062652054,0,0,0,0.030321805270102715,zscore,zscore,N/A
2025-01-01 23:15:00,1395.0,22.356303816538468,22.356303816538468,22.356303816538468,22.356303816538468,0,0,0,0.35253264449422483,zscore,zscore,N/A
2025-01-01 23:16:00,1396.0,11.860614810810482,22.06034789676185,22.06034789676185,22.06034789676185,1,1,1,4.439686140214942,zscore,zscore,N/A
2025-01-01 23:17:00,1397.0,22.06034789676185,22.06034789676185,22.06034789676185,22.06034789676185,0,0,0,0.23492078577193357,zscore,zscore,N/A
2025-01-01 23:18:00,1398.0,22.08498636146384,22.08498636146384,22.08498636146384,22.08498636146384,0,0,0,0.25339770832164826,zscore,zscore,N/A
2025-01-01 23:19:00,1399.0,21.92232850788878,21.92232850788878,21.92232850788878,21.92232850788878,0,0,0,0.18433577982570945,zscore,zscore,N/A
2025-01-01 23:20:00,1400.0,22.176008140442583,22.176008140442583,22.176008140442583,22.176008140442583,0,0,0,0.2956086399144862,zscore,zscore,N/A
2025-01-01 23:21:00,1401.0,21.857528903013243,21.857528903013243,21.857528903013243,21.857528903013243,0,0,0,0.14862736562662685,zscore,zscore,N/A
2025-01-01 23:22:00,1402.0,22.26138918923717,22.26138918923717,22.26138918923717,22.26138918923717,0,0,0,0.3295549744715653,zscore,zscore,N/A
2025-01-01 23:23:00,1403.0,21.59620609592597,21.59620609592597,21.59620609592597,21.59620609592597,0,0,0,0.010933103460164162,zscore,zscore,N/A
2025-01-01 23:24:00,1404.0,22.037913873863925,22.037913873863925,22.037913873863925,22.037913873863925,0,0,0,0.21255406273837418,zscore,zscore,N/A
2025-01-01 23:25:00,1405.0,22.58167869971749,22.58167869971749,22.08498636146384,22.58167869971749,0,1,0,0.45505347949202857,zscore,zscore,N/A
2025-01-01 23:26:00,1406.0,21.699900602618328,21.699900602618328,21.699900602618328,21.699900602618328,0,0,0,0.0913254063242125,zscore,zscore,N/A
2025-01-01 23:27:00,1407.0,21.796676508842545,21.796676508842545,21.796676508842545,21.796676508842545,0,0,0,0.3861567538081338,zscore,zscore,N/A
2025-01-01 23:28:00,1408.0,22.154172354897675,22.154172354897675,22.154172354897675,22.154172354897675,0,0,0,0.1784226566381243,zscore,zscore,N/A
2025-01-01 23:29:00,1409.0,22.05387453458188,22.05387453458188,22.05387453458188,22.05387453458188,0,0,0,0.2248286243851714,zscore,zscore,N/A
2025-01-01 23:30:00,1410.0,22.105189029782068,22.105189029782068,22.105189029782068,22.105189029782068,0,0,0,0.2071127394686432,zscore,zscore,N/A
2025-01-01 23:31:00,1411.0,22.1467561390443,22.1467561390443,22.1467561390443,22.1467561390443,0,0,0,0.17732934800479092,zscore,zscore,N/A
2025-01-01 23:32:00,1412.0,22.19041644056853,22.19041644056853,22.19041644056853,22.19041644056853,0,0,0,0.27959801943723195,zscore,zscore,N/A
2025-01-01 23:33:00,1413.0,22.332909952586867,22.332909952586867,22.332909952586867,22.332909952586867,0,0,0,0.2240231310486282,zscore,zscore,N/A
2025-01-01 23:34:00,1414.0,22.122945597078555,22.122945597078555,22.122945597078555,22.122945597078555,0,0,0,0.31086126281730453,zscore,zscore,N/A
2025-01-01 23:35:00,1415.0,21.92762270361444,21.92762270361444,21.92762270361444,21.92762270361444,0,0,0,0.3856317577320128,zscore,zscore,N/A
2025-01-01 23:36:00,1416.0,30.20177211036082,22.105189029782068,22.105189029782068,30.20177211036082,1,1,0,2.8419149486493014,zscore,zscore,N/A
2025-01-01 23:37:00,1417.0,22.569964580468564,22.569964580468564,22.569964580468564,22.569964580468564,0,0,0,0.13310348193934912,zscore,zscore,N/A
2025-01-01 23:38:00,1418.0,21.960209876085223,21.960209876085223,21.960209876085223,21.960209876085223,0,0,0,0.3796450261007697,zscore,zscore,N/A
2025-01-01 23:39:00,1419.0,21.707641208598808,21.707641208598808,21.707641208598808,21.707641208598808,0,0,0,0.4722073248459827,zscore,zscore,N/A
2025-01-01 23:40:00,1420.0,22.33212420078609,22.33212420078609,22.33212420078609,22.33212420078609,0,0,0,0.2304815238584714,zscore,zscore,N/A
2025-01-01 23:41:00,1421.0,21.96388565081392,21.96388565081392,21.96388565081392,21.96388565081392,0,0,0,0.3704330334587273,zscore,zscore,N/A
2025-01-01 23:42:00,1422.0,31.348199136195788,22.122945597078555,22.122945597078555,22.122945597078555,1,1,1,3.2897444719308404,zscore,zscore,N/A
2025-01-01 23:43:00,1423.0,22.254226503145127,22.254226503145127,22.254226503145127,22.254226503145127,0,0,0,0.25856603041106735,zscore,zscore,N/A
2025-01-01 23:44:00,1424.0,21.839401544213825,21.839401544213825,21.839401544213825,21.839401544213825,0,0,0,0.4074393895237645,zscore,zscore,N/A
2025-01-01 23:45:00,1425.0,21.97284001530875,21.97284001530875,21.97284001530875,21.97284001530875,0,0,0,0.35968085270947214,zscore,zscore,N/A
2025-01-01 23:46:00,1426.0,22.099594099170705,22.099594099170705,22.099594099170705,22.099594099170705,0,0,0,0.30853022272772335,zscore,zscore,N/A
2025-01-01 23:47:00,1427.0,22.05714990393372,22.05714990393372,22.05714990393372,22.05714990393372,0,0,0,0.22998137770362675,zscore,zscore,N/A
2025-01-01 23:48:00,1428.0,22.21283554514171,22.21283554514171,22.21283554514171,22.21283554514171,0,0,0,0.14048314665353334,zscore,zscore,N/A
2025-01-01 23:49:00,1429.0,21.86935408882905,21.86935408882905,21.86935408882905,21.86935408882905,0,0,0,0.327933946378861,zscore,zscore,N/A
2025-01-01 23:50:00,1430.0,22.153931739452823,22.153931739452823,22.153931739452823,22.153931739452823,0,0,0,0.1903576853692257,zscore,zscore,N/A
2025-01-01 23:51:00,1431.0,21.922135996724823,21.922135996724823,21.922135996724823,21.922135996724823,0,0,0,0.2962035840103622,zscore,zscore,N/A
2025-01-01 23:52:00,1432.0,22.221643144266253,22.221643144266253,22.221643144266253,22.221643144266253,0,0,0,0.14612572626976625,zscore,zscore,N/A
2025-01-01 23:53:00,1433.0,22.18461024520392,22.18461024520392,22.18461024520392,22.18461024520392,0,0,0,0.6238023421129898,zscore,zscore,N/A
2025-01-01 23:54:00,1434.0,21.71936838938662,21.71936838938662,21.71936838938662,21.71936838938662,0,0,0,0.06384415821566096,zscore,zscore,N/A
2025-01-01 23:55:00,1435.0,22.32579463485251,22.32579463485251,22.32579463485251,22.32579463485251,0,0,0,0.3603178146640962,zscore,zscore,N/A
2025-01-01 23:56:00,1436.0,21.839210966465785,21.839210966465785,21.839210966465785,21.839210966465785,0,0,0,0.1350295660483257,zscore,zscore,N/A
2025-01-01 23:57:00,1437.0,22.242417339484344,22.242417339484344,22.242417339484344,22.242417339484344,0,0,0,0.3374705024839501,zscore,zscore,N/A
2025-01-01 23:58:00,1438.0,22.110186194020404,22.110186194020404,22.110186194020404,22.110186194020404,0,0,0,0.2686776377055949,zscore,zscore,N/A
2025-01-01 23:59:00,1439.0,22.55145510303854,22.55145510303854,22.55145510303854,22.55145510303854,0,0,0,0.4711487079272222,zscore,zscore,N/A
2025-01-02 00:00:00,1440.0,21.932960205288445,21.932960205288445,21.932960205288445,21.932960205288445,0,0,0,0.1745157511178624,zscore,zscore,N/A
2025-01-02 00:01:00,1441.0,21.89520496116454,21.89520496116454,21.89520496116454,21.89520496116454,0,0,0,0.16136492618072515,zscore,zscore,N/A
2025-01-02 00:02:00,1442.0,21.99417411823368,21.99417411823368,21.99417411823368,21.99417411823368,0,0,0,0.3116924240516999,zscore,zscore,N/A
2025-01-02 00:03:00,1443.0,21.90904606514972,21.90904606514972,21.90904606514972,21.90904606514972,0,0,0,0.2802026897226563,zscore,zscore,N/A
2025-01-02 00:04:00,1444.0,12.239982570582615,21.932960205288445,21.932960205288445,21.932960205288445,1,1,1,3.030616314078488,zscore,zscore,N/A
2025-01-02 00:05:00,1445.0,21.515106817469025,21.515106817469025,21.515106817469025,21.515106817469025,0,0,0,0.013910192297469034,zscore,zscore,N/A
2025-01-02 00:06:00,1446.0,21.68389527425609,21.68389527425609,21.68389527425609,21.68389527425609,0,0,0,0.06275830309669432,zscore,zscore,N/A
2025-01-02 00:07:00,1447.0,21.679659123526243,21.679659123526243,21.679659123526243,21.679659123526243,0,0,0,0.05725976009275806,zscore,zscore,N/A
2025-01-02 00:08:00,1448.0,22.285092277592074,22.285092277592074,22.285092277592074,22.285092277592074,0,0,0,0.23337708476866184,zscore,zscore,N/A
2025-01-02 00:09:00,1449.0,22.513184011774577,22.513184011774577,22.513184011774577,22.513184011774577,0,0,0,0.29600696055771214,zscore,zscore,N/A
2025-01-02 00:10:00,1450.0,21.96866523443876,21.96866523443876,21.96866523443876,21.96866523443876,0,0,0,0.15894329972237922,zscore,zscore,N/A
2025-01-02 00:11:00,1451.0,21.949353483043,21.949353483043,21.949353483043,21.949353483043,0,0,0,0.14959762381941408,zscore,zscore,N/A
2025-01-02 00:12:00,1452.0,12.021015648933954,21.96866523443876,21.96866523443876,12.021015648933954,1,1,0,2.698595329028061,zscore,zscore,N/A
2025-01-02 00:13:00,1453.0,22.348563490782457,22.348563490782457,22.348563490782457,22.348563490782457,0,0,0,0.2730519868912229,zscore,zscore,N/A
2025-01-02 00:14:00,1454.0,21.721794059742827,21.721794059742827,21.721794059742827,21.721794059742827,0,0,0,0.08965228421095567,zscore,zscore,N/A
2025-01-02 00:15:00,1455.0,30.07151069482044,22.056874484979623,22.056874484979623,30.07151069482044,1,1,0,2.9006600238551927,zscore,zscore,N/A
2025-01-02 00:16:00,1456.0,22.29255928893473,22.29255928893473,22.29255928893473,22.29255928893473,0,0,0,0.1339982368699277,zscore,zscore,N/A
2025-01-02 00:17:00,1457.0,22.150328250981957,22.150328250981957,22.150328250981957,22.150328250981957,0,0,0,0.07333892217463724,zscore,zscore,N/A
2025-01-02 00:18:00,1458.0,22.056874484979623,22.056874484979623,22.056874484979623,22.056874484979623,0,0,0,0.026583282638655645,zscore,zscore,N/A
2025-01-02 00:19:00,1459.0,22.300313827770143,22.300313827770143,22.300313827770143,22.300313827770143,0,0,0,0.11103118424321728,zscore,zscore,N/A
2025-01-02 00:20:00,1460.0,21.18903031210023,21.18903031210023,22.153360779857493,21.18903031210023,0,1,0,0.28258564008729464,zscore,zscore,N/A
2025-01-02 00:21:00,1461.0,22.20336259585927,22.20336259585927,22.20336259585927,22.20336259585927,0,0,0,0.07272517715458424,zscore,zscore,N/A
2025-01-02 00:22:00,1462.0,21.80377729506177,21.80377729506177,21.80377729506177,21.80377729506177,0,0,0,0.0701543131197015,zscore,zscore,N/A
2025-01-02 00:23:00,1463.0,21.45081013094306,21.45081013094306,21.45081013094306,21.45081013094306,0,0,0,0.5771296247176522,zscore,zscore,N/A
2025-01-02 00:24:00,1464.0,22.153360779857493,22.153360779857493,22.153360779857493,22.153360779857493,0,0,0,0.16105337420738622,zscore,zscore,N/A
2025-01-02 00:25:00,1465.0,22.412097563548887,22.412097563548887,22.412097563548887,22.412097563548887,0,0,0,0.14085427600066502,zscore,zscore,N/A
2025-01-02 00:26:00,1466.0,21.958765445611693,21.958765445611693,21.958765445611693,21.958765445611693,0,0,0,0.14222865631530096,zscore,zscore,N/A
2025-01-02 00:27:00,1467.0,22.28586236416088,22.28586236416088,22.28586236416088,22.28586236416088,0,0,0,0.33233781837649023,zscore,zscore,N/A
2025-01-02 00:28:00,1468.0,22.483683477396596,22.483683477396596,22.483683477396596,22.483683477396596,0,0,0,0.444917608485038,zscore,zscore,N/A
2025-01-02 00:29:00,1469.0,22.394474336075213,22.394474336075213,22.394474336075213,22.394474336075213,0,0,0,0.39247183006175274,zscore,zscore,N/A
2025-01-02 00:30:00,1470.0,22.491989358811416,22.491989358811416,22.491989358811416,22.491989358811416,0,0,0,0.45481656489428474,zscore,zscore,N/A
2025-01-02 00:31:00,1471.0,22.22263824732157,22.22263824732157,22.22263824732157,22.22263824732157,0,0,0,0.27015507016939594,zscore,zscore,N/A
2025-01-02 00:32:00,1472.0,22.02263009167048,22.02263009167048,22.02263009167048,22.02263009167048,0,0,0,0.17027241276554606,zscore,zscore,N/A
2025-01-02 00:33:00,1473.0,21.51941025643085,21.51941025643085,21.51941025643085,21.51941025643085,0,0,0,0.1145900018798516,zscore,zscore,N/A
2025-01-02 00:34:00,1474.0,21.926181253561012,21.926181253561012,21.926181253561012,21.926181253561012,0,0,0,0.10162217767489226,zscore,zscore,N/A
2025-01-02 00:35:00,1475.0,13.74702602140514,22.036961442035345,22.036961442035345,22.036961442035345,1,1,1,4.410794881000687,zscore,zscore,N/A
2025-01-02 00:36:00,1476.0,22.651282815249346,22.651282815249346,22.651282815249346,22.651282815249346,0,0,0,0.5351730579870024,zscore,zscore,N/A
2025-01-02 00:37:00,1477.0,21.9472342562703,21.9472342562703,21.9472342562703,21.9472342562703,0,0,0,0.14327628904312664,zscore,zscore,N/A
2025-01-02 00:38:00,1478.0,22.036961442035345,22.036961442035345,22.036961442035345,22.036961442035345,0,0,0,0.204575927132538,zscore,zscore,N/A
2025-01-02 00:39:00,1479.0,22.16544561281214,22.16544561281214,22.16544561281214,22.16544561281214,0,0,0,0.2959099415957123,zscore,zscore,N/A
2025-01-02 00:40:00,1480.0,22.013080733911732,22.013080733911732,22.013080733911732,22.013080733911732,0,0,0,0.23345924401527257,zscore,zscore,N/A
2025-01-02 00:41:00,1481.0,22.508515312129227,22.508515312129227,21.9472342562703,22.508515312129227,0,1,0,0.5284325671345615,zscore,zscore,N/A
2025-01-02 00:42:00,1482.0,21.813205191479664,21.813205191479664,21.813205191479664,21.813205191479664,0,0,0,0.15428937124391726,zscore,zscore,N/A
2025-01-02 00:43:00,1483.0,22.058382236571173,22.058382236571173,22.058382236571173,22.058382236571173,0,0,0,0.28719758219646174,zscore,zscore,N/A
2025-01-02 00:44:00,1484.0,21.777258824290584,21.777258824290584,21.777258824290584,21.777258824290584,0,0,0,0.11433781476719748,zscore,zscore,N/A
2025-01-02 00:45:00,1485.0,21.603993246633788,21.603993246633788,21.603993246633788,21.603993246633788,0,0,0,0.026263607923822666,zscore,zscore,N/A
2025-01-02 00:46:00,1486.0,21.816469272728416,21.816469272728416,21.816469272728416,21.816469272728416,0,0,0,0.46587698825741086,zscore,zscore,N/A
2025-01-02 00:47:00,1487.0,21.988888960885475,21.988888960885475,21.988888960885475,21.988888960885475,0,0,0,0.3656184197835271,zscore,zscore,N/A
2025-01-02 00:48:00,1488.0,21.87120933264482,21.87120933264482,21.87120933264482,21.87120933264482,0,0,0,0.17147761355707905,zscore,zscore,N/A
2025-01-02 00:49:00,1489.0,21.792273706037843,21.792273706037843,21.792273706037843,21.792273706037843,0,0,0,0.5337374879202721,zscore,zscore,N/A
2025-01-02 00:50:00,1490.0,21.57810476089845,21.57810476089845,21.57810476089845,21.57810476089845,0,0,0,0.9516764175556418,zscore,zscore,N/A
2025-01-02 00:51:00,1491.0,21.975068328211396,21.975068328211396,21.975068328211396,21.975068328211396,0,0,0,0.4091697020547739,zscore,zscore,N/A
2025-01-02 00:52:00,1492.0,21.5485838877907,21.5485838877907,21.5485838877907,21.5485838877907,0,0,0,0.5791201285847835,zscore,zscore,N/A
2025-01-02 00:53:00,1493.0,22.22801678910688,22.22801678910688,22.22801678910688,22.22801678910688,0,0,0,1.2727691427679302,zscore,zscore,N/A
2025-01-02 00:54:00,1494.0,22.02473192588035,22.02473192588035,22.02473192588035,22.02473192588035,0,0,0,0.851090553076147,zscore,zscore,N/A
2025-01-02 00:55:00,1495.0,21.56273455016052,21.56273455016052,21.56273455016052,21.56273455016052,0,0,0,0.16123602791598018,zscore,zscore,N/A
2025-01-02 00:56:00,1496.0,21.90723727688504,21.90723727688504,21.90723727688504,21.90723727688504,0,0,0,0.6597870190936515,zscore,zscore,N/A
2025-01-02 00:57:00,1497.0,21.774353078322825,21.774353078322825,21.774353078322825,21.774353078322825,0,0,0,0.44213305015351917,zscore,zscore,N/A
2025-01-02 00:58:00,1498.0,22.095752353125757,21.56273455016052,22.095752353125757,22.095752353125757,1,0,0,1.2071633992604556,zscore,zscore,N/A
2025-01-02 00:59:00,1499.0,22.402135133806944,21.5485838877907,22.402135133806944,22.402135133806944,1,0,0,0.5533459591487119,zscore,zscore,N/A
2025-01-02 01:00:00,1500.0,21.0405351827675,21.0405351827675,21.0405351827675,21.0405351827675,0,0,0,0.06512612083385741,zscore,zscore,N/A
2025-01-02 01:01:00,1501.0,21.02675867355245,21.02675867355245,21.02675867355245,21.02675867355245,0,0,0,0.07114128217035716,zscore,zscore,N/A
2025-01-02 01:02:00,1502.0,21.040931533088997,21.040931533088997,21.040931533088997,21.040931533088997,0,0,0,0.09454467687511202,zscore,zscore,N/A
2025-01-02 01:03:00,1503.0,20.93974982394505,20.93974982394505,20.93974982394505,20.93974982394505,0,0,0,0.06529778402246511,zscore,zscore,N/A
2025-01-02 01:04:00,1504.0,21.02939648713672,21.02939648713672,21.02939648713672,21.02939648713672,0,0,0,0.12034922692967913,zscore,zscore,N/A
2025-01-02 01:05:00,1505.0,21.054279683820408,21.054279683820408,21.054279683820408,21.054279683820408,0,0,0,0.1477286711902297,zscore,zscore,N/A
2025-01-02 01:06:00,1506.0,21.00966978915809,21.00966978915809,21.00966978915809,21.00966978915809,0,0,0,0.14111186176019275,zscore,zscore,N/A
2025-01-02 01:07:00,1507.0,20.95906916601977,20.95906916601977,20.95906916601977,20.95906916601977,0,0,0,0.13818110880308668,zscore,zscore,N/A
2025-01-02 01:08:00,1508.0,21.0459873807164,21.0459873807164,21.0459873807164,21.0459873807164,0,0,0,0.18729438492629566,zscore,zscore,N/A
2025-01-02 01:09:00,1509.0,9.00569598140504,21.02675867355245,21.02675867355245,21.02675867355245,1,1,1,4.44212234696189,zscore,zscore,N/A
2025-01-02 01:10:00,1510.0,20.91627778680861,20.91627778680861,20.91627778680861,20.91627778680861,0,0,0,0.1864724981934682,zscore,zscore,N/A
2025-01-02 01:11:00,1511.0,20.955190526884167,20.955190526884167,20.955190526884167,20.955190526884167,0,0,0,0.20352369283888885,zscore,zscore,N/A
2025-01-02 01:12:00,1512.0,20.97368527343865,20.97368527343865,20.97368527343865,20.97368527343865,0,0,0,0.21107684077546007,zscore,zscore,N/A
2025-01-02 01:13:00,1513.0,21.075290914381984,21.075290914381984,21.075290914381984,21.075290914381984,0,0,0,0.24997179851607687,zscore,zscore,N/A
2025-01-02 01:14:00,1514.0,21.066509154315312,21.066509154315312,21.066509154315312,21.066509154315312,0,0,0,0.2448081148417281,zscore,zscore,N/A
2025-01-02 01:15:00,1515.0,21.066348426552835,21.066348426552835,21.066348426552835,21.066348426552835,0,0,0,0.24442087726500716,zscore,zscore,N/A
2025-01-02 01:16:00,1516.0,21.011618013884192,21.011618013884192,21.011618013884192,21.011618013884192,0,0,0,0.22646896416814327,zscore,zscore,N/A
2025-01-02 01:17:00,1517.0,21.04567973958896,21.04567973958896,21.04567973958896,21.04567973958896,0,0,0,0.23845290970350794,zscore,zscore,N/A
2025-01-02 01:18:00,1518.0,20.942961029565705,20.942961029565705,20.942961029565705,20.942961029565705,0,0,0,0.19766042641101358,zscore,zscore,N/A
2025-01-02 01:19:00,1519.0,21.00034015491964,21.00034015491964,21.00034015491964,21.00034015491964,0,0,0,0.22175154429380708,zscore,zscore,N/A
2025-01-02 01:20:00,1520.0,21.02258163508248,21.02258163508248,21.02258163508248,21.02258163508248,0,0,0,0.32733618963223343,zscore,zscore,N/A
2025-01-02 01:21:00,1521.0,20.946255047134542,20.946255047134542,20.946255047134542,20.946255047134542,0,0,0,1.0598435011971525,zscore,zscore,N/A
2025-01-02 01:22:00,1522.0,21.01049560448209,21.01049560448209,21.01049560448209,21.01049560448209,0,0,0,0.02041593269048188,zscore,zscore,N/A
2025-01-02 01:23:00,1523.0,21.084331959290218,21.084331959290218,21.084331959290218,21.084331959290218,0,0,0,1.363152072282792,zscore,zscore,N/A
2025-01-02 01:24:00,1524.0,21.02793848922803,21.02793848922803,21.02793848922803,21.02793848922803,0,0,0,0.4386562677642884,zscore,zscore,N/A
2025-01-02 01:25:00,1525.0,21.045877260333206,21.045877260333206,21.045877260333206,21.045877260333206,0,0,0,0.8699844798449233,zscore,zscore,N/A
2025-01-02 01:26:00,1526.0,20.87737965382839,20.87737965382839,20.87737965382839,20.87737965382839,0,0,0,2.4081677763297913,zscore,zscore,N/A
2025-01-02 01:27:00,1527.0,21.077898442457645,21.077898442457645,21.077898442457645,21.077898442457645,0,0,0,1.5223455341309637,zscore,zscore,N/A
2025-01-02 01:28:00,1528.0,20.99069388261239,20.99069388261239,20.99069388261239,20.99069388261239,0,0,0,0.07589719915061773,zscore,zscore,N/A
2025-01-02 01:29:00,1529.0,20.9615656842965,20.9615656842965,20.9615656842965,20.9615656842965,0,0,0,0.7221224203599578,zscore,zscore,N/A
2025-01-02 01:30:00,1530.0,20.991268107409503,20.991268107409503,20.991268107409503,20.991268107409503,0,0,0,0.09570205548314906,zscore,zscore,N/A
2025-01-02 01:31:00,1531.0,20.92574889208596,20.92574889208596,20.92574889208596,20.92574889208596,0,0,0,1.1459714694088468,zscore,zscore,N/A
2025-01-02 01:32:00,1532.0,21.052397103087607,21.052397103087607,21.052397103087607,21.052397103087607,0,0,0,0.9702058648909864,zscore,zscore,N/A
2025-01-02 01:33:00,1533.0,20.98323021386131,20.98323021386131,20.98323021386131,20.98323021386131,0,0,0,0.22831505807455302,zscore,zscore,N/A
2025-01-02 01:34:00,1534.0,20.96306845939869,20.96306845939869,20.96306845939869,20.96306845939869,0,0,0,0.234465484344849,zscore,zscore,N/A
2025-01-02 01:35:00,1535.0,20.991597246715585,20.991597246715585,20.991597246715585,20.991597246715585,0,0,0,0.22245302811841866,zscore,zscore,N/A
2025-01-02 01:36:00,1536.0,21.05590078272881,21.05590078272881,21.05590078272881,21.05590078272881,0,0,0,0.19782985846444942,zscore,zscore,N/A
2025-01-02 01:37:00,1537.0,21.006572920039066,21.006572920039066,21.006572920039066,21.006572920039066,0,0,0,0.2224685213715158,zscore,zscore,N/A
2025-01-02 01:38:00,1538.0,20.92951531152333,20.92951531152333,20.92951531152333,20.92951531152333,0,0,0,0.2514814872247781,zscore,zscore,N/A
2025-01-02 01:39:00,1539.0,21.023249041487052,21.023249041487052,21.023249041487052,21.023249041487052,0,0,0,0.21405434314939215,zscore,zscore,N/A
2025-01-02 01:40:00,1540.0,20.95355100228387,20.95355100228387,20.95355100228387,20.95355100228387,0,0,0,0.24186972817541272,zscore,zscore,N/A
2025-01-02 01:41:00,1541.0,20.89219494843126,20.89219494843126,20.89219494843126,20.89219494843126,0,0,0,0.2664241270506339,zscore,zscore,N/A
2025-01-02 01:42:00,1542.0,21.07480036063586,21.07480036063586,21.07480036063586,21.07480036063586,0,0,0,0.19426622147349115,zscore,zscore,N/A
2025-01-02 01:43:00,1543.0,33.02286149374139,20.996086466809828,20.996086466809828,20.996086466809828,1,1,1,4.4708948444732135,zscore,zscore,N/A
2025-01-02 01:44:00,1544.0,20.996086466809828,20.996086466809828,20.996086466809828,20.996086466809828,0,0,0,0.22505891014569349,zscore,zscore,N/A
2025-01-02 01:45:00,1545.0,20.982719524265164,20.982719524265164,20.982719524265164,20.982719524265164,0,0,0,0.23229543647985137,zscore,zscore,N/A
2025-01-02 01:46:00,1546.0,21.069853975036665,21.069853975036665,21.069853975036665,21.069853975036665,0,0,0,0.19960747332156206,zscore,zscore,N/A
2025-01-02 01:47:00,1547.0,21.15435775750992,21.15435775750992,21.15435775750992,21.15435775750992,0,0,0,0.16561928388593714,zscore,zscore,N/A
2025-01-02 01:48:00,1548.0,21.022439025928325,21.022439025928325,21.022439025928325,21.022439025928325,0,0,0,0.21849938215773818,zscore,zscore,N/A
2025-01-02 01:49:00,1549.0,20.948518265883607,20.948518265883607,20.948518265883607,20.948518265883607,0,0,0,0.2507691592761409,zscore,zscore,N/A
2025-01-02 01:50:00,1550.0,20.9922767240566,20.9922767240566,20.9922767240566,20.9922767240566,0,0,0,0.23322964889169878,zscore,zscore,N/A
2025-01-02 01:51:00,1551.0,21.021528633604703,21.021528633604703,21.021528633604703,21.021528633604703,0,0,0,0.22311225201250237,zscore,zscore,N/A
2025-01-02 01:52:00,1552.0,20.882523584650407,20.882523584650407,21.021528633604703,20.882523584650407,0,1,0,0.27786880219977333,zscore,zscore,N/A
2025-01-02 01:53:00,1553.0,21.016724960088904,21.016724960088904,21.016724960088904,21.016724960088904,0,0,0,0.22249009969646513,zscore,zscore,N/A
2025-01-02 01:54:00,1554.0,21.02182125647465,21.02182125647465,21.02182125647465,21.02182125647465,0,0,0,0.1651411540591438,zscore,zscore,N/A
2025-01-02 01:55:00,1555.0,21.06631710989936,21.06631710989936,21.06631710989936,21.06631710989936,0,0,0,0.8776069525837361,zscore,zscore,N/A
2025-01-02 01:56:00,1556.0,21.06110616511865,21.06110616511865,21.06110616511865,21.06110616511865,0,0,0,0.8076401930356281,zscore,zscore,N/A
2025-01-02 01:57:00,1557.0,21.00555860801448,21.00555860801448,21.00555860801448,21.00555860801448,0,0,0,0.004013487011035594,zscore,zscore,N/A
2025-01-02 01:58:00,1558.0,21.075731845329017,21.075731845329017,21.075731845329017,21.075731845329017,0,0,0,1.4555289757223424,zscore,zscore,N/A
2025-01-02 01:59:00,1559.0,21.101783915951938,21.101783915951938,21.101783915951938,21.101783915951938,0,0,0,1.8718325695607498,zscore,zscore,N/A
2025-01-02 02:00:00,1560.0,21.001397572762222,21.001397572762222,21.001397572762222,21.001397572762222,0,0,0,0.029945613201606408,zscore,zscore,N/A
2025-01-02 02:01:00,1561.0,21.020909353923383,21.020909353923383,21.020909353923383,21.020909353923383,0,0,0,0.4404755757825476,zscore,zscore,N/A
2025-01-02 02:02:00,1562.0,20.911635132344472,20.911635132344472,20.911635132344472,20.911635132344472,0,0,0,1.38897154256717,zscore,zscore,N/A
2025-01-02 02:03:00,1563.0,20.927451336877947,20.927451336877947,20.927451336877947,20.927451336877947,0,0,0,1.3401309869332205,zscore,zscore,N/A
2025-01-02 02:04:00,1564.0,20.958090184299525,20.958090184299525,20.958090184299525,20.958090184299525,0,0,0,0.23948806697564207,zscore,zscore,N/A
2025-01-02 02:05:00,1565.0,20.977819084774147,20.977819084774147,20.977819084774147,20.977819084774147,0,0,0,0.23140744590139886,zscore,zscore,N/A
2025-01-02 02:06:00,1566.0,20.945193848763097,20.945193848763097,20.945193848763097,20.945193848763097,0,0,0,0.24185130040797526,zscore,zscore,N/A
2025-01-02 02:07:00,1567.0,20.99820022940114,20.99820022940114,20.99820022940114,20.99820022940114,0,0,0,0.22018195245576352,zscore,zscore,N/A
2025-01-02 02:08:00,1568.0,20.97931454161627,20.97931454161627,20.97931454161627,20.97931454161627,0,0,0,0.23005136528573344,zscore,zscore,N/A
2025-01-02 02:09:00,1569.0,21.053544761566982,21.053544761566982,21.053544761566982,21.053544761566982,0,0,0,0.19767762570850397,zscore,zscore,N/A
2025-01-02 02:10:00,1570.0,20.97626131772581,20.97626131772581,20.97626131772581,20.97626131772581,0,0,0,0.2254972080795386,zscore,zscore,N/A
2025-01-02 02:11:00,1571.0,20.885664102589224,20.885664102589224,20.885664102589224,20.885664102589224,0,0,0,0.26031782715197926,zscore,zscore,N/A
2025-01-02 02:12:00,1572.0,21.00628755862677,21.00628755862677,21.00628755862677,21.00628755862677,0,0,0,0.2122066691560659,zscore,zscore,N/A
2025-01-02 02:13:00,1573.0,20.999290098779436,20.999290098779436,20.999290098779436,20.999290098779436,0,0,0,0.21767614548054423,zscore,zscore,N/A
2025-01-02 02:14:00,1574.0,32.956897505929774,20.97931454161627,20.97931454161627,20.97931454161627,1,1,1,4.471247621059364,zscore,zscore,N/A
2025-01-02 02:15:00,1575.0,21.00474999417485,21.00474999417485,21.00474999417485,21.00474999417485,0,0,0,0.21914033364484997,zscore,zscore,N/A
2025-01-02 02:16:00,1576.0,20.946236770588683,20.946236770588683,20.946236770588683,20.946236770588683,0,0,0,0.2425697860435327,zscore,zscore,N/A
2025-01-02 02:17:00,1577.0,21.016491997681168,21.016491997681168,21.016491997681168,21.016491997681168,0,0,0,0.21477460624519606,zscore,zscore,N/A
2025-01-02 02:18:00,1578.0,21.13164622184649,21.13164622184649,20.999290098779436,21.13164622184649,0,1,0,0.16853530355040144,zscore,zscore,N/A
2025-01-02 02:19:00,1579.0,20.909719726354663,20.909719726354663,20.909719726354663,20.909719726354663,0,0,0,0.014375543709592879,zscore,zscore,N/A
2025-01-02 02:20:00,1580.0,20.974187895649543,20.974187895649543,20.974187895649543,20.974187895649543,0,0,0,0.03032246428984676,zscore,zscore,N/A
2025-01-02 02:21:00,1581.0,20.966174743927542,20.966174743927542,20.966174743927542,20.966174743927542,0,0,0,0.027414094362588296,zscore,zscore,N/A
2025-01-02 02:22:00,1582.0,20.978337005825622,20.978337005825622,20.978337005825622,20.978337005825622,0,0,0,0.0288541132668252,zscore,zscore,N/A
2025-01-02 02:23:00,1583.0,21.050996228979848,21.050996228979848,21.050996228979848,21.050996228979848,0,0,0,0.04699423940131614,zscore,zscore,N/A
2025-01-02 02:24:00,1584.0,21.02714132796595,21.02714132796595,21.02714132796595,21.02714132796595,0,0,0,0.04157347558144836,zscore,zscore,N/A
2025-01-02 02:25:00,1585.0,21.04243832513032,21.04243832513032,21.04243832513032,21.04243832513032,0,0,0,0.2375723541147075,zscore,zscore,N/A
2025-01-02 02:26:00,1586.0,21.00152477523768,21.00152477523768,21.00152477523768,21.00152477523768,0,0,0,0.22424864641681636,zscore,zscore,N/A
2025-01-02 02:27:00,1587.0,20.93389503400276,20.93389503400276,20.93389503400276,20.93389503400276,0,0,0,0.2015196190932482,zscore,zscore,N/A
2025-01-02 02:28:00,1588.0,20.944265731937,20.944265731937,20.944265731937,20.944265731937,0,0,0,0.2058484776684228,zscore,zscore,N/A
2025-01-02 02:29:00,1589.0,6.03731298537333,20.978337005825622,20.978337005825622,20.978337005825622,1,1,1,4.471714226306032,zscore,zscore,N/A
2025-01-02 02:30:00,1590.0,21.008541594920665,21.008541594920665,21.008541594920665,21.008541594920665,0,0,0,0.22776992182156144,zscore,zscore,N/A
2025-01-02 02:31:00,1591.0,21.063010370303942,21.063010370303942,21.063010370303942,21.063010370303942,0,0,0,0.2433234669261923,zscore,zscore,N/A
2025-01-02 02:32:00,1592.0,21.01466310516234,21.01466310516234,21.01466310516234,21.01466310516234,0,0,0,0.03725569980399633,zscore,zscore,N/A
2025-01-02 02:33:00,1593.0,20.940849250333397,20.940849250333397,20.940849250333397,20.940849250333397,0,0,0,0.019084415496813587,zscore,zscore,N/A
2025-01-02 02:34:00,1594.0,20.97390490929084,20.97390490929084,20.97390490929084,20.97390490929084,0,0,0,0.027317257821202263,zscore,zscore,N/A
2025-01-02 02:35:00,1595.0,21.028240707484148,21.028240707484148,21.028240707484148,21.028240707484148,0,0,0,0.04019625376894597,zscore,zscore,N/A
2025-01-02 02:36:00,1596.0,21.03551662481193,21.03551662481193,21.03551662481193,21.03551662481193,0,0,0,0.04147178614679854,zscore,zscore,N/A
2025-01-02 02:37:00,1597.0,21.04275543160773,21.04275543160773,21.04275543160773,21.04275543160773,0,0,0,0.042329970661675514,zscore,zscore,N/A
2025-01-02 02:38:00,1598.0,20.94757379433974,20.94757379433974,20.94757379433974,20.94757379433974,0,0,0,0.01913835276129881,zscore,zscore,N/A
2025-01-02 02:39:00,1599.0,20.939948491696157,20.939948491696157,20.939948491696157,20.939948491696157,0,0,0,0.017873952240324936,zscore,zscore,N/A
2025-01-02 02:40:00,1600.0,20.99050987401263,20.99050987401263,20.99050987401263,20.99050987401263,0,0,0,0.2299171022805865,zscore,zscore,N/A
2025-01-02 02:41:00,1601.0,21.07200367582667,21.07200367582667,21.07200367582667,21.07200367582667,0,0,0,0.19783042354786926,zscore,zscore,N/A
2025-01-02 02:42:00,1602.0,32.9653065839596,21.01466310516234,21.01466310516234,21.01466310516234,1,1,1,4.471337495690268,zscore,zscore,N/A
2025-01-02 02:43:00,1603.0,21.02274859453005,21.02274859453005,21.02274859453005,21.02274859453005,0,0,0,0.2172142964017362,zscore,zscore,N/A
2025-01-02 02:44:00,1604.0,21.022753056946947,21.022753056946947,21.022753056946947,21.022753056946947,0,0,0,0.21839430847193225,zscore,zscore,N/A
2025-01-02 02:45:00,1605.0,21.03803863748353,21.03803863748353,21.03803863748353,21.03803863748353,0,0,0,0.2135442378428993,zscore,zscore,N/A
2025-01-02 02:46:00,1606.0,21.08322201269741,21.08322201269741,21.08322201269741,21.08322201269741,0,0,0,0.19545789218071083,zscore,zscore,N/A
2025-01-02 02:47:00,1607.0,21.078095321238305,21.078095321238305,21.078095321238305,21.078095321238305,0,0,0,0.19643952114027563,zscore,zscore,N/A
2025-01-02 02:48:00,1608.0,20.970269708308024,20.970269708308024,20.970269708308024,20.970269708308024,0,0,0,0.23603522205224664,zscore,zscore,N/A
2025-01-02 02:49:00,1609.0,20.895105227934565,20.895105227934565,21.00378361470236,20.895105227934565,0,1,0,0.2664949771025935,zscore,zscore,N/A
2025-01-02 02:50:00,1610.0,20.966073533231764,20.966073533231764,20.966073533231764,20.966073533231764,0,0,0,0.24301302533974842,zscore,zscore,N/A
2025-01-02 02:51:00,1611.0,21.00378361470236,21.00378361470236,21.00378361470236,21.00378361470236,0,0,0,0.22715763835125918,zscore,zscore,N/A
2025-01-02 02:52:00,1612.0,20.98191773611572,20.98191773611572,20.98191773611572,20.98191773611572,0,0,0,0.23253847367012073,zscore,zscore,N/A
2025-01-02 02:53:00,1613.0,21.098394947146407,21.098394947146407,21.098394947146407,21.098394947146407,0,0,0,1.322094545836328,zscore,zscore,N/A
2025-01-02 02:54:00,1614.0,21.000939015215824,21.000939015215824,21.000939015215824,21.000939015215824,0,0,0,0.22054010077961084,zscore,zscore,N/A
2025-01-02 02:55:00,1615.0,21.03268559401281,21.03268559401281,21.03268559401281,21.03268559401281,0,0,0,0.23325126256825693,zscore,zscore,N/A
2025-01-02 02:56:00,1616.0,21.01086071548237,21.01086071548237,21.01086071548237,21.01086071548237,0,0,0,0.2241007627171251,zscore,zscore,N/A
2025-01-02 02:57:00,1617.0,20.98266834082546,20.98266834082546,20.98266834082546,20.98266834082546,0,0,0,0.21549227953146433,zscore,zscore,N/A
2025-01-02 02:58:00,1618.0,20.903759416101867,20.903759416101867,20.903759416101867,20.903759416101867,0,0,0,0.18616463945135517,zscore,zscore,N/A
2025-01-02 02:59:00,1619.0,20.996069118072924,20.996069118072924,20.996069118072924,20.996069118072924,0,0,0,0.2208693605865172,zscore,zscore,N/A
2025-01-02 03:00:00,1620.0,21.162732364657707,21.162732364657707,21.162732364657707,21.162732364657707,0,0,0,0.2820766688492147,zscore,zscore,N/A
2025-01-02 03:01:00,1621.0,20.937777080008107,20.937777080008107,20.937777080008107,20.937777080008107,0,0,0,0.19437756183211988,zscore,zscore,N/A
2025-01-02 03:02:00,1622.0,20.909256347781287,20.909256347781287,20.909256347781287,20.909256347781287,0,0,0,0.18202534439263132,zscore,zscore,N/A
2025-01-02 03:03:00,1623.0,21.096819465128444,21.096819465128444,21.096819465128444,21.096819465128444,0,0,0,0.25479864652683354,zscore,zscore,N/A
2025-01-02 03:04:00,1624.0,9.037104148493466,21.00815305337147,21.00815305337147,21.00815305337147,1,1,1,4.470770496083149,zscore,zscore,N/A
2025-01-02 03:05:00,1625.0,21.00937099402617,21.00937099402617,21.00937099402617,21.00937099402617,0,0,0,0.22233208736674523,zscore,zscore,N/A
2025-01-02 03:06:00,1626.0,21.06813369311835,21.06813369311835,21.06813369311835,21.06813369311835,0,0,0,0.24736939191801505,zscore,zscore,N/A
2025-01-02 03:07:00,1627.0,20.958424902852197,20.958424902852197,20.958424902852197,20.958424902852197,0,0,0,0.20361709201740305,zscore,zscore,N/A
2025-01-02 03:08:00,1628.0,20.99467026195427,20.99467026195427,20.99467026195427,20.99467026195427,0,0,0,0.21825389045115334,zscore,zscore,N/A
2025-01-02 03:09:00,1629.0,21.04775770584504,21.04775770584504,21.04775770584504,21.04775770584504,0,0,0,0.23824603426470514,zscore,zscore,N/A
2025-01-02 03:10:00,1630.0,21.10551771839102,21.10551771839102,21.10551771839102,21.10551771839102,0,0,0,0.25993880039682843,zscore,zscore,N/A
2025-01-02 03:11:00,1631.0,20.94157278426717,20.94157278426717,20.94157278426717,20.94157278426717,0,0,0,0.19809378838363118,zscore,zscore,N/A
2025-01-02 03:12:00,1632.0,21.06403672292802,21.06403672292802,21.06403672292802,21.06403672292802,0,0,0,0.24482762962971136,zscore,zscore,N/A
2025-01-02 03:13:00,1633.0,21.01909195304205,21.01909195304205,21.01909195304205,21.01909195304205,0,0,0,0.22437359854010128,zscore,zscore,N/A
2025-01-02 03:14:00,1634.0,21.00815305337147,21.00815305337147,21.00815305337147,21.00815305337147,0,0,0,0.22058925262735252,zscore,zscore,N/A
2025-01-02 03:15:00,1635.0,20.999613538887264,20.999613538887264,20.999613538887264,20.999613538887264,0,0,0,0.3858352076539517,zscore,zscore,N/A
2025-01-02 03:16:00,1636.0,20.93076766896527,20.93076766896527,20.93076766896527,20.93076766896527,0,0,0,1.7524486643479387,zscore,zscore,N/A
2025-01-02 03:17:00,1637.0,21.04815444991065,21.04815444991065,21.04815444991065,21.04815444991065,0,0,0,0.6766512260433304,zscore,zscore,N/A
2025-01-02 03:18:00,1638.0,20.960886548983684,20.960886548983684,20.960886548983684,20.960886548983684,0,0,0,1.2315349496710748,zscore,zscore,N/A
2025-01-02 03:19:00,1639.0,20.946015464874883,20.946015464874883,20.946015464874883,20.946015464874883,0,0,0,1.582265630619478,zscore,zscore,N/A
2025-01-02 03:20:00,1640.0,21.044272947945014,21.044272947945014,21.044272947945014,21.044272947945014,0,0,0,0.505182619066987,zscore,zscore,N/A
2025-01-02 03:21:00,1641.0,21.039456701257333,21.039456701257333,21.039456701257333,21.039456701257333,0,0,0,0.566850937024844,zscore,zscore,N/A
2025-01-02 03:22:00,1642.0,21.003950004180552,21.003950004180552,21.003950004180552,21.003950004180552,0,0,0,0.26332426076492016,zscore,zscore,N/A
2025-01-02 03:23:00,1643.0,21.053977181040583,21.053977181040583,21.053977181040583,21.053977181040583,0,0,0,0.9881973515549037,zscore,zscore,N/A
2025-01-02 03:24:00,1644.0,21.071296829073955,21.071296829073955,21.071296829073955,21.071296829073955,0,0,0,0.2466440922522009,zscore,zscore,N/A
2025-01-02 03:25:00,1645.0,21.06541120389128,21.06541120389128,21.06541120389128,21.06541120389128,0,0,0,0.3354741876829206,zscore,zscore,N/A
2025-01-02 03:26:00,1646.0,20.9735860513299,20.9735860513299,20.9735860513299,20.9735860513299,0,0,0,0.312206906115319,zscore,zscore,N/A
2025-01-02 03:27:00,1647.0,21.050705246563982,21.050705246563982,21.050705246563982,21.050705246563982,0,0,0,0.33019484435845015,zscore,zscore,N/A
2025-01-02 03:28:00,1648.0,21.01058204887543,21.01058204887543,21.01058204887543,21.01058204887543,0,0,0,0.3209162070750807,zscore,zscore,N/A
2025-01-02 03:29:00,1649.0,21.08629538851762,21.08629538851762,21.08629538851762,21.08629538851762,0,0,0,0.3399628499293782,zscore,zscore,N/A
2025-01-02 03:30:00,1650.0,20.99381358318664,20.99381358318664,20.99381358318664,20.99381358318664,0,0,0,0.3166917188508483,zscore,zscore,N/A
2025-01-02 03:31:00,1651.0,20.982176418131584,20.982176418131584,20.982176418131584,20.982176418131584,0,0,0,0.3137143781623068,zscore,zscore,N/A
2025-01-02 03:32:00,1652.0,20.969310156157857,20.969310156157857,20.969310156157857,20.969310156157857,0,0,0,0.3106975427385718,zscore,zscore,N/A
2025-01-02 03:33:00,1653.0,21.009464394711777,21.009464394711777,21.009464394711777,21.009464394711777,0,0,0,0.3220375331170495,zscore,zscore,N/A
2025-01-02 03:34:00,1654.0,9.023336273379606,21.009464394711777,21.009464394711777,9.023336273379606,1,1,0,2.6849887458888055,zscore,zscore,N/A
2025-01-02 03:35:00,1655.0,6.024298114146365,21.009464394711777,21.009464394711777,21.009464394711777,1,1,1,3.4373251759936823,zscore,zscore,N/A
2025-01-02 03:36:00,1656.0,21.017458627015596,21.017458627015596,21.017458627015596,21.017458627015596,0,0,0,0.32506648859318804,zscore,zscore,N/A
2025-01-02 03:37:00,1657.0,21.03355185063399,21.03355185063399,21.03355185063399,21.03355185063399,0,0,0,0.3285344117332814,zscore,zscore,N/A
2025-01-02 03:38:00,1658.0,20.98887290820428,20.98887290820428,20.98887290820428,20.98887290820428,0,0,0,0.31830441572419976,zscore,zscore,N/A
2025-01-02 03:39:00,1659.0,20.956374234220405,20.956374234220405,20.956374234220405,20.956374234220405,0,0,0,0.30987372301043353,zscore,zscore,N/A
2025-01-02 03:40:00,1660.0,20.95200860015432,20.95200860015432,20.95200860015432,20.95200860015432,0,0,0,0.3106807460386256,zscore,zscore,N/A
2025-01-02 03:41:00,1661.0,21.048752554765173,21.048752554765173,21.048752554765173,21.048752554765173,0,0,0,0.3349386538661843,zscore,zscore,N/A
2025-01-02 03:42:00,1662.0,21.023516115526416,21.023516115526416,21.023516115526416,21.023516115526416,0,0,0,0.3277165208132714,zscore,zscore,N/A
2025-01-02 03:43:00,1663.0,20.907208111452483,20.907208111452483,20.907208111452483,20.907208111452483,0,0,0,0.29730704549131953,zscore,zscore,N/A
2025-01-02 03:44:00,1664.0,21.05483767134,21.05483767134,21.05483767134,21.05483767134,0,0,0,0.15555297253962805,zscore,zscore,N/A
2025-01-02 03:45:00,1665.0,21.09402175732013,21.09402175732013,21.09402175732013,21.09402175732013,0,0,0,0.054927021729806506,zscore,zscore,N/A
2025-01-02 03:46:00,1666.0,20.964204157462078,20.964204157462078,20.964204157462078,20.964204157462078,0,0,0,0.23789515835305697,zscore,zscore,N/A
2025-01-02 03:47:00,1667.0,21.0168080023138,21.0168080023138,21.0168080023138,21.0168080023138,0,0,0,0.21626946713036774,zscore,zscore,N/A
2025-01-02 03:48:00,1668.0,20.976327095318386,20.976327095318386,20.976327095318386,20.976327095318386,0,0,0,0.23096258490952498,zscore,zscore,N/A
2025-01-02 03:49:00,1669.0,21.03141534627356,21.03141534627356,21.03141534627356,21.03141534627356,0,0,0,0.20899342439085378,zscore,zscore,N/A
2025-01-02 03:50:00,1670.0,20.94169955554624,20.94169955554624,20.94169955554624,20.94169955554624,0,0,0,0.24492947982576974,zscore,zscore,N/A
2025-01-02 03:51:00,1671.0,20.99642771714506,20.99642771714506,20.99642771714506,20.99642771714506,0,0,0,0.22416651478568078,zscore,zscore,N/A
2025-01-02 03:52:00,1672.0,21.04906570639994,21.04906570639994,21.04906570639994,21.04906570639994,0,0,0,0.20283363988831932,zscore,zscore,N/A
2025-01-02 03:53:00,1673.0,21.06178558696494,21.06178558696494,21.06178558696494,21.06178558696494,0,0,0,0.19857607518087,zscore,zscore,N/A
2025-01-02 03:54:00,1674.0,33.02132479094598,20.99642771714506,20.99642771714506,20.99642771714506,1,1,1,4.471505721184895,zscore,zscore,N/A
2025-01-02 03:55:00,1675.0,20.983047734839516,20.983047734839516,20.983047734839516,20.983047734839516,0,0,0,0.22832045944263388,zscore,zscore,N/A
2025-01-02 03:56:00,1676.0,20.92036994578282,20.92036994578282,20.92036994578282,20.92036994578282,0,0,0,0.25026448404948987,zscore,zscore,N/A
2025-01-02 03:57:00,1677.0,20.96212251443804,20.96212251443804,20.96212251443804,20.96212251443804,0,0,0,0.23524237050115174,zscore,zscore,N/A
2025-01-02 03:58:00,1678.0,20.97653632976226,20.97653632976226,20.97653632976226,20.97653632976226,0,0,0,0.22994947915057476,zscore,zscore,N/A
2025-01-02 03:59:00,1679.0,20.96511331083492,20.96511331083492,20.96511331083492,20.96511331083492,0,0,0,0.23526843802374445,zscore,zscore,N/A
2025-01-02 04:00:00,1680.0,21.00297764841568,21.00297764841568,21.00297764841568,21.00297764841568,0,0,0,0.2211389378410504,zscore,zscore,N/A
2025-01-02 04:01:00,1681.0,20.982905613191438,20.982905613191438,20.982905613191438,20.982905613191438,0,0,0,0.32647186084877056,zscore,zscore,N/A
2025-01-02 04:02:00,1682.0,21.00860606861677,21.00860606861677,21.00860606861677,21.00860606861677,0,0,0,0.32142596516475713,zscore,zscore,N/A
2025-01-02 04:03:00,1683.0,21.060131365052385,21.060131365052385,21.060131365052385,21.060131365052385,0,0,0,0.30840473775386257,zscore,zscore,N/A
2025-01-02 04:04:00,1684.0,20.97967688893853,20.97967688893853,20.97967688893853,20.97967688893853,0,0,0,0.32608461896398805,zscore,zscore,N/A
2025-01-02 04:05:00,1685.0,20.93085665113729,20.93085665113729,20.93085665113729,20.93085665113729,0,0,0,0.24512009552685685,zscore,zscore,N/A
2025-01-02 04:06:00,1686.0,20.96491462009376,20.96491462009376,20.96491462009376,20.96491462009376,0,0,0,0.23411701539807345,zscore,zscore,N/A
2025-01-02 04:07:00,1687.0,21.029179423498665,21.029179423498665,21.029179423498665,21.029179423498665,0,0,0,0.026986469439684423,zscore,zscore,N/A
2025-01-02 04:08:00,1688.0,21.033897189247632,21.033897189247632,21.033897189247632,21.033897189247632,0,0,0,0.02658980174942668,zscore,zscore,N/A
2025-01-02 04:09:00,1689.0,21.02030425985081,21.02030425985081,21.02030425985081,21.02030425985081,0,0,0,0.029108820146474174,zscore,zscore,N/A
2025-01-02 04:10:00,1690.0,21.0650368652944,21.0650368652944,21.0650368652944,21.0650368652944,0,0,0,0.018447424232172663,zscore,zscore,N/A
2025-01-02 04:11:00,1691.0,35.99068184650615,21.02030425985081,21.02030425985081,21.02030425985081,1,1,1,3.538526841699568,zscore,zscore,N/A
2025-01-02 04:12:00,1692.0,21.102608307400462,21.102608307400462,21.102608307400462,21.102608307400462,0,0,0,0.010851743308238708,zscore,zscore,N/A
2025-01-02 04:13:00,1693.0,21.04090935680529,21.04090935680529,21.04090935680529,21.04090935680529,0,0,0,0.02592275235618615,zscore,zscore,N/A
2025-01-02 04:14:00,1694.0,20.873825626489605,20.873825626489605,20.873825626489605,20.873825626489605,0,0,0,0.06469401667697694,zscore,zscore,N/A
2025-01-02 04:15:00,1695.0,21.09003293149818,21.09003293149818,21.09003293149818,21.09003293149818,0,0,0,0.012514218003444433,zscore,zscore,N/A
2025-01-02 04:16:00,1696.0,20.961650669493213,20.961650669493213,20.961650669493213,20.961650669493213,0,0,0,0.04430359100197598,zscore,zscore,N/A
2025-01-02 04:17:00,1697.0,8.948294940527152,21.029179423498665,21.029179423498665,8.948294940527152,1,1,0,2.9089750138675194,zscore,zscore,N/A
2025-01-02 04:18:00,1698.0,21.026188555491643,21.026188555491643,21.026188555491643,21.026188555491643,0,0,0,0.030017921333534633,zscore,zscore,N/A
2025-01-02 04:19:00,1699.0,20.91309097638317,20.91309097638317,20.91309097638317,20.91309097638317,0,0,0,0.05671166241192228,zscore,zscore,N/A
2025-01-02 04:20:00,1700.0,20.96522653843392,20.96522653843392,20.96522653843392,20.96522653843392,0,0,0,0.04350295032352794,zscore,zscore,N/A
2025-01-02 04:21:00,1701.0,21.07785492703121,21.07785492703121,21.07785492703121,21.07785492703121,0,0,0,0.01730097737774973,zscore,zscore,N/A
2025-01-02 04:22:00,1702.0,21.027810878949875,21.027810878949875,21.027810878949875,21.027810878949875,0,0,0,0.2296120160390688,zscore,zscore,N/A
2025-01-02 04:23:00,1703.0,21.04061198904696,21.04061198904696,21.04061198904696,21.04061198904696,0,0,0,0.23677190771702175,zscore,zscore,N/A
2025-01-02 04:24:00,1704.0,20.967154469975128,20.967154469975128,20.967154469975128,20.967154469975128,0,0,0,0.20913297161803077,zscore,zscore,N/A
2025-01-02 04:25:00,1705.0,20.923081500051595,20.923081500051595,20.923081500051595,20.923081500051595,0,0,0,0.18940016640715138,zscore,zscore,N/A
2025-01-02 04:26:00,1706.0,21.035340871465685,21.035340871465685,21.035340871465685,21.035340871465685,0,0,0,0.23380867356425736,zscore,zscore,N/A
2025-01-02 04:27:00,1707.0,21.046512807812096,21.046512807812096,21.046512807812096,21.046512807812096,0,0,0,0.23722594376781647,zscore,zscore,N/A
2025-01-02 04:28:00,1708.0,21.04424966930405,21.04424966930405,21.04424966930405,21.04424966930405,0,0,0,0.6442226596772036,zscore,zscore,N/A
2025-01-02 04:29:00,1709.0,21.010453461505893,21.010453461505893,21.010453461505893,21.010453461505893,0,0,0,0.03252258070274493,zscore,zscore,N/A
2025-01-02 04:30:00,1710.0,20.9516465878264,20.9516465878264,20.9516465878264,20.9516465878264,0,0,0,0.19806104874078034,zscore,zscore,N/A
2025-01-02 04:31:00,1711.0,21.121888479402987,21.121888479402987,21.02398937214921,21.121888479402987,0,1,0,0.26323055386363264,zscore,zscore,N/A
2025-01-02 04:32:00,1712.0,21.02398937214921,21.02398937214921,21.02398937214921,21.02398937214921,0,0,0,0.2259433148858509,zscore,zscore,N/A
2025-01-02 04:33:00,1713.0,20.991305667920543,20.991305667920543,20.991305667920543,20.991305667920543,0,0,0,0.3170251240983551,zscore,zscore,N/A
2025-01-02 04:34:00,1714.0,20.991527538125837,20.991527538125837,20.991527538125837,20.991527538125837,0,0,0,0.3182486114911669,zscore,zscore,N/A
2025-01-02 04:35:00,1715.0,21.00747987390368,21.00747987390368,21.00747987390368,21.00747987390368,0,0,0,0.32202647939026585,zscore,zscore,N/A
2025-01-02 04:36:00,1716.0,21.0534804131079,21.0534804131079,21.0534804131079,21.0534804131079,0,0,0,0.3338565504114773,zscore,zscore,N/A
2025-01-02 04:37:00,1717.0,21.00948140616527,21.00948140616527,21.00948140616527,21.00948140616527,0,0,0,0.32233331303221113,zscore,zscore,N/A
2025-01-02 04:38:00,1718.0,21.042925657672374,21.042925657672374,21.042925657672374,21.042925657672374,0,0,0,0.3331319310402806,zscore,zscore,N/A
2025-01-02 04:39:00,1719.0,21.00756988439466,21.00756988439466,21.00756988439466,21.00756988439466,0,0,0,0.3234659100448656,zscore,zscore,N/A
2025-01-02 04:40:00,1720.0,8.99438230542648,21.00756988439466,21.00756988439466,21.00756988439466,1,1,1,3.0816388499887917,zscore,zscore,N/A
2025-01-02 04:41:00,1721.0,21.032062519666415,21.032062519666415,21.032062519666415,21.032062519666415,0,0,0,0.32970161325724917,zscore,zscore,N/A
2025-01-02 04:42:00,1722.0,21.03016430168369,21.03016430168369,21.03016430168369,21.03016430168369,0,0,0,0.33142584775482725,zscore,zscore,N/A
2025-01-02 04:43:00,1723.0,8.991518294045242,21.00391743344813,21.00391743344813,21.00391743344813,1,1,1,3.082523247208457,zscore,zscore,N/A
2025-01-02 04:44:00,1724.0,20.962539652114287,20.962539652114287,20.962539652114287,20.962539652114287,0,0,0,0.31280825482207575,zscore,zscore,N/A
2025-01-02 04:45:00,1725.0,21.01708644573702,21.01708644573702,21.01708644573702,21.01708644573702,0,0,0,0.3287524404476273,zscore,zscore,N/A
2025-01-02 04:46:00,1726.0,21.00391743344813,21.00391743344813,21.00391743344813,21.00391743344813,0,0,0,0.32344881248613827,zscore,zscore,N/A
2025-01-02 04:47:00,1727.0,20.97225641436146,20.97225641436146,20.97225641436146,20.97225641436146,0,0,0,0.3155742254874593,zscore,zscore,N/A
2025-01-02 04:48:00,1728.0,20.95787997587316,20.95787997587316,20.95787997587316,20.95787997587316,0,0,0,0.31343328499938194,zscore,zscore,N/A
2025-01-02 04:49:00,1729.0,21.020523792194723,21.020523792194723,21.020523792194723,21.020523792194723,0,0,0,0.33187680890996724,zscore,zscore,N/A
2025-01-02 04:50:00,1730.0,21.027504752851385,21.027504752851385,21.027504752851385,21.027504752851385,0,0,0,0.3340264737295945,zscore,zscore,N/A
2025-01-02 04:51:00,1731.0,20.981998394267254,20.981998394267254,20.981998394267254,20.981998394267254,0,0,0,0.21780197795701417,zscore,zscore,N/A
2025-01-02 04:52:00,1732.0,20.971003148204357,20.971003148204357,20.971003148204357,20.971003148204357,0,0,0,0.21384722393942787,zscore,zscore,N/A
2025-01-02 04:53:00,1733.0,20.95848724054814,20.95848724054814,20.95848724054814,20.95848724054814,0,0,0,0.210353347161701,zscore,zscore,N/A
2025-01-02 04:54:00,1734.0,21.019112746957244,21.019112746957244,21.019112746957244,21.019112746957244,0,0,0,0.6079452871061445,zscore,zscore,N/A
2025-01-02 04:55:00,1735.0,20.959801146317965,20.959801146317965,20.959801146317965,20.959801146317965,0,0,0,0.7813701526316995,zscore,zscore,N/A
2025-01-02 04:56:00,1736.0,21.11205672845104,21.11205672845104,20.98568040632516,21.11205672845104,0,1,0,2.511501947508098,zscore,zscore,N/A
2025-01-02 04:57:00,1737.0,20.97948592820145,20.97948592820145,20.97948592820145,20.97948592820145,0,0,0,0.2327646390391591,zscore,zscore,N/A
2025-01-02 04:58:00,1738.0,20.87873928610637,20.87873928610637,20.87873928610637,20.87873928610637,0,0,0,0.26820376650746913,zscore,zscore,N/A
2025-01-02 04:59:00,1739.0,20.998491416668543,20.998491416668543,20.998491416668543,20.998491416668543,0,0,0,0.22343210896778934,zscore,zscore,N/A
2025-01-02 05:00:00,1740.0,20.99634832600906,20.99634832600906,20.99634832600906,20.99634832600906,0,0,0,0.22425568131069237,zscore,zscore,N/A
2025-01-02 05:01:00,1741.0,21.05558592837621,21.05558592837621,21.05558592837621,21.05558592837621,0,0,0,0.20108099219238387,zscore,zscore,N/A
2025-01-02 05:02:00,1742.0,21.014406311836385,21.014406311836385,21.014406311836385,21.014406311836385,0,0,0,0.21872255172351374,zscore,zscore,N/A
2025-01-02 05:03:00,1743.0,20.95830824082801,20.95830824082801,20.95830824082801,20.95830824082801,0,0,0,0.24188606195804566,zscore,zscore,N/A
2025-01-02 05:04:00,1744.0,20.98568040632516,20.98568040632516,20.98568040632516,20.98568040632516,0,0,0,0.029242704448838114,zscore,zscore,N/A
2025-01-02 05:05:00,1745.0,21.01637098858255,21.01637098858255,21.01637098858255,21.01637098858255,0,0,0,0.03689937601979859,zscore,zscore,N/A
2025-01-02 05:06:00,1746.0,20.89176428748448,20.89176428748448,20.89176428748448,20.89176428748448,0,0,0,0.006408224071264045,zscore,zscore,N/A
2025-01-02 05:07:00,1747.0,21.066931086719524,21.066931086719524,21.066931086719524,21.066931086719524,0,0,0,0.04994346378231957,zscore,zscore,N/A
2025-01-02 05:08:00,1748.0,32.95844150570977,21.014406311836385,21.014406311836385,32.95844150570977,1,1,0,2.895915369724024,zscore,zscore,N/A
2025-01-02 05:09:00,1749.0,21.07085219104738,21.07085219104738,21.07085219104738,21.07085219104738,0,0,0,0.04833860273665133,zscore,zscore,N/A
2025-01-02 05:10:00,1750.0,21.01962325705633,21.01962325705633,21.01962325705633,21.01962325705633,0,0,0,0.03652257671310252,zscore,zscore,N/A
2025-01-02 05:11:00,1751.0,21.0314797068197,21.0314797068197,21.0314797068197,21.0314797068197,0,0,0,0.03923030867411962,zscore,zscore,N/A
2025-01-02 05:12:00,1752.0,21.057471171800064,21.057471171800064,21.057471171800064,21.057471171800064,0,0,0,0.04602029060965717,zscore,zscore,N/A
2025-01-02 05:13:00,1753.0,21.028656602634623,21.028656602634623,21.028656602634623,21.028656602634623,0,0,0,0.03946605618801986,zscore,zscore,N/A
2025-01-02 05:14:00,1754.0,6.033644310815873,21.01637098858255,21.01637098858255,21.01637098858255,1,1,1,3.5498734670696503,zscore,zscore,N/A
2025-01-02 05:15:00,1755.0,20.99177917797693,20.99177917797693,20.99177917797693,20.99177917797693,0,0,0,0.02937178738606756,zscore,zscore,N/A
2025-01-02 05:16:00,1756.0,21.01860843407361,21.01860843407361,21.01860843407361,21.01860843407361,0,0,0,0.14811883431251383,zscore,zscore,N/A
2025-01-02 05:17:00,1757.0,20.97062510925141,20.97062510925141,20.97062510925141,20.97062510925141,0,0,0,0.137177855104198,zscore,zscore,N/A
2025-01-02 05:18:00,1758.0,20.9828294450206,20.9828294450206,20.9828294450206,20.9828294450206,0,0,0,0.1408776313810241,zscore,zscore,N/A
2025-01-02 05:19:00,1759.0,21.098234752398444,21.098234752398444,21.098234752398444,21.098234752398444,0,0,0,0.34335236319827184,zscore,zscore,N/A
2025-01-02 05:20:00,1760.0,20.95959032074748,20.95959032074748,20.95959032074748,20.95959032074748,0,0,0,0.3094588207261232,zscore,zscore,N/A
2025-01-02 05:21:00,1761.0,21.007715856331814,21.007715856331814,21.007715856331814,21.007715856331814,0,0,0,0.32171360862713577,zscore,zscore,N/A
2025-01-02 05:22:00,1762.0,21.00567345183577,21.00567345183577,21.00567345183577,21.00567345183577,0,0,0,0.3211827580642342,zscore,zscore,N/A
2025-01-02 05:23:00,1763.0,20.98446227641096,20.98446227641096,20.98446227641096,20.98446227641096,0,0,0,0.3168084133057913,zscore,zscore,N/A
2025-01-02 05:24:00,1764.0,21.02572004682852,21.02572004682852,21.02572004682852,21.02572004682852,0,0,0,0.32691759734312714,zscore,zscore,N/A
2025-01-02 05:25:00,1765.0,21.02948610463707,21.02948610463707,21.02948610463707,21.02948610463707,0,0,0,0.23321498067520124,zscore,zscore,N/A
2025-01-02 05:26:00,1766.0,8.953709040842622,21.00567345183577,21.00567345183577,21.00567345183577,1,1,1,4.471678284601507,zscore,zscore,N/A
2025-01-02 05:27:00,1767.0,21.00506783557733,21.00506783557733,21.00506783557733,21.00506783557733,0,0,0,0.22306096774461098,zscore,zscore,N/A
2025-01-02 05:28:00,1768.0,20.945881633061383,20.945881633061383,20.945881633061383,20.945881633061383,0,0,0,0.20107397392349138,zscore,zscore,N/A
2025-01-02 05:29:00,1769.0,21.039427430915865,21.039427430915865,21.039427430915865,21.039427430915865,0,0,0,0.2375085923809613,zscore,zscore,N/A
2025-01-02 05:30:00,1770.0,21.00882436551813,21.00882436551813,21.00882436551813,21.00882436551813,0,0,0,0.2279383567168589,zscore,zscore,N/A
2025-01-02 05:31:00,1771.0,21.00411649433585,21.00411649433585,21.00411649433585,21.00411649433585,0,0,0,0.03229789823920899,zscore,zscore,N/A
2025-01-02 05:32:00,1772.0,21.03295156744362,21.03295156744362,21.03295156744362,21.03295156744362,0,0,0,0.025465073523394922,zscore,zscore,N/A
2025-01-02 05:33:00,1773.0,20.98622448547658,20.98622448547658,20.98622448547658,20.98622448547658,0,0,0,0.037168357493259134,zscore,zscore,N/A
2025-01-02 05:34:00,1774.0,21.04570109796091,21.04570109796091,21.04570109796091,21.04570109796091,0,0,0,0.02305142936360059,zscore,zscore,N/A
2025-01-02 05:35:00,1775.0,20.952577756362192,20.952577756362192,20.952577756362192,20.952577756362192,0,0,0,0.044574605464476,zscore,zscore,N/A
2025-01-02 05:36:00,1776.0,21.070593825944727,21.070593825944727,21.070593825944727,21.070593825944727,0,0,0,0.015454458420309672,zscore,zscore,N/A
2025-01-02 05:37:00,1777.0,20.97245444087226,20.97245444087226,20.97245444087226,20.97245444087226,0,0,0,0.23038757197139323,zscore,zscore,N/A
2025-01-02 05:38:00,1778.0,20.91519104661522,20.91519104661522,20.91519104661522,20.91519104661522,0,0,0,0.24675599521362612,zscore,zscore,N/A
2025-01-02 05:39:00,1779.0,20.983573254576864,20.983573254576864,20.983573254576864,20.983573254576864,0,0,0,0.22562280605956608,zscore,zscore,N/A
2025-01-02 05:40:00,1780.0,20.97790159013729,20.97790159013729,20.97790159013729,20.97790159013729,0,0,0,0.2277544546126748,zscore,zscore,N/A
2025-01-02 05:41:00,1781.0,35.9831963006925,20.983573254576864,20.983573254576864,20.983573254576864,1,1,1,4.471710804281786,zscore,zscore,N/A
2025-01-02 05:42:00,1782.0,21.0115824007742,21.0115824007742,21.0115824007742,21.0115824007742,0,0,0,0.21685041504268457,zscore,zscore,N/A
2025-01-02 05:43:00,1783.0,21.05489211804441,21.05489211804441,21.05489211804441,21.05489211804441,0,0,0,0.20181795183596163,zscore,zscore,N/A
2025-01-02 05:44:00,1784.0,20.99041470430514,20.99041470430514,20.99041470430514,20.99041470430514,0,0,0,0.22359998541206136,zscore,zscore,N/A
2025-01-02 05:45:00,1785.0,20.96541912150905,20.96541912150905,20.96541912150905,20.96541912150905,0,0,0,0.2321482071051994,zscore,zscore,N/A
2025-01-02 05:46:00,1786.0,20.94367265938581,20.94367265938581,20.94367265938581,20.94367265938581,0,0,0,0.24016931442494574,zscore,zscore,N/A
2025-01-02 05:47:00,1787.0,20.97659086043455,20.97659086043455,20.97659086043455,20.97659086043455,0,0,0,0.2303081606028853,zscore,zscore,N/A
2025-01-02 05:48:00,1788.0,20.90560875803748,20.90560875803748,20.90560875803748,20.90560875803748,0,0,0,0.2532627121147701,zscore,zscore,N/A
2025-01-02 05:49:00,1789.0,20.963743345324183,20.963743345324183,20.963743345324183,20.963743345324183,0,0,0,0.009015986782648274,zscore,zscore,N/A
2025-01-02 05:50:00,1790.0,21.062202694793108,21.062202694793108,21.062202694793108,21.062202694793108,0,0,0,0.011472012763354881,zscore,zscore,N/A
2025-01-02 05:51:00,1791.0,20.95883203977108,20.95883203977108,20.95883203977108,20.95883203977108,0,0,0,0.011218657632204651,zscore,zscore,N/A
2025-01-02 05:52:00,1792.0,21.03143579304001,21.03143579304001,21.03143579304001,21.03143579304001,0,0,0,0.23147468345081348,zscore,zscore,N/A
2025-01-02 05:53:00,1793.0,20.938675895509576,20.938675895509576,20.938675895509576,20.938675895509576,0,0,0,0.20194275529306466,zscore,zscore,N/A
2025-01-02 05:54:00,1794.0,21.08855479496553,21.08855479496553,21.08855479496553,21.08855479496553,0,0,0,0.25019015902129577,zscore,zscore,N/A
2025-01-02 05:55:00,1795.0,21.09188033665324,21.09188033665324,21.09188033665324,21.09188033665324,0,0,0,0.2513956397340054,zscore,zscore,N/A
2025-01-02 05:56:00,1796.0,21.029551077827996,21.029551077827996,21.029551077827996,21.029551077827996,0,0,0,0.2310639709668057,zscore,zscore,N/A
2025-01-02 05:57:00,1797.0,21.099562630082172,21.099562630082172,21.099562630082172,21.099562630082172,0,0,0,0.2516924295490905,zscore,zscore,N/A
2025-01-02 05:58:00,1798.0,21.017789648746383,21.017789648746383,21.017789648746383,21.017789648746383,0,0,0,0.22556392632664846,zscore,zscore,N/A
2025-01-02 05:59:00,1799.0,6.038425855707477,21.017789648746383,21.017789648746383,21.017789648746383,1,1,1,4.471640145950366,zscore,zscore,N/A
2025-01-02 06:00:00,1800.0,21.063096693836577,21.063096693836577,21.063096693836577,21.063096693836577,0,0,0,0.2377787614437727,zscore,zscore,N/A
2025-01-02 06:01:00,1801.0,21.00898592265492,21.00898592265492,21.00898592265492,21.00898592265492,0,0,0,0.2218268262676486,zscore,zscore,N/A
2025-01-02 06:02:00,1802.0,20.922381126920747,20.922381126920747,20.922381126920747,20.922381126920747,0,0,0,0.19337379410118355,zscore,zscore,N/A
2025-01-02 06:03:00,1803.0,21.03944816776172,21.03944816776172,21.03944816776172,21.03944816776172,0,0,0,0.22916602251617024,zscore,zscore,N/A
2025-01-02 06:04:00,1804.0,20.976407020278327,20.976407020278327,20.976407020278327,20.976407020278327,0,0,0,0.20679431842395288,zscore,zscore,N/A
2025-01-02 06:05:00,1805.0,20.98012350895223,20.98012350895223,20.98012350895223,20.98012350895223,0,0,0,0.20900449450918154,zscore,zscore,N/A
2025-01-02 06:06:00,1806.0,21.01489474582393,21.01489474582393,21.01489474582393,21.01489474582393,0,0,0,0.22067999064852262,zscore,zscore,N/A
2025-01-02 06:07:00,1807.0,21.02831404398587,21.02831404398587,21.02831404398587,21.02831404398587,0,0,0,0.22379246067315828,zscore,zscore,N/A
2025-01-02 06:08:00,1808.0,21.00750673170031,21.00750673170031,21.00750673170031,21.00750673170031,0,0,0,0.21935871471854299,zscore,zscore,N/A
2025-01-02 06:09:00,1809.0,21.031786476807863,21.031786476807863,21.031786476807863,21.031786476807863,0,0,0,0.22675279586096775,zscore,zscore,N/A
2025-01-02 06:10:00,1810.0,20.96465714329699,20.96465714329699,20.96465714329699,20.96465714329699,0,0,0,1.2938243609115816,zscore,zscore,N/A
2025-01-02 06:11:00,1811.0,20.997864810263835,20.997864810263835,20.997864810263835,20.997864810263835,0,0,0,0.5551042776279919,zscore,zscore,N/A
2025-01-02 06:12:00,1812.0,21.042454272522544,21.042454272522544,21.042454272522544,21.042454272522544,0,0,0,0.470622054972323,zscore,zscore,N/A
2025-01-02 06:13:00,1813.0,21.08863955882184,21.08863955882184,21.08863955882184,21.08863955882184,0,0,0,1.4781126160751183,zscore,zscore,N/A
2025-01-02 06:14:00,1814.0,21.10632177944866,21.10632177944866,21.10632177944866,21.10632177944866,0,0,0,1.9058681298323195,zscore,zscore,N/A
2025-01-02 06:15:00,1815.0,21.021648834136386,21.021648834136386,21.021648834136386,21.021648834136386,0,0,0,0.004756346163739887,zscore,zscore,N/A
2025-01-02 06:16:00,1816.0,21.04200049133728,21.04200049133728,21.04200049133728,21.04200049133728,0,0,0,0.38368015352410706,zscore,zscore,N/A
2025-01-02 06:17:00,1817.0,21.09907895824076,21.09907895824076,21.09907895824076,21.09907895824076,0,0,0,1.6665518056200674,zscore,zscore,N/A
2025-01-02 06:18:00,1818.0,20.966458198163327,20.966458198163327,20.966458198163327,20.966458198163327,0,0,0,1.2856894243603243,zscore,zscore,N/A
2025-01-02 06:19:00,1819.0,21.03148499263563,21.03148499263563,21.03148499263563,21.03148499263563,0,0,0,0.15680729241994226,zscore,zscore,N/A
2025-01-02 06:20:00,1820.0,21.038417147474306,21.038417147474306,21.038417147474306,21.038417147474306,0,0,0,0.330352437250595,zscore,zscore,N/A
2025-01-02 06:21:00,1821.0,21.07239307180384,21.07239307180384,21.07239307180384,21.07239307180384,0,0,0,0.9642282932936508,zscore,zscore,N/A
2025-01-02 06:22:00,1822.0,20.94314293097319,21.025877188790613,20.94314293097319,20.94314293097319,1,0,0,1.9688365559351924,zscore,zscore,N/A
2025-01-02 06:23:00,1823.0,20.95302971080997,20.95302971080997,20.95302971080997,20.95302971080997,0,0,0,1.6371578926104875,zscore,zscore,N/A
2025-01-02 06:24:00,1824.0,21.001069110555235,21.001069110555235,21.001069110555235,21.001069110555235,0,0,0,0.5309766408173135,zscore,zscore,N/A
2025-01-02 06:25:00,1825.0,21.018886383116083,21.018886383116083,21.018886383116083,21.018886383116083,0,0,0,0.012328298162582978,zscore,zscore,N/A
2025-01-02 06:26:00,1826.0,21.05614319768669,21.05614319768669,21.05614319768669,21.05614319768669,0,0,0,0.9391617626807635,zscore,zscore,N/A
2025-01-02 06:27:00,1827.0,21.025877188790613,21.025877188790613,21.025877188790613,21.025877188790613,0,0,0,0.3032849008937667,zscore,zscore,N/A
2025-01-02 06:28:00,1828.0,20.992429338494485,20.992429338494485,20.992429338494485,20.992429338494485,0,0,0,0.383868154627348,zscore,zscore,N/A
2025-01-02 06:29:00,1829.0,21.020823072237807,21.020823072237807,21.020823072237807,21.020823072237807,0,0,0,0.32932866196237065,zscore,zscore,N/A
2025-01-02 06:30:00,1830.0,21.01505222381372,21.01505222381372,21.01505222381372,21.01505222381372,0,0,0,0.15440388030143726,zscore,zscore,N/A
2025-01-02 06:31:00,1831.0,21.08725082149939,21.08725082149939,21.008282947178422,21.08725082149939,0,1,0,2.0155465057778508,zscore,zscore,N/A
2025-01-02 06:32:00,1832.0,21.008282947178422,21.008282947178422,21.008282947178422,21.008282947178422,0,0,0,0.1436796135184195,zscore,zscore,N/A
2025-01-02 06:33:00,1833.0,20.980845829322373,20.980845829322373,20.980845829322373,20.980845829322373,0,0,0,0.6790559100931239,zscore,zscore,N/A
2025-01-02 06:34:00,1834.0,21.02248045150359,21.02248045150359,21.02248045150359,21.02248045150359,0,0,0,0.43778598864656215,zscore,zscore,N/A
2025-01-02 06:35:00,1835.0,21.009924265966927,21.009924265966927,21.009924265966927,21.009924265966927,0,0,0,0.039455616537675285,zscore,zscore,N/A
2025-01-02 06:36:00,1836.0,20.921450332216267,21.008282947178422,21.008282947178422,20.921450332216267,1,1,0,2.2286396784851012,zscore,zscore,N/A
2025-01-02 06:37:00,1837.0,20.99921739691889,20.99921739691889,20.99921739691889,20.99921739691889,0,0,0,0.08837993311966366,zscore,zscore,N/A
2025-01-02 06:38:00,1838.0,20.9949630877297,20.9949630877297,20.9949630877297,20.9949630877297,0,0,0,0.27252469868032847,zscore,zscore,N/A
2025-01-02 06:39:00,1839.0,20.972806406711037,20.972806406711037,20.972806406711037,20.972806406711037,0,0,0,0.6586030255514699,zscore,zscore,N/A
2025-01-02 06:40:00,1840.0,21.05177916438115,21.05177916438115,21.05177916438115,21.05177916438115,0,0,0,1.0791930167130555,zscore,zscore,N/A
2025-01-02 06:41:00,1841.0,20.9607160201694,20.9607160201694,20.9607160201694,20.9607160201694,0,0,0,0.9143757511870936,zscore,zscore,N/A
2025-01-02 06:42:00,1842.0,21.02278093097623,21.02278093097623,21.02278093097623,21.02278093097623,0,0,0,0.5069600493384092,zscore,zscore,N/A
2025-01-02 06:43:00,1843.0,20.992607150007814,20.992607150007814,20.992607150007814,20.992607150007814,0,0,0,0.2090123226952706,zscore,zscore,N/A
2025-01-02 06:44:00,1844.0,21.00538475028234,21.00538475028234,21.00538475028234,21.00538475028234,0,0,0,0.161784626371882,zscore,zscore,N/A
2025-01-02 06:45:00,1845.0,21.020589314552293,21.020589314552293,21.020589314552293,21.020589314552293,0,0,0,0.45067819611883786,zscore,zscore,N/A
2025-01-02 06:46:00,1846.0,20.93462128080545,20.93462128080545,20.93462128080545,20.93462128080545,0,0,0,1.1702205954409775,zscore,zscore,N/A
2025-01-02 06:47:00,1847.0,21.00958304458674,21.00958304458674,21.00958304458674,21.00958304458674,0,0,0,0.20165015643936077,zscore,zscore,N/A
2025-01-02 06:48:00,1848.0,21.11444737448566,21.00538475028234,21.00538475028234,21.11444737448566,1,1,0,2.3342777703614694,zscore,zscore,N/A
2025-01-02 06:49:00,1849.0,20.922161832706063,20.922161832706063,20.922161832706063,20.922161832706063,0,0,0,1.515758483227921,zscore,zscore,N/A
2025-01-02 06:50:00,1850.0,20.997119601814223,20.997119601814223,20.997119601814223,20.997119601814223,0,0,0,0.19754026311752043,zscore,zscore,N/A
2025-01-02 06:51:00,1851.0,21.05616196624119,21.05616196624119,21.05616196624119,21.05616196624119,0,0,0,0.9497559160612786,zscore,zscore,N/A
2025-01-02 06:52:00,1852.0,21.01508096239768,21.01508096239768,21.01508096239768,21.01508096239768,0,0,0,0.2092835515554172,zscore,zscore,N/A
2025-01-02 06:53:00,1853.0,21.0343983476058,21.0343983476058,21.0343983476058,21.0343983476058,0,0,0,0.5724213248122573,zscore,zscore,N/A
2025-01-02 06:54:00,1854.0,20.881216699445368,21.00958304458674,21.00958304458674,20.881216699445368,1,1,0,2.2085312821599854,zscore,zscore,N/A
2025-01-02 06:55:00,1855.0,21.029912468731496,21.029912468731496,21.029912468731496,21.029912468731496,0,0,0,0.45327618538395875,zscore,zscore,N/A
2025-01-02 06:56:00,1856.0,20.96191558968832,20.96191558968832,20.96191558968832,20.96191558968832,0,0,0,0.2366757766295228,zscore,zscore,N/A
2025-01-02 06:57:00,1857.0,21.01549386422916,21.01549386422916,21.01549386422916,21.01549386422916,0,0,0,0.2204510523391264,zscore,zscore,N/A
2025-01-02 06:58:00,1858.0,20.998528263454524,20.998528263454524,20.998528263454524,20.998528263454524,0,0,0,0.22604153415895675,zscore,zscore,N/A
2025-01-02 06:59:00,1859.0,21.11391665145808,21.01508096239768,21.01508096239768,21.11391665145808,1,1,0,0.1886624491195279,zscore,zscore,N/A
2025-01-02 07:00:00,1860.0,21.027334766188293,21.027334766188293,21.027334766188293,21.027334766188293,0,0,0,0.21810063287998874,zscore,zscore,N/A
2025-01-02 07:01:00,1861.0,20.994368808536866,20.994368808536866,20.994368808536866,20.994368808536866,0,0,0,0.22770602746407081,zscore,zscore,N/A
2025-01-02 07:02:00,1862.0,20.92451536203732,20.92451536203732,21.01549386422916,20.92451536203732,0,1,0,0.24914916101930898,zscore,zscore,N/A
2025-01-02 07:03:00,1863.0,21.006057345092493,21.006057345092493,21.006057345092493,21.006057345092493,0,0,0,0.22324009137572975,zscore,zscore,N/A
2025-01-02 07:04:00,1864.0,21.041161443917343,21.041161443917343,21.041161443917343,21.041161443917343,0,0,0,0.21162005425438504,zscore,zscore,N/A
2025-01-02 07:05:00,1865.0,20.99597240540904,20.99597240540904,20.99597240540904,20.99597240540904,0,0,0,0.22797948438898313,zscore,zscore,N/A
2025-01-02 07:06:00,1866.0,35.97471718200313,21.01549386422916,21.01549386422916,21.01549386422916,1,1,1,4.471792689999251,zscore,zscore,N/A
2025-01-02 07:07:00,1867.0,20.971370666807683,20.971370666807683,20.971370666807683,20.971370666807683,0,0,0,0.2365650798247508,zscore,zscore,N/A
2025-01-02 07:08:00,1868.0,21.026757071772767,21.026757071772767,21.026757071772767,21.026757071772767,0,0,0,0.2181100293939767,zscore,zscore,N/A
2025-01-02 07:09:00,1869.0,21.037969396965455,21.037969396965455,21.037969396965455,21.037969396965455,0,0,0,0.2140272988259503,zscore,zscore,N/A
2025-01-02 07:10:00,1870.0,21.068060505766056,21.068060505766056,21.068060505766056,21.068060505766056,0,0,0,0.20397188500771363,zscore,zscore,N/A
2025-01-02 07:11:00,1871.0,20.95025000533948,20.95025000533948,20.95025000533948,20.95025000533948,0,0,0,0.2403220487766537,zscore,zscore,N/A
2025-01-02 07:12:00,1872.0,21.02629887792088,21.02629887792088,21.02629887792088,21.02629887792088,0,0,0,0.21679846123292892,zscore,zscore,N/A
2025-01-02 07:13:00,1873.0,20.993914802279107,20.993914802279107,20.993914802279107,20.993914802279107,0,0,0,0.22897158171132642,zscore,zscore,N/A
2025-01-02 07:14:00,1874.0,20.995388289768336,20.995388289768336,20.995388289768336,20.995388289768336,0,0,0,0.22877797525929028,zscore,zscore,N/A
2025-01-02 07:15:00,1875.0,21.0200912927017,21.0200912927017,21.0200912927017,21.0200912927017,0,0,0,0.22080931039817267,zscore,zscore,N/A
2025-01-02 07:16:00,1876.0,21.020382812681248,21.020382812681248,21.020382812681248,21.020382812681248,0,0,0,0.22148206180827443,zscore,zscore,N/A
2025-01-02 07:17:00,1877.0,21.02643840528958,21.02643840528958,21.02643840528958,21.02643840528958,0,0,0,0.43223264436372255,zscore,zscore,N/A
2025-01-02 07:18:00,1878.0,20.94712644039021,20.94712644039021,20.94712644039021,20.94712644039021,0,0,0,1.4333650094864578,zscore,zscore,N/A
2025-01-02 07:19:00,1879.0,20.96250942964168,20.96250942964168,20.96250942964168,20.96250942964168,0,0,0,1.069975096378477,zscore,zscore,N/A
2025-01-02 07:20:00,1880.0,21.074293413775884,21.074293413775884,21.074293413775884,21.074293413775884,0,0,0,1.470264723570472,zscore,zscore,N/A
2025-01-02 07:21:00,1881.0,20.98897137662596,20.98897137662596,20.98897137662596,20.98897137662596,0,0,0,0.4144777771974322,zscore,zscore,N/A
2025-01-02 07:22:00,1882.0,21.015300719900896,21.015300719900896,21.015300719900896,21.015300719900896,0,0,0,0.20482251626017758,zscore,zscore,N/A
2025-01-02 07:23:00,1883.0,21.05273331560216,21.05273331560216,21.05273331560216,21.05273331560216,0,0,0,1.1544386952151164,zscore,zscore,N/A
2025-01-02 07:24:00,1884.0,21.02317215361804,21.02317215361804,21.02317215361804,21.02317215361804,0,0,0,0.3966221580089632,zscore,zscore,N/A
2025-01-02 07:25:00,1885.0,21.0273261315486,21.0273261315486,21.0273261315486,21.0273261315486,0,0,0,0.498198441168716,zscore,zscore,N/A
2025-01-02 07:26:00,1886.0,21.044728883962183,21.044728883962183,21.044728883962183,21.044728883962183,0,0,0,0.9231414932829588,zscore,zscore,N/A
2025-01-02 07:27:00,1887.0,20.89416681195515,20.89416681195515,20.89416681195515,20.89416681195515,0,0,0,2.5462177173174205,zscore,zscore,N/A
2025-01-02 07:28:00,1888.0,20.97550249224197,20.97550249224197,20.97550249224197,20.97550249224197,0,0,0,0.40039592740024527,zscore,zscore,N/A
2025-01-02 07:29:00,1889.0,21.02343028982498,21.02343028982498,21.02343028982498,21.02343028982498,0,0,0,0.3370175248212798,zscore,zscore,N/A
2025-01-02 07:30:00,1890.0,21.06938221535288,21.06938221535288,21.06938221535288,21.06938221535288,0,0,0,1.1464615120027306,zscore,zscore,N/A
2025-01-02 07:31:00,1891.0,21.003304777982787,21.003304777982787,21.003304777982787,21.003304777982787,0,0,0,0.035194000484846034,zscore,zscore,N/A
2025-01-02 07:32:00,1892.0,20.9577641769122,20.9577641769122,20.9577641769122,20.9577641769122,0,0,0,0.6960552328830822,zscore,zscore,N/A
2025-01-02 07:33:00,1893.0,20.95909569751948,20.95909569751948,20.95909569751948,20.95909569751948,0,0,0,0.6428489719603624,zscore,zscore,N/A
2025-01-02 07:34:00,1894.0,21.044193060172653,21.044193060172653,21.044193060172653,21.044193060172653,0,0,0,0.8201957080483032,zscore,zscore,N/A
2025-01-02 07:35:00,1895.0,20.989111320880404,20.989111320880404,20.989111320880404,20.989111320880404,0,0,0,0.029394127140736567,zscore,zscore,N/A
2025-01-02 07:36:00,1896.0,20.99963999771048,20.99963999771048,20.99963999771048,20.99963999771048,0,0,0,0.11856597900346776,zscore,zscore,N/A
2025-01-02 07:37:00,1897.0,21.030751509688617,21.030751509688617,21.030751509688617,21.030751509688617,0,0,0,0.6768989731697265,zscore,zscore,N/A
2025-01-02 07:38:00,1898.0,20.85492381586532,20.85492381586532,20.99963999771048,20.85492381586532,0,1,0,2.4504556579150467,zscore,zscore,N/A
2025-01-02 07:39:00,1899.0,21.10001837557541,21.10001837557541,21.10001837557541,21.10001837557541,0,0,0,1.7579399925053973,zscore,zscore,N/A
2025-01-02 07:40:00,1900.0,20.96344630824745,20.96344630824745,20.96344630824745,20.96344630824745,0,0,0,0.6045997871038811,zscore,zscore,N/A
2025-01-02 07:41:00,1901.0,21.01209681847368,21.01209681847368,21.01209681847368,21.01209681847368,0,0,0,0.3401914494362113,zscore,zscore,N/A
2025-01-02 07:42:00,1902.0,20.914765149325188,20.914765149325188,20.914765149325188,20.914765149325188,0,0,0,1.3758327943069155,zscore,zscore,N/A
2025-01-02 07:43:00,1903.0,20.978872944479747,20.978872944479747,20.978872944479747,20.978872944479747,0,0,0,0.20278930940771417,zscore,zscore,N/A
2025-01-02 07:44:00,1904.0,21.062234402318254,21.062234402318254,21.062234402318254,21.062234402318254,0,0,0,1.195739336269085,zscore,zscore,N/A
2025-01-02 07:45:00,1905.0,20.904191641016705,20.904191641016705,20.904191641016705,20.904191641016705,0,0,0,1.5306029799042742,zscore,zscore,N/A
2025-01-02 07:46:00,1906.0,21.056310004359457,21.056310004359457,21.056310004359457,21.056310004359457,0,0,0,1.0328432044705926,zscore,zscore,N/A
2025-01-02 07:47:00,1907.0,20.986315195188386,20.986315195188386,20.986315195188386,20.986315195188386,0,0,0,0.05797328947744402,zscore,zscore,N/A
2025-01-02 07:48:00,1908.0,21.02435822201101,21.02435822201101,21.02435822201101,21.02435822201101,0,0,0,0.5842437642657063,zscore,zscore,N/A
2025-01-02 07:49:00,1909.0,21.03287622067425,21.03287622067425,21.03287622067425,21.03287622067425,0,0,0,0.6865545554541662,zscore,zscore,N/A
2025-01-02 07:50:00,1910.0,21.022071074974548,21.022071074974548,21.022071074974548,21.022071074974548,0,0,0,0.5795365476161081,zscore,zscore,N/A
2025-01-02 07:51:00,1911.0,20.956752467418458,20.956752467418458,20.956752467418458,20.956752467418458,0,0,0,0.7431485819656203,zscore,zscore,N/A
2025-01-02 07:52:00,1912.0,20.981772542673248,20.981772542673248,20.981772542673248,20.981772542673248,0,0,0,0.21924451962874125,zscore,zscore,N/A
2025-01-02 07:53:00,1913.0,20.92692219113746,20.92692219113746,20.92692219113746,20.92692219113746,0,0,0,1.4920621412033994,zscore,zscore,N/A
2025-01-02 07:54:00,1914.0,21.024589816579404,21.024589816579404,21.024589816579404,21.024589816579404,0,0,0,0.4615473586730692,zscore,zscore,N/A
2025-01-02 07:55:00,1915.0,21.085102757700795,21.085102757700795,21.085102757700795,21.085102757700795,0,0,0,1.7892739984452057,zscore,zscore,N/A
2025-01-02 07:56:00,1916.0,20.908777955666174,20.908777955666174,21.00866707118568,20.908777955666174,0,1,0,2.2839217539299748,zscore,zscore,N/A
2025-01-02 07:57:00,1917.0,20.961917704693096,20.961917704693096,20.961917704693096,20.961917704693096,0,0,0,1.0262588044517713,zscore,zscore,N/A
2025-01-02 07:58:00,1918.0,20.990911236205854,20.990911236205854,20.990911236205854,20.990911236205854,0,0,0,0.3068142834184566,zscore,zscore,N/A
2025-01-02 07:59:00,1919.0,21.00866707118568,21.00866707118568,21.00866707118568,21.00866707118568,0,0,0,0.180565387312078,zscore,zscore,N/A
2025-01-02 08:00:00,1920.0,21.04395881507172,21.04395881507172,21.04395881507172,21.04395881507172,0,0,0,0.9900468526807753,zscore,zscore,N/A
2025-01-02 08:01:00,1921.0,20.99239000098212,20.99239000098212,20.99239000098212,20.99239000098212,0,0,0,0.08145811786616257,zscore,zscore,N/A
2025-01-02 08:02:00,1922.0,20.98420206367772,20.98420206367772,20.98420206367772,20.98420206367772,0,0,0,0.31260689412715936,zscore,zscore,N/A
2025-01-02 08:03:00,1923.0,21.055156535303485,21.055156535303485,21.055156535303485,21.055156535303485,0,0,0,1.2429188111758729,zscore,zscore,N/A
2025-01-02 08:04:00,1924.0,21.033099778353165,21.033099778353165,21.033099778353165,21.033099778353165,0,0,0,0.7590179459605045,zscore,zscore,N/A
2025-01-02 08:05:00,1925.0,21.02694889878505,21.02694889878505,21.02694889878505,21.02694889878505,0,0,0,0.6890517943872452,zscore,zscore,N/A
2025-01-02 08:06:00,1926.0,21.005625785579404,21.005625785579404,21.005625785579404,21.005625785579404,0,0,0,0.3542016449314551,zscore,zscore,N/A
2025-01-02 08:07:00,1927.0,21.049157610545997,21.049157610545997,21.049157610545997,21.049157610545997,0,0,0,1.3201205790860326,zscore,zscore,N/A
2025-01-02 08:08:00,1928.0,20.967184530438487,20.967184530438487,20.967184530438487,20.967184530438487,0,0,0,0.7981987323821261,zscore,zscore,N/A
2025-01-02 08:09:00,1929.0,20.960365285890692,20.960365285890692,20.960365285890692,20.960365285890692,0,0,0,1.0038593864159426,zscore,zscore,N/A
2025-01-02 08:10:00,1930.0,21.037305049343463,21.037305049343463,21.037305049343463,21.037305049343463,0,0,0,0.8862900529478818,zscore,zscore,N/A
2025-01-02 08:11:00,1931.0,20.918748201537653,20.918748201537653,20.918748201537653,20.918748201537653,0,0,0,1.9789296421191838,zscore,zscore,N/A
2025-01-02 08:12:00,1932.0,21.004608975481823,21.004608975481823,21.004608975481823,21.004608975481823,0,0,0,0.08297458551966634,zscore,zscore,N/A
2025-01-02 08:13:00,1933.0,20.984172082386877,20.984172082386877,20.984172082386877,20.984172082386877,0,0,0,0.4124704468217157,zscore,zscore,N/A
2025-01-02 08:14:00,1934.0,20.92971226346735,20.92971226346735,20.92971226346735,20.92971226346735,0,0,0,1.7132297555459177,zscore,zscore,N/A
2025-01-02 08:15:00,1935.0,20.953436621014188,20.953436621014188,20.953436621014188,20.953436621014188,0,0,0,1.1030998919621549,zscore,zscore,N/A
2025-01-02 08:16:00,1936.0,20.99455119538523,20.99455119538523,20.99455119538523,20.99455119538523,0,0,0,0.10623745611300518,zscore,zscore,N/A
2025-01-02 08:17:00,1937.0,21.05169816282495,21.05169816282495,21.05169816282495,21.05169816282495,0,0,0,1.23105166785411,zscore,zscore,N/A
2025-01-02 08:18:00,1938.0,20.96735210043711,20.96735210043711,20.96735210043711,20.96735210043711,0,0,0,0.551559025490769,zscore,zscore,N/A
2025-01-02 08:19:00,1939.0,21.06066906999525,21.06066906999525,21.06066906999525,21.06066906999525,0,0,0,1.1174428343260172,zscore,zscore,N/A
2025-01-02 08:20:00,1940.0,21.003158961377824,21.003158961377824,21.003158961377824,21.003158961377824,0,0,0,0.023289575372222305,zscore,zscore,N/A
2025-01-02 08:21:00,1941.0,21.0655192351085,21.0655192351085,21.0655192351085,21.0655192351085,0,0,0,1.259842045298597,zscore,zscore,N/A
2025-01-02 08:22:00,1942.0,20.969775419561,20.969775419561,20.969775419561,20.969775419561,0,0,0,0.6077605876996449,zscore,zscore,N/A
2025-01-02 08:23:00,1943.0,20.99755952059473,20.99755952059473,20.99755952059473,20.99755952059473,0,0,0,0.08576893923485997,zscore,zscore,N/A
2025-01-02 08:24:00,1944.0,21.01842418016685,21.01842418016685,21.01842418016685,21.01842418016685,0,0,0,0.25655276286183154,zscore,zscore,N/A
2025-01-02 08:25:00,1945.0,20.991024476862925,20.991024476862925,20.991024476862925,20.991024476862925,0,0,0,0.3446266754712806,zscore,zscore,N/A
2025-01-02 08:26:00,1946.0,21.047651207357266,21.047651207357266,21.047651207357266,21.047651207357266,0,0,0,0.7129430424093293,zscore,zscore,N/A
2025-01-02 08:27:00,1947.0,20.889621813735488,20.889621813735488,20.889621813735488,20.889621813735488,0,0,0,2.4179176925791364,zscore,zscore,N/A
2025-01-02 08:28:00,1948.0,21.121120276939497,21.121120276939497,21.121120276939497,21.121120276939497,0,0,0,2.2512384956537415,zscore,zscore,N/A
2025-01-02 08:29:00,1949.0,21.04288873034976,21.04288873034976,21.04288873034976,21.04288873034976,0,0,0,0.5816301905685631,zscore,zscore,N/A
2025-01-02 08:30:00,1950.0,20.99132340854825,20.99132340854825,20.99132340854825,20.99132340854825,0,0,0,0.36235760496292313,zscore,zscore,N/A
2025-01-02 08:31:00,1951.0,20.97238391632113,20.97238391632113,20.97238391632113,20.97238391632113,0,0,0,0.7625269949587912,zscore,zscore,N/A
2025-01-02 08:32:00,1952.0,20.95667896942757,20.95667896942757,20.95667896942757,20.95667896942757,0,0,0,0.9589738962253652,zscore,zscore,N/A
2025-01-02 08:33:00,1953.0,21.03228077370849,21.03228077370849,21.03228077370849,21.03228077370849,0,0,0,0.45257907827595717,zscore,zscore,N/A
2025-01-02 08:34:00,1954.0,21.049749083439615,21.049749083439615,21.049749083439615,21.049749083439615,0,0,0,0.7830314820202282,zscore,zscore,N/A
2025-01-02 08:35:00,1955.0,20.991873693593504,20.991873693593504,20.991873693593504,20.991873693593504,0,0,0,0.21833685154418986,zscore,zscore,N/A
2025-01-02 08:36:00,1956.0,21.055349520648925,21.055349520648925,21.055349520648925,21.055349520648925,0,0,0,0.8798534749256889,zscore,zscore,N/A
2025-01-02 08:37:00,1957.0,20.954636997661943,20.954636997661943,20.954636997661943,20.954636997661943,0,0,0,0.8489465283830355,zscore,zscore,N/A
2025-01-02 08:38:00,1958.0,20.94580945750066,20.94580945750066,20.94580945750066,20.94580945750066,0,0,0,1.1325581234719377,zscore,zscore,N/A
2025-01-02 08:39:00,1959.0,21.09066706026228,21.09066706026228,21.09066706026228,21.09066706026228,0,0,0,2.0409816909844785,zscore,zscore,N/A
2025-01-02 08:40:00,1960.0,21.029555430676925,21.029555430676925,21.029555430676925,21.029555430676925,0,0,0,0.7782978299464911,zscore,zscore,N/A
2025-01-02 08:41:00,1961.0,21.069842410090665,21.069842410090665,21.069842410090665,21.069842410090665,0,0,0,1.6245302593517201,zscore,zscore,N/A
2025-01-02 08:42:00,1962.0,20.957303014580614,20.957303014580614,20.957303014580614,20.957303014580614,0,0,0,0.7027396008396829,zscore,zscore,N/A
2025-01-02 08:43:00,1963.0,20.953823730411564,20.953823730411564,20.953823730411564,20.953823730411564,0,0,0,0.6974221676083827,zscore,zscore,N/A
2025-01-02 08:44:00,1964.0,20.98206953402712,20.98206953402712,20.98206953402712,20.98206953402712,0,0,0,0.15281013516825864,zscore,zscore,N/A
2025-01-02 08:45:00,1965.0,20.95879705792305,20.95879705792305,20.95879705792305,20.95879705792305,0,0,0,0.21479372432517801,zscore,zscore,N/A
2025-01-02 08:46:00,1966.0,21.035268260511423,21.035268260511423,21.035268260511423,21.035268260511423,0,0,0,0.24026057746056875,zscore,zscore,N/A
2025-01-02 08:47:00,1967.0,20.96244369715368,20.96244369715368,20.96244369715368,20.96244369715368,0,0,0,0.21863826761989713,zscore,zscore,N/A
2025-01-02 08:48:00,1968.0,20.94141650709664,20.94141650709664,20.94141650709664,20.94141650709664,0,0,0,0.21125920178643945,zscore,zscore,N/A
2025-01-02 08:49:00,1969.0,21.00710077061276,21.00710077061276,21.00710077061276,21.00710077061276,0,0,0,0.23051919972527324,zscore,zscore,N/A
2025-01-02 08:50:00,1970.0,20.935500691208738,20.935500691208738,20.935500691208738,20.935500691208738,0,0,0,0.20947022882107066,zscore,zscore,N/A
2025-01-02 08:51:00,1971.0,20.91002680342623,20.91002680342623,20.91002680342623,20.91002680342623,0,0,0,0.20280546496560684,zscore,zscore,N/A
2025-01-02 08:52:00,1972.0,21.006662861693066,21.006662861693066,21.006662861693066,21.006662861693066,0,0,0,0.23349843752769212,zscore,zscore,N/A
2025-01-02 08:53:00,1973.0,20.912538997849488,20.912538997849488,20.912538997849488,20.912538997849488,0,0,0,0.20271185495017588,zscore,zscore,N/A
2025-01-02 08:54:00,1974.0,21.03876396981477,21.03876396981477,21.03876396981477,21.03876396981477,0,0,0,0.24231388540679946,zscore,zscore,N/A
2025-01-02 08:55:00,1975.0,5.93023331368736,20.98531016749296,20.98531016749296,20.98531016749296,1,1,1,4.47167768900884,zscore,zscore,N/A
2025-01-02 08:56:00,1976.0,20.88796631067901,20.88796631067901,20.88796631067901,20.88796631067901,0,0,0,0.19470007110083082,zscore,zscore,N/A
2025-01-02 08:57:00,1977.0,20.98531016749296,20.98531016749296,20.98531016749296,20.98531016749296,0,0,0,0.2254480449901926,zscore,zscore,N/A
2025-01-02 08:58:00,1978.0,21.007229725164823,21.007229725164823,21.007229725164823,21.007229725164823,0,0,0,0.23186023341860507,zscore,zscore,N/A
2025-01-02 08:59:00,1979.0,21.024573753184097,21.024573753184097,21.024573753184097,21.024573753184097,0,0,0,0.23640861806528612,zscore,zscore,N/A
2025-01-02 09:00:00,1980.0,21.008600784950797,21.008600784950797,21.008600784950797,21.008600784950797,0,0,0,0.23103513201737125,zscore,zscore,N/A
2025-01-02 09:01:00,1981.0,20.947034368944117,20.947034368944117,20.947034368944117,20.947034368944117,0,0,0,0.21169680791350975,zscore,zscore,N/A
2025-01-02 09:02:00,1982.0,21.03565305904633,21.03565305904633,21.03565305904633,21.03565305904633,0,0,0,0.2373533496506094,zscore,zscore,N/A
2025-01-02 09:03:00,1983.0,21.04800692532399,21.04800692532399,21.04800692532399,21.04800692532399,0,0,0,0.24041414713929293,zscore,zscore,N/A
2025-01-02 09:04:00,1984.0,20.939711893577226,20.939711893577226,20.939711893577226,20.939711893577226,0,0,0,0.20403395125176005,zscore,zscore,N/A
2025-01-02 09:05:00,1985.0,20.99094969306702,20.99094969306702,20.99094969306702,20.99094969306702,0,0,0,0.22226296061251194,zscore,zscore,N/A
2025-01-02 09:06:00,1986.0,20.98627799864455,20.98627799864455,20.98627799864455,20.98627799864455,0,0,0,0.17732084185807095,zscore,zscore,N/A
2025-01-02 09:07:00,1987.0,21.0110190791394,21.0110190791394,21.0110190791394,21.0110190791394,0,0,0,0.3228917520134202,zscore,zscore,N/A
2025-01-02 09:08:00,1988.0,20.98975381041129,20.98975381041129,20.98975381041129,20.98975381041129,0,0,0,0.014416844414889706,zscore,zscore,N/A
2025-01-02 09:09:00,1989.0,20.99660611139635,20.99660611139635,20.99660611139635,20.99660611139635,0,0,0,0.11291340503350938,zscore,zscore,N/A
2025-01-02 09:10:00,1990.0,21.032090776512085,21.032090776512085,21.032090776512085,21.032090776512085,0,0,0,0.7923992899849627,zscore,zscore,N/A
2025-01-02 09:11:00,1991.0,20.944307345019944,20.944307345019944,20.944307345019944,20.944307345019944,0,0,0,0.7788451638669978,zscore,zscore,N/A
2025-01-02 09:12:00,1992.0,21.03686865676304,21.03686865676304,21.03686865676304,21.03686865676304,0,0,0,0.8286814232046013,zscore,zscore,N/A
2025-01-02 09:13:00,1993.0,21.05705663657656,21.05705663657656,21.05705663657656,21.05705663657656,0,0,0,1.2223811525118637,zscore,zscore,N/A
2025-01-02 09:14:00,1994.0,21.08170674967444,21.08170674967444,21.08170674967444,21.08170674967444,0,0,0,1.7322027914248601,zscore,zscore,N/A
2025-01-02 09:15:00,1995.0,20.892831633793133,20.892831633793133,20.892831633793133,20.892831633793133,0,0,0,1.6339564091499248,zscore,zscore,N/A
2025-01-02 09:16:00,1996.0,20.99085491714424,20.99085491714424,20.99085491714424,20.99085491714424,0,0,0,0.07873977549401093,zscore,zscore,N/A
2025-01-02 09:17:00,1997.0,20.90174497128232,20.90174497128232,20.90174497128232,20.90174497128232,0,0,0,1.371401476059916,zscore,zscore,N/A
2025-01-02 09:18:00,1998.0,20.87824681551136,20.87824681551136,20.87824681551136,20.87824681551136,0,0,0,1.6633181928864917,zscore,zscore,N/A
2025-01-02 09:19:00,1999.0,21.007204652380373,21.007204652380373,21.007204652380373,21.007204652380373,0,0,0,0.35533687520078927,zscore,zscore,N/A
