timestamp,temp_observed,location,boardid,humidity_avg,light_avg,latitude,longitude,model,scenario_id,scenario_name,seed,dataset_name,temp_clean,is_anomaly,anomaly_type
2014-12-15 01:45:00+00:00,22.9,Fitzroy Gardens,501,43.1,97.4,-37.8148084,144.980999,ENV,REAL_501,Real sensor series - Fitzroy Gardens - board 501,42,real_sensor_board_501,25.8,0,normal
2014-12-15 02:00:00+00:00,23.5,Fitzroy Gardens,501,43.7,97.4,-37.8148084,144.980999,ENV,REAL_501,Real sensor series - Fitzroy Gardens - board 501,42,real_sensor_board_501,25.34,1,weak_multivariate_excursion
2014-12-16 03:15:00+00:00,31.0,Fitzroy Gardens,501,10.8,94.8,-37.8148084,144.980999,ENV,REAL_501,Real sensor series - Fitzroy Gardens - board 501,42,real_sensor_board_501,24.972,1,weak_multivariate_excursion
2014-12-16 03:40:00+00:00,31.3,Fitzroy Gardens,501,12.0,96.0,-37.8148084,144.980999,ENV,REAL_501,Real sensor series - Fitzroy Gardens - board 501,42,real_sensor_board_501,24.6776,1,weak_multivariate_excursion
2014-12-16 04:40:00+00:00,30.3,Fitzroy Gardens,501,11.4,95.5,-37.8148084,144.980999,ENV,REAL_501,Real sensor series - Fitzroy Gardens - board 501,42,real_sensor_board_501,24.382080000000002,1,weak_multivariate_excursion
2014-12-16 04:50:00+00:00,29.4,Fitzroy Gardens,501,11.4,95.1,-37.8148084,144.980999,ENV,REAL_501,Real sensor series - Fitzroy Gardens - board 501,42,real_sensor_board_501,24.085664,1,weak_multivariate_excursion
2014-12-16 05:00:00+00:00,29.0,Fitzroy Gardens,501,10.8,93.2,-37.8148084,144.980999,ENV,REAL_501,Real sensor series - Fitzroy Gardens - board 501,42,real_sensor_board_501,23.818531200000002,1,weak_multivariate_excursion
2014-12-16 05:10:00+00:00,29.0,Fitzroy Gardens,501,10.5,93.9,-37.8148084,144.980999,ENV,REAL_501,Real sensor series - Fitzroy Gardens - board 501,42,real_sensor_board_501,23.57482496,1,weak_multivariate_excursion
2014-12-16 05:20:00+00:00,28.1,Fitzroy Gardens,501,15.2,93.6,-37.8148084,144.980999,ENV,REAL_501,Real sensor series - Fitzroy Gardens - board 501,42,real_sensor_board_501,23.279859968000004,1,weak_multivariate_excursion
2014-12-16 05:30:00+00:00,28.1,Fitzroy Gardens,501,11.4,91.8,-37.8148084,144.980999,ENV,REAL_501,Real sensor series - Fitzroy Gardens - board 501,42,real_sensor_board_501,22.943887974400003,1,weak_multivariate_excursion
2014-12-16 05:40:00+00:00,23.5,Fitzroy Gardens,501,28.4,92.5,-37.8148084,144.980999,ENV,REAL_501,Real sensor series - Fitzroy Gardens - board 501,42,real_sensor_board_501,22.675110379520003,1,weak_multivariate_excursion
2014-12-16 05:50:00+00:00,21.6,Fitzroy Gardens,501,37.6,94.3,-37.8148084,144.980999,ENV,REAL_501,Real sensor series - Fitzroy Gardens - board 501,42,real_sensor_board_501,22.460088303616004,1,weak_multivariate_excursion
2014-12-16 06:00:00+00:00,22.6,Fitzroy Gardens,501,37.3,95.5,-37.8148084,144.980999,ENV,REAL_501,Real sensor series - Fitzroy Gardens - board 501,42,real_sensor_board_501,22.258070642892804,0,normal
2014-12-16 06:10:00+00:00,21.0,Fitzroy Gardens,501,39.5,95.4,-37.8148084,144.980999,ENV,REAL_501,Real sensor series - Fitzroy Gardens - board 501,42,real_sensor_board_501,22.066456514314247,0,normal
2014-12-16 06:20:00+00:00,20.3,Fitzroy Gardens,501,41.2,94.2,-37.8148084,144.980999,ENV,REAL_501,Real sensor series - Fitzroy Gardens - board 501,42,real_sensor_board_501,21.8831652114514,0,normal
2014-12-16 06:30:00+00:00,19.7,Fitzroy Gardens,501,41.7,94.5,-37.8148084,144.980999,ENV,REAL_501,Real sensor series - Fitzroy Gardens - board 501,42,real_sensor_board_501,21.706532169161118,0,normal
2014-12-16 06:40:00+00:00,20.3,Fitzroy Gardens,501,37.7,95.5,-37.8148084,144.980999,ENV,REAL_501,Real sensor series - Fitzroy Gardens - board 501,42,real_sensor_board_501,21.565225735328895,0,normal
2014-12-16 06:55:00+00:00,21.3,Fitzroy Gardens,501,32.5,98.0,-37.8148084,144.980999,ENV,REAL_501,Real sensor series - Fitzroy Gardens - board 501,42,real_sensor_board_501,21.372180588263117,0,normal
2014-12-16 07:05:00+00:00,21.6,Fitzroy Gardens,501,32.4,97.9,-37.8148084,144.980999,ENV,REAL_501,Real sensor series - Fitzroy Gardens - board 501,42,real_sensor_board_501,21.157744470610496,0,normal
2014-12-16 07:15:00+00:00,20.6,Fitzroy Gardens,501,35.8,97.9,-37.8148084,144.980999,ENV,REAL_501,Real sensor series - Fitzroy Gardens - board 501,42,real_sensor_board_501,20.9861955764884,0,normal
2014-12-16 07:25:00+00:00,21.0,Fitzroy Gardens,501,35.4,98.0,-37.8148084,144.980999,ENV,REAL_501,Real sensor series - Fitzroy Gardens - board 501,42,real_sensor_board_501,20.72895646119072,1,weak_multivariate_excursion
2014-12-16 07:35:00+00:00,18.1,Fitzroy Gardens,501,33.6,92.6,-37.8148084,144.980999,ENV,REAL_501,Real sensor series - Fitzroy Gardens - board 501,42,real_sensor_board_501,20.463165168952575,1,weak_multivariate_excursion
2014-12-16 07:45:00+00:00,19.4,Fitzroy Gardens,501,34.1,96.6,-37.8148084,144.980999,ENV,REAL_501,Real sensor series - Fitzroy Gardens - board 501,42,real_sensor_board_501,19.990532135162063,1,weak_multivariate_excursion
2014-12-16 07:55:00+00:00,17.4,Fitzroy Gardens,501,35.8,92.2,-37.8148084,144.980999,ENV,REAL_501,Real sensor series - Fitzroy Gardens - board 501,42,real_sensor_board_501,19.472425708129652,1,weak_multivariate_excursion
2014-12-16 08:05:00+00:00,16.8,Fitzroy Gardens,501,37.7,94.6,-37.8148084,144.980999,ENV,REAL_501,Real sensor series - Fitzroy Gardens - board 501,42,real_sensor_board_501,18.997940566503722,1,weak_multivariate_excursion
2014-12-16 08:15:00+00:00,16.8,Fitzroy Gardens,501,37.1,89.8,-37.8148084,144.980999,ENV,REAL_501,Real sensor series - Fitzroy Gardens - board 501,42,real_sensor_board_501,18.61835245320298,0,normal
2014-12-16 08:25:00+00:00,16.8,Fitzroy Gardens,501,33.2,92.2,-37.8148084,144.980999,ENV,REAL_501,Real sensor series - Fitzroy Gardens - board 501,42,real_sensor_board_501,18.314681962562386,0,normal
2014-12-16 08:35:00+00:00,17.1,Fitzroy Gardens,501,31.1,91.3,-37.8148084,144.980999,ENV,REAL_501,Real sensor series - Fitzroy Gardens - board 501,42,real_sensor_board_501,18.07174557004991,0,normal
2014-12-16 08:45:00+00:00,17.1,Fitzroy Gardens,501,31.9,92.2,-37.8148084,144.980999,ENV,REAL_501,Real sensor series - Fitzroy Gardens - board 501,42,real_sensor_board_501,17.81739645603993,0,normal
2014-12-16 08:55:00+00:00,17.1,Fitzroy Gardens,501,33.3,88.2,-37.8148084,144.980999,ENV,REAL_501,Real sensor series - Fitzroy Gardens - board 501,42,real_sensor_board_501,17.613917164831946,0,normal
2014-12-16 09:05:00+00:00,17.1,Fitzroy Gardens,501,34.1,84.3,-37.8148084,144.980999,ENV,REAL_501,Real sensor series - Fitzroy Gardens - board 501,42,real_sensor_board_501,17.451133731865557,1,weak_multivariate_excursion
2014-12-16 09:15:00+00:00,16.8,Fitzroy Gardens,501,28.6,75.8,-37.8148084,144.980999,ENV,REAL_501,Real sensor series - Fitzroy Gardens - board 501,42,real_sensor_board_501,17.320906985492446,1,weak_multivariate_excursion
2014-12-16 09:25:00+00:00,16.8,Fitzroy Gardens,501,26.4,72.5,-37.8148084,144.980999,ENV,REAL_501,Real sensor series - Fitzroy Gardens - board 501,42,real_sensor_board_501,17.216725588393956,1,weak_multivariate_excursion
2014-12-16 09:35:00+00:00,16.5,Fitzroy Gardens,501,29.4,56.1,-37.8148084,144.980999,ENV,REAL_501,Real sensor series - Fitzroy Gardens - board 501,42,real_sensor_board_501,17.073380470715165,1,weak_multivariate_excursion
2014-12-16 09:45:00+00:00,16.1,Fitzroy Gardens,501,31.4,32.1,-37.8148084,144.980999,ENV,REAL_501,Real sensor series - Fitzroy Gardens - board 501,42,real_sensor_board_501,16.87870437657213,1,weak_multivariate_excursion
2014-12-16 09:55:00+00:00,15.8,Fitzroy Gardens,501,32.5,12.1,-37.8148084,144.980999,ENV,REAL_501,Real sensor series - Fitzroy Gardens - board 501,42,real_sensor_board_501,16.662963501257707,1,weak_multivariate_excursion
2014-12-16 10:10:00+00:00,15.5,Fitzroy Gardens,501,31.4,2.9,-37.8148084,144.980999,ENV,REAL_501,Real sensor series - Fitzroy Gardens - board 501,42,real_sensor_board_501,16.430370801006166,1,weak_multivariate_excursion
2014-12-16 10:20:00+00:00,15.2,Fitzroy Gardens,501,32.4,1.5,-37.8148084,144.980999,ENV,REAL_501,Real sensor series - Fitzroy Gardens - board 501,42,real_sensor_board_501,16.184296640804934,1,weak_multivariate_excursion
2014-12-16 10:30:00+00:00,14.5,Fitzroy Gardens,501,33.5,1.2,-37.8148084,144.980999,ENV,REAL_501,Real sensor series - Fitzroy Gardens - board 501,42,real_sensor_board_501,15.90743731264395,0,normal
2014-12-16 10:40:00+00:00,14.8,Fitzroy Gardens,501,33.2,1.2,-37.8148084,144.980999,ENV,REAL_501,Real sensor series - Fitzroy Gardens - board 501,42,real_sensor_board_501,15.62594985011516,0,normal
2014-12-16 10:50:00+00:00,14.5,Fitzroy Gardens,501,34.4,1.2,-37.8148084,144.980999,ENV,REAL_501,Real sensor series - Fitzroy Gardens - board 501,42,real_sensor_board_501,15.40075988009213,0,normal
2014-12-16 11:00:00+00:00,14.2,Fitzroy Gardens,501,33.8,1.2,-37.8148084,144.980999,ENV,REAL_501,Real sensor series - Fitzroy Gardens - board 501,42,real_sensor_board_501,15.160607904073704,0,normal
2014-12-16 11:10:00+00:00,13.9,Fitzroy Gardens,501,35.5,1.2,-37.8148084,144.980999,ENV,REAL_501,Real sensor series - Fitzroy Gardens - board 501,42,real_sensor_board_501,14.908486323258963,0,normal
2014-12-16 11:20:00+00:00,13.9,Fitzroy Gardens,501,36.2,1.2,-37.8148084,144.980999,ENV,REAL_501,Real sensor series - Fitzroy Gardens - board 501,42,real_sensor_board_501,14.706789058607171,0,normal
2014-12-16 11:30:00+00:00,13.9,Fitzroy Gardens,501,36.2,1.2,-37.8148084,144.980999,ENV,REAL_501,Real sensor series - Fitzroy Gardens - board 501,42,real_sensor_board_501,14.545431246885737,0,normal
2014-12-16 11:40:00+00:00,13.9,Fitzroy Gardens,501,36.0,1.2,-37.8148084,144.980999,ENV,REAL_501,Real sensor series - Fitzroy Gardens - board 501,42,real_sensor_board_501,14.416344997508592,0,normal
2014-12-16 11:50:00+00:00,13.2,Fitzroy Gardens,501,37.1,1.2,-37.8148084,144.980999,ENV,REAL_501,Real sensor series - Fitzroy Gardens - board 501,42,real_sensor_board_501,14.233075998006875,0,normal
2014-12-16 12:00:00+00:00,13.5,Fitzroy Gardens,501,36.8,1.2,-37.8148084,144.980999,ENV,REAL_501,Real sensor series - Fitzroy Gardens - board 501,42,real_sensor_board_501,14.0864607984055,0,normal
2014-12-16 12:10:00+00:00,13.5,Fitzroy Gardens,501,36.6,1.2,-37.8148084,144.980999,ENV,REAL_501,Real sensor series - Fitzroy Gardens - board 501,42,real_sensor_board_501,13.909168638724402,0,normal
2014-12-16 12:20:00+00:00,13.2,Fitzroy Gardens,501,36.6,1.2,-37.8148084,144.980999,ENV,REAL_501,Real sensor series - Fitzroy Gardens - board 501,42,real_sensor_board_501,13.767334910979523,0,normal
2014-12-16 12:30:00+00:00,13.2,Fitzroy Gardens,501,37.3,1.2,-37.8148084,144.980999,ENV,REAL_501,Real sensor series - Fitzroy Gardens - board 501,42,real_sensor_board_501,13.653867928783619,0,normal
2014-12-16 12:40:00+00:00,11.9,Fitzroy Gardens,501,48.6,1.1,-37.8148084,144.980999,ENV,REAL_501,Real sensor series - Fitzroy Gardens - board 501,42,real_sensor_board_501,13.443094343026896,0,normal
2014-12-16 12:50:00+00:00,12.3,Fitzroy Gardens,501,61.5,1.1,-37.8148084,144.980999,ENV,REAL_501,Real sensor series - Fitzroy Gardens - board 501,42,real_sensor_board_501,13.274475474421518,0,normal
2014-12-16 13:00:00+00:00,12.6,Fitzroy Gardens,501,54.0,1.1,-37.8148084,144.980999,ENV,REAL_501,Real sensor series - Fitzroy Gardens - board 501,42,real_sensor_board_501,13.139580379537215,0,normal
2014-12-16 13:10:00+00:00,12.6,Fitzroy Gardens,501,50.3,1.1,-37.8148084,144.980999,ENV,REAL_501,Real sensor series - Fitzroy Gardens - board 501,42,real_sensor_board_501,13.031664303629771,0,normal
2014-12-16 13:25:00+00:00,12.6,Fitzroy Gardens,501,42.0,1.1,-37.8148084,144.980999,ENV,REAL_501,Real sensor series - Fitzroy Gardens - board 501,42,real_sensor_board_501,12.945331442903818,0,normal
2014-12-16 13:35:00+00:00,12.3,Fitzroy Gardens,501,42.0,1.1,-37.8148084,144.980999,ENV,REAL_501,Real sensor series - Fitzroy Gardens - board 501,42,real_sensor_board_501,12.816265154323055,0,normal
2014-12-16 13:45:00+00:00,12.6,Fitzroy Gardens,501,41.8,1.1,-37.8148084,144.980999,ENV,REAL_501,Real sensor series - Fitzroy Gardens - board 501,42,real_sensor_board_501,12.713012123458446,0,normal
2014-12-16 13:55:00+00:00,12.3,Fitzroy Gardens,501,42.8,1.2,-37.8148084,144.980999,ENV,REAL_501,Real sensor series - Fitzroy Gardens - board 501,42,real_sensor_board_501,12.630409698766758,0,normal
2014-12-16 14:05:00+00:00,11.9,Fitzroy Gardens,501,44.4,1.2,-37.8148084,144.980999,ENV,REAL_501,Real sensor series - Fitzroy Gardens - board 501,42,real_sensor_board_501,12.564327759013409,0,normal
2014-12-16 14:15:00+00:00,11.9,Fitzroy Gardens,501,44.4,1.2,-37.8148084,144.980999,ENV,REAL_501,Real sensor series - Fitzroy Gardens - board 501,42,real_sensor_board_501,12.431462207210728,0,normal
2014-12-16 14:25:00+00:00,12.6,Fitzroy Gardens,501,42.8,1.2,-37.8148084,144.980999,ENV,REAL_501,Real sensor series - Fitzroy Gardens - board 501,42,real_sensor_board_501,12.325169765768583,0,normal
2014-12-16 14:35:00+00:00,12.3,Fitzroy Gardens,501,43.1,1.2,-37.8148084,144.980999,ENV,REAL_501,Real sensor series - Fitzroy Gardens - board 501,42,real_sensor_board_501,12.240135812614868,0,normal
2014-12-16 14:45:00+00:00,11.9,Fitzroy Gardens,501,44.2,1.2,-37.8148084,144.980999,ENV,REAL_501,Real sensor series - Fitzroy Gardens - board 501,42,real_sensor_board_501,12.172108650091896,0,normal
2014-12-16 14:55:00+00:00,11.9,Fitzroy Gardens,501,44.2,1.2,-37.8148084,144.980999,ENV,REAL_501,Real sensor series - Fitzroy Gardens - board 501,42,real_sensor_board_501,12.117686920073519,0,normal
2014-12-16 15:05:00+00:00,11.6,Fitzroy Gardens,501,44.4,1.2,-37.8148084,144.980999,ENV,REAL_501,Real sensor series - Fitzroy Gardens - board 501,42,real_sensor_board_501,12.014149536058817,0,normal
2014-12-16 15:15:00+00:00,11.6,Fitzroy Gardens,501,44.8,1.2,-37.8148084,144.980999,ENV,REAL_501,Real sensor series - Fitzroy Gardens - board 501,42,real_sensor_board_501,11.931319628847055,0,normal
2014-12-16 15:25:00+00:00,11.3,Fitzroy Gardens,501,45.6,1.2,-37.8148084,144.980999,ENV,REAL_501,Real sensor series - Fitzroy Gardens - board 501,42,real_sensor_board_501,11.805055703077644,0,normal
2014-12-16 15:35:00+00:00,11.3,Fitzroy Gardens,501,45.9,1.2,-37.8148084,144.980999,ENV,REAL_501,Real sensor series - Fitzroy Gardens - board 501,42,real_sensor_board_501,11.704044562462116,0,normal
2014-12-16 15:45:00+00:00,11.3,Fitzroy Gardens,501,46.1,1.2,-37.8148084,144.980999,ENV,REAL_501,Real sensor series - Fitzroy Gardens - board 501,42,real_sensor_board_501,11.623235649969693,0,normal
2014-12-16 15:55:00+00:00,11.0,Fitzroy Gardens,501,46.7,1.2,-37.8148084,144.980999,ENV,REAL_501,Real sensor series - Fitzroy Gardens - board 501,42,real_sensor_board_501,11.558588519975755,0,normal
2014-12-16 16:05:00+00:00,11.3,Fitzroy Gardens,501,45.8,1.2,-37.8148084,144.980999,ENV,REAL_501,Real sensor series - Fitzroy Gardens - board 501,42,real_sensor_board_501,11.506870815980605,0,normal
2014-12-16 16:15:00+00:00,10.6,Fitzroy Gardens,501,46.9,1.2,-37.8148084,144.980999,ENV,REAL_501,Real sensor series - Fitzroy Gardens - board 501,42,real_sensor_board_501,11.405496652784485,0,normal
2014-12-16 16:30:00+00:00,11.0,Fitzroy Gardens,501,45.9,1.2,-37.8148084,144.980999,ENV,REAL_501,Real sensor series - Fitzroy Gardens - board 501,42,real_sensor_board_501,11.32439732222759,0,normal
2014-12-16 16:40:00+00:00,11.3,Fitzroy Gardens,501,46.6,1.2,-37.8148084,144.980999,ENV,REAL_501,Real sensor series - Fitzroy Gardens - board 501,42,real_sensor_board_501,11.259517857782072,0,normal
2014-12-16 16:50:00+00:00,11.0,Fitzroy Gardens,501,47.2,1.2,-37.8148084,144.980999,ENV,REAL_501,Real sensor series - Fitzroy Gardens - board 501,42,real_sensor_board_501,11.20761428622566,0,normal
2014-12-16 17:00:00+00:00,11.0,Fitzroy Gardens,501,47.3,1.2,-37.8148084,144.980999,ENV,REAL_501,Real sensor series - Fitzroy Gardens - board 501,42,real_sensor_board_501,11.166091428980529,0,normal
2014-12-16 17:10:00+00:00,10.6,Fitzroy Gardens,501,48.3,1.2,-37.8148084,144.980999,ENV,REAL_501,Real sensor series - Fitzroy Gardens - board 501,42,real_sensor_board_501,11.132873143184423,0,normal
2014-12-16 17:20:00+00:00,11.0,Fitzroy Gardens,501,48.0,1.2,-37.8148084,144.980999,ENV,REAL_501,Real sensor series - Fitzroy Gardens - board 501,42,real_sensor_board_501,11.10629851454754,0,normal
2014-12-16 17:30:00+00:00,11.0,Fitzroy Gardens,501,47.3,1.2,-37.8148084,144.980999,ENV,REAL_501,Real sensor series - Fitzroy Gardens - board 501,42,real_sensor_board_501,11.085038811638032,0,normal
2014-12-16 17:40:00+00:00,10.3,Fitzroy Gardens,501,48.8,1.2,-37.8148084,144.980999,ENV,REAL_501,Real sensor series - Fitzroy Gardens - board 501,42,real_sensor_board_501,11.068031049310427,0,normal
2014-12-16 17:50:00+00:00,10.6,Fitzroy Gardens,501,48.1,1.2,-37.8148084,144.980999,ENV,REAL_501,Real sensor series - Fitzroy Gardens - board 501,42,real_sensor_board_501,11.054424839448341,0,normal
2014-12-16 18:00:00+00:00,10.6,Fitzroy Gardens,501,47.5,1.2,-37.8148084,144.980999,ENV,REAL_501,Real sensor series - Fitzroy Gardens - board 501,42,real_sensor_board_501,11.043539871558675,0,normal
2014-12-16 18:10:00+00:00,10.6,Fitzroy Gardens,501,47.3,1.4,-37.8148084,144.980999,ENV,REAL_501,Real sensor series - Fitzroy Gardens - board 501,42,real_sensor_board_501,11.034831897246942,0,normal
2014-12-16 18:20:00+00:00,10.6,Fitzroy Gardens,501,47.2,2.6,-37.8148084,144.980999,ENV,REAL_501,Real sensor series - Fitzroy Gardens - board 501,42,real_sensor_board_501,11.027865517797554,1,weak_multivariate_excursion
2014-12-16 18:30:00+00:00,10.6,Fitzroy Gardens,501,47.3,10.9,-37.8148084,144.980999,ENV,REAL_501,Real sensor series - Fitzroy Gardens - board 501,42,real_sensor_board_501,11.022292414238045,1,weak_multivariate_excursion
2014-12-16 18:40:00+00:00,10.6,Fitzroy Gardens,501,47.0,32.6,-37.8148084,144.980999,ENV,REAL_501,Real sensor series - Fitzroy Gardens - board 501,42,real_sensor_board_501,11.017833931390438,1,weak_multivariate_excursion
2014-12-16 18:50:00+00:00,10.6,Fitzroy Gardens,501,47.7,54.3,-37.8148084,144.980999,ENV,REAL_501,Real sensor series - Fitzroy Gardens - board 501,42,real_sensor_board_501,11.014267145112353,1,weak_multivariate_excursion
2014-12-16 19:00:00+00:00,10.6,Fitzroy Gardens,501,47.7,67.9,-37.8148084,144.980999,ENV,REAL_501,Real sensor series - Fitzroy Gardens - board 501,42,real_sensor_board_501,11.011413716089884,1,weak_multivariate_excursion
2014-12-16 19:10:00+00:00,10.6,Fitzroy Gardens,501,47.3,75.4,-37.8148084,144.980999,ENV,REAL_501,Real sensor series - Fitzroy Gardens - board 501,42,real_sensor_board_501,11.009130972871908,1,weak_multivariate_excursion
2014-12-16 19:20:00+00:00,10.3,Fitzroy Gardens,501,48.1,79.8,-37.8148084,144.980999,ENV,REAL_501,Real sensor series - Fitzroy Gardens - board 501,42,real_sensor_board_501,11.007304778297527,1,weak_multivariate_excursion
2014-12-16 19:30:00+00:00,10.6,Fitzroy Gardens,501,47.7,82.1,-37.8148084,144.980999,ENV,REAL_501,Real sensor series - Fitzroy Gardens - board 501,42,real_sensor_board_501,11.005843822638024,0,normal
2014-12-16 19:45:00+00:00,10.6,Fitzroy Gardens,501,48.1,83.7,-37.8148084,144.980999,ENV,REAL_501,Real sensor series - Fitzroy Gardens - board 501,42,real_sensor_board_501,11.004675058110418,0,normal
2014-12-16 19:55:00+00:00,11.0,Fitzroy Gardens,501,46.7,85.0,-37.8148084,144.980999,ENV,REAL_501,Real sensor series - Fitzroy Gardens - board 501,42,real_sensor_board_501,11.003740046488335,0,normal
2014-12-16 20:05:00+00:00,11.3,Fitzroy Gardens,501,46.2,86.1,-37.8148084,144.980999,ENV,REAL_501,Real sensor series - Fitzroy Gardens - board 501,42,real_sensor_board_501,11.062992037190668,0,normal
2014-12-16 20:15:00+00:00,11.3,Fitzroy Gardens,501,46.4,86.4,-37.8148084,144.980999,ENV,REAL_501,Real sensor series - Fitzroy Gardens - board 501,42,real_sensor_board_501,11.110393629752535,0,normal
2014-12-16 20:25:00+00:00,11.3,Fitzroy Gardens,501,45.8,87.1,-37.8148084,144.980999,ENV,REAL_501,Real sensor series - Fitzroy Gardens - board 501,42,real_sensor_board_501,11.148314903802028,0,normal
2014-12-16 20:35:00+00:00,11.6,Fitzroy Gardens,501,44.7,87.8,-37.8148084,144.980999,ENV,REAL_501,Real sensor series - Fitzroy Gardens - board 501,42,real_sensor_board_501,11.238651923041623,0,normal
2014-12-16 20:45:00+00:00,11.9,Fitzroy Gardens,501,44.8,88.2,-37.8148084,144.980999,ENV,REAL_501,Real sensor series - Fitzroy Gardens - board 501,42,real_sensor_board_501,11.370921538433299,0,normal
2014-12-16 20:55:00+00:00,12.3,Fitzroy Gardens,501,42.9,88.7,-37.8148084,144.980999,ENV,REAL_501,Real sensor series - Fitzroy Gardens - board 501,42,real_sensor_board_501,11.55673723074664,0,normal
2014-12-16 21:05:00+00:00,12.6,Fitzroy Gardens,501,42.1,89.2,-37.8148084,144.980999,ENV,REAL_501,Real sensor series - Fitzroy Gardens - board 501,42,real_sensor_board_501,11.765389784597312,0,normal
2014-12-16 21:15:00+00:00,12.9,Fitzroy Gardens,501,41.4,89.9,-37.8148084,144.980999,ENV,REAL_501,Real sensor series - Fitzroy Gardens - board 501,42,real_sensor_board_501,11.99231182767785,0,normal
2014-12-16 21:25:00+00:00,13.5,Fitzroy Gardens,501,41.0,91.0,-37.8148084,144.980999,ENV,REAL_501,Real sensor series - Fitzroy Gardens - board 501,42,real_sensor_board_501,12.29384946214228,0,normal
2014-12-16 21:35:00+00:00,13.5,Fitzroy Gardens,501,38.8,91.5,-37.8148084,144.980999,ENV,REAL_501,Real sensor series - Fitzroy Gardens - board 501,42,real_sensor_board_501,12.535079569713826,0,normal
2014-12-16 21:45:00+00:00,14.5,Fitzroy Gardens,501,38.5,92.5,-37.8148084,144.980999,ENV,REAL_501,Real sensor series - Fitzroy Gardens - board 501,42,real_sensor_board_501,12.928063655771062,0,normal
2014-12-16 21:55:00+00:00,14.5,Fitzroy Gardens,501,37.3,93.3,-37.8148084,144.980999,ENV,REAL_501,Real sensor series - Fitzroy Gardens - board 501,42,real_sensor_board_501,13.24245092461685,0,normal
2014-12-16 22:05:00+00:00,15.5,Fitzroy Gardens,501,36.3,93.9,-37.8148084,144.980999,ENV,REAL_501,Real sensor series - Fitzroy Gardens - board 501,42,real_sensor_board_501,13.69396073969348,1,weak_multivariate_excursion
2014-12-16 22:15:00+00:00,18.7,Fitzroy Gardens,501,33.0,94.4,-37.8148084,144.980999,ENV,REAL_501,Real sensor series - Fitzroy Gardens - board 501,42,real_sensor_board_501,14.435168591754785,1,weak_multivariate_excursion
2014-12-16 22:25:00+00:00,17.4,Fitzroy Gardens,501,34.4,94.8,-37.8148084,144.980999,ENV,REAL_501,Real sensor series - Fitzroy Gardens - board 501,42,real_sensor_board_501,15.228134873403828,1,weak_multivariate_excursion
2014-12-16 22:35:00+00:00,18.7,Fitzroy Gardens,501,31.6,95.0,-37.8148084,144.980999,ENV,REAL_501,Real sensor series - Fitzroy Gardens - board 501,42,real_sensor_board_501,15.922507898723063,0,normal
2014-12-16 22:45:00+00:00,20.3,Fitzroy Gardens,501,31.4,95.7,-37.8148084,144.980999,ENV,REAL_501,Real sensor series - Fitzroy Gardens - board 501,42,real_sensor_board_501,16.47800631897845,0,normal
2014-12-16 23:00:00+00:00,19.4,Fitzroy Gardens,501,31.6,96.2,-37.8148084,144.980999,ENV,REAL_501,Real sensor series - Fitzroy Gardens - board 501,42,real_sensor_board_501,17.06240505518276,0,normal
2014-12-16 23:10:00+00:00,20.3,Fitzroy Gardens,501,31.3,96.5,-37.8148084,144.980999,ENV,REAL_501,Real sensor series - Fitzroy Gardens - board 501,42,real_sensor_board_501,17.589924044146212,0,normal
2014-12-16 23:20:00+00:00,21.3,Fitzroy Gardens,501,30.8,96.8,-37.8148084,144.980999,ENV,REAL_501,Real sensor series - Fitzroy Gardens - board 501,42,real_sensor_board_501,18.01193923531697,0,normal
2014-12-16 23:30:00+00:00,22.6,Fitzroy Gardens,501,31.9,97.1,-37.8148084,144.980999,ENV,REAL_501,Real sensor series - Fitzroy Gardens - board 501,42,real_sensor_board_501,18.469551388253578,0,normal
2014-12-16 23:40:00+00:00,22.3,Fitzroy Gardens,501,28.9,97.1,-37.8148084,144.980999,ENV,REAL_501,Real sensor series - Fitzroy Gardens - board 501,42,real_sensor_board_501,18.835641110602865,0,normal
2014-12-16 23:50:00+00:00,22.3,Fitzroy Gardens,501,29.2,97.1,-37.8148084,144.980999,ENV,REAL_501,Real sensor series - Fitzroy Gardens - board 501,42,real_sensor_board_501,19.188512888482293,0,normal
2014-12-17 00:00:00+00:00,21.0,Fitzroy Gardens,501,26.1,97.0,-37.8148084,144.980999,ENV,REAL_501,Real sensor series - Fitzroy Gardens - board 501,42,real_sensor_board_501,19.550810310785835,0,normal
2014-12-17 00:10:00+00:00,21.0,Fitzroy Gardens,501,27.3,97.0,-37.8148084,144.980999,ENV,REAL_501,Real sensor series - Fitzroy Gardens - board 501,42,real_sensor_board_501,19.840648248628668,0,normal
2014-12-17 00:20:00+00:00,22.9,Fitzroy Gardens,501,28.3,97.1,-37.8148084,144.980999,ENV,REAL_501,Real sensor series - Fitzroy Gardens - board 501,42,real_sensor_board_501,20.072518598902935,0,normal
2014-12-17 00:30:00+00:00,21.9,Fitzroy Gardens,501,26.1,97.2,-37.8148084,144.980999,ENV,REAL_501,Real sensor series - Fitzroy Gardens - board 501,42,real_sensor_board_501,20.31801487912235,0,normal
2014-12-17 00:40:00+00:00,22.3,Fitzroy Gardens,501,25.3,97.2,-37.8148084,144.980999,ENV,REAL_501,Real sensor series - Fitzroy Gardens - board 501,42,real_sensor_board_501,20.514411903297884,0,normal
2014-12-17 00:50:00+00:00,22.6,Fitzroy Gardens,501,25.7,97.3,-37.8148084,144.980999,ENV,REAL_501,Real sensor series - Fitzroy Gardens - board 501,42,real_sensor_board_501,20.67152952263831,1,weak_multivariate_excursion
2014-12-17 01:00:00+00:00,18.4,Fitzroy Gardens,501,28.3,94.2,-37.8148084,144.980999,ENV,REAL_501,Real sensor series - Fitzroy Gardens - board 501,42,real_sensor_board_501,20.79722361811065,1,weak_multivariate_excursion
2014-12-17 01:10:00+00:00,20.6,Fitzroy Gardens,501,26.2,97.2,-37.8148084,144.980999,ENV,REAL_501,Real sensor series - Fitzroy Gardens - board 501,42,real_sensor_board_501,20.89777889448852,1,weak_multivariate_excursion
2014-12-17 01:20:00+00:00,21.0,Fitzroy Gardens,501,25.6,97.2,-37.8148084,144.980999,ENV,REAL_501,Real sensor series - Fitzroy Gardens - board 501,42,real_sensor_board_501,21.038223115590817,0,normal
2014-12-17 01:30:00+00:00,19.7,Fitzroy Gardens,501,23.4,97.2,-37.8148084,144.980999,ENV,REAL_501,Real sensor series - Fitzroy Gardens - board 501,42,real_sensor_board_501,21.150578492472654,0,normal
2014-12-17 01:40:00+00:00,19.7,Fitzroy Gardens,501,25.7,97.2,-37.8148084,144.980999,ENV,REAL_501,Real sensor series - Fitzroy Gardens - board 501,42,real_sensor_board_501,21.240462793978125,0,normal
2014-12-17 01:50:00+00:00,21.6,Fitzroy Gardens,501,27.2,97.4,-37.8148084,144.980999,ENV,REAL_501,Real sensor series - Fitzroy Gardens - board 501,42,real_sensor_board_501,21.312370235182502,0,normal
2014-12-17 02:00:00+00:00,21.3,Fitzroy Gardens,501,26.2,97.3,-37.8148084,144.980999,ENV,REAL_501,Real sensor series - Fitzroy Gardens - board 501,42,real_sensor_board_501,21.429896188146003,0,normal
2014-12-17 02:15:00+00:00,22.6,Fitzroy Gardens,501,29.1,97.3,-37.8148084,144.980999,ENV,REAL_501,Real sensor series - Fitzroy Gardens - board 501,42,real_sensor_board_501,21.523916950516803,0,normal
2014-12-17 02:25:00+00:00,21.3,Fitzroy Gardens,501,29.4,97.4,-37.8148084,144.980999,ENV,REAL_501,Real sensor series - Fitzroy Gardens - board 501,42,real_sensor_board_501,21.599133560413442,0,normal
2014-12-17 02:35:00+00:00,21.6,Fitzroy Gardens,501,26.1,97.3,-37.8148084,144.980999,ENV,REAL_501,Real sensor series - Fitzroy Gardens - board 501,42,real_sensor_board_501,21.659306848330754,0,normal
2014-12-17 02:45:00+00:00,21.6,Fitzroy Gardens,501,28.4,97.3,-37.8148084,144.980999,ENV,REAL_501,Real sensor series - Fitzroy Gardens - board 501,42,real_sensor_board_501,21.707445478664603,0,normal
2014-12-17 02:55:00+00:00,21.3,Fitzroy Gardens,501,27.6,97.3,-37.8148084,144.980999,ENV,REAL_501,Real sensor series - Fitzroy Gardens - board 501,42,real_sensor_board_501,21.74595638293168,0,normal
2014-12-17 03:05:00+00:00,21.3,Fitzroy Gardens,501,28.3,97.3,-37.8148084,144.980999,ENV,REAL_501,Real sensor series - Fitzroy Gardens - board 501,42,real_sensor_board_501,21.776765106345344,0,normal
2014-12-17 03:15:00+00:00,21.9,Fitzroy Gardens,501,25.9,97.3,-37.8148084,144.980999,ENV,REAL_501,Real sensor series - Fitzroy Gardens - board 501,42,real_sensor_board_501,21.801412085076276,0,normal
2014-12-17 03:25:00+00:00,21.9,Fitzroy Gardens,501,26.2,97.3,-37.8148084,144.980999,ENV,REAL_501,Real sensor series - Fitzroy Gardens - board 501,42,real_sensor_board_501,21.82112966806102,0,normal
2014-12-17 03:35:00+00:00,22.3,Fitzroy Gardens,501,25.7,97.3,-37.8148084,144.980999,ENV,REAL_501,Real sensor series - Fitzroy Gardens - board 501,42,real_sensor_board_501,21.836903734448814,0,normal
2014-12-17 03:45:00+00:00,21.9,Fitzroy Gardens,501,27.5,97.3,-37.8148084,144.980999,ENV,REAL_501,Real sensor series - Fitzroy Gardens - board 501,42,real_sensor_board_501,21.929522987559054,0,normal
2014-12-17 03:55:00+00:00,21.6,Fitzroy Gardens,501,24.5,97.3,-37.8148084,144.980999,ENV,REAL_501,Real sensor series - Fitzroy Gardens - board 501,42,real_sensor_board_501,22.003618390047244,0,normal
2014-12-17 04:05:00+00:00,23.9,Fitzroy Gardens,501,27.8,97.4,-37.8148084,144.980999,ENV,REAL_501,Real sensor series - Fitzroy Gardens - board 501,42,real_sensor_board_501,22.062894712037796,0,normal
2014-12-17 04:15:00+00:00,23.9,Fitzroy Gardens,501,24.8,97.4,-37.8148084,144.980999,ENV,REAL_501,Real sensor series - Fitzroy Gardens - board 501,42,real_sensor_board_501,22.110315769630237,0,normal
2014-12-17 04:25:00+00:00,24.5,Fitzroy Gardens,501,24.8,97.4,-37.8148084,144.980999,ENV,REAL_501,Real sensor series - Fitzroy Gardens - board 501,42,real_sensor_board_501,22.14825261570419,0,normal
2014-12-17 04:35:00+00:00,24.2,Fitzroy Gardens,501,24.8,97.4,-37.8148084,144.980999,ENV,REAL_501,Real sensor series - Fitzroy Gardens - board 501,42,real_sensor_board_501,22.178602092563356,0,normal
2014-12-17 04:45:00+00:00,23.5,Fitzroy Gardens,501,23.5,97.4,-37.8148084,144.980999,ENV,REAL_501,Real sensor series - Fitzroy Gardens - board 501,42,real_sensor_board_501,22.202881674050687,0,normal
2014-12-17 04:55:00+00:00,25.2,Fitzroy Gardens,501,24.3,97.5,-37.8148084,144.980999,ENV,REAL_501,Real sensor series - Fitzroy Gardens - board 501,42,real_sensor_board_501,22.222305339240553,0,normal
2014-12-17 05:05:00+00:00,24.5,Fitzroy Gardens,501,25.4,97.5,-37.8148084,144.980999,ENV,REAL_501,Real sensor series - Fitzroy Gardens - board 501,42,real_sensor_board_501,22.237844271392444,0,normal
2014-12-17 05:20:00+00:00,23.5,Fitzroy Gardens,501,26.9,97.3,-37.8148084,144.980999,ENV,REAL_501,Real sensor series - Fitzroy Gardens - board 501,42,real_sensor_board_501,22.250275417113958,0,normal
2014-12-17 05:30:00+00:00,25.2,Fitzroy Gardens,501,25.7,97.6,-37.8148084,144.980999,ENV,REAL_501,Real sensor series - Fitzroy Gardens - board 501,42,real_sensor_board_501,22.26022033369117,0,normal
2014-12-17 05:40:00+00:00,23.9,Fitzroy Gardens,501,25.7,97.6,-37.8148084,144.980999,ENV,REAL_501,Real sensor series - Fitzroy Gardens - board 501,42,real_sensor_board_501,22.26817626695294,0,normal
2014-12-17 05:50:00+00:00,22.9,Fitzroy Gardens,501,25.4,97.5,-37.8148084,144.980999,ENV,REAL_501,Real sensor series - Fitzroy Gardens - board 501,42,real_sensor_board_501,22.274541013562352,0,normal
2014-12-17 06:00:00+00:00,24.2,Fitzroy Gardens,501,24.8,97.5,-37.8148084,144.980999,ENV,REAL_501,Real sensor series - Fitzroy Gardens - board 501,42,real_sensor_board_501,22.279632810849883,0,normal
2014-12-17 06:10:00+00:00,22.3,Fitzroy Gardens,501,25.3,96.6,-37.8148084,144.980999,ENV,REAL_501,Real sensor series - Fitzroy Gardens - board 501,42,real_sensor_board_501,22.28370624867991,0,normal
2014-12-17 06:20:00+00:00,22.3,Fitzroy Gardens,501,25.4,96.5,-37.8148084,144.980999,ENV,REAL_501,Real sensor series - Fitzroy Gardens - board 501,42,real_sensor_board_501,22.28696499894393,0,normal
2014-12-17 06:30:00+00:00,21.9,Fitzroy Gardens,501,25.9,97.7,-37.8148084,144.980999,ENV,REAL_501,Real sensor series - Fitzroy Gardens - board 501,42,real_sensor_board_501,22.289571999155147,0,normal
2014-12-17 06:40:00+00:00,22.3,Fitzroy Gardens,501,25.9,97.7,-37.8148084,144.980999,ENV,REAL_501,Real sensor series - Fitzroy Gardens - board 501,42,real_sensor_board_501,22.291657599324118,0,normal
2014-12-17 06:50:00+00:00,21.9,Fitzroy Gardens,501,27.3,97.8,-37.8148084,144.980999,ENV,REAL_501,Real sensor series - Fitzroy Gardens - board 501,42,real_sensor_board_501,22.213326079459293,0,normal
2014-12-17 07:00:00+00:00,21.9,Fitzroy Gardens,501,28.6,97.8,-37.8148084,144.980999,ENV,REAL_501,Real sensor series - Fitzroy Gardens - board 501,42,real_sensor_board_501,22.150660863567435,0,normal
2014-12-17 07:10:00+00:00,22.6,Fitzroy Gardens,501,27.3,97.8,-37.8148084,144.980999,ENV,REAL_501,Real sensor series - Fitzroy Gardens - board 501,42,real_sensor_board_501,22.10052869085395,0,normal
2014-12-17 07:20:00+00:00,21.6,Fitzroy Gardens,501,28.9,97.8,-37.8148084,144.980999,ENV,REAL_501,Real sensor series - Fitzroy Gardens - board 501,42,real_sensor_board_501,22.00042295268316,0,normal
2014-12-17 07:30:00+00:00,20.6,Fitzroy Gardens,501,31.0,97.6,-37.8148084,144.980999,ENV,REAL_501,Real sensor series - Fitzroy Gardens - board 501,42,real_sensor_board_501,21.720338362146528,0,normal
2014-12-17 07:40:00+00:00,20.6,Fitzroy Gardens,501,31.3,96.6,-37.8148084,144.980999,ENV,REAL_501,Real sensor series - Fitzroy Gardens - board 501,42,real_sensor_board_501,21.496270689717225,0,normal
2014-12-17 07:50:00+00:00,19.4,Fitzroy Gardens,501,33.6,94.0,-37.8148084,144.980999,ENV,REAL_501,Real sensor series - Fitzroy Gardens - board 501,42,real_sensor_board_501,21.137016551773783,0,normal
2014-12-17 08:00:00+00:00,19.7,Fitzroy Gardens,501,34.4,96.2,-37.8148084,144.980999,ENV,REAL_501,Real sensor series - Fitzroy Gardens - board 501,42,real_sensor_board_501,20.789613241419026,0,normal
2014-12-17 08:10:00+00:00,18.7,Fitzroy Gardens,501,35.1,93.8,-37.8148084,144.980999,ENV,REAL_501,Real sensor series - Fitzroy Gardens - board 501,42,real_sensor_board_501,20.37169059313522,0,normal
2014-12-17 08:20:00+00:00,18.4,Fitzroy Gardens,501,32.7,95.9,-37.8148084,144.980999,ENV,REAL_501,Real sensor series - Fitzroy Gardens - board 501,42,real_sensor_board_501,20.037352474508175,0,normal
2014-12-17 08:35:00+00:00,18.7,Fitzroy Gardens,501,31.7,93.3,-37.8148084,144.980999,ENV,REAL_501,Real sensor series - Fitzroy Gardens - board 501,42,real_sensor_board_501,19.70988197960654,0,normal
2014-12-17 08:45:00+00:00,18.1,Fitzroy Gardens,501,33.0,90.5,-37.8148084,144.980999,ENV,REAL_501,Real sensor series - Fitzroy Gardens - board 501,42,real_sensor_board_501,19.38790558368523,0,normal
2014-12-17 08:55:00+00:00,17.4,Fitzroy Gardens,501,34.1,87.5,-37.8148084,144.980999,ENV,REAL_501,Real sensor series - Fitzroy Gardens - board 501,42,real_sensor_board_501,18.990324466948184,0,normal
2014-12-17 09:05:00+00:00,17.1,Fitzroy Gardens,501,34.4,84.9,-37.8148084,144.980999,ENV,REAL_501,Real sensor series - Fitzroy Gardens - board 501,42,real_sensor_board_501,18.61225957355855,0,normal
2014-12-17 09:15:00+00:00,16.8,Fitzroy Gardens,501,34.4,80.9,-37.8148084,144.980999,ENV,REAL_501,Real sensor series - Fitzroy Gardens - board 501,42,real_sensor_board_501,18.24980765884684,1,weak_multivariate_excursion
2014-12-17 09:25:00+00:00,16.5,Fitzroy Gardens,501,35.4,74.3,-37.8148084,144.980999,ENV,REAL_501,Real sensor series - Fitzroy Gardens - board 501,42,real_sensor_board_501,17.899846127077474,1,weak_multivariate_excursion
2014-12-17 09:35:00+00:00,15.8,Fitzroy Gardens,501,36.3,61.7,-37.8148084,144.980999,ENV,REAL_501,Real sensor series - Fitzroy Gardens - board 501,42,real_sensor_board_501,17.47987690166198,1,weak_multivariate_excursion
2014-12-17 09:45:00+00:00,15.5,Fitzroy Gardens,501,36.6,41.5,-37.8148084,144.980999,ENV,REAL_501,Real sensor series - Fitzroy Gardens - board 501,42,real_sensor_board_501,17.083901521329587,1,weak_multivariate_excursion
2014-12-17 09:55:00+00:00,15.2,Fitzroy Gardens,501,37.4,14.9,-37.8148084,144.980999,ENV,REAL_501,Real sensor series - Fitzroy Gardens - board 501,42,real_sensor_board_501,16.70712121706367,1,weak_multivariate_excursion
2014-12-17 10:05:00+00:00,14.8,Fitzroy Gardens,501,37.9,3.6,-37.8148084,144.980999,ENV,REAL_501,Real sensor series - Fitzroy Gardens - board 501,42,real_sensor_board_501,16.325696973650935,1,weak_multivariate_excursion
2014-12-17 10:15:00+00:00,14.8,Fitzroy Gardens,501,39.2,1.6,-37.8148084,144.980999,ENV,REAL_501,Real sensor series - Fitzroy Gardens - board 501,42,real_sensor_board_501,16.020557578920748,1,weak_multivariate_excursion
2014-12-17 10:25:00+00:00,14.5,Fitzroy Gardens,501,38.5,1.2,-37.8148084,144.980999,ENV,REAL_501,Real sensor series - Fitzroy Gardens - board 501,42,real_sensor_board_501,15.7164460631366,0,normal
2014-12-17 10:35:00+00:00,14.2,Fitzroy Gardens,501,39.8,1.1,-37.8148084,144.980999,ENV,REAL_501,Real sensor series - Fitzroy Gardens - board 501,42,real_sensor_board_501,15.41315685050928,0,normal
2014-12-17 10:45:00+00:00,14.2,Fitzroy Gardens,501,39.8,1.2,-37.8148084,144.980999,ENV,REAL_501,Real sensor series - Fitzroy Gardens - board 501,42,real_sensor_board_501,15.170525480407424,0,normal
2014-12-17 10:55:00+00:00,14.2,Fitzroy Gardens,501,40.7,1.2,-37.8148084,144.980999,ENV,REAL_501,Real sensor series - Fitzroy Gardens - board 501,42,real_sensor_board_501,14.97642038432594,0,normal
2014-12-17 11:05:00+00:00,13.9,Fitzroy Gardens,501,41.5,1.2,-37.8148084,144.980999,ENV,REAL_501,Real sensor series - Fitzroy Gardens - board 501,42,real_sensor_board_501,14.761136307460752,0,normal
2014-12-17 11:15:00+00:00,13.5,Fitzroy Gardens,501,42.3,1.2,-37.8148084,144.980999,ENV,REAL_501,Real sensor series - Fitzroy Gardens - board 501,42,real_sensor_board_501,14.508909045968604,0,normal
2014-12-17 11:25:00+00:00,13.5,Fitzroy Gardens,501,42.6,1.2,-37.8148084,144.980999,ENV,REAL_501,Real sensor series - Fitzroy Gardens - board 501,42,real_sensor_board_501,14.307127236774885,0,normal
2014-12-17 11:35:00+00:00,13.5,Fitzroy Gardens,501,42.1,1.2,-37.8148084,144.980999,ENV,REAL_501,Real sensor series - Fitzroy Gardens - board 501,42,real_sensor_board_501,14.14570178941991,0,normal
2014-12-17 11:50:00+00:00,13.2,Fitzroy Gardens,501,42.1,1.2,-37.8148084,144.980999,ENV,REAL_501,Real sensor series - Fitzroy Gardens - board 501,42,real_sensor_board_501,13.95656143153593,0,normal
2014-12-17 12:00:00+00:00,13.2,Fitzroy Gardens,501,42.3,1.2,-37.8148084,144.980999,ENV,REAL_501,Real sensor series - Fitzroy Gardens - board 501,42,real_sensor_board_501,13.805249145228744,0,normal
2014-12-17 12:10:00+00:00,13.2,Fitzroy Gardens,501,41.5,1.2,-37.8148084,144.980999,ENV,REAL_501,Real sensor series - Fitzroy Gardens - board 501,42,real_sensor_board_501,13.684199316182998,0,normal
2014-12-17 12:20:00+00:00,12.9,Fitzroy Gardens,501,41.8,1.2,-37.8148084,144.980999,ENV,REAL_501,Real sensor series - Fitzroy Gardens - board 501,42,real_sensor_board_501,13.5873594529464,0,normal
2014-12-17 12:30:00+00:00,13.2,Fitzroy Gardens,501,39.9,1.2,-37.8148084,144.980999,ENV,REAL_501,Real sensor series - Fitzroy Gardens - board 501,42,real_sensor_board_501,13.509887562357122,0,normal
2014-12-17 12:40:00+00:00,13.2,Fitzroy Gardens,501,39.6,1.2,-37.8148084,144.980999,ENV,REAL_501,Real sensor series - Fitzroy Gardens - board 501,42,real_sensor_board_501,13.4479100498857,0,normal
2014-12-17 12:50:00+00:00,12.9,Fitzroy Gardens,501,40.4,1.2,-37.8148084,144.980999,ENV,REAL_501,Real sensor series - Fitzroy Gardens - board 501,42,real_sensor_board_501,13.33832803990856,0,normal
2014-12-17 13:00:00+00:00,13.2,Fitzroy Gardens,501,39.5,1.2,-37.8148084,144.980999,ENV,REAL_501,Real sensor series - Fitzroy Gardens - board 501,42,real_sensor_board_501,13.25066243192685,0,normal
2014-12-17 13:10:00+00:00,12.9,Fitzroy Gardens,501,40.6,1.2,-37.8148084,144.980999,ENV,REAL_501,Real sensor series - Fitzroy Gardens - board 501,42,real_sensor_board_501,13.180529945541481,0,normal
2014-12-17 13:20:00+00:00,12.3,Fitzroy Gardens,501,42.3,1.2,-37.8148084,144.980999,ENV,REAL_501,Real sensor series - Fitzroy Gardens - board 501,42,real_sensor_board_501,13.004423956433186,0,normal
2014-12-17 13:30:00+00:00,12.3,Fitzroy Gardens,501,42.6,1.2,-37.8148084,144.980999,ENV,REAL_501,Real sensor series - Fitzroy Gardens - board 501,42,real_sensor_board_501,12.86353916514655,0,normal
2014-12-17 13:40:00+00:00,11.6,Fitzroy Gardens,501,44.7,1.3,-37.8148084,144.980999,ENV,REAL_501,Real sensor series - Fitzroy Gardens - board 501,42,real_sensor_board_501,12.610831332117241,0,normal
2014-12-17 13:50:00+00:00,11.6,Fitzroy Gardens,501,44.7,1.2,-37.8148084,144.980999,ENV,REAL_501,Real sensor series - Fitzroy Gardens - board 501,42,real_sensor_board_501,12.408665065693794,0,normal
2014-12-17 14:00:00+00:00,11.3,Fitzroy Gardens,501,45.0,1.2,-37.8148084,144.980999,ENV,REAL_501,Real sensor series - Fitzroy Gardens - board 501,42,real_sensor_board_501,12.246932052555037,0,normal
2014-12-17 14:10:00+00:00,11.0,Fitzroy Gardens,501,45.8,1.3,-37.8148084,144.980999,ENV,REAL_501,Real sensor series - Fitzroy Gardens - board 501,42,real_sensor_board_501,12.11754564204403,0,normal
2014-12-17 14:20:00+00:00,10.6,Fitzroy Gardens,501,46.1,1.3,-37.8148084,144.980999,ENV,REAL_501,Real sensor series - Fitzroy Gardens - board 501,42,real_sensor_board_501,12.014036513635226,0,normal
2014-12-17 14:30:00+00:00,11.0,Fitzroy Gardens,501,46.1,1.3,-37.8148084,144.980999,ENV,REAL_501,Real sensor series - Fitzroy Gardens - board 501,42,real_sensor_board_501,11.931229210908182,0,normal
2014-12-17 14:40:00+00:00,10.6,Fitzroy Gardens,501,46.9,1.3,-37.8148084,144.980999,ENV,REAL_501,Real sensor series - Fitzroy Gardens - board 501,42,real_sensor_board_501,11.864983368726547,0,normal
2014-12-17 14:50:00+00:00,10.6,Fitzroy Gardens,501,47.5,1.3,-37.8148084,144.980999,ENV,REAL_501,Real sensor series - Fitzroy Gardens - board 501,42,real_sensor_board_501,11.751986694981237,0,normal
2014-12-17 15:05:00+00:00,10.3,Fitzroy Gardens,501,48.8,1.3,-37.8148084,144.980999,ENV,REAL_501,Real sensor series - Fitzroy Gardens - board 501,42,real_sensor_board_501,11.66158935598499,0,normal
2014-12-17 15:15:00+00:00,10.3,Fitzroy Gardens,501,48.3,1.3,-37.8148084,144.980999,ENV,REAL_501,Real sensor series - Fitzroy Gardens - board 501,42,real_sensor_board_501,11.589271484787993,0,normal
2014-12-17 15:25:00+00:00,11.0,Fitzroy Gardens,501,47.8,1.2,-37.8148084,144.980999,ENV,REAL_501,Real sensor series - Fitzroy Gardens - board 501,42,real_sensor_board_501,11.471417187830394,0,normal
2014-12-17 15:35:00+00:00,10.6,Fitzroy Gardens,501,47.3,1.3,-37.8148084,144.980999,ENV,REAL_501,Real sensor series - Fitzroy Gardens - board 501,42,real_sensor_board_501,11.377133750264317,0,normal
2014-12-17 15:45:00+00:00,11.3,Fitzroy Gardens,501,46.9,1.3,-37.8148084,144.980999,ENV,REAL_501,Real sensor series - Fitzroy Gardens - board 501,42,real_sensor_board_501,11.301707000211454,0,normal
2014-12-17 15:55:00+00:00,11.6,Fitzroy Gardens,501,45.1,1.3,-37.8148084,144.980999,ENV,REAL_501,Real sensor series - Fitzroy Gardens - board 501,42,real_sensor_board_501,11.241365600169164,0,normal
2014-12-17 16:05:00+00:00,11.6,Fitzroy Gardens,501,45.5,1.2,-37.8148084,144.980999,ENV,REAL_501,Real sensor series - Fitzroy Gardens - board 501,42,real_sensor_board_501,11.19309248013533,0,normal
2014-12-17 16:15:00+00:00,11.6,Fitzroy Gardens,501,45.0,1.3,-37.8148084,144.980999,ENV,REAL_501,Real sensor series - Fitzroy Gardens - board 501,42,real_sensor_board_501,11.154473984108265,0,normal
2014-12-17 16:25:00+00:00,11.6,Fitzroy Gardens,501,45.9,1.3,-37.8148084,144.980999,ENV,REAL_501,Real sensor series - Fitzroy Gardens - board 501,42,real_sensor_board_501,11.123579187286612,0,normal
2014-12-17 16:35:00+00:00,11.6,Fitzroy Gardens,501,46.6,1.2,-37.8148084,144.980999,ENV,REAL_501,Real sensor series - Fitzroy Gardens - board 501,42,real_sensor_board_501,11.09886334982929,0,normal
2014-12-17 16:45:00+00:00,11.3,Fitzroy Gardens,501,47.2,1.3,-37.8148084,144.980999,ENV,REAL_501,Real sensor series - Fitzroy Gardens - board 501,42,real_sensor_board_501,11.079090679863434,0,normal
2014-12-17 16:55:00+00:00,11.0,Fitzroy Gardens,501,48.5,1.2,-37.8148084,144.980999,ENV,REAL_501,Real sensor series - Fitzroy Gardens - board 501,42,real_sensor_board_501,10.983272543890749,0,normal
2014-12-17 17:05:00+00:00,11.0,Fitzroy Gardens,501,48.8,1.2,-37.8148084,144.980999,ENV,REAL_501,Real sensor series - Fitzroy Gardens - board 501,42,real_sensor_board_501,10.9066180351126,0,normal
2014-12-17 17:15:00+00:00,11.0,Fitzroy Gardens,501,49.1,1.2,-37.8148084,144.980999,ENV,REAL_501,Real sensor series - Fitzroy Gardens - board 501,42,real_sensor_board_501,10.845294428090082,0,normal
2014-12-17 17:25:00+00:00,10.6,Fitzroy Gardens,501,49.7,1.2,-37.8148084,144.980999,ENV,REAL_501,Real sensor series - Fitzroy Gardens - board 501,42,real_sensor_board_501,10.876235542472067,0,normal
2014-12-17 17:35:00+00:00,11.0,Fitzroy Gardens,501,49.4,1.3,-37.8148084,144.980999,ENV,REAL_501,Real sensor series - Fitzroy Gardens - board 501,42,real_sensor_board_501,10.900988433977655,0,normal
2014-12-17 17:45:00+00:00,11.0,Fitzroy Gardens,501,48.8,1.3,-37.8148084,144.980999,ENV,REAL_501,Real sensor series - Fitzroy Gardens - board 501,42,real_sensor_board_501,10.920790747182124,0,normal
2014-12-17 17:55:00+00:00,11.0,Fitzroy Gardens,501,48.8,1.3,-37.8148084,144.980999,ENV,REAL_501,Real sensor series - Fitzroy Gardens - board 501,42,real_sensor_board_501,10.9366325977457,0,normal
2014-12-17 18:10:00+00:00,10.6,Fitzroy Gardens,501,48.8,1.4,-37.8148084,144.980999,ENV,REAL_501,Real sensor series - Fitzroy Gardens - board 501,42,real_sensor_board_501,10.94930607819656,0,normal
2014-12-17 18:20:00+00:00,10.6,Fitzroy Gardens,501,49.7,2.1,-37.8148084,144.980999,ENV,REAL_501,Real sensor series - Fitzroy Gardens - board 501,42,real_sensor_board_501,10.959444862557248,0,normal
2014-12-17 18:30:00+00:00,10.3,Fitzroy Gardens,501,50.7,6.4,-37.8148084,144.980999,ENV,REAL_501,Real sensor series - Fitzroy Gardens - board 501,42,real_sensor_board_501,10.967555890045798,1,weak_multivariate_excursion
2014-12-17 18:40:00+00:00,10.3,Fitzroy Gardens,501,51.0,21.4,-37.8148084,144.980999,ENV,REAL_501,Real sensor series - Fitzroy Gardens - board 501,42,real_sensor_board_501,10.97404471203664,1,weak_multivariate_excursion
2014-12-17 18:50:00+00:00,10.0,Fitzroy Gardens,501,50.8,48.2,-37.8148084,144.980999,ENV,REAL_501,Real sensor series - Fitzroy Gardens - board 501,42,real_sensor_board_501,10.979235769629312,1,weak_multivariate_excursion
2014-12-17 19:00:00+00:00,10.3,Fitzroy Gardens,501,50.3,65.0,-37.8148084,144.980999,ENV,REAL_501,Real sensor series - Fitzroy Gardens - board 501,42,real_sensor_board_501,10.98338861570345,1,weak_multivariate_excursion
2014-12-17 19:10:00+00:00,10.0,Fitzroy Gardens,501,51.1,75.6,-37.8148084,144.980999,ENV,REAL_501,Real sensor series - Fitzroy Gardens - board 501,42,real_sensor_board_501,10.986710892562762,1,weak_multivariate_excursion
2014-12-17 19:20:00+00:00,10.3,Fitzroy Gardens,501,50.7,78.5,-37.8148084,144.980999,ENV,REAL_501,Real sensor series - Fitzroy Gardens - board 501,42,real_sensor_board_501,10.989368714050212,1,weak_multivariate_excursion
2014-12-17 19:30:00+00:00,10.0,Fitzroy Gardens,501,51.1,79.1,-37.8148084,144.980999,ENV,REAL_501,Real sensor series - Fitzroy Gardens - board 501,42,real_sensor_board_501,10.991494971240169,0,normal
2014-12-17 19:40:00+00:00,10.6,Fitzroy Gardens,501,49.9,83.2,-37.8148084,144.980999,ENV,REAL_501,Real sensor series - Fitzroy Gardens - board 501,42,real_sensor_board_501,10.993195976992137,0,normal
2014-12-17 19:50:00+00:00,11.0,Fitzroy Gardens,501,49.1,87.9,-37.8148084,144.980999,ENV,REAL_501,Real sensor series - Fitzroy Gardens - board 501,42,real_sensor_board_501,10.994556781593712,0,normal
2014-12-17 20:00:00+00:00,11.6,Fitzroy Gardens,501,48.5,89.1,-37.8148084,144.980999,ENV,REAL_501,Real sensor series - Fitzroy Gardens - board 501,42,real_sensor_board_501,11.11564542527497,0,normal
2014-12-17 20:10:00+00:00,11.9,Fitzroy Gardens,501,47.2,86.8,-37.8148084,144.980999,ENV,REAL_501,Real sensor series - Fitzroy Gardens - board 501,42,real_sensor_board_501,11.272516340219976,0,normal
2014-12-17 20:20:00+00:00,11.9,Fitzroy Gardens,501,46.9,88.0,-37.8148084,144.980999,ENV,REAL_501,Real sensor series - Fitzroy Gardens - board 501,42,real_sensor_board_501,11.398013072175981,0,normal
2014-12-17 20:30:00+00:00,12.6,Fitzroy Gardens,501,45.6,88.6,-37.8148084,144.980999,ENV,REAL_501,Real sensor series - Fitzroy Gardens - board 501,42,real_sensor_board_501,11.638410457740784,0,normal
2014-12-17 20:40:00+00:00,12.9,Fitzroy Gardens,501,45.0,88.6,-37.8148084,144.980999,ENV,REAL_501,Real sensor series - Fitzroy Gardens - board 501,42,real_sensor_board_501,11.890728366192628,0,normal
2014-12-17 20:50:00+00:00,13.5,Fitzroy Gardens,501,45.0,88.9,-37.8148084,144.980999,ENV,REAL_501,Real sensor series - Fitzroy Gardens - board 501,42,real_sensor_board_501,12.212582692954104,0,normal
2014-12-17 21:00:00+00:00,14.5,Fitzroy Gardens,501,41.0,89.4,-37.8148084,144.980999,ENV,REAL_501,Real sensor series - Fitzroy Gardens - board 501,42,real_sensor_board_501,12.670066154363285,0,normal
2014-12-17 21:10:00+00:00,14.5,Fitzroy Gardens,501,39.3,89.4,-37.8148084,144.980999,ENV,REAL_501,Real sensor series - Fitzroy Gardens - board 501,42,real_sensor_board_501,13.03605292349063,0,normal
2014-12-17 21:25:00+00:00,15.5,Fitzroy Gardens,501,37.7,90.6,-37.8148084,144.980999,ENV,REAL_501,Real sensor series - Fitzroy Gardens - board 501,42,real_sensor_board_501,13.528842338792504,0,normal
2014-12-17 21:35:00+00:00,15.8,Fitzroy Gardens,501,37.7,91.0,-37.8148084,144.980999,ENV,REAL_501,Real sensor series - Fitzroy Gardens - board 501,42,real_sensor_board_501,13.983073871034005,0,normal
2014-12-17 21:45:00+00:00,16.8,Fitzroy Gardens,501,35.4,92.0,-37.8148084,144.980999,ENV,REAL_501,Real sensor series - Fitzroy Gardens - board 501,42,real_sensor_board_501,14.546459096827206,0,normal
2014-12-17 21:55:00+00:00,17.4,Fitzroy Gardens,501,33.6,93.1,-37.8148084,144.980999,ENV,REAL_501,Real sensor series - Fitzroy Gardens - board 501,42,real_sensor_board_501,15.117167277461766,0,normal
2014-12-17 22:05:00+00:00,18.1,Fitzroy Gardens,501,35.5,93.8,-37.8148084,144.980999,ENV,REAL_501,Real sensor series - Fitzroy Gardens - board 501,42,real_sensor_board_501,15.713733821969415,1,weak_multivariate_excursion
2014-12-17 22:15:00+00:00,21.3,Fitzroy Gardens,501,32.4,94.2,-37.8148084,144.980999,ENV,REAL_501,Real sensor series - Fitzroy Gardens - board 501,42,real_sensor_board_501,16.63098705757553,1,weak_multivariate_excursion
2014-12-17 22:25:00+00:00,20.3,Fitzroy Gardens,501,29.4,94.2,-37.8148084,144.980999,ENV,REAL_501,Real sensor series - Fitzroy Gardens - board 501,42,real_sensor_board_501,17.564789646060426,1,weak_multivariate_excursion
2014-12-17 22:35:00+00:00,23.5,Fitzroy Gardens,501,27.5,94.7,-37.8148084,144.980999,ENV,REAL_501,Real sensor series - Fitzroy Gardens - board 501,42,real_sensor_board_501,18.69183171684834,1,weak_multivariate_excursion
2014-12-17 22:45:00+00:00,26.5,Fitzroy Gardens,501,25.7,95.4,-37.8148084,144.980999,ENV,REAL_501,Real sensor series - Fitzroy Gardens - board 501,42,real_sensor_board_501,19.593465373478672,1,weak_multivariate_excursion
2014-12-17 22:55:00+00:00,25.5,Fitzroy Gardens,501,24.5,96.0,-37.8148084,144.980999,ENV,REAL_501,Real sensor series - Fitzroy Gardens - board 501,42,real_sensor_board_501,20.314772298782938,1,weak_multivariate_excursion
2014-12-17 23:05:00+00:00,26.8,Fitzroy Gardens,501,23.4,96.6,-37.8148084,144.980999,ENV,REAL_501,Real sensor series - Fitzroy Gardens - board 501,42,real_sensor_board_501,20.891817839026352,1,weak_multivariate_excursion
2014-12-17 23:15:00+00:00,25.5,Fitzroy Gardens,501,23.4,96.9,-37.8148084,144.980999,ENV,REAL_501,Real sensor series - Fitzroy Gardens - board 501,42,real_sensor_board_501,21.41345427122108,1,weak_multivariate_excursion
2014-12-17 23:25:00+00:00,26.8,Fitzroy Gardens,501,22.0,97.1,-37.8148084,144.980999,ENV,REAL_501,Real sensor series - Fitzroy Gardens - board 501,42,real_sensor_board_501,21.830763416976865,0,normal
2014-12-17 23:35:00+00:00,26.5,Fitzroy Gardens,501,23.5,97.0,-37.8148084,144.980999,ENV,REAL_501,Real sensor series - Fitzroy Gardens - board 501,42,real_sensor_board_501,22.16461073358149,0,normal
2014-12-17 23:45:00+00:00,25.2,Fitzroy Gardens,501,23.4,96.8,-37.8148084,144.980999,ENV,REAL_501,Real sensor series - Fitzroy Gardens - board 501,42,real_sensor_board_501,22.511688586865194,0,normal
2014-12-17 23:55:00+00:00,26.1,Fitzroy Gardens,501,25.1,95.9,-37.8148084,144.980999,ENV,REAL_501,Real sensor series - Fitzroy Gardens - board 501,42,real_sensor_board_501,22.789350869492157,0,normal
2014-12-18 00:05:00+00:00,24.8,Fitzroy Gardens,501,25.9,96.0,-37.8148084,144.980999,ENV,REAL_501,Real sensor series - Fitzroy Gardens - board 501,42,real_sensor_board_501,23.071480695593728,0,normal
2014-12-18 00:15:00+00:00,23.5,Fitzroy Gardens,501,25.9,96.3,-37.8148084,144.980999,ENV,REAL_501,Real sensor series - Fitzroy Gardens - board 501,42,real_sensor_board_501,23.29718455647498,0,normal
2014-12-18 00:25:00+00:00,23.5,Fitzroy Gardens,501,26.4,96.0,-37.8148084,144.980999,ENV,REAL_501,Real sensor series - Fitzroy Gardens - board 501,42,real_sensor_board_501,23.537747645179984,0,normal
2014-12-18 00:40:00+00:00,24.5,Fitzroy Gardens,501,25.4,97.2,-37.8148084,144.980999,ENV,REAL_501,Real sensor series - Fitzroy Gardens - board 501,42,real_sensor_board_501,23.73019811614399,0,normal
2014-12-18 00:50:00+00:00,24.5,Fitzroy Gardens,501,25.0,96.6,-37.8148084,144.980999,ENV,REAL_501,Real sensor series - Fitzroy Gardens - board 501,42,real_sensor_board_501,23.88415849291519,0,normal
2014-12-18 01:00:00+00:00,25.8,Fitzroy Gardens,501,25.1,97.7,-37.8148084,144.980999,ENV,REAL_501,Real sensor series - Fitzroy Gardens - board 501,42,real_sensor_board_501,24.00732679433215,0,normal
2014-12-18 01:10:00+00:00,23.2,Fitzroy Gardens,501,24.5,95.9,-37.8148084,144.980999,ENV,REAL_501,Real sensor series - Fitzroy Gardens - board 501,42,real_sensor_board_501,24.10586143546572,0,normal
2014-12-18 01:20:00+00:00,22.6,Fitzroy Gardens,501,25.7,95.4,-37.8148084,144.980999,ENV,REAL_501,Real sensor series - Fitzroy Gardens - board 501,42,real_sensor_board_501,24.184689148372577,0,normal
2014-12-18 01:30:00+00:00,22.9,Fitzroy Gardens,501,25.9,96.1,-37.8148084,144.980999,ENV,REAL_501,Real sensor series - Fitzroy Gardens - board 501,42,real_sensor_board_501,24.247751318698064,0,normal
2014-12-18 01:40:00+00:00,22.3,Fitzroy Gardens,501,25.0,95.3,-37.8148084,144.980999,ENV,REAL_501,Real sensor series - Fitzroy Gardens - board 501,42,real_sensor_board_501,24.238201054958452,0,normal
2014-12-18 01:50:00+00:00,24.5,Fitzroy Gardens,501,25.4,96.7,-37.8148084,144.980999,ENV,REAL_501,Real sensor series - Fitzroy Gardens - board 501,42,real_sensor_board_501,24.230560843966764,0,normal
2014-12-18 02:00:00+00:00,23.9,Fitzroy Gardens,501,24.2,96.7,-37.8148084,144.980999,ENV,REAL_501,Real sensor series - Fitzroy Gardens - board 501,42,real_sensor_board_501,24.164448675173414,0,normal
2014-12-18 02:10:00+00:00,24.5,Fitzroy Gardens,501,22.6,96.4,-37.8148084,144.980999,ENV,REAL_501,Real sensor series - Fitzroy Gardens - board 501,42,real_sensor_board_501,24.111558940138735,0,normal
2014-12-18 02:20:00+00:00,24.2,Fitzroy Gardens,501,26.1,96.8,-37.8148084,144.980999,ENV,REAL_501,Real sensor series - Fitzroy Gardens - board 501,42,real_sensor_board_501,24.06924715211099,0,normal
2014-12-18 02:30:00+00:00,23.9,Fitzroy Gardens,501,23.2,96.7,-37.8148084,144.980999,ENV,REAL_501,Real sensor series - Fitzroy Gardens - board 501,42,real_sensor_board_501,23.955397721688794,0,normal
2014-12-18 02:40:00+00:00,24.2,Fitzroy Gardens,501,23.5,96.7,-37.8148084,144.980999,ENV,REAL_501,Real sensor series - Fitzroy Gardens - board 501,42,real_sensor_board_501,23.864318177351034,0,normal
2014-12-18 02:50:00+00:00,24.8,Fitzroy Gardens,501,22.0,97.0,-37.8148084,144.980999,ENV,REAL_501,Real sensor series - Fitzroy Gardens - board 501,42,real_sensor_board_501,23.73145454188083,0,normal
2014-12-18 03:00:00+00:00,26.1,Fitzroy Gardens,501,23.9,97.7,-37.8148084,144.980999,ENV,REAL_501,Real sensor series - Fitzroy Gardens - board 501,42,real_sensor_board_501,23.625163633504666,0,normal
2014-12-18 03:10:00+00:00,23.9,Fitzroy Gardens,501,21.8,96.4,-37.8148084,144.980999,ENV,REAL_501,Real sensor series - Fitzroy Gardens - board 501,42,real_sensor_board_501,23.480130906803737,0,normal
2014-12-18 03:20:00+00:00,23.2,Fitzroy Gardens,501,21.7,96.5,-37.8148084,144.980999,ENV,REAL_501,Real sensor series - Fitzroy Gardens - board 501,42,real_sensor_board_501,23.364104725442992,0,normal
2014-12-18 03:30:00+00:00,25.5,Fitzroy Gardens,501,20.5,96.7,-37.8148084,144.980999,ENV,REAL_501,Real sensor series - Fitzroy Gardens - board 501,42,real_sensor_board_501,23.211283780354393,0,normal
2014-12-18 03:40:00+00:00,22.9,Fitzroy Gardens,501,23.5,94.7,-37.8148084,144.980999,ENV,REAL_501,Real sensor series - Fitzroy Gardens - board 501,42,real_sensor_board_501,23.029027024283515,0,normal
2014-12-18 03:55:00+00:00,22.3,Fitzroy Gardens,501,26.9,93.7,-37.8148084,144.980999,ENV,REAL_501,Real sensor series - Fitzroy Gardens - board 501,42,real_sensor_board_501,22.883221619426813,0,normal
2014-12-18 04:05:00+00:00,21.0,Fitzroy Gardens,501,31.6,92.9,-37.8148084,144.980999,ENV,REAL_501,Real sensor series - Fitzroy Gardens - board 501,42,real_sensor_board_501,22.566577295541453,0,normal
2014-12-18 04:15:00+00:00,21.3,Fitzroy Gardens,501,30.3,90.8,-37.8148084,144.980999,ENV,REAL_501,Real sensor series - Fitzroy Gardens - board 501,42,real_sensor_board_501,22.25326183643316,1,weak_multivariate_excursion
2014-12-18 04:25:00+00:00,19.0,Fitzroy Gardens,501,38.2,86.4,-37.8148084,144.980999,ENV,REAL_501,Real sensor series - Fitzroy Gardens - board 501,42,real_sensor_board_501,21.60260946914653,1,weak_multivariate_excursion
2014-12-18 04:35:00+00:00,15.5,Fitzroy Gardens,501,52.2,91.0,-37.8148084,144.980999,ENV,REAL_501,Real sensor series - Fitzroy Gardens - board 501,42,real_sensor_board_501,20.642087575317223,1,weak_multivariate_excursion
2014-12-18 04:45:00+00:00,15.8,Fitzroy Gardens,501,51.3,93.8,-37.8148084,144.980999,ENV,REAL_501,Real sensor series - Fitzroy Gardens - board 501,42,real_sensor_board_501,19.87367006025378,1,weak_multivariate_excursion
2014-12-18 04:55:00+00:00,15.8,Fitzroy Gardens,501,49.9,92.4,-37.8148084,144.980999,ENV,REAL_501,Real sensor series - Fitzroy Gardens - board 501,42,real_sensor_board_501,19.118936048203025,1,weak_multivariate_excursion
2014-12-18 05:05:00+00:00,15.5,Fitzroy Gardens,501,48.9,90.7,-37.8148084,144.980999,ENV,REAL_501,Real sensor series - Fitzroy Gardens - board 501,42,real_sensor_board_501,18.455148838562422,1,weak_multivariate_excursion
2014-12-18 05:15:00+00:00,14.8,Fitzroy Gardens,501,51.0,86.9,-37.8148084,144.980999,ENV,REAL_501,Real sensor series - Fitzroy Gardens - board 501,42,real_sensor_board_501,17.92411907084994,1,weak_multivariate_excursion
2014-12-18 05:25:00+00:00,13.9,Fitzroy Gardens,501,54.0,83.6,-37.8148084,144.980999,ENV,REAL_501,Real sensor series - Fitzroy Gardens - board 501,42,real_sensor_board_501,17.499295256679954,1,weak_multivariate_excursion
2014-12-18 05:35:00+00:00,13.2,Fitzroy Gardens,501,56.2,91.6,-37.8148084,144.980999,ENV,REAL_501,Real sensor series - Fitzroy Gardens - board 501,42,real_sensor_board_501,17.159436205343965,1,weak_multivariate_excursion
2014-12-18 05:45:00+00:00,13.5,Fitzroy Gardens,501,56.8,89.3,-37.8148084,144.980999,ENV,REAL_501,Real sensor series - Fitzroy Gardens - board 501,42,real_sensor_board_501,16.887548964275172,1,weak_multivariate_excursion
2014-12-18 05:55:00+00:00,13.9,Fitzroy Gardens,501,57.4,86.5,-37.8148084,144.980999,ENV,REAL_501,Real sensor series - Fitzroy Gardens - board 501,42,real_sensor_board_501,16.61003917142014,0,normal
2014-12-18 06:05:00+00:00,13.9,Fitzroy Gardens,501,55.2,84.1,-37.8148084,144.980999,ENV,REAL_501,Real sensor series - Fitzroy Gardens - board 501,42,real_sensor_board_501,16.388031337136113,0,normal
2014-12-18 06:15:00+00:00,13.5,Fitzroy Gardens,501,56.2,87.5,-37.8148084,144.980999,ENV,REAL_501,Real sensor series - Fitzroy Gardens - board 501,42,real_sensor_board_501,16.21042506970889,1,weak_multivariate_excursion
2014-12-18 06:25:00+00:00,14.5,Fitzroy Gardens,501,54.1,94.3,-37.8148084,144.980999,ENV,REAL_501,Real sensor series - Fitzroy Gardens - board 501,42,real_sensor_board_501,16.008340055767114,1,weak_multivariate_excursion
2014-12-18 06:35:00+00:00,15.8,Fitzroy Gardens,501,48.1,94.6,-37.8148084,144.980999,ENV,REAL_501,Real sensor series - Fitzroy Gardens - board 501,42,real_sensor_board_501,15.84667204461369,1,weak_multivariate_excursion
2014-12-18 06:45:00+00:00,15.8,Fitzroy Gardens,501,47.7,93.5,-37.8148084,144.980999,ENV,REAL_501,Real sensor series - Fitzroy Gardens - board 501,42,real_sensor_board_501,15.717337635690953,0,normal
2014-12-18 07:00:00+00:00,16.8,Fitzroy Gardens,501,47.3,95.6,-37.8148084,144.980999,ENV,REAL_501,Real sensor series - Fitzroy Gardens - board 501,42,real_sensor_board_501,15.533870108552764,0,normal
2014-12-18 07:10:00+00:00,16.8,Fitzroy Gardens,501,44.7,94.2,-37.8148084,144.980999,ENV,REAL_501,Real sensor series - Fitzroy Gardens - board 501,42,real_sensor_board_501,15.387096086842213,0,normal
2014-12-18 07:20:00+00:00,16.1,Fitzroy Gardens,501,48.3,94.5,-37.8148084,144.980999,ENV,REAL_501,Real sensor series - Fitzroy Gardens - board 501,42,real_sensor_board_501,15.269676869473772,0,normal
2014-12-18 07:30:00+00:00,15.8,Fitzroy Gardens,501,48.8,89.9,-37.8148084,144.980999,ENV,REAL_501,Real sensor series - Fitzroy Gardens - board 501,42,real_sensor_board_501,15.175741495579018,0,normal
2014-12-18 07:40:00+00:00,15.5,Fitzroy Gardens,501,49.4,85.9,-37.8148084,144.980999,ENV,REAL_501,Real sensor series - Fitzroy Gardens - board 501,42,real_sensor_board_501,15.040593196463215,0,normal
2014-12-18 07:50:00+00:00,15.2,Fitzroy Gardens,501,49.4,87.3,-37.8148084,144.980999,ENV,REAL_501,Real sensor series - Fitzroy Gardens - board 501,42,real_sensor_board_501,14.932474557170574,0,normal
2014-12-18 08:00:00+00:00,14.8,Fitzroy Gardens,501,54.1,88.9,-37.8148084,144.980999,ENV,REAL_501,Real sensor series - Fitzroy Gardens - board 501,42,real_sensor_board_501,14.84597964573646,0,normal
2014-12-18 08:10:00+00:00,14.8,Fitzroy Gardens,501,55.4,91.4,-37.8148084,144.980999,ENV,REAL_501,Real sensor series - Fitzroy Gardens - board 501,42,real_sensor_board_501,14.776783716589168,0,normal
2014-12-18 08:20:00+00:00,15.2,Fitzroy Gardens,501,52.7,89.7,-37.8148084,144.980999,ENV,REAL_501,Real sensor series - Fitzroy Gardens - board 501,42,real_sensor_board_501,14.721426973271337,0,normal
2014-12-18 08:30:00+00:00,14.5,Fitzroy Gardens,501,53.0,86.3,-37.8148084,144.980999,ENV,REAL_501,Real sensor series - Fitzroy Gardens - board 501,42,real_sensor_board_501,14.67714157861707,0,normal
2014-12-18 08:40:00+00:00,14.8,Fitzroy Gardens,501,49.6,88.4,-37.8148084,144.980999,ENV,REAL_501,Real sensor series - Fitzroy Gardens - board 501,42,real_sensor_board_501,14.641713262893656,0,normal
2014-12-18 08:50:00+00:00,15.2,Fitzroy Gardens,501,48.9,90.7,-37.8148084,144.980999,ENV,REAL_501,Real sensor series - Fitzroy Gardens - board 501,42,real_sensor_board_501,14.613370610314925,1,weak_multivariate_excursion
2014-12-18 09:00:00+00:00,14.5,Fitzroy Gardens,501,49.6,83.8,-37.8148084,144.980999,ENV,REAL_501,Real sensor series - Fitzroy Gardens - board 501,42,real_sensor_board_501,14.590696488251941,1,weak_multivariate_excursion
2014-12-18 09:10:00+00:00,14.2,Fitzroy Gardens,501,51.8,75.2,-37.8148084,144.980999,ENV,REAL_501,Real sensor series - Fitzroy Gardens - board 501,42,real_sensor_board_501,14.572557190601554,1,weak_multivariate_excursion
2014-12-18 09:20:00+00:00,14.2,Fitzroy Gardens,501,50.5,58.0,-37.8148084,144.980999,ENV,REAL_501,Real sensor series - Fitzroy Gardens - board 501,42,real_sensor_board_501,14.558045752481243,1,weak_multivariate_excursion
2014-12-18 09:30:00+00:00,14.2,Fitzroy Gardens,501,50.5,54.8,-37.8148084,144.980999,ENV,REAL_501,Real sensor series - Fitzroy Gardens - board 501,42,real_sensor_board_501,14.546436601984995,1,weak_multivariate_excursion
2014-12-18 09:40:00+00:00,14.2,Fitzroy Gardens,501,51.8,33.2,-37.8148084,144.980999,ENV,REAL_501,Real sensor series - Fitzroy Gardens - board 501,42,real_sensor_board_501,14.537149281587997,1,weak_multivariate_excursion
2014-12-18 09:50:00+00:00,14.2,Fitzroy Gardens,501,53.8,12.1,-37.8148084,144.980999,ENV,REAL_501,Real sensor series - Fitzroy Gardens - board 501,42,real_sensor_board_501,14.529719425270399,1,weak_multivariate_excursion
2014-12-18 10:00:00+00:00,14.2,Fitzroy Gardens,501,55.4,3.3,-37.8148084,144.980999,ENV,REAL_501,Real sensor series - Fitzroy Gardens - board 501,42,real_sensor_board_501,14.52377554021632,1,weak_multivariate_excursion
2014-12-18 10:15:00+00:00,14.2,Fitzroy Gardens,501,54.1,1.4,-37.8148084,144.980999,ENV,REAL_501,Real sensor series - Fitzroy Gardens - board 501,42,real_sensor_board_501,14.519020432173058,1,weak_multivariate_excursion
2014-12-18 10:25:00+00:00,14.5,Fitzroy Gardens,501,51.4,1.2,-37.8148084,144.980999,ENV,REAL_501,Real sensor series - Fitzroy Gardens - board 501,42,real_sensor_board_501,14.455216345738446,0,normal
2014-12-18 10:35:00+00:00,14.5,Fitzroy Gardens,501,50.5,1.3,-37.8148084,144.980999,ENV,REAL_501,Real sensor series - Fitzroy Gardens - board 501,42,real_sensor_board_501,14.404173076590757,0,normal
2014-12-18 10:45:00+00:00,14.2,Fitzroy Gardens,501,53.3,1.3,-37.8148084,144.980999,ENV,REAL_501,Real sensor series - Fitzroy Gardens - board 501,42,real_sensor_board_501,14.363338461272606,0,normal
2014-12-18 10:55:00+00:00,14.5,Fitzroy Gardens,501,51.1,1.2,-37.8148084,144.980999,ENV,REAL_501,Real sensor series - Fitzroy Gardens - board 501,42,real_sensor_board_501,14.330670769018086,0,normal
2014-12-18 11:05:00+00:00,14.8,Fitzroy Gardens,501,49.2,1.3,-37.8148084,144.980999,ENV,REAL_501,Real sensor series - Fitzroy Gardens - board 501,42,real_sensor_board_501,14.30453661521447,0,normal
2014-12-18 11:15:00+00:00,14.8,Fitzroy Gardens,501,49.2,1.2,-37.8148084,144.980999,ENV,REAL_501,Real sensor series - Fitzroy Gardens - board 501,42,real_sensor_board_501,14.283629292171577,0,normal
2014-12-18 11:25:00+00:00,14.5,Fitzroy Gardens,501,49.1,1.3,-37.8148084,144.980999,ENV,REAL_501,Real sensor series - Fitzroy Gardens - board 501,42,real_sensor_board_501,14.266903433737262,0,normal
2014-12-18 11:35:00+00:00,14.5,Fitzroy Gardens,501,48.5,1.1,-37.8148084,144.980999,ENV,REAL_501,Real sensor series - Fitzroy Gardens - board 501,42,real_sensor_board_501,14.25352274698981,0,normal
2014-12-18 11:45:00+00:00,14.2,Fitzroy Gardens,501,41.0,1.1,-37.8148084,144.980999,ENV,REAL_501,Real sensor series - Fitzroy Gardens - board 501,42,real_sensor_board_501,14.242818197591848,0,normal
2014-12-18 11:55:00+00:00,13.9,Fitzroy Gardens,501,42.3,1.1,-37.8148084,144.980999,ENV,REAL_501,Real sensor series - Fitzroy Gardens - board 501,42,real_sensor_board_501,14.174254558073478,0,normal
2014-12-18 12:05:00+00:00,13.5,Fitzroy Gardens,501,42.6,1.1,-37.8148084,144.980999,ENV,REAL_501,Real sensor series - Fitzroy Gardens - board 501,42,real_sensor_board_501,14.039403646458783,0,normal
2014-12-18 12:15:00+00:00,13.5,Fitzroy Gardens,501,41.0,1.1,-37.8148084,144.980999,ENV,REAL_501,Real sensor series - Fitzroy Gardens - board 501,42,real_sensor_board_501,13.931522917167026,0,normal
2014-12-18 12:25:00+00:00,13.5,Fitzroy Gardens,501,40.4,1.1,-37.8148084,144.980999,ENV,REAL_501,Real sensor series - Fitzroy Gardens - board 501,42,real_sensor_board_501,13.845218333733623,0,normal
2014-12-18 12:35:00+00:00,12.9,Fitzroy Gardens,501,41.4,1.1,-37.8148084,144.980999,ENV,REAL_501,Real sensor series - Fitzroy Gardens - board 501,42,real_sensor_board_501,13.6561746669869,0,normal
2014-12-18 12:45:00+00:00,12.9,Fitzroy Gardens,501,42.3,1.2,-37.8148084,144.980999,ENV,REAL_501,Real sensor series - Fitzroy Gardens - board 501,42,real_sensor_board_501,13.50493973358952,0,normal
2014-12-18 12:55:00+00:00,12.9,Fitzroy Gardens,501,41.8,1.2,-37.8148084,144.980999,ENV,REAL_501,Real sensor series - Fitzroy Gardens - board 501,42,real_sensor_board_501,13.383951786871616,0,normal
2014-12-18 13:05:00+00:00,12.6,Fitzroy Gardens,501,42.5,1.1,-37.8148084,144.980999,ENV,REAL_501,Real sensor series - Fitzroy Gardens - board 501,42,real_sensor_board_501,13.227161429497293,0,normal
2014-12-18 13:15:00+00:00,12.6,Fitzroy Gardens,501,43.4,1.2,-37.8148084,144.980999,ENV,REAL_501,Real sensor series - Fitzroy Gardens - board 501,42,real_sensor_board_501,13.101729143597835,0,normal
2014-12-18 13:30:00+00:00,12.6,Fitzroy Gardens,501,44.2,1.2,-37.8148084,144.980999,ENV,REAL_501,Real sensor series - Fitzroy Gardens - board 501,42,real_sensor_board_501,13.001383314878268,0,normal
2014-12-18 13:40:00+00:00,12.3,Fitzroy Gardens,501,45.3,1.2,-37.8148084,144.980999,ENV,REAL_501,Real sensor series - Fitzroy Gardens - board 501,42,real_sensor_board_501,12.861106651902617,0,normal
2014-12-18 13:50:00+00:00,12.3,Fitzroy Gardens,501,45.8,1.2,-37.8148084,144.980999,ENV,REAL_501,Real sensor series - Fitzroy Gardens - board 501,42,real_sensor_board_501,12.748885321522096,0,normal
2014-12-18 14:00:00+00:00,11.9,Fitzroy Gardens,501,46.6,1.2,-37.8148084,144.980999,ENV,REAL_501,Real sensor series - Fitzroy Gardens - board 501,42,real_sensor_board_501,12.659108257217678,0,normal
2014-12-18 14:10:00+00:00,12.3,Fitzroy Gardens,501,45.6,1.2,-37.8148084,144.980999,ENV,REAL_501,Real sensor series - Fitzroy Gardens - board 501,42,real_sensor_board_501,12.587286605774144,0,normal
2014-12-18 14:20:00+00:00,12.3,Fitzroy Gardens,501,46.1,1.2,-37.8148084,144.980999,ENV,REAL_501,Real sensor series - Fitzroy Gardens - board 501,42,real_sensor_board_501,12.529829284619318,0,normal
2014-12-18 14:30:00+00:00,12.3,Fitzroy Gardens,501,46.7,1.2,-37.8148084,144.980999,ENV,REAL_501,Real sensor series - Fitzroy Gardens - board 501,42,real_sensor_board_501,12.483863427695455,0,normal
2014-12-18 14:40:00+00:00,12.3,Fitzroy Gardens,501,46.9,1.2,-37.8148084,144.980999,ENV,REAL_501,Real sensor series - Fitzroy Gardens - board 501,42,real_sensor_board_501,12.367090742156366,0,normal
2014-12-18 14:50:00+00:00,11.9,Fitzroy Gardens,501,47.5,1.2,-37.8148084,144.980999,ENV,REAL_501,Real sensor series - Fitzroy Gardens - board 501,42,real_sensor_board_501,12.273672593725093,0,normal
2014-12-18 15:00:00+00:00,11.9,Fitzroy Gardens,501,47.5,1.2,-37.8148084,144.980999,ENV,REAL_501,Real sensor series - Fitzroy Gardens - board 501,42,real_sensor_board_501,12.198938074980076,0,normal
2014-12-18 15:10:00+00:00,11.6,Fitzroy Gardens,501,49.1,1.2,-37.8148084,144.980999,ENV,REAL_501,Real sensor series - Fitzroy Gardens - board 501,42,real_sensor_board_501,12.139150459984062,0,normal
2014-12-18 15:20:00+00:00,11.9,Fitzroy Gardens,501,48.3,1.2,-37.8148084,144.980999,ENV,REAL_501,Real sensor series - Fitzroy Gardens - board 501,42,real_sensor_board_501,12.091320367987251,0,normal
2014-12-18 15:30:00+00:00,11.6,Fitzroy Gardens,501,48.6,1.2,-37.8148084,144.980999,ENV,REAL_501,Real sensor series - Fitzroy Gardens - board 501,42,real_sensor_board_501,11.993056294389802,0,normal
2014-12-18 15:40:00+00:00,11.9,Fitzroy Gardens,501,47.8,1.2,-37.8148084,144.980999,ENV,REAL_501,Real sensor series - Fitzroy Gardens - board 501,42,real_sensor_board_501,11.914445035511843,0,normal
2014-12-18 15:50:00+00:00,11.6,Fitzroy Gardens,501,48.9,1.2,-37.8148084,144.980999,ENV,REAL_501,Real sensor series - Fitzroy Gardens - board 501,42,real_sensor_board_501,11.851556028409474,0,normal
2014-12-18 16:00:00+00:00,11.3,Fitzroy Gardens,501,50.0,1.2,-37.8148084,144.980999,ENV,REAL_501,Real sensor series - Fitzroy Gardens - board 501,42,real_sensor_board_501,11.80124482272758,0,normal
2014-12-18 16:10:00+00:00,11.3,Fitzroy Gardens,501,50.0,1.2,-37.8148084,144.980999,ENV,REAL_501,Real sensor series - Fitzroy Gardens - board 501,42,real_sensor_board_501,11.760995858182065,0,normal
2014-12-18 16:20:00+00:00,11.0,Fitzroy Gardens,501,50.0,1.2,-37.8148084,144.980999,ENV,REAL_501,Real sensor series - Fitzroy Gardens - board 501,42,real_sensor_board_501,11.728796686545653,0,normal
2014-12-18 16:30:00+00:00,11.0,Fitzroy Gardens,501,50.7,1.2,-37.8148084,144.980999,ENV,REAL_501,Real sensor series - Fitzroy Gardens - board 501,42,real_sensor_board_501,11.703037349236523,0,normal
2014-12-18 16:45:00+00:00,11.0,Fitzroy Gardens,501,50.0,1.3,-37.8148084,144.980999,ENV,REAL_501,Real sensor series - Fitzroy Gardens - board 501,42,real_sensor_board_501,11.682429879389218,0,normal
2014-12-18 16:55:00+00:00,11.0,Fitzroy Gardens,501,49.6,1.2,-37.8148084,144.980999,ENV,REAL_501,Real sensor series - Fitzroy Gardens - board 501,42,real_sensor_board_501,11.665943903511375,0,normal
2014-12-18 17:05:00+00:00,11.3,Fitzroy Gardens,501,49.7,1.2,-37.8148084,144.980999,ENV,REAL_501,Real sensor series - Fitzroy Gardens - board 501,42,real_sensor_board_501,11.6527551228091,0,normal
2014-12-18 17:15:00+00:00,11.0,Fitzroy Gardens,501,49.2,1.2,-37.8148084,144.980999,ENV,REAL_501,Real sensor series - Fitzroy Gardens - board 501,42,real_sensor_board_501,11.642204098247282,0,normal
2014-12-18 17:25:00+00:00,10.6,Fitzroy Gardens,501,50.3,1.2,-37.8148084,144.980999,ENV,REAL_501,Real sensor series - Fitzroy Gardens - board 501,42,real_sensor_board_501,11.633763278597826,0,normal
2014-12-18 17:35:00+00:00,10.6,Fitzroy Gardens,501,50.7,1.2,-37.8148084,144.980999,ENV,REAL_501,Real sensor series - Fitzroy Gardens - board 501,42,real_sensor_board_501,11.627010622878261,0,normal
2014-12-18 17:45:00+00:00,10.6,Fitzroy Gardens,501,51.3,1.2,-37.8148084,144.980999,ENV,REAL_501,Real sensor series - Fitzroy Gardens - board 501,42,real_sensor_board_501,11.62160849830261,0,normal
2014-12-18 17:55:00+00:00,10.0,Fitzroy Gardens,501,53.3,1.3,-37.8148084,144.980999,ENV,REAL_501,Real sensor series - Fitzroy Gardens - board 501,42,real_sensor_board_501,11.61728679864209,0,normal
2014-12-18 18:05:00+00:00,10.0,Fitzroy Gardens,501,53.0,1.3,-37.8148084,144.980999,ENV,REAL_501,Real sensor series - Fitzroy Gardens - board 501,42,real_sensor_board_501,11.613829438913672,0,normal
2014-12-18 18:15:00+00:00,10.3,Fitzroy Gardens,501,52.4,1.6,-37.8148084,144.980999,ENV,REAL_501,Real sensor series - Fitzroy Gardens - board 501,42,real_sensor_board_501,11.611063551130938,0,normal
2014-12-18 18:25:00+00:00,9.7,Fitzroy Gardens,501,54.0,3.8,-37.8148084,144.980999,ENV,REAL_501,Real sensor series - Fitzroy Gardens - board 501,42,real_sensor_board_501,11.60885084090475,1,weak_multivariate_excursion
2014-12-20 02:55:00+00:00,23.5,Fitzroy Gardens,501,34.1,97.2,-37.8148084,144.980999,ENV,REAL_501,Real sensor series - Fitzroy Gardens - board 501,42,real_sensor_board_501,13.7470806727238,1,weak_multivariate_excursion
2014-12-20 03:05:00+00:00,22.9,Fitzroy Gardens,501,35.4,97.2,-37.8148084,144.980999,ENV,REAL_501,Real sensor series - Fitzroy Gardens - board 501,42,real_sensor_board_501,15.457664538179042,1,weak_multivariate_excursion
2014-12-20 03:15:00+00:00,22.3,Fitzroy Gardens,501,34.3,97.2,-37.8148084,144.980999,ENV,REAL_501,Real sensor series - Fitzroy Gardens - board 501,42,real_sensor_board_501,16.886131630543236,1,weak_multivariate_excursion
2014-12-20 03:25:00+00:00,23.2,Fitzroy Gardens,501,31.9,97.3,-37.8148084,144.980999,ENV,REAL_501,Real sensor series - Fitzroy Gardens - board 501,42,real_sensor_board_501,18.08890530443459,0,normal
2014-12-20 03:35:00+00:00,22.3,Fitzroy Gardens,501,33.0,97.3,-37.8148084,144.980999,ENV,REAL_501,Real sensor series - Fitzroy Gardens - board 501,42,real_sensor_board_501,19.11112424354767,0,normal
2014-12-20 03:45:00+00:00,23.2,Fitzroy Gardens,501,33.8,97.3,-37.8148084,144.980999,ENV,REAL_501,Real sensor series - Fitzroy Gardens - board 501,42,real_sensor_board_501,19.928899394838137,0,normal
2014-12-20 04:00:00+00:00,22.6,Fitzroy Gardens,501,31.9,96.4,-37.8148084,144.980999,ENV,REAL_501,Real sensor series - Fitzroy Gardens - board 501,42,real_sensor_board_501,20.58311951587051,0,normal
2014-12-20 04:10:00+00:00,23.9,Fitzroy Gardens,501,31.6,97.3,-37.8148084,144.980999,ENV,REAL_501,Real sensor series - Fitzroy Gardens - board 501,42,real_sensor_board_501,21.10649561269641,0,normal
2014-12-20 04:20:00+00:00,25.2,Fitzroy Gardens,501,32.2,97.4,-37.8148084,144.980999,ENV,REAL_501,Real sensor series - Fitzroy Gardens - board 501,42,real_sensor_board_501,21.52519649015713,0,normal
2014-12-20 04:30:00+00:00,25.5,Fitzroy Gardens,501,31.6,97.3,-37.8148084,144.980999,ENV,REAL_501,Real sensor series - Fitzroy Gardens - board 501,42,real_sensor_board_501,21.860157192125705,0,normal
2014-12-20 04:40:00+00:00,26.5,Fitzroy Gardens,501,32.1,97.4,-37.8148084,144.980999,ENV,REAL_501,Real sensor series - Fitzroy Gardens - board 501,42,real_sensor_board_501,22.128125753700566,0,normal
2014-12-20 04:50:00+00:00,25.2,Fitzroy Gardens,501,30.5,97.4,-37.8148084,144.980999,ENV,REAL_501,Real sensor series - Fitzroy Gardens - board 501,42,real_sensor_board_501,22.342500602960452,0,normal
2014-12-20 05:00:00+00:00,25.5,Fitzroy Gardens,501,33.2,97.4,-37.8148084,144.980999,ENV,REAL_501,Real sensor series - Fitzroy Gardens - board 501,42,real_sensor_board_501,22.514000482368363,0,normal
2014-12-20 05:10:00+00:00,26.1,Fitzroy Gardens,501,33.0,97.5,-37.8148084,144.980999,ENV,REAL_501,Real sensor series - Fitzroy Gardens - board 501,42,real_sensor_board_501,22.651200385894693,0,normal
2014-12-20 05:20:00+00:00,24.2,Fitzroy Gardens,501,34.1,97.5,-37.8148084,144.980999,ENV,REAL_501,Real sensor series - Fitzroy Gardens - board 501,42,real_sensor_board_501,22.760960308715756,0,normal
2014-12-20 05:30:00+00:00,25.2,Fitzroy Gardens,501,34.9,97.5,-37.8148084,144.980999,ENV,REAL_501,Real sensor series - Fitzroy Gardens - board 501,42,real_sensor_board_501,22.848768246972607,0,normal
2014-12-20 05:40:00+00:00,25.2,Fitzroy Gardens,501,34.1,97.6,-37.8148084,144.980999,ENV,REAL_501,Real sensor series - Fitzroy Gardens - board 501,42,real_sensor_board_501,22.85901459757809,0,normal
2014-12-20 05:50:00+00:00,25.2,Fitzroy Gardens,501,35.1,97.6,-37.8148084,144.980999,ENV,REAL_501,Real sensor series - Fitzroy Gardens - board 501,42,real_sensor_board_501,22.807211678062473,0,normal
2014-12-20 06:00:00+00:00,24.5,Fitzroy Gardens,501,35.7,97.3,-37.8148084,144.980999,ENV,REAL_501,Real sensor series - Fitzroy Gardens - board 501,42,real_sensor_board_501,22.76576934244998,0,normal
2014-12-20 06:10:00+00:00,23.9,Fitzroy Gardens,501,37.6,96.6,-37.8148084,144.980999,ENV,REAL_501,Real sensor series - Fitzroy Gardens - board 501,42,real_sensor_board_501,22.672615473959983,0,normal
2014-12-20 06:20:00+00:00,21.9,Fitzroy Gardens,501,39.2,96.5,-37.8148084,144.980999,ENV,REAL_501,Real sensor series - Fitzroy Gardens - board 501,42,real_sensor_board_501,22.598092379167987,0,normal
2014-12-20 06:30:00+00:00,21.6,Fitzroy Gardens,501,40.1,97.2,-37.8148084,144.980999,ENV,REAL_501,Real sensor series - Fitzroy Gardens - board 501,42,real_sensor_board_501,22.45847390333439,0,normal
2014-12-20 06:40:00+00:00,22.3,Fitzroy Gardens,501,38.2,97.6,-37.8148084,144.980999,ENV,REAL_501,Real sensor series - Fitzroy Gardens - board 501,42,real_sensor_board_501,22.346779122667513,0,normal
2014-12-20 06:50:00+00:00,21.3,Fitzroy Gardens,501,41.0,97.8,-37.8148084,144.980999,ENV,REAL_501,Real sensor series - Fitzroy Gardens - board 501,42,real_sensor_board_501,22.197423298134012,0,normal
2014-12-20 07:00:00+00:00,21.0,Fitzroy Gardens,501,40.9,97.8,-37.8148084,144.980999,ENV,REAL_501,Real sensor series - Fitzroy Gardens - board 501,42,real_sensor_board_501,22.01793863850721,0,normal
2014-12-20 07:15:00+00:00,21.9,Fitzroy Gardens,501,40.3,97.8,-37.8148084,144.980999,ENV,REAL_501,Real sensor series - Fitzroy Gardens - board 501,42,real_sensor_board_501,21.814350910805768,0,normal
2014-12-20 07:25:00+00:00,21.0,Fitzroy Gardens,501,40.9,97.8,-37.8148084,144.980999,ENV,REAL_501,Real sensor series - Fitzroy Gardens - board 501,42,real_sensor_board_501,21.651480728644614,0,normal
2014-12-20 07:35:00+00:00,20.0,Fitzroy Gardens,501,44.8,97.8,-37.8148084,144.980999,ENV,REAL_501,Real sensor series - Fitzroy Gardens - board 501,42,real_sensor_board_501,21.32118458291569,0,normal
2014-12-20 07:45:00+00:00,19.7,Fitzroy Gardens,501,44.8,95.3,-37.8148084,144.980999,ENV,REAL_501,Real sensor series - Fitzroy Gardens - board 501,42,real_sensor_board_501,20.996947666332556,0,normal
2014-12-20 07:55:00+00:00,19.0,Fitzroy Gardens,501,46.6,93.9,-37.8148084,144.980999,ENV,REAL_501,Real sensor series - Fitzroy Gardens - board 501,42,real_sensor_board_501,20.597558133066045,0,normal
2014-12-20 08:05:00+00:00,19.0,Fitzroy Gardens,501,46.9,95.4,-37.8148084,144.980999,ENV,REAL_501,Real sensor series - Fitzroy Gardens - board 501,42,real_sensor_board_501,20.27804650645284,0,normal
2014-12-20 08:15:00+00:00,18.4,Fitzroy Gardens,501,48.6,95.0,-37.8148084,144.980999,ENV,REAL_501,Real sensor series - Fitzroy Gardens - board 501,42,real_sensor_board_501,19.902437205162272,0,normal
2014-12-20 08:25:00+00:00,18.4,Fitzroy Gardens,501,48.8,96.1,-37.8148084,144.980999,ENV,REAL_501,Real sensor series - Fitzroy Gardens - board 501,42,real_sensor_board_501,19.60194976412982,0,normal
2014-12-20 08:35:00+00:00,18.1,Fitzroy Gardens,501,48.9,93.2,-37.8148084,144.980999,ENV,REAL_501,Real sensor series - Fitzroy Gardens - board 501,42,real_sensor_board_501,19.301559811303857,0,normal
2014-12-20 08:45:00+00:00,17.4,Fitzroy Gardens,501,49.7,91.3,-37.8148084,144.980999,ENV,REAL_501,Real sensor series - Fitzroy Gardens - board 501,42,real_sensor_board_501,18.921247849043088,0,normal
2014-12-20 08:55:00+00:00,17.4,Fitzroy Gardens,501,50.3,87.1,-37.8148084,144.980999,ENV,REAL_501,Real sensor series - Fitzroy Gardens - board 501,42,real_sensor_board_501,18.61699827923447,0,normal
2014-12-20 09:05:00+00:00,17.1,Fitzroy Gardens,501,51.1,84.5,-37.8148084,144.980999,ENV,REAL_501,Real sensor series - Fitzroy Gardens - board 501,42,real_sensor_board_501,18.313598623387577,0,normal
2014-12-20 09:15:00+00:00,16.8,Fitzroy Gardens,501,51.0,80.3,-37.8148084,144.980999,ENV,REAL_501,Real sensor series - Fitzroy Gardens - board 501,42,real_sensor_board_501,18.01087889871006,1,weak_multivariate_excursion
2014-12-20 09:25:00+00:00,16.8,Fitzroy Gardens,501,52.4,73.7,-37.8148084,144.980999,ENV,REAL_501,Real sensor series - Fitzroy Gardens - board 501,42,real_sensor_board_501,17.768703118968048,1,weak_multivariate_excursion
2014-12-20 09:35:00+00:00,16.5,Fitzroy Gardens,501,53.2,61.0,-37.8148084,144.980999,ENV,REAL_501,Real sensor series - Fitzroy Gardens - board 501,42,real_sensor_board_501,17.51496249517444,1,weak_multivariate_excursion
2014-12-20 09:45:00+00:00,16.5,Fitzroy Gardens,501,53.0,41.3,-37.8148084,144.980999,ENV,REAL_501,Real sensor series - Fitzroy Gardens - board 501,42,real_sensor_board_501,17.311969996139553,1,weak_multivariate_excursion
2014-12-20 09:55:00+00:00,16.5,Fitzroy Gardens,501,51.4,16.8,-37.8148084,144.980999,ENV,REAL_501,Real sensor series - Fitzroy Gardens - board 501,42,real_sensor_board_501,17.149575996911643,1,weak_multivariate_excursion
2014-12-20 10:05:00+00:00,16.5,Fitzroy Gardens,501,50.2,3.6,-37.8148084,144.980999,ENV,REAL_501,Real sensor series - Fitzroy Gardens - board 501,42,real_sensor_board_501,17.019660797529315,1,weak_multivariate_excursion
2014-12-20 10:20:00+00:00,16.5,Fitzroy Gardens,501,50.0,1.5,-37.8148084,144.980999,ENV,REAL_501,Real sensor series - Fitzroy Gardens - board 501,42,real_sensor_board_501,16.915728638023452,1,weak_multivariate_excursion
2014-12-20 10:30:00+00:00,16.1,Fitzroy Gardens,501,50.2,1.1,-37.8148084,144.980999,ENV,REAL_501,Real sensor series - Fitzroy Gardens - board 501,42,real_sensor_board_501,16.752582910418763,0,normal
2014-12-20 10:40:00+00:00,16.1,Fitzroy Gardens,501,50.3,1.1,-37.8148084,144.980999,ENV,REAL_501,Real sensor series - Fitzroy Gardens - board 501,42,real_sensor_board_501,16.62206632833501,0,normal
2014-12-20 10:50:00+00:00,15.5,Fitzroy Gardens,501,51.3,0.8,-37.8148084,144.980999,ENV,REAL_501,Real sensor series - Fitzroy Gardens - board 501,42,real_sensor_board_501,16.39765306266801,0,normal
2014-12-20 11:00:00+00:00,15.5,Fitzroy Gardens,501,51.3,0.9,-37.8148084,144.980999,ENV,REAL_501,Real sensor series - Fitzroy Gardens - board 501,42,real_sensor_board_501,16.21812245013441,0,normal
2014-12-20 11:10:00+00:00,15.5,Fitzroy Gardens,501,50.0,1.0,-37.8148084,144.980999,ENV,REAL_501,Real sensor series - Fitzroy Gardens - board 501,42,real_sensor_board_501,16.07449796010753,0,normal
2014-12-20 11:20:00+00:00,15.2,Fitzroy Gardens,501,51.9,1.0,-37.8148084,144.980999,ENV,REAL_501,Real sensor series - Fitzroy Gardens - board 501,42,real_sensor_board_501,15.899598368086025,0,normal
2014-12-20 11:30:00+00:00,14.5,Fitzroy Gardens,501,54.6,1.0,-37.8148084,144.980999,ENV,REAL_501,Real sensor series - Fitzroy Gardens - board 501,42,real_sensor_board_501,15.679678694468821,0,normal
2014-12-20 11:40:00+00:00,14.5,Fitzroy Gardens,501,54.3,1.1,-37.8148084,144.980999,ENV,REAL_501,Real sensor series - Fitzroy Gardens - board 501,42,real_sensor_board_501,15.443742955575058,0,normal
2014-12-20 11:50:00+00:00,14.8,Fitzroy Gardens,501,53.2,1.1,-37.8148084,144.980999,ENV,REAL_501,Real sensor series - Fitzroy Gardens - board 501,42,real_sensor_board_501,15.254994364460048,0,normal
2014-12-20 12:00:00+00:00,14.5,Fitzroy Gardens,501,54.3,1.1,-37.8148084,144.980999,ENV,REAL_501,Real sensor series - Fitzroy Gardens - board 501,42,real_sensor_board_501,15.103995491568039,0,normal
2014-12-20 12:10:00+00:00,14.2,Fitzroy Gardens,501,55.7,1.1,-37.8148084,144.980999,ENV,REAL_501,Real sensor series - Fitzroy Gardens - board 501,42,real_sensor_board_501,14.923196393254432,0,normal
2014-12-20 12:20:00+00:00,14.2,Fitzroy Gardens,501,56.7,1.1,-37.8148084,144.980999,ENV,REAL_501,Real sensor series - Fitzroy Gardens - board 501,42,real_sensor_board_501,14.778557114603547,0,normal
2014-12-20 12:30:00+00:00,13.9,Fitzroy Gardens,501,57.6,1.1,-37.8148084,144.980999,ENV,REAL_501,Real sensor series - Fitzroy Gardens - board 501,42,real_sensor_board_501,14.602845691682838,0,normal
2014-12-20 12:40:00+00:00,13.5,Fitzroy Gardens,501,63.7,1.1,-37.8148084,144.980999,ENV,REAL_501,Real sensor series - Fitzroy Gardens - board 501,42,real_sensor_board_501,14.38227655334627,0,normal
2014-12-20 12:50:00+00:00,12.9,Fitzroy Gardens,501,65.8,1.1,-37.8148084,144.980999,ENV,REAL_501,Real sensor series - Fitzroy Gardens - board 501,42,real_sensor_board_501,14.085821242677016,0,normal
2014-12-20 13:00:00+00:00,12.9,Fitzroy Gardens,501,65.8,1.0,-37.8148084,144.980999,ENV,REAL_501,Real sensor series - Fitzroy Gardens - board 501,42,real_sensor_board_501,13.848656994141614,0,normal
2014-12-20 13:10:00+00:00,12.6,Fitzroy Gardens,501,66.9,1.1,-37.8148084,144.980999,ENV,REAL_501,Real sensor series - Fitzroy Gardens - board 501,42,real_sensor_board_501,13.598925595313291,0,normal
2014-12-20 13:20:00+00:00,12.6,Fitzroy Gardens,501,66.7,1.1,-37.8148084,144.980999,ENV,REAL_501,Real sensor series - Fitzroy Gardens - board 501,42,real_sensor_board_501,13.399140476250633,0,normal
2014-12-20 13:35:00+00:00,12.6,Fitzroy Gardens,501,67.7,1.1,-37.8148084,144.980999,ENV,REAL_501,Real sensor series - Fitzroy Gardens - board 501,42,real_sensor_board_501,13.239312381000506,0,normal
2014-12-20 13:45:00+00:00,12.6,Fitzroy Gardens,501,67.2,1.0,-37.8148084,144.980999,ENV,REAL_501,Real sensor series - Fitzroy Gardens - board 501,42,real_sensor_board_501,13.111449904800406,0,normal
2014-12-20 13:55:00+00:00,12.6,Fitzroy Gardens,501,68.0,1.0,-37.8148084,144.980999,ENV,REAL_501,Real sensor series - Fitzroy Gardens - board 501,42,real_sensor_board_501,13.009159923840325,0,normal
2014-12-20 14:05:00+00:00,12.3,Fitzroy Gardens,501,67.8,1.0,-37.8148084,144.980999,ENV,REAL_501,Real sensor series - Fitzroy Gardens - board 501,42,real_sensor_board_501,12.867327939072261,0,normal
2014-12-20 14:15:00+00:00,12.3,Fitzroy Gardens,501,66.9,1.1,-37.8148084,144.980999,ENV,REAL_501,Real sensor series - Fitzroy Gardens - board 501,42,real_sensor_board_501,12.75386235125781,0,normal
2014-12-20 14:25:00+00:00,11.9,Fitzroy Gardens,501,67.7,1.1,-37.8148084,144.980999,ENV,REAL_501,Real sensor series - Fitzroy Gardens - board 501,42,real_sensor_board_501,12.66308988100625,0,normal
2014-12-20 14:35:00+00:00,12.3,Fitzroy Gardens,501,68.0,1.1,-37.8148084,144.980999,ENV,REAL_501,Real sensor series - Fitzroy Gardens - board 501,42,real_sensor_board_501,12.510471904805001,0,normal
2014-12-20 14:45:00+00:00,11.9,Fitzroy Gardens,501,67.8,1.1,-37.8148084,144.980999,ENV,REAL_501,Real sensor series - Fitzroy Gardens - board 501,42,real_sensor_board_501,12.388377523844003,0,normal
2014-12-20 14:55:00+00:00,11.9,Fitzroy Gardens,501,67.7,1.1,-37.8148084,144.980999,ENV,REAL_501,Real sensor series - Fitzroy Gardens - board 501,42,real_sensor_board_501,12.290702019075203,0,normal
2014-12-20 15:05:00+00:00,11.6,Fitzroy Gardens,501,68.0,1.1,-37.8148084,144.980999,ENV,REAL_501,Real sensor series - Fitzroy Gardens - board 501,42,real_sensor_board_501,12.212561615260164,0,normal
2014-12-20 15:15:00+00:00,11.6,Fitzroy Gardens,501,68.0,1.1,-37.8148084,144.980999,ENV,REAL_501,Real sensor series - Fitzroy Gardens - board 501,42,real_sensor_board_501,12.150049292208132,0,normal
2014-12-20 15:25:00+00:00,11.6,Fitzroy Gardens,501,68.0,1.1,-37.8148084,144.980999,ENV,REAL_501,Real sensor series - Fitzroy Gardens - board 501,42,real_sensor_board_501,12.100039433766508,0,normal
2014-12-20 15:35:00+00:00,11.6,Fitzroy Gardens,501,67.4,1.1,-37.8148084,144.980999,ENV,REAL_501,Real sensor series - Fitzroy Gardens - board 501,42,real_sensor_board_501,12.000031547013208,0,normal
2014-12-20 15:45:00+00:00,11.6,Fitzroy Gardens,501,67.5,1.1,-37.8148084,144.980999,ENV,REAL_501,Real sensor series - Fitzroy Gardens - board 501,42,real_sensor_board_501,11.920025237610567,0,normal
2014-12-20 15:55:00+00:00,11.6,Fitzroy Gardens,501,68.0,1.1,-37.8148084,144.980999,ENV,REAL_501,Real sensor series - Fitzroy Gardens - board 501,42,real_sensor_board_501,11.856020190088454,0,normal
2014-12-20 16:05:00+00:00,11.6,Fitzroy Gardens,501,68.2,1.1,-37.8148084,144.980999,ENV,REAL_501,Real sensor series - Fitzroy Gardens - board 501,42,real_sensor_board_501,11.804816152070764,0,normal
2014-12-20 16:15:00+00:00,11.6,Fitzroy Gardens,501,68.2,1.1,-37.8148084,144.980999,ENV,REAL_501,Real sensor series - Fitzroy Gardens - board 501,42,real_sensor_board_501,11.763852921656612,0,normal
2014-12-20 16:25:00+00:00,11.6,Fitzroy Gardens,501,68.2,1.1,-37.8148084,144.980999,ENV,REAL_501,Real sensor series - Fitzroy Gardens - board 501,42,real_sensor_board_501,11.73108233732529,0,normal
2014-12-20 16:35:00+00:00,11.6,Fitzroy Gardens,501,68.2,1.1,-37.8148084,144.980999,ENV,REAL_501,Real sensor series - Fitzroy Gardens - board 501,42,real_sensor_board_501,11.704865869860233,0,normal
2014-12-20 16:50:00+00:00,11.6,Fitzroy Gardens,501,68.2,1.1,-37.8148084,144.980999,ENV,REAL_501,Real sensor series - Fitzroy Gardens - board 501,42,real_sensor_board_501,11.683892695888188,0,normal
2014-12-20 17:00:00+00:00,11.6,Fitzroy Gardens,501,68.2,1.1,-37.8148084,144.980999,ENV,REAL_501,Real sensor series - Fitzroy Gardens - board 501,42,real_sensor_board_501,11.667114156710552,0,normal
2014-12-20 17:10:00+00:00,11.6,Fitzroy Gardens,501,68.5,1.1,-37.8148084,144.980999,ENV,REAL_501,Real sensor series - Fitzroy Gardens - board 501,42,real_sensor_board_501,11.653691325368442,0,normal
2014-12-20 17:20:00+00:00,11.6,Fitzroy Gardens,501,68.3,1.1,-37.8148084,144.980999,ENV,REAL_501,Real sensor series - Fitzroy Gardens - board 501,42,real_sensor_board_501,11.642953060294754,0,normal
2014-12-20 17:30:00+00:00,11.6,Fitzroy Gardens,501,68.2,1.1,-37.8148084,144.980999,ENV,REAL_501,Real sensor series - Fitzroy Gardens - board 501,42,real_sensor_board_501,11.634362448235803,0,normal
2014-12-20 17:40:00+00:00,11.9,Fitzroy Gardens,501,68.3,1.1,-37.8148084,144.980999,ENV,REAL_501,Real sensor series - Fitzroy Gardens - board 501,42,real_sensor_board_501,11.627489958588644,0,normal
2014-12-20 17:50:00+00:00,11.9,Fitzroy Gardens,501,68.3,1.1,-37.8148084,144.980999,ENV,REAL_501,Real sensor series - Fitzroy Gardens - board 501,42,real_sensor_board_501,11.621991966870915,0,normal
2014-12-20 18:00:00+00:00,11.9,Fitzroy Gardens,501,68.3,1.1,-37.8148084,144.980999,ENV,REAL_501,Real sensor series - Fitzroy Gardens - board 501,42,real_sensor_board_501,11.617593573496732,0,normal
2014-12-20 18:10:00+00:00,11.3,Fitzroy Gardens,501,67.7,1.3,-37.8148084,144.980999,ENV,REAL_501,Real sensor series - Fitzroy Gardens - board 501,42,real_sensor_board_501,11.614074858797386,0,normal
2014-12-20 18:20:00+00:00,11.6,Fitzroy Gardens,501,68.0,2.2,-37.8148084,144.980999,ENV,REAL_501,Real sensor series - Fitzroy Gardens - board 501,42,real_sensor_board_501,11.611259887037908,0,normal
2014-12-20 18:30:00+00:00,11.3,Fitzroy Gardens,501,67.4,8.3,-37.8148084,144.980999,ENV,REAL_501,Real sensor series - Fitzroy Gardens - board 501,42,real_sensor_board_501,11.609007909630327,1,weak_multivariate_excursion
2014-12-20 18:40:00+00:00,11.3,Fitzroy Gardens,501,66.6,28.4,-37.8148084,144.980999,ENV,REAL_501,Real sensor series - Fitzroy Gardens - board 501,42,real_sensor_board_501,11.607206327704262,1,weak_multivariate_excursion
2014-12-20 18:50:00+00:00,11.0,Fitzroy Gardens,501,67.2,52.4,-37.8148084,144.980999,ENV,REAL_501,Real sensor series - Fitzroy Gardens - board 501,42,real_sensor_board_501,11.60576506216341,1,weak_multivariate_excursion
2014-12-20 19:00:00+00:00,11.0,Fitzroy Gardens,501,67.4,67.2,-37.8148084,144.980999,ENV,REAL_501,Real sensor series - Fitzroy Gardens - board 501,42,real_sensor_board_501,11.60461204973073,1,weak_multivariate_excursion
2014-12-20 19:10:00+00:00,11.0,Fitzroy Gardens,501,66.6,74.6,-37.8148084,144.980999,ENV,REAL_501,Real sensor series - Fitzroy Gardens - board 501,42,real_sensor_board_501,11.603689639784584,1,weak_multivariate_excursion
2014-12-20 19:20:00+00:00,11.3,Fitzroy Gardens,501,67.8,78.6,-37.8148084,144.980999,ENV,REAL_501,Real sensor series - Fitzroy Gardens - board 501,42,real_sensor_board_501,11.602951711827668,1,weak_multivariate_excursion
2014-12-20 19:30:00+00:00,11.6,Fitzroy Gardens,501,66.9,81.0,-37.8148084,144.980999,ENV,REAL_501,Real sensor series - Fitzroy Gardens - board 501,42,real_sensor_board_501,11.662361369462136,0,normal
2014-12-20 19:40:00+00:00,11.6,Fitzroy Gardens,501,66.4,82.7,-37.8148084,144.980999,ENV,REAL_501,Real sensor series - Fitzroy Gardens - board 501,42,real_sensor_board_501,11.70988909556971,0,normal
2014-12-20 19:50:00+00:00,11.6,Fitzroy Gardens,501,66.1,83.9,-37.8148084,144.980999,ENV,REAL_501,Real sensor series - Fitzroy Gardens - board 501,42,real_sensor_board_501,11.74791127645577,0,normal
2014-12-20 20:05:00+00:00,11.9,Fitzroy Gardens,501,66.4,85.3,-37.8148084,144.980999,ENV,REAL_501,Real sensor series - Fitzroy Gardens - board 501,42,real_sensor_board_501,11.778329021164618,0,normal
2014-12-20 20:15:00+00:00,12.3,Fitzroy Gardens,501,65.3,85.6,-37.8148084,144.980999,ENV,REAL_501,Real sensor series - Fitzroy Gardens - board 501,42,real_sensor_board_501,11.882663216931695,0,normal
2014-12-20 20:25:00+00:00,12.9,Fitzroy Gardens,501,64.2,86.3,-37.8148084,144.980999,ENV,REAL_501,Real sensor series - Fitzroy Gardens - board 501,42,real_sensor_board_501,12.086130573545356,0,normal
2014-12-20 20:35:00+00:00,12.9,Fitzroy Gardens,501,63.7,87.2,-37.8148084,144.980999,ENV,REAL_501,Real sensor series - Fitzroy Gardens - board 501,42,real_sensor_board_501,12.248904458836286,0,normal
2014-12-20 20:45:00+00:00,13.5,Fitzroy Gardens,501,65.5,87.6,-37.8148084,144.980999,ENV,REAL_501,Real sensor series - Fitzroy Gardens - board 501,42,real_sensor_board_501,12.49912356706903,0,normal
2014-12-20 20:55:00+00:00,13.9,Fitzroy Gardens,501,65.6,88.1,-37.8148084,144.980999,ENV,REAL_501,Real sensor series - Fitzroy Gardens - board 501,42,real_sensor_board_501,12.779298853655227,0,normal
2014-12-20 21:05:00+00:00,14.2,Fitzroy Gardens,501,61.7,88.6,-37.8148084,144.980999,ENV,REAL_501,Real sensor series - Fitzroy Gardens - board 501,42,real_sensor_board_501,13.063439082924182,0,normal
2014-12-20 21:15:00+00:00,14.5,Fitzroy Gardens,501,59.2,89.2,-37.8148084,144.980999,ENV,REAL_501,Real sensor series - Fitzroy Gardens - board 501,42,real_sensor_board_501,13.350751266339346,0,normal
2014-12-20 21:25:00+00:00,15.2,Fitzroy Gardens,501,59.8,90.6,-37.8148084,144.980999,ENV,REAL_501,Real sensor series - Fitzroy Gardens - board 501,42,real_sensor_board_501,13.720601013071477,0,normal
2014-12-20 21:35:00+00:00,15.8,Fitzroy Gardens,501,59.3,91.0,-37.8148084,144.980999,ENV,REAL_501,Real sensor series - Fitzroy Gardens - board 501,42,real_sensor_board_501,14.136480810457183,0,normal
2014-12-20 21:45:00+00:00,16.1,Fitzroy Gardens,501,57.1,92.0,-37.8148084,144.980999,ENV,REAL_501,Real sensor series - Fitzroy Gardens - board 501,42,real_sensor_board_501,14.529184648365748,0,normal
2014-12-20 21:55:00+00:00,17.1,Fitzroy Gardens,501,56.3,93.1,-37.8148084,144.980999,ENV,REAL_501,Real sensor series - Fitzroy Gardens - board 501,42,real_sensor_board_501,15.0433477186926,0,normal
2014-12-20 22:05:00+00:00,17.4,Fitzroy Gardens,501,52.9,93.8,-37.8148084,144.980999,ENV,REAL_501,Real sensor series - Fitzroy Gardens - board 501,42,real_sensor_board_501,15.514678174954081,1,weak_multivariate_excursion
2014-12-20 22:15:00+00:00,21.9,Fitzroy Gardens,501,49.9,94.2,-37.8148084,144.980999,ENV,REAL_501,Real sensor series - Fitzroy Gardens - board 501,42,real_sensor_board_501,16.411742539963264,1,weak_multivariate_excursion
2014-12-20 22:25:00+00:00,20.0,Fitzroy Gardens,501,47.5,94.2,-37.8148084,144.980999,ENV,REAL_501,Real sensor series - Fitzroy Gardens - board 501,42,real_sensor_board_501,17.50939403197061,1,weak_multivariate_excursion
2014-12-20 22:35:00+00:00,24.2,Fitzroy Gardens,501,43.1,94.6,-37.8148084,144.980999,ENV,REAL_501,Real sensor series - Fitzroy Gardens - board 501,42,real_sensor_board_501,18.84751522557649,1,weak_multivariate_excursion
2014-12-20 22:45:00+00:00,25.2,Fitzroy Gardens,501,40.9,95.3,-37.8148084,144.980999,ENV,REAL_501,Real sensor series - Fitzroy Gardens - board 501,42,real_sensor_board_501,20.118012180461193,1,weak_multivariate_excursion
2014-12-20 22:55:00+00:00,26.1,Fitzroy Gardens,501,39.0,95.9,-37.8148084,144.980999,ENV,REAL_501,Real sensor series - Fitzroy Gardens - board 501,42,real_sensor_board_501,21.31440974436896,1,weak_multivariate_excursion
2014-12-20 23:10:00+00:00,27.7,Fitzroy Gardens,501,35.2,96.3,-37.8148084,144.980999,ENV,REAL_501,Real sensor series - Fitzroy Gardens - board 501,42,real_sensor_board_501,22.591527795495168,1,weak_multivariate_excursion
2014-12-20 23:20:00+00:00,29.0,Fitzroy Gardens,501,35.2,96.6,-37.8148084,144.980999,ENV,REAL_501,Real sensor series - Fitzroy Gardens - board 501,42,real_sensor_board_501,23.873222236396135,1,weak_multivariate_excursion
2014-12-20 23:30:00+00:00,29.4,Fitzroy Gardens,501,33.0,97.0,-37.8148084,144.980999,ENV,REAL_501,Real sensor series - Fitzroy Gardens - board 501,42,real_sensor_board_501,24.89857778911691,0,normal
2014-12-20 23:40:00+00:00,29.4,Fitzroy Gardens,501,34.1,97.0,-37.8148084,144.980999,ENV,REAL_501,Real sensor series - Fitzroy Gardens - board 501,42,real_sensor_board_501,25.79886223129353,0,normal
2014-12-20 23:50:00+00:00,29.0,Fitzroy Gardens,501,32.5,97.0,-37.8148084,144.980999,ENV,REAL_501,Real sensor series - Fitzroy Gardens - board 501,42,real_sensor_board_501,26.519089785034826,0,normal
2014-12-21 00:00:00+00:00,29.7,Fitzroy Gardens,501,30.2,97.0,-37.8148084,144.980999,ENV,REAL_501,Real sensor series - Fitzroy Gardens - board 501,42,real_sensor_board_501,27.155271828027864,0,normal
2014-12-21 00:10:00+00:00,30.6,Fitzroy Gardens,501,30.6,97.0,-37.8148084,144.980999,ENV,REAL_501,Real sensor series - Fitzroy Gardens - board 501,42,real_sensor_board_501,27.724217462422292,0,normal
2014-12-21 00:20:00+00:00,31.9,Fitzroy Gardens,501,28.4,97.1,-37.8148084,144.980999,ENV,REAL_501,Real sensor series - Fitzroy Gardens - board 501,42,real_sensor_board_501,28.239373969937837,0,normal
2014-12-21 00:30:00+00:00,31.0,Fitzroy Gardens,501,33.6,97.0,-37.8148084,144.980999,ENV,REAL_501,Real sensor series - Fitzroy Gardens - board 501,42,real_sensor_board_501,28.65149917595027,0,normal
2014-12-21 00:40:00+00:00,31.0,Fitzroy Gardens,501,35.1,97.1,-37.8148084,144.980999,ENV,REAL_501,Real sensor series - Fitzroy Gardens - board 501,42,real_sensor_board_501,28.98119934076022,0,normal
2014-12-21 00:50:00+00:00,31.3,Fitzroy Gardens,501,38.2,97.1,-37.8148084,144.980999,ENV,REAL_501,Real sensor series - Fitzroy Gardens - board 501,42,real_sensor_board_501,29.24495947260818,0,normal
2014-12-21 01:00:00+00:00,31.3,Fitzroy Gardens,501,37.3,97.2,-37.8148084,144.980999,ENV,REAL_501,Real sensor series - Fitzroy Gardens - board 501,42,real_sensor_board_501,29.515967578086546,0,normal
2014-12-21 01:10:00+00:00,31.0,Fitzroy Gardens,501,32.8,97.2,-37.8148084,144.980999,ENV,REAL_501,Real sensor series - Fitzroy Gardens - board 501,42,real_sensor_board_501,29.73277406246924,0,normal
2014-12-21 01:20:00+00:00,31.3,Fitzroy Gardens,501,34.4,97.2,-37.8148084,144.980999,ENV,REAL_501,Real sensor series - Fitzroy Gardens - board 501,42,real_sensor_board_501,29.98621924997539,0,normal
2014-12-21 01:30:00+00:00,30.3,Fitzroy Gardens,501,31.3,97.2,-37.8148084,144.980999,ENV,REAL_501,Real sensor series - Fitzroy Gardens - board 501,42,real_sensor_board_501,30.188975399980315,0,normal
2014-12-21 01:40:00+00:00,30.6,Fitzroy Gardens,501,29.1,97.3,-37.8148084,144.980999,ENV,REAL_501,Real sensor series - Fitzroy Gardens - board 501,42,real_sensor_board_501,30.351180319984252,0,normal
2014-12-21 01:50:00+00:00,30.3,Fitzroy Gardens,501,28.9,97.3,-37.8148084,144.980999,ENV,REAL_501,Real sensor series - Fitzroy Gardens - board 501,42,real_sensor_board_501,30.540944255987405,0,normal
2014-12-21 02:00:00+00:00,30.3,Fitzroy Gardens,501,32.7,97.3,-37.8148084,144.980999,ENV,REAL_501,Real sensor series - Fitzroy Gardens - board 501,42,real_sensor_board_501,30.692755404789928,0,normal
2014-12-21 02:10:00+00:00,30.0,Fitzroy Gardens,501,32.5,97.3,-37.8148084,144.980999,ENV,REAL_501,Real sensor series - Fitzroy Gardens - board 501,42,real_sensor_board_501,30.814204323831945,0,normal
2014-12-21 02:25:00+00:00,30.3,Fitzroy Gardens,501,34.1,97.3,-37.8148084,144.980999,ENV,REAL_501,Real sensor series - Fitzroy Gardens - board 501,42,real_sensor_board_501,30.971363459065557,0,normal
2014-12-21 02:35:00+00:00,31.6,Fitzroy Gardens,501,27.0,97.3,-37.8148084,144.980999,ENV,REAL_501,Real sensor series - Fitzroy Gardens - board 501,42,real_sensor_board_501,31.157090767252445,0,normal
2014-12-21 02:45:00+00:00,31.9,Fitzroy Gardens,501,26.5,97.4,-37.8148084,144.980999,ENV,REAL_501,Real sensor series - Fitzroy Gardens - board 501,42,real_sensor_board_501,31.305672613801956,0,normal
2014-12-21 02:55:00+00:00,32.3,Fitzroy Gardens,501,26.9,97.3,-37.8148084,144.980999,ENV,REAL_501,Real sensor series - Fitzroy Gardens - board 501,42,real_sensor_board_501,31.504538091041567,0,normal
2014-12-21 03:05:00+00:00,32.6,Fitzroy Gardens,501,25.0,97.4,-37.8148084,144.980999,ENV,REAL_501,Real sensor series - Fitzroy Gardens - board 501,42,real_sensor_board_501,31.723630472833253,0,normal
2014-12-21 03:15:00+00:00,32.9,Fitzroy Gardens,501,24.6,97.4,-37.8148084,144.980999,ENV,REAL_501,Real sensor series - Fitzroy Gardens - board 501,42,real_sensor_board_501,31.958904378266602,0,normal
2014-12-21 03:25:00+00:00,33.2,Fitzroy Gardens,501,25.1,97.4,-37.8148084,144.980999,ENV,REAL_501,Real sensor series - Fitzroy Gardens - board 501,42,real_sensor_board_501,32.14712350261328,0,normal
2014-12-21 03:35:00+00:00,33.9,Fitzroy Gardens,501,-7.0,97.4,-37.8148084,144.980999,ENV,REAL_501,Real sensor series - Fitzroy Gardens - board 501,42,real_sensor_board_501,32.29769880209063,0,normal
2014-12-21 03:45:00+00:00,34.2,Fitzroy Gardens,501,-24.2,97.4,-37.8148084,144.980999,ENV,REAL_501,Real sensor series - Fitzroy Gardens - board 501,42,real_sensor_board_501,32.4181590416725,1,weak_multivariate_excursion
2014-12-21 03:55:00+00:00,33.5,Fitzroy Gardens,501,-24.7,95.8,-37.8148084,144.980999,ENV,REAL_501,Real sensor series - Fitzroy Gardens - board 501,42,real_sensor_board_501,32.514527233338,1,weak_multivariate_excursion
2014-12-21 04:05:00+00:00,35.8,Fitzroy Gardens,501,-24.7,97.6,-37.8148084,144.980999,ENV,REAL_501,Real sensor series - Fitzroy Gardens - board 501,42,real_sensor_board_501,32.5916217866704,1,weak_multivariate_excursion
2014-12-21 04:15:00+00:00,36.1,Fitzroy Gardens,501,-24.7,95.7,-37.8148084,144.980999,ENV,REAL_501,Real sensor series - Fitzroy Gardens - board 501,42,real_sensor_board_501,32.65329742933632,1,weak_multivariate_excursion
2014-12-21 04:25:00+00:00,34.5,Fitzroy Gardens,501,-24.5,97.6,-37.8148084,144.980999,ENV,REAL_501,Real sensor series - Fitzroy Gardens - board 501,42,real_sensor_board_501,32.70263794346906,1,weak_multivariate_excursion
2014-12-21 04:35:00+00:00,36.8,Fitzroy Gardens,501,-24.7,97.6,-37.8148084,144.980999,ENV,REAL_501,Real sensor series - Fitzroy Gardens - board 501,42,real_sensor_board_501,32.74211035477525,1,weak_multivariate_excursion
2014-12-21 04:45:00+00:00,36.5,Fitzroy Gardens,501,-24.7,97.4,-37.8148084,144.980999,ENV,REAL_501,Real sensor series - Fitzroy Gardens - board 501,42,real_sensor_board_501,32.7736882838202,1,weak_multivariate_excursion
2014-12-21 04:55:00+00:00,36.5,Fitzroy Gardens,501,-24.7,97.4,-37.8148084,144.980999,ENV,REAL_501,Real sensor series - Fitzroy Gardens - board 501,42,real_sensor_board_501,32.79895062705616,1,weak_multivariate_excursion
2014-12-21 05:05:00+00:00,34.2,Fitzroy Gardens,501,1.8,97.0,-37.8148084,144.980999,ENV,REAL_501,Real sensor series - Fitzroy Gardens - board 501,42,real_sensor_board_501,32.81916050164493,0,normal
2014-12-21 05:15:00+00:00,34.8,Fitzroy Gardens,501,6.2,97.5,-37.8148084,144.980999,ENV,REAL_501,Real sensor series - Fitzroy Gardens - board 501,42,real_sensor_board_501,32.83532840131595,0,normal
2014-12-21 05:25:00+00:00,35.2,Fitzroy Gardens,501,12.3,97.6,-37.8148084,144.980999,ENV,REAL_501,Real sensor series - Fitzroy Gardens - board 501,42,real_sensor_board_501,32.84826272105276,0,normal
2014-12-21 05:40:00+00:00,34.8,Fitzroy Gardens,501,-14.0,97.1,-37.8148084,144.980999,ENV,REAL_501,Real sensor series - Fitzroy Gardens - board 501,42,real_sensor_board_501,32.85861017684221,1,weak_multivariate_excursion
2014-12-21 05:50:00+00:00,36.8,Fitzroy Gardens,501,-20.0,97.8,-37.8148084,144.980999,ENV,REAL_501,Real sensor series - Fitzroy Gardens - board 501,42,real_sensor_board_501,32.86688814147377,1,weak_multivariate_excursion
2014-12-21 06:00:00+00:00,32.9,Fitzroy Gardens,501,-3.7,97.5,-37.8148084,144.980999,ENV,REAL_501,Real sensor series - Fitzroy Gardens - board 501,42,real_sensor_board_501,32.87351051317902,1,weak_multivariate_excursion
2014-12-21 06:10:00+00:00,30.0,Fitzroy Gardens,501,25.1,96.3,-37.8148084,144.980999,ENV,REAL_501,Real sensor series - Fitzroy Gardens - board 501,42,real_sensor_board_501,32.41880841054322,1,weak_multivariate_excursion
2014-12-21 06:20:00+00:00,30.0,Fitzroy Gardens,501,28.3,96.5,-37.8148084,144.980999,ENV,REAL_501,Real sensor series - Fitzroy Gardens - board 501,42,real_sensor_board_501,32.055046728434576,0,normal
2014-12-21 06:30:00+00:00,28.1,Fitzroy Gardens,501,34.1,96.0,-37.8148084,144.980999,ENV,REAL_501,Real sensor series - Fitzroy Gardens - board 501,42,real_sensor_board_501,31.644037382747662,0,normal
2014-12-21 06:40:00+00:00,26.5,Fitzroy Gardens,501,37.1,95.7,-37.8148084,144.980999,ENV,REAL_501,Real sensor series - Fitzroy Gardens - board 501,42,real_sensor_board_501,31.31522990619813,0,normal
2014-12-21 06:50:00+00:00,26.8,Fitzroy Gardens,501,38.4,95.7,-37.8148084,144.980999,ENV,REAL_501,Real sensor series - Fitzroy Gardens - board 501,42,real_sensor_board_501,30.792183924958508,0,normal
2014-12-21 07:00:00+00:00,27.1,Fitzroy Gardens,501,39.3,95.4,-37.8148084,144.980999,ENV,REAL_501,Real sensor series - Fitzroy Gardens - board 501,42,real_sensor_board_501,30.25374713996681,0,normal
2014-12-21 07:10:00+00:00,27.4,Fitzroy Gardens,501,39.8,95.8,-37.8148084,144.980999,ENV,REAL_501,Real sensor series - Fitzroy Gardens - board 501,42,real_sensor_board_501,29.82299771197345,0,normal
2014-12-21 07:20:00+00:00,28.1,Fitzroy Gardens,501,38.7,95.0,-37.8148084,144.980999,ENV,REAL_501,Real sensor series - Fitzroy Gardens - board 501,42,real_sensor_board_501,29.338398169578763,0,normal
2014-12-21 07:30:00+00:00,30.6,Fitzroy Gardens,501,32.5,96.8,-37.8148084,144.980999,ENV,REAL_501,Real sensor series - Fitzroy Gardens - board 501,42,real_sensor_board_501,28.890718535663012,0,normal
2014-12-21 07:40:00+00:00,30.6,Fitzroy Gardens,501,28.9,97.6,-37.8148084,144.980999,ENV,REAL_501,Real sensor series - Fitzroy Gardens - board 501,42,real_sensor_board_501,28.472574828530412,1,weak_multivariate_excursion
2014-12-21 07:50:00+00:00,28.7,Fitzroy Gardens,501,29.5,93.3,-37.8148084,144.980999,ENV,REAL_501,Real sensor series - Fitzroy Gardens - board 501,42,real_sensor_board_501,28.13805986282433,1,weak_multivariate_excursion
2014-12-21 08:00:00+00:00,26.8,Fitzroy Gardens,501,38.7,93.6,-37.8148084,144.980999,ENV,REAL_501,Real sensor series - Fitzroy Gardens - board 501,42,real_sensor_board_501,27.870447890259467,1,weak_multivariate_excursion
2014-12-21 08:10:00+00:00,26.8,Fitzroy Gardens,501,39.6,94.9,-37.8148084,144.980999,ENV,REAL_501,Real sensor series - Fitzroy Gardens - board 501,42,real_sensor_board_501,27.596358312207574,0,normal
2014-12-21 08:20:00+00:00,26.5,Fitzroy Gardens,501,39.0,93.6,-37.8148084,144.980999,ENV,REAL_501,Real sensor series - Fitzroy Gardens - board 501,42,real_sensor_board_501,27.37708664976606,0,normal
2014-12-21 08:30:00+00:00,26.5,Fitzroy Gardens,501,37.7,89.5,-37.8148084,144.980999,ENV,REAL_501,Real sensor series - Fitzroy Gardens - board 501,42,real_sensor_board_501,27.20166931981285,0,normal
2014-12-21 08:40:00+00:00,25.8,Fitzroy Gardens,501,34.1,88.8,-37.8148084,144.980999,ENV,REAL_501,Real sensor series - Fitzroy Gardens - board 501,42,real_sensor_board_501,26.921335455850283,0,normal
2014-12-21 08:55:00+00:00,25.8,Fitzroy Gardens,501,33.6,88.6,-37.8148084,144.980999,ENV,REAL_501,Real sensor series - Fitzroy Gardens - board 501,42,real_sensor_board_501,26.697068364680227,0,normal
2014-12-21 09:05:00+00:00,25.5,Fitzroy Gardens,501,33.0,87.4,-37.8148084,144.980999,ENV,REAL_501,Real sensor series - Fitzroy Gardens - board 501,42,real_sensor_board_501,26.457654691744185,0,normal
2014-12-21 09:15:00+00:00,25.2,Fitzroy Gardens,501,32.2,82.7,-37.8148084,144.980999,ENV,REAL_501,Real sensor series - Fitzroy Gardens - board 501,42,real_sensor_board_501,26.20612375339535,0,normal
2014-12-21 09:25:00+00:00,24.8,Fitzroy Gardens,501,31.1,79.7,-37.8148084,144.980999,ENV,REAL_501,Real sensor series - Fitzroy Gardens - board 501,42,real_sensor_board_501,25.92489900271628,1,weak_multivariate_excursion
2014-12-21 09:35:00+00:00,24.8,Fitzroy Gardens,501,31.7,72.6,-37.8148084,144.980999,ENV,REAL_501,Real sensor series - Fitzroy Gardens - board 501,42,real_sensor_board_501,25.699919202173028,1,weak_multivariate_excursion
2014-12-21 09:45:00+00:00,24.5,Fitzroy Gardens,501,33.2,42.1,-37.8148084,144.980999,ENV,REAL_501,Real sensor series - Fitzroy Gardens - board 501,42,real_sensor_board_501,25.459935361738424,1,weak_multivariate_excursion
2014-12-21 09:55:00+00:00,24.2,Fitzroy Gardens,501,34.1,17.9,-37.8148084,144.980999,ENV,REAL_501,Real sensor series - Fitzroy Gardens - board 501,42,real_sensor_board_501,25.20794828939074,1,weak_multivariate_excursion
2014-12-21 10:05:00+00:00,23.5,Fitzroy Gardens,501,38.8,4.5,-37.8148084,144.980999,ENV,REAL_501,Real sensor series - Fitzroy Gardens - board 501,42,real_sensor_board_501,24.866358631512593,1,weak_multivariate_excursion
2014-12-21 10:15:00+00:00,21.9,Fitzroy Gardens,501,47.8,1.6,-37.8148084,144.980999,ENV,REAL_501,Real sensor series - Fitzroy Gardens - board 501,42,real_sensor_board_501,24.273086905210075,1,weak_multivariate_excursion
2014-12-21 10:25:00+00:00,21.0,Fitzroy Gardens,501,50.5,1.0,-37.8148084,144.980999,ENV,REAL_501,Real sensor series - Fitzroy Gardens - board 501,42,real_sensor_board_501,23.61846952416806,1,weak_multivariate_excursion
2014-12-21 10:35:00+00:00,20.6,Fitzroy Gardens,501,51.4,0.9,-37.8148084,144.980999,ENV,REAL_501,Real sensor series - Fitzroy Gardens - board 501,42,real_sensor_board_501,23.01477561933445,0,normal
2014-12-21 10:45:00+00:00,20.6,Fitzroy Gardens,501,51.0,0.9,-37.8148084,144.980999,ENV,REAL_501,Real sensor series - Fitzroy Gardens - board 501,42,real_sensor_board_501,22.531820495467564,0,normal
2014-12-21 10:55:00+00:00,20.6,Fitzroy Gardens,501,51.0,0.9,-37.8148084,144.980999,ENV,REAL_501,Real sensor series - Fitzroy Gardens - board 501,42,real_sensor_board_501,22.14545639637405,0,normal
2014-12-21 11:05:00+00:00,20.6,Fitzroy Gardens,501,47.0,0.9,-37.8148084,144.980999,ENV,REAL_501,Real sensor series - Fitzroy Gardens - board 501,42,real_sensor_board_501,21.83636511709924,0,normal
2014-12-21 11:15:00+00:00,20.6,Fitzroy Gardens,501,44.0,0.9,-37.8148084,144.980999,ENV,REAL_501,Real sensor series - Fitzroy Gardens - board 501,42,real_sensor_board_501,21.589092093679394,0,normal
2014-12-21 11:25:00+00:00,20.3,Fitzroy Gardens,501,48.8,0.9,-37.8148084,144.980999,ENV,REAL_501,Real sensor series - Fitzroy Gardens - board 501,42,real_sensor_board_501,21.331273674943517,0,normal
2014-12-21 11:35:00+00:00,19.0,Fitzroy Gardens,501,56.7,1.0,-37.8148084,144.980999,ENV,REAL_501,Real sensor series - Fitzroy Gardens - board 501,42,real_sensor_board_501,20.865018939954815,0,normal
2014-12-21 11:45:00+00:00,18.4,Fitzroy Gardens,501,59.0,0.9,-37.8148084,144.980999,ENV,REAL_501,Real sensor series - Fitzroy Gardens - board 501,42,real_sensor_board_501,20.372015151963854,0,normal
2014-12-21 12:00:00+00:00,18.4,Fitzroy Gardens,501,59.2,0.9,-37.8148084,144.980999,ENV,REAL_501,Real sensor series - Fitzroy Gardens - board 501,42,real_sensor_board_501,19.977612121571084,0,normal
2014-12-21 12:10:00+00:00,18.1,Fitzroy Gardens,501,59.8,1.0,-37.8148084,144.980999,ENV,REAL_501,Real sensor series - Fitzroy Gardens - board 501,42,real_sensor_board_501,19.60208969725687,0,normal
2014-12-21 12:20:00+00:00,18.1,Fitzroy Gardens,501,59.3,1.0,-37.8148084,144.980999,ENV,REAL_501,Real sensor series - Fitzroy Gardens - board 501,42,real_sensor_board_501,19.301671757805497,0,normal
2014-12-21 12:30:00+00:00,18.1,Fitzroy Gardens,501,60.0,1.0,-37.8148084,144.980999,ENV,REAL_501,Real sensor series - Fitzroy Gardens - board 501,42,real_sensor_board_501,19.061337406244398,0,normal
2014-12-21 12:40:00+00:00,17.7,Fitzroy Gardens,501,60.6,1.0,-37.8148084,144.980999,ENV,REAL_501,Real sensor series - Fitzroy Gardens - board 501,42,real_sensor_board_501,18.78906992499552,0,normal
2014-12-21 12:50:00+00:00,17.7,Fitzroy Gardens,501,60.8,1.0,-37.8148084,144.980999,ENV,REAL_501,Real sensor series - Fitzroy Gardens - board 501,42,real_sensor_board_501,18.571255939996416,0,normal
2014-12-21 13:00:00+00:00,17.7,Fitzroy Gardens,501,60.3,1.0,-37.8148084,144.980999,ENV,REAL_501,Real sensor series - Fitzroy Gardens - board 501,42,real_sensor_board_501,18.397004751997134,0,normal
2014-12-21 13:10:00+00:00,17.7,Fitzroy Gardens,501,60.9,1.0,-37.8148084,144.980999,ENV,REAL_501,Real sensor series - Fitzroy Gardens - board 501,42,real_sensor_board_501,18.257603801597707,0,normal
2014-12-21 13:20:00+00:00,17.4,Fitzroy Gardens,501,60.1,1.0,-37.8148084,144.980999,ENV,REAL_501,Real sensor series - Fitzroy Gardens - board 501,42,real_sensor_board_501,18.086083041278165,0,normal
2014-12-21 13:30:00+00:00,17.4,Fitzroy Gardens,501,60.1,1.0,-37.8148084,144.980999,ENV,REAL_501,Real sensor series - Fitzroy Gardens - board 501,42,real_sensor_board_501,17.948866433022534,0,normal
2014-12-21 13:40:00+00:00,17.4,Fitzroy Gardens,501,61.9,1.0,-37.8148084,144.980999,ENV,REAL_501,Real sensor series - Fitzroy Gardens - board 501,42,real_sensor_board_501,17.839093146418026,0,normal
2014-12-21 13:50:00+00:00,17.1,Fitzroy Gardens,501,62.5,1.1,-37.8148084,144.980999,ENV,REAL_501,Real sensor series - Fitzroy Gardens - board 501,42,real_sensor_board_501,17.691274517134424,0,normal
2014-12-21 14:00:00+00:00,17.1,Fitzroy Gardens,501,62.5,1.1,-37.8148084,144.980999,ENV,REAL_501,Real sensor series - Fitzroy Gardens - board 501,42,real_sensor_board_501,17.57301961370754,0,normal
2014-12-21 14:10:00+00:00,16.8,Fitzroy Gardens,501,63.3,1.1,-37.8148084,144.980999,ENV,REAL_501,Real sensor series - Fitzroy Gardens - board 501,42,real_sensor_board_501,17.418415690966032,0,normal
2014-12-21 14:20:00+00:00,16.8,Fitzroy Gardens,501,63.3,1.1,-37.8148084,144.980999,ENV,REAL_501,Real sensor series - Fitzroy Gardens - board 501,42,real_sensor_board_501,17.294732552772828,0,normal
2014-12-21 14:30:00+00:00,16.8,Fitzroy Gardens,501,63.0,1.1,-37.8148084,144.980999,ENV,REAL_501,Real sensor series - Fitzroy Gardens - board 501,42,real_sensor_board_501,17.195786042218263,0,normal
2014-12-21 14:40:00+00:00,16.8,Fitzroy Gardens,501,63.1,1.1,-37.8148084,144.980999,ENV,REAL_501,Real sensor series - Fitzroy Gardens - board 501,42,real_sensor_board_501,17.116628833774612,0,normal
2014-12-21 14:50:00+00:00,16.8,Fitzroy Gardens,501,62.8,1.0,-37.8148084,144.980999,ENV,REAL_501,Real sensor series - Fitzroy Gardens - board 501,42,real_sensor_board_501,17.05330306701969,0,normal
2014-12-21 15:00:00+00:00,16.8,Fitzroy Gardens,501,63.1,1.0,-37.8148084,144.980999,ENV,REAL_501,Real sensor series - Fitzroy Gardens - board 501,42,real_sensor_board_501,17.002642453615753,0,normal
2014-12-21 15:15:00+00:00,16.5,Fitzroy Gardens,501,62.6,1.1,-37.8148084,144.980999,ENV,REAL_501,Real sensor series - Fitzroy Gardens - board 501,42,real_sensor_board_501,16.902113962892603,0,normal
2014-12-21 15:25:00+00:00,16.5,Fitzroy Gardens,501,61.5,1.0,-37.8148084,144.980999,ENV,REAL_501,Real sensor series - Fitzroy Gardens - board 501,42,real_sensor_board_501,16.821691170314082,0,normal
2014-12-21 15:35:00+00:00,16.5,Fitzroy Gardens,501,61.1,1.0,-37.8148084,144.980999,ENV,REAL_501,Real sensor series - Fitzroy Gardens - board 501,42,real_sensor_board_501,16.757352936251266,0,normal
2014-12-21 15:45:00+00:00,16.5,Fitzroy Gardens,501,60.3,1.1,-37.8148084,144.980999,ENV,REAL_501,Real sensor series - Fitzroy Gardens - board 501,42,real_sensor_board_501,16.705882349001012,0,normal
2014-12-21 15:55:00+00:00,16.5,Fitzroy Gardens,501,60.3,1.1,-37.8148084,144.980999,ENV,REAL_501,Real sensor series - Fitzroy Gardens - board 501,42,real_sensor_board_501,16.66470587920081,0,normal
2014-12-21 16:05:00+00:00,16.5,Fitzroy Gardens,501,60.1,1.0,-37.8148084,144.980999,ENV,REAL_501,Real sensor series - Fitzroy Gardens - board 501,42,real_sensor_board_501,16.63176470336065,0,normal
2014-12-21 16:15:00+00:00,16.5,Fitzroy Gardens,501,60.0,1.1,-37.8148084,144.980999,ENV,REAL_501,Real sensor series - Fitzroy Gardens - board 501,42,real_sensor_board_501,16.60541176268852,0,normal
2014-12-21 16:25:00+00:00,16.5,Fitzroy Gardens,501,59.5,1.0,-37.8148084,144.980999,ENV,REAL_501,Real sensor series - Fitzroy Gardens - board 501,42,real_sensor_board_501,16.584329410150815,0,normal
2014-12-21 16:35:00+00:00,16.5,Fitzroy Gardens,501,59.8,1.0,-37.8148084,144.980999,ENV,REAL_501,Real sensor series - Fitzroy Gardens - board 501,42,real_sensor_board_501,16.56746352812065,0,normal
2014-12-21 16:45:00+00:00,16.1,Fitzroy Gardens,501,60.1,1.1,-37.8148084,144.980999,ENV,REAL_501,Real sensor series - Fitzroy Gardens - board 501,42,real_sensor_board_501,16.473970822496522,0,normal
2014-12-21 16:55:00+00:00,16.1,Fitzroy Gardens,501,61.1,1.0,-37.8148084,144.980999,ENV,REAL_501,Real sensor series - Fitzroy Gardens - board 501,42,real_sensor_board_501,16.399176657997216,0,normal
2014-12-21 17:05:00+00:00,16.1,Fitzroy Gardens,501,60.6,1.0,-37.8148084,144.980999,ENV,REAL_501,Real sensor series - Fitzroy Gardens - board 501,42,real_sensor_board_501,16.339341326397772,0,normal
2014-12-21 17:15:00+00:00,15.8,Fitzroy Gardens,501,61.7,1.1,-37.8148084,144.980999,ENV,REAL_501,Real sensor series - Fitzroy Gardens - board 501,42,real_sensor_board_501,16.291473061118218,0,normal
2014-12-21 17:25:00+00:00,15.8,Fitzroy Gardens,501,61.5,1.0,-37.8148084,144.980999,ENV,REAL_501,Real sensor series - Fitzroy Gardens - board 501,42,real_sensor_board_501,16.253178448894573,0,normal
2014-12-21 17:35:00+00:00,15.8,Fitzroy Gardens,501,62.5,1.1,-37.8148084,144.980999,ENV,REAL_501,Real sensor series - Fitzroy Gardens - board 501,42,real_sensor_board_501,16.22254275911566,0,normal
2014-12-21 17:45:00+00:00,15.8,Fitzroy Gardens,501,62.5,1.1,-37.8148084,144.980999,ENV,REAL_501,Real sensor series - Fitzroy Gardens - board 501,42,real_sensor_board_501,16.19803420729253,0,normal
2014-12-21 17:55:00+00:00,15.8,Fitzroy Gardens,501,63.0,1.1,-37.8148084,144.980999,ENV,REAL_501,Real sensor series - Fitzroy Gardens - board 501,42,real_sensor_board_501,16.178427365834025,0,normal
2014-12-21 18:05:00+00:00,15.5,Fitzroy Gardens,501,63.4,1.2,-37.8148084,144.980999,ENV,REAL_501,Real sensor series - Fitzroy Gardens - board 501,42,real_sensor_board_501,16.16274189266722,0,normal
2014-12-21 18:15:00+00:00,15.8,Fitzroy Gardens,501,62.6,1.7,-37.8148084,144.980999,ENV,REAL_501,Real sensor series - Fitzroy Gardens - board 501,42,real_sensor_board_501,16.150193514133775,0,normal
2014-12-21 18:30:00+00:00,16.1,Fitzroy Gardens,501,62.2,4.2,-37.8148084,144.980999,ENV,REAL_501,Real sensor series - Fitzroy Gardens - board 501,42,real_sensor_board_501,16.14015481130702,1,weak_multivariate_excursion
2014-12-21 18:40:00+00:00,16.1,Fitzroy Gardens,501,60.1,14.0,-37.8148084,144.980999,ENV,REAL_501,Real sensor series - Fitzroy Gardens - board 501,42,real_sensor_board_501,16.13212384904562,1,weak_multivariate_excursion
2014-12-21 18:50:00+00:00,16.1,Fitzroy Gardens,501,59.6,37.1,-37.8148084,144.980999,ENV,REAL_501,Real sensor series - Fitzroy Gardens - board 501,42,real_sensor_board_501,16.125699079236497,1,weak_multivariate_excursion
2014-12-21 19:00:00+00:00,15.8,Fitzroy Gardens,501,60.8,54.3,-37.8148084,144.980999,ENV,REAL_501,Real sensor series - Fitzroy Gardens - board 501,42,real_sensor_board_501,16.120559263389197,1,weak_multivariate_excursion
2014-12-21 19:10:00+00:00,16.1,Fitzroy Gardens,501,60.8,62.7,-37.8148084,144.980999,ENV,REAL_501,Real sensor series - Fitzroy Gardens - board 501,42,real_sensor_board_501,16.11644741071136,1,weak_multivariate_excursion
2014-12-21 19:20:00+00:00,16.1,Fitzroy Gardens,501,60.4,68.3,-37.8148084,144.980999,ENV,REAL_501,Real sensor series - Fitzroy Gardens - board 501,42,real_sensor_board_501,16.113157928569088,1,weak_multivariate_excursion
2014-12-21 19:30:00+00:00,16.5,Fitzroy Gardens,501,60.4,77.4,-37.8148084,144.980999,ENV,REAL_501,Real sensor series - Fitzroy Gardens - board 501,42,real_sensor_board_501,16.19052634285527,1,weak_multivariate_excursion
2014-12-21 19:40:00+00:00,16.5,Fitzroy Gardens,501,59.6,72.6,-37.8148084,144.980999,ENV,REAL_501,Real sensor series - Fitzroy Gardens - board 501,42,real_sensor_board_501,16.252421074284218,1,weak_multivariate_excursion
2014-12-21 19:50:00+00:00,16.5,Fitzroy Gardens,501,60.1,84.7,-37.8148084,144.980999,ENV,REAL_501,Real sensor series - Fitzroy Gardens - board 501,42,real_sensor_board_501,16.301936859427375,1,weak_multivariate_excursion
2014-12-21 20:00:00+00:00,16.8,Fitzroy Gardens,501,60.1,82.0,-37.8148084,144.980999,ENV,REAL_501,Real sensor series - Fitzroy Gardens - board 501,42,real_sensor_board_501,16.4015494875419,1,weak_multivariate_excursion
2014-12-21 20:10:00+00:00,16.8,Fitzroy Gardens,501,59.6,86.9,-37.8148084,144.980999,ENV,REAL_501,Real sensor series - Fitzroy Gardens - board 501,42,real_sensor_board_501,16.48123959003352,0,normal
2014-12-21 20:20:00+00:00,17.1,Fitzroy Gardens,501,59.6,88.8,-37.8148084,144.980999,ENV,REAL_501,Real sensor series - Fitzroy Gardens - board 501,42,real_sensor_board_501,16.60499167202682,0,normal
2014-12-21 20:30:00+00:00,17.4,Fitzroy Gardens,501,59.5,90.1,-37.8148084,144.980999,ENV,REAL_501,Real sensor series - Fitzroy Gardens - board 501,42,real_sensor_board_501,16.763993337621457,0,normal
2014-12-21 20:40:00+00:00,17.7,Fitzroy Gardens,501,58.1,91.1,-37.8148084,144.980999,ENV,REAL_501,Real sensor series - Fitzroy Gardens - board 501,42,real_sensor_board_501,16.951194670097166,0,normal
2014-12-21 20:50:00+00:00,18.1,Fitzroy Gardens,501,57.6,92.4,-37.8148084,144.980999,ENV,REAL_501,Real sensor series - Fitzroy Gardens - board 501,42,real_sensor_board_501,17.180955736077735,0,normal
2014-12-21 21:00:00+00:00,18.4,Fitzroy Gardens,501,55.7,93.8,-37.8148084,144.980999,ENV,REAL_501,Real sensor series - Fitzroy Gardens - board 501,42,real_sensor_board_501,17.42476458886219,0,normal
2014-12-21 21:10:00+00:00,19.4,Fitzroy Gardens,501,54.6,94.6,-37.8148084,144.980999,ENV,REAL_501,Real sensor series - Fitzroy Gardens - board 501,42,real_sensor_board_501,17.819811671089752,0,normal
2014-12-21 21:20:00+00:00,20.0,Fitzroy Gardens,501,52.2,94.4,-37.8148084,144.980999,ENV,REAL_501,Real sensor series - Fitzroy Gardens - board 501,42,real_sensor_board_501,18.135849336871804,0,normal
2014-12-21 21:30:00+00:00,19.7,Fitzroy Gardens,501,52.7,94.3,-37.8148084,144.980999,ENV,REAL_501,Real sensor series - Fitzroy Gardens - board 501,42,real_sensor_board_501,18.448679469497446,0,normal
2014-12-21 21:45:00+00:00,19.4,Fitzroy Gardens,501,53.3,94.1,-37.8148084,144.980999,ENV,REAL_501,Real sensor series - Fitzroy Gardens - board 501,42,real_sensor_board_501,18.69894357559796,0,normal
2014-12-21 21:55:00+00:00,19.7,Fitzroy Gardens,501,53.2,95.0,-37.8148084,144.980999,ENV,REAL_501,Real sensor series - Fitzroy Gardens - board 501,42,real_sensor_board_501,18.959154860478368,0,normal
2014-12-21 22:05:00+00:00,20.0,Fitzroy Gardens,501,51.8,94.7,-37.8148084,144.980999,ENV,REAL_501,Real sensor series - Fitzroy Gardens - board 501,42,real_sensor_board_501,19.167323888382697,0,normal
2014-12-21 22:15:00+00:00,21.3,Fitzroy Gardens,501,51.1,95.4,-37.8148084,144.980999,ENV,REAL_501,Real sensor series - Fitzroy Gardens - board 501,42,real_sensor_board_501,19.59385911070616,0,normal
2014-12-21 22:25:00+00:00,22.3,Fitzroy Gardens,501,48.3,95.6,-37.8148084,144.980999,ENV,REAL_501,Real sensor series - Fitzroy Gardens - board 501,42,real_sensor_board_501,20.13508728856493,0,normal
2014-12-21 22:35:00+00:00,24.5,Fitzroy Gardens,501,46.2,95.5,-37.8148084,144.980999,ENV,REAL_501,Real sensor series - Fitzroy Gardens - board 501,42,real_sensor_board_501,20.748069830851943,0,normal
2014-12-21 22:45:00+00:00,24.2,Fitzroy Gardens,501,47.8,95.7,-37.8148084,144.980999,ENV,REAL_501,Real sensor series - Fitzroy Gardens - board 501,42,real_sensor_board_501,21.298455864681554,0,normal
2014-12-21 22:55:00+00:00,24.2,Fitzroy Gardens,501,48.5,96.1,-37.8148084,144.980999,ENV,REAL_501,Real sensor series - Fitzroy Gardens - board 501,42,real_sensor_board_501,21.878764691745243,0,normal
2014-12-21 23:05:00+00:00,24.8,Fitzroy Gardens,501,46.9,96.6,-37.8148084,144.980999,ENV,REAL_501,Real sensor series - Fitzroy Gardens - board 501,42,real_sensor_board_501,22.343011753396194,0,normal
2014-12-21 23:15:00+00:00,24.8,Fitzroy Gardens,501,46.7,96.5,-37.8148084,144.980999,ENV,REAL_501,Real sensor series - Fitzroy Gardens - board 501,42,real_sensor_board_501,22.714409402716957,0,normal
2014-12-21 23:25:00+00:00,26.1,Fitzroy Gardens,501,44.4,96.3,-37.8148084,144.980999,ENV,REAL_501,Real sensor series - Fitzroy Gardens - board 501,42,real_sensor_board_501,23.011527522173566,0,normal
2014-12-21 23:35:00+00:00,23.5,Fitzroy Gardens,501,48.3,97.0,-37.8148084,144.980999,ENV,REAL_501,Real sensor series - Fitzroy Gardens - board 501,42,real_sensor_board_501,23.24922201773885,0,normal
2014-12-21 23:45:00+00:00,23.2,Fitzroy Gardens,501,49.7,96.7,-37.8148084,144.980999,ENV,REAL_501,Real sensor series - Fitzroy Gardens - board 501,42,real_sensor_board_501,23.43937761419108,0,normal
2014-12-21 23:55:00+00:00,25.8,Fitzroy Gardens,501,46.7,97.0,-37.8148084,144.980999,ENV,REAL_501,Real sensor series - Fitzroy Gardens - board 501,42,real_sensor_board_501,23.591502091352865,0,normal
2014-12-22 00:05:00+00:00,24.8,Fitzroy Gardens,501,46.6,96.9,-37.8148084,144.980999,ENV,REAL_501,Real sensor series - Fitzroy Gardens - board 501,42,real_sensor_board_501,23.713201673082292,0,normal
2014-12-22 00:15:00+00:00,25.5,Fitzroy Gardens,501,46.6,97.0,-37.8148084,144.980999,ENV,REAL_501,Real sensor series - Fitzroy Gardens - board 501,42,real_sensor_board_501,23.810561338465835,0,normal
2014-12-22 00:25:00+00:00,25.8,Fitzroy Gardens,501,47.3,97.1,-37.8148084,144.980999,ENV,REAL_501,Real sensor series - Fitzroy Gardens - board 501,42,real_sensor_board_501,23.88844907077267,0,normal
2014-12-22 00:35:00+00:00,24.2,Fitzroy Gardens,501,47.8,97.0,-37.8148084,144.980999,ENV,REAL_501,Real sensor series - Fitzroy Gardens - board 501,42,real_sensor_board_501,23.950759256618134,0,normal
2014-12-22 00:50:00+00:00,24.8,Fitzroy Gardens,501,46.1,97.0,-37.8148084,144.980999,ENV,REAL_501,Real sensor series - Fitzroy Gardens - board 501,42,real_sensor_board_501,24.00060740529451,0,normal
2014-12-22 01:00:00+00:00,25.2,Fitzroy Gardens,501,48.3,97.1,-37.8148084,144.980999,ENV,REAL_501,Real sensor series - Fitzroy Gardens - board 501,42,real_sensor_board_501,24.040485924235607,0,normal
2014-12-22 01:10:00+00:00,25.5,Fitzroy Gardens,501,46.9,97.1,-37.8148084,144.980999,ENV,REAL_501,Real sensor series - Fitzroy Gardens - board 501,42,real_sensor_board_501,24.13238873938849,0,normal
2014-12-22 01:20:00+00:00,25.2,Fitzroy Gardens,501,48.0,97.0,-37.8148084,144.980999,ENV,REAL_501,Real sensor series - Fitzroy Gardens - board 501,42,real_sensor_board_501,24.145910991510792,0,normal
2014-12-22 01:30:00+00:00,24.8,Fitzroy Gardens,501,50.0,97.1,-37.8148084,144.980999,ENV,REAL_501,Real sensor series - Fitzroy Gardens - board 501,42,real_sensor_board_501,24.156728793208636,0,normal
2014-12-22 01:40:00+00:00,23.9,Fitzroy Gardens,501,48.9,97.1,-37.8148084,144.980999,ENV,REAL_501,Real sensor series - Fitzroy Gardens - board 501,42,real_sensor_board_501,24.16538303456691,0,normal
2014-12-22 01:50:00+00:00,24.2,Fitzroy Gardens,501,48.6,97.1,-37.8148084,144.980999,ENV,REAL_501,Real sensor series - Fitzroy Gardens - board 501,42,real_sensor_board_501,24.17230642765353,0,normal
2014-12-22 02:00:00+00:00,23.9,Fitzroy Gardens,501,48.0,97.0,-37.8148084,144.980999,ENV,REAL_501,Real sensor series - Fitzroy Gardens - board 501,42,real_sensor_board_501,24.177845142122827,0,normal
2014-12-22 02:10:00+00:00,23.9,Fitzroy Gardens,501,49.4,97.1,-37.8148084,144.980999,ENV,REAL_501,Real sensor series - Fitzroy Gardens - board 501,42,real_sensor_board_501,24.18227611369826,0,normal
2014-12-22 02:20:00+00:00,23.5,Fitzroy Gardens,501,49.1,97.0,-37.8148084,144.980999,ENV,REAL_501,Real sensor series - Fitzroy Gardens - board 501,42,real_sensor_board_501,24.18582089095861,0,normal
2014-12-22 02:30:00+00:00,23.5,Fitzroy Gardens,501,48.3,96.8,-37.8148084,144.980999,ENV,REAL_501,Real sensor series - Fitzroy Gardens - board 501,42,real_sensor_board_501,24.18865671276689,0,normal
2014-12-22 02:40:00+00:00,22.9,Fitzroy Gardens,501,50.3,96.6,-37.8148084,144.980999,ENV,REAL_501,Real sensor series - Fitzroy Gardens - board 501,42,real_sensor_board_501,24.190925370213513,0,normal
2014-12-22 02:50:00+00:00,22.6,Fitzroy Gardens,501,51.8,96.7,-37.8148084,144.980999,ENV,REAL_501,Real sensor series - Fitzroy Gardens - board 501,42,real_sensor_board_501,24.19274029617081,0,normal
2014-12-22 03:00:00+00:00,24.5,Fitzroy Gardens,501,50.0,96.7,-37.8148084,144.980999,ENV,REAL_501,Real sensor series - Fitzroy Gardens - board 501,42,real_sensor_board_501,24.19419223693665,0,normal
2014-12-22 03:10:00+00:00,24.2,Fitzroy Gardens,501,50.8,96.8,-37.8148084,144.980999,ENV,REAL_501,Real sensor series - Fitzroy Gardens - board 501,42,real_sensor_board_501,24.195353789549323,0,normal
2014-12-22 03:20:00+00:00,24.2,Fitzroy Gardens,501,48.9,96.8,-37.8148084,144.980999,ENV,REAL_501,Real sensor series - Fitzroy Gardens - board 501,42,real_sensor_board_501,24.19628303163946,0,normal
2014-12-22 03:30:00+00:00,24.5,Fitzroy Gardens,501,48.3,96.5,-37.8148084,144.980999,ENV,REAL_501,Real sensor series - Fitzroy Gardens - board 501,42,real_sensor_board_501,24.19702642531157,0,normal
2014-12-22 03:40:00+00:00,24.5,Fitzroy Gardens,501,49.1,96.3,-37.8148084,144.980999,ENV,REAL_501,Real sensor series - Fitzroy Gardens - board 501,42,real_sensor_board_501,24.13762114024926,0,normal
2014-12-22 03:50:00+00:00,23.5,Fitzroy Gardens,501,51.3,95.7,-37.8148084,144.980999,ENV,REAL_501,Real sensor series - Fitzroy Gardens - board 501,42,real_sensor_board_501,24.09009691219941,0,normal
2014-12-22 04:05:00+00:00,23.2,Fitzroy Gardens,501,52.2,95.8,-37.8148084,144.980999,ENV,REAL_501,Real sensor series - Fitzroy Gardens - board 501,42,real_sensor_board_501,24.05207752975953,0,normal
2014-12-22 04:15:00+00:00,23.5,Fitzroy Gardens,501,50.8,95.8,-37.8148084,144.980999,ENV,REAL_501,Real sensor series - Fitzroy Gardens - board 501,42,real_sensor_board_501,23.941662023807623,0,normal
2014-12-22 04:25:00+00:00,24.2,Fitzroy Gardens,501,50.2,95.9,-37.8148084,144.980999,ENV,REAL_501,Real sensor series - Fitzroy Gardens - board 501,42,real_sensor_board_501,23.8533296190461,0,normal
2014-12-22 04:35:00+00:00,25.2,Fitzroy Gardens,501,48.8,96.2,-37.8148084,144.980999,ENV,REAL_501,Real sensor series - Fitzroy Gardens - board 501,42,real_sensor_board_501,23.78266369523688,0,normal
2014-12-22 04:45:00+00:00,24.8,Fitzroy Gardens,501,48.0,95.9,-37.8148084,144.980999,ENV,REAL_501,Real sensor series - Fitzroy Gardens - board 501,42,real_sensor_board_501,23.726130956189504,0,normal
2014-12-22 04:55:00+00:00,24.2,Fitzroy Gardens,501,50.0,95.7,-37.8148084,144.980999,ENV,REAL_501,Real sensor series - Fitzroy Gardens - board 501,42,real_sensor_board_501,23.620904764951604,0,normal
2014-12-22 05:05:00+00:00,24.5,Fitzroy Gardens,501,48.5,96.1,-37.8148084,144.980999,ENV,REAL_501,Real sensor series - Fitzroy Gardens - board 501,42,real_sensor_board_501,23.476723811961286,0,normal
2014-12-22 05:15:00+00:00,24.2,Fitzroy Gardens,501,50.8,96.2,-37.8148084,144.980999,ENV,REAL_501,Real sensor series - Fitzroy Gardens - board 501,42,real_sensor_board_501,23.36137904956903,0,normal
2014-12-22 05:25:00+00:00,22.9,Fitzroy Gardens,501,52.7,94.7,-37.8148084,144.980999,ENV,REAL_501,Real sensor series - Fitzroy Gardens - board 501,42,real_sensor_board_501,23.269103239655223,0,normal
2014-12-22 05:35:00+00:00,22.6,Fitzroy Gardens,501,52.6,94.6,-37.8148084,144.980999,ENV,REAL_501,Real sensor series - Fitzroy Gardens - board 501,42,real_sensor_board_501,23.19528259172418,0,normal
2014-12-22 05:45:00+00:00,22.9,Fitzroy Gardens,501,52.6,95.0,-37.8148084,144.980999,ENV,REAL_501,Real sensor series - Fitzroy Gardens - board 501,42,real_sensor_board_501,23.076226073379345,0,normal
2014-12-22 05:55:00+00:00,22.6,Fitzroy Gardens,501,52.6,94.7,-37.8148084,144.980999,ENV,REAL_501,Real sensor series - Fitzroy Gardens - board 501,42,real_sensor_board_501,22.980980858703475,0,normal
2014-12-22 06:05:00+00:00,22.6,Fitzroy Gardens,501,51.8,94.3,-37.8148084,144.980999,ENV,REAL_501,Real sensor series - Fitzroy Gardens - board 501,42,real_sensor_board_501,22.90478468696278,0,normal
2014-12-22 06:15:00+00:00,22.3,Fitzroy Gardens,501,51.4,93.4,-37.8148084,144.980999,ENV,REAL_501,Real sensor series - Fitzroy Gardens - board 501,42,real_sensor_board_501,22.783827749570225,0,normal
2014-12-22 06:25:00+00:00,21.9,Fitzroy Gardens,501,53.7,91.9,-37.8148084,144.980999,ENV,REAL_501,Real sensor series - Fitzroy Gardens - board 501,42,real_sensor_board_501,22.687062199656182,0,normal
2014-12-22 06:35:00+00:00,22.3,Fitzroy Gardens,501,52.9,92.3,-37.8148084,144.980999,ENV,REAL_501,Real sensor series - Fitzroy Gardens - board 501,42,real_sensor_board_501,22.529649759724947,0,normal
2014-12-22 06:45:00+00:00,21.9,Fitzroy Gardens,501,52.9,91.5,-37.8148084,144.980999,ENV,REAL_501,Real sensor series - Fitzroy Gardens - board 501,42,real_sensor_board_501,22.403719807779957,0,normal
2014-12-22 06:55:00+00:00,21.6,Fitzroy Gardens,501,54.1,89.3,-37.8148084,144.980999,ENV,REAL_501,Real sensor series - Fitzroy Gardens - board 501,42,real_sensor_board_501,22.302975846223966,0,normal
2014-12-22 07:05:00+00:00,21.6,Fitzroy Gardens,501,53.7,90.1,-37.8148084,144.980999,ENV,REAL_501,Real sensor series - Fitzroy Gardens - board 501,42,real_sensor_board_501,22.162380676979172,0,normal
2014-12-22 07:20:00+00:00,21.6,Fitzroy Gardens,501,53.2,91.1,-37.8148084,144.980999,ENV,REAL_501,Real sensor series - Fitzroy Gardens - board 501,42,real_sensor_board_501,22.049904541583338,0,normal
2014-12-22 07:30:00+00:00,21.9,Fitzroy Gardens,501,53.3,91.4,-37.8148084,144.980999,ENV,REAL_501,Real sensor series - Fitzroy Gardens - board 501,42,real_sensor_board_501,21.959923633266673,0,normal
2014-12-22 07:40:00+00:00,21.6,Fitzroy Gardens,501,53.0,89.9,-37.8148084,144.980999,ENV,REAL_501,Real sensor series - Fitzroy Gardens - board 501,42,real_sensor_board_501,21.88793890661334,0,normal
2014-12-22 07:50:00+00:00,21.6,Fitzroy Gardens,501,54.3,88.7,-37.8148084,144.980999,ENV,REAL_501,Real sensor series - Fitzroy Gardens - board 501,42,real_sensor_board_501,21.830351125290672,0,normal
2014-12-22 08:00:00+00:00,21.3,Fitzroy Gardens,501,54.4,86.9,-37.8148084,144.980999,ENV,REAL_501,Real sensor series - Fitzroy Gardens - board 501,42,real_sensor_board_501,21.72428090023254,0,normal
2014-12-22 08:10:00+00:00,21.0,Fitzroy Gardens,501,55.1,81.4,-37.8148084,144.980999,ENV,REAL_501,Real sensor series - Fitzroy Gardens - board 501,42,real_sensor_board_501,21.639424720186035,0,normal
2014-12-22 08:20:00+00:00,21.0,Fitzroy Gardens,501,55.1,79.1,-37.8148084,144.980999,ENV,REAL_501,Real sensor series - Fitzroy Gardens - board 501,42,real_sensor_board_501,21.571539776148832,0,normal
2014-12-22 08:30:00+00:00,21.0,Fitzroy Gardens,501,54.6,76.8,-37.8148084,144.980999,ENV,REAL_501,Real sensor series - Fitzroy Gardens - board 501,42,real_sensor_board_501,21.51723182091907,0,normal
2014-12-22 08:40:00+00:00,21.0,Fitzroy Gardens,501,54.6,73.9,-37.8148084,144.980999,ENV,REAL_501,Real sensor series - Fitzroy Gardens - board 501,42,real_sensor_board_501,21.473785456735257,0,normal
2014-12-22 08:50:00+00:00,21.3,Fitzroy Gardens,501,54.8,70.7,-37.8148084,144.980999,ENV,REAL_501,Real sensor series - Fitzroy Gardens - board 501,42,real_sensor_board_501,21.439028365388207,0,normal
2014-12-22 09:00:00+00:00,21.3,Fitzroy Gardens,501,54.3,66.9,-37.8148084,144.980999,ENV,REAL_501,Real sensor series - Fitzroy Gardens - board 501,42,real_sensor_board_501,21.411222692310567,0,normal
2014-12-22 09:10:00+00:00,21.3,Fitzroy Gardens,501,54.0,63.1,-37.8148084,144.980999,ENV,REAL_501,Real sensor series - Fitzroy Gardens - board 501,42,real_sensor_board_501,21.328978153848453,1,weak_multivariate_excursion
2014-12-22 09:20:00+00:00,21.0,Fitzroy Gardens,501,54.6,53.6,-37.8148084,144.980999,ENV,REAL_501,Real sensor series - Fitzroy Gardens - board 501,42,real_sensor_board_501,21.26318252307876,1,weak_multivariate_excursion
2014-12-22 09:30:00+00:00,21.0,Fitzroy Gardens,501,54.6,30.4,-37.8148084,144.980999,ENV,REAL_501,Real sensor series - Fitzroy Gardens - board 501,42,real_sensor_board_501,21.21054601846301,1,weak_multivariate_excursion
2014-12-22 09:40:00+00:00,21.0,Fitzroy Gardens,501,54.9,15.1,-37.8148084,144.980999,ENV,REAL_501,Real sensor series - Fitzroy Gardens - board 501,42,real_sensor_board_501,21.16843681477041,1,weak_multivariate_excursion
2014-12-22 09:50:00+00:00,20.3,Fitzroy Gardens,501,56.7,6.5,-37.8148084,144.980999,ENV,REAL_501,Real sensor series - Fitzroy Gardens - board 501,42,real_sensor_board_501,21.134749451816326,1,weak_multivariate_excursion
2014-12-22 10:00:00+00:00,20.3,Fitzroy Gardens,501,56.7,1.8,-37.8148084,144.980999,ENV,REAL_501,Real sensor series - Fitzroy Gardens - board 501,42,real_sensor_board_501,21.10779956145306,1,weak_multivariate_excursion
2014-12-22 10:10:00+00:00,20.6,Fitzroy Gardens,501,57.1,1.0,-37.8148084,144.980999,ENV,REAL_501,Real sensor series - Fitzroy Gardens - board 501,42,real_sensor_board_501,21.086239649162447,0,normal
2014-12-22 10:20:00+00:00,20.3,Fitzroy Gardens,501,58.4,1.0,-37.8148084,144.980999,ENV,REAL_501,Real sensor series - Fitzroy Gardens - board 501,42,real_sensor_board_501,21.068991719329958,0,normal
2014-12-22 10:35:00+00:00,20.0,Fitzroy Gardens,501,59.0,1.0,-37.8148084,144.980999,ENV,REAL_501,Real sensor series - Fitzroy Gardens - board 501,42,real_sensor_board_501,21.055193375463965,0,normal
2014-12-22 10:45:00+00:00,21.3,Fitzroy Gardens,501,54.9,0.9,-37.8148084,144.980999,ENV,REAL_501,Real sensor series - Fitzroy Gardens - board 501,42,real_sensor_board_501,21.044154700371173,0,normal
2014-12-22 10:55:00+00:00,21.3,Fitzroy Gardens,501,54.6,0.9,-37.8148084,144.980999,ENV,REAL_501,Real sensor series - Fitzroy Gardens - board 501,42,real_sensor_board_501,21.03532376029694,0,normal
2014-12-22 11:05:00+00:00,21.6,Fitzroy Gardens,501,54.3,0.9,-37.8148084,144.980999,ENV,REAL_501,Real sensor series - Fitzroy Gardens - board 501,42,real_sensor_board_501,21.02825900823755,0,normal
2014-12-22 11:15:00+00:00,21.0,Fitzroy Gardens,501,56.7,0.9,-37.8148084,144.980999,ENV,REAL_501,Real sensor series - Fitzroy Gardens - board 501,42,real_sensor_board_501,21.022607206590042,0,normal
2014-12-22 11:25:00+00:00,20.6,Fitzroy Gardens,501,57.8,0.9,-37.8148084,144.980999,ENV,REAL_501,Real sensor series - Fitzroy Gardens - board 501,42,real_sensor_board_501,20.938085765272035,0,normal
2014-12-22 11:35:00+00:00,20.3,Fitzroy Gardens,501,59.0,0.9,-37.8148084,144.980999,ENV,REAL_501,Real sensor series - Fitzroy Gardens - board 501,42,real_sensor_board_501,20.87046861221763,0,normal
2014-12-22 11:45:00+00:00,20.6,Fitzroy Gardens,501,58.5,0.9,-37.8148084,144.980999,ENV,REAL_501,Real sensor series - Fitzroy Gardens - board 501,42,real_sensor_board_501,20.816374889774103,0,normal
2014-12-22 11:55:00+00:00,21.0,Fitzroy Gardens,501,57.3,0.9,-37.8148084,144.980999,ENV,REAL_501,Real sensor series - Fitzroy Gardens - board 501,42,real_sensor_board_501,20.773099911819283,0,normal
2014-12-22 12:05:00+00:00,21.0,Fitzroy Gardens,501,58.5,0.9,-37.8148084,144.980999,ENV,REAL_501,Real sensor series - Fitzroy Gardens - board 501,42,real_sensor_board_501,20.73847992945543,0,normal
2014-12-22 12:15:00+00:00,21.0,Fitzroy Gardens,501,58.1,0.9,-37.8148084,144.980999,ENV,REAL_501,Real sensor series - Fitzroy Gardens - board 501,42,real_sensor_board_501,20.710783943564344,0,normal
2014-12-22 12:25:00+00:00,21.3,Fitzroy Gardens,501,56.7,0.9,-37.8148084,144.980999,ENV,REAL_501,Real sensor series - Fitzroy Gardens - board 501,42,real_sensor_board_501,20.62862715485148,0,normal
2014-12-22 12:35:00+00:00,21.0,Fitzroy Gardens,501,57.0,0.9,-37.8148084,144.980999,ENV,REAL_501,Real sensor series - Fitzroy Gardens - board 501,42,real_sensor_board_501,20.562901723881183,0,normal
2014-12-22 12:45:00+00:00,20.0,Fitzroy Gardens,501,60.8,0.9,-37.8148084,144.980999,ENV,REAL_501,Real sensor series - Fitzroy Gardens - board 501,42,real_sensor_board_501,20.510321379104944,0,normal
2014-12-22 12:55:00+00:00,20.0,Fitzroy Gardens,501,69.3,0.9,-37.8148084,144.980999,ENV,REAL_501,Real sensor series - Fitzroy Gardens - board 501,42,real_sensor_board_501,20.468257103283953,0,normal
2014-12-22 13:05:00+00:00,20.6,Fitzroy Gardens,501,64.1,0.1,-37.8148084,144.980999,ENV,REAL_501,Real sensor series - Fitzroy Gardens - board 501,42,real_sensor_board_501,20.434605682627165,0,normal
2014-12-22 13:15:00+00:00,20.6,Fitzroy Gardens,501,67.1,0.9,-37.8148084,144.980999,ENV,REAL_501,Real sensor series - Fitzroy Gardens - board 501,42,real_sensor_board_501,20.407684546101734,0,normal
2014-12-22 13:25:00+00:00,20.6,Fitzroy Gardens,501,65.5,0.9,-37.8148084,144.980999,ENV,REAL_501,Real sensor series - Fitzroy Gardens - board 501,42,real_sensor_board_501,20.326147636881387,0,normal
2014-12-22 13:40:00+00:00,20.3,Fitzroy Gardens,501,63.6,0.7,-37.8148084,144.980999,ENV,REAL_501,Real sensor series - Fitzroy Gardens - board 501,42,real_sensor_board_501,20.26091810950511,0,normal
2014-12-22 13:50:00+00:00,19.7,Fitzroy Gardens,501,66.6,0.7,-37.8148084,144.980999,ENV,REAL_501,Real sensor series - Fitzroy Gardens - board 501,42,real_sensor_board_501,20.208734487604087,0,normal
2014-12-22 14:00:00+00:00,19.4,Fitzroy Gardens,501,68.5,0.7,-37.8148084,144.980999,ENV,REAL_501,Real sensor series - Fitzroy Gardens - board 501,42,real_sensor_board_501,20.16698759008327,0,normal
2014-12-22 14:10:00+00:00,19.4,Fitzroy Gardens,501,69.1,0.8,-37.8148084,144.980999,ENV,REAL_501,Real sensor series - Fitzroy Gardens - board 501,42,real_sensor_board_501,20.07359007206662,0,normal
2014-12-22 14:20:00+00:00,19.7,Fitzroy Gardens,501,68.5,0.8,-37.8148084,144.980999,ENV,REAL_501,Real sensor series - Fitzroy Gardens - board 501,42,real_sensor_board_501,19.998872057653298,0,normal
2014-12-22 14:30:00+00:00,19.7,Fitzroy Gardens,501,69.3,0.8,-37.8148084,144.980999,ENV,REAL_501,Real sensor series - Fitzroy Gardens - board 501,42,real_sensor_board_501,19.93909764612264,0,normal
2014-12-22 14:40:00+00:00,19.7,Fitzroy Gardens,501,66.9,0.8,-37.8148084,144.980999,ENV,REAL_501,Real sensor series - Fitzroy Gardens - board 501,42,real_sensor_board_501,19.891278116898114,0,normal
2014-12-22 14:50:00+00:00,19.7,Fitzroy Gardens,501,66.6,0.7,-37.8148084,144.980999,ENV,REAL_501,Real sensor series - Fitzroy Gardens - board 501,42,real_sensor_board_501,19.85302249351849,0,normal
2014-12-22 15:00:00+00:00,19.4,Fitzroy Gardens,501,68.5,0.7,-37.8148084,144.980999,ENV,REAL_501,Real sensor series - Fitzroy Gardens - board 501,42,real_sensor_board_501,19.822417994814796,0,normal
2014-12-22 15:10:00+00:00,20.0,Fitzroy Gardens,501,66.4,0.7,-37.8148084,144.980999,ENV,REAL_501,Real sensor series - Fitzroy Gardens - board 501,42,real_sensor_board_501,19.737934395851838,0,normal
2014-12-22 15:20:00+00:00,20.0,Fitzroy Gardens,501,64.2,0.7,-37.8148084,144.980999,ENV,REAL_501,Real sensor series - Fitzroy Gardens - board 501,42,real_sensor_board_501,19.67034751668147,0,normal
2014-12-22 15:30:00+00:00,19.7,Fitzroy Gardens,501,66.3,0.7,-37.8148084,144.980999,ENV,REAL_501,Real sensor series - Fitzroy Gardens - board 501,42,real_sensor_board_501,19.616278013345177,0,normal
2014-12-22 15:40:00+00:00,19.4,Fitzroy Gardens,501,67.4,0.7,-37.8148084,144.980999,ENV,REAL_501,Real sensor series - Fitzroy Gardens - board 501,42,real_sensor_board_501,19.573022410676142,0,normal
2014-12-22 15:50:00+00:00,19.0,Fitzroy Gardens,501,68.2,0.6,-37.8148084,144.980999,ENV,REAL_501,Real sensor series - Fitzroy Gardens - board 501,42,real_sensor_board_501,19.458417928540914,0,normal
2014-12-22 16:00:00+00:00,18.7,Fitzroy Gardens,501,68.6,0.7,-37.8148084,144.980999,ENV,REAL_501,Real sensor series - Fitzroy Gardens - board 501,42,real_sensor_board_501,19.366734342832732,0,normal
2014-12-22 16:10:00+00:00,19.0,Fitzroy Gardens,501,67.4,0.7,-37.8148084,144.980999,ENV,REAL_501,Real sensor series - Fitzroy Gardens - board 501,42,real_sensor_board_501,19.293387474266186,0,normal
2014-12-22 16:20:00+00:00,18.7,Fitzroy Gardens,501,68.9,0.7,-37.8148084,144.980999,ENV,REAL_501,Real sensor series - Fitzroy Gardens - board 501,42,real_sensor_board_501,19.23470997941295,0,normal
2014-12-22 16:30:00+00:00,18.7,Fitzroy Gardens,501,69.3,0.7,-37.8148084,144.980999,ENV,REAL_501,Real sensor series - Fitzroy Gardens - board 501,42,real_sensor_board_501,19.18776798353036,0,normal
2014-12-22 16:40:00+00:00,18.7,Fitzroy Gardens,501,69.4,0.7,-37.8148084,144.980999,ENV,REAL_501,Real sensor series - Fitzroy Gardens - board 501,42,real_sensor_board_501,19.15021438682429,0,normal
2014-12-22 16:55:00+00:00,18.7,Fitzroy Gardens,501,69.3,0.7,-37.8148084,144.980999,ENV,REAL_501,Real sensor series - Fitzroy Gardens - board 501,42,real_sensor_board_501,19.120171509459432,0,normal
2014-12-22 17:05:00+00:00,18.7,Fitzroy Gardens,501,69.6,0.7,-37.8148084,144.980999,ENV,REAL_501,Real sensor series - Fitzroy Gardens - board 501,42,real_sensor_board_501,19.096137207567548,0,normal
2014-12-22 17:15:00+00:00,18.7,Fitzroy Gardens,501,69.4,0.7,-37.8148084,144.980999,ENV,REAL_501,Real sensor series - Fitzroy Gardens - board 501,42,real_sensor_board_501,19.07690976605404,0,normal
2014-12-22 17:25:00+00:00,19.0,Fitzroy Gardens,501,68.5,0.7,-37.8148084,144.980999,ENV,REAL_501,Real sensor series - Fitzroy Gardens - board 501,42,real_sensor_board_501,19.061527812843234,0,normal
2014-12-22 17:35:00+00:00,19.0,Fitzroy Gardens,501,68.5,0.7,-37.8148084,144.980999,ENV,REAL_501,Real sensor series - Fitzroy Gardens - board 501,42,real_sensor_board_501,19.04922225027459,0,normal
2014-12-22 17:45:00+00:00,19.0,Fitzroy Gardens,501,68.6,0.7,-37.8148084,144.980999,ENV,REAL_501,Real sensor series - Fitzroy Gardens - board 501,42,real_sensor_board_501,19.039377800219672,0,normal
2014-12-22 17:55:00+00:00,18.7,Fitzroy Gardens,501,69.7,0.8,-37.8148084,144.980999,ENV,REAL_501,Real sensor series - Fitzroy Gardens - board 501,42,real_sensor_board_501,19.031502240175737,0,normal
2014-12-22 18:05:00+00:00,18.7,Fitzroy Gardens,501,69.7,0.8,-37.8148084,144.980999,ENV,REAL_501,Real sensor series - Fitzroy Gardens - board 501,42,real_sensor_board_501,19.02520179214059,0,normal
2014-12-22 18:15:00+00:00,18.7,Fitzroy Gardens,501,70.1,0.8,-37.8148084,144.980999,ENV,REAL_501,Real sensor series - Fitzroy Gardens - board 501,42,real_sensor_board_501,19.02016143371247,0,normal
2014-12-22 18:25:00+00:00,19.0,Fitzroy Gardens,501,69.1,1.0,-37.8148084,144.980999,ENV,REAL_501,Real sensor series - Fitzroy Gardens - board 501,42,real_sensor_board_501,19.016129146969977,0,normal
2014-12-22 18:35:00+00:00,19.4,Fitzroy Gardens,501,66.6,2.2,-37.8148084,144.980999,ENV,REAL_501,Real sensor series - Fitzroy Gardens - board 501,42,real_sensor_board_501,19.012903317575983,0,normal
2014-12-22 18:45:00+00:00,19.7,Fitzroy Gardens,501,65.0,7.0,-37.8148084,144.980999,ENV,REAL_501,Real sensor series - Fitzroy Gardens - board 501,42,real_sensor_board_501,19.090322654060788,1,weak_multivariate_excursion
2014-12-22 18:55:00+00:00,19.4,Fitzroy Gardens,501,65.5,34.0,-37.8148084,144.980999,ENV,REAL_501,Real sensor series - Fitzroy Gardens - board 501,42,real_sensor_board_501,19.152258123248632,1,weak_multivariate_excursion
2014-12-22 19:05:00+00:00,19.4,Fitzroy Gardens,501,66.7,53.1,-37.8148084,144.980999,ENV,REAL_501,Real sensor series - Fitzroy Gardens - board 501,42,real_sensor_board_501,19.201806498598906,1,weak_multivariate_excursion
2014-12-22 19:15:00+00:00,18.7,Fitzroy Gardens,501,69.1,65.0,-37.8148084,144.980999,ENV,REAL_501,Real sensor series - Fitzroy Gardens - board 501,42,real_sensor_board_501,19.241445198879124,1,weak_multivariate_excursion
2014-12-22 19:25:00+00:00,19.4,Fitzroy Gardens,501,65.3,71.8,-37.8148084,144.980999,ENV,REAL_501,Real sensor series - Fitzroy Gardens - board 501,42,real_sensor_board_501,19.273156159103298,1,weak_multivariate_excursion
2014-12-22 19:35:00+00:00,19.4,Fitzroy Gardens,501,65.5,80.2,-37.8148084,144.980999,ENV,REAL_501,Real sensor series - Fitzroy Gardens - board 501,42,real_sensor_board_501,19.35852492728264,1,weak_multivariate_excursion
2014-12-22 19:45:00+00:00,20.0,Fitzroy Gardens,501,63.0,86.7,-37.8148084,144.980999,ENV,REAL_501,Real sensor series - Fitzroy Gardens - board 501,42,real_sensor_board_501,19.486819941826113,1,weak_multivariate_excursion
2014-12-22 19:55:00+00:00,20.0,Fitzroy Gardens,501,60.3,87.8,-37.8148084,144.980999,ENV,REAL_501,Real sensor series - Fitzroy Gardens - board 501,42,real_sensor_board_501,19.58945595346089,1,weak_multivariate_excursion
2014-12-22 20:10:00+00:00,20.3,Fitzroy Gardens,501,59.5,87.7,-37.8148084,144.980999,ENV,REAL_501,Real sensor series - Fitzroy Gardens - board 501,42,real_sensor_board_501,19.731564762768713,0,normal
2014-12-22 20:20:00+00:00,20.6,Fitzroy Gardens,501,57.9,89.1,-37.8148084,144.980999,ENV,REAL_501,Real sensor series - Fitzroy Gardens - board 501,42,real_sensor_board_501,19.90525181021497,0,normal
2014-12-22 20:30:00+00:00,21.0,Fitzroy Gardens,501,57.0,89.1,-37.8148084,144.980999,ENV,REAL_501,Real sensor series - Fitzroy Gardens - board 501,42,real_sensor_board_501,20.04420144817198,0,normal
2014-12-22 20:40:00+00:00,20.6,Fitzroy Gardens,501,57.4,84.6,-37.8148084,144.980999,ENV,REAL_501,Real sensor series - Fitzroy Gardens - board 501,42,real_sensor_board_501,20.155361158537584,0,normal
2014-12-22 20:50:00+00:00,20.6,Fitzroy Gardens,501,56.2,83.6,-37.8148084,144.980999,ENV,REAL_501,Real sensor series - Fitzroy Gardens - board 501,42,real_sensor_board_501,20.324288926830068,0,normal
2014-12-22 21:00:00+00:00,21.0,Fitzroy Gardens,501,56.2,86.8,-37.8148084,144.980999,ENV,REAL_501,Real sensor series - Fitzroy Gardens - board 501,42,real_sensor_board_501,20.459431141464055,0,normal
2014-12-22 21:10:00+00:00,21.0,Fitzroy Gardens,501,55.4,88.3,-37.8148084,144.980999,ENV,REAL_501,Real sensor series - Fitzroy Gardens - board 501,42,real_sensor_board_501,20.567544913171243,0,normal
2014-12-22 21:20:00+00:00,21.3,Fitzroy Gardens,501,54.8,88.2,-37.8148084,144.980999,ENV,REAL_501,Real sensor series - Fitzroy Gardens - board 501,42,real_sensor_board_501,20.714035930536998,0,normal
2014-12-22 21:30:00+00:00,21.6,Fitzroy Gardens,501,51.0,91.2,-37.8148084,144.980999,ENV,REAL_501,Real sensor series - Fitzroy Gardens - board 501,42,real_sensor_board_501,20.8912287444296,0,normal
2014-12-22 21:40:00+00:00,21.9,Fitzroy Gardens,501,51.0,89.1,-37.8148084,144.980999,ENV,REAL_501,Real sensor series - Fitzroy Gardens - board 501,42,real_sensor_board_501,21.03298299554368,0,normal
2014-12-22 21:50:00+00:00,21.6,Fitzroy Gardens,501,49.4,91.8,-37.8148084,144.980999,ENV,REAL_501,Real sensor series - Fitzroy Gardens - board 501,42,real_sensor_board_501,21.206386396434944,1,weak_multivariate_excursion
2014-12-22 22:00:00+00:00,23.5,Fitzroy Gardens,501,48.3,95.0,-37.8148084,144.980999,ENV,REAL_501,Real sensor series - Fitzroy Gardens - board 501,42,real_sensor_board_501,21.605109117147958,1,weak_multivariate_excursion
2014-12-22 22:10:00+00:00,24.2,Fitzroy Gardens,501,45.6,94.7,-37.8148084,144.980999,ENV,REAL_501,Real sensor series - Fitzroy Gardens - board 501,42,real_sensor_board_501,21.92408729371837,1,weak_multivariate_excursion
2014-12-22 22:20:00+00:00,23.5,Fitzroy Gardens,501,44.2,95.1,-37.8148084,144.980999,ENV,REAL_501,Real sensor series - Fitzroy Gardens - board 501,42,real_sensor_board_501,22.239269834974696,0,normal
2014-12-22 22:30:00+00:00,24.8,Fitzroy Gardens,501,43.6,95.0,-37.8148084,144.980999,ENV,REAL_501,Real sensor series - Fitzroy Gardens - board 501,42,real_sensor_board_501,22.491415867979757,0,normal
2014-12-22 22:40:00+00:00,24.2,Fitzroy Gardens,501,43.9,94.6,-37.8148084,144.980999,ENV,REAL_501,Real sensor series - Fitzroy Gardens - board 501,42,real_sensor_board_501,22.693132694383806,0,normal
2014-12-22 22:50:00+00:00,23.9,Fitzroy Gardens,501,44.0,95.1,-37.8148084,144.980999,ENV,REAL_501,Real sensor series - Fitzroy Gardens - board 501,42,real_sensor_board_501,22.854506155507046,0,normal
2014-12-22 23:00:00+00:00,25.5,Fitzroy Gardens,501,43.3,95.8,-37.8148084,144.980999,ENV,REAL_501,Real sensor series - Fitzroy Gardens - board 501,42,real_sensor_board_501,22.983604924405636,0,normal
2014-12-22 23:10:00+00:00,26.8,Fitzroy Gardens,501,40.1,96.4,-37.8148084,144.980999,ENV,REAL_501,Real sensor series - Fitzroy Gardens - board 501,42,real_sensor_board_501,23.16688393952451,1,weak_multivariate_excursion
2014-12-22 23:25:00+00:00,29.4,Fitzroy Gardens,501,37.7,97.2,-37.8148084,144.980999,ENV,REAL_501,Real sensor series - Fitzroy Gardens - board 501,42,real_sensor_board_501,23.31350715161961,1,weak_multivariate_excursion
2014-12-22 23:35:00+00:00,26.5,Fitzroy Gardens,501,39.2,96.1,-37.8148084,144.980999,ENV,REAL_501,Real sensor series - Fitzroy Gardens - board 501,42,real_sensor_board_501,23.43080572129569,1,weak_multivariate_excursion
2014-12-22 23:45:00+00:00,26.1,Fitzroy Gardens,501,39.0,95.7,-37.8148084,144.980999,ENV,REAL_501,Real sensor series - Fitzroy Gardens - board 501,42,real_sensor_board_501,23.584644577036553,1,weak_multivariate_excursion
2014-12-22 23:55:00+00:00,24.8,Fitzroy Gardens,501,45.9,93.9,-37.8148084,144.980999,ENV,REAL_501,Real sensor series - Fitzroy Gardens - board 501,42,real_sensor_board_501,23.707715661629244,0,normal
2014-12-23 00:05:00+00:00,23.2,Fitzroy Gardens,501,48.6,93.5,-37.8148084,144.980999,ENV,REAL_501,Real sensor series - Fitzroy Gardens - board 501,42,real_sensor_board_501,23.806172529303396,0,normal
2014-12-23 00:15:00+00:00,23.9,Fitzroy Gardens,501,47.7,94.5,-37.8148084,144.980999,ENV,REAL_501,Real sensor series - Fitzroy Gardens - board 501,42,real_sensor_board_501,23.884938023442718,0,normal
2014-12-23 00:25:00+00:00,23.5,Fitzroy Gardens,501,47.3,94.6,-37.8148084,144.980999,ENV,REAL_501,Real sensor series - Fitzroy Gardens - board 501,42,real_sensor_board_501,23.947950418754175,0,normal
2014-12-23 00:35:00+00:00,23.2,Fitzroy Gardens,501,47.8,94.9,-37.8148084,144.980999,ENV,REAL_501,Real sensor series - Fitzroy Gardens - board 501,42,real_sensor_board_501,23.99836033500334,0,normal
2014-12-23 00:45:00+00:00,24.2,Fitzroy Gardens,501,46.9,94.6,-37.8148084,144.980999,ENV,REAL_501,Real sensor series - Fitzroy Gardens - board 501,42,real_sensor_board_501,24.038688268002673,0,normal
2014-12-23 00:55:00+00:00,24.5,Fitzroy Gardens,501,45.8,96.2,-37.8148084,144.980999,ENV,REAL_501,Real sensor series - Fitzroy Gardens - board 501,42,real_sensor_board_501,24.07095061440214,0,normal
2014-12-23 01:05:00+00:00,23.5,Fitzroy Gardens,501,46.6,94.1,-37.8148084,144.980999,ENV,REAL_501,Real sensor series - Fitzroy Gardens - board 501,42,real_sensor_board_501,24.096760491521714,0,normal
2014-12-23 01:15:00+00:00,23.9,Fitzroy Gardens,501,48.0,94.1,-37.8148084,144.980999,ENV,REAL_501,Real sensor series - Fitzroy Gardens - board 501,42,real_sensor_board_501,24.11740839321737,0,normal
2014-12-23 01:25:00+00:00,25.2,Fitzroy Gardens,501,45.8,96.5,-37.8148084,144.980999,ENV,REAL_501,Real sensor series - Fitzroy Gardens - board 501,42,real_sensor_board_501,24.1339267145739,0,normal
2014-12-23 01:35:00+00:00,23.2,Fitzroy Gardens,501,47.5,92.6,-37.8148084,144.980999,ENV,REAL_501,Real sensor series - Fitzroy Gardens - board 501,42,real_sensor_board_501,24.14714137165912,1,weak_multivariate_excursion
2014-12-23 01:45:00+00:00,25.2,Fitzroy Gardens,501,45.3,96.3,-37.8148084,144.980999,ENV,REAL_501,Real sensor series - Fitzroy Gardens - board 501,42,real_sensor_board_501,24.0977130973273,1,weak_multivariate_excursion
2014-12-23 01:55:00+00:00,25.2,Fitzroy Gardens,501,45.1,94.5,-37.8148084,144.980999,ENV,REAL_501,Real sensor series - Fitzroy Gardens - board 501,42,real_sensor_board_501,24.058170477861843,1,weak_multivariate_excursion
2014-12-23 02:05:00+00:00,24.5,Fitzroy Gardens,501,45.1,94.2,-37.8148084,144.980999,ENV,REAL_501,Real sensor series - Fitzroy Gardens - board 501,42,real_sensor_board_501,24.02653638228948,0,normal
2014-12-23 02:15:00+00:00,25.2,Fitzroy Gardens,501,43.7,94.0,-37.8148084,144.980999,ENV,REAL_501,Real sensor series - Fitzroy Gardens - board 501,42,real_sensor_board_501,24.001229105831584,0,normal
2014-12-23 02:30:00+00:00,24.5,Fitzroy Gardens,501,42.9,94.0,-37.8148084,144.980999,ENV,REAL_501,Real sensor series - Fitzroy Gardens - board 501,42,real_sensor_board_501,23.90098328466527,0,normal
2014-12-23 02:40:00+00:00,25.5,Fitzroy Gardens,501,42.8,95.3,-37.8148084,144.980999,ENV,REAL_501,Real sensor series - Fitzroy Gardens - board 501,42,real_sensor_board_501,23.820786627732215,0,normal
2014-12-23 02:50:00+00:00,24.2,Fitzroy Gardens,501,43.3,91.4,-37.8148084,144.980999,ENV,REAL_501,Real sensor series - Fitzroy Gardens - board 501,42,real_sensor_board_501,23.75662930218577,0,normal
2014-12-23 03:00:00+00:00,22.6,Fitzroy Gardens,501,47.2,93.3,-37.8148084,144.980999,ENV,REAL_501,Real sensor series - Fitzroy Gardens - board 501,42,real_sensor_board_501,23.64530344174862,0,normal
2014-12-23 03:10:00+00:00,22.9,Fitzroy Gardens,501,51.1,93.4,-37.8148084,144.980999,ENV,REAL_501,Real sensor series - Fitzroy Gardens - board 501,42,real_sensor_board_501,23.556242753398898,0,normal
2014-12-23 03:20:00+00:00,23.2,Fitzroy Gardens,501,49.2,94.5,-37.8148084,144.980999,ENV,REAL_501,Real sensor series - Fitzroy Gardens - board 501,42,real_sensor_board_501,23.48499420271912,0,normal
2014-12-23 03:30:00+00:00,22.9,Fitzroy Gardens,501,49.4,90.3,-37.8148084,144.980999,ENV,REAL_501,Real sensor series - Fitzroy Gardens - board 501,42,real_sensor_board_501,23.367995362175293,0,normal
2014-12-23 03:40:00+00:00,22.3,Fitzroy Gardens,501,51.1,93.4,-37.8148084,144.980999,ENV,REAL_501,Real sensor series - Fitzroy Gardens - board 501,42,real_sensor_board_501,23.27439628974024,0,normal
2014-12-23 03:50:00+00:00,22.6,Fitzroy Gardens,501,52.9,93.5,-37.8148084,144.980999,ENV,REAL_501,Real sensor series - Fitzroy Gardens - board 501,42,real_sensor_board_501,23.19951703179219,0,normal
2014-12-23 04:00:00+00:00,21.6,Fitzroy Gardens,501,55.4,94.9,-37.8148084,144.980999,ENV,REAL_501,Real sensor series - Fitzroy Gardens - board 501,42,real_sensor_board_501,23.07961362543375,0,normal
2014-12-23 04:10:00+00:00,20.3,Fitzroy Gardens,501,61.1,94.6,-37.8148084,144.980999,ENV,REAL_501,Real sensor series - Fitzroy Gardens - board 501,42,real_sensor_board_501,22.983690900347,0,normal
2014-12-23 04:20:00+00:00,21.9,Fitzroy Gardens,501,56.8,95.9,-37.8148084,144.980999,ENV,REAL_501,Real sensor series - Fitzroy Gardens - board 501,42,real_sensor_board_501,22.9069527202776,0,normal
2014-12-23 04:30:00+00:00,22.3,Fitzroy Gardens,501,54.0,95.8,-37.8148084,144.980999,ENV,REAL_501,Real sensor series - Fitzroy Gardens - board 501,42,real_sensor_board_501,22.785562176222083,1,weak_multivariate_excursion
2014-12-23 04:40:00+00:00,25.2,Fitzroy Gardens,501,49.1,97.7,-37.8148084,144.980999,ENV,REAL_501,Real sensor series - Fitzroy Gardens - board 501,42,real_sensor_board_501,22.688449740977667,1,weak_multivariate_excursion
2014-12-23 04:50:00+00:00,23.9,Fitzroy Gardens,501,52.1,97.7,-37.8148084,144.980999,ENV,REAL_501,Real sensor series - Fitzroy Gardens - board 501,42,real_sensor_board_501,22.530759792782135,1,weak_multivariate_excursion
2014-12-23 05:00:00+00:00,22.6,Fitzroy Gardens,501,53.0,96.1,-37.8148084,144.980999,ENV,REAL_501,Real sensor series - Fitzroy Gardens - board 501,42,real_sensor_board_501,22.34460783422571,0,normal
2014-12-23 05:10:00+00:00,22.9,Fitzroy Gardens,501,52.4,96.2,-37.8148084,144.980999,ENV,REAL_501,Real sensor series - Fitzroy Gardens - board 501,42,real_sensor_board_501,22.19568626738057,0,normal
2014-12-23 05:20:00+00:00,21.6,Fitzroy Gardens,501,52.2,95.5,-37.8148084,144.980999,ENV,REAL_501,Real sensor series - Fitzroy Gardens - board 501,42,real_sensor_board_501,22.01654901390446,0,normal
2014-12-23 05:30:00+00:00,21.3,Fitzroy Gardens,501,55.1,93.9,-37.8148084,144.980999,ENV,REAL_501,Real sensor series - Fitzroy Gardens - board 501,42,real_sensor_board_501,21.673239211123565,0,normal
2014-12-23 05:45:00+00:00,20.0,Fitzroy Gardens,501,57.1,93.6,-37.8148084,144.980999,ENV,REAL_501,Real sensor series - Fitzroy Gardens - board 501,42,real_sensor_board_501,21.338591368898854,0,normal
2014-12-23 05:55:00+00:00,19.7,Fitzroy Gardens,501,57.1,93.6,-37.8148084,144.980999,ENV,REAL_501,Real sensor series - Fitzroy Gardens - board 501,42,real_sensor_board_501,21.010873095119084,0,normal
2014-12-23 06:05:00+00:00,18.7,Fitzroy Gardens,501,56.8,91.8,-37.8148084,144.980999,ENV,REAL_501,Real sensor series - Fitzroy Gardens - board 501,42,real_sensor_board_501,20.548698476095268,0,normal
2014-12-23 06:15:00+00:00,18.4,Fitzroy Gardens,501,56.8,92.6,-37.8148084,144.980999,ENV,REAL_501,Real sensor series - Fitzroy Gardens - board 501,42,real_sensor_board_501,20.118958780876216,0,normal
2014-12-23 06:25:00+00:00,18.4,Fitzroy Gardens,501,56.8,88.4,-37.8148084,144.980999,ENV,REAL_501,Real sensor series - Fitzroy Gardens - board 501,42,real_sensor_board_501,19.775167024700973,0,normal
2014-12-23 06:35:00+00:00,17.7,Fitzroy Gardens,501,57.6,84.7,-37.8148084,144.980999,ENV,REAL_501,Real sensor series - Fitzroy Gardens - board 501,42,real_sensor_board_501,19.36013361976078,0,normal
2014-12-23 06:45:00+00:00,17.4,Fitzroy Gardens,501,57.1,81.8,-37.8148084,144.980999,ENV,REAL_501,Real sensor series - Fitzroy Gardens - board 501,42,real_sensor_board_501,19.028106895808627,0,normal
2014-12-23 06:55:00+00:00,17.7,Fitzroy Gardens,501,55.7,86.1,-37.8148084,144.980999,ENV,REAL_501,Real sensor series - Fitzroy Gardens - board 501,42,real_sensor_board_501,18.7624855166469,0,normal
2014-12-23 07:05:00+00:00,17.7,Fitzroy Gardens,501,55.9,89.7,-37.8148084,144.980999,ENV,REAL_501,Real sensor series - Fitzroy Gardens - board 501,42,real_sensor_board_501,18.54998841331752,0,normal
2014-12-23 07:15:00+00:00,17.7,Fitzroy Gardens,501,55.5,89.1,-37.8148084,144.980999,ENV,REAL_501,Real sensor series - Fitzroy Gardens - board 501,42,real_sensor_board_501,18.37999073065402,0,normal
2014-12-23 07:25:00+00:00,17.7,Fitzroy Gardens,501,54.3,89.8,-37.8148084,144.980999,ENV,REAL_501,Real sensor series - Fitzroy Gardens - board 501,42,real_sensor_board_501,18.183992584523214,0,normal
2014-12-23 07:35:00+00:00,17.1,Fitzroy Gardens,501,55.1,88.1,-37.8148084,144.980999,ENV,REAL_501,Real sensor series - Fitzroy Gardens - board 501,42,real_sensor_board_501,17.96719406761857,0,normal
2014-12-23 07:45:00+00:00,17.1,Fitzroy Gardens,501,55.9,85.6,-37.8148084,144.980999,ENV,REAL_501,Real sensor series - Fitzroy Gardens - board 501,42,real_sensor_board_501,17.793755254094858,0,normal
2014-12-23 07:55:00+00:00,17.1,Fitzroy Gardens,501,56.5,82.3,-37.8148084,144.980999,ENV,REAL_501,Real sensor series - Fitzroy Gardens - board 501,42,real_sensor_board_501,17.655004203275887,0,normal
2014-12-23 08:05:00+00:00,17.1,Fitzroy Gardens,501,55.4,80.5,-37.8148084,144.980999,ENV,REAL_501,Real sensor series - Fitzroy Gardens - board 501,42,real_sensor_board_501,17.54400336262071,1,weak_multivariate_excursion
2014-12-23 08:15:00+00:00,16.8,Fitzroy Gardens,501,54.9,66.7,-37.8148084,144.980999,ENV,REAL_501,Real sensor series - Fitzroy Gardens - board 501,42,real_sensor_board_501,17.395202690096568,1,weak_multivariate_excursion
2014-12-23 08:25:00+00:00,16.8,Fitzroy Gardens,501,55.4,62.4,-37.8148084,144.980999,ENV,REAL_501,Real sensor series - Fitzroy Gardens - board 501,42,real_sensor_board_501,17.276162152077255,1,weak_multivariate_excursion
2014-12-23 08:35:00+00:00,16.8,Fitzroy Gardens,501,54.1,65.1,-37.8148084,144.980999,ENV,REAL_501,Real sensor series - Fitzroy Gardens - board 501,42,real_sensor_board_501,17.180929721661805,1,weak_multivariate_excursion
2014-12-23 08:45:00+00:00,16.8,Fitzroy Gardens,501,55.4,51.1,-37.8148084,144.980999,ENV,REAL_501,Real sensor series - Fitzroy Gardens - board 501,42,real_sensor_board_501,17.104743777329446,1,weak_multivariate_excursion
2014-12-23 09:00:00+00:00,16.5,Fitzroy Gardens,501,56.5,36.8,-37.8148084,144.980999,ENV,REAL_501,Real sensor series - Fitzroy Gardens - board 501,42,real_sensor_board_501,16.983795021863557,1,weak_multivariate_excursion
2014-12-23 09:10:00+00:00,16.5,Fitzroy Gardens,501,55.7,45.7,-37.8148084,144.980999,ENV,REAL_501,Real sensor series - Fitzroy Gardens - board 501,42,real_sensor_board_501,16.887036017490846,1,weak_multivariate_excursion
2014-12-23 09:20:00+00:00,16.5,Fitzroy Gardens,501,54.8,35.8,-37.8148084,144.980999,ENV,REAL_501,Real sensor series - Fitzroy Gardens - board 501,42,real_sensor_board_501,16.809628813992678,1,weak_multivariate_excursion
2014-12-23 09:30:00+00:00,16.5,Fitzroy Gardens,501,53.8,34.6,-37.8148084,144.980999,ENV,REAL_501,Real sensor series - Fitzroy Gardens - board 501,42,real_sensor_board_501,16.747703051194144,1,weak_multivariate_excursion
2014-12-23 09:40:00+00:00,16.1,Fitzroy Gardens,501,52.9,21.8,-37.8148084,144.980999,ENV,REAL_501,Real sensor series - Fitzroy Gardens - board 501,42,real_sensor_board_501,16.618162440955317,1,weak_multivariate_excursion
2014-12-23 09:50:00+00:00,16.1,Fitzroy Gardens,501,52.4,11.8,-37.8148084,144.980999,ENV,REAL_501,Real sensor series - Fitzroy Gardens - board 501,42,real_sensor_board_501,16.514529952764256,1,weak_multivariate_excursion
2014-12-23 10:00:00+00:00,16.1,Fitzroy Gardens,501,52.1,3.1,-37.8148084,144.980999,ENV,REAL_501,Real sensor series - Fitzroy Gardens - board 501,42,real_sensor_board_501,16.431623962211404,1,weak_multivariate_excursion
2014-12-23 10:10:00+00:00,16.1,Fitzroy Gardens,501,52.4,1.5,-37.8148084,144.980999,ENV,REAL_501,Real sensor series - Fitzroy Gardens - board 501,42,real_sensor_board_501,16.365299169769123,1,weak_multivariate_excursion
2014-12-23 10:20:00+00:00,15.8,Fitzroy Gardens,501,52.7,1.3,-37.8148084,144.980999,ENV,REAL_501,Real sensor series - Fitzroy Gardens - board 501,42,real_sensor_board_501,16.2522393358153,0,normal
2014-12-23 10:30:00+00:00,15.8,Fitzroy Gardens,501,53.2,1.1,-37.8148084,144.980999,ENV,REAL_501,Real sensor series - Fitzroy Gardens - board 501,42,real_sensor_board_501,16.16179146865224,0,normal
2014-12-23 10:40:00+00:00,15.8,Fitzroy Gardens,501,52.4,1.0,-37.8148084,144.980999,ENV,REAL_501,Real sensor series - Fitzroy Gardens - board 501,42,real_sensor_board_501,16.089433174921794,0,normal
2014-12-23 10:50:00+00:00,15.8,Fitzroy Gardens,501,52.1,1.2,-37.8148084,144.980999,ENV,REAL_501,Real sensor series - Fitzroy Gardens - board 501,42,real_sensor_board_501,16.031546539937438,0,normal
2014-12-23 11:00:00+00:00,15.8,Fitzroy Gardens,501,51.4,1.3,-37.8148084,144.980999,ENV,REAL_501,Real sensor series - Fitzroy Gardens - board 501,42,real_sensor_board_501,15.98523723194995,0,normal
2014-12-23 11:10:00+00:00,15.8,Fitzroy Gardens,501,51.3,0.3,-37.8148084,144.980999,ENV,REAL_501,Real sensor series - Fitzroy Gardens - board 501,42,real_sensor_board_501,15.948189785559961,0,normal
2014-12-23 11:20:00+00:00,15.8,Fitzroy Gardens,501,51.3,1.2,-37.8148084,144.980999,ENV,REAL_501,Real sensor series - Fitzroy Gardens - board 501,42,real_sensor_board_501,15.91855182844797,0,normal
2014-12-23 11:30:00+00:00,15.8,Fitzroy Gardens,501,50.3,1.3,-37.8148084,144.980999,ENV,REAL_501,Real sensor series - Fitzroy Gardens - board 501,42,real_sensor_board_501,15.894841462758377,0,normal
2014-12-23 11:40:00+00:00,15.5,Fitzroy Gardens,501,50.3,1.2,-37.8148084,144.980999,ENV,REAL_501,Real sensor series - Fitzroy Gardens - board 501,42,real_sensor_board_501,15.815873170206702,0,normal
2014-12-23 11:50:00+00:00,15.5,Fitzroy Gardens,501,51.0,1.2,-37.8148084,144.980999,ENV,REAL_501,Real sensor series - Fitzroy Gardens - board 501,42,real_sensor_board_501,15.752698536165362,0,normal
2014-12-23 12:00:00+00:00,15.5,Fitzroy Gardens,501,49.6,1.1,-37.8148084,144.980999,ENV,REAL_501,Real sensor series - Fitzroy Gardens - board 501,42,real_sensor_board_501,15.702158828932289,0,normal
2014-12-23 12:15:00+00:00,15.5,Fitzroy Gardens,501,48.5,1.0,-37.8148084,144.980999,ENV,REAL_501,Real sensor series - Fitzroy Gardens - board 501,42,real_sensor_board_501,15.66172706314583,0,normal
2014-12-23 12:25:00+00:00,15.2,Fitzroy Gardens,501,48.3,1.1,-37.8148084,144.980999,ENV,REAL_501,Real sensor series - Fitzroy Gardens - board 501,42,real_sensor_board_501,15.629381650516665,0,normal
2014-12-23 12:35:00+00:00,15.2,Fitzroy Gardens,501,48.1,1.0,-37.8148084,144.980999,ENV,REAL_501,Real sensor series - Fitzroy Gardens - board 501,42,real_sensor_board_501,15.543505320413331,0,normal
2014-12-23 12:45:00+00:00,15.5,Fitzroy Gardens,501,48.3,1.1,-37.8148084,144.980999,ENV,REAL_501,Real sensor series - Fitzroy Gardens - board 501,42,real_sensor_board_501,15.474804256330664,0,normal
2014-12-23 12:55:00+00:00,15.2,Fitzroy Gardens,501,49.4,1.1,-37.8148084,144.980999,ENV,REAL_501,Real sensor series - Fitzroy Gardens - board 501,42,real_sensor_board_501,15.419843405064533,0,normal
2014-12-23 13:05:00+00:00,15.2,Fitzroy Gardens,501,45.5,1.0,-37.8148084,144.980999,ENV,REAL_501,Real sensor series - Fitzroy Gardens - board 501,42,real_sensor_board_501,15.375874724051627,0,normal
2014-12-23 13:15:00+00:00,15.2,Fitzroy Gardens,501,44.2,1.1,-37.8148084,144.980999,ENV,REAL_501,Real sensor series - Fitzroy Gardens - board 501,42,real_sensor_board_501,15.340699779241302,0,normal
2014-12-23 13:25:00+00:00,15.2,Fitzroy Gardens,501,44.7,1.1,-37.8148084,144.980999,ENV,REAL_501,Real sensor series - Fitzroy Gardens - board 501,42,real_sensor_board_501,15.312559823393041,0,normal
2014-12-23 13:35:00+00:00,15.2,Fitzroy Gardens,501,44.7,1.1,-37.8148084,144.980999,ENV,REAL_501,Real sensor series - Fitzroy Gardens - board 501,42,real_sensor_board_501,15.290047858714434,0,normal
2014-12-23 13:45:00+00:00,15.2,Fitzroy Gardens,501,45.0,1.1,-37.8148084,144.980999,ENV,REAL_501,Real sensor series - Fitzroy Gardens - board 501,42,real_sensor_board_501,15.272038286971547,0,normal
2014-12-23 13:55:00+00:00,15.2,Fitzroy Gardens,501,46.2,1.0,-37.8148084,144.980999,ENV,REAL_501,Real sensor series - Fitzroy Gardens - board 501,42,real_sensor_board_501,15.257630629577239,0,normal
2014-12-23 14:05:00+00:00,15.2,Fitzroy Gardens,501,46.2,1.0,-37.8148084,144.980999,ENV,REAL_501,Real sensor series - Fitzroy Gardens - board 501,42,real_sensor_board_501,15.24610450366179,0,normal
2014-12-23 14:15:00+00:00,14.8,Fitzroy Gardens,501,46.2,1.0,-37.8148084,144.980999,ENV,REAL_501,Real sensor series - Fitzroy Gardens - board 501,42,real_sensor_board_501,15.156883602929433,0,normal
2014-12-23 14:25:00+00:00,14.5,Fitzroy Gardens,501,46.9,1.0,-37.8148084,144.980999,ENV,REAL_501,Real sensor series - Fitzroy Gardens - board 501,42,real_sensor_board_501,15.025506882343548,0,normal
2014-12-23 14:35:00+00:00,14.2,Fitzroy Gardens,501,46.7,0.9,-37.8148084,144.980999,ENV,REAL_501,Real sensor series - Fitzroy Gardens - board 501,42,real_sensor_board_501,14.92040550587484,0,normal
2014-12-23 14:45:00+00:00,14.2,Fitzroy Gardens,501,47.3,1.0,-37.8148084,144.980999,ENV,REAL_501,Real sensor series - Fitzroy Gardens - board 501,42,real_sensor_board_501,14.836324404699873,0,normal
2014-12-23 14:55:00+00:00,14.2,Fitzroy Gardens,501,47.3,1.0,-37.8148084,144.980999,ENV,REAL_501,Real sensor series - Fitzroy Gardens - board 501,42,real_sensor_board_501,14.7090595237599,0,normal
2014-12-23 15:05:00+00:00,14.2,Fitzroy Gardens,501,47.8,1.0,-37.8148084,144.980999,ENV,REAL_501,Real sensor series - Fitzroy Gardens - board 501,42,real_sensor_board_501,14.60724761900792,0,normal
2014-12-23 15:20:00+00:00,14.2,Fitzroy Gardens,501,47.5,1.1,-37.8148084,144.980999,ENV,REAL_501,Real sensor series - Fitzroy Gardens - board 501,42,real_sensor_board_501,14.525798095206337,0,normal
2014-12-23 15:30:00+00:00,14.5,Fitzroy Gardens,501,47.7,1.1,-37.8148084,144.980999,ENV,REAL_501,Real sensor series - Fitzroy Gardens - board 501,42,real_sensor_board_501,14.46063847616507,0,normal
2014-12-23 15:40:00+00:00,14.2,Fitzroy Gardens,501,48.6,1.0,-37.8148084,144.980999,ENV,REAL_501,Real sensor series - Fitzroy Gardens - board 501,42,real_sensor_board_501,14.408510780932057,0,normal
2014-12-23 15:50:00+00:00,14.5,Fitzroy Gardens,501,48.1,1.0,-37.8148084,144.980999,ENV,REAL_501,Real sensor series - Fitzroy Gardens - board 501,42,real_sensor_board_501,14.366808624745646,0,normal
2014-12-23 16:00:00+00:00,14.2,Fitzroy Gardens,501,48.9,1.0,-37.8148084,144.980999,ENV,REAL_501,Real sensor series - Fitzroy Gardens - board 501,42,real_sensor_board_501,14.333446899796517,0,normal
2014-12-23 16:10:00+00:00,13.9,Fitzroy Gardens,501,49.7,1.1,-37.8148084,144.980999,ENV,REAL_501,Real sensor series - Fitzroy Gardens - board 501,42,real_sensor_board_501,14.246757519837214,0,normal
2014-12-23 16:20:00+00:00,13.9,Fitzroy Gardens,501,49.4,1.1,-37.8148084,144.980999,ENV,REAL_501,Real sensor series - Fitzroy Gardens - board 501,42,real_sensor_board_501,14.17740601586977,0,normal
2014-12-23 16:30:00+00:00,13.9,Fitzroy Gardens,501,49.7,1.0,-37.8148084,144.980999,ENV,REAL_501,Real sensor series - Fitzroy Gardens - board 501,42,real_sensor_board_501,14.121924812695816,0,normal
2014-12-23 16:40:00+00:00,13.5,Fitzroy Gardens,501,50.2,1.0,-37.8148084,144.980999,ENV,REAL_501,Real sensor series - Fitzroy Gardens - board 501,42,real_sensor_board_501,14.077539850156654,0,normal
2014-12-23 16:50:00+00:00,13.2,Fitzroy Gardens,501,51.8,1.2,-37.8148084,144.980999,ENV,REAL_501,Real sensor series - Fitzroy Gardens - board 501,42,real_sensor_board_501,14.042031880125325,0,normal
2014-12-23 17:00:00+00:00,13.5,Fitzroy Gardens,501,50.8,1.2,-37.8148084,144.980999,ENV,REAL_501,Real sensor series - Fitzroy Gardens - board 501,42,real_sensor_board_501,14.013625504100261,0,normal
2014-12-23 17:10:00+00:00,13.9,Fitzroy Gardens,501,50.5,1.2,-37.8148084,144.980999,ENV,REAL_501,Real sensor series - Fitzroy Gardens - board 501,42,real_sensor_board_501,13.990900403280211,0,normal
2014-12-23 17:20:00+00:00,13.5,Fitzroy Gardens,501,51.9,1.0,-37.8148084,144.980999,ENV,REAL_501,Real sensor series - Fitzroy Gardens - board 501,42,real_sensor_board_501,13.97272032262417,0,normal
2014-12-23 17:30:00+00:00,13.2,Fitzroy Gardens,501,56.3,1.0,-37.8148084,144.980999,ENV,REAL_501,Real sensor series - Fitzroy Gardens - board 501,42,real_sensor_board_501,13.958176258099336,0,normal
2014-12-23 17:40:00+00:00,12.9,Fitzroy Gardens,501,60.1,1.0,-37.8148084,144.980999,ENV,REAL_501,Real sensor series - Fitzroy Gardens - board 501,42,real_sensor_board_501,13.946541006479471,0,normal
2014-12-23 17:50:00+00:00,12.6,Fitzroy Gardens,501,61.2,1.0,-37.8148084,144.980999,ENV,REAL_501,Real sensor series - Fitzroy Gardens - board 501,42,real_sensor_board_501,13.937232805183577,0,normal
2014-12-23 18:00:00+00:00,12.6,Fitzroy Gardens,501,62.2,1.0,-37.8148084,144.980999,ENV,REAL_501,Real sensor series - Fitzroy Gardens - board 501,42,real_sensor_board_501,13.929786244146861,0,normal
2014-12-23 18:10:00+00:00,12.6,Fitzroy Gardens,501,61.5,1.0,-37.8148084,144.980999,ENV,REAL_501,Real sensor series - Fitzroy Gardens - board 501,42,real_sensor_board_501,13.92382899531749,0,normal
2014-12-23 18:20:00+00:00,12.6,Fitzroy Gardens,501,62.6,1.5,-37.8148084,144.980999,ENV,REAL_501,Real sensor series - Fitzroy Gardens - board 501,42,real_sensor_board_501,13.919063196253994,0,normal
2014-12-23 18:35:00+00:00,12.9,Fitzroy Gardens,501,61.9,5.0,-37.8148084,144.980999,ENV,REAL_501,Real sensor series - Fitzroy Gardens - board 501,42,real_sensor_board_501,13.915250557003198,1,weak_multivariate_excursion
2014-12-23 18:45:00+00:00,12.6,Fitzroy Gardens,501,61.4,21.3,-37.8148084,144.980999,ENV,REAL_501,Real sensor series - Fitzroy Gardens - board 501,42,real_sensor_board_501,13.912200445602558,1,weak_multivariate_excursion
2014-12-23 18:55:00+00:00,12.6,Fitzroy Gardens,501,62.0,44.1,-37.8148084,144.980999,ENV,REAL_501,Real sensor series - Fitzroy Gardens - board 501,42,real_sensor_board_501,13.909760356482046,1,weak_multivariate_excursion
2014-12-23 19:05:00+00:00,12.6,Fitzroy Gardens,501,61.2,65.6,-37.8148084,144.980999,ENV,REAL_501,Real sensor series - Fitzroy Gardens - board 501,42,real_sensor_board_501,13.907808285185638,1,weak_multivariate_excursion
2015-01-05 02:55:00+00:00,22.6,Fitzroy Gardens,501,39.0,97.1,-37.8148084,144.980999,ENV,REAL_501,Real sensor series - Fitzroy Gardens - board 501,42,real_sensor_board_501,15.586246628148512,1,weak_multivariate_excursion
2015-01-05 03:05:00+00:00,22.3,Fitzroy Gardens,501,41.8,97.4,-37.8148084,144.980999,ENV,REAL_501,Real sensor series - Fitzroy Gardens - board 501,42,real_sensor_board_501,16.98899730251881,1,weak_multivariate_excursion
2015-01-05 03:15:00+00:00,22.9,Fitzroy Gardens,501,39.5,97.4,-37.8148084,144.980999,ENV,REAL_501,Real sensor series - Fitzroy Gardens - board 501,42,real_sensor_board_501,18.171197842015047,0,normal
2015-01-05 03:25:00+00:00,23.2,Fitzroy Gardens,501,36.5,97.4,-37.8148084,144.980999,ENV,REAL_501,Real sensor series - Fitzroy Gardens - board 501,42,real_sensor_board_501,19.176958273612037,0,normal
2015-01-05 03:35:00+00:00,23.2,Fitzroy Gardens,501,36.0,97.3,-37.8148084,144.980999,ENV,REAL_501,Real sensor series - Fitzroy Gardens - board 501,42,real_sensor_board_501,19.98156661888963,0,normal
2015-01-05 03:45:00+00:00,23.9,Fitzroy Gardens,501,34.3,97.3,-37.8148084,144.980999,ENV,REAL_501,Real sensor series - Fitzroy Gardens - board 501,42,real_sensor_board_501,20.625253295111705,0,normal
2015-01-05 03:55:00+00:00,23.5,Fitzroy Gardens,501,33.3,97.2,-37.8148084,144.980999,ENV,REAL_501,Real sensor series - Fitzroy Gardens - board 501,42,real_sensor_board_501,21.140202636089366,0,normal
2015-01-05 04:05:00+00:00,25.2,Fitzroy Gardens,501,32.4,97.4,-37.8148084,144.980999,ENV,REAL_501,Real sensor series - Fitzroy Gardens - board 501,42,real_sensor_board_501,21.552162108871496,0,normal
2015-01-05 04:15:00+00:00,24.2,Fitzroy Gardens,501,34.7,97.4,-37.8148084,144.980999,ENV,REAL_501,Real sensor series - Fitzroy Gardens - board 501,42,real_sensor_board_501,21.8817296870972,0,normal
2015-01-05 04:25:00+00:00,24.8,Fitzroy Gardens,501,36.0,97.4,-37.8148084,144.980999,ENV,REAL_501,Real sensor series - Fitzroy Gardens - board 501,42,real_sensor_board_501,22.14538374967776,0,normal
2015-01-05 04:35:00+00:00,23.2,Fitzroy Gardens,501,35.1,96.6,-37.8148084,144.980999,ENV,REAL_501,Real sensor series - Fitzroy Gardens - board 501,42,real_sensor_board_501,22.35630699974221,0,normal
2015-01-05 04:45:00+00:00,24.8,Fitzroy Gardens,501,35.7,97.6,-37.8148084,144.980999,ENV,REAL_501,Real sensor series - Fitzroy Gardens - board 501,42,real_sensor_board_501,22.525045599793767,0,normal
2015-01-05 05:00:00+00:00,24.5,Fitzroy Gardens,501,33.0,97.4,-37.8148084,144.980999,ENV,REAL_501,Real sensor series - Fitzroy Gardens - board 501,42,real_sensor_board_501,22.660036479835014,0,normal
2015-01-05 05:10:00+00:00,24.5,Fitzroy Gardens,501,32.5,97.2,-37.8148084,144.980999,ENV,REAL_501,Real sensor series - Fitzroy Gardens - board 501,42,real_sensor_board_501,22.768029183868013,0,normal
2015-01-05 05:20:00+00:00,25.8,Fitzroy Gardens,501,33.5,97.5,-37.8148084,144.980999,ENV,REAL_501,Real sensor series - Fitzroy Gardens - board 501,42,real_sensor_board_501,22.85442334709441,0,normal
2015-01-05 05:30:00+00:00,25.8,Fitzroy Gardens,501,33.5,97.6,-37.8148084,144.980999,ENV,REAL_501,Real sensor series - Fitzroy Gardens - board 501,42,real_sensor_board_501,22.92353867767553,0,normal
2015-01-05 05:40:00+00:00,24.2,Fitzroy Gardens,501,34.4,97.3,-37.8148084,144.980999,ENV,REAL_501,Real sensor series - Fitzroy Gardens - board 501,42,real_sensor_board_501,22.978830942140426,0,normal
2015-01-05 05:50:00+00:00,25.5,Fitzroy Gardens,501,31.6,97.6,-37.8148084,144.980999,ENV,REAL_501,Real sensor series - Fitzroy Gardens - board 501,42,real_sensor_board_501,23.023064753712344,0,normal
2015-01-05 06:00:00+00:00,25.2,Fitzroy Gardens,501,34.4,97.6,-37.8148084,144.980999,ENV,REAL_501,Real sensor series - Fitzroy Gardens - board 501,42,real_sensor_board_501,23.058451802969877,0,normal
2015-01-05 06:10:00+00:00,24.5,Fitzroy Gardens,501,38.5,96.6,-37.8148084,144.980999,ENV,REAL_501,Real sensor series - Fitzroy Gardens - board 501,42,real_sensor_board_501,23.086761442375902,0,normal
2015-01-05 06:20:00+00:00,22.3,Fitzroy Gardens,501,41.8,96.4,-37.8148084,144.980999,ENV,REAL_501,Real sensor series - Fitzroy Gardens - board 501,42,real_sensor_board_501,22.929409153900725,0,normal
2015-01-05 06:30:00+00:00,21.9,Fitzroy Gardens,501,34.9,96.4,-37.8148084,144.980999,ENV,REAL_501,Real sensor series - Fitzroy Gardens - board 501,42,real_sensor_board_501,22.723527323120578,0,normal
2015-01-05 06:40:00+00:00,21.9,Fitzroy Gardens,501,34.9,96.4,-37.8148084,144.980999,ENV,REAL_501,Real sensor series - Fitzroy Gardens - board 501,42,real_sensor_board_501,22.55882185849646,0,normal
2015-01-05 06:50:00+00:00,21.3,Fitzroy Gardens,501,33.2,96.4,-37.8148084,144.980999,ENV,REAL_501,Real sensor series - Fitzroy Gardens - board 501,42,real_sensor_board_501,22.427057486797167,0,normal
2015-01-05 07:00:00+00:00,21.9,Fitzroy Gardens,501,39.2,97.8,-37.8148084,144.980999,ENV,REAL_501,Real sensor series - Fitzroy Gardens - board 501,42,real_sensor_board_501,22.321645989437734,0,normal
2015-01-05 07:10:00+00:00,21.9,Fitzroy Gardens,501,32.1,97.7,-37.8148084,144.980999,ENV,REAL_501,Real sensor series - Fitzroy Gardens - board 501,42,real_sensor_board_501,22.237316791550185,0,normal
2015-01-05 07:20:00+00:00,21.6,Fitzroy Gardens,501,29.7,97.8,-37.8148084,144.980999,ENV,REAL_501,Real sensor series - Fitzroy Gardens - board 501,42,real_sensor_board_501,22.10985343324015,0,normal
2015-01-05 07:30:00+00:00,21.9,Fitzroy Gardens,501,30.3,97.1,-37.8148084,144.980999,ENV,REAL_501,Real sensor series - Fitzroy Gardens - board 501,42,real_sensor_board_501,21.94788274659212,0,normal
2015-01-05 07:40:00+00:00,21.0,Fitzroy Gardens,501,28.7,97.5,-37.8148084,144.980999,ENV,REAL_501,Real sensor series - Fitzroy Gardens - board 501,42,real_sensor_board_501,21.758306197273697,0,normal
2015-01-05 07:50:00+00:00,20.0,Fitzroy Gardens,501,36.9,95.3,-37.8148084,144.980999,ENV,REAL_501,Real sensor series - Fitzroy Gardens - board 501,42,real_sensor_board_501,21.40664495781896,0,normal
2015-01-05 08:00:00+00:00,20.0,Fitzroy Gardens,501,35.4,93.7,-37.8148084,144.980999,ENV,REAL_501,Real sensor series - Fitzroy Gardens - board 501,42,real_sensor_board_501,21.12531596625517,0,normal
2015-01-05 08:15:00+00:00,19.7,Fitzroy Gardens,501,36.8,94.3,-37.8148084,144.980999,ENV,REAL_501,Real sensor series - Fitzroy Gardens - board 501,42,real_sensor_board_501,20.84025277300414,0,normal
2015-01-05 08:25:00+00:00,19.7,Fitzroy Gardens,501,36.5,94.1,-37.8148084,144.980999,ENV,REAL_501,Real sensor series - Fitzroy Gardens - board 501,42,real_sensor_board_501,20.61220221840331,0,normal
2015-01-05 08:35:00+00:00,19.4,Fitzroy Gardens,501,39.6,92.7,-37.8148084,144.980999,ENV,REAL_501,Real sensor series - Fitzroy Gardens - board 501,42,real_sensor_board_501,20.369761774722647,0,normal
2015-01-05 08:45:00+00:00,18.4,Fitzroy Gardens,501,42.8,90.6,-37.8148084,144.980999,ENV,REAL_501,Real sensor series - Fitzroy Gardens - board 501,42,real_sensor_board_501,19.97580941977812,0,normal
2015-01-05 08:55:00+00:00,18.1,Fitzroy Gardens,501,42.0,89.2,-37.8148084,144.980999,ENV,REAL_501,Real sensor series - Fitzroy Gardens - board 501,42,real_sensor_board_501,19.600647535822496,0,normal
2015-01-05 09:05:00+00:00,17.7,Fitzroy Gardens,501,43.6,87.1,-37.8148084,144.980999,ENV,REAL_501,Real sensor series - Fitzroy Gardens - board 501,42,real_sensor_board_501,19.220518028658,0,normal
2015-01-05 09:15:00+00:00,17.4,Fitzroy Gardens,501,45.1,83.6,-37.8148084,144.980999,ENV,REAL_501,Real sensor series - Fitzroy Gardens - board 501,42,real_sensor_board_501,18.8564144229264,0,normal
2015-01-05 09:25:00+00:00,17.1,Fitzroy Gardens,501,42.8,78.3,-37.8148084,144.980999,ENV,REAL_501,Real sensor series - Fitzroy Gardens - board 501,42,real_sensor_board_501,18.50513153834112,1,weak_multivariate_excursion
2015-01-05 09:35:00+00:00,17.1,Fitzroy Gardens,501,41.0,66.2,-37.8148084,144.980999,ENV,REAL_501,Real sensor series - Fitzroy Gardens - board 501,42,real_sensor_board_501,18.224105230672897,1,weak_multivariate_excursion
2015-01-05 09:45:00+00:00,16.8,Fitzroy Gardens,501,44.5,46.6,-37.8148084,144.980999,ENV,REAL_501,Real sensor series - Fitzroy Gardens - board 501,42,real_sensor_board_501,17.93928418453832,1,weak_multivariate_excursion
2015-01-05 09:55:00+00:00,16.8,Fitzroy Gardens,501,44.8,25.9,-37.8148084,144.980999,ENV,REAL_501,Real sensor series - Fitzroy Gardens - board 501,42,real_sensor_board_501,17.711427347630657,1,weak_multivariate_excursion
2015-01-05 10:05:00+00:00,16.5,Fitzroy Gardens,501,46.2,6.7,-37.8148084,144.980999,ENV,REAL_501,Real sensor series - Fitzroy Gardens - board 501,42,real_sensor_board_501,17.529141878104525,1,weak_multivariate_excursion
2015-01-05 10:15:00+00:00,16.5,Fitzroy Gardens,501,46.6,2.0,-37.8148084,144.980999,ENV,REAL_501,Real sensor series - Fitzroy Gardens - board 501,42,real_sensor_board_501,17.38331350248362,1,weak_multivariate_excursion
2015-01-05 10:25:00+00:00,16.5,Fitzroy Gardens,501,47.0,1.2,-37.8148084,144.980999,ENV,REAL_501,Real sensor series - Fitzroy Gardens - board 501,42,real_sensor_board_501,17.2666508019869,0,normal
2015-01-05 10:35:00+00:00,16.5,Fitzroy Gardens,501,47.5,1.0,-37.8148084,144.980999,ENV,REAL_501,Real sensor series - Fitzroy Gardens - board 501,42,real_sensor_board_501,17.17332064158952,0,normal
2015-01-05 10:45:00+00:00,16.1,Fitzroy Gardens,501,48.0,1.0,-37.8148084,144.980999,ENV,REAL_501,Real sensor series - Fitzroy Gardens - board 501,42,real_sensor_board_501,17.098656513271617,0,normal
2015-01-05 10:55:00+00:00,16.1,Fitzroy Gardens,501,50.2,0.9,-37.8148084,144.980999,ENV,REAL_501,Real sensor series - Fitzroy Gardens - board 501,42,real_sensor_board_501,16.978925210617295,0,normal
2015-01-05 11:05:00+00:00,16.1,Fitzroy Gardens,501,53.0,0.9,-37.8148084,144.980999,ENV,REAL_501,Real sensor series - Fitzroy Gardens - board 501,42,real_sensor_board_501,16.883140168493835,0,normal
2015-01-05 11:20:00+00:00,15.8,Fitzroy Gardens,501,54.4,0.0,-37.8148084,144.980999,ENV,REAL_501,Real sensor series - Fitzroy Gardens - board 501,42,real_sensor_board_501,16.806512134795067,0,normal
2015-01-05 11:30:00+00:00,16.1,Fitzroy Gardens,501,55.1,0.9,-37.8148084,144.980999,ENV,REAL_501,Real sensor series - Fitzroy Gardens - board 501,42,real_sensor_board_501,16.745209707836054,0,normal
2015-01-05 11:40:00+00:00,16.1,Fitzroy Gardens,501,56.3,1.0,-37.8148084,144.980999,ENV,REAL_501,Real sensor series - Fitzroy Gardens - board 501,42,real_sensor_board_501,16.696167766268843,0,normal
2015-01-05 11:50:00+00:00,16.1,Fitzroy Gardens,501,57.9,1.0,-37.8148084,144.980999,ENV,REAL_501,Real sensor series - Fitzroy Gardens - board 501,42,real_sensor_board_501,16.576934213015075,0,normal
2015-01-05 12:00:00+00:00,15.8,Fitzroy Gardens,501,58.4,1.0,-37.8148084,144.980999,ENV,REAL_501,Real sensor series - Fitzroy Gardens - board 501,42,real_sensor_board_501,16.48154737041206,0,normal
2015-01-05 12:10:00+00:00,15.8,Fitzroy Gardens,501,57.8,1.0,-37.8148084,144.980999,ENV,REAL_501,Real sensor series - Fitzroy Gardens - board 501,42,real_sensor_board_501,16.40523789632965,0,normal
2015-01-05 12:20:00+00:00,16.1,Fitzroy Gardens,501,58.9,1.1,-37.8148084,144.980999,ENV,REAL_501,Real sensor series - Fitzroy Gardens - board 501,42,real_sensor_board_501,16.34419031706372,0,normal
2015-01-05 12:30:00+00:00,16.5,Fitzroy Gardens,501,60.4,1.1,-37.8148084,144.980999,ENV,REAL_501,Real sensor series - Fitzroy Gardens - board 501,42,real_sensor_board_501,16.295352253650975,0,normal
2015-01-05 12:40:00+00:00,16.8,Fitzroy Gardens,501,59.8,1.2,-37.8148084,144.980999,ENV,REAL_501,Real sensor series - Fitzroy Gardens - board 501,42,real_sensor_board_501,16.256281802920782,0,normal
2015-01-05 12:50:00+00:00,16.8,Fitzroy Gardens,501,60.3,1.1,-37.8148084,144.980999,ENV,REAL_501,Real sensor series - Fitzroy Gardens - board 501,42,real_sensor_board_501,16.225025442336626,0,normal
2015-01-05 13:00:00+00:00,16.8,Fitzroy Gardens,501,61.1,1.1,-37.8148084,144.980999,ENV,REAL_501,Real sensor series - Fitzroy Gardens - board 501,42,real_sensor_board_501,16.200020353869302,0,normal
2015-01-05 13:10:00+00:00,17.1,Fitzroy Gardens,501,62.3,1.2,-37.8148084,144.980999,ENV,REAL_501,Real sensor series - Fitzroy Gardens - board 501,42,real_sensor_board_501,16.18001628309544,0,normal
2015-01-05 13:20:00+00:00,16.8,Fitzroy Gardens,501,68.9,1.1,-37.8148084,144.980999,ENV,REAL_501,Real sensor series - Fitzroy Gardens - board 501,42,real_sensor_board_501,16.164013026476354,0,normal
2015-01-05 13:30:00+00:00,16.1,Fitzroy Gardens,501,74.2,1.0,-37.8148084,144.980999,ENV,REAL_501,Real sensor series - Fitzroy Gardens - board 501,42,real_sensor_board_501,16.151210421181084,0,normal
2015-01-05 13:40:00+00:00,16.1,Fitzroy Gardens,501,76.2,1.0,-37.8148084,144.980999,ENV,REAL_501,Real sensor series - Fitzroy Gardens - board 501,42,real_sensor_board_501,16.140968336944866,0,normal
2015-01-05 13:50:00+00:00,15.8,Fitzroy Gardens,501,75.6,1.0,-37.8148084,144.980999,ENV,REAL_501,Real sensor series - Fitzroy Gardens - board 501,42,real_sensor_board_501,16.132774669555893,0,normal
2015-01-05 14:00:00+00:00,16.1,Fitzroy Gardens,501,77.0,1.0,-37.8148084,144.980999,ENV,REAL_501,Real sensor series - Fitzroy Gardens - board 501,42,real_sensor_board_501,16.126219735644717,0,normal
2015-01-05 14:10:00+00:00,16.1,Fitzroy Gardens,501,71.9,1.0,-37.8148084,144.980999,ENV,REAL_501,Real sensor series - Fitzroy Gardens - board 501,42,real_sensor_board_501,16.120975788515775,0,normal
2015-01-05 14:20:00+00:00,16.1,Fitzroy Gardens,501,75.1,1.0,-37.8148084,144.980999,ENV,REAL_501,Real sensor series - Fitzroy Gardens - board 501,42,real_sensor_board_501,16.11678063081262,0,normal
2015-01-05 14:35:00+00:00,16.1,Fitzroy Gardens,501,72.7,1.0,-37.8148084,144.980999,ENV,REAL_501,Real sensor series - Fitzroy Gardens - board 501,42,real_sensor_board_501,16.193424504650096,0,normal
2015-01-05 14:45:00+00:00,15.8,Fitzroy Gardens,501,76.8,1.0,-37.8148084,144.980999,ENV,REAL_501,Real sensor series - Fitzroy Gardens - board 501,42,real_sensor_board_501,16.25473960372008,0,normal
2015-01-05 14:55:00+00:00,15.5,Fitzroy Gardens,501,74.8,1.0,-37.8148084,144.980999,ENV,REAL_501,Real sensor series - Fitzroy Gardens - board 501,42,real_sensor_board_501,16.303791682976065,0,normal
2015-01-05 15:05:00+00:00,15.5,Fitzroy Gardens,501,73.0,1.0,-37.8148084,144.980999,ENV,REAL_501,Real sensor series - Fitzroy Gardens - board 501,42,real_sensor_board_501,16.343033346380853,0,normal
2015-01-05 15:15:00+00:00,15.8,Fitzroy Gardens,501,65.2,1.2,-37.8148084,144.980999,ENV,REAL_501,Real sensor series - Fitzroy Gardens - board 501,42,real_sensor_board_501,16.29442667710468,0,normal
2015-01-05 15:25:00+00:00,16.1,Fitzroy Gardens,501,56.3,1.2,-37.8148084,144.980999,ENV,REAL_501,Real sensor series - Fitzroy Gardens - board 501,42,real_sensor_board_501,16.255541341683745,0,normal
2015-01-05 15:35:00+00:00,16.5,Fitzroy Gardens,501,56.7,1.2,-37.8148084,144.980999,ENV,REAL_501,Real sensor series - Fitzroy Gardens - board 501,42,real_sensor_board_501,16.224433073346997,0,normal
2015-01-05 15:45:00+00:00,16.5,Fitzroy Gardens,501,50.5,1.2,-37.8148084,144.980999,ENV,REAL_501,Real sensor series - Fitzroy Gardens - board 501,42,real_sensor_board_501,16.1995464586776,0,normal
2015-01-05 15:55:00+00:00,16.8,Fitzroy Gardens,501,75.3,1.2,-37.8148084,144.980999,ENV,REAL_501,Real sensor series - Fitzroy Gardens - board 501,42,real_sensor_board_501,16.17963716694208,0,normal
2015-01-05 16:05:00+00:00,16.8,Fitzroy Gardens,501,75.3,1.2,-37.8148084,144.980999,ENV,REAL_501,Real sensor series - Fitzroy Gardens - board 501,42,real_sensor_board_501,16.163709733553667,0,normal
2015-01-05 16:15:00+00:00,16.8,Fitzroy Gardens,501,74.9,1.2,-37.8148084,144.980999,ENV,REAL_501,Real sensor series - Fitzroy Gardens - board 501,42,real_sensor_board_501,16.150967786842934,0,normal
2015-01-05 16:25:00+00:00,16.8,Fitzroy Gardens,501,67.4,1.2,-37.8148084,144.980999,ENV,REAL_501,Real sensor series - Fitzroy Gardens - board 501,42,real_sensor_board_501,16.140774229474346,0,normal
2015-01-05 16:35:00+00:00,16.5,Fitzroy Gardens,501,63.4,1.2,-37.8148084,144.980999,ENV,REAL_501,Real sensor series - Fitzroy Gardens - board 501,42,real_sensor_board_501,16.132619383579478,0,normal
2015-01-05 16:45:00+00:00,16.5,Fitzroy Gardens,501,60.0,1.2,-37.8148084,144.980999,ENV,REAL_501,Real sensor series - Fitzroy Gardens - board 501,42,real_sensor_board_501,16.126095506863585,0,normal
2015-01-05 16:55:00+00:00,16.5,Fitzroy Gardens,501,68.3,1.2,-37.8148084,144.980999,ENV,REAL_501,Real sensor series - Fitzroy Gardens - board 501,42,real_sensor_board_501,16.12087640549087,0,normal
2015-01-05 17:05:00+00:00,16.5,Fitzroy Gardens,501,64.5,1.2,-37.8148084,144.980999,ENV,REAL_501,Real sensor series - Fitzroy Gardens - board 501,42,real_sensor_board_501,16.116701124392698,0,normal
2015-01-05 17:15:00+00:00,16.1,Fitzroy Gardens,501,67.7,1.2,-37.8148084,144.980999,ENV,REAL_501,Real sensor series - Fitzroy Gardens - board 501,42,real_sensor_board_501,16.11336089951416,0,normal
2015-01-05 17:25:00+00:00,16.1,Fitzroy Gardens,501,65.5,1.2,-37.8148084,144.980999,ENV,REAL_501,Real sensor series - Fitzroy Gardens - board 501,42,real_sensor_board_501,16.11068871961133,0,normal
2015-01-05 17:35:00+00:00,16.1,Fitzroy Gardens,501,65.8,1.1,-37.8148084,144.980999,ENV,REAL_501,Real sensor series - Fitzroy Gardens - board 501,42,real_sensor_board_501,16.188550975689065,0,normal
2015-01-05 17:50:00+00:00,16.1,Fitzroy Gardens,501,65.2,1.1,-37.8148084,144.980999,ENV,REAL_501,Real sensor series - Fitzroy Gardens - board 501,42,real_sensor_board_501,16.250840780551254,0,normal
2015-01-05 18:00:00+00:00,16.5,Fitzroy Gardens,501,68.3,1.1,-37.8148084,144.980999,ENV,REAL_501,Real sensor series - Fitzroy Gardens - board 501,42,real_sensor_board_501,16.300672624441003,0,normal
2015-01-05 18:10:00+00:00,16.5,Fitzroy Gardens,501,68.0,1.1,-37.8148084,144.980999,ENV,REAL_501,Real sensor series - Fitzroy Gardens - board 501,42,real_sensor_board_501,16.340538099552802,0,normal
2015-01-05 18:20:00+00:00,16.1,Fitzroy Gardens,501,68.5,1.2,-37.8148084,144.980999,ENV,REAL_501,Real sensor series - Fitzroy Gardens - board 501,42,real_sensor_board_501,16.372430479642244,0,normal
2015-01-05 18:30:00+00:00,16.1,Fitzroy Gardens,501,68.0,1.5,-37.8148084,144.980999,ENV,REAL_501,Real sensor series - Fitzroy Gardens - board 501,42,real_sensor_board_501,16.397944383713796,0,normal
2015-01-05 18:40:00+00:00,16.1,Fitzroy Gardens,501,68.6,4.0,-37.8148084,144.980999,ENV,REAL_501,Real sensor series - Fitzroy Gardens - board 501,42,real_sensor_board_501,16.418355506971036,1,weak_multivariate_excursion
2015-01-05 18:50:00+00:00,16.1,Fitzroy Gardens,501,71.3,15.0,-37.8148084,144.980999,ENV,REAL_501,Real sensor series - Fitzroy Gardens - board 501,42,real_sensor_board_501,16.434684405576828,1,weak_multivariate_excursion
2015-01-05 19:00:00+00:00,16.1,Fitzroy Gardens,501,69.3,36.4,-37.8148084,144.980999,ENV,REAL_501,Real sensor series - Fitzroy Gardens - board 501,42,real_sensor_board_501,16.447747524461462,1,weak_multivariate_excursion
2015-01-05 19:10:00+00:00,16.1,Fitzroy Gardens,501,67.8,51.0,-37.8148084,144.980999,ENV,REAL_501,Real sensor series - Fitzroy Gardens - board 501,42,real_sensor_board_501,16.45819801956917,1,weak_multivariate_excursion
2015-01-05 19:20:00+00:00,15.8,Fitzroy Gardens,501,66.9,67.1,-37.8148084,144.980999,ENV,REAL_501,Real sensor series - Fitzroy Gardens - board 501,42,real_sensor_board_501,16.46655841565534,1,weak_multivariate_excursion
2015-01-05 19:30:00+00:00,16.1,Fitzroy Gardens,501,69.4,74.8,-37.8148084,144.980999,ENV,REAL_501,Real sensor series - Fitzroy Gardens - board 501,42,real_sensor_board_501,16.47324673252427,1,weak_multivariate_excursion
2015-01-05 19:40:00+00:00,16.5,Fitzroy Gardens,501,68.8,81.8,-37.8148084,144.980999,ENV,REAL_501,Real sensor series - Fitzroy Gardens - board 501,42,real_sensor_board_501,16.478597386019416,1,weak_multivariate_excursion
2015-01-05 19:50:00+00:00,16.5,Fitzroy Gardens,501,68.6,84.0,-37.8148084,144.980999,ENV,REAL_501,Real sensor series - Fitzroy Gardens - board 501,42,real_sensor_board_501,16.482877908815535,1,weak_multivariate_excursion
2015-01-05 20:00:00+00:00,16.8,Fitzroy Gardens,501,68.9,87.1,-37.8148084,144.980999,ENV,REAL_501,Real sensor series - Fitzroy Gardens - board 501,42,real_sensor_board_501,16.54630232705243,0,normal
2015-01-05 20:10:00+00:00,17.4,Fitzroy Gardens,501,66.7,89.1,-37.8148084,144.980999,ENV,REAL_501,Real sensor series - Fitzroy Gardens - board 501,42,real_sensor_board_501,16.657041861641947,0,normal
2015-01-05 20:20:00+00:00,17.1,Fitzroy Gardens,501,67.2,88.0,-37.8148084,144.980999,ENV,REAL_501,Real sensor series - Fitzroy Gardens - board 501,42,real_sensor_board_501,16.74563348931356,0,normal
2015-01-05 20:30:00+00:00,17.1,Fitzroy Gardens,501,67.2,89.9,-37.8148084,144.980999,ENV,REAL_501,Real sensor series - Fitzroy Gardens - board 501,42,real_sensor_board_501,16.876506791450847,0,normal
2015-01-05 20:40:00+00:00,17.4,Fitzroy Gardens,501,62.8,90.6,-37.8148084,144.980999,ENV,REAL_501,Real sensor series - Fitzroy Gardens - board 501,42,real_sensor_board_501,16.981205433160678,0,normal
2015-01-05 20:50:00+00:00,18.1,Fitzroy Gardens,501,62.6,92.6,-37.8148084,144.980999,ENV,REAL_501,Real sensor series - Fitzroy Gardens - board 501,42,real_sensor_board_501,17.204964346528545,0,normal
2015-01-05 21:05:00+00:00,18.7,Fitzroy Gardens,501,63.0,92.6,-37.8148084,144.980999,ENV,REAL_501,Real sensor series - Fitzroy Gardens - board 501,42,real_sensor_board_501,17.503971477222837,0,normal
2015-01-05 21:15:00+00:00,18.7,Fitzroy Gardens,501,61.5,92.6,-37.8148084,144.980999,ENV,REAL_501,Real sensor series - Fitzroy Gardens - board 501,42,real_sensor_board_501,17.74317718177827,0,normal
2015-01-05 21:25:00+00:00,18.7,Fitzroy Gardens,501,58.9,93.0,-37.8148084,144.980999,ENV,REAL_501,Real sensor series - Fitzroy Gardens - board 501,42,real_sensor_board_501,17.93454174542262,0,normal
2015-01-05 21:35:00+00:00,19.4,Fitzroy Gardens,501,57.0,93.1,-37.8148084,144.980999,ENV,REAL_501,Real sensor series - Fitzroy Gardens - board 501,42,real_sensor_board_501,18.0876333963381,0,normal
2015-01-05 21:45:00+00:00,18.7,Fitzroy Gardens,501,57.9,92.9,-37.8148084,144.980999,ENV,REAL_501,Real sensor series - Fitzroy Gardens - board 501,42,real_sensor_board_501,18.350106717070478,0,normal
2015-01-05 21:55:00+00:00,20.6,Fitzroy Gardens,501,54.6,94.5,-37.8148084,144.980999,ENV,REAL_501,Real sensor series - Fitzroy Gardens - board 501,42,real_sensor_board_501,18.740085373656385,0,normal
2015-01-05 22:05:00+00:00,20.3,Fitzroy Gardens,501,52.6,94.6,-37.8148084,144.980999,ENV,REAL_501,Real sensor series - Fitzroy Gardens - board 501,42,real_sensor_board_501,19.11206829892511,0,normal
2015-01-05 22:15:00+00:00,21.3,Fitzroy Gardens,501,49.9,94.6,-37.8148084,144.980999,ENV,REAL_501,Real sensor series - Fitzroy Gardens - board 501,42,real_sensor_board_501,19.54965463914009,0,normal
2015-01-05 22:25:00+00:00,23.2,Fitzroy Gardens,501,45.8,94.2,-37.8148084,144.980999,ENV,REAL_501,Real sensor series - Fitzroy Gardens - board 501,42,real_sensor_board_501,20.279723711312073,0,normal
2015-01-08 05:50:00+00:00,24.2,Fitzroy Gardens,501,44.8,93.6,-37.8148084,144.980999,ENV,REAL_501,Real sensor series - Fitzroy Gardens - board 501,42,real_sensor_board_501,20.86377896904966,0,normal
2015-01-08 06:00:00+00:00,23.9,Fitzroy Gardens,501,42.6,93.5,-37.8148084,144.980999,ENV,REAL_501,Real sensor series - Fitzroy Gardens - board 501,42,real_sensor_board_501,21.33102317523973,0,normal
2015-01-08 06:10:00+00:00,23.9,Fitzroy Gardens,501,48.8,92.7,-37.8148084,144.980999,ENV,REAL_501,Real sensor series - Fitzroy Gardens - board 501,42,real_sensor_board_501,21.704818540191784,0,normal
2015-01-08 06:20:00+00:00,23.5,Fitzroy Gardens,501,46.4,90.7,-37.8148084,144.980999,ENV,REAL_501,Real sensor series - Fitzroy Gardens - board 501,42,real_sensor_board_501,22.00385483215343,0,normal
2015-01-08 06:30:00+00:00,23.2,Fitzroy Gardens,501,47.8,90.1,-37.8148084,144.980999,ENV,REAL_501,Real sensor series - Fitzroy Gardens - board 501,42,real_sensor_board_501,22.243083865722745,0,normal
2015-01-08 06:45:00+00:00,23.5,Fitzroy Gardens,501,46.4,91.5,-37.8148084,144.980999,ENV,REAL_501,Real sensor series - Fitzroy Gardens - board 501,42,real_sensor_board_501,22.4344670925782,0,normal
2015-01-08 06:55:00+00:00,23.2,Fitzroy Gardens,501,50.8,91.9,-37.8148084,144.980999,ENV,REAL_501,Real sensor series - Fitzroy Gardens - board 501,42,real_sensor_board_501,22.58757367406256,0,normal
2015-01-08 07:05:00+00:00,23.2,Fitzroy Gardens,501,48.3,93.3,-37.8148084,144.980999,ENV,REAL_501,Real sensor series - Fitzroy Gardens - board 501,42,real_sensor_board_501,22.71005893925005,0,normal
2015-01-08 07:15:00+00:00,24.2,Fitzroy Gardens,501,48.1,93.4,-37.8148084,144.980999,ENV,REAL_501,Real sensor series - Fitzroy Gardens - board 501,42,real_sensor_board_501,22.808047151400043,0,normal
2015-01-08 07:25:00+00:00,23.9,Fitzroy Gardens,501,50.3,95.0,-37.8148084,144.980999,ENV,REAL_501,Real sensor series - Fitzroy Gardens - board 501,42,real_sensor_board_501,22.886437721120036,0,normal
2015-01-08 07:35:00+00:00,24.2,Fitzroy Gardens,501,48.3,94.6,-37.8148084,144.980999,ENV,REAL_501,Real sensor series - Fitzroy Gardens - board 501,42,real_sensor_board_501,22.94915017689603,0,normal
2015-01-08 07:45:00+00:00,23.9,Fitzroy Gardens,501,42.5,91.9,-37.8148084,144.980999,ENV,REAL_501,Real sensor series - Fitzroy Gardens - board 501,42,real_sensor_board_501,22.999320141516826,0,normal
2015-01-08 07:55:00+00:00,23.5,Fitzroy Gardens,501,45.0,91.5,-37.8148084,144.980999,ENV,REAL_501,Real sensor series - Fitzroy Gardens - board 501,42,real_sensor_board_501,23.03945611321346,0,normal
2015-01-08 08:05:00+00:00,23.5,Fitzroy Gardens,501,42.0,90.6,-37.8148084,144.980999,ENV,REAL_501,Real sensor series - Fitzroy Gardens - board 501,42,real_sensor_board_501,23.07156489057077,0,normal
2015-01-08 08:15:00+00:00,23.5,Fitzroy Gardens,501,41.7,89.3,-37.8148084,144.980999,ENV,REAL_501,Real sensor series - Fitzroy Gardens - board 501,42,real_sensor_board_501,23.097251912456617,0,normal
2015-01-08 08:25:00+00:00,23.2,Fitzroy Gardens,501,43.7,86.5,-37.8148084,144.980999,ENV,REAL_501,Real sensor series - Fitzroy Gardens - board 501,42,real_sensor_board_501,23.117801529965295,0,normal
2015-01-08 08:35:00+00:00,22.9,Fitzroy Gardens,501,45.0,87.6,-37.8148084,144.980999,ENV,REAL_501,Real sensor series - Fitzroy Gardens - board 501,42,real_sensor_board_501,23.074241223972237,0,normal
2015-01-08 08:45:00+00:00,22.6,Fitzroy Gardens,501,46.1,83.5,-37.8148084,144.980999,ENV,REAL_501,Real sensor series - Fitzroy Gardens - board 501,42,real_sensor_board_501,23.03939297917779,0,normal
2015-01-08 08:55:00+00:00,22.9,Fitzroy Gardens,501,43.4,80.2,-37.8148084,144.980999,ENV,REAL_501,Real sensor series - Fitzroy Gardens - board 501,42,real_sensor_board_501,22.951514383342232,0,normal
2015-01-08 09:05:00+00:00,22.3,Fitzroy Gardens,501,47.2,77.4,-37.8148084,144.980999,ENV,REAL_501,Real sensor series - Fitzroy Gardens - board 501,42,real_sensor_board_501,22.821211506673787,1,weak_multivariate_excursion
2015-01-08 09:15:00+00:00,21.9,Fitzroy Gardens,501,47.2,67.4,-37.8148084,144.980999,ENV,REAL_501,Real sensor series - Fitzroy Gardens - board 501,42,real_sensor_board_501,22.636969205339028,1,weak_multivariate_excursion
2015-01-08 09:25:00+00:00,21.6,Fitzroy Gardens,501,49.2,55.0,-37.8148084,144.980999,ENV,REAL_501,Real sensor series - Fitzroy Gardens - board 501,42,real_sensor_board_501,22.429575364271223,1,weak_multivariate_excursion
2015-01-08 09:35:00+00:00,21.3,Fitzroy Gardens,501,47.8,38.2,-37.8148084,144.980999,ENV,REAL_501,Real sensor series - Fitzroy Gardens - board 501,42,real_sensor_board_501,22.26366029141698,1,weak_multivariate_excursion
2015-01-08 09:45:00+00:00,21.6,Fitzroy Gardens,501,46.7,26.8,-37.8148084,144.980999,ENV,REAL_501,Real sensor series - Fitzroy Gardens - board 501,42,real_sensor_board_501,22.070928233133586,1,weak_multivariate_excursion
2015-01-08 10:00:00+00:00,21.3,Fitzroy Gardens,501,52.1,9.5,-37.8148084,144.980999,ENV,REAL_501,Real sensor series - Fitzroy Gardens - board 501,42,real_sensor_board_501,21.91674258650687,1,weak_multivariate_excursion
2015-01-08 10:10:00+00:00,21.0,Fitzroy Gardens,501,51.8,2.4,-37.8148084,144.980999,ENV,REAL_501,Real sensor series - Fitzroy Gardens - board 501,42,real_sensor_board_501,21.733394069205495,1,weak_multivariate_excursion
2015-01-08 10:20:00+00:00,20.6,Fitzroy Gardens,501,57.0,1.1,-37.8148084,144.980999,ENV,REAL_501,Real sensor series - Fitzroy Gardens - board 501,42,real_sensor_board_501,21.586715255364396,1,weak_multivariate_excursion
2015-01-08 10:30:00+00:00,20.6,Fitzroy Gardens,501,55.1,0.9,-37.8148084,144.980999,ENV,REAL_501,Real sensor series - Fitzroy Gardens - board 501,42,real_sensor_board_501,21.469372204291517,0,normal
2015-01-08 10:40:00+00:00,20.6,Fitzroy Gardens,501,58.7,0.9,-37.8148084,144.980999,ENV,REAL_501,Real sensor series - Fitzroy Gardens - board 501,42,real_sensor_board_501,21.375497763433213,0,normal
2015-01-08 10:50:00+00:00,21.0,Fitzroy Gardens,501,54.4,0.9,-37.8148084,144.980999,ENV,REAL_501,Real sensor series - Fitzroy Gardens - board 501,42,real_sensor_board_501,21.30039821074657,0,normal
2015-01-08 11:00:00+00:00,21.0,Fitzroy Gardens,501,54.1,1.0,-37.8148084,144.980999,ENV,REAL_501,Real sensor series - Fitzroy Gardens - board 501,42,real_sensor_board_501,21.240318568597257,0,normal
2015-01-08 11:10:00+00:00,21.0,Fitzroy Gardens,501,52.4,0.9,-37.8148084,144.980999,ENV,REAL_501,Real sensor series - Fitzroy Gardens - board 501,42,real_sensor_board_501,21.192254854877806,0,normal
2015-01-08 11:20:00+00:00,20.6,Fitzroy Gardens,501,57.3,0.9,-37.8148084,144.980999,ENV,REAL_501,Real sensor series - Fitzroy Gardens - board 501,42,real_sensor_board_501,21.073803883902247,0,normal
2015-01-08 11:30:00+00:00,20.6,Fitzroy Gardens,501,56.0,0.9,-37.8148084,144.980999,ENV,REAL_501,Real sensor series - Fitzroy Gardens - board 501,42,real_sensor_board_501,20.9790431071218,0,normal
2015-01-08 11:40:00+00:00,20.3,Fitzroy Gardens,501,55.5,0.9,-37.8148084,144.980999,ENV,REAL_501,Real sensor series - Fitzroy Gardens - board 501,42,real_sensor_board_501,20.903234485697443,0,normal
2015-01-08 11:50:00+00:00,20.3,Fitzroy Gardens,501,58.1,0.0,-37.8148084,144.980999,ENV,REAL_501,Real sensor series - Fitzroy Gardens - board 501,42,real_sensor_board_501,20.842587588557954,0,normal
2015-01-08 12:00:00+00:00,21.0,Fitzroy Gardens,501,58.9,0.9,-37.8148084,144.980999,ENV,REAL_501,Real sensor series - Fitzroy Gardens - board 501,42,real_sensor_board_501,20.794070070846367,0,normal
2015-01-08 12:10:00+00:00,21.0,Fitzroy Gardens,501,52.4,0.9,-37.8148084,144.980999,ENV,REAL_501,Real sensor series - Fitzroy Gardens - board 501,42,real_sensor_board_501,20.755256056677094,0,normal
2015-01-08 12:20:00+00:00,20.3,Fitzroy Gardens,501,59.0,0.9,-37.8148084,144.980999,ENV,REAL_501,Real sensor series - Fitzroy Gardens - board 501,42,real_sensor_board_501,20.66420484534168,0,normal
2015-01-08 12:30:00+00:00,20.6,Fitzroy Gardens,501,59.3,0.9,-37.8148084,144.980999,ENV,REAL_501,Real sensor series - Fitzroy Gardens - board 501,42,real_sensor_board_501,20.59136387627334,0,normal
2015-01-08 12:40:00+00:00,21.0,Fitzroy Gardens,501,53.3,0.9,-37.8148084,144.980999,ENV,REAL_501,Real sensor series - Fitzroy Gardens - board 501,42,real_sensor_board_501,20.533091101018677,0,normal
2015-01-08 12:50:00+00:00,20.0,Fitzroy Gardens,501,57.0,0.9,-37.8148084,144.980999,ENV,REAL_501,Real sensor series - Fitzroy Gardens - board 501,42,real_sensor_board_501,20.42647288081494,0,normal
2015-01-08 13:00:00+00:00,19.7,Fitzroy Gardens,501,58.2,1.0,-37.8148084,144.980999,ENV,REAL_501,Real sensor series - Fitzroy Gardens - board 501,42,real_sensor_board_501,20.281178304651956,0,normal
2015-01-08 13:15:00+00:00,19.7,Fitzroy Gardens,501,55.5,1.1,-37.8148084,144.980999,ENV,REAL_501,Real sensor series - Fitzroy Gardens - board 501,42,real_sensor_board_501,20.164942643721567,0,normal
2015-01-08 13:25:00+00:00,19.4,Fitzroy Gardens,501,56.5,1.1,-37.8148084,144.980999,ENV,REAL_501,Real sensor series - Fitzroy Gardens - board 501,42,real_sensor_board_501,20.011954114977254,0,normal
2015-01-08 13:35:00+00:00,19.4,Fitzroy Gardens,501,59.6,1.2,-37.8148084,144.980999,ENV,REAL_501,Real sensor series - Fitzroy Gardens - board 501,42,real_sensor_board_501,19.8895632919818,0,normal
2015-01-08 13:45:00+00:00,19.4,Fitzroy Gardens,501,59.0,1.2,-37.8148084,144.980999,ENV,REAL_501,Real sensor series - Fitzroy Gardens - board 501,42,real_sensor_board_501,19.79165063358544,0,normal
2015-01-08 13:55:00+00:00,19.4,Fitzroy Gardens,501,62.0,1.2,-37.8148084,144.980999,ENV,REAL_501,Real sensor series - Fitzroy Gardens - board 501,42,real_sensor_board_501,19.713320506868353,0,normal
2015-01-08 14:05:00+00:00,19.0,Fitzroy Gardens,501,60.1,1.2,-37.8148084,144.980999,ENV,REAL_501,Real sensor series - Fitzroy Gardens - board 501,42,real_sensor_board_501,19.570656405494685,0,normal
2015-01-08 14:15:00+00:00,19.0,Fitzroy Gardens,501,62.0,1.2,-37.8148084,144.980999,ENV,REAL_501,Real sensor series - Fitzroy Gardens - board 501,42,real_sensor_board_501,19.45652512439575,0,normal
2015-01-08 14:25:00+00:00,19.0,Fitzroy Gardens,501,61.5,1.2,-37.8148084,144.980999,ENV,REAL_501,Real sensor series - Fitzroy Gardens - board 501,42,real_sensor_board_501,19.365220099516602,0,normal
2015-01-08 14:35:00+00:00,18.7,Fitzroy Gardens,501,61.4,1.2,-37.8148084,144.980999,ENV,REAL_501,Real sensor series - Fitzroy Gardens - board 501,42,real_sensor_board_501,19.232176079613282,0,normal
2015-01-08 14:45:00+00:00,18.7,Fitzroy Gardens,501,60.9,1.2,-37.8148084,144.980999,ENV,REAL_501,Real sensor series - Fitzroy Gardens - board 501,42,real_sensor_board_501,19.125740863690627,0,normal
2015-01-08 14:55:00+00:00,18.7,Fitzroy Gardens,501,61.2,1.2,-37.8148084,144.980999,ENV,REAL_501,Real sensor series - Fitzroy Gardens - board 501,42,real_sensor_board_501,19.0405926909525,0,normal
2015-01-08 15:05:00+00:00,18.4,Fitzroy Gardens,501,56.7,1.2,-37.8148084,144.980999,ENV,REAL_501,Real sensor series - Fitzroy Gardens - board 501,42,real_sensor_board_501,18.912474152762,0,normal
2015-01-08 15:15:00+00:00,18.4,Fitzroy Gardens,501,56.0,1.2,-37.8148084,144.980999,ENV,REAL_501,Real sensor series - Fitzroy Gardens - board 501,42,real_sensor_board_501,18.8099793222096,0,normal
2015-01-08 15:25:00+00:00,18.4,Fitzroy Gardens,501,57.3,1.2,-37.8148084,144.980999,ENV,REAL_501,Real sensor series - Fitzroy Gardens - board 501,42,real_sensor_board_501,18.727983457767678,0,normal
2015-01-08 15:35:00+00:00,18.4,Fitzroy Gardens,501,58.7,1.2,-37.8148084,144.980999,ENV,REAL_501,Real sensor series - Fitzroy Gardens - board 501,42,real_sensor_board_501,18.66238676621414,0,normal
2015-01-08 15:45:00+00:00,18.1,Fitzroy Gardens,501,59.0,1.3,-37.8148084,144.980999,ENV,REAL_501,Real sensor series - Fitzroy Gardens - board 501,42,real_sensor_board_501,18.549909412971314,0,normal
2015-01-08 15:55:00+00:00,18.1,Fitzroy Gardens,501,60.9,1.3,-37.8148084,144.980999,ENV,REAL_501,Real sensor series - Fitzroy Gardens - board 501,42,real_sensor_board_501,18.45992753037705,0,normal
2015-01-08 16:05:00+00:00,17.7,Fitzroy Gardens,501,59.3,1.2,-37.8148084,144.980999,ENV,REAL_501,Real sensor series - Fitzroy Gardens - board 501,42,real_sensor_board_501,18.307942024301642,0,normal
2015-01-08 16:20:00+00:00,17.7,Fitzroy Gardens,501,55.9,1.3,-37.8148084,144.980999,ENV,REAL_501,Real sensor series - Fitzroy Gardens - board 501,42,real_sensor_board_501,18.186353619441313,0,normal
2015-01-08 16:30:00+00:00,17.4,Fitzroy Gardens,501,58.5,1.3,-37.8148084,144.980999,ENV,REAL_501,Real sensor series - Fitzroy Gardens - board 501,42,real_sensor_board_501,18.02908289555305,0,normal
2015-01-08 16:40:00+00:00,17.4,Fitzroy Gardens,501,56.2,1.3,-37.8148084,144.980999,ENV,REAL_501,Real sensor series - Fitzroy Gardens - board 501,42,real_sensor_board_501,17.90326631644244,0,normal
2015-01-08 16:50:00+00:00,17.4,Fitzroy Gardens,501,57.6,1.3,-37.8148084,144.980999,ENV,REAL_501,Real sensor series - Fitzroy Gardens - board 501,42,real_sensor_board_501,17.80261305315395,0,normal
2015-01-08 17:00:00+00:00,17.4,Fitzroy Gardens,501,59.5,1.3,-37.8148084,144.980999,ENV,REAL_501,Real sensor series - Fitzroy Gardens - board 501,42,real_sensor_board_501,17.72209044252316,0,normal
2015-01-08 17:10:00+00:00,17.4,Fitzroy Gardens,501,58.5,1.3,-37.8148084,144.980999,ENV,REAL_501,Real sensor series - Fitzroy Gardens - board 501,42,real_sensor_board_501,17.65767235401853,0,normal
2015-01-08 17:20:00+00:00,17.1,Fitzroy Gardens,501,58.7,1.3,-37.8148084,144.980999,ENV,REAL_501,Real sensor series - Fitzroy Gardens - board 501,42,real_sensor_board_501,17.606137883214824,0,normal
2015-01-08 17:30:00+00:00,17.1,Fitzroy Gardens,501,60.4,1.3,-37.8148084,144.980999,ENV,REAL_501,Real sensor series - Fitzroy Gardens - board 501,42,real_sensor_board_501,17.504910306571862,0,normal
2015-01-08 17:40:00+00:00,17.1,Fitzroy Gardens,501,59.3,1.3,-37.8148084,144.980999,ENV,REAL_501,Real sensor series - Fitzroy Gardens - board 501,42,real_sensor_board_501,17.423928245257493,0,normal
2015-01-08 17:50:00+00:00,17.1,Fitzroy Gardens,501,60.3,1.3,-37.8148084,144.980999,ENV,REAL_501,Real sensor series - Fitzroy Gardens - board 501,42,real_sensor_board_501,17.359142596205995,0,normal
2015-01-08 18:00:00+00:00,17.4,Fitzroy Gardens,501,59.0,1.3,-37.8148084,144.980999,ENV,REAL_501,Real sensor series - Fitzroy Gardens - board 501,42,real_sensor_board_501,17.307314076964797,0,normal
2015-01-08 18:10:00+00:00,17.1,Fitzroy Gardens,501,61.4,1.2,-37.8148084,144.980999,ENV,REAL_501,Real sensor series - Fitzroy Gardens - board 501,42,real_sensor_board_501,17.26585126157184,0,normal
2015-01-08 18:20:00+00:00,17.1,Fitzroy Gardens,501,60.9,1.3,-37.8148084,144.980999,ENV,REAL_501,Real sensor series - Fitzroy Gardens - board 501,42,real_sensor_board_501,17.232681009257472,0,normal
2015-01-08 18:30:00+00:00,16.8,Fitzroy Gardens,501,61.2,1.3,-37.8148084,144.980999,ENV,REAL_501,Real sensor series - Fitzroy Gardens - board 501,42,real_sensor_board_501,17.146144807405978,0,normal
2015-01-08 18:40:00+00:00,16.8,Fitzroy Gardens,501,60.0,1.4,-37.8148084,144.980999,ENV,REAL_501,Real sensor series - Fitzroy Gardens - board 501,42,real_sensor_board_501,17.076915845924784,0,normal
2015-01-08 18:50:00+00:00,16.5,Fitzroy Gardens,501,60.9,2.5,-37.8148084,144.980999,ENV,REAL_501,Real sensor series - Fitzroy Gardens - board 501,42,real_sensor_board_501,16.96153267673983,1,weak_multivariate_excursion
2015-01-08 19:00:00+00:00,16.1,Fitzroy Gardens,501,63.6,8.6,-37.8148084,144.980999,ENV,REAL_501,Real sensor series - Fitzroy Gardens - board 501,42,real_sensor_board_501,16.789226141391865,1,weak_multivariate_excursion
2015-01-08 19:10:00+00:00,16.1,Fitzroy Gardens,501,68.0,13.7,-37.8148084,144.980999,ENV,REAL_501,Real sensor series - Fitzroy Gardens - board 501,42,real_sensor_board_501,16.651380913113492,1,weak_multivariate_excursion
2015-01-08 19:20:00+00:00,15.8,Fitzroy Gardens,501,68.8,21.5,-37.8148084,144.980999,ENV,REAL_501,Real sensor series - Fitzroy Gardens - board 501,42,real_sensor_board_501,16.541104730490794,1,weak_multivariate_excursion
2015-01-08 19:35:00+00:00,16.1,Fitzroy Gardens,501,60.3,44.2,-37.8148084,144.980999,ENV,REAL_501,Real sensor series - Fitzroy Gardens - board 501,42,real_sensor_board_501,16.452883784392636,1,weak_multivariate_excursion
2015-01-08 19:45:00+00:00,15.8,Fitzroy Gardens,501,62.3,50.1,-37.8148084,144.980999,ENV,REAL_501,Real sensor series - Fitzroy Gardens - board 501,42,real_sensor_board_501,16.32230702751411,1,weak_multivariate_excursion
2015-01-08 19:55:00+00:00,15.8,Fitzroy Gardens,501,58.9,50.4,-37.8148084,144.980999,ENV,REAL_501,Real sensor series - Fitzroy Gardens - board 501,42,real_sensor_board_501,16.21784562201129,0,normal
2015-01-08 20:05:00+00:00,15.8,Fitzroy Gardens,501,65.8,54.8,-37.8148084,144.980999,ENV,REAL_501,Real sensor series - Fitzroy Gardens - board 501,42,real_sensor_board_501,16.134276497609033,1,weak_multivariate_excursion
2015-01-08 20:15:00+00:00,16.1,Fitzroy Gardens,501,68.8,61.0,-37.8148084,144.980999,ENV,REAL_501,Real sensor series - Fitzroy Gardens - board 501,42,real_sensor_board_501,16.067421198087228,1,weak_multivariate_excursion
2015-01-08 20:25:00+00:00,15.8,Fitzroy Gardens,501,65.6,67.3,-37.8148084,144.980999,ENV,REAL_501,Real sensor series - Fitzroy Gardens - board 501,42,real_sensor_board_501,16.013936958469785,1,weak_multivariate_excursion
2015-01-08 20:35:00+00:00,15.8,Fitzroy Gardens,501,68.6,79.4,-37.8148084,144.980999,ENV,REAL_501,Real sensor series - Fitzroy Gardens - board 501,42,real_sensor_board_501,15.971149566775829,1,weak_multivariate_excursion
2015-01-08 20:45:00+00:00,15.8,Fitzroy Gardens,501,70.4,69.5,-37.8148084,144.980999,ENV,REAL_501,Real sensor series - Fitzroy Gardens - board 501,42,real_sensor_board_501,15.936919653420663,1,weak_multivariate_excursion
2015-01-08 20:55:00+00:00,15.5,Fitzroy Gardens,501,69.3,78.3,-37.8148084,144.980999,ENV,REAL_501,Real sensor series - Fitzroy Gardens - board 501,42,real_sensor_board_501,15.909535722736532,1,weak_multivariate_excursion
2015-01-08 21:05:00+00:00,15.8,Fitzroy Gardens,501,69.6,77.1,-37.8148084,144.980999,ENV,REAL_501,Real sensor series - Fitzroy Gardens - board 501,42,real_sensor_board_501,15.887628578189226,1,weak_multivariate_excursion
2015-01-08 21:15:00+00:00,15.8,Fitzroy Gardens,501,67.8,81.6,-37.8148084,144.980999,ENV,REAL_501,Real sensor series - Fitzroy Gardens - board 501,42,real_sensor_board_501,15.87010286255138,0,normal
2015-01-08 21:25:00+00:00,15.8,Fitzroy Gardens,501,67.4,78.5,-37.8148084,144.980999,ENV,REAL_501,Real sensor series - Fitzroy Gardens - board 501,42,real_sensor_board_501,15.856082290041105,0,normal
2015-01-08 21:35:00+00:00,15.5,Fitzroy Gardens,501,68.6,80.3,-37.8148084,144.980999,ENV,REAL_501,Real sensor series - Fitzroy Gardens - board 501,42,real_sensor_board_501,15.844865832032884,0,normal
2015-01-08 21:45:00+00:00,15.8,Fitzroy Gardens,501,62.3,78.8,-37.8148084,144.980999,ENV,REAL_501,Real sensor series - Fitzroy Gardens - board 501,42,real_sensor_board_501,15.835892665626307,0,normal
2015-01-08 21:55:00+00:00,14.8,Fitzroy Gardens,501,68.9,83.7,-37.8148084,144.980999,ENV,REAL_501,Real sensor series - Fitzroy Gardens - board 501,42,real_sensor_board_501,15.828714132501046,1,weak_multivariate_excursion
2015-01-08 22:05:00+00:00,15.5,Fitzroy Gardens,501,68.9,90.1,-37.8148084,144.980999,ENV,REAL_501,Real sensor series - Fitzroy Gardens - board 501,42,real_sensor_board_501,15.822971306000838,1,weak_multivariate_excursion
2015-01-08 22:15:00+00:00,15.5,Fitzroy Gardens,501,68.8,85.6,-37.8148084,144.980999,ENV,REAL_501,Real sensor series - Fitzroy Gardens - board 501,42,real_sensor_board_501,15.818377044800672,1,weak_multivariate_excursion
2015-01-08 22:25:00+00:00,15.5,Fitzroy Gardens,501,68.0,90.4,-37.8148084,144.980999,ENV,REAL_501,Real sensor series - Fitzroy Gardens - board 501,42,real_sensor_board_501,15.814701635840539,0,normal
2015-01-08 22:35:00+00:00,15.5,Fitzroy Gardens,501,68.8,87.5,-37.8148084,144.980999,ENV,REAL_501,Real sensor series - Fitzroy Gardens - board 501,42,real_sensor_board_501,15.811761308672432,0,normal
2015-01-08 22:50:00+00:00,15.5,Fitzroy Gardens,501,69.4,82.9,-37.8148084,144.980999,ENV,REAL_501,Real sensor series - Fitzroy Gardens - board 501,42,real_sensor_board_501,15.809409046937947,1,weak_multivariate_excursion
2015-01-08 23:00:00+00:00,15.2,Fitzroy Gardens,501,68.5,91.3,-37.8148084,144.980999,ENV,REAL_501,Real sensor series - Fitzroy Gardens - board 501,42,real_sensor_board_501,15.807527237550358,1,weak_multivariate_excursion
2015-01-08 23:10:00+00:00,15.5,Fitzroy Gardens,501,68.6,93.2,-37.8148084,144.980999,ENV,REAL_501,Real sensor series - Fitzroy Gardens - board 501,42,real_sensor_board_501,15.806021790040287,1,weak_multivariate_excursion
2015-01-08 23:20:00+00:00,15.8,Fitzroy Gardens,501,65.0,92.9,-37.8148084,144.980999,ENV,REAL_501,Real sensor series - Fitzroy Gardens - board 501,42,real_sensor_board_501,15.80481743203223,0,normal
2015-01-08 23:30:00+00:00,15.2,Fitzroy Gardens,501,65.8,89.9,-37.8148084,144.980999,ENV,REAL_501,Real sensor series - Fitzroy Gardens - board 501,42,real_sensor_board_501,15.803853945625786,0,normal
2015-01-08 23:40:00+00:00,15.5,Fitzroy Gardens,501,67.1,93.2,-37.8148084,144.980999,ENV,REAL_501,Real sensor series - Fitzroy Gardens - board 501,42,real_sensor_board_501,15.80308315650063,0,normal
2015-01-08 23:50:00+00:00,15.8,Fitzroy Gardens,501,68.2,91.8,-37.8148084,144.980999,ENV,REAL_501,Real sensor series - Fitzroy Gardens - board 501,42,real_sensor_board_501,15.802466525200504,0,normal
2015-01-09 00:00:00+00:00,16.5,Fitzroy Gardens,501,66.4,94.6,-37.8148084,144.980999,ENV,REAL_501,Real sensor series - Fitzroy Gardens - board 501,42,real_sensor_board_501,15.861973220160404,0,normal
2015-01-09 00:10:00+00:00,17.7,Fitzroy Gardens,501,66.3,95.3,-37.8148084,144.980999,ENV,REAL_501,Real sensor series - Fitzroy Gardens - board 501,42,real_sensor_board_501,15.909578576128325,0,normal
2015-01-09 00:20:00+00:00,18.1,Fitzroy Gardens,501,62.0,95.5,-37.8148084,144.980999,ENV,REAL_501,Real sensor series - Fitzroy Gardens - board 501,42,real_sensor_board_501,15.947662860902662,0,normal
2015-01-09 00:30:00+00:00,17.1,Fitzroy Gardens,501,61.2,94.4,-37.8148084,144.980999,ENV,REAL_501,Real sensor series - Fitzroy Gardens - board 501,42,real_sensor_board_501,15.97813028872213,0,normal
2015-01-09 00:40:00+00:00,17.1,Fitzroy Gardens,501,61.7,92.8,-37.8148084,144.980999,ENV,REAL_501,Real sensor series - Fitzroy Gardens - board 501,42,real_sensor_board_501,16.082504230977705,0,normal
2015-01-09 00:50:00+00:00,16.8,Fitzroy Gardens,501,60.6,93.6,-37.8148084,144.980999,ENV,REAL_501,Real sensor series - Fitzroy Gardens - board 501,42,real_sensor_board_501,16.166003384782165,0,normal
2015-01-09 01:00:00+00:00,16.1,Fitzroy Gardens,501,61.1,91.3,-37.8148084,144.980999,ENV,REAL_501,Real sensor series - Fitzroy Gardens - board 501,42,real_sensor_board_501,16.232802707825734,0,normal
2015-01-09 01:10:00+00:00,16.1,Fitzroy Gardens,501,61.1,90.4,-37.8148084,144.980999,ENV,REAL_501,Real sensor series - Fitzroy Gardens - board 501,42,real_sensor_board_501,16.28624216626059,0,normal
2015-01-09 01:20:00+00:00,16.1,Fitzroy Gardens,501,61.9,93.0,-37.8148084,144.980999,ENV,REAL_501,Real sensor series - Fitzroy Gardens - board 501,42,real_sensor_board_501,16.32899373300847,0,normal
2015-01-09 01:30:00+00:00,16.1,Fitzroy Gardens,501,60.3,93.1,-37.8148084,144.980999,ENV,REAL_501,Real sensor series - Fitzroy Gardens - board 501,42,real_sensor_board_501,16.36319498640678,0,normal
2015-01-09 01:40:00+00:00,16.8,Fitzroy Gardens,501,61.5,91.8,-37.8148084,144.980999,ENV,REAL_501,Real sensor series - Fitzroy Gardens - board 501,42,real_sensor_board_501,16.390555989125424,0,normal
2015-01-09 01:50:00+00:00,16.5,Fitzroy Gardens,501,58.5,91.8,-37.8148084,144.980999,ENV,REAL_501,Real sensor series - Fitzroy Gardens - board 501,42,real_sensor_board_501,16.47244479130034,0,normal
2015-01-09 02:05:00+00:00,16.8,Fitzroy Gardens,501,55.2,93.2,-37.8148084,144.980999,ENV,REAL_501,Real sensor series - Fitzroy Gardens - board 501,42,real_sensor_board_501,16.53795583304027,0,normal
2015-01-09 02:15:00+00:00,16.5,Fitzroy Gardens,501,56.2,91.8,-37.8148084,144.980999,ENV,REAL_501,Real sensor series - Fitzroy Gardens - board 501,42,real_sensor_board_501,16.59036466643222,0,normal
2015-01-09 02:25:00+00:00,16.5,Fitzroy Gardens,501,57.9,91.9,-37.8148084,144.980999,ENV,REAL_501,Real sensor series - Fitzroy Gardens - board 501,42,real_sensor_board_501,16.632291733145777,0,normal
2015-01-09 02:35:00+00:00,16.8,Fitzroy Gardens,501,55.5,93.1,-37.8148084,144.980999,ENV,REAL_501,Real sensor series - Fitzroy Gardens - board 501,42,real_sensor_board_501,16.665833386516624,0,normal
2015-01-09 02:45:00+00:00,16.8,Fitzroy Gardens,501,53.3,92.1,-37.8148084,144.980999,ENV,REAL_501,Real sensor series - Fitzroy Gardens - board 501,42,real_sensor_board_501,16.6926667092133,0,normal
2015-01-09 02:55:00+00:00,16.5,Fitzroy Gardens,501,57.6,92.5,-37.8148084,144.980999,ENV,REAL_501,Real sensor series - Fitzroy Gardens - board 501,42,real_sensor_board_501,16.71413336737064,0,normal
2015-01-09 03:05:00+00:00,16.5,Fitzroy Gardens,501,59.6,91.4,-37.8148084,144.980999,ENV,REAL_501,Real sensor series - Fitzroy Gardens - board 501,42,real_sensor_board_501,16.731306693896514,0,normal
2015-01-09 03:15:00+00:00,16.8,Fitzroy Gardens,501,56.8,92.5,-37.8148084,144.980999,ENV,REAL_501,Real sensor series - Fitzroy Gardens - board 501,42,real_sensor_board_501,16.745045355117213,0,normal
2015-01-09 03:25:00+00:00,16.5,Fitzroy Gardens,501,56.5,92.6,-37.8148084,144.980999,ENV,REAL_501,Real sensor series - Fitzroy Gardens - board 501,42,real_sensor_board_501,16.696036284093772,0,normal
2015-01-09 03:35:00+00:00,17.1,Fitzroy Gardens,501,57.9,91.4,-37.8148084,144.980999,ENV,REAL_501,Real sensor series - Fitzroy Gardens - board 501,42,real_sensor_board_501,16.65682902727502,0,normal
2015-01-09 03:45:00+00:00,17.1,Fitzroy Gardens,501,57.8,91.7,-37.8148084,144.980999,ENV,REAL_501,Real sensor series - Fitzroy Gardens - board 501,42,real_sensor_board_501,16.625463221820016,0,normal
2015-01-09 03:55:00+00:00,17.1,Fitzroy Gardens,501,54.3,93.0,-37.8148084,144.980999,ENV,REAL_501,Real sensor series - Fitzroy Gardens - board 501,42,real_sensor_board_501,16.600370577456015,0,normal
2015-01-09 04:05:00+00:00,16.8,Fitzroy Gardens,501,54.8,93.5,-37.8148084,144.980999,ENV,REAL_501,Real sensor series - Fitzroy Gardens - board 501,42,real_sensor_board_501,16.580296461964814,0,normal
2015-01-09 04:15:00+00:00,17.7,Fitzroy Gardens,501,55.2,93.7,-37.8148084,144.980999,ENV,REAL_501,Real sensor series - Fitzroy Gardens - board 501,42,real_sensor_board_501,16.624237169571852,0,normal
2015-01-09 04:25:00+00:00,17.1,Fitzroy Gardens,501,54.8,92.3,-37.8148084,144.980999,ENV,REAL_501,Real sensor series - Fitzroy Gardens - board 501,42,real_sensor_board_501,16.659389735657484,0,normal
2015-01-09 04:35:00+00:00,17.1,Fitzroy Gardens,501,55.2,91.6,-37.8148084,144.980999,ENV,REAL_501,Real sensor series - Fitzroy Gardens - board 501,42,real_sensor_board_501,16.68751178852599,0,normal
2015-01-09 04:45:00+00:00,17.1,Fitzroy Gardens,501,55.9,91.2,-37.8148084,144.980999,ENV,REAL_501,Real sensor series - Fitzroy Gardens - board 501,42,real_sensor_board_501,16.71000943082079,0,normal
2015-01-09 04:55:00+00:00,16.5,Fitzroy Gardens,501,58.1,89.3,-37.8148084,144.980999,ENV,REAL_501,Real sensor series - Fitzroy Gardens - board 501,42,real_sensor_board_501,16.728007544656634,0,normal
2015-01-09 05:10:00+00:00,16.8,Fitzroy Gardens,501,57.9,89.2,-37.8148084,144.980999,ENV,REAL_501,Real sensor series - Fitzroy Gardens - board 501,42,real_sensor_board_501,16.74240603572531,0,normal
2015-01-09 05:20:00+00:00,16.1,Fitzroy Gardens,501,57.9,89.2,-37.8148084,144.980999,ENV,REAL_501,Real sensor series - Fitzroy Gardens - board 501,42,real_sensor_board_501,16.75392482858025,0,normal
2015-01-09 05:30:00+00:00,16.1,Fitzroy Gardens,501,57.8,88.4,-37.8148084,144.980999,ENV,REAL_501,Real sensor series - Fitzroy Gardens - board 501,42,real_sensor_board_501,16.823139862864203,0,normal
2015-01-09 05:40:00+00:00,16.5,Fitzroy Gardens,501,57.9,88.4,-37.8148084,144.980999,ENV,REAL_501,Real sensor series - Fitzroy Gardens - board 501,42,real_sensor_board_501,16.878511890291364,0,normal
2015-01-09 05:50:00+00:00,16.1,Fitzroy Gardens,501,57.9,87.8,-37.8148084,144.980999,ENV,REAL_501,Real sensor series - Fitzroy Gardens - board 501,42,real_sensor_board_501,16.922809512233094,0,normal
2015-01-09 06:00:00+00:00,15.8,Fitzroy Gardens,501,59.2,87.8,-37.8148084,144.980999,ENV,REAL_501,Real sensor series - Fitzroy Gardens - board 501,42,real_sensor_board_501,16.958247609786476,0,normal
2015-01-09 06:10:00+00:00,15.5,Fitzroy Gardens,501,62.6,83.3,-37.8148084,144.980999,ENV,REAL_501,Real sensor series - Fitzroy Gardens - board 501,42,real_sensor_board_501,16.986598087829183,0,normal
2015-01-09 06:20:00+00:00,15.5,Fitzroy Gardens,501,60.8,86.0,-37.8148084,144.980999,ENV,REAL_501,Real sensor series - Fitzroy Gardens - board 501,42,real_sensor_board_501,17.009278470263347,0,normal
2015-01-09 06:30:00+00:00,15.8,Fitzroy Gardens,501,58.9,87.8,-37.8148084,144.980999,ENV,REAL_501,Real sensor series - Fitzroy Gardens - board 501,42,real_sensor_board_501,17.14742277621068,1,weak_multivariate_excursion
2015-01-20 01:05:00+00:00,27.4,Fitzroy Gardens,501,-24.9,96.9,-37.8148084,144.980999,ENV,REAL_501,Real sensor series - Fitzroy Gardens - board 501,42,real_sensor_board_501,19.197938220968545,1,weak_multivariate_excursion
2015-01-20 01:15:00+00:00,28.1,Fitzroy Gardens,501,-24.9,97.1,-37.8148084,144.980999,ENV,REAL_501,Real sensor series - Fitzroy Gardens - board 501,42,real_sensor_board_501,20.838350576774836,1,weak_multivariate_excursion
2015-01-20 01:25:00+00:00,27.7,Fitzroy Gardens,501,-24.7,97.0,-37.8148084,144.980999,ENV,REAL_501,Real sensor series - Fitzroy Gardens - board 501,42,real_sensor_board_501,22.15068046141987,1,weak_multivariate_excursion
2015-01-20 01:35:00+00:00,27.4,Fitzroy Gardens,501,-24.5,96.8,-37.8148084,144.980999,ENV,REAL_501,Real sensor series - Fitzroy Gardens - board 501,42,real_sensor_board_501,23.260544369135896,1,weak_multivariate_excursion
2015-01-20 01:45:00+00:00,28.1,Fitzroy Gardens,501,5.1,97.0,-37.8148084,144.980999,ENV,REAL_501,Real sensor series - Fitzroy Gardens - board 501,42,real_sensor_board_501,24.148435495308718,1,weak_multivariate_excursion
2015-01-20 01:55:00+00:00,28.1,Fitzroy Gardens,501,4.9,96.7,-37.8148084,144.980999,ENV,REAL_501,Real sensor series - Fitzroy Gardens - board 501,42,real_sensor_board_501,24.938748396246975,0,normal
2015-01-20 02:05:00+00:00,27.4,Fitzroy Gardens,501,18.2,96.5,-37.8148084,144.980999,ENV,REAL_501,Real sensor series - Fitzroy Gardens - board 501,42,real_sensor_board_501,25.570998716997583,0,normal
2015-01-20 02:15:00+00:00,28.1,Fitzroy Gardens,501,11.2,97.0,-37.8148084,144.980999,ENV,REAL_501,Real sensor series - Fitzroy Gardens - board 501,42,real_sensor_board_501,26.07679897359807,0,normal
2015-01-20 02:25:00+00:00,29.4,Fitzroy Gardens,501,-24.7,97.1,-37.8148084,144.980999,ENV,REAL_501,Real sensor series - Fitzroy Gardens - board 501,42,real_sensor_board_501,26.481439178878457,0,normal
2015-01-20 02:35:00+00:00,28.7,Fitzroy Gardens,501,-24.9,97.0,-37.8148084,144.980999,ENV,REAL_501,Real sensor series - Fitzroy Gardens - board 501,42,real_sensor_board_501,26.805151343102768,0,normal
2015-01-20 02:45:00+00:00,28.1,Fitzroy Gardens,501,-24.9,96.6,-37.8148084,144.980999,ENV,REAL_501,Real sensor series - Fitzroy Gardens - board 501,42,real_sensor_board_501,27.064121074482216,0,normal
2015-01-20 02:55:00+00:00,28.1,Fitzroy Gardens,501,-24.9,96.4,-37.8148084,144.980999,ENV,REAL_501,Real sensor series - Fitzroy Gardens - board 501,42,real_sensor_board_501,27.271296859585775,0,normal
2015-01-20 03:05:00+00:00,28.1,Fitzroy Gardens,501,-24.9,96.3,-37.8148084,144.980999,ENV,REAL_501,Real sensor series - Fitzroy Gardens - board 501,42,real_sensor_board_501,27.437037487668622,0,normal
2015-01-20 03:15:00+00:00,27.7,Fitzroy Gardens,501,-24.9,96.1,-37.8148084,144.980999,ENV,REAL_501,Real sensor series - Fitzroy Gardens - board 501,42,real_sensor_board_501,27.689629990134897,0,normal
2015-01-20 03:25:00+00:00,28.1,Fitzroy Gardens,501,-24.9,96.4,-37.8148084,144.980999,ENV,REAL_501,Real sensor series - Fitzroy Gardens - board 501,42,real_sensor_board_501,27.95170399210792,0,normal
2015-01-20 03:35:00+00:00,29.0,Fitzroy Gardens,501,-24.9,97.1,-37.8148084,144.980999,ENV,REAL_501,Real sensor series - Fitzroy Gardens - board 501,42,real_sensor_board_501,28.241363193686336,0,normal
2015-01-20 03:45:00+00:00,29.4,Fitzroy Gardens,501,-24.9,97.1,-37.8148084,144.980999,ENV,REAL_501,Real sensor series - Fitzroy Gardens - board 501,42,real_sensor_board_501,28.47309055494907,0,normal
2015-01-20 03:55:00+00:00,30.3,Fitzroy Gardens,501,-24.9,97.3,-37.8148084,144.980999,ENV,REAL_501,Real sensor series - Fitzroy Gardens - board 501,42,real_sensor_board_501,28.65847244395926,0,normal
2015-01-20 04:05:00+00:00,30.3,Fitzroy Gardens,501,-24.9,97.2,-37.8148084,144.980999,ENV,REAL_501,Real sensor series - Fitzroy Gardens - board 501,42,real_sensor_board_501,28.80677795516741,0,normal
2015-01-20 04:20:00+00:00,31.0,Fitzroy Gardens,501,-24.9,97.3,-37.8148084,144.980999,ENV,REAL_501,Real sensor series - Fitzroy Gardens - board 501,42,real_sensor_board_501,28.925422364133926,0,normal
2015-01-20 04:30:00+00:00,31.3,Fitzroy Gardens,501,-24.9,97.4,-37.8148084,144.980999,ENV,REAL_501,Real sensor series - Fitzroy Gardens - board 501,42,real_sensor_board_501,29.02033789130714,0,normal
2015-01-20 04:40:00+00:00,31.3,Fitzroy Gardens,501,-24.9,97.3,-37.8148084,144.980999,ENV,REAL_501,Real sensor series - Fitzroy Gardens - board 501,42,real_sensor_board_501,29.09627031304571,0,normal
2015-01-20 04:50:00+00:00,31.3,Fitzroy Gardens,501,-24.9,97.1,-37.8148084,144.980999,ENV,REAL_501,Real sensor series - Fitzroy Gardens - board 501,42,real_sensor_board_501,29.15701625043657,0,normal
2015-01-20 05:00:00+00:00,31.6,Fitzroy Gardens,501,-24.9,97.4,-37.8148084,144.980999,ENV,REAL_501,Real sensor series - Fitzroy Gardens - board 501,42,real_sensor_board_501,29.205613000349256,0,normal
2015-01-20 05:20:00+00:00,32.3,Fitzroy Gardens,501,-24.9,96.7,-37.8148084,144.980999,ENV,REAL_501,Real sensor series - Fitzroy Gardens - board 501,42,real_sensor_board_501,29.244490400279407,0,normal
2015-01-20 05:30:00+00:00,30.3,Fitzroy Gardens,501,-24.9,96.4,-37.8148084,144.980999,ENV,REAL_501,Real sensor series - Fitzroy Gardens - board 501,42,real_sensor_board_501,29.275592320223527,0,normal
2015-01-20 05:40:00+00:00,31.0,Fitzroy Gardens,501,-24.9,96.8,-37.8148084,144.980999,ENV,REAL_501,Real sensor series - Fitzroy Gardens - board 501,42,real_sensor_board_501,29.300473856178822,0,normal
2015-01-20 05:50:00+00:00,30.6,Fitzroy Gardens,501,-24.9,96.3,-37.8148084,144.980999,ENV,REAL_501,Real sensor series - Fitzroy Gardens - board 501,42,real_sensor_board_501,29.32037908494306,0,normal
2015-01-20 06:00:00+00:00,29.4,Fitzroy Gardens,501,-24.9,95.3,-37.8148084,144.980999,ENV,REAL_501,Real sensor series - Fitzroy Gardens - board 501,42,real_sensor_board_501,29.33630326795445,0,normal
2015-01-20 06:10:00+00:00,29.4,Fitzroy Gardens,501,-24.9,95.1,-37.8148084,144.980999,ENV,REAL_501,Real sensor series - Fitzroy Gardens - board 501,42,real_sensor_board_501,29.349042614363558,0,normal
2015-01-20 06:20:00+00:00,29.4,Fitzroy Gardens,501,-24.9,94.8,-37.8148084,144.980999,ENV,REAL_501,Real sensor series - Fitzroy Gardens - board 501,42,real_sensor_board_501,29.359234091490848,0,normal
2015-01-20 06:30:00+00:00,29.0,Fitzroy Gardens,501,-24.9,95.2,-37.8148084,144.980999,ENV,REAL_501,Real sensor series - Fitzroy Gardens - board 501,42,real_sensor_board_501,29.36738727319268,0,normal
2015-01-20 06:40:00+00:00,30.3,Fitzroy Gardens,501,-24.9,96.3,-37.8148084,144.980999,ENV,REAL_501,Real sensor series - Fitzroy Gardens - board 501,42,real_sensor_board_501,29.373909818554143,0,normal
2015-01-20 06:50:00+00:00,30.0,Fitzroy Gardens,501,-24.9,95.8,-37.8148084,144.980999,ENV,REAL_501,Real sensor series - Fitzroy Gardens - board 501,42,real_sensor_board_501,29.299127854843316,0,normal
2015-01-20 07:00:00+00:00,29.0,Fitzroy Gardens,501,-24.9,94.4,-37.8148084,144.980999,ENV,REAL_501,Real sensor series - Fitzroy Gardens - board 501,42,real_sensor_board_501,29.239302283874654,0,normal
2015-01-20 07:10:00+00:00,28.4,Fitzroy Gardens,501,-24.9,92.2,-37.8148084,144.980999,ENV,REAL_501,Real sensor series - Fitzroy Gardens - board 501,42,real_sensor_board_501,29.071441827099726,0,normal
2015-01-20 07:25:00+00:00,28.1,Fitzroy Gardens,501,-24.9,92.8,-37.8148084,144.980999,ENV,REAL_501,Real sensor series - Fitzroy Gardens - board 501,42,real_sensor_board_501,28.93715346167978,0,normal
2015-01-20 07:35:00+00:00,28.4,Fitzroy Gardens,501,-24.9,93.6,-37.8148084,144.980999,ENV,REAL_501,Real sensor series - Fitzroy Gardens - board 501,42,real_sensor_board_501,28.829722769343824,0,normal
2015-01-20 07:45:00+00:00,28.4,Fitzroy Gardens,501,-24.9,92.9,-37.8148084,144.980999,ENV,REAL_501,Real sensor series - Fitzroy Gardens - board 501,42,real_sensor_board_501,28.683778215475062,0,normal
2015-01-20 07:55:00+00:00,27.7,Fitzroy Gardens,501,-24.9,91.1,-37.8148084,144.980999,ENV,REAL_501,Real sensor series - Fitzroy Gardens - board 501,42,real_sensor_board_501,28.48702257238005,0,normal
2015-01-20 08:05:00+00:00,27.7,Fitzroy Gardens,501,-24.9,91.7,-37.8148084,144.980999,ENV,REAL_501,Real sensor series - Fitzroy Gardens - board 501,42,real_sensor_board_501,28.32961805790404,0,normal
2015-01-20 08:15:00+00:00,27.7,Fitzroy Gardens,501,-24.9,92.6,-37.8148084,144.980999,ENV,REAL_501,Real sensor series - Fitzroy Gardens - board 501,42,real_sensor_board_501,28.203694446323233,0,normal
2015-01-20 08:25:00+00:00,27.4,Fitzroy Gardens,501,-24.9,91.3,-37.8148084,144.980999,ENV,REAL_501,Real sensor series - Fitzroy Gardens - board 501,42,real_sensor_board_501,28.042955557058587,0,normal
2015-01-20 08:35:00+00:00,27.1,Fitzroy Gardens,501,-24.9,89.8,-37.8148084,144.980999,ENV,REAL_501,Real sensor series - Fitzroy Gardens - board 501,42,real_sensor_board_501,27.854364445646873,0,normal
2015-01-20 08:45:00+00:00,26.5,Fitzroy Gardens,501,-24.9,85.5,-37.8148084,144.980999,ENV,REAL_501,Real sensor series - Fitzroy Gardens - board 501,42,real_sensor_board_501,27.5834915565175,0,normal
2015-01-20 08:55:00+00:00,26.1,Fitzroy Gardens,501,-24.9,81.2,-37.8148084,144.980999,ENV,REAL_501,Real sensor series - Fitzroy Gardens - board 501,42,real_sensor_board_501,27.286793245214,0,normal
2015-01-20 09:05:00+00:00,25.5,Fitzroy Gardens,501,-24.9,77.2,-37.8148084,144.980999,ENV,REAL_501,Real sensor series - Fitzroy Gardens - board 501,42,real_sensor_board_501,26.929434596171202,1,weak_multivariate_excursion
2015-01-20 09:15:00+00:00,25.2,Fitzroy Gardens,501,-24.9,69.8,-37.8148084,144.980999,ENV,REAL_501,Real sensor series - Fitzroy Gardens - board 501,42,real_sensor_board_501,26.583547676936963,1,weak_multivariate_excursion
2015-01-20 09:25:00+00:00,24.5,Fitzroy Gardens,501,-24.9,60.0,-37.8148084,144.980999,ENV,REAL_501,Real sensor series - Fitzroy Gardens - board 501,42,real_sensor_board_501,26.16683814154957,1,weak_multivariate_excursion
2015-01-20 09:35:00+00:00,24.2,Fitzroy Gardens,501,-24.9,45.0,-37.8148084,144.980999,ENV,REAL_501,Real sensor series - Fitzroy Gardens - board 501,42,real_sensor_board_501,25.773470513239655,1,weak_multivariate_excursion
2015-01-20 09:45:00+00:00,23.9,Fitzroy Gardens,501,-24.9,27.4,-37.8148084,144.980999,ENV,REAL_501,Real sensor series - Fitzroy Gardens - board 501,42,real_sensor_board_501,25.398776410591726,1,weak_multivariate_excursion
2015-01-20 09:55:00+00:00,23.2,Fitzroy Gardens,501,-24.9,12.3,-37.8148084,144.980999,ENV,REAL_501,Real sensor series - Fitzroy Gardens - board 501,42,real_sensor_board_501,24.95902112847338,1,weak_multivariate_excursion
2015-01-20 10:05:00+00:00,23.2,Fitzroy Gardens,501,-24.9,3.1,-37.8148084,144.980999,ENV,REAL_501,Real sensor series - Fitzroy Gardens - board 501,42,real_sensor_board_501,24.607216902778706,1,weak_multivariate_excursion
2015-01-20 10:15:00+00:00,22.9,Fitzroy Gardens,501,-24.9,1.2,-37.8148084,144.980999,ENV,REAL_501,Real sensor series - Fitzroy Gardens - board 501,42,real_sensor_board_501,24.265773522222965,1,weak_multivariate_excursion
2015-01-20 10:40:00+00:00,22.6,Fitzroy Gardens,501,-24.9,1.0,-37.8148084,144.980999,ENV,REAL_501,Real sensor series - Fitzroy Gardens - board 501,42,real_sensor_board_501,23.932618817778373,0,normal
2015-01-20 10:50:00+00:00,22.3,Fitzroy Gardens,501,-24.9,0.9,-37.8148084,144.980999,ENV,REAL_501,Real sensor series - Fitzroy Gardens - board 501,42,real_sensor_board_501,23.6060950542227,0,normal
2015-01-20 11:00:00+00:00,22.3,Fitzroy Gardens,501,-24.9,1.0,-37.8148084,144.980999,ENV,REAL_501,Real sensor series - Fitzroy Gardens - board 501,42,real_sensor_board_501,23.34487604337816,0,normal
2015-01-20 11:10:00+00:00,21.9,Fitzroy Gardens,501,-24.9,1.0,-37.8148084,144.980999,ENV,REAL_501,Real sensor series - Fitzroy Gardens - board 501,42,real_sensor_board_501,23.055900834702527,0,normal
2015-01-20 11:20:00+00:00,21.6,Fitzroy Gardens,501,-24.9,1.0,-37.8148084,144.980999,ENV,REAL_501,Real sensor series - Fitzroy Gardens - board 501,42,real_sensor_board_501,22.824720667762023,0,normal
2015-01-20 11:30:00+00:00,21.6,Fitzroy Gardens,501,-24.9,1.0,-37.8148084,144.980999,ENV,REAL_501,Real sensor series - Fitzroy Gardens - board 501,42,real_sensor_board_501,22.639776534209616,0,normal
2015-01-20 11:40:00+00:00,21.6,Fitzroy Gardens,501,-24.9,1.0,-37.8148084,144.980999,ENV,REAL_501,Real sensor series - Fitzroy Gardens - board 501,42,real_sensor_board_501,22.431821227367696,0,normal
2015-01-20 11:50:00+00:00,21.3,Fitzroy Gardens,501,-24.9,1.0,-37.8148084,144.980999,ENV,REAL_501,Real sensor series - Fitzroy Gardens - board 501,42,real_sensor_board_501,22.265456981894157,0,normal
2015-01-20 12:00:00+00:00,21.9,Fitzroy Gardens,501,-24.9,0.1,-37.8148084,144.980999,ENV,REAL_501,Real sensor series - Fitzroy Gardens - board 501,42,real_sensor_board_501,22.132365585515327,0,normal
2015-01-20 12:10:00+00:00,21.3,Fitzroy Gardens,501,-24.9,1.0,-37.8148084,144.980999,ENV,REAL_501,Real sensor series - Fitzroy Gardens - board 501,42,real_sensor_board_501,22.025892468412263,0,normal
2015-01-20 12:20:00+00:00,21.6,Fitzroy Gardens,501,-24.9,1.0,-37.8148084,144.980999,ENV,REAL_501,Real sensor series - Fitzroy Gardens - board 501,42,real_sensor_board_501,21.94071397472981,0,normal
2015-01-20 12:30:00+00:00,21.6,Fitzroy Gardens,501,-24.9,1.0,-37.8148084,144.980999,ENV,REAL_501,Real sensor series - Fitzroy Gardens - board 501,42,real_sensor_board_501,21.87257117978385,0,normal
2015-01-20 12:40:00+00:00,21.3,Fitzroy Gardens,501,-24.9,0.9,-37.8148084,144.980999,ENV,REAL_501,Real sensor series - Fitzroy Gardens - board 501,42,real_sensor_board_501,21.81805694382708,0,normal
2015-01-20 12:50:00+00:00,21.0,Fitzroy Gardens,501,-24.9,1.0,-37.8148084,144.980999,ENV,REAL_501,Real sensor series - Fitzroy Gardens - board 501,42,real_sensor_board_501,21.774445555061664,0,normal
2015-01-20 13:00:00+00:00,21.0,Fitzroy Gardens,501,-24.9,1.0,-37.8148084,144.980999,ENV,REAL_501,Real sensor series - Fitzroy Gardens - board 501,42,real_sensor_board_501,21.73955644404933,0,normal
2015-01-20 13:10:00+00:00,21.6,Fitzroy Gardens,501,-24.9,1.0,-37.8148084,144.980999,ENV,REAL_501,Real sensor series - Fitzroy Gardens - board 501,42,real_sensor_board_501,21.711645155239466,0,normal
2015-01-20 13:20:00+00:00,21.6,Fitzroy Gardens,501,-24.9,1.0,-37.8148084,144.980999,ENV,REAL_501,Real sensor series - Fitzroy Gardens - board 501,42,real_sensor_board_501,21.689316124191574,0,normal
2015-01-20 13:30:00+00:00,21.6,Fitzroy Gardens,501,-24.9,1.0,-37.8148084,144.980999,ENV,REAL_501,Real sensor series - Fitzroy Gardens - board 501,42,real_sensor_board_501,21.67145289935326,0,normal
2015-01-20 13:40:00+00:00,21.6,Fitzroy Gardens,501,-24.9,1.0,-37.8148084,144.980999,ENV,REAL_501,Real sensor series - Fitzroy Gardens - board 501,42,real_sensor_board_501,21.59716231948261,0,normal
2015-01-20 13:55:00+00:00,21.9,Fitzroy Gardens,501,-24.9,1.0,-37.8148084,144.980999,ENV,REAL_501,Real sensor series - Fitzroy Gardens - board 501,42,real_sensor_board_501,21.53772985558609,0,normal
2015-01-20 14:05:00+00:00,21.6,Fitzroy Gardens,501,-24.9,1.0,-37.8148084,144.980999,ENV,REAL_501,Real sensor series - Fitzroy Gardens - board 501,42,real_sensor_board_501,21.490183884468873,0,normal
2015-01-20 14:15:00+00:00,21.6,Fitzroy Gardens,501,-24.9,1.0,-37.8148084,144.980999,ENV,REAL_501,Real sensor series - Fitzroy Gardens - board 501,42,real_sensor_board_501,21.3921471075751,0,normal
2015-01-20 14:25:00+00:00,21.9,Fitzroy Gardens,501,-24.9,1.0,-37.8148084,144.980999,ENV,REAL_501,Real sensor series - Fitzroy Gardens - board 501,42,real_sensor_board_501,21.31371768606008,0,normal
2015-01-20 14:35:00+00:00,21.0,Fitzroy Gardens,501,-24.9,1.0,-37.8148084,144.980999,ENV,REAL_501,Real sensor series - Fitzroy Gardens - board 501,42,real_sensor_board_501,21.250974148848066,0,normal
2015-01-20 14:45:00+00:00,20.6,Fitzroy Gardens,501,-24.9,1.0,-37.8148084,144.980999,ENV,REAL_501,Real sensor series - Fitzroy Gardens - board 501,42,real_sensor_board_501,21.120779319078455,0,normal
2015-01-20 14:55:00+00:00,20.0,Fitzroy Gardens,501,-24.9,1.0,-37.8148084,144.980999,ENV,REAL_501,Real sensor series - Fitzroy Gardens - board 501,42,real_sensor_board_501,20.896623455262766,0,normal
2015-01-20 15:05:00+00:00,19.7,Fitzroy Gardens,501,-24.9,1.0,-37.8148084,144.980999,ENV,REAL_501,Real sensor series - Fitzroy Gardens - board 501,42,real_sensor_board_501,20.657298764210214,0,normal
2015-01-20 15:15:00+00:00,19.7,Fitzroy Gardens,501,-24.9,1.0,-37.8148084,144.980999,ENV,REAL_501,Real sensor series - Fitzroy Gardens - board 501,42,real_sensor_board_501,20.465839011368175,0,normal
2015-01-20 15:25:00+00:00,19.4,Fitzroy Gardens,501,-24.9,1.0,-37.8148084,144.980999,ENV,REAL_501,Real sensor series - Fitzroy Gardens - board 501,42,real_sensor_board_501,20.312671209094542,0,normal
2015-01-20 15:35:00+00:00,19.4,Fitzroy Gardens,501,44.4,1.0,-37.8148084,144.980999,ENV,REAL_501,Real sensor series - Fitzroy Gardens - board 501,42,real_sensor_board_501,20.130136967275632,0,normal
2015-01-20 15:45:00+00:00,19.7,Fitzroy Gardens,501,-24.9,1.0,-37.8148084,144.980999,ENV,REAL_501,Real sensor series - Fitzroy Gardens - board 501,42,real_sensor_board_501,19.984109573820504,0,normal
2015-01-20 15:55:00+00:00,19.4,Fitzroy Gardens,501,-24.9,1.0,-37.8148084,144.980999,ENV,REAL_501,Real sensor series - Fitzroy Gardens - board 501,42,real_sensor_board_501,19.867287659056405,0,normal
2015-01-20 16:05:00+00:00,19.4,Fitzroy Gardens,501,-24.9,1.0,-37.8148084,144.980999,ENV,REAL_501,Real sensor series - Fitzroy Gardens - board 501,42,real_sensor_board_501,19.773830127245123,0,normal
2015-01-20 16:15:00+00:00,19.0,Fitzroy Gardens,501,-24.9,1.0,-37.8148084,144.980999,ENV,REAL_501,Real sensor series - Fitzroy Gardens - board 501,42,real_sensor_board_501,19.6190641017961,0,normal
2015-01-20 16:25:00+00:00,19.0,Fitzroy Gardens,501,-24.9,1.0,-37.8148084,144.980999,ENV,REAL_501,Real sensor series - Fitzroy Gardens - board 501,42,real_sensor_board_501,19.49525128143688,0,normal
2015-01-20 16:35:00+00:00,19.0,Fitzroy Gardens,501,-24.9,1.1,-37.8148084,144.980999,ENV,REAL_501,Real sensor series - Fitzroy Gardens - board 501,42,real_sensor_board_501,19.396201025149505,0,normal
2015-01-20 16:45:00+00:00,18.7,Fitzroy Gardens,501,-24.9,1.1,-37.8148084,144.980999,ENV,REAL_501,Real sensor series - Fitzroy Gardens - board 501,42,real_sensor_board_501,19.256960820119605,0,normal
2015-01-20 16:55:00+00:00,18.7,Fitzroy Gardens,501,-24.9,1.1,-37.8148084,144.980999,ENV,REAL_501,Real sensor series - Fitzroy Gardens - board 501,42,real_sensor_board_501,19.145568656095683,0,normal
2015-01-20 17:10:00+00:00,18.7,Fitzroy Gardens,501,-24.9,1.1,-37.8148084,144.980999,ENV,REAL_501,Real sensor series - Fitzroy Gardens - board 501,42,real_sensor_board_501,19.056454924876547,0,normal
2015-01-20 17:20:00+00:00,18.7,Fitzroy Gardens,501,-24.9,1.1,-37.8148084,144.980999,ENV,REAL_501,Real sensor series - Fitzroy Gardens - board 501,42,real_sensor_board_501,18.98516393990124,0,normal
2015-01-20 17:30:00+00:00,18.7,Fitzroy Gardens,501,-24.9,1.1,-37.8148084,144.980999,ENV,REAL_501,Real sensor series - Fitzroy Gardens - board 501,42,real_sensor_board_501,18.928131151920994,0,normal
2015-01-20 17:40:00+00:00,18.4,Fitzroy Gardens,501,-24.9,1.1,-37.8148084,144.980999,ENV,REAL_501,Real sensor series - Fitzroy Gardens - board 501,42,real_sensor_board_501,18.882504921536796,0,normal
2015-01-20 17:50:00+00:00,18.1,Fitzroy Gardens,501,-24.9,1.1,-37.8148084,144.980999,ENV,REAL_501,Real sensor series - Fitzroy Gardens - board 501,42,real_sensor_board_501,18.84600393722944,0,normal
2015-01-20 18:10:00+00:00,18.7,Fitzroy Gardens,501,-24.9,1.1,-37.8148084,144.980999,ENV,REAL_501,Real sensor series - Fitzroy Gardens - board 501,42,real_sensor_board_501,18.816803149783553,0,normal
2015-01-20 18:20:00+00:00,18.7,Fitzroy Gardens,501,-24.9,1.1,-37.8148084,144.980999,ENV,REAL_501,Real sensor series - Fitzroy Gardens - board 501,42,real_sensor_board_501,18.793442519826844,0,normal
2015-01-20 18:30:00+00:00,18.7,Fitzroy Gardens,501,-24.9,1.1,-37.8148084,144.980999,ENV,REAL_501,Real sensor series - Fitzroy Gardens - board 501,42,real_sensor_board_501,18.774754015861475,0,normal
2015-01-20 18:40:00+00:00,18.7,Fitzroy Gardens,501,-24.9,1.1,-37.8148084,144.980999,ENV,REAL_501,Real sensor series - Fitzroy Gardens - board 501,42,real_sensor_board_501,18.75980321268918,0,normal
2015-01-20 19:00:00+00:00,18.7,Fitzroy Gardens,501,-24.9,4.4,-37.8148084,144.980999,ENV,REAL_501,Real sensor series - Fitzroy Gardens - board 501,42,real_sensor_board_501,18.74784257015135,1,weak_multivariate_excursion
2015-01-20 19:10:00+00:00,18.7,Fitzroy Gardens,501,-24.9,18.8,-37.8148084,144.980999,ENV,REAL_501,Real sensor series - Fitzroy Gardens - board 501,42,real_sensor_board_501,18.738274056121078,1,weak_multivariate_excursion
2015-01-20 19:20:00+00:00,18.7,Fitzroy Gardens,501,-24.9,43.0,-37.8148084,144.980999,ENV,REAL_501,Real sensor series - Fitzroy Gardens - board 501,42,real_sensor_board_501,18.730619244896864,1,weak_multivariate_excursion
2015-01-20 19:30:00+00:00,18.7,Fitzroy Gardens,501,-24.9,60.5,-37.8148084,144.980999,ENV,REAL_501,Real sensor series - Fitzroy Gardens - board 501,42,real_sensor_board_501,18.724495395917494,1,weak_multivariate_excursion
2015-01-20 19:40:00+00:00,18.7,Fitzroy Gardens,501,-24.9,71.0,-37.8148084,144.980999,ENV,REAL_501,Real sensor series - Fitzroy Gardens - board 501,42,real_sensor_board_501,18.719596316734,1,weak_multivariate_excursion
2015-01-20 19:50:00+00:00,18.7,Fitzroy Gardens,501,-24.9,75.8,-37.8148084,144.980999,ENV,REAL_501,Real sensor series - Fitzroy Gardens - board 501,42,real_sensor_board_501,18.7156770533872,1,weak_multivariate_excursion
2015-01-20 20:00:00+00:00,18.7,Fitzroy Gardens,501,-24.9,81.3,-37.8148084,144.980999,ENV,REAL_501,Real sensor series - Fitzroy Gardens - board 501,42,real_sensor_board_501,18.71254164270976,0,normal
2015-01-20 20:15:00+00:00,19.0,Fitzroy Gardens,501,-24.9,85.0,-37.8148084,144.980999,ENV,REAL_501,Real sensor series - Fitzroy Gardens - board 501,42,real_sensor_board_501,18.770033314167808,0,normal
2015-01-20 20:25:00+00:00,19.7,Fitzroy Gardens,501,-24.9,88.0,-37.8148084,144.980999,ENV,REAL_501,Real sensor series - Fitzroy Gardens - board 501,42,real_sensor_board_501,18.95602665133425,0,normal
2015-01-20 20:35:00+00:00,19.7,Fitzroy Gardens,501,-24.9,89.8,-37.8148084,144.980999,ENV,REAL_501,Real sensor series - Fitzroy Gardens - board 501,42,real_sensor_board_501,19.1048213210674,0,normal
2015-01-20 20:45:00+00:00,20.0,Fitzroy Gardens,501,-24.9,90.1,-37.8148084,144.980999,ENV,REAL_501,Real sensor series - Fitzroy Gardens - board 501,42,real_sensor_board_501,19.283857056853922,0,normal
2015-01-20 20:55:00+00:00,20.3,Fitzroy Gardens,501,-24.9,90.7,-37.8148084,144.980999,ENV,REAL_501,Real sensor series - Fitzroy Gardens - board 501,42,real_sensor_board_501,19.48708564548314,0,normal
2015-01-20 21:05:00+00:00,20.3,Fitzroy Gardens,501,-24.9,90.0,-37.8148084,144.980999,ENV,REAL_501,Real sensor series - Fitzroy Gardens - board 501,42,real_sensor_board_501,19.649668516386512,0,normal
2015-01-20 21:15:00+00:00,20.3,Fitzroy Gardens,501,-24.9,91.6,-37.8148084,144.980999,ENV,REAL_501,Real sensor series - Fitzroy Gardens - board 501,42,real_sensor_board_501,19.77973481310921,0,normal
2015-01-20 21:25:00+00:00,21.0,Fitzroy Gardens,501,-24.9,92.8,-37.8148084,144.980999,ENV,REAL_501,Real sensor series - Fitzroy Gardens - board 501,42,real_sensor_board_501,20.02378785048737,0,normal
2015-01-20 21:35:00+00:00,21.3,Fitzroy Gardens,501,-24.9,92.7,-37.8148084,144.980999,ENV,REAL_501,Real sensor series - Fitzroy Gardens - board 501,42,real_sensor_board_501,20.279030280389897,0,normal
2015-01-20 21:45:00+00:00,21.9,Fitzroy Gardens,501,-24.9,93.5,-37.8148084,144.980999,ENV,REAL_501,Real sensor series - Fitzroy Gardens - board 501,42,real_sensor_board_501,20.543224224311917,0,normal
2015-01-20 21:55:00+00:00,21.9,Fitzroy Gardens,501,-24.9,91.8,-37.8148084,144.980999,ENV,REAL_501,Real sensor series - Fitzroy Gardens - board 501,42,real_sensor_board_501,20.814579379449533,0,normal
2015-01-20 22:05:00+00:00,21.6,Fitzroy Gardens,501,-24.9,91.1,-37.8148084,144.980999,ENV,REAL_501,Real sensor series - Fitzroy Gardens - board 501,42,real_sensor_board_501,21.031663503559628,1,weak_multivariate_excursion
2015-01-20 22:15:00+00:00,28.1,Fitzroy Gardens,501,-24.5,93.2,-37.8148084,144.980999,ENV,REAL_501,Real sensor series - Fitzroy Gardens - board 501,42,real_sensor_board_501,21.605330802847703,1,weak_multivariate_excursion
2015-01-20 22:25:00+00:00,23.9,Fitzroy Gardens,501,-23.9,93.2,-37.8148084,144.980999,ENV,REAL_501,Real sensor series - Fitzroy Gardens - board 501,42,real_sensor_board_501,22.324264642278163,1,weak_multivariate_excursion
2015-01-20 22:35:00+00:00,25.5,Fitzroy Gardens,501,-23.6,93.5,-37.8148084,144.980999,ENV,REAL_501,Real sensor series - Fitzroy Gardens - board 501,42,real_sensor_board_501,22.959411713822533,0,normal
2015-01-20 22:45:00+00:00,25.2,Fitzroy Gardens,501,-24.4,94.0,-37.8148084,144.980999,ENV,REAL_501,Real sensor series - Fitzroy Gardens - board 501,42,real_sensor_board_501,23.587529371058025,0,normal
2015-01-20 22:55:00+00:00,26.1,Fitzroy Gardens,501,-15.4,94.6,-37.8148084,144.980999,ENV,REAL_501,Real sensor series - Fitzroy Gardens - board 501,42,real_sensor_board_501,24.490023496846423,1,weak_multivariate_excursion
2015-01-20 23:05:00+00:00,29.4,Fitzroy Gardens,501,-21.4,95.6,-37.8148084,144.980999,ENV,REAL_501,Real sensor series - Fitzroy Gardens - board 501,42,real_sensor_board_501,25.472018797477137,1,weak_multivariate_excursion
2015-01-20 23:30:00+00:00,31.6,Fitzroy Gardens,501,-24.7,97.1,-37.8148084,144.980999,ENV,REAL_501,Real sensor series - Fitzroy Gardens - board 501,42,real_sensor_board_501,26.437615037981715,1,weak_multivariate_excursion
2015-01-20 23:40:00+00:00,30.6,Fitzroy Gardens,501,-24.7,97.2,-37.8148084,144.980999,ENV,REAL_501,Real sensor series - Fitzroy Gardens - board 501,42,real_sensor_board_501,27.270092030385374,1,weak_multivariate_excursion
2015-01-20 23:50:00+00:00,31.3,Fitzroy Gardens,501,-24.7,97.2,-37.8148084,144.980999,ENV,REAL_501,Real sensor series - Fitzroy Gardens - board 501,42,real_sensor_board_501,28.076073624308304,0,normal
2015-01-21 00:00:00+00:00,31.3,Fitzroy Gardens,501,-24.7,97.2,-37.8148084,144.980999,ENV,REAL_501,Real sensor series - Fitzroy Gardens - board 501,42,real_sensor_board_501,28.720858899446647,0,normal
2015-01-21 00:10:00+00:00,32.3,Fitzroy Gardens,501,-24.7,97.2,-37.8148084,144.980999,ENV,REAL_501,Real sensor series - Fitzroy Gardens - board 501,42,real_sensor_board_501,29.29668711955732,0,normal
2015-01-21 00:20:00+00:00,31.9,Fitzroy Gardens,501,-24.7,97.2,-37.8148084,144.980999,ENV,REAL_501,Real sensor series - Fitzroy Gardens - board 501,42,real_sensor_board_501,29.817349695645856,0,normal
2015-01-21 00:30:00+00:00,32.3,Fitzroy Gardens,501,-4.7,97.2,-37.8148084,144.980999,ENV,REAL_501,Real sensor series - Fitzroy Gardens - board 501,42,real_sensor_board_501,30.233879756516686,0,normal
2015-01-21 00:40:00+00:00,33.2,Fitzroy Gardens,501,-24.4,97.2,-37.8148084,144.980999,ENV,REAL_501,Real sensor series - Fitzroy Gardens - board 501,42,real_sensor_board_501,30.64710380521335,0,normal
2015-01-21 00:50:00+00:00,32.9,Fitzroy Gardens,501,-24.5,97.2,-37.8148084,144.980999,ENV,REAL_501,Real sensor series - Fitzroy Gardens - board 501,42,real_sensor_board_501,30.977683044170682,0,normal
2015-01-21 01:00:00+00:00,33.9,Fitzroy Gardens,501,-24.1,97.3,-37.8148084,144.980999,ENV,REAL_501,Real sensor series - Fitzroy Gardens - board 501,42,real_sensor_board_501,31.242146435336547,0,normal
2015-01-21 01:10:00+00:00,33.5,Fitzroy Gardens,501,-24.7,97.3,-37.8148084,144.980999,ENV,REAL_501,Real sensor series - Fitzroy Gardens - board 501,42,real_sensor_board_501,31.45371714826924,0,normal
2015-01-21 01:20:00+00:00,33.5,Fitzroy Gardens,501,-24.9,97.4,-37.8148084,144.980999,ENV,REAL_501,Real sensor series - Fitzroy Gardens - board 501,42,real_sensor_board_501,31.682973718615393,0,normal
2015-01-21 01:30:00+00:00,32.6,Fitzroy Gardens,501,-24.9,97.5,-37.8148084,144.980999,ENV,REAL_501,Real sensor series - Fitzroy Gardens - board 501,42,real_sensor_board_501,31.866378974892317,0,normal
2015-01-21 01:40:00+00:00,32.6,Fitzroy Gardens,501,-24.9,97.5,-37.8148084,144.980999,ENV,REAL_501,Real sensor series - Fitzroy Gardens - board 501,42,real_sensor_board_501,32.013103179913855,1,weak_multivariate_excursion
2015-01-21 01:50:00+00:00,30.3,Fitzroy Gardens,501,-24.9,93.8,-37.8148084,144.980999,ENV,REAL_501,Real sensor series - Fitzroy Gardens - board 501,42,real_sensor_board_501,32.13048254393109,1,weak_multivariate_excursion
2015-01-21 02:00:00+00:00,33.5,Fitzroy Gardens,501,-24.9,97.6,-37.8148084,144.980999,ENV,REAL_501,Real sensor series - Fitzroy Gardens - board 501,42,real_sensor_board_501,32.224386035144875,1,weak_multivariate_excursion
2015-01-21 02:10:00+00:00,32.6,Fitzroy Gardens,501,-24.9,97.6,-37.8148084,144.980999,ENV,REAL_501,Real sensor series - Fitzroy Gardens - board 501,42,real_sensor_board_501,32.299508828115904,1,weak_multivariate_excursion
2015-01-21 02:20:00+00:00,31.9,Fitzroy Gardens,501,-24.9,94.8,-37.8148084,144.980999,ENV,REAL_501,Real sensor series - Fitzroy Gardens - board 501,42,real_sensor_board_501,32.35960706249273,0,normal
2015-01-21 02:30:00+00:00,33.5,Fitzroy Gardens,501,-24.9,97.7,-37.8148084,144.980999,ENV,REAL_501,Real sensor series - Fitzroy Gardens - board 501,42,real_sensor_board_501,32.46768564999418,0,normal
2015-01-21 02:45:00+00:00,33.5,Fitzroy Gardens,501,-24.9,97.7,-37.8148084,144.980999,ENV,REAL_501,Real sensor series - Fitzroy Gardens - board 501,42,real_sensor_board_501,32.554148519995344,0,normal
2015-01-21 02:55:00+00:00,34.8,Fitzroy Gardens,501,-24.7,96.1,-37.8148084,144.980999,ENV,REAL_501,Real sensor series - Fitzroy Gardens - board 501,42,real_sensor_board_501,32.68331881599627,0,normal
2015-01-21 03:05:00+00:00,34.5,Fitzroy Gardens,501,-24.7,97.8,-37.8148084,144.980999,ENV,REAL_501,Real sensor series - Fitzroy Gardens - board 501,42,real_sensor_board_501,32.786655052797016,0,normal
2015-01-21 03:15:00+00:00,32.6,Fitzroy Gardens,501,-24.7,97.1,-37.8148084,144.980999,ENV,REAL_501,Real sensor series - Fitzroy Gardens - board 501,42,real_sensor_board_501,32.92932404223762,0,normal
2015-01-21 03:25:00+00:00,31.9,Fitzroy Gardens,501,-24.9,95.4,-37.8148084,144.980999,ENV,REAL_501,Real sensor series - Fitzroy Gardens - board 501,42,real_sensor_board_501,33.043459233790095,0,normal
2015-01-21 03:35:00+00:00,31.3,Fitzroy Gardens,501,-24.9,95.1,-37.8148084,144.980999,ENV,REAL_501,Real sensor series - Fitzroy Gardens - board 501,42,real_sensor_board_501,33.13476738703208,0,normal
2015-01-21 03:45:00+00:00,32.6,Fitzroy Gardens,501,-24.9,97.5,-37.8148084,144.980999,ENV,REAL_501,Real sensor series - Fitzroy Gardens - board 501,42,real_sensor_board_501,33.20781390962566,0,normal
2015-01-21 03:55:00+00:00,34.5,Fitzroy Gardens,501,-24.7,97.7,-37.8148084,144.980999,ENV,REAL_501,Real sensor series - Fitzroy Gardens - board 501,42,real_sensor_board_501,33.266251127700535,0,normal
2015-01-21 04:05:00+00:00,36.8,Fitzroy Gardens,501,-24.7,97.8,-37.8148084,144.980999,ENV,REAL_501,Real sensor series - Fitzroy Gardens - board 501,42,real_sensor_board_501,33.31300090216043,0,normal
2015-01-21 04:15:00+00:00,33.9,Fitzroy Gardens,501,-24.4,95.3,-37.8148084,144.980999,ENV,REAL_501,Real sensor series - Fitzroy Gardens - board 501,42,real_sensor_board_501,33.35040072172835,1,weak_multivariate_excursion
2015-01-21 04:25:00+00:00,36.1,Fitzroy Gardens,501,-24.4,97.7,-37.8148084,144.980999,ENV,REAL_501,Real sensor series - Fitzroy Gardens - board 501,42,real_sensor_board_501,33.38032057738268,1,weak_multivariate_excursion
2015-01-21 04:35:00+00:00,33.5,Fitzroy Gardens,501,-24.4,96.2,-37.8148084,144.980999,ENV,REAL_501,Real sensor series - Fitzroy Gardens - board 501,42,real_sensor_board_501,33.40425646190615,1,weak_multivariate_excursion
2015-01-21 04:45:00+00:00,31.3,Fitzroy Gardens,501,-24.7,94.3,-37.8148084,144.980999,ENV,REAL_501,Real sensor series - Fitzroy Gardens - board 501,42,real_sensor_board_501,33.423405169524926,0,normal
2015-01-21 04:55:00+00:00,31.0,Fitzroy Gardens,501,-24.7,94.8,-37.8148084,144.980999,ENV,REAL_501,Real sensor series - Fitzroy Gardens - board 501,42,real_sensor_board_501,33.43872413561994,0,normal
2015-01-21 05:05:00+00:00,33.2,Fitzroy Gardens,501,-24.5,95.6,-37.8148084,144.980999,ENV,REAL_501,Real sensor series - Fitzroy Gardens - board 501,42,real_sensor_board_501,33.45097930849596,0,normal
2015-01-21 05:15:00+00:00,32.3,Fitzroy Gardens,501,-24.5,95.7,-37.8148084,144.980999,ENV,REAL_501,Real sensor series - Fitzroy Gardens - board 501,42,real_sensor_board_501,33.46078344679677,1,weak_multivariate_excursion
2015-01-21 05:25:00+00:00,35.5,Fitzroy Gardens,501,-24.7,97.8,-37.8148084,144.980999,ENV,REAL_501,Real sensor series - Fitzroy Gardens - board 501,42,real_sensor_board_501,33.46862675743742,1,weak_multivariate_excursion
2015-01-21 05:35:00+00:00,36.5,Fitzroy Gardens,501,-24.5,97.8,-37.8148084,144.980999,ENV,REAL_501,Real sensor series - Fitzroy Gardens - board 501,42,real_sensor_board_501,33.414901405949934,1,weak_multivariate_excursion
2015-01-21 05:45:00+00:00,37.1,Fitzroy Gardens,501,-24.5,97.7,-37.8148084,144.980999,ENV,REAL_501,Real sensor series - Fitzroy Gardens - board 501,42,real_sensor_board_501,33.37192112475995,0,normal
2015-01-21 06:00:00+00:00,36.5,Fitzroy Gardens,501,-24.5,97.8,-37.8148084,144.980999,ENV,REAL_501,Real sensor series - Fitzroy Gardens - board 501,42,real_sensor_board_501,33.33753689980796,0,normal
2015-01-21 06:10:00+00:00,35.2,Fitzroy Gardens,501,-24.2,96.8,-37.8148084,144.980999,ENV,REAL_501,Real sensor series - Fitzroy Gardens - board 501,42,real_sensor_board_501,33.31002951984637,0,normal
2015-01-21 06:20:00+00:00,33.9,Fitzroy Gardens,501,-24.5,96.7,-37.8148084,144.980999,ENV,REAL_501,Real sensor series - Fitzroy Gardens - board 501,42,real_sensor_board_501,33.288023615877094,0,normal
2015-01-21 06:30:00+00:00,33.5,Fitzroy Gardens,501,-24.9,96.6,-37.8148084,144.980999,ENV,REAL_501,Real sensor series - Fitzroy Gardens - board 501,42,real_sensor_board_501,33.27041889270168,0,normal
2015-01-21 06:40:00+00:00,33.5,Fitzroy Gardens,501,-24.9,96.5,-37.8148084,144.980999,ENV,REAL_501,Real sensor series - Fitzroy Gardens - board 501,42,real_sensor_board_501,33.256335114161345,0,normal
2015-01-21 06:50:00+00:00,33.2,Fitzroy Gardens,501,-24.9,96.3,-37.8148084,144.980999,ENV,REAL_501,Real sensor series - Fitzroy Gardens - board 501,42,real_sensor_board_501,33.18506809132908,0,normal
2015-01-21 07:00:00+00:00,33.5,Fitzroy Gardens,501,-24.9,96.4,-37.8148084,144.980999,ENV,REAL_501,Real sensor series - Fitzroy Gardens - board 501,42,real_sensor_board_501,33.06805447306326,0,normal
2015-01-21 07:10:00+00:00,32.9,Fitzroy Gardens,501,-24.7,96.3,-37.8148084,144.980999,ENV,REAL_501,Real sensor series - Fitzroy Gardens - board 501,42,real_sensor_board_501,32.97444357845061,0,normal
2015-01-21 07:20:00+00:00,31.9,Fitzroy Gardens,501,-24.7,96.2,-37.8148084,144.980999,ENV,REAL_501,Real sensor series - Fitzroy Gardens - board 501,42,real_sensor_board_501,32.83955486276049,0,normal
2015-01-21 07:30:00+00:00,32.6,Fitzroy Gardens,501,-24.5,97.8,-37.8148084,144.980999,ENV,REAL_501,Real sensor series - Fitzroy Gardens - board 501,42,real_sensor_board_501,32.73164389020839,0,normal
2015-01-21 07:40:00+00:00,33.2,Fitzroy Gardens,501,-24.5,97.6,-37.8148084,144.980999,ENV,REAL_501,Real sensor series - Fitzroy Gardens - board 501,42,real_sensor_board_501,32.64531511216671,0,normal
2015-01-21 07:50:00+00:00,32.6,Fitzroy Gardens,501,-24.7,97.9,-37.8148084,144.980999,ENV,REAL_501,Real sensor series - Fitzroy Gardens - board 501,42,real_sensor_board_501,32.496252089733375,0,normal
2015-01-21 08:00:00+00:00,31.9,Fitzroy Gardens,501,-24.5,97.7,-37.8148084,144.980999,ENV,REAL_501,Real sensor series - Fitzroy Gardens - board 501,42,real_sensor_board_501,32.3770016717867,0,normal
2015-01-21 08:10:00+00:00,31.0,Fitzroy Gardens,501,-24.7,93.4,-37.8148084,144.980999,ENV,REAL_501,Real sensor series - Fitzroy Gardens - board 501,42,real_sensor_board_501,32.101601337429365,0,normal
2015-01-21 08:20:00+00:00,30.3,Fitzroy Gardens,501,-24.5,93.1,-37.8148084,144.980999,ENV,REAL_501,Real sensor series - Fitzroy Gardens - board 501,42,real_sensor_board_501,31.741281069943497,0,normal
2015-01-21 08:30:00+00:00,30.0,Fitzroy Gardens,501,-24.7,93.3,-37.8148084,144.980999,ENV,REAL_501,Real sensor series - Fitzroy Gardens - board 501,42,real_sensor_board_501,31.3930248559548,0,normal
2015-01-21 08:40:00+00:00,30.0,Fitzroy Gardens,501,-24.4,92.8,-37.8148084,144.980999,ENV,REAL_501,Real sensor series - Fitzroy Gardens - board 501,42,real_sensor_board_501,31.11441988476384,0,normal
2015-01-21 08:50:00+00:00,29.4,Fitzroy Gardens,501,-24.7,93.2,-37.8148084,144.980999,ENV,REAL_501,Real sensor series - Fitzroy Gardens - board 501,42,real_sensor_board_501,30.771535907811074,0,normal
2015-01-21 09:05:00+00:00,29.0,Fitzroy Gardens,501,-24.1,88.7,-37.8148084,144.980999,ENV,REAL_501,Real sensor series - Fitzroy Gardens - board 501,42,real_sensor_board_501,30.41722872624886,0,normal
2015-01-21 09:15:00+00:00,28.7,Fitzroy Gardens,501,-24.4,85.4,-37.8148084,144.980999,ENV,REAL_501,Real sensor series - Fitzroy Gardens - board 501,42,real_sensor_board_501,30.07378298099909,0,normal
2015-01-21 09:25:00+00:00,28.1,Fitzroy Gardens,501,-24.4,81.9,-37.8148084,144.980999,ENV,REAL_501,Real sensor series - Fitzroy Gardens - board 501,42,real_sensor_board_501,29.679026384799275,1,weak_multivariate_excursion
2015-01-21 09:35:00+00:00,27.4,Fitzroy Gardens,501,-24.4,73.3,-37.8148084,144.980999,ENV,REAL_501,Real sensor series - Fitzroy Gardens - board 501,42,real_sensor_board_501,29.22322110783942,1,weak_multivariate_excursion
2015-01-21 09:45:00+00:00,27.1,Fitzroy Gardens,501,-24.2,56.4,-37.8148084,144.980999,ENV,REAL_501,Real sensor series - Fitzroy Gardens - board 501,42,real_sensor_board_501,28.79857688627154,1,weak_multivariate_excursion
2015-01-21 09:55:00+00:00,26.8,Fitzroy Gardens,501,-23.1,26.4,-37.8148084,144.980999,ENV,REAL_501,Real sensor series - Fitzroy Gardens - board 501,42,real_sensor_board_501,28.398861509017234,1,weak_multivariate_excursion
2015-01-21 10:15:00+00:00,26.1,Fitzroy Gardens,501,-24.1,1.6,-37.8148084,144.980999,ENV,REAL_501,Real sensor series - Fitzroy Gardens - board 501,42,real_sensor_board_501,27.93908920721379,1,weak_multivariate_excursion
2015-01-21 10:25:00+00:00,25.5,Fitzroy Gardens,501,-24.2,1.0,-37.8148084,144.980999,ENV,REAL_501,Real sensor series - Fitzroy Gardens - board 501,42,real_sensor_board_501,27.451271365771035,1,weak_multivariate_excursion
2015-01-21 10:35:00+00:00,24.8,Fitzroy Gardens,501,-23.1,1.0,-37.8148084,144.980999,ENV,REAL_501,Real sensor series - Fitzroy Gardens - board 501,42,real_sensor_board_501,27.06101709261683,0,normal
2015-01-21 10:45:00+00:00,24.5,Fitzroy Gardens,501,-23.6,0.9,-37.8148084,144.980999,ENV,REAL_501,Real sensor series - Fitzroy Gardens - board 501,42,real_sensor_board_501,26.748813674093466,0,normal
2015-01-21 10:55:00+00:00,24.2,Fitzroy Gardens,501,-24.1,0.8,-37.8148084,144.980999,ENV,REAL_501,Real sensor series - Fitzroy Gardens - board 501,42,real_sensor_board_501,26.499050939274774,0,normal
2015-01-21 11:05:00+00:00,24.5,Fitzroy Gardens,501,-23.6,0.8,-37.8148084,144.980999,ENV,REAL_501,Real sensor series - Fitzroy Gardens - board 501,42,real_sensor_board_501,26.159240751419823,0,normal
2015-01-21 11:15:00+00:00,23.2,Fitzroy Gardens,501,-21.2,0.8,-37.8148084,144.980999,ENV,REAL_501,Real sensor series - Fitzroy Gardens - board 501,42,real_sensor_board_501,25.827392601135863,0,normal
2015-01-21 11:25:00+00:00,22.9,Fitzroy Gardens,501,-24.7,0.9,-37.8148084,144.980999,ENV,REAL_501,Real sensor series - Fitzroy Gardens - board 501,42,real_sensor_board_501,25.561914080908693,0,normal
2015-01-21 11:35:00+00:00,22.3,Fitzroy Gardens,501,-24.7,0.9,-37.8148084,144.980999,ENV,REAL_501,Real sensor series - Fitzroy Gardens - board 501,42,real_sensor_board_501,25.289531264726957,0,normal
2015-01-21 11:45:00+00:00,21.9,Fitzroy Gardens,501,-24.7,0.9,-37.8148084,144.980999,ENV,REAL_501,Real sensor series - Fitzroy Gardens - board 501,42,real_sensor_board_501,24.871625011781568,0,normal
2015-01-21 11:55:00+00:00,21.6,Fitzroy Gardens,501,-24.7,0.9,-37.8148084,144.980999,ENV,REAL_501,Real sensor series - Fitzroy Gardens - board 501,42,real_sensor_board_501,24.537300009425255,0,normal
2015-01-21 12:20:00+00:00,21.3,Fitzroy Gardens,501,-24.9,0.9,-37.8148084,144.980999,ENV,REAL_501,Real sensor series - Fitzroy Gardens - board 501,42,real_sensor_board_501,24.269840007540207,0,normal
2015-01-21 12:30:00+00:00,21.3,Fitzroy Gardens,501,-24.9,0.9,-37.8148084,144.980999,ENV,REAL_501,Real sensor series - Fitzroy Gardens - board 501,42,real_sensor_board_501,24.055872006032168,0,normal
2015-01-21 12:40:00+00:00,21.0,Fitzroy Gardens,501,-24.9,0.9,-37.8148084,144.980999,ENV,REAL_501,Real sensor series - Fitzroy Gardens - board 501,42,real_sensor_board_501,23.884697604825735,0,normal
2015-01-21 12:50:00+00:00,21.0,Fitzroy Gardens,501,-24.9,1.0,-37.8148084,144.980999,ENV,REAL_501,Real sensor series - Fitzroy Gardens - board 501,42,real_sensor_board_501,23.74775808386059,0,normal
2015-01-21 13:00:00+00:00,20.3,Fitzroy Gardens,501,-24.9,1.0,-37.8148084,144.980999,ENV,REAL_501,Real sensor series - Fitzroy Gardens - board 501,42,real_sensor_board_501,23.638206467088473,1,weak_multivariate_excursion
2015-01-21 22:35:00+00:00,21.9,Fitzroy Gardens,501,17.1,94.4,-37.8148084,144.980999,ENV,REAL_501,Real sensor series - Fitzroy Gardens - board 501,42,real_sensor_board_501,23.55056517367078,1,weak_multivariate_excursion
2015-01-21 23:35:00+00:00,29.4,Fitzroy Gardens,501,45.6,97.1,-37.8148084,144.980999,ENV,REAL_501,Real sensor series - Fitzroy Gardens - board 501,42,real_sensor_board_501,23.480452138936624,1,weak_multivariate_excursion
2015-01-21 23:45:00+00:00,30.6,Fitzroy Gardens,501,45.0,97.1,-37.8148084,144.980999,ENV,REAL_501,Real sensor series - Fitzroy Gardens - board 501,42,real_sensor_board_501,23.4243617111493,1,weak_multivariate_excursion
2015-01-21 23:55:00+00:00,30.0,Fitzroy Gardens,501,44.4,97.1,-37.8148084,144.980999,ENV,REAL_501,Real sensor series - Fitzroy Gardens - board 501,42,real_sensor_board_501,23.37948936891944,1,weak_multivariate_excursion
2015-01-22 22:20:00+00:00,22.6,Fitzroy Gardens,501,-24.9,92.6,-37.8148084,144.980999,ENV,REAL_501,Real sensor series - Fitzroy Gardens - board 501,42,real_sensor_board_501,23.343591495135552,1,weak_multivariate_excursion
2015-01-22 22:30:00+00:00,22.6,Fitzroy Gardens,501,-24.9,93.5,-37.8148084,144.980999,ENV,REAL_501,Real sensor series - Fitzroy Gardens - board 501,42,real_sensor_board_501,23.314873196108444,1,weak_multivariate_excursion
2015-01-22 22:40:00+00:00,22.6,Fitzroy Gardens,501,-24.9,93.7,-37.8148084,144.980999,ENV,REAL_501,Real sensor series - Fitzroy Gardens - board 501,42,real_sensor_board_501,23.751898556886758,0,normal
2015-01-22 22:50:00+00:00,22.3,Fitzroy Gardens,501,-24.9,94.0,-37.8148084,144.980999,ENV,REAL_501,Real sensor series - Fitzroy Gardens - board 501,42,real_sensor_board_501,24.101518845509407,0,normal
2015-01-22 23:00:00+00:00,23.2,Fitzroy Gardens,501,-24.9,94.8,-37.8148084,144.980999,ENV,REAL_501,Real sensor series - Fitzroy Gardens - board 501,42,real_sensor_board_501,24.441215076407527,0,normal
2015-01-22 23:10:00+00:00,26.8,Fitzroy Gardens,501,-24.9,95.8,-37.8148084,144.980999,ENV,REAL_501,Real sensor series - Fitzroy Gardens - board 501,42,real_sensor_board_501,24.712972061126024,0,normal
2015-01-22 23:20:00+00:00,27.4,Fitzroy Gardens,501,-24.9,96.6,-37.8148084,144.980999,ENV,REAL_501,Real sensor series - Fitzroy Gardens - board 501,42,real_sensor_board_501,24.990377648900818,0,normal
2015-01-22 23:35:00+00:00,28.1,Fitzroy Gardens,501,-24.9,97.0,-37.8148084,144.980999,ENV,REAL_501,Real sensor series - Fitzroy Gardens - board 501,42,real_sensor_board_501,25.212302119120658,0,normal
2015-01-22 23:45:00+00:00,28.4,Fitzroy Gardens,501,-24.9,97.1,-37.8148084,144.980999,ENV,REAL_501,Real sensor series - Fitzroy Gardens - board 501,42,real_sensor_board_501,25.389841695296525,0,normal
2015-01-22 23:55:00+00:00,27.7,Fitzroy Gardens,501,-24.9,96.8,-37.8148084,144.980999,ENV,REAL_501,Real sensor series - Fitzroy Gardens - board 501,42,real_sensor_board_501,25.53187335623722,0,normal
2015-01-23 00:05:00+00:00,27.7,Fitzroy Gardens,501,-24.9,96.2,-37.8148084,144.980999,ENV,REAL_501,Real sensor series - Fitzroy Gardens - board 501,42,real_sensor_board_501,25.645498684989775,0,normal
2015-01-23 00:55:00+00:00,25.5,Fitzroy Gardens,501,-24.9,97.4,-37.8148084,144.980999,ENV,REAL_501,Real sensor series - Fitzroy Gardens - board 501,42,real_sensor_board_501,25.736398947991823,0,normal
2015-01-23 01:05:00+00:00,26.8,Fitzroy Gardens,501,-24.9,97.5,-37.8148084,144.980999,ENV,REAL_501,Real sensor series - Fitzroy Gardens - board 501,42,real_sensor_board_501,25.809119158393457,0,normal
2015-01-23 01:15:00+00:00,28.4,Fitzroy Gardens,501,-24.9,97.6,-37.8148084,144.980999,ENV,REAL_501,Real sensor series - Fitzroy Gardens - board 501,42,real_sensor_board_501,25.867295326714768,0,normal
2015-01-23 01:25:00+00:00,25.8,Fitzroy Gardens,501,-24.7,95.1,-37.8148084,144.980999,ENV,REAL_501,Real sensor series - Fitzroy Gardens - board 501,42,real_sensor_board_501,25.853836261371814,0,normal
2015-01-23 01:35:00+00:00,25.8,Fitzroy Gardens,501,-24.7,97.2,-37.8148084,144.980999,ENV,REAL_501,Real sensor series - Fitzroy Gardens - board 501,42,real_sensor_board_501,25.84306900909745,0,normal
2015-01-23 01:45:00+00:00,26.1,Fitzroy Gardens,501,-24.9,97.3,-37.8148084,144.980999,ENV,REAL_501,Real sensor series - Fitzroy Gardens - board 501,42,real_sensor_board_501,25.894455207277964,0,normal
2015-01-23 01:55:00+00:00,26.5,Fitzroy Gardens,501,-24.9,97.4,-37.8148084,144.980999,ENV,REAL_501,Real sensor series - Fitzroy Gardens - board 501,42,real_sensor_board_501,25.93556416582237,0,normal
2015-01-23 02:05:00+00:00,25.5,Fitzroy Gardens,501,-24.9,97.6,-37.8148084,144.980999,ENV,REAL_501,Real sensor series - Fitzroy Gardens - board 501,42,real_sensor_board_501,25.9684513326579,0,normal
2015-01-23 02:15:00+00:00,26.5,Fitzroy Gardens,501,-24.9,97.4,-37.8148084,144.980999,ENV,REAL_501,Real sensor series - Fitzroy Gardens - board 501,42,real_sensor_board_501,25.994761066126323,0,normal
2015-01-23 02:25:00+00:00,26.5,Fitzroy Gardens,501,-24.9,97.3,-37.8148084,144.980999,ENV,REAL_501,Real sensor series - Fitzroy Gardens - board 501,42,real_sensor_board_501,26.01580885290106,0,normal
2015-01-23 02:50:00+00:00,26.1,Fitzroy Gardens,501,-24.9,97.3,-37.8148084,144.980999,ENV,REAL_501,Real sensor series - Fitzroy Gardens - board 501,42,real_sensor_board_501,26.03264708232085,0,normal
2015-01-23 03:00:00+00:00,25.8,Fitzroy Gardens,501,-24.9,97.3,-37.8148084,144.980999,ENV,REAL_501,Real sensor series - Fitzroy Gardens - board 501,42,real_sensor_board_501,25.986117665856682,0,normal
2015-01-23 03:10:00+00:00,25.8,Fitzroy Gardens,501,-24.9,97.3,-37.8148084,144.980999,ENV,REAL_501,Real sensor series - Fitzroy Gardens - board 501,42,real_sensor_board_501,25.948894132685346,0,normal
2015-01-23 03:20:00+00:00,25.8,Fitzroy Gardens,501,-24.9,97.3,-37.8148084,144.980999,ENV,REAL_501,Real sensor series - Fitzroy Gardens - board 501,42,real_sensor_board_501,25.919115306148278,0,normal
2015-01-23 03:30:00+00:00,25.8,Fitzroy Gardens,501,-24.9,97.4,-37.8148084,144.980999,ENV,REAL_501,Real sensor series - Fitzroy Gardens - board 501,42,real_sensor_board_501,25.895292244918625,0,normal
2015-01-23 03:40:00+00:00,26.1,Fitzroy Gardens,501,-24.9,97.7,-37.8148084,144.980999,ENV,REAL_501,Real sensor series - Fitzroy Gardens - board 501,42,real_sensor_board_501,25.8762337959349,0,normal
2015-01-23 03:50:00+00:00,24.8,Fitzroy Gardens,501,-24.5,97.1,-37.8148084,144.980999,ENV,REAL_501,Real sensor series - Fitzroy Gardens - board 501,42,real_sensor_board_501,25.86098703674792,0,normal
2015-01-23 04:30:00+00:00,24.8,Fitzroy Gardens,501,-24.7,97.4,-37.8148084,144.980999,ENV,REAL_501,Real sensor series - Fitzroy Gardens - board 501,42,real_sensor_board_501,25.84878962939834,0,normal
2015-01-23 05:00:00+00:00,25.5,Fitzroy Gardens,501,-23.8,97.5,-37.8148084,144.980999,ENV,REAL_501,Real sensor series - Fitzroy Gardens - board 501,42,real_sensor_board_501,25.839031703518675,0,normal
2015-01-23 05:10:00+00:00,26.1,Fitzroy Gardens,501,-24.9,97.5,-37.8148084,144.980999,ENV,REAL_501,Real sensor series - Fitzroy Gardens - board 501,42,real_sensor_board_501,25.83122536281494,0,normal
2015-01-23 05:20:00+00:00,26.5,Fitzroy Gardens,501,-24.9,97.6,-37.8148084,144.980999,ENV,REAL_501,Real sensor series - Fitzroy Gardens - board 501,42,real_sensor_board_501,25.824980290251954,0,normal
2015-01-23 05:30:00+00:00,26.5,Fitzroy Gardens,501,-24.9,97.6,-37.8148084,144.980999,ENV,REAL_501,Real sensor series - Fitzroy Gardens - board 501,42,real_sensor_board_501,25.819984232201566,0,normal
2015-01-23 05:40:00+00:00,25.8,Fitzroy Gardens,501,-24.7,97.7,-37.8148084,144.980999,ENV,REAL_501,Real sensor series - Fitzroy Gardens - board 501,42,real_sensor_board_501,25.755987385761255,0,normal
2015-01-23 05:50:00+00:00,25.8,Fitzroy Gardens,501,-8.3,97.7,-37.8148084,144.980999,ENV,REAL_501,Real sensor series - Fitzroy Gardens - board 501,42,real_sensor_board_501,25.70478990860901,0,normal
2015-01-23 06:05:00+00:00,25.8,Fitzroy Gardens,501,-5.6,97.5,-37.8148084,144.980999,ENV,REAL_501,Real sensor series - Fitzroy Gardens - board 501,42,real_sensor_board_501,25.66383192688721,0,normal
2015-01-23 06:15:00+00:00,24.2,Fitzroy Gardens,501,-24.9,96.6,-37.8148084,144.980999,ENV,REAL_501,Real sensor series - Fitzroy Gardens - board 501,42,real_sensor_board_501,25.63106554150977,0,normal
2015-01-23 06:25:00+00:00,22.9,Fitzroy Gardens,501,-24.9,96.5,-37.8148084,144.980999,ENV,REAL_501,Real sensor series - Fitzroy Gardens - board 501,42,real_sensor_board_501,25.464852433207817,0,normal
2015-01-23 06:35:00+00:00,22.3,Fitzroy Gardens,501,-24.9,96.4,-37.8148084,144.980999,ENV,REAL_501,Real sensor series - Fitzroy Gardens - board 501,42,real_sensor_board_501,25.331881946566256,0,normal
2015-01-23 06:45:00+00:00,22.3,Fitzroy Gardens,501,-24.9,96.2,-37.8148084,144.980999,ENV,REAL_501,Real sensor series - Fitzroy Gardens - board 501,42,real_sensor_board_501,25.165505557253006,0,normal
2015-01-23 06:55:00+00:00,21.9,Fitzroy Gardens,501,-24.9,96.3,-37.8148084,144.980999,ENV,REAL_501,Real sensor series - Fitzroy Gardens - board 501,42,real_sensor_board_501,24.972404445802407,0,normal
2015-01-23 07:05:00+00:00,22.6,Fitzroy Gardens,501,-24.9,96.3,-37.8148084,144.980999,ENV,REAL_501,Real sensor series - Fitzroy Gardens - board 501,42,real_sensor_board_501,24.757923556641927,0,normal
2015-01-23 07:25:00+00:00,21.9,Fitzroy Gardens,501,-24.9,97.3,-37.8148084,144.980999,ENV,REAL_501,Real sensor series - Fitzroy Gardens - board 501,42,real_sensor_board_501,24.586338845313545,0,normal
2015-01-23 07:35:00+00:00,21.9,Fitzroy Gardens,501,-24.9,97.8,-37.8148084,144.980999,ENV,REAL_501,Real sensor series - Fitzroy Gardens - board 501,42,real_sensor_board_501,24.44907107625084,0,normal
2015-01-23 07:45:00+00:00,22.3,Fitzroy Gardens,501,-24.9,97.8,-37.8148084,144.980999,ENV,REAL_501,Real sensor series - Fitzroy Gardens - board 501,42,real_sensor_board_501,24.339256861000674,0,normal
2015-01-23 07:55:00+00:00,21.6,Fitzroy Gardens,501,-24.9,97.4,-37.8148084,144.980999,ENV,REAL_501,Real sensor series - Fitzroy Gardens - board 501,42,real_sensor_board_501,24.17140548880054,0,normal
2015-01-28 05:30:00+00:00,25.8,Fitzroy Gardens,501,-24.7,97.7,-37.8148084,144.980999,ENV,REAL_501,Real sensor series - Fitzroy Gardens - board 501,42,real_sensor_board_501,24.037124391040432,0,normal
2015-01-28 05:40:00+00:00,24.5,Fitzroy Gardens,501,-24.9,97.7,-37.8148084,144.980999,ENV,REAL_501,Real sensor series - Fitzroy Gardens - board 501,42,real_sensor_board_501,23.869699512832348,0,normal
2015-01-28 05:50:00+00:00,23.9,Fitzroy Gardens,501,-24.9,95.1,-37.8148084,144.980999,ENV,REAL_501,Real sensor series - Fitzroy Gardens - board 501,42,real_sensor_board_501,23.675759610265878,0,normal
2015-01-28 06:00:00+00:00,25.5,Fitzroy Gardens,501,-24.9,94.4,-37.8148084,144.980999,ENV,REAL_501,Real sensor series - Fitzroy Gardens - board 501,42,real_sensor_board_501,23.520607688212706,0,normal
2015-01-28 06:10:00+00:00,26.1,Fitzroy Gardens,501,-24.9,96.8,-37.8148084,144.980999,ENV,REAL_501,Real sensor series - Fitzroy Gardens - board 501,42,real_sensor_board_501,23.39648615057017,0,normal
2015-01-28 06:20:00+00:00,23.9,Fitzroy Gardens,501,-24.9,96.3,-37.8148084,144.980999,ENV,REAL_501,Real sensor series - Fitzroy Gardens - board 501,42,real_sensor_board_501,23.237188920456134,0,normal
2015-01-28 06:30:00+00:00,23.5,Fitzroy Gardens,501,-24.9,96.4,-37.8148084,144.980999,ENV,REAL_501,Real sensor series - Fitzroy Gardens - board 501,42,real_sensor_board_501,23.109751136364906,0,normal
2015-01-28 06:40:00+00:00,23.2,Fitzroy Gardens,501,-24.9,96.1,-37.8148084,144.980999,ENV,REAL_501,Real sensor series - Fitzroy Gardens - board 501,42,real_sensor_board_501,23.007800909091927,0,normal
2015-01-28 06:50:00+00:00,23.9,Fitzroy Gardens,501,-24.9,95.8,-37.8148084,144.980999,ENV,REAL_501,Real sensor series - Fitzroy Gardens - board 501,42,real_sensor_board_501,22.92624072727354,0,normal
2015-01-28 07:00:00+00:00,23.5,Fitzroy Gardens,501,-24.9,96.4,-37.8148084,144.980999,ENV,REAL_501,Real sensor series - Fitzroy Gardens - board 501,42,real_sensor_board_501,22.860992581818834,0,normal
2015-01-28 07:10:00+00:00,23.9,Fitzroy Gardens,501,-24.9,95.9,-37.8148084,144.980999,ENV,REAL_501,Real sensor series - Fitzroy Gardens - board 501,42,real_sensor_board_501,22.808794065455068,0,normal
2015-01-28 07:20:00+00:00,22.9,Fitzroy Gardens,501,-24.9,95.7,-37.8148084,144.980999,ENV,REAL_501,Real sensor series - Fitzroy Gardens - board 501,42,real_sensor_board_501,22.707035252364054,0,normal
2015-01-28 07:30:00+00:00,22.6,Fitzroy Gardens,501,-24.9,97.9,-37.8148084,144.980999,ENV,REAL_501,Real sensor series - Fitzroy Gardens - board 501,42,real_sensor_board_501,22.625628201891246,0,normal
2015-01-28 07:40:00+00:00,22.9,Fitzroy Gardens,501,-24.9,97.9,-37.8148084,144.980999,ENV,REAL_501,Real sensor series - Fitzroy Gardens - board 501,42,real_sensor_board_501,22.560502561512997,0,normal
2015-01-28 07:55:00+00:00,22.6,Fitzroy Gardens,501,-24.9,97.9,-37.8148084,144.980999,ENV,REAL_501,Real sensor series - Fitzroy Gardens - board 501,42,real_sensor_board_501,22.3684020492104,1,weak_multivariate_excursion
2015-01-28 09:05:00+00:00,19.0,Fitzroy Gardens,501,-20.9,82.2,-37.8148084,144.980999,ENV,REAL_501,Real sensor series - Fitzroy Gardens - board 501,42,real_sensor_board_501,21.69472163936832,1,weak_multivariate_excursion
2015-01-28 09:15:00+00:00,18.4,Fitzroy Gardens,501,-24.1,77.9,-37.8148084,144.980999,ENV,REAL_501,Real sensor series - Fitzroy Gardens - board 501,42,real_sensor_board_501,21.15577731149466,1,weak_multivariate_excursion
2015-01-28 09:25:00+00:00,18.1,Fitzroy Gardens,501,-24.2,70.8,-37.8148084,144.980999,ENV,REAL_501,Real sensor series - Fitzroy Gardens - board 501,42,real_sensor_board_501,20.724621849195728,1,weak_multivariate_excursion
2015-01-28 09:35:00+00:00,17.7,Fitzroy Gardens,501,-24.2,56.3,-37.8148084,144.980999,ENV,REAL_501,Real sensor series - Fitzroy Gardens - board 501,42,real_sensor_board_501,20.379697479356583,1,weak_multivariate_excursion
2015-01-28 09:45:00+00:00,17.7,Fitzroy Gardens,501,-23.9,32.6,-37.8148084,144.980999,ENV,REAL_501,Real sensor series - Fitzroy Gardens - board 501,42,real_sensor_board_501,20.103757983485266,1,weak_multivariate_excursion
2015-01-28 09:55:00+00:00,17.4,Fitzroy Gardens,501,-23.4,9.2,-37.8148084,144.980999,ENV,REAL_501,Real sensor series - Fitzroy Gardens - board 501,42,real_sensor_board_501,19.883006386788214,1,weak_multivariate_excursion
2015-01-28 10:05:00+00:00,17.4,Fitzroy Gardens,501,-22.5,1.3,-37.8148084,144.980999,ENV,REAL_501,Real sensor series - Fitzroy Gardens - board 501,42,real_sensor_board_501,19.706405109430573,1,weak_multivariate_excursion
2015-01-28 10:15:00+00:00,17.1,Fitzroy Gardens,501,-17.0,0.2,-37.8148084,144.980999,ENV,REAL_501,Real sensor series - Fitzroy Gardens - board 501,42,real_sensor_board_501,19.565124087544458,1,weak_multivariate_excursion
2015-01-28 10:25:00+00:00,17.1,Fitzroy Gardens,501,-21.7,0.1,-37.8148084,144.980999,ENV,REAL_501,Real sensor series - Fitzroy Gardens - board 501,42,real_sensor_board_501,19.452099270035568,0,normal
2015-01-28 10:35:00+00:00,16.8,Fitzroy Gardens,501,-16.5,0.0,-37.8148084,144.980999,ENV,REAL_501,Real sensor series - Fitzroy Gardens - board 501,42,real_sensor_board_501,19.361679416028455,0,normal
2015-01-28 10:45:00+00:00,16.5,Fitzroy Gardens,501,-16.3,0.0,-37.8148084,144.980999,ENV,REAL_501,Real sensor series - Fitzroy Gardens - board 501,42,real_sensor_board_501,19.289343532822766,0,normal
2015-01-28 11:10:00+00:00,16.1,Fitzroy Gardens,501,-18.1,0.0,-37.8148084,144.980999,ENV,REAL_501,Real sensor series - Fitzroy Gardens - board 501,42,real_sensor_board_501,19.231474826258214,0,normal
2015-01-28 11:20:00+00:00,16.1,Fitzroy Gardens,501,-11.8,0.0,-37.8148084,144.980999,ENV,REAL_501,Real sensor series - Fitzroy Gardens - board 501,42,real_sensor_board_501,19.18517986100657,0,normal
2015-01-28 11:30:00+00:00,15.8,Fitzroy Gardens,501,-17.9,0.1,-37.8148084,144.980999,ENV,REAL_501,Real sensor series - Fitzroy Gardens - board 501,42,real_sensor_board_501,19.148143888805258,0,normal
2015-01-28 11:40:00+00:00,15.8,Fitzroy Gardens,501,-18.9,0.0,-37.8148084,144.980999,ENV,REAL_501,Real sensor series - Fitzroy Gardens - board 501,42,real_sensor_board_501,19.118515111044207,0,normal
2015-01-28 11:50:00+00:00,15.5,Fitzroy Gardens,501,-19.8,0.0,-37.8148084,144.980999,ENV,REAL_501,Real sensor series - Fitzroy Gardens - board 501,42,real_sensor_board_501,19.094812088835365,1,weak_multivariate_excursion
2015-02-03 01:35:00+00:00,20.6,Fitzroy Gardens,501,43.3,96.3,-37.8148084,144.980999,ENV,REAL_501,Real sensor series - Fitzroy Gardens - board 501,42,real_sensor_board_501,19.395849671068294,1,weak_multivariate_excursion
2015-02-03 01:45:00+00:00,21.9,Fitzroy Gardens,501,41.8,97.2,-37.8148084,144.980999,ENV,REAL_501,Real sensor series - Fitzroy Gardens - board 501,42,real_sensor_board_501,19.716679736854637,1,weak_multivariate_excursion
2015-02-03 02:00:00+00:00,21.3,Fitzroy Gardens,501,40.4,97.0,-37.8148084,144.980999,ENV,REAL_501,Real sensor series - Fitzroy Gardens - board 501,42,real_sensor_board_501,19.97334378948371,1,weak_multivariate_excursion
2015-02-03 02:10:00+00:00,21.0,Fitzroy Gardens,501,42.8,97.0,-37.8148084,144.980999,ENV,REAL_501,Real sensor series - Fitzroy Gardens - board 501,42,real_sensor_board_501,20.17867503158697,0,normal
2015-02-03 02:20:00+00:00,21.0,Fitzroy Gardens,501,40.4,97.1,-37.8148084,144.980999,ENV,REAL_501,Real sensor series - Fitzroy Gardens - board 501,42,real_sensor_board_501,20.342940025269577,0,normal
2015-02-03 02:30:00+00:00,21.0,Fitzroy Gardens,501,40.1,97.2,-37.8148084,144.980999,ENV,REAL_501,Real sensor series - Fitzroy Gardens - board 501,42,real_sensor_board_501,20.534352020215664,0,normal
2015-02-03 02:40:00+00:00,21.6,Fitzroy Gardens,501,39.6,97.2,-37.8148084,144.980999,ENV,REAL_501,Real sensor series - Fitzroy Gardens - board 501,42,real_sensor_board_501,20.747481616172532,0,normal
2015-02-03 02:50:00+00:00,21.6,Fitzroy Gardens,501,41.5,97.3,-37.8148084,144.980999,ENV,REAL_501,Real sensor series - Fitzroy Gardens - board 501,42,real_sensor_board_501,20.917985292938027,0,normal
2015-02-03 03:00:00+00:00,21.0,Fitzroy Gardens,501,41.5,97.3,-37.8148084,144.980999,ENV,REAL_501,Real sensor series - Fitzroy Gardens - board 501,42,real_sensor_board_501,21.054388234350423,0,normal
2015-02-03 03:20:00+00:00,21.9,Fitzroy Gardens,501,40.9,96.9,-37.8148084,144.980999,ENV,REAL_501,Real sensor series - Fitzroy Gardens - board 501,42,real_sensor_board_501,21.16351058748034,0,normal
2015-02-03 03:30:00+00:00,22.9,Fitzroy Gardens,501,40.3,97.4,-37.8148084,144.980999,ENV,REAL_501,Real sensor series - Fitzroy Gardens - board 501,42,real_sensor_board_501,21.25080846998427,0,normal
2015-02-03 03:40:00+00:00,21.6,Fitzroy Gardens,501,41.8,97.3,-37.8148084,144.980999,ENV,REAL_501,Real sensor series - Fitzroy Gardens - board 501,42,real_sensor_board_501,21.320646775987417,0,normal
2015-02-03 04:00:00+00:00,21.9,Fitzroy Gardens,501,41.7,97.4,-37.8148084,144.980999,ENV,REAL_501,Real sensor series - Fitzroy Gardens - board 501,42,real_sensor_board_501,21.376517420789934,0,normal
2015-02-03 04:10:00+00:00,22.3,Fitzroy Gardens,501,40.4,97.3,-37.8148084,144.980999,ENV,REAL_501,Real sensor series - Fitzroy Gardens - board 501,42,real_sensor_board_501,21.421213936631947,0,normal
2015-02-03 04:50:00+00:00,23.5,Fitzroy Gardens,501,37.6,97.4,-37.8148084,144.980999,ENV,REAL_501,Real sensor series - Fitzroy Gardens - board 501,42,real_sensor_board_501,21.45697114930556,0,normal
2015-02-03 05:05:00+00:00,24.5,Fitzroy Gardens,501,36.3,97.5,-37.8148084,144.980999,ENV,REAL_501,Real sensor series - Fitzroy Gardens - board 501,42,real_sensor_board_501,21.485576919444448,0,normal
2015-02-03 05:15:00+00:00,24.5,Fitzroy Gardens,501,37.9,97.5,-37.8148084,144.980999,ENV,REAL_501,Real sensor series - Fitzroy Gardens - board 501,42,real_sensor_board_501,21.508461535555558,0,normal
2015-02-03 05:25:00+00:00,23.9,Fitzroy Gardens,501,38.2,97.6,-37.8148084,144.980999,ENV,REAL_501,Real sensor series - Fitzroy Gardens - board 501,42,real_sensor_board_501,21.526769228444447,0,normal
2015-02-03 05:35:00+00:00,23.2,Fitzroy Gardens,501,40.4,97.6,-37.8148084,144.980999,ENV,REAL_501,Real sensor series - Fitzroy Gardens - board 501,42,real_sensor_board_501,21.54141538275556,0,normal
2015-02-03 05:45:00+00:00,23.9,Fitzroy Gardens,501,38.7,97.6,-37.8148084,144.980999,ENV,REAL_501,Real sensor series - Fitzroy Gardens - board 501,42,real_sensor_board_501,21.55313230620445,0,normal
2015-02-03 05:55:00+00:00,23.2,Fitzroy Gardens,501,39.3,97.6,-37.8148084,144.980999,ENV,REAL_501,Real sensor series - Fitzroy Gardens - board 501,42,real_sensor_board_501,21.56250584496356,0,normal
2015-02-03 06:05:00+00:00,23.5,Fitzroy Gardens,501,39.2,97.7,-37.8148084,144.980999,ENV,REAL_501,Real sensor series - Fitzroy Gardens - board 501,42,real_sensor_board_501,21.57000467597085,0,normal
2015-02-03 06:15:00+00:00,22.9,Fitzroy Gardens,501,39.9,96.4,-37.8148084,144.980999,ENV,REAL_501,Real sensor series - Fitzroy Gardens - board 501,42,real_sensor_board_501,21.45600374077668,0,normal
2015-02-03 06:25:00+00:00,21.0,Fitzroy Gardens,501,40.3,96.3,-37.8148084,144.980999,ENV,REAL_501,Real sensor series - Fitzroy Gardens - board 501,42,real_sensor_board_501,21.364802992621343,0,normal
2015-02-03 06:35:00+00:00,20.6,Fitzroy Gardens,501,40.4,96.2,-37.8148084,144.980999,ENV,REAL_501,Real sensor series - Fitzroy Gardens - board 501,42,real_sensor_board_501,21.211842394097076,0,normal
2015-02-03 06:45:00+00:00,19.0,Fitzroy Gardens,501,43.7,96.3,-37.8148084,144.980999,ENV,REAL_501,Real sensor series - Fitzroy Gardens - board 501,42,real_sensor_board_501,20.96947391527766,0,normal
2015-02-03 06:55:00+00:00,19.0,Fitzroy Gardens,501,44.0,96.3,-37.8148084,144.980999,ENV,REAL_501,Real sensor series - Fitzroy Gardens - board 501,42,real_sensor_board_501,20.715579132222132,0,normal
2015-02-03 07:05:00+00:00,18.7,Fitzroy Gardens,501,45.9,96.3,-37.8148084,144.980999,ENV,REAL_501,Real sensor series - Fitzroy Gardens - board 501,42,real_sensor_board_501,20.512463305777707,0,normal
2015-02-03 07:15:00+00:00,19.4,Fitzroy Gardens,501,42.9,95.6,-37.8148084,144.980999,ENV,REAL_501,Real sensor series - Fitzroy Gardens - board 501,42,real_sensor_board_501,20.349970644622168,0,normal
2015-02-03 07:25:00+00:00,19.4,Fitzroy Gardens,501,42.5,96.0,-37.8148084,144.980999,ENV,REAL_501,Real sensor series - Fitzroy Gardens - board 501,42,real_sensor_board_501,20.219976515697738,0,normal
2015-02-03 07:35:00+00:00,18.7,Fitzroy Gardens,501,42.6,97.0,-37.8148084,144.980999,ENV,REAL_501,Real sensor series - Fitzroy Gardens - board 501,42,real_sensor_board_501,20.115981212558193,0,normal
2015-02-03 07:45:00+00:00,18.4,Fitzroy Gardens,501,43.7,93.9,-37.8148084,144.980999,ENV,REAL_501,Real sensor series - Fitzroy Gardens - board 501,42,real_sensor_board_501,20.032784970046556,1,weak_multivariate_excursion
2015-02-03 08:40:00+00:00,16.5,Fitzroy Gardens,501,52.4,87.6,-37.8148084,144.980999,ENV,REAL_501,Real sensor series - Fitzroy Gardens - board 501,42,real_sensor_board_501,19.966227976037246,1,weak_multivariate_excursion
2015-02-23 05:00:00+00:00,19.0,Fitzroy Gardens,501,35.2,90.6,-37.8148084,144.980999,ENV,REAL_501,Real sensor series - Fitzroy Gardens - board 501,42,real_sensor_board_501,19.9129823808298,1,weak_multivariate_excursion
2015-02-23 05:10:00+00:00,19.0,Fitzroy Gardens,501,37.6,90.2,-37.8148084,144.980999,ENV,REAL_501,Real sensor series - Fitzroy Gardens - board 501,42,real_sensor_board_501,19.81038590466384,0,normal
2015-02-23 05:20:00+00:00,19.4,Fitzroy Gardens,501,36.0,90.3,-37.8148084,144.980999,ENV,REAL_501,Real sensor series - Fitzroy Gardens - board 501,42,real_sensor_board_501,19.72830872373107,0,normal
2015-02-23 05:30:00+00:00,19.4,Fitzroy Gardens,501,34.3,91.9,-37.8148084,144.980999,ENV,REAL_501,Real sensor series - Fitzroy Gardens - board 501,42,real_sensor_board_501,19.662646978984856,0,normal
2015-02-23 05:40:00+00:00,20.0,Fitzroy Gardens,501,32.4,92.4,-37.8148084,144.980999,ENV,REAL_501,Real sensor series - Fitzroy Gardens - board 501,42,real_sensor_board_501,19.610117583187886,0,normal
2015-02-23 05:50:00+00:00,19.7,Fitzroy Gardens,501,32.2,92.3,-37.8148084,144.980999,ENV,REAL_501,Real sensor series - Fitzroy Gardens - board 501,42,real_sensor_board_501,19.56809406655031,0,normal
2015-02-23 06:00:00+00:00,19.7,Fitzroy Gardens,501,32.7,91.1,-37.8148084,144.980999,ENV,REAL_501,Real sensor series - Fitzroy Gardens - board 501,42,real_sensor_board_501,19.454475253240247,0,normal
2015-02-23 06:10:00+00:00,19.7,Fitzroy Gardens,501,33.3,91.7,-37.8148084,144.980999,ENV,REAL_501,Real sensor series - Fitzroy Gardens - board 501,42,real_sensor_board_501,19.3635802025922,0,normal
2015-02-23 06:25:00+00:00,19.7,Fitzroy Gardens,501,33.9,92.1,-37.8148084,144.980999,ENV,REAL_501,Real sensor series - Fitzroy Gardens - board 501,42,real_sensor_board_501,19.29086416207376,0,normal
2015-02-23 06:35:00+00:00,19.7,Fitzroy Gardens,501,34.3,92.5,-37.8148084,144.980999,ENV,REAL_501,Real sensor series - Fitzroy Gardens - board 501,42,real_sensor_board_501,19.23269132965901,0,normal
2015-02-23 06:45:00+00:00,19.7,Fitzroy Gardens,501,31.4,93.0,-37.8148084,144.980999,ENV,REAL_501,Real sensor series - Fitzroy Gardens - board 501,42,real_sensor_board_501,19.186153063727208,0,normal
2015-02-23 06:55:00+00:00,19.7,Fitzroy Gardens,501,31.0,92.2,-37.8148084,144.980999,ENV,REAL_501,Real sensor series - Fitzroy Gardens - board 501,42,real_sensor_board_501,19.08892245098177,0,normal
2015-02-23 07:05:00+00:00,19.7,Fitzroy Gardens,501,30.6,91.9,-37.8148084,144.980999,ENV,REAL_501,Real sensor series - Fitzroy Gardens - board 501,42,real_sensor_board_501,18.951137960785417,0,normal
2015-02-23 07:15:00+00:00,19.4,Fitzroy Gardens,501,29.1,90.6,-37.8148084,144.980999,ENV,REAL_501,Real sensor series - Fitzroy Gardens - board 501,42,real_sensor_board_501,18.840910368628336,1,weak_multivariate_excursion
2015-02-23 07:35:00+00:00,18.4,Fitzroy Gardens,501,30.0,82.3,-37.8148084,144.980999,ENV,REAL_501,Real sensor series - Fitzroy Gardens - board 501,42,real_sensor_board_501,18.752728294902667,1,weak_multivariate_excursion
2015-02-23 07:45:00+00:00,18.4,Fitzroy Gardens,501,30.0,76.2,-37.8148084,144.980999,ENV,REAL_501,Real sensor series - Fitzroy Gardens - board 501,42,real_sensor_board_501,18.682182635922132,1,weak_multivariate_excursion
2015-02-23 07:55:00+00:00,18.1,Fitzroy Gardens,501,29.8,73.1,-37.8148084,144.980999,ENV,REAL_501,Real sensor series - Fitzroy Gardens - board 501,42,real_sensor_board_501,18.565746108737706,0,normal
2015-02-23 08:15:00+00:00,18.1,Fitzroy Gardens,501,30.6,70.0,-37.8148084,144.980999,ENV,REAL_501,Real sensor series - Fitzroy Gardens - board 501,42,real_sensor_board_501,18.472596886990164,1,weak_multivariate_excursion
2015-02-23 08:55:00+00:00,15.8,Fitzroy Gardens,501,74.6,22.8,-37.8148084,144.980999,ENV,REAL_501,Real sensor series - Fitzroy Gardens - board 501,42,real_sensor_board_501,18.19807750959213,1,weak_multivariate_excursion
2015-02-23 09:05:00+00:00,16.8,Fitzroy Gardens,501,72.4,12.0,-37.8148084,144.980999,ENV,REAL_501,Real sensor series - Fitzroy Gardens - board 501,42,real_sensor_board_501,17.978462007673706,1,weak_multivariate_excursion
2015-02-23 09:15:00+00:00,17.1,Fitzroy Gardens,501,65.0,4.6,-37.8148084,144.980999,ENV,REAL_501,Real sensor series - Fitzroy Gardens - board 501,42,real_sensor_board_501,17.802769606138966,1,weak_multivariate_excursion
2015-02-23 09:25:00+00:00,17.1,Fitzroy Gardens,501,64.9,1.0,-37.8148084,144.980999,ENV,REAL_501,Real sensor series - Fitzroy Gardens - board 501,42,real_sensor_board_501,17.662215684911175,1,weak_multivariate_excursion
2015-02-23 09:40:00+00:00,16.8,Fitzroy Gardens,501,64.5,0.3,-37.8148084,144.980999,ENV,REAL_501,Real sensor series - Fitzroy Gardens - board 501,42,real_sensor_board_501,17.549772547928942,0,normal
2015-02-23 09:50:00+00:00,16.8,Fitzroy Gardens,501,61.2,0.3,-37.8148084,144.980999,ENV,REAL_501,Real sensor series - Fitzroy Gardens - board 501,42,real_sensor_board_501,17.459818038343155,0,normal
2015-02-23 10:00:00+00:00,17.1,Fitzroy Gardens,501,61.7,0.2,-37.8148084,144.980999,ENV,REAL_501,Real sensor series - Fitzroy Gardens - board 501,42,real_sensor_board_501,17.387854430674526,0,normal
2015-02-23 10:10:00+00:00,17.1,Fitzroy Gardens,501,61.1,0.2,-37.8148084,144.980999,ENV,REAL_501,Real sensor series - Fitzroy Gardens - board 501,42,real_sensor_board_501,17.330283544539622,0,normal
2015-02-23 10:20:00+00:00,17.1,Fitzroy Gardens,501,59.3,0.2,-37.8148084,144.980999,ENV,REAL_501,Real sensor series - Fitzroy Gardens - board 501,42,real_sensor_board_501,17.2842268356317,0,normal
2015-02-23 10:30:00+00:00,17.1,Fitzroy Gardens,501,58.2,0.2,-37.8148084,144.980999,ENV,REAL_501,Real sensor series - Fitzroy Gardens - board 501,42,real_sensor_board_501,17.24738146850536,0,normal
2015-02-23 10:40:00+00:00,17.1,Fitzroy Gardens,501,57.8,0.2,-37.8148084,144.980999,ENV,REAL_501,Real sensor series - Fitzroy Gardens - board 501,42,real_sensor_board_501,17.21790517480429,0,normal
2015-02-23 10:50:00+00:00,17.1,Fitzroy Gardens,501,59.6,0.2,-37.8148084,144.980999,ENV,REAL_501,Real sensor series - Fitzroy Gardens - board 501,42,real_sensor_board_501,17.194324139843435,0,normal
2015-02-23 11:00:00+00:00,17.1,Fitzroy Gardens,501,60.4,0.2,-37.8148084,144.980999,ENV,REAL_501,Real sensor series - Fitzroy Gardens - board 501,42,real_sensor_board_501,17.17545931187475,0,normal
2015-02-23 11:10:00+00:00,15.8,Fitzroy Gardens,501,74.3,0.3,-37.8148084,144.980999,ENV,REAL_501,Real sensor series - Fitzroy Gardens - board 501,42,real_sensor_board_501,17.1603674494998,0,normal
2015-02-23 11:20:00+00:00,14.8,Fitzroy Gardens,501,95.3,0.2,-37.8148084,144.980999,ENV,REAL_501,Real sensor series - Fitzroy Gardens - board 501,42,real_sensor_board_501,17.148293959599844,0,normal
2015-02-23 11:30:00+00:00,15.2,Fitzroy Gardens,501,100.8,0.2,-37.8148084,144.980999,ENV,REAL_501,Real sensor series - Fitzroy Gardens - board 501,42,real_sensor_board_501,17.138635167679876,0,normal
2015-02-23 11:40:00+00:00,15.2,Fitzroy Gardens,501,101.6,0.2,-37.8148084,144.980999,ENV,REAL_501,Real sensor series - Fitzroy Gardens - board 501,42,real_sensor_board_501,17.1309081341439,0,normal
2015-02-23 11:50:00+00:00,15.5,Fitzroy Gardens,501,102.5,0.2,-37.8148084,144.980999,ENV,REAL_501,Real sensor series - Fitzroy Gardens - board 501,42,real_sensor_board_501,17.124726507315124,1,weak_multivariate_excursion
2015-02-24 22:55:00+00:00,17.1,Fitzroy Gardens,501,74.2,92.5,-37.8148084,144.980999,ENV,REAL_501,Real sensor series - Fitzroy Gardens - board 501,42,real_sensor_board_501,17.1197812058521,1,weak_multivariate_excursion
2015-02-24 23:05:00+00:00,17.1,Fitzroy Gardens,501,74.3,92.7,-37.8148084,144.980999,ENV,REAL_501,Real sensor series - Fitzroy Gardens - board 501,42,real_sensor_board_501,17.115824964681682,1,weak_multivariate_excursion
2015-02-24 23:15:00+00:00,17.1,Fitzroy Gardens,501,69.1,92.9,-37.8148084,144.980999,ENV,REAL_501,Real sensor series - Fitzroy Gardens - board 501,42,real_sensor_board_501,17.112659971745348,0,normal
2015-02-24 23:25:00+00:00,19.7,Fitzroy Gardens,501,61.7,94.1,-37.8148084,144.980999,ENV,REAL_501,Real sensor series - Fitzroy Gardens - board 501,42,real_sensor_board_501,17.63012797739628,1,weak_multivariate_excursion
2015-02-24 23:35:00+00:00,21.9,Fitzroy Gardens,501,56.5,96.3,-37.8148084,144.980999,ENV,REAL_501,Real sensor series - Fitzroy Gardens - board 501,42,real_sensor_board_501,18.484102381917026,1,weak_multivariate_excursion
2015-02-24 23:45:00+00:00,24.2,Fitzroy Gardens,501,48.3,96.5,-37.8148084,144.980999,ENV,REAL_501,Real sensor series - Fitzroy Gardens - board 501,42,real_sensor_board_501,19.427281905533622,1,weak_multivariate_excursion
2015-02-25 00:30:00+00:00,25.2,Fitzroy Gardens,501,43.1,95.9,-37.8148084,144.980999,ENV,REAL_501,Real sensor series - Fitzroy Gardens - board 501,42,real_sensor_board_501,20.241825524426897,1,weak_multivariate_excursion
2015-02-25 01:00:00+00:00,23.2,Fitzroy Gardens,501,44.7,95.4,-37.8148084,144.980999,ENV,REAL_501,Real sensor series - Fitzroy Gardens - board 501,42,real_sensor_board_501,21.03346041954152,0,normal
2015-02-25 01:10:00+00:00,23.5,Fitzroy Gardens,501,43.4,95.4,-37.8148084,144.980999,ENV,REAL_501,Real sensor series - Fitzroy Gardens - board 501,42,real_sensor_board_501,21.726768335633217,0,normal
2015-02-25 01:20:00+00:00,25.2,Fitzroy Gardens,501,45.1,96.4,-37.8148084,144.980999,ENV,REAL_501,Real sensor series - Fitzroy Gardens - board 501,42,real_sensor_board_501,22.421414668506575,0,normal
2015-02-25 01:30:00+00:00,25.2,Fitzroy Gardens,501,44.2,95.2,-37.8148084,144.980999,ENV,REAL_501,Real sensor series - Fitzroy Gardens - board 501,42,real_sensor_board_501,22.97713173480526,0,normal
2015-02-25 01:40:00+00:00,25.5,Fitzroy Gardens,501,43.1,96.6,-37.8148084,144.980999,ENV,REAL_501,Real sensor series - Fitzroy Gardens - board 501,42,real_sensor_board_501,23.421705387844206,0,normal
2015-02-25 01:50:00+00:00,26.1,Fitzroy Gardens,501,41.2,95.5,-37.8148084,144.980999,ENV,REAL_501,Real sensor series - Fitzroy Gardens - board 501,42,real_sensor_board_501,23.837364310275365,0,normal
2015-02-25 02:00:00+00:00,25.8,Fitzroy Gardens,501,41.7,95.4,-37.8148084,144.980999,ENV,REAL_501,Real sensor series - Fitzroy Gardens - board 501,42,real_sensor_board_501,24.229891448220293,0,normal
2015-02-25 02:10:00+00:00,24.5,Fitzroy Gardens,501,44.2,96.6,-37.8148084,144.980999,ENV,REAL_501,Real sensor series - Fitzroy Gardens - board 501,42,real_sensor_board_501,24.603913158576233,0,normal
2015-02-25 02:20:00+00:00,27.4,Fitzroy Gardens,501,41.5,96.7,-37.8148084,144.980999,ENV,REAL_501,Real sensor series - Fitzroy Gardens - board 501,42,real_sensor_board_501,24.90313052686099,0,normal
2015-02-25 02:30:00+00:00,26.5,Fitzroy Gardens,501,42.6,94.6,-37.8148084,144.980999,ENV,REAL_501,Real sensor series - Fitzroy Gardens - board 501,42,real_sensor_board_501,25.222504421488797,0,normal
2015-02-25 02:40:00+00:00,26.5,Fitzroy Gardens,501,40.7,93.8,-37.8148084,144.980999,ENV,REAL_501,Real sensor series - Fitzroy Gardens - board 501,42,real_sensor_board_501,25.47800353719104,1,weak_multivariate_excursion
2015-02-25 02:50:00+00:00,28.7,Fitzroy Gardens,501,40.9,97.0,-37.8148084,144.980999,ENV,REAL_501,Real sensor series - Fitzroy Gardens - board 501,42,real_sensor_board_501,25.682402829752835,1,weak_multivariate_excursion
2015-02-25 03:00:00+00:00,27.4,Fitzroy Gardens,501,42.0,97.0,-37.8148084,144.980999,ENV,REAL_501,Real sensor series - Fitzroy Gardens - board 501,42,real_sensor_board_501,25.84592226380227,1,weak_multivariate_excursion
2015-02-25 03:15:00+00:00,27.7,Fitzroy Gardens,501,41.0,96.9,-37.8148084,144.980999,ENV,REAL_501,Real sensor series - Fitzroy Gardens - board 501,42,real_sensor_board_501,25.97673781104182,0,normal
2015-02-25 03:25:00+00:00,26.1,Fitzroy Gardens,501,43.3,96.8,-37.8148084,144.980999,ENV,REAL_501,Real sensor series - Fitzroy Gardens - board 501,42,real_sensor_board_501,26.081390248833458,0,normal
2015-02-25 03:35:00+00:00,27.4,Fitzroy Gardens,501,41.4,97.2,-37.8148084,144.980999,ENV,REAL_501,Real sensor series - Fitzroy Gardens - board 501,42,real_sensor_board_501,26.16511219906677,0,normal
2015-02-25 03:45:00+00:00,26.5,Fitzroy Gardens,501,42.5,97.1,-37.8148084,144.980999,ENV,REAL_501,Real sensor series - Fitzroy Gardens - board 501,42,real_sensor_board_501,26.232089759253416,0,normal
2015-02-25 04:45:00+00:00,29.0,Fitzroy Gardens,501,38.7,97.2,-37.8148084,144.980999,ENV,REAL_501,Real sensor series - Fitzroy Gardens - board 501,42,real_sensor_board_501,26.285671807402736,0,normal
2015-02-25 04:55:00+00:00,30.3,Fitzroy Gardens,501,39.0,97.2,-37.8148084,144.980999,ENV,REAL_501,Real sensor series - Fitzroy Gardens - board 501,42,real_sensor_board_501,26.32853744592219,0,normal
2015-02-25 05:05:00+00:00,30.3,Fitzroy Gardens,501,37.6,97.3,-37.8148084,144.980999,ENV,REAL_501,Real sensor series - Fitzroy Gardens - board 501,42,real_sensor_board_501,26.362829956737755,0,normal
2015-02-25 05:15:00+00:00,30.3,Fitzroy Gardens,501,39.2,97.3,-37.8148084,144.980999,ENV,REAL_501,Real sensor series - Fitzroy Gardens - board 501,42,real_sensor_board_501,26.390263965390208,0,normal
2015-02-25 05:25:00+00:00,30.3,Fitzroy Gardens,501,39.8,97.4,-37.8148084,144.980999,ENV,REAL_501,Real sensor series - Fitzroy Gardens - board 501,42,real_sensor_board_501,26.41221117231217,0,normal
2015-02-25 05:35:00+00:00,30.3,Fitzroy Gardens,501,37.1,97.4,-37.8148084,144.980999,ENV,REAL_501,Real sensor series - Fitzroy Gardens - board 501,42,real_sensor_board_501,26.429768937849737,0,normal
2015-02-25 05:45:00+00:00,31.0,Fitzroy Gardens,501,38.7,97.5,-37.8148084,144.980999,ENV,REAL_501,Real sensor series - Fitzroy Gardens - board 501,42,real_sensor_board_501,26.443815150279793,0,normal
2015-02-25 05:55:00+00:00,30.6,Fitzroy Gardens,501,37.6,97.5,-37.8148084,144.980999,ENV,REAL_501,Real sensor series - Fitzroy Gardens - board 501,42,real_sensor_board_501,26.455052120223836,0,normal
2015-02-25 06:05:00+00:00,29.4,Fitzroy Gardens,501,38.2,97.4,-37.8148084,144.980999,ENV,REAL_501,Real sensor series - Fitzroy Gardens - board 501,42,real_sensor_board_501,26.46404169617907,0,normal
2015-02-25 06:30:00+00:00,29.7,Fitzroy Gardens,501,39.2,97.2,-37.8148084,144.980999,ENV,REAL_501,Real sensor series - Fitzroy Gardens - board 501,42,real_sensor_board_501,26.47123335694326,0,normal
2015-02-25 06:40:00+00:00,26.5,Fitzroy Gardens,501,42.9,95.7,-37.8148084,144.980999,ENV,REAL_501,Real sensor series - Fitzroy Gardens - board 501,42,real_sensor_board_501,26.39698668555461,0,normal
2015-02-25 06:50:00+00:00,26.1,Fitzroy Gardens,501,42.1,95.5,-37.8148084,144.980999,ENV,REAL_501,Real sensor series - Fitzroy Gardens - board 501,42,real_sensor_board_501,26.337589348443686,0,normal
2015-02-25 07:00:00+00:00,25.8,Fitzroy Gardens,501,44.2,94.7,-37.8148084,144.980999,ENV,REAL_501,Real sensor series - Fitzroy Gardens - board 501,42,real_sensor_board_501,26.290071478754953,0,normal
2015-02-25 07:10:00+00:00,26.1,Fitzroy Gardens,501,45.0,95.3,-37.8148084,144.980999,ENV,REAL_501,Real sensor series - Fitzroy Gardens - board 501,42,real_sensor_board_501,26.252057183003963,0,normal
2015-02-25 07:20:00+00:00,26.1,Fitzroy Gardens,501,44.7,95.0,-37.8148084,144.980999,ENV,REAL_501,Real sensor series - Fitzroy Gardens - board 501,42,real_sensor_board_501,26.16164574640317,0,normal
2015-02-25 07:30:00+00:00,25.8,Fitzroy Gardens,501,41.2,92.9,-37.8148084,144.980999,ENV,REAL_501,Real sensor series - Fitzroy Gardens - board 501,42,real_sensor_board_501,26.089316597122536,0,normal
2015-02-25 07:40:00+00:00,25.2,Fitzroy Gardens,501,41.4,92.1,-37.8148084,144.980999,ENV,REAL_501,Real sensor series - Fitzroy Gardens - board 501,42,real_sensor_board_501,25.91145327769803,0,normal
2015-02-25 07:50:00+00:00,25.2,Fitzroy Gardens,501,41.5,90.7,-37.8148084,144.980999,ENV,REAL_501,Real sensor series - Fitzroy Gardens - board 501,42,real_sensor_board_501,25.769162622158426,1,weak_multivariate_excursion
2015-02-25 08:50:00+00:00,22.3,Fitzroy Gardens,501,47.5,73.3,-37.8148084,144.980999,ENV,REAL_501,Real sensor series - Fitzroy Gardens - board 501,42,real_sensor_board_501,25.07533009772674,1,weak_multivariate_excursion
2015-02-25 09:00:00+00:00,21.9,Fitzroy Gardens,501,47.3,48.9,-37.8148084,144.980999,ENV,REAL_501,Real sensor series - Fitzroy Gardens - board 501,42,real_sensor_board_501,24.440264078181393,1,weak_multivariate_excursion
2015-02-25 09:10:00+00:00,21.6,Fitzroy Gardens,501,48.8,24.5,-37.8148084,144.980999,ENV,REAL_501,Real sensor series - Fitzroy Gardens - board 501,42,real_sensor_board_501,23.872211262545115,1,weak_multivariate_excursion
2015-02-25 09:20:00+00:00,21.0,Fitzroy Gardens,501,49.9,5.9,-37.8148084,144.980999,ENV,REAL_501,Real sensor series - Fitzroy Gardens - board 501,42,real_sensor_board_501,23.29776901003609,1,weak_multivariate_excursion
2015-02-25 09:30:00+00:00,20.6,Fitzroy Gardens,501,52.6,1.4,-37.8148084,144.980999,ENV,REAL_501,Real sensor series - Fitzroy Gardens - board 501,42,real_sensor_board_501,22.758215208028876,1,weak_multivariate_excursion
2015-02-25 09:45:00+00:00,20.6,Fitzroy Gardens,501,53.0,0.8,-37.8148084,144.980999,ENV,REAL_501,Real sensor series - Fitzroy Gardens - board 501,42,real_sensor_board_501,22.3265721664231,0,normal
2015-02-25 09:55:00+00:00,20.3,Fitzroy Gardens,501,53.8,0.8,-37.8148084,144.980999,ENV,REAL_501,Real sensor series - Fitzroy Gardens - board 501,42,real_sensor_board_501,21.981257733138484,0,normal
2015-02-25 10:05:00+00:00,20.0,Fitzroy Gardens,501,55.5,0.8,-37.8148084,144.980999,ENV,REAL_501,Real sensor series - Fitzroy Gardens - board 501,42,real_sensor_board_501,21.70500618651079,0,normal
2015-02-25 10:15:00+00:00,19.7,Fitzroy Gardens,501,58.4,0.8,-37.8148084,144.980999,ENV,REAL_501,Real sensor series - Fitzroy Gardens - board 501,42,real_sensor_board_501,21.484004949208632,0,normal
2015-02-25 10:25:00+00:00,19.7,Fitzroy Gardens,501,61.5,0.8,-37.8148084,144.980999,ENV,REAL_501,Real sensor series - Fitzroy Gardens - board 501,42,real_sensor_board_501,21.30720395936691,0,normal
2015-02-25 10:45:00+00:00,19.0,Fitzroy Gardens,501,66.6,0.8,-37.8148084,144.980999,ENV,REAL_501,Real sensor series - Fitzroy Gardens - board 501,42,real_sensor_board_501,21.16576316749353,0,normal
2015-02-25 10:55:00+00:00,18.7,Fitzroy Gardens,501,70.7,0.8,-37.8148084,144.980999,ENV,REAL_501,Real sensor series - Fitzroy Gardens - board 501,42,real_sensor_board_501,21.052610533994827,0,normal
2015-02-25 11:05:00+00:00,18.4,Fitzroy Gardens,501,71.8,0.8,-37.8148084,144.980999,ENV,REAL_501,Real sensor series - Fitzroy Gardens - board 501,42,real_sensor_board_501,20.962088427195862,0,normal
2015-02-25 11:15:00+00:00,18.1,Fitzroy Gardens,501,76.7,0.9,-37.8148084,144.980999,ENV,REAL_501,Real sensor series - Fitzroy Gardens - board 501,42,real_sensor_board_501,20.889670741756692,0,normal
2015-02-25 11:25:00+00:00,18.1,Fitzroy Gardens,501,79.2,0.9,-37.8148084,144.980999,ENV,REAL_501,Real sensor series - Fitzroy Gardens - board 501,42,real_sensor_board_501,20.831736593405356,0,normal
2015-02-25 11:35:00+00:00,17.7,Fitzroy Gardens,501,81.7,0.9,-37.8148084,144.980999,ENV,REAL_501,Real sensor series - Fitzroy Gardens - board 501,42,real_sensor_board_501,20.785389274724288,0,normal
2015-02-25 11:45:00+00:00,17.7,Fitzroy Gardens,501,83.3,0.9,-37.8148084,144.980999,ENV,REAL_501,Real sensor series - Fitzroy Gardens - board 501,42,real_sensor_board_501,20.748311419779434,1,weak_multivariate_excursion
2015-02-25 23:05:00+00:00,18.7,Fitzroy Gardens,501,81.6,93.7,-37.8148084,144.980999,ENV,REAL_501,Real sensor series - Fitzroy Gardens - board 501,42,real_sensor_board_501,20.718649135823547,1,weak_multivariate_excursion
2015-02-25 23:15:00+00:00,19.7,Fitzroy Gardens,501,75.6,94.2,-37.8148084,144.980999,ENV,REAL_501,Real sensor series - Fitzroy Gardens - board 501,42,real_sensor_board_501,20.69491930865884,1,weak_multivariate_excursion
2015-02-25 23:35:00+00:00,20.0,Fitzroy Gardens,501,75.1,93.6,-37.8148084,144.980999,ENV,REAL_501,Real sensor series - Fitzroy Gardens - board 501,42,real_sensor_board_501,20.675935446927074,0,normal
2015-02-25 23:45:00+00:00,21.6,Fitzroy Gardens,501,68.9,96.6,-37.8148084,144.980999,ENV,REAL_501,Real sensor series - Fitzroy Gardens - board 501,42,real_sensor_board_501,20.86074835754166,0,normal
2015-02-25 23:55:00+00:00,23.9,Fitzroy Gardens,501,60.8,96.6,-37.8148084,144.980999,ENV,REAL_501,Real sensor series - Fitzroy Gardens - board 501,42,real_sensor_board_501,21.068598686033326,0,normal
2015-02-26 00:55:00+00:00,21.9,Fitzroy Gardens,501,55.5,95.4,-37.8148084,144.980999,ENV,REAL_501,Real sensor series - Fitzroy Gardens - board 501,42,real_sensor_board_501,21.234878948826662,0,normal
2015-02-26 01:05:00+00:00,22.6,Fitzroy Gardens,501,59.3,96.5,-37.8148084,144.980999,ENV,REAL_501,Real sensor series - Fitzroy Gardens - board 501,42,real_sensor_board_501,21.50790315906133,0,normal
2015-02-26 01:15:00+00:00,24.5,Fitzroy Gardens,501,57.0,96.3,-37.8148084,144.980999,ENV,REAL_501,Real sensor series - Fitzroy Gardens - board 501,42,real_sensor_board_501,21.726322527249064,0,normal
2015-02-26 01:25:00+00:00,24.2,Fitzroy Gardens,501,60.1,97.2,-37.8148084,144.980999,ENV,REAL_501,Real sensor series - Fitzroy Gardens - board 501,42,real_sensor_board_501,22.08105802179925,0,normal
2015-02-26 01:35:00+00:00,21.9,Fitzroy Gardens,501,59.8,95.2,-37.8148084,144.980999,ENV,REAL_501,Real sensor series - Fitzroy Gardens - board 501,42,real_sensor_board_501,22.364846417439402,1,weak_multivariate_excursion
2015-02-26 01:50:00+00:00,26.1,Fitzroy Gardens,501,56.3,97.2,-37.8148084,144.980999,ENV,REAL_501,Real sensor series - Fitzroy Gardens - board 501,42,real_sensor_board_501,22.671877133951522,1,weak_multivariate_excursion
2015-02-26 02:00:00+00:00,26.1,Fitzroy Gardens,501,53.8,97.1,-37.8148084,144.980999,ENV,REAL_501,Real sensor series - Fitzroy Gardens - board 501,42,real_sensor_board_501,22.977501707161217,1,weak_multivariate_excursion
2015-02-26 02:10:00+00:00,26.1,Fitzroy Gardens,501,53.3,96.8,-37.8148084,144.980999,ENV,REAL_501,Real sensor series - Fitzroy Gardens - board 501,42,real_sensor_board_501,23.222001365728975,0,normal
2015-02-26 02:20:00+00:00,25.2,Fitzroy Gardens,501,53.8,96.9,-37.8148084,144.980999,ENV,REAL_501,Real sensor series - Fitzroy Gardens - board 501,42,real_sensor_board_501,23.47760109258318,0,normal
2015-02-26 02:30:00+00:00,23.5,Fitzroy Gardens,501,54.9,96.3,-37.8148084,144.980999,ENV,REAL_501,Real sensor series - Fitzroy Gardens - board 501,42,real_sensor_board_501,23.682080874066543,0,normal
2015-02-26 02:40:00+00:00,22.6,Fitzroy Gardens,501,56.2,95.5,-37.8148084,144.980999,ENV,REAL_501,Real sensor series - Fitzroy Gardens - board 501,42,real_sensor_board_501,23.845664699253234,0,normal
2015-02-26 02:50:00+00:00,24.5,Fitzroy Gardens,501,55.1,97.2,-37.8148084,144.980999,ENV,REAL_501,Real sensor series - Fitzroy Gardens - board 501,42,real_sensor_board_501,24.116531759402587,0,normal
2015-02-26 03:00:00+00:00,23.5,Fitzroy Gardens,501,52.1,95.2,-37.8148084,144.980999,ENV,REAL_501,Real sensor series - Fitzroy Gardens - board 501,42,real_sensor_board_501,24.33322540752207,0,normal
2015-02-26 03:10:00+00:00,26.1,Fitzroy Gardens,501,48.1,97.1,-37.8148084,144.980999,ENV,REAL_501,Real sensor series - Fitzroy Gardens - board 501,42,real_sensor_board_501,24.50658032601766,0,normal
2015-02-26 03:20:00+00:00,25.8,Fitzroy Gardens,501,48.6,97.1,-37.8148084,144.980999,ENV,REAL_501,Real sensor series - Fitzroy Gardens - board 501,42,real_sensor_board_501,24.645264260814127,0,normal
2015-02-26 03:30:00+00:00,26.1,Fitzroy Gardens,501,47.8,97.0,-37.8148084,144.980999,ENV,REAL_501,Real sensor series - Fitzroy Gardens - board 501,42,real_sensor_board_501,24.756211408651303,0,normal
2015-02-26 03:40:00+00:00,24.5,Fitzroy Gardens,501,46.1,97.3,-37.8148084,144.980999,ENV,REAL_501,Real sensor series - Fitzroy Gardens - board 501,42,real_sensor_board_501,24.844969126921043,0,normal
2015-02-26 04:20:00+00:00,24.2,Fitzroy Gardens,501,46.4,96.2,-37.8148084,144.980999,ENV,REAL_501,Real sensor series - Fitzroy Gardens - board 501,42,real_sensor_board_501,24.915975301536836,0,normal
2015-02-26 04:30:00+00:00,26.1,Fitzroy Gardens,501,40.3,97.1,-37.8148084,144.980999,ENV,REAL_501,Real sensor series - Fitzroy Gardens - board 501,42,real_sensor_board_501,24.97278024122947,0,normal
2015-02-26 04:40:00+00:00,26.5,Fitzroy Gardens,501,40.7,97.1,-37.8148084,144.980999,ENV,REAL_501,Real sensor series - Fitzroy Gardens - board 501,42,real_sensor_board_501,25.018224192983574,0,normal
2015-02-26 04:55:00+00:00,26.8,Fitzroy Gardens,501,41.8,97.2,-37.8148084,144.980999,ENV,REAL_501,Real sensor series - Fitzroy Gardens - board 501,42,real_sensor_board_501,25.05457935438686,0,normal
2015-02-26 05:05:00+00:00,26.1,Fitzroy Gardens,501,42.1,97.2,-37.8148084,144.980999,ENV,REAL_501,Real sensor series - Fitzroy Gardens - board 501,42,real_sensor_board_501,25.08366348350949,0,normal
2015-02-26 05:15:00+00:00,27.1,Fitzroy Gardens,501,41.7,97.3,-37.8148084,144.980999,ENV,REAL_501,Real sensor series - Fitzroy Gardens - board 501,42,real_sensor_board_501,25.10693078680759,0,normal
2015-02-26 05:25:00+00:00,27.1,Fitzroy Gardens,501,42.5,97.4,-37.8148084,144.980999,ENV,REAL_501,Real sensor series - Fitzroy Gardens - board 501,42,real_sensor_board_501,24.985544629446075,0,normal
2015-02-26 05:35:00+00:00,25.2,Fitzroy Gardens,501,44.8,96.8,-37.8148084,144.980999,ENV,REAL_501,Real sensor series - Fitzroy Gardens - board 501,42,real_sensor_board_501,24.88843570355686,0,normal
2015-02-26 05:45:00+00:00,25.2,Fitzroy Gardens,501,45.3,97.7,-37.8148084,144.980999,ENV,REAL_501,Real sensor series - Fitzroy Gardens - board 501,42,real_sensor_board_501,24.81074856284549,0,normal
2015-02-26 05:55:00+00:00,26.8,Fitzroy Gardens,501,43.3,97.2,-37.8148084,144.980999,ENV,REAL_501,Real sensor series - Fitzroy Gardens - board 501,42,real_sensor_board_501,24.748598850276395,0,normal
2015-02-26 06:05:00+00:00,23.2,Fitzroy Gardens,501,47.5,95.8,-37.8148084,144.980999,ENV,REAL_501,Real sensor series - Fitzroy Gardens - board 501,42,real_sensor_board_501,24.638879080221116,0,normal
2015-02-26 06:15:00+00:00,25.8,Fitzroy Gardens,501,45.6,97.7,-37.8148084,144.980999,ENV,REAL_501,Real sensor series - Fitzroy Gardens - board 501,42,real_sensor_board_501,24.551103264176895,0,normal
2015-02-26 06:25:00+00:00,26.5,Fitzroy Gardens,501,43.4,96.5,-37.8148084,144.980999,ENV,REAL_501,Real sensor series - Fitzroy Gardens - board 501,42,real_sensor_board_501,24.340882611341517,0,normal
2015-02-26 06:35:00+00:00,23.5,Fitzroy Gardens,501,48.0,95.6,-37.8148084,144.980999,ENV,REAL_501,Real sensor series - Fitzroy Gardens - board 501,42,real_sensor_board_501,24.112706089073214,0,normal
2015-02-26 06:45:00+00:00,22.3,Fitzroy Gardens,501,50.5,95.3,-37.8148084,144.980999,ENV,REAL_501,Real sensor series - Fitzroy Gardens - board 501,42,real_sensor_board_501,23.750164871258573,0,normal
2015-02-26 06:55:00+00:00,21.9,Fitzroy Gardens,501,51.1,95.1,-37.8148084,144.980999,ENV,REAL_501,Real sensor series - Fitzroy Gardens - board 501,42,real_sensor_board_501,23.38013189700686,0,normal
2015-02-26 07:05:00+00:00,21.6,Fitzroy Gardens,501,53.7,94.8,-37.8148084,144.980999,ENV,REAL_501,Real sensor series - Fitzroy Gardens - board 501,42,real_sensor_board_501,23.024105517605488,0,normal
2015-02-26 07:15:00+00:00,21.3,Fitzroy Gardens,501,55.7,94.4,-37.8148084,144.980999,ENV,REAL_501,Real sensor series - Fitzroy Gardens - board 501,42,real_sensor_board_501,22.679284414084393,0,normal
2015-02-26 07:25:00+00:00,21.0,Fitzroy Gardens,501,55.7,93.7,-37.8148084,144.980999,ENV,REAL_501,Real sensor series - Fitzroy Gardens - board 501,42,real_sensor_board_501,22.343427531267515,0,normal
2015-02-26 07:35:00+00:00,20.6,Fitzroy Gardens,501,55.9,92.9,-37.8148084,144.980999,ENV,REAL_501,Real sensor series - Fitzroy Gardens - board 501,42,real_sensor_board_501,21.994742025014013,1,weak_multivariate_excursion
2015-02-26 09:00:00+00:00,18.4,Fitzroy Gardens,501,65.2,61.2,-37.8148084,144.980999,ENV,REAL_501,Real sensor series - Fitzroy Gardens - board 501,42,real_sensor_board_501,21.47579362001121,1,weak_multivariate_excursion
2015-02-26 09:10:00+00:00,18.1,Fitzroy Gardens,501,67.2,38.0,-37.8148084,144.980999,ENV,REAL_501,Real sensor series - Fitzroy Gardens - board 501,42,real_sensor_board_501,20.98063489600897,1,weak_multivariate_excursion
2015-02-26 09:20:00+00:00,17.7,Fitzroy Gardens,501,71.3,12.3,-37.8148084,144.980999,ENV,REAL_501,Real sensor series - Fitzroy Gardens - board 501,42,real_sensor_board_501,20.584507916807176,1,weak_multivariate_excursion
2015-02-26 09:30:00+00:00,17.4,Fitzroy Gardens,501,73.2,1.8,-37.8148084,144.980999,ENV,REAL_501,Real sensor series - Fitzroy Gardens - board 501,42,real_sensor_board_501,20.26760633344574,1,weak_multivariate_excursion
2015-02-26 09:40:00+00:00,18.1,Fitzroy Gardens,501,72.6,1.1,-37.8148084,144.980999,ENV,REAL_501,Real sensor series - Fitzroy Gardens - board 501,42,real_sensor_board_501,20.014085066756593,1,weak_multivariate_excursion
2015-02-26 09:50:00+00:00,17.7,Fitzroy Gardens,501,71.6,1.0,-37.8148084,144.980999,ENV,REAL_501,Real sensor series - Fitzroy Gardens - board 501,42,real_sensor_board_501,19.811268053405275,0,normal
2015-02-26 10:00:00+00:00,17.7,Fitzroy Gardens,501,72.1,0.9,-37.8148084,144.980999,ENV,REAL_501,Real sensor series - Fitzroy Gardens - board 501,42,real_sensor_board_501,19.64901444272422,0,normal
2015-02-26 10:10:00+00:00,18.1,Fitzroy Gardens,501,71.2,1.0,-37.8148084,144.980999,ENV,REAL_501,Real sensor series - Fitzroy Gardens - board 501,42,real_sensor_board_501,19.519211554179375,0,normal
2015-02-26 10:20:00+00:00,18.1,Fitzroy Gardens,501,71.6,0.9,-37.8148084,144.980999,ENV,REAL_501,Real sensor series - Fitzroy Gardens - board 501,42,real_sensor_board_501,19.415369243343502,0,normal
2015-02-26 10:30:00+00:00,18.1,Fitzroy Gardens,501,74.6,1.0,-37.8148084,144.980999,ENV,REAL_501,Real sensor series - Fitzroy Gardens - board 501,42,real_sensor_board_501,19.3322953946748,0,normal
2015-02-26 10:40:00+00:00,18.1,Fitzroy Gardens,501,76.2,1.0,-37.8148084,144.980999,ENV,REAL_501,Real sensor series - Fitzroy Gardens - board 501,42,real_sensor_board_501,19.265836315739843,0,normal
2015-02-26 10:50:00+00:00,17.7,Fitzroy Gardens,501,79.2,0.9,-37.8148084,144.980999,ENV,REAL_501,Real sensor series - Fitzroy Gardens - board 501,42,real_sensor_board_501,19.212669052591874,0,normal
2015-02-26 11:55:00+00:00,16.8,Fitzroy Gardens,501,73.5,0.9,-37.8148084,144.980999,ENV,REAL_501,Real sensor series - Fitzroy Gardens - board 501,42,real_sensor_board_501,19.1701352420735,0,normal
2015-02-26 12:05:00+00:00,16.5,Fitzroy Gardens,501,74.6,0.8,-37.8148084,144.980999,ENV,REAL_501,Real sensor series - Fitzroy Gardens - board 501,42,real_sensor_board_501,19.1361081936588,1,weak_multivariate_excursion
2015-02-26 23:00:00+00:00,18.7,Fitzroy Gardens,501,63.9,91.8,-37.8148084,144.980999,ENV,REAL_501,Real sensor series - Fitzroy Gardens - board 501,42,real_sensor_board_501,19.10888655492704,1,weak_multivariate_excursion
2015-02-26 23:10:00+00:00,19.4,Fitzroy Gardens,501,62.2,93.2,-37.8148084,144.980999,ENV,REAL_501,Real sensor series - Fitzroy Gardens - board 501,42,real_sensor_board_501,19.087109243941633,1,weak_multivariate_excursion
2015-02-26 23:20:00+00:00,19.0,Fitzroy Gardens,501,61.9,93.3,-37.8148084,144.980999,ENV,REAL_501,Real sensor series - Fitzroy Gardens - board 501,42,real_sensor_board_501,19.149687395153308,0,normal
2015-02-26 23:30:00+00:00,21.0,Fitzroy Gardens,501,57.3,95.3,-37.8148084,144.980999,ENV,REAL_501,Real sensor series - Fitzroy Gardens - board 501,42,real_sensor_board_501,19.259749916122647,0,normal
2015-02-26 23:40:00+00:00,19.7,Fitzroy Gardens,501,63.3,92.7,-37.8148084,144.980999,ENV,REAL_501,Real sensor series - Fitzroy Gardens - board 501,42,real_sensor_board_501,19.34779993289812,0,normal
2015-02-26 23:50:00+00:00,19.7,Fitzroy Gardens,501,64.4,93.5,-37.8148084,144.980999,ENV,REAL_501,Real sensor series - Fitzroy Gardens - board 501,42,real_sensor_board_501,19.678239946318495,1,weak_multivariate_excursion
2015-02-27 00:55:00+00:00,25.5,Fitzroy Gardens,501,42.6,96.6,-37.8148084,144.980999,ENV,REAL_501,Real sensor series - Fitzroy Gardens - board 501,42,real_sensor_board_501,20.782591957054798,1,weak_multivariate_excursion
2015-02-27 01:15:00+00:00,25.8,Fitzroy Gardens,501,43.7,96.7,-37.8148084,144.980999,ENV,REAL_501,Real sensor series - Fitzroy Gardens - board 501,42,real_sensor_board_501,21.66607356564384,1,weak_multivariate_excursion
2015-02-27 01:25:00+00:00,25.2,Fitzroy Gardens,501,45.8,96.1,-37.8148084,144.980999,ENV,REAL_501,Real sensor series - Fitzroy Gardens - board 501,42,real_sensor_board_501,22.37285885251507,0,normal
2015-02-27 01:35:00+00:00,25.2,Fitzroy Gardens,501,45.1,96.5,-37.8148084,144.980999,ENV,REAL_501,Real sensor series - Fitzroy Gardens - board 501,42,real_sensor_board_501,22.938287082012057,0,normal
2015-02-27 01:45:00+00:00,25.2,Fitzroy Gardens,501,44.0,96.6,-37.8148084,144.980999,ENV,REAL_501,Real sensor series - Fitzroy Gardens - board 501,42,real_sensor_board_501,23.390629665609644,0,normal
2015-02-27 01:55:00+00:00,25.5,Fitzroy Gardens,501,42.3,96.6,-37.8148084,144.980999,ENV,REAL_501,Real sensor series - Fitzroy Gardens - board 501,42,real_sensor_board_501,23.752503732487714,0,normal
2015-02-27 02:05:00+00:00,27.1,Fitzroy Gardens,501,41.4,96.7,-37.8148084,144.980999,ENV,REAL_501,Real sensor series - Fitzroy Gardens - board 501,42,real_sensor_board_501,24.04200298599017,0,normal
2015-02-27 02:15:00+00:00,25.8,Fitzroy Gardens,501,40.1,96.8,-37.8148084,144.980999,ENV,REAL_501,Real sensor series - Fitzroy Gardens - board 501,42,real_sensor_board_501,24.273602388792135,0,normal
2015-02-27 02:25:00+00:00,27.7,Fitzroy Gardens,501,40.1,96.7,-37.8148084,144.980999,ENV,REAL_501,Real sensor series - Fitzroy Gardens - board 501,42,real_sensor_board_501,24.458881911033707,0,normal
2015-02-27 02:35:00+00:00,27.1,Fitzroy Gardens,501,40.6,96.7,-37.8148084,144.980999,ENV,REAL_501,Real sensor series - Fitzroy Gardens - board 501,42,real_sensor_board_501,24.607105528826967,0,normal
2015-02-27 02:45:00+00:00,27.1,Fitzroy Gardens,501,39.5,96.8,-37.8148084,144.980999,ENV,REAL_501,Real sensor series - Fitzroy Gardens - board 501,42,real_sensor_board_501,24.725684423061573,0,normal
2015-02-27 02:55:00+00:00,26.5,Fitzroy Gardens,501,39.0,96.8,-37.8148084,144.980999,ENV,REAL_501,Real sensor series - Fitzroy Gardens - board 501,42,real_sensor_board_501,24.820547538449258,0,normal
2015-02-27 03:05:00+00:00,26.8,Fitzroy Gardens,501,37.7,96.8,-37.8148084,144.980999,ENV,REAL_501,Real sensor series - Fitzroy Gardens - board 501,42,real_sensor_board_501,24.896438030759406,0,normal
2015-02-27 03:15:00+00:00,27.4,Fitzroy Gardens,501,37.3,96.9,-37.8148084,144.980999,ENV,REAL_501,Real sensor series - Fitzroy Gardens - board 501,42,real_sensor_board_501,24.957150424607526,0,normal
2015-02-27 03:30:00+00:00,26.5,Fitzroy Gardens,501,38.4,96.7,-37.8148084,144.980999,ENV,REAL_501,Real sensor series - Fitzroy Gardens - board 501,42,real_sensor_board_501,25.00572033968602,0,normal
2015-02-27 03:40:00+00:00,25.2,Fitzroy Gardens,501,40.1,97.2,-37.8148084,144.980999,ENV,REAL_501,Real sensor series - Fitzroy Gardens - board 501,42,real_sensor_board_501,25.044576271748817,0,normal
2015-02-27 04:00:00+00:00,28.1,Fitzroy Gardens,501,35.4,97.2,-37.8148084,144.980999,ENV,REAL_501,Real sensor series - Fitzroy Gardens - board 501,42,real_sensor_board_501,25.075661017399053,1,weak_multivariate_excursion
2015-02-27 08:25:00+00:00,20.3,Fitzroy Gardens,501,53.0,80.1,-37.8148084,144.980999,ENV,REAL_501,Real sensor series - Fitzroy Gardens - board 501,42,real_sensor_board_501,24.120528813919243,1,weak_multivariate_excursion
2015-02-27 08:35:00+00:00,20.3,Fitzroy Gardens,501,53.5,73.0,-37.8148084,144.980999,ENV,REAL_501,Real sensor series - Fitzroy Gardens - board 501,42,real_sensor_board_501,23.356423051135394,1,weak_multivariate_excursion
2015-02-27 13:05:00+00:00,17.1,Fitzroy Gardens,501,64.1,0.9,-37.8148084,144.980999,ENV,REAL_501,Real sensor series - Fitzroy Gardens - board 501,42,real_sensor_board_501,22.105138440908316,1,weak_multivariate_excursion
2015-02-27 13:15:00+00:00,17.1,Fitzroy Gardens,501,63.1,0.9,-37.8148084,144.980999,ENV,REAL_501,Real sensor series - Fitzroy Gardens - board 501,42,real_sensor_board_501,21.104110752726655,1,weak_multivariate_excursion
2015-02-27 13:25:00+00:00,17.1,Fitzroy Gardens,501,62.8,0.8,-37.8148084,144.980999,ENV,REAL_501,Real sensor series - Fitzroy Gardens - board 501,42,real_sensor_board_501,20.303288602181325,0,normal
2015-02-27 13:35:00+00:00,17.1,Fitzroy Gardens,501,62.2,0.9,-37.8148084,144.980999,ENV,REAL_501,Real sensor series - Fitzroy Gardens - board 501,42,real_sensor_board_501,19.662630881745063,0,normal
2015-02-27 13:45:00+00:00,17.1,Fitzroy Gardens,501,63.4,0.9,-37.8148084,144.980999,ENV,REAL_501,Real sensor series - Fitzroy Gardens - board 501,42,real_sensor_board_501,19.150104705396053,0,normal
2015-02-27 14:05:00+00:00,16.8,Fitzroy Gardens,501,66.9,0.9,-37.8148084,144.980999,ENV,REAL_501,Real sensor series - Fitzroy Gardens - board 501,42,real_sensor_board_501,18.680083764316844,0,normal
2015-02-27 14:15:00+00:00,16.8,Fitzroy Gardens,501,68.6,0.9,-37.8148084,144.980999,ENV,REAL_501,Real sensor series - Fitzroy Gardens - board 501,42,real_sensor_board_501,18.304067011453476,0,normal
2015-02-27 14:25:00+00:00,16.8,Fitzroy Gardens,501,68.6,0.9,-37.8148084,144.980999,ENV,REAL_501,Real sensor series - Fitzroy Gardens - board 501,42,real_sensor_board_501,18.003253609162783,0,normal
2015-02-27 14:35:00+00:00,16.5,Fitzroy Gardens,501,68.2,0.9,-37.8148084,144.980999,ENV,REAL_501,Real sensor series - Fitzroy Gardens - board 501,42,real_sensor_board_501,17.762602887330228,0,normal
2015-02-27 14:45:00+00:00,16.5,Fitzroy Gardens,501,69.9,0.9,-37.8148084,144.980999,ENV,REAL_501,Real sensor series - Fitzroy Gardens - board 501,42,real_sensor_board_501,17.570082309864183,0,normal
2015-02-27 14:55:00+00:00,16.5,Fitzroy Gardens,501,70.5,0.9,-37.8148084,144.980999,ENV,REAL_501,Real sensor series - Fitzroy Gardens - board 501,42,real_sensor_board_501,17.416065847891346,0,normal
2015-02-27 15:05:00+00:00,16.1,Fitzroy Gardens,501,71.2,0.9,-37.8148084,144.980999,ENV,REAL_501,Real sensor series - Fitzroy Gardens - board 501,42,real_sensor_board_501,17.29285267831308,0,normal
2015-02-27 15:15:00+00:00,16.1,Fitzroy Gardens,501,71.0,0.9,-37.8148084,144.980999,ENV,REAL_501,Real sensor series - Fitzroy Gardens - board 501,42,real_sensor_board_501,17.194282142650465,0,normal
2015-02-27 15:25:00+00:00,16.1,Fitzroy Gardens,501,72.6,0.9,-37.8148084,144.980999,ENV,REAL_501,Real sensor series - Fitzroy Gardens - board 501,42,real_sensor_board_501,17.115425714120374,0,normal
2015-02-27 15:35:00+00:00,16.1,Fitzroy Gardens,501,74.8,0.9,-37.8148084,144.980999,ENV,REAL_501,Real sensor series - Fitzroy Gardens - board 501,42,real_sensor_board_501,17.0523405712963,0,normal
2015-02-27 15:55:00+00:00,16.1,Fitzroy Gardens,501,75.6,0.9,-37.8148084,144.980999,ENV,REAL_501,Real sensor series - Fitzroy Gardens - board 501,42,real_sensor_board_501,17.001872457037038,0,normal
2015-02-27 18:10:00+00:00,16.1,Fitzroy Gardens,501,77.8,0.9,-37.8148084,144.980999,ENV,REAL_501,Real sensor series - Fitzroy Gardens - board 501,42,real_sensor_board_501,16.961497965629633,0,normal
2015-02-27 18:20:00+00:00,16.5,Fitzroy Gardens,501,78.6,0.9,-37.8148084,144.980999,ENV,REAL_501,Real sensor series - Fitzroy Gardens - board 501,42,real_sensor_board_501,16.929198372503706,0,normal
2015-02-27 18:30:00+00:00,16.5,Fitzroy Gardens,501,75.1,0.9,-37.8148084,144.980999,ENV,REAL_501,Real sensor series - Fitzroy Gardens - board 501,42,real_sensor_board_501,16.903358698002965,0,normal
2015-02-27 18:40:00+00:00,16.8,Fitzroy Gardens,501,75.4,0.9,-37.8148084,144.980999,ENV,REAL_501,Real sensor series - Fitzroy Gardens - board 501,42,real_sensor_board_501,16.882686958402374,0,normal
2015-02-27 18:50:00+00:00,16.8,Fitzroy Gardens,501,72.4,0.9,-37.8148084,144.980999,ENV,REAL_501,Real sensor series - Fitzroy Gardens - board 501,42,real_sensor_board_501,16.8661495667219,0,normal
2015-02-27 19:00:00+00:00,16.8,Fitzroy Gardens,501,71.9,0.9,-37.8148084,144.980999,ENV,REAL_501,Real sensor series - Fitzroy Gardens - board 501,42,real_sensor_board_501,16.852919653377523,0,normal
2015-02-27 19:10:00+00:00,16.8,Fitzroy Gardens,501,70.5,0.9,-37.8148084,144.980999,ENV,REAL_501,Real sensor series - Fitzroy Gardens - board 501,42,real_sensor_board_501,16.842335722702018,0,normal
2015-02-27 19:25:00+00:00,16.8,Fitzroy Gardens,501,71.9,0.9,-37.8148084,144.980999,ENV,REAL_501,Real sensor series - Fitzroy Gardens - board 501,42,real_sensor_board_501,16.833868578161614,0,normal
2015-02-27 19:35:00+00:00,16.8,Fitzroy Gardens,501,70.8,1.2,-37.8148084,144.980999,ENV,REAL_501,Real sensor series - Fitzroy Gardens - board 501,42,real_sensor_board_501,16.827094862529293,0,normal
2015-02-27 19:45:00+00:00,16.8,Fitzroy Gardens,501,70.5,4.1,-37.8148084,144.980999,ENV,REAL_501,Real sensor series - Fitzroy Gardens - board 501,42,real_sensor_board_501,16.821675890023435,1,weak_multivariate_excursion
2015-02-27 20:05:00+00:00,16.8,Fitzroy Gardens,501,71.9,36.7,-37.8148084,144.980999,ENV,REAL_501,Real sensor series - Fitzroy Gardens - board 501,42,real_sensor_board_501,16.817340712018748,1,weak_multivariate_excursion
2015-02-27 23:00:00+00:00,20.0,Fitzroy Gardens,501,61.4,91.1,-37.8148084,144.980999,ENV,REAL_501,Real sensor series - Fitzroy Gardens - board 501,42,real_sensor_board_501,17.453872569615,1,weak_multivariate_excursion
2015-02-27 23:10:00+00:00,20.3,Fitzroy Gardens,501,59.5,92.8,-37.8148084,144.980999,ENV,REAL_501,Real sensor series - Fitzroy Gardens - board 501,42,real_sensor_board_501,18.023098055692003,1,weak_multivariate_excursion
2015-02-27 23:20:00+00:00,20.6,Fitzroy Gardens,501,59.0,93.3,-37.8148084,144.980999,ENV,REAL_501,Real sensor series - Fitzroy Gardens - board 501,42,real_sensor_board_501,18.538478444553604,0,normal
2015-02-27 23:30:00+00:00,21.6,Fitzroy Gardens,501,57.8,93.8,-37.8148084,144.980999,ENV,REAL_501,Real sensor series - Fitzroy Gardens - board 501,42,real_sensor_board_501,19.150782755642886,0,normal
2015-02-27 23:40:00+00:00,21.9,Fitzroy Gardens,501,58.7,90.0,-37.8148084,144.980999,ENV,REAL_501,Real sensor series - Fitzroy Gardens - board 501,42,real_sensor_board_501,19.640626204514312,1,weak_multivariate_excursion
2015-02-27 23:50:00+00:00,21.9,Fitzroy Gardens,501,52.2,84.2,-37.8148084,144.980999,ENV,REAL_501,Real sensor series - Fitzroy Gardens - board 501,42,real_sensor_board_501,20.09250096361145,1,weak_multivariate_excursion
2015-02-28 00:30:00+00:00,21.9,Fitzroy Gardens,501,43.4,84.8,-37.8148084,144.980999,ENV,REAL_501,Real sensor series - Fitzroy Gardens - board 501,42,real_sensor_board_501,20.45400077088916,1,weak_multivariate_excursion
2015-02-28 01:00:00+00:00,21.6,Fitzroy Gardens,501,42.9,84.4,-37.8148084,144.980999,ENV,REAL_501,Real sensor series - Fitzroy Gardens - board 501,42,real_sensor_board_501,20.743200616711327,0,normal
2015-02-28 01:10:00+00:00,22.3,Fitzroy Gardens,501,39.6,88.2,-37.8148084,144.980999,ENV,REAL_501,Real sensor series - Fitzroy Gardens - board 501,42,real_sensor_board_501,21.054560493369063,1,weak_multivariate_excursion
2015-02-28 01:20:00+00:00,23.2,Fitzroy Gardens,501,35.8,92.6,-37.8148084,144.980999,ENV,REAL_501,Real sensor series - Fitzroy Gardens - board 501,42,real_sensor_board_501,21.48364839469525,1,weak_multivariate_excursion
2015-02-28 01:30:00+00:00,23.2,Fitzroy Gardens,501,36.3,91.6,-37.8148084,144.980999,ENV,REAL_501,Real sensor series - Fitzroy Gardens - board 501,42,real_sensor_board_501,21.826918715756204,1,weak_multivariate_excursion
2015-02-28 01:40:00+00:00,23.2,Fitzroy Gardens,501,36.2,91.0,-37.8148084,144.980999,ENV,REAL_501,Real sensor series - Fitzroy Gardens - board 501,42,real_sensor_board_501,22.101534972604963,0,normal
2015-02-28 01:55:00+00:00,24.2,Fitzroy Gardens,501,34.9,94.0,-37.8148084,144.980999,ENV,REAL_501,Real sensor series - Fitzroy Gardens - board 501,42,real_sensor_board_501,22.52122797808397,0,normal
2015-02-28 02:05:00+00:00,24.5,Fitzroy Gardens,501,35.1,93.9,-37.8148084,144.980999,ENV,REAL_501,Real sensor series - Fitzroy Gardens - board 501,42,real_sensor_board_501,22.916982382467175,0,normal
2015-02-28 02:15:00+00:00,24.8,Fitzroy Gardens,501,35.1,93.8,-37.8148084,144.980999,ENV,REAL_501,Real sensor series - Fitzroy Gardens - board 501,42,real_sensor_board_501,23.293585905973742,0,normal
2015-02-28 02:25:00+00:00,25.2,Fitzroy Gardens,501,35.4,94.3,-37.8148084,144.980999,ENV,REAL_501,Real sensor series - Fitzroy Gardens - board 501,42,real_sensor_board_501,23.674868724778992,0,normal
2015-02-28 02:35:00+00:00,25.8,Fitzroy Gardens,501,34.7,95.1,-37.8148084,144.980999,ENV,REAL_501,Real sensor series - Fitzroy Gardens - board 501,42,real_sensor_board_501,24.099894979823194,0,normal
2015-02-28 02:55:00+00:00,26.8,Fitzroy Gardens,501,32.8,94.6,-37.8148084,144.980999,ENV,REAL_501,Real sensor series - Fitzroy Gardens - board 501,42,real_sensor_board_501,24.639915983858558,0,normal
2015-02-28 03:05:00+00:00,26.8,Fitzroy Gardens,501,32.2,93.5,-37.8148084,144.980999,ENV,REAL_501,Real sensor series - Fitzroy Gardens - board 501,42,real_sensor_board_501,25.071932787086848,1,weak_multivariate_excursion
2015-02-28 03:15:00+00:00,28.7,Fitzroy Gardens,501,33.3,96.4,-37.8148084,144.980999,ENV,REAL_501,Real sensor series - Fitzroy Gardens - board 501,42,real_sensor_board_501,25.59754622966948,1,weak_multivariate_excursion
2015-02-28 03:25:00+00:00,30.0,Fitzroy Gardens,501,35.1,96.3,-37.8148084,144.980999,ENV,REAL_501,Real sensor series - Fitzroy Gardens - board 501,42,real_sensor_board_501,26.218036983735587,1,weak_multivariate_excursion
2015-02-28 03:35:00+00:00,29.4,Fitzroy Gardens,501,30.3,95.3,-37.8148084,144.980999,ENV,REAL_501,Real sensor series - Fitzroy Gardens - board 501,42,real_sensor_board_501,26.85442958698847,1,weak_multivariate_excursion
2015-02-28 03:45:00+00:00,27.7,Fitzroy Gardens,501,32.1,87.5,-37.8148084,144.980999,ENV,REAL_501,Real sensor series - Fitzroy Gardens - board 501,42,real_sensor_board_501,27.423543669590778,1,weak_multivariate_excursion
2015-02-28 04:55:00+00:00,29.7,Fitzroy Gardens,501,31.6,94.7,-37.8148084,144.980999,ENV,REAL_501,Real sensor series - Fitzroy Gardens - board 501,42,real_sensor_board_501,27.878834935672625,1,weak_multivariate_excursion
2015-02-28 05:10:00+00:00,30.0,Fitzroy Gardens,501,31.1,94.6,-37.8148084,144.980999,ENV,REAL_501,Real sensor series - Fitzroy Gardens - board 501,42,real_sensor_board_501,28.2430679485381,1,weak_multivariate_excursion
2015-02-28 05:20:00+00:00,30.0,Fitzroy Gardens,501,28.0,92.3,-37.8148084,144.980999,ENV,REAL_501,Real sensor series - Fitzroy Gardens - board 501,42,real_sensor_board_501,28.534454358830484,0,normal
2015-02-28 05:30:00+00:00,29.7,Fitzroy Gardens,501,28.4,89.7,-37.8148084,144.980999,ENV,REAL_501,Real sensor series - Fitzroy Gardens - board 501,42,real_sensor_board_501,28.76756348706439,0,normal
2015-02-28 05:40:00+00:00,29.7,Fitzroy Gardens,501,28.0,90.2,-37.8148084,144.980999,ENV,REAL_501,Real sensor series - Fitzroy Gardens - board 501,42,real_sensor_board_501,28.954050789651514,0,normal
2015-02-28 05:50:00+00:00,29.7,Fitzroy Gardens,501,28.1,92.7,-37.8148084,144.980999,ENV,REAL_501,Real sensor series - Fitzroy Gardens - board 501,42,real_sensor_board_501,29.103240631721214,1,weak_multivariate_excursion
2015-02-28 06:00:00+00:00,32.3,Fitzroy Gardens,501,27.0,95.3,-37.8148084,144.980999,ENV,REAL_501,Real sensor series - Fitzroy Gardens - board 501,42,real_sensor_board_501,29.222592505376973,1,weak_multivariate_excursion
2015-02-28 06:10:00+00:00,33.2,Fitzroy Gardens,501,28.3,97.8,-37.8148084,144.980999,ENV,REAL_501,Real sensor series - Fitzroy Gardens - board 501,42,real_sensor_board_501,29.318074004301582,1,weak_multivariate_excursion
2015-02-28 06:20:00+00:00,35.5,Fitzroy Gardens,501,24.3,97.7,-37.8148084,144.980999,ENV,REAL_501,Real sensor series - Fitzroy Gardens - board 501,42,real_sensor_board_501,29.39445920344127,1,weak_multivariate_excursion
2015-02-28 06:30:00+00:00,34.8,Fitzroy Gardens,501,24.5,97.6,-37.8148084,144.980999,ENV,REAL_501,Real sensor series - Fitzroy Gardens - board 501,42,real_sensor_board_501,29.45556736275302,1,weak_multivariate_excursion
2015-02-28 06:40:00+00:00,32.3,Fitzroy Gardens,501,24.8,95.4,-37.8148084,144.980999,ENV,REAL_501,Real sensor series - Fitzroy Gardens - board 501,42,real_sensor_board_501,29.504453890202416,1,weak_multivariate_excursion
2015-02-28 06:50:00+00:00,31.9,Fitzroy Gardens,501,25.0,95.2,-37.8148084,144.980999,ENV,REAL_501,Real sensor series - Fitzroy Gardens - board 501,42,real_sensor_board_501,29.543563112161937,1,weak_multivariate_excursion
2015-02-28 07:00:00+00:00,31.9,Fitzroy Gardens,501,24.2,95.0,-37.8148084,144.980999,ENV,REAL_501,Real sensor series - Fitzroy Gardens - board 501,42,real_sensor_board_501,29.574850489729553,0,normal
2015-02-28 07:10:00+00:00,31.6,Fitzroy Gardens,501,23.5,94.8,-37.8148084,144.980999,ENV,REAL_501,Real sensor series - Fitzroy Gardens - board 501,42,real_sensor_board_501,29.599880391783646,0,normal
2015-02-28 07:20:00+00:00,31.6,Fitzroy Gardens,501,24.3,94.7,-37.8148084,144.980999,ENV,REAL_501,Real sensor series - Fitzroy Gardens - board 501,42,real_sensor_board_501,29.619904313426918,0,normal
2015-02-28 07:30:00+00:00,31.3,Fitzroy Gardens,501,25.3,92.6,-37.8148084,144.980999,ENV,REAL_501,Real sensor series - Fitzroy Gardens - board 501,42,real_sensor_board_501,29.635923450741537,0,normal
2015-02-28 07:40:00+00:00,30.6,Fitzroy Gardens,501,25.3,91.1,-37.8148084,144.980999,ENV,REAL_501,Real sensor series - Fitzroy Gardens - board 501,42,real_sensor_board_501,29.648738760593233,0,normal
2015-02-28 07:50:00+00:00,30.3,Fitzroy Gardens,501,25.4,89.2,-37.8148084,144.980999,ENV,REAL_501,Real sensor series - Fitzroy Gardens - board 501,42,real_sensor_board_501,29.65899100847459,0,normal
2015-02-28 08:15:00+00:00,29.4,Fitzroy Gardens,501,25.4,87.2,-37.8148084,144.980999,ENV,REAL_501,Real sensor series - Fitzroy Gardens - board 501,42,real_sensor_board_501,29.607192806779672,1,weak_multivariate_excursion
2015-02-28 08:55:00+00:00,27.4,Fitzroy Gardens,501,28.9,38.1,-37.8148084,144.980999,ENV,REAL_501,Real sensor series - Fitzroy Gardens - board 501,42,real_sensor_board_501,29.165754245423738,1,weak_multivariate_excursion
2015-02-28 09:15:00+00:00,25.8,Fitzroy Gardens,501,33.0,2.2,-37.8148084,144.980999,ENV,REAL_501,Real sensor series - Fitzroy Gardens - board 501,42,real_sensor_board_501,28.812603396338993,1,weak_multivariate_excursion
2015-02-28 09:25:00+00:00,27.4,Fitzroy Gardens,501,32.2,0.8,-37.8148084,144.980999,ENV,REAL_501,Real sensor series - Fitzroy Gardens - board 501,42,real_sensor_board_501,28.210082717071195,1,weak_multivariate_excursion
2015-02-28 09:35:00+00:00,19.4,Fitzroy Gardens,501,88.8,0.8,-37.8148084,144.980999,ENV,REAL_501,Real sensor series - Fitzroy Gardens - board 501,42,real_sensor_board_501,26.448066173656958,1,weak_multivariate_excursion
2015-02-28 09:45:00+00:00,19.0,Fitzroy Gardens,501,98.6,0.7,-37.8148084,144.980999,ENV,REAL_501,Real sensor series - Fitzroy Gardens - board 501,42,real_sensor_board_501,24.958452938925568,1,weak_multivariate_excursion
2015-02-28 09:55:00+00:00,18.4,Fitzroy Gardens,501,101.4,0.7,-37.8148084,144.980999,ENV,REAL_501,Real sensor series - Fitzroy Gardens - board 501,42,real_sensor_board_501,23.646762351140456,1,weak_multivariate_excursion
2015-02-28 10:05:00+00:00,18.4,Fitzroy Gardens,501,101.7,0.7,-37.8148084,144.980999,ENV,REAL_501,Real sensor series - Fitzroy Gardens - board 501,42,real_sensor_board_501,22.597409880912366,1,weak_multivariate_excursion
2015-02-28 10:15:00+00:00,18.1,Fitzroy Gardens,501,102.5,0.8,-37.8148084,144.980999,ENV,REAL_501,Real sensor series - Fitzroy Gardens - board 501,42,real_sensor_board_501,21.757927904729893,0,normal
2015-02-28 10:25:00+00:00,18.4,Fitzroy Gardens,501,101.4,0.8,-37.8148084,144.980999,ENV,REAL_501,Real sensor series - Fitzroy Gardens - board 501,42,real_sensor_board_501,21.086342323783914,0,normal
2015-02-28 10:35:00+00:00,18.4,Fitzroy Gardens,501,101.4,0.8,-37.8148084,144.980999,ENV,REAL_501,Real sensor series - Fitzroy Gardens - board 501,42,real_sensor_board_501,20.489073859027133,0,normal
2015-02-28 10:45:00+00:00,18.1,Fitzroy Gardens,501,101.7,0.8,-37.8148084,144.980999,ENV,REAL_501,Real sensor series - Fitzroy Gardens - board 501,42,real_sensor_board_501,20.01125908722171,0,normal
2015-02-28 10:55:00+00:00,18.1,Fitzroy Gardens,501,101.4,0.8,-37.8148084,144.980999,ENV,REAL_501,Real sensor series - Fitzroy Gardens - board 501,42,real_sensor_board_501,19.629007269777368,0,normal
2015-02-28 11:05:00+00:00,18.1,Fitzroy Gardens,501,101.7,0.8,-37.8148084,144.980999,ENV,REAL_501,Real sensor series - Fitzroy Gardens - board 501,42,real_sensor_board_501,19.323205815821897,0,normal
2015-02-28 11:30:00+00:00,18.1,Fitzroy Gardens,501,101.7,0.9,-37.8148084,144.980999,ENV,REAL_501,Real sensor series - Fitzroy Gardens - board 501,42,real_sensor_board_501,19.07856465265752,0,normal
2015-02-28 11:40:00+00:00,17.7,Fitzroy Gardens,501,102.2,0.8,-37.8148084,144.980999,ENV,REAL_501,Real sensor series - Fitzroy Gardens - board 501,42,real_sensor_board_501,18.802851722126015,0,normal
2015-02-28 11:50:00+00:00,17.7,Fitzroy Gardens,501,101.6,0.7,-37.8148084,144.980999,ENV,REAL_501,Real sensor series - Fitzroy Gardens - board 501,42,real_sensor_board_501,18.582281377700813,0,normal
2015-02-28 12:20:00+00:00,17.4,Fitzroy Gardens,501,101.6,0.7,-37.8148084,144.980999,ENV,REAL_501,Real sensor series - Fitzroy Gardens - board 501,42,real_sensor_board_501,18.40582510216065,0,normal
2015-02-28 13:00:00+00:00,17.4,Fitzroy Gardens,501,101.9,0.8,-37.8148084,144.980999,ENV,REAL_501,Real sensor series - Fitzroy Gardens - board 501,42,real_sensor_board_501,18.264660081728522,0,normal
2015-02-28 13:10:00+00:00,17.7,Fitzroy Gardens,501,101.3,0.7,-37.8148084,144.980999,ENV,REAL_501,Real sensor series - Fitzroy Gardens - board 501,42,real_sensor_board_501,18.15172806538282,0,normal
2015-02-28 13:20:00+00:00,17.7,Fitzroy Gardens,501,101.4,0.8,-37.8148084,144.980999,ENV,REAL_501,Real sensor series - Fitzroy Gardens - board 501,42,real_sensor_board_501,18.061382452306255,0,normal
2015-02-28 13:30:00+00:00,17.7,Fitzroy Gardens,501,101.6,0.8,-37.8148084,144.980999,ENV,REAL_501,Real sensor series - Fitzroy Gardens - board 501,42,real_sensor_board_501,17.989105961845006,0,normal
2015-02-28 13:40:00+00:00,17.7,Fitzroy Gardens,501,101.4,0.7,-37.8148084,144.980999,ENV,REAL_501,Real sensor series - Fitzroy Gardens - board 501,42,real_sensor_board_501,17.871284769476006,0,normal
2015-02-28 13:50:00+00:00,17.7,Fitzroy Gardens,501,101.7,0.7,-37.8148084,144.980999,ENV,REAL_501,Real sensor series - Fitzroy Gardens - board 501,42,real_sensor_board_501,17.777027815580805,0,normal
2015-02-28 14:00:00+00:00,17.4,Fitzroy Gardens,501,101.3,0.7,-37.8148084,144.980999,ENV,REAL_501,Real sensor series - Fitzroy Gardens - board 501,42,real_sensor_board_501,17.701622252464645,0,normal
2015-02-28 14:10:00+00:00,17.4,Fitzroy Gardens,501,101.4,0.8,-37.8148084,144.980999,ENV,REAL_501,Real sensor series - Fitzroy Gardens - board 501,42,real_sensor_board_501,17.641297801971717,0,normal
2015-02-28 14:20:00+00:00,17.1,Fitzroy Gardens,501,101.4,0.8,-37.8148084,144.980999,ENV,REAL_501,Real sensor series - Fitzroy Gardens - board 501,42,real_sensor_board_501,17.533038241577376,0,normal
2015-02-28 14:30:00+00:00,16.8,Fitzroy Gardens,501,101.3,0.9,-37.8148084,144.980999,ENV,REAL_501,Real sensor series - Fitzroy Gardens - board 501,42,real_sensor_board_501,17.386430593261903,0,normal
2015-02-28 14:45:00+00:00,16.5,Fitzroy Gardens,501,101.4,0.8,-37.8148084,144.980999,ENV,REAL_501,Real sensor series - Fitzroy Gardens - board 501,42,real_sensor_board_501,17.209144474609523,0,normal
2015-02-28 14:55:00+00:00,16.5,Fitzroy Gardens,501,101.3,0.8,-37.8148084,144.980999,ENV,REAL_501,Real sensor series - Fitzroy Gardens - board 501,42,real_sensor_board_501,17.06731557968762,0,normal
2015-02-28 15:05:00+00:00,16.5,Fitzroy Gardens,501,101.3,0.8,-37.8148084,144.980999,ENV,REAL_501,Real sensor series - Fitzroy Gardens - board 501,42,real_sensor_board_501,16.953852463750096,0,normal
2015-02-28 15:15:00+00:00,16.1,Fitzroy Gardens,501,101.1,0.8,-37.8148084,144.980999,ENV,REAL_501,Real sensor series - Fitzroy Gardens - board 501,42,real_sensor_board_501,16.78308197100008,0,normal
2015-02-28 15:25:00+00:00,15.8,Fitzroy Gardens,501,100.2,0.9,-37.8148084,144.980999,ENV,REAL_501,Real sensor series - Fitzroy Gardens - board 501,42,real_sensor_board_501,16.586465576800066,0,normal
2015-02-28 15:35:00+00:00,15.8,Fitzroy Gardens,501,101.1,0.8,-37.8148084,144.980999,ENV,REAL_501,Real sensor series - Fitzroy Gardens - board 501,42,real_sensor_board_501,16.429172461440054,0,normal
2015-02-28 15:45:00+00:00,15.2,Fitzroy Gardens,501,101.0,0.8,-37.8148084,144.980999,ENV,REAL_501,Real sensor series - Fitzroy Gardens - board 501,42,real_sensor_board_501,16.303337969152043,0,normal
2015-02-28 15:55:00+00:00,15.5,Fitzroy Gardens,501,101.0,0.8,-37.8148084,144.980999,ENV,REAL_501,Real sensor series - Fitzroy Gardens - board 501,42,real_sensor_board_501,16.202670375321635,0,normal
2015-02-28 16:25:00+00:00,14.5,Fitzroy Gardens,501,101.3,0.8,-37.8148084,144.980999,ENV,REAL_501,Real sensor series - Fitzroy Gardens - board 501,42,real_sensor_board_501,16.12213630025731,0,normal
2015-02-28 16:45:00+00:00,14.2,Fitzroy Gardens,501,100.8,0.8,-37.8148084,144.980999,ENV,REAL_501,Real sensor series - Fitzroy Gardens - board 501,42,real_sensor_board_501,16.05770904020585,0,normal
2015-02-28 16:55:00+00:00,14.5,Fitzroy Gardens,501,101.0,0.8,-37.8148084,144.980999,ENV,REAL_501,Real sensor series - Fitzroy Gardens - board 501,42,real_sensor_board_501,16.00616723216468,0,normal
2015-02-28 17:05:00+00:00,14.5,Fitzroy Gardens,501,101.1,0.8,-37.8148084,144.980999,ENV,REAL_501,Real sensor series - Fitzroy Gardens - board 501,42,real_sensor_board_501,15.964933785731747,0,normal
2015-02-28 17:15:00+00:00,14.5,Fitzroy Gardens,501,100.8,0.8,-37.8148084,144.980999,ENV,REAL_501,Real sensor series - Fitzroy Gardens - board 501,42,real_sensor_board_501,15.931947028585398,0,normal
2015-02-28 18:10:00+00:00,15.2,Fitzroy Gardens,501,90.2,0.7,-37.8148084,144.980999,ENV,REAL_501,Real sensor series - Fitzroy Gardens - board 501,42,real_sensor_board_501,15.905557622868319,0,normal
2015-02-28 18:20:00+00:00,14.8,Fitzroy Gardens,501,91.5,0.7,-37.8148084,144.980999,ENV,REAL_501,Real sensor series - Fitzroy Gardens - board 501,42,real_sensor_board_501,15.884446098294656,0,normal
2015-02-28 18:30:00+00:00,14.8,Fitzroy Gardens,501,89.9,0.6,-37.8148084,144.980999,ENV,REAL_501,Real sensor series - Fitzroy Gardens - board 501,42,real_sensor_board_501,15.867556878635726,1,weak_multivariate_excursion
2015-02-28 20:20:00+00:00,13.9,Fitzroy Gardens,501,82.5,70.1,-37.8148084,144.980999,ENV,REAL_501,Real sensor series - Fitzroy Gardens - board 501,42,real_sensor_board_501,15.854045502908582,1,weak_multivariate_excursion
2015-02-28 20:30:00+00:00,13.9,Fitzroy Gardens,501,82.4,74.4,-37.8148084,144.980999,ENV,REAL_501,Real sensor series - Fitzroy Gardens - board 501,42,real_sensor_board_501,15.843236402326866,1,weak_multivariate_excursion
2015-03-01 13:10:00+00:00,14.8,Fitzroy Gardens,501,58.9,0.9,-37.8148084,144.980999,ENV,REAL_501,Real sensor series - Fitzroy Gardens - board 501,42,real_sensor_board_501,15.834589121861494,1,weak_multivariate_excursion
2015-03-01 13:20:00+00:00,14.5,Fitzroy Gardens,501,61.1,0.9,-37.8148084,144.980999,ENV,REAL_501,Real sensor series - Fitzroy Gardens - board 501,42,real_sensor_board_501,15.827671297489196,1,weak_multivariate_excursion
2015-03-01 20:20:00+00:00,9.4,Fitzroy Gardens,501,88.0,72.0,-37.8148084,144.980999,ENV,REAL_501,Real sensor series - Fitzroy Gardens - board 501,42,real_sensor_board_501,15.822137037991357,1,weak_multivariate_excursion
2015-03-02 08:40:00+00:00,18.7,Fitzroy Gardens,501,45.1,62.3,-37.8148084,144.980999,ENV,REAL_501,Real sensor series - Fitzroy Gardens - board 501,42,real_sensor_board_501,16.077709630393088,1,weak_multivariate_excursion
2015-03-02 09:00:00+00:00,18.4,Fitzroy Gardens,501,44.5,25.9,-37.8148084,144.980999,ENV,REAL_501,Real sensor series - Fitzroy Gardens - board 501,42,real_sensor_board_501,16.28216770431447,1,weak_multivariate_excursion
2015-03-02 09:20:00+00:00,18.1,Fitzroy Gardens,501,45.0,1.9,-37.8148084,144.980999,ENV,REAL_501,Real sensor series - Fitzroy Gardens - board 501,42,real_sensor_board_501,16.44573416345158,1,weak_multivariate_excursion
2015-03-02 09:30:00+00:00,18.1,Fitzroy Gardens,501,45.8,1.0,-37.8148084,144.980999,ENV,REAL_501,Real sensor series - Fitzroy Gardens - board 501,42,real_sensor_board_501,16.576587330761264,1,weak_multivariate_excursion
2015-03-02 09:40:00+00:00,17.7,Fitzroy Gardens,501,45.9,0.9,-37.8148084,144.980999,ENV,REAL_501,Real sensor series - Fitzroy Gardens - board 501,42,real_sensor_board_501,16.681269864609014,0,normal
2015-03-02 09:50:00+00:00,17.7,Fitzroy Gardens,501,46.1,1.0,-37.8148084,144.980999,ENV,REAL_501,Real sensor series - Fitzroy Gardens - board 501,42,real_sensor_board_501,16.765015891687213,0,normal
2015-03-02 10:00:00+00:00,17.4,Fitzroy Gardens,501,49.4,1.0,-37.8148084,144.980999,ENV,REAL_501,Real sensor series - Fitzroy Gardens - board 501,42,real_sensor_board_501,16.832012713349773,0,normal
2015-03-02 10:10:00+00:00,17.4,Fitzroy Gardens,501,50.5,1.0,-37.8148084,144.980999,ENV,REAL_501,Real sensor series - Fitzroy Gardens - board 501,42,real_sensor_board_501,16.88561017067982,0,normal
2015-03-02 10:20:00+00:00,17.4,Fitzroy Gardens,501,50.8,1.0,-37.8148084,144.980999,ENV,REAL_501,Real sensor series - Fitzroy Gardens - board 501,42,real_sensor_board_501,16.928488136543855,0,normal
2015-03-02 10:30:00+00:00,17.7,Fitzroy Gardens,501,48.5,1.0,-37.8148084,144.980999,ENV,REAL_501,Real sensor series - Fitzroy Gardens - board 501,42,real_sensor_board_501,16.962790509235084,0,normal
2015-03-02 10:40:00+00:00,17.4,Fitzroy Gardens,501,49.6,0.9,-37.8148084,144.980999,ENV,REAL_501,Real sensor series - Fitzroy Gardens - board 501,42,real_sensor_board_501,16.99023240738807,0,normal
2015-03-02 10:50:00+00:00,17.4,Fitzroy Gardens,501,51.4,1.0,-37.8148084,144.980999,ENV,REAL_501,Real sensor series - Fitzroy Gardens - board 501,42,real_sensor_board_501,17.012185925910458,0,normal
2015-03-02 11:00:00+00:00,17.1,Fitzroy Gardens,501,51.1,1.0,-37.8148084,144.980999,ENV,REAL_501,Real sensor series - Fitzroy Gardens - board 501,42,real_sensor_board_501,17.02974874072837,0,normal
2015-03-02 11:10:00+00:00,17.4,Fitzroy Gardens,501,52.1,1.0,-37.8148084,144.980999,ENV,REAL_501,Real sensor series - Fitzroy Gardens - board 501,42,real_sensor_board_501,17.043798992582698,0,normal
2015-03-02 11:20:00+00:00,17.1,Fitzroy Gardens,501,52.4,1.0,-37.8148084,144.980999,ENV,REAL_501,Real sensor series - Fitzroy Gardens - board 501,42,real_sensor_board_501,17.05503919406616,0,normal
2015-03-02 11:35:00+00:00,17.4,Fitzroy Gardens,501,49.9,1.0,-37.8148084,144.980999,ENV,REAL_501,Real sensor series - Fitzroy Gardens - board 501,42,real_sensor_board_501,17.06403135525293,0,normal
2015-03-02 11:45:00+00:00,17.1,Fitzroy Gardens,501,51.1,1.0,-37.8148084,144.980999,ENV,REAL_501,Real sensor series - Fitzroy Gardens - board 501,42,real_sensor_board_501,17.071225084202347,0,normal
2015-03-02 13:05:00+00:00,16.5,Fitzroy Gardens,501,55.5,1.0,-37.8148084,144.980999,ENV,REAL_501,Real sensor series - Fitzroy Gardens - board 501,42,real_sensor_board_501,17.07698006736188,0,normal
2015-03-02 13:15:00+00:00,16.1,Fitzroy Gardens,501,55.5,1.0,-37.8148084,144.980999,ENV,REAL_501,Real sensor series - Fitzroy Gardens - board 501,42,real_sensor_board_501,17.081584053889507,0,normal
2015-03-02 13:25:00+00:00,16.5,Fitzroy Gardens,501,55.1,1.0,-37.8148084,144.980999,ENV,REAL_501,Real sensor series - Fitzroy Gardens - board 501,42,real_sensor_board_501,17.025267243111607,0,normal
2015-03-02 13:35:00+00:00,16.1,Fitzroy Gardens,501,58.5,1.0,-37.8148084,144.980999,ENV,REAL_501,Real sensor series - Fitzroy Gardens - board 501,42,real_sensor_board_501,16.980213794489288,0,normal
2015-03-02 13:45:00+00:00,16.1,Fitzroy Gardens,501,57.4,1.0,-37.8148084,144.980999,ENV,REAL_501,Real sensor series - Fitzroy Gardens - board 501,42,real_sensor_board_501,16.94417103559143,0,normal
2015-03-02 13:55:00+00:00,16.1,Fitzroy Gardens,501,59.8,1.0,-37.8148084,144.980999,ENV,REAL_501,Real sensor series - Fitzroy Gardens - board 501,42,real_sensor_board_501,16.855336828473146,0,normal
2015-03-02 14:05:00+00:00,16.1,Fitzroy Gardens,501,61.4,1.0,-37.8148084,144.980999,ENV,REAL_501,Real sensor series - Fitzroy Gardens - board 501,42,real_sensor_board_501,16.784269462778518,0,normal
2015-03-02 14:15:00+00:00,15.8,Fitzroy Gardens,501,63.0,1.0,-37.8148084,144.980999,ENV,REAL_501,Real sensor series - Fitzroy Gardens - board 501,42,real_sensor_board_501,16.727415570222814,0,normal
2015-03-02 14:25:00+00:00,16.1,Fitzroy Gardens,501,62.6,1.0,-37.8148084,144.980999,ENV,REAL_501,Real sensor series - Fitzroy Gardens - board 501,42,real_sensor_board_501,16.681932456178252,0,normal
2015-03-02 14:50:00+00:00,16.8,Fitzroy Gardens,501,57.3,1.0,-37.8148084,144.980999,ENV,REAL_501,Real sensor series - Fitzroy Gardens - board 501,42,real_sensor_board_501,16.645545964942603,0,normal
2015-03-02 15:00:00+00:00,17.1,Fitzroy Gardens,501,56.0,0.9,-37.8148084,144.980999,ENV,REAL_501,Real sensor series - Fitzroy Gardens - board 501,42,real_sensor_board_501,16.61643677195408,0,normal
2015-03-02 15:10:00+00:00,17.1,Fitzroy Gardens,501,55.7,1.0,-37.8148084,144.980999,ENV,REAL_501,Real sensor series - Fitzroy Gardens - board 501,42,real_sensor_board_501,16.593149417563264,0,normal
2015-03-02 15:20:00+00:00,16.8,Fitzroy Gardens,501,57.3,0.9,-37.8148084,144.980999,ENV,REAL_501,Real sensor series - Fitzroy Gardens - board 501,42,real_sensor_board_501,16.574519534050612,0,normal
2015-03-02 15:30:00+00:00,16.8,Fitzroy Gardens,501,56.8,0.9,-37.8148084,144.980999,ENV,REAL_501,Real sensor series - Fitzroy Gardens - board 501,42,real_sensor_board_501,16.55961562724049,0,normal
2015-03-02 15:40:00+00:00,16.5,Fitzroy Gardens,501,60.0,0.9,-37.8148084,144.980999,ENV,REAL_501,Real sensor series - Fitzroy Gardens - board 501,42,real_sensor_board_501,16.547692501792394,0,normal
2015-03-02 17:00:00+00:00,16.1,Fitzroy Gardens,501,64.5,1.0,-37.8148084,144.980999,ENV,REAL_501,Real sensor series - Fitzroy Gardens - board 501,42,real_sensor_board_501,16.538154001433917,0,normal
2015-03-02 17:10:00+00:00,16.1,Fitzroy Gardens,501,62.8,1.0,-37.8148084,144.980999,ENV,REAL_501,Real sensor series - Fitzroy Gardens - board 501,42,real_sensor_board_501,16.530523201147133,0,normal
2015-03-02 17:20:00+00:00,16.1,Fitzroy Gardens,501,63.3,1.0,-37.8148084,144.980999,ENV,REAL_501,Real sensor series - Fitzroy Gardens - board 501,42,real_sensor_board_501,16.524418560917706,0,normal
2015-03-02 17:30:00+00:00,16.5,Fitzroy Gardens,501,63.0,1.0,-37.8148084,144.980999,ENV,REAL_501,Real sensor series - Fitzroy Gardens - board 501,42,real_sensor_board_501,16.579534848734166,0,normal
2015-03-02 17:40:00+00:00,16.5,Fitzroy Gardens,501,62.2,1.0,-37.8148084,144.980999,ENV,REAL_501,Real sensor series - Fitzroy Gardens - board 501,42,real_sensor_board_501,16.623627878987335,0,normal
2015-03-02 17:50:00+00:00,16.5,Fitzroy Gardens,501,61.5,1.0,-37.8148084,144.980999,ENV,REAL_501,Real sensor series - Fitzroy Gardens - board 501,42,real_sensor_board_501,16.65890230318987,1,weak_multivariate_excursion
2015-03-02 20:45:00+00:00,15.5,Fitzroy Gardens,501,75.3,81.6,-37.8148084,144.980999,ENV,REAL_501,Real sensor series - Fitzroy Gardens - board 501,42,real_sensor_board_501,16.7471218425519,1,weak_multivariate_excursion
2015-03-02 21:10:00+00:00,16.5,Fitzroy Gardens,501,72.4,86.5,-37.8148084,144.980999,ENV,REAL_501,Real sensor series - Fitzroy Gardens - board 501,42,real_sensor_board_501,16.81769747404152,1,weak_multivariate_excursion
2015-03-02 21:20:00+00:00,17.1,Fitzroy Gardens,501,69.1,88.4,-37.8148084,144.980999,ENV,REAL_501,Real sensor series - Fitzroy Gardens - board 501,42,real_sensor_board_501,16.874157979233217,1,weak_multivariate_excursion
2015-03-02 21:30:00+00:00,17.7,Fitzroy Gardens,501,60.9,89.9,-37.8148084,144.980999,ENV,REAL_501,Real sensor series - Fitzroy Gardens - board 501,42,real_sensor_board_501,17.039326383386573,0,normal
2015-03-02 21:40:00+00:00,18.1,Fitzroy Gardens,501,60.0,90.9,-37.8148084,144.980999,ENV,REAL_501,Real sensor series - Fitzroy Gardens - board 501,42,real_sensor_board_501,17.25146110670926,0,normal
2015-03-02 21:50:00+00:00,18.1,Fitzroy Gardens,501,59.5,91.9,-37.8148084,144.980999,ENV,REAL_501,Real sensor series - Fitzroy Gardens - board 501,42,real_sensor_board_501,17.42116888536741,0,normal
2015-03-02 22:10:00+00:00,18.7,Fitzroy Gardens,501,56.8,92.5,-37.8148084,144.980999,ENV,REAL_501,Real sensor series - Fitzroy Gardens - board 501,42,real_sensor_board_501,17.676935108293932,0,normal
2015-03-02 22:20:00+00:00,18.7,Fitzroy Gardens,501,57.8,93.3,-37.8148084,144.980999,ENV,REAL_501,Real sensor series - Fitzroy Gardens - board 501,42,real_sensor_board_501,17.88154808663515,0,normal
2015-03-02 22:30:00+00:00,19.0,Fitzroy Gardens,501,56.7,93.5,-37.8148084,144.980999,ENV,REAL_501,Real sensor series - Fitzroy Gardens - board 501,42,real_sensor_board_501,18.10523846930812,0,normal
2015-03-02 22:40:00+00:00,19.7,Fitzroy Gardens,501,56.2,93.7,-37.8148084,144.980999,ENV,REAL_501,Real sensor series - Fitzroy Gardens - board 501,42,real_sensor_board_501,18.284190775446497,0,normal
2015-03-02 23:00:00+00:00,20.0,Fitzroy Gardens,501,55.5,94.0,-37.8148084,144.980999,ENV,REAL_501,Real sensor series - Fitzroy Gardens - board 501,42,real_sensor_board_501,18.567352620357198,0,normal
2015-03-02 23:10:00+00:00,19.7,Fitzroy Gardens,501,54.9,93.8,-37.8148084,144.980999,ENV,REAL_501,Real sensor series - Fitzroy Gardens - board 501,42,real_sensor_board_501,18.79388209628576,0,normal
2015-03-02 23:20:00+00:00,19.0,Fitzroy Gardens,501,54.1,94.1,-37.8148084,144.980999,ENV,REAL_501,Real sensor series - Fitzroy Gardens - board 501,42,real_sensor_board_501,19.03510567702861,1,weak_multivariate_excursion
2015-03-02 23:30:00+00:00,21.6,Fitzroy Gardens,501,52.7,97.0,-37.8148084,144.980999,ENV,REAL_501,Real sensor series - Fitzroy Gardens - board 501,42,real_sensor_board_501,19.34808454162289,1,weak_multivariate_excursion
2015-03-02 23:40:00+00:00,20.6,Fitzroy Gardens,501,54.0,94.6,-37.8148084,144.980999,ENV,REAL_501,Real sensor series - Fitzroy Gardens - board 501,42,real_sensor_board_501,19.798467633298312,1,weak_multivariate_excursion
2015-03-03 00:55:00+00:00,24.8,Fitzroy Gardens,501,43.4,96.9,-37.8148084,144.980999,ENV,REAL_501,Real sensor series - Fitzroy Gardens - board 501,42,real_sensor_board_501,20.61877410663865,1,weak_multivariate_excursion
2015-03-03 01:05:00+00:00,26.5,Fitzroy Gardens,501,43.4,96.8,-37.8148084,144.980999,ENV,REAL_501,Real sensor series - Fitzroy Gardens - board 501,42,real_sensor_board_501,21.275019285310922,1,weak_multivariate_excursion
2015-03-03 01:15:00+00:00,26.1,Fitzroy Gardens,501,43.7,96.9,-37.8148084,144.980999,ENV,REAL_501,Real sensor series - Fitzroy Gardens - board 501,42,real_sensor_board_501,21.800015428248738,0,normal
2015-03-03 01:25:00+00:00,25.5,Fitzroy Gardens,501,44.0,96.9,-37.8148084,144.980999,ENV,REAL_501,Real sensor series - Fitzroy Gardens - board 501,42,real_sensor_board_501,22.22001234259899,0,normal
2015-03-03 01:35:00+00:00,24.5,Fitzroy Gardens,501,45.9,96.7,-37.8148084,144.980999,ENV,REAL_501,Real sensor series - Fitzroy Gardens - board 501,42,real_sensor_board_501,22.556009874079194,0,normal
2015-03-03 01:45:00+00:00,25.5,Fitzroy Gardens,501,44.7,96.9,-37.8148084,144.980999,ENV,REAL_501,Real sensor series - Fitzroy Gardens - board 501,42,real_sensor_board_501,22.82480789926336,0,normal
2015-03-03 01:55:00+00:00,24.2,Fitzroy Gardens,501,44.8,96.9,-37.8148084,144.980999,ENV,REAL_501,Real sensor series - Fitzroy Gardens - board 501,42,real_sensor_board_501,23.03984631941069,0,normal
2015-03-03 02:05:00+00:00,24.5,Fitzroy Gardens,501,43.7,96.9,-37.8148084,144.980999,ENV,REAL_501,Real sensor series - Fitzroy Gardens - board 501,42,real_sensor_board_501,23.211877055528554,0,normal
2015-03-03 02:15:00+00:00,24.8,Fitzroy Gardens,501,44.0,96.6,-37.8148084,144.980999,ENV,REAL_501,Real sensor series - Fitzroy Gardens - board 501,42,real_sensor_board_501,23.349501644422844,0,normal
2015-03-03 02:25:00+00:00,24.5,Fitzroy Gardens,501,44.5,96.9,-37.8148084,144.980999,ENV,REAL_501,Real sensor series - Fitzroy Gardens - board 501,42,real_sensor_board_501,23.459601315538276,0,normal
2015-03-03 02:35:00+00:00,24.8,Fitzroy Gardens,501,42.3,96.5,-37.8148084,144.980999,ENV,REAL_501,Real sensor series - Fitzroy Gardens - board 501,42,real_sensor_board_501,23.547681052430622,0,normal
2015-03-03 02:45:00+00:00,24.8,Fitzroy Gardens,501,41.7,96.8,-37.8148084,144.980999,ENV,REAL_501,Real sensor series - Fitzroy Gardens - board 501,42,real_sensor_board_501,23.6181448419445,0,normal
2015-03-03 02:55:00+00:00,23.9,Fitzroy Gardens,501,42.1,97.1,-37.8148084,144.980999,ENV,REAL_501,Real sensor series - Fitzroy Gardens - board 501,42,real_sensor_board_501,23.674515873555602,0,normal
2015-03-03 03:05:00+00:00,24.2,Fitzroy Gardens,501,39.9,97.1,-37.8148084,144.980999,ENV,REAL_501,Real sensor series - Fitzroy Gardens - board 501,42,real_sensor_board_501,23.719612698844482,0,normal
2015-03-03 03:15:00+00:00,24.5,Fitzroy Gardens,501,41.0,97.0,-37.8148084,144.980999,ENV,REAL_501,Real sensor series - Fitzroy Gardens - board 501,42,real_sensor_board_501,23.755690159075588,0,normal
2015-03-03 03:40:00+00:00,25.5,Fitzroy Gardens,501,38.5,97.1,-37.8148084,144.980999,ENV,REAL_501,Real sensor series - Fitzroy Gardens - board 501,42,real_sensor_board_501,23.784552127260472,1,weak_multivariate_excursion
2015-03-03 16:05:00+00:00,15.2,Fitzroy Gardens,501,67.1,1.3,-37.8148084,144.980999,ENV,REAL_501,Real sensor series - Fitzroy Gardens - board 501,42,real_sensor_board_501,22.907641701808377,1,weak_multivariate_excursion
2015-03-03 18:10:00+00:00,14.5,Fitzroy Gardens,501,64.9,1.1,-37.8148084,144.980999,ENV,REAL_501,Real sensor series - Fitzroy Gardens - board 501,42,real_sensor_board_501,22.066113361446703,1,weak_multivariate_excursion
2015-03-03 18:20:00+00:00,14.2,Fitzroy Gardens,501,65.6,1.1,-37.8148084,144.980999,ENV,REAL_501,Real sensor series - Fitzroy Gardens - board 501,42,real_sensor_board_501,21.272890689157364,1,weak_multivariate_excursion
2015-03-03 18:30:00+00:00,14.5,Fitzroy Gardens,501,65.8,1.2,-37.8148084,144.980999,ENV,REAL_501,Real sensor series - Fitzroy Gardens - board 501,42,real_sensor_board_501,20.638312551325892,1,weak_multivariate_excursion
2015-03-03 19:55:00+00:00,14.2,Fitzroy Gardens,501,63.4,18.3,-37.8148084,144.980999,ENV,REAL_501,Real sensor series - Fitzroy Gardens - board 501,42,real_sensor_board_501,20.130650041060715,1,weak_multivariate_excursion
2015-03-03 20:25:00+00:00,14.2,Fitzroy Gardens,501,62.2,66.6,-37.8148084,144.980999,ENV,REAL_501,Real sensor series - Fitzroy Gardens - board 501,42,real_sensor_board_501,19.644520032848572,1,weak_multivariate_excursion
2015-03-03 23:00:00+00:00,17.1,Fitzroy Gardens,501,48.6,92.8,-37.8148084,144.980999,ENV,REAL_501,Real sensor series - Fitzroy Gardens - board 501,42,real_sensor_board_501,19.19561602627886,1,weak_multivariate_excursion
2015-03-03 23:10:00+00:00,16.5,Fitzroy Gardens,501,48.5,91.9,-37.8148084,144.980999,ENV,REAL_501,Real sensor series - Fitzroy Gardens - board 501,42,real_sensor_board_501,18.83649282102309,1,weak_multivariate_excursion
2015-03-03 23:20:00+00:00,18.1,Fitzroy Gardens,501,48.9,95.0,-37.8148084,144.980999,ENV,REAL_501,Real sensor series - Fitzroy Gardens - board 501,42,real_sensor_board_501,18.54919425681847,0,normal
2015-03-03 23:30:00+00:00,17.4,Fitzroy Gardens,501,46.6,93.7,-37.8148084,144.980999,ENV,REAL_501,Real sensor series - Fitzroy Gardens - board 501,42,real_sensor_board_501,18.319355405454775,0,normal
2015-03-03 23:40:00+00:00,18.7,Fitzroy Gardens,501,44.2,94.0,-37.8148084,144.980999,ENV,REAL_501,Real sensor series - Fitzroy Gardens - board 501,42,real_sensor_board_501,18.13548432436382,0,normal
2015-03-03 23:50:00+00:00,19.4,Fitzroy Gardens,501,42.1,94.9,-37.8148084,144.980999,ENV,REAL_501,Real sensor series - Fitzroy Gardens - board 501,42,real_sensor_board_501,17.928387459491056,1,weak_multivariate_excursion
2015-03-04 13:00:00+00:00,17.7,Fitzroy Gardens,501,43.4,1.2,-37.8148084,144.980999,ENV,REAL_501,Real sensor series - Fitzroy Gardens - board 501,42,real_sensor_board_501,17.762709967592848,1,weak_multivariate_excursion
2015-03-04 13:10:00+00:00,18.1,Fitzroy Gardens,501,42.3,1.3,-37.8148084,144.980999,ENV,REAL_501,Real sensor series - Fitzroy Gardens - board 501,42,real_sensor_board_501,17.63016797407428,1,weak_multivariate_excursion
2015-03-04 13:20:00+00:00,18.1,Fitzroy Gardens,501,41.8,1.1,-37.8148084,144.980999,ENV,REAL_501,Real sensor series - Fitzroy Gardens - board 501,42,real_sensor_board_501,17.524134379259426,0,normal
2015-03-04 13:30:00+00:00,17.4,Fitzroy Gardens,501,42.3,1.1,-37.8148084,144.980999,ENV,REAL_501,Real sensor series - Fitzroy Gardens - board 501,42,real_sensor_board_501,17.43930750340754,0,normal
2015-03-04 13:40:00+00:00,17.1,Fitzroy Gardens,501,42.6,1.1,-37.8148084,144.980999,ENV,REAL_501,Real sensor series - Fitzroy Gardens - board 501,42,real_sensor_board_501,17.371446002726035,0,normal
2015-03-04 13:50:00+00:00,16.8,Fitzroy Gardens,501,43.7,1.1,-37.8148084,144.980999,ENV,REAL_501,Real sensor series - Fitzroy Gardens - board 501,42,real_sensor_board_501,17.31715680218083,0,normal
2015-03-04 14:00:00+00:00,17.1,Fitzroy Gardens,501,43.1,1.2,-37.8148084,144.980999,ENV,REAL_501,Real sensor series - Fitzroy Gardens - board 501,42,real_sensor_board_501,17.273725441744666,0,normal
2015-03-04 14:10:00+00:00,17.4,Fitzroy Gardens,501,41.5,1.2,-37.8148084,144.980999,ENV,REAL_501,Real sensor series - Fitzroy Gardens - board 501,42,real_sensor_board_501,17.238980353395736,0,normal
2015-03-04 14:20:00+00:00,17.4,Fitzroy Gardens,501,42.5,1.2,-37.8148084,144.980999,ENV,REAL_501,Real sensor series - Fitzroy Gardens - board 501,42,real_sensor_board_501,17.21118428271659,0,normal
2015-03-04 14:30:00+00:00,17.4,Fitzroy Gardens,501,43.4,1.3,-37.8148084,144.980999,ENV,REAL_501,Real sensor series - Fitzroy Gardens - board 501,42,real_sensor_board_501,17.188947426173275,0,normal
2015-03-04 14:40:00+00:00,17.1,Fitzroy Gardens,501,43.7,1.3,-37.8148084,144.980999,ENV,REAL_501,Real sensor series - Fitzroy Gardens - board 501,42,real_sensor_board_501,17.17115794093862,0,normal
2015-03-04 14:55:00+00:00,17.1,Fitzroy Gardens,501,45.3,1.3,-37.8148084,144.980999,ENV,REAL_501,Real sensor series - Fitzroy Gardens - board 501,42,real_sensor_board_501,17.156926352750897,0,normal
2015-03-04 15:05:00+00:00,15.2,Fitzroy Gardens,501,63.6,1.1,-37.8148084,144.980999,ENV,REAL_501,Real sensor series - Fitzroy Gardens - board 501,42,real_sensor_board_501,17.08554108220072,0,normal
2015-03-04 15:15:00+00:00,15.8,Fitzroy Gardens,501,60.9,1.2,-37.8148084,144.980999,ENV,REAL_501,Real sensor series - Fitzroy Gardens - board 501,42,real_sensor_board_501,17.02843286576058,0,normal
2015-03-04 15:25:00+00:00,15.2,Fitzroy Gardens,501,65.8,1.2,-37.8148084,144.980999,ENV,REAL_501,Real sensor series - Fitzroy Gardens - board 501,42,real_sensor_board_501,16.982746292608464,0,normal
2015-03-04 15:35:00+00:00,14.2,Fitzroy Gardens,501,74.9,1.2,-37.8148084,144.980999,ENV,REAL_501,Real sensor series - Fitzroy Gardens - board 501,42,real_sensor_board_501,16.886197034086774,0,normal
2015-03-04 16:25:00+00:00,13.9,Fitzroy Gardens,501,63.9,1.0,-37.8148084,144.980999,ENV,REAL_501,Real sensor series - Fitzroy Gardens - board 501,42,real_sensor_board_501,16.66895762726942,1,weak_multivariate_excursion
2015-03-04 23:05:00+00:00,14.5,Fitzroy Gardens,501,39.6,92.5,-37.8148084,144.980999,ENV,REAL_501,Real sensor series - Fitzroy Gardens - board 501,42,real_sensor_board_501,16.43516610181554,1,weak_multivariate_excursion
2015-03-04 23:55:00+00:00,17.1,Fitzroy Gardens,501,37.3,96.4,-37.8148084,144.980999,ENV,REAL_501,Real sensor series - Fitzroy Gardens - board 501,42,real_sensor_board_501,16.188132881452432,1,weak_multivariate_excursion
2015-03-05 08:50:00+00:00,15.5,Fitzroy Gardens,501,32.5,50.7,-37.8148084,144.980999,ENV,REAL_501,Real sensor series - Fitzroy Gardens - board 501,42,real_sensor_board_501,15.990506305161947,1,weak_multivariate_excursion
2015-03-05 09:00:00+00:00,15.2,Fitzroy Gardens,501,33.5,23.9,-37.8148084,144.980999,ENV,REAL_501,Real sensor series - Fitzroy Gardens - board 501,42,real_sensor_board_501,15.832405044129558,1,weak_multivariate_excursion
2015-03-05 09:10:00+00:00,14.8,Fitzroy Gardens,501,37.7,5.5,-37.8148084,144.980999,ENV,REAL_501,Real sensor series - Fitzroy Gardens - board 501,42,real_sensor_board_501,15.705924035303646,1,weak_multivariate_excursion
2015-03-05 09:20:00+00:00,14.5,Fitzroy Gardens,501,38.2,1.7,-37.8148084,144.980999,ENV,REAL_501,Real sensor series - Fitzroy Gardens - board 501,42,real_sensor_board_501,15.604739228242916,1,weak_multivariate_excursion
2015-03-05 11:55:00+00:00,13.2,Fitzroy Gardens,501,42.1,1.2,-37.8148084,144.980999,ENV,REAL_501,Real sensor series - Fitzroy Gardens - board 501,42,real_sensor_board_501,15.523791382594332,0,normal
2015-03-05 12:15:00+00:00,13.2,Fitzroy Gardens,501,41.8,1.2,-37.8148084,144.980999,ENV,REAL_501,Real sensor series - Fitzroy Gardens - board 501,42,real_sensor_board_501,15.459033106075466,0,normal
2015-03-05 18:15:00+00:00,13.5,Fitzroy Gardens,501,49.6,1.3,-37.8148084,144.980999,ENV,REAL_501,Real sensor series - Fitzroy Gardens - board 501,42,real_sensor_board_501,15.407226484860374,0,normal
2015-03-05 18:25:00+00:00,13.5,Fitzroy Gardens,501,48.9,1.3,-37.8148084,144.980999,ENV,REAL_501,Real sensor series - Fitzroy Gardens - board 501,42,real_sensor_board_501,15.365781187888299,1,weak_multivariate_excursion
2015-03-05 23:05:00+00:00,16.5,Fitzroy Gardens,501,61.1,91.0,-37.8148084,144.980999,ENV,REAL_501,Real sensor series - Fitzroy Gardens - board 501,42,real_sensor_board_501,15.332624950310638,1,weak_multivariate_excursion
2015-03-06 00:05:00+00:00,18.1,Fitzroy Gardens,501,58.7,93.2,-37.8148084,144.980999,ENV,REAL_501,Real sensor series - Fitzroy Gardens - board 501,42,real_sensor_board_501,15.36609996024851,1,weak_multivariate_excursion
2015-03-06 08:15:00+00:00,16.8,Fitzroy Gardens,501,69.4,73.2,-37.8148084,144.980999,ENV,REAL_501,Real sensor series - Fitzroy Gardens - board 501,42,real_sensor_board_501,15.392879968198809,1,weak_multivariate_excursion
2015-03-06 16:50:00+00:00,14.5,Fitzroy Gardens,501,77.8,1.1,-37.8148084,144.980999,ENV,REAL_501,Real sensor series - Fitzroy Gardens - board 501,42,real_sensor_board_501,15.474303974559048,1,weak_multivariate_excursion
2015-03-06 17:00:00+00:00,14.8,Fitzroy Gardens,501,74.9,1.1,-37.8148084,144.980999,ENV,REAL_501,Real sensor series - Fitzroy Gardens - board 501,42,real_sensor_board_501,15.53944317964724,1,weak_multivariate_excursion
2015-03-06 18:15:00+00:00,14.2,Fitzroy Gardens,501,80.0,1.0,-37.8148084,144.980999,ENV,REAL_501,Real sensor series - Fitzroy Gardens - board 501,42,real_sensor_board_501,15.591554543717793,0,normal
2015-03-06 18:25:00+00:00,14.2,Fitzroy Gardens,501,81.4,1.1,-37.8148084,144.980999,ENV,REAL_501,Real sensor series - Fitzroy Gardens - board 501,42,real_sensor_board_501,15.633243634974235,0,normal
2015-03-07 15:55:00+00:00,15.8,Fitzroy Gardens,501,79.2,1.2,-37.8148084,144.980999,ENV,REAL_501,Real sensor series - Fitzroy Gardens - board 501,42,real_sensor_board_501,15.606594907979389,0,normal
2015-03-07 16:05:00+00:00,15.8,Fitzroy Gardens,501,79.5,1.2,-37.8148084,144.980999,ENV,REAL_501,Real sensor series - Fitzroy Gardens - board 501,42,real_sensor_board_501,15.585275926383511,0,normal
2015-03-07 16:50:00+00:00,16.1,Fitzroy Gardens,501,77.9,1.1,-37.8148084,144.980999,ENV,REAL_501,Real sensor series - Fitzroy Gardens - board 501,42,real_sensor_board_501,15.56822074110681,0,normal
2015-03-07 17:00:00+00:00,16.1,Fitzroy Gardens,501,77.5,1.1,-37.8148084,144.980999,ENV,REAL_501,Real sensor series - Fitzroy Gardens - board 501,42,real_sensor_board_501,15.554576592885448,0,normal
2015-03-07 17:10:00+00:00,16.1,Fitzroy Gardens,501,77.5,1.1,-37.8148084,144.980999,ENV,REAL_501,Real sensor series - Fitzroy Gardens - board 501,42,real_sensor_board_501,15.54366127430836,0,normal
2015-03-07 17:20:00+00:00,16.1,Fitzroy Gardens,501,75.4,1.1,-37.8148084,144.980999,ENV,REAL_501,Real sensor series - Fitzroy Gardens - board 501,42,real_sensor_board_501,15.534929019446688,0,normal
2015-03-07 17:30:00+00:00,16.1,Fitzroy Gardens,501,75.1,1.1,-37.8148084,144.980999,ENV,REAL_501,Real sensor series - Fitzroy Gardens - board 501,42,real_sensor_board_501,15.58794321555735,0,normal
2015-03-07 17:40:00+00:00,16.1,Fitzroy Gardens,501,74.3,1.1,-37.8148084,144.980999,ENV,REAL_501,Real sensor series - Fitzroy Gardens - board 501,42,real_sensor_board_501,15.630354572445881,0,normal
2015-03-07 17:50:00+00:00,16.1,Fitzroy Gardens,501,73.2,1.0,-37.8148084,144.980999,ENV,REAL_501,Real sensor series - Fitzroy Gardens - board 501,42,real_sensor_board_501,15.664283657956705,0,normal
2015-03-07 18:00:00+00:00,15.8,Fitzroy Gardens,501,74.3,1.0,-37.8148084,144.980999,ENV,REAL_501,Real sensor series - Fitzroy Gardens - board 501,42,real_sensor_board_501,15.691426926365365,0,normal
2015-03-07 18:10:00+00:00,15.8,Fitzroy Gardens,501,73.2,1.0,-37.8148084,144.980999,ENV,REAL_501,Real sensor series - Fitzroy Gardens - board 501,42,real_sensor_board_501,15.713141541092293,0,normal
2015-03-07 18:20:00+00:00,15.8,Fitzroy Gardens,501,72.9,1.0,-37.8148084,144.980999,ENV,REAL_501,Real sensor series - Fitzroy Gardens - board 501,42,real_sensor_board_501,15.730513232873836,0,normal
2015-03-07 18:30:00+00:00,15.5,Fitzroy Gardens,501,73.7,1.0,-37.8148084,144.980999,ENV,REAL_501,Real sensor series - Fitzroy Gardens - board 501,42,real_sensor_board_501,15.74441058629907,0,normal
2015-03-07 18:40:00+00:00,15.5,Fitzroy Gardens,501,73.4,1.0,-37.8148084,144.980999,ENV,REAL_501,Real sensor series - Fitzroy Gardens - board 501,42,real_sensor_board_501,15.755528469039257,0,normal
2015-03-07 18:50:00+00:00,15.2,Fitzroy Gardens,501,76.4,1.0,-37.8148084,144.980999,ENV,REAL_501,Real sensor series - Fitzroy Gardens - board 501,42,real_sensor_board_501,15.824422775231406,0,normal
2015-03-07 19:00:00+00:00,15.5,Fitzroy Gardens,501,75.6,1.0,-37.8148084,144.980999,ENV,REAL_501,Real sensor series - Fitzroy Gardens - board 501,42,real_sensor_board_501,15.879538220185127,0,normal
2015-03-07 19:10:00+00:00,15.5,Fitzroy Gardens,501,75.1,1.0,-37.8148084,144.980999,ENV,REAL_501,Real sensor series - Fitzroy Gardens - board 501,42,real_sensor_board_501,15.923630576148103,0,normal
2015-03-07 19:20:00+00:00,15.5,Fitzroy Gardens,501,76.2,1.0,-37.8148084,144.980999,ENV,REAL_501,Real sensor series - Fitzroy Gardens - board 501,42,real_sensor_board_501,15.958904460918484,0,normal
2015-03-07 19:30:00+00:00,15.2,Fitzroy Gardens,501,75.6,1.1,-37.8148084,144.980999,ENV,REAL_501,Real sensor series - Fitzroy Gardens - board 501,42,real_sensor_board_501,15.98712356873479,0,normal
2015-03-07 19:40:00+00:00,15.2,Fitzroy Gardens,501,76.8,1.6,-37.8148084,144.980999,ENV,REAL_501,Real sensor series - Fitzroy Gardens - board 501,42,real_sensor_board_501,16.009698854987832,0,normal
2015-03-08 12:20:00+00:00,14.8,Fitzroy Gardens,501,73.5,1.0,-37.8148084,144.980999,ENV,REAL_501,Real sensor series - Fitzroy Gardens - board 501,42,real_sensor_board_501,16.02775908399027,1,weak_multivariate_excursion
2015-03-08 23:05:00+00:00,17.7,Fitzroy Gardens,501,60.4,93.3,-37.8148084,144.980999,ENV,REAL_501,Real sensor series - Fitzroy Gardens - board 501,42,real_sensor_board_501,16.362207267192215,1,weak_multivariate_excursion
2015-03-08 23:15:00+00:00,18.7,Fitzroy Gardens,501,56.0,93.4,-37.8148084,144.980999,ENV,REAL_501,Real sensor series - Fitzroy Gardens - board 501,42,real_sensor_board_501,16.829765813753774,1,weak_multivariate_excursion
2015-03-08 23:25:00+00:00,19.0,Fitzroy Gardens,501,53.5,94.4,-37.8148084,144.980999,ENV,REAL_501,Real sensor series - Fitzroy Gardens - board 501,42,real_sensor_board_501,17.26381265100302,0,normal
2015-03-08 23:35:00+00:00,19.4,Fitzroy Gardens,501,53.7,94.6,-37.8148084,144.980999,ENV,REAL_501,Real sensor series - Fitzroy Gardens - board 501,42,real_sensor_board_501,17.691050120802416,0,normal
2015-03-08 23:45:00+00:00,20.0,Fitzroy Gardens,501,51.3,93.8,-37.8148084,144.980999,ENV,REAL_501,Real sensor series - Fitzroy Gardens - board 501,42,real_sensor_board_501,18.15284009664193,0,normal
2015-03-08 23:55:00+00:00,21.9,Fitzroy Gardens,501,49.9,95.3,-37.8148084,144.980999,ENV,REAL_501,Real sensor series - Fitzroy Gardens - board 501,42,real_sensor_board_501,18.722272077313544,1,weak_multivariate_excursion
2015-03-09 00:50:00+00:00,26.1,Fitzroy Gardens,501,44.2,96.6,-37.8148084,144.980999,ENV,REAL_501,Real sensor series - Fitzroy Gardens - board 501,42,real_sensor_board_501,19.177817661850835,1,weak_multivariate_excursion
2015-03-09 01:00:00+00:00,26.1,Fitzroy Gardens,501,43.7,96.6,-37.8148084,144.980999,ENV,REAL_501,Real sensor series - Fitzroy Gardens - board 501,42,real_sensor_board_501,19.722254129480667,1,weak_multivariate_excursion
2015-03-09 01:10:00+00:00,25.5,Fitzroy Gardens,501,44.0,96.7,-37.8148084,144.980999,ENV,REAL_501,Real sensor series - Fitzroy Gardens - board 501,42,real_sensor_board_501,20.237803303584535,0,normal
2015-03-09 01:20:00+00:00,22.3,Fitzroy Gardens,501,43.1,96.6,-37.8148084,144.980999,ENV,REAL_501,Real sensor series - Fitzroy Gardens - board 501,42,real_sensor_board_501,21.09024264286763,0,normal
2015-03-09 01:30:00+00:00,21.0,Fitzroy Gardens,501,45.9,93.1,-37.8148084,144.980999,ENV,REAL_501,Real sensor series - Fitzroy Gardens - board 501,42,real_sensor_board_501,21.912194114294103,0,normal
2015-03-09 01:40:00+00:00,21.0,Fitzroy Gardens,501,46.4,95.1,-37.8148084,144.980999,ENV,REAL_501,Real sensor series - Fitzroy Gardens - board 501,42,real_sensor_board_501,22.569755291435282,1,weak_multivariate_excursion
2015-03-09 01:50:00+00:00,25.2,Fitzroy Gardens,501,45.6,96.8,-37.8148084,144.980999,ENV,REAL_501,Real sensor series - Fitzroy Gardens - board 501,42,real_sensor_board_501,23.095804233148225,1,weak_multivariate_excursion
2015-03-09 02:00:00+00:00,24.5,Fitzroy Gardens,501,41.0,96.8,-37.8148084,144.980999,ENV,REAL_501,Real sensor series - Fitzroy Gardens - board 501,42,real_sensor_board_501,23.51664338651858,1,weak_multivariate_excursion
2015-03-09 02:10:00+00:00,25.8,Fitzroy Gardens,501,41.8,96.9,-37.8148084,144.980999,ENV,REAL_501,Real sensor series - Fitzroy Gardens - board 501,42,real_sensor_board_501,23.913314709214866,0,normal
2015-03-09 02:20:00+00:00,26.8,Fitzroy Gardens,501,38.4,96.9,-37.8148084,144.980999,ENV,REAL_501,Real sensor series - Fitzroy Gardens - board 501,42,real_sensor_board_501,24.230651767371896,0,normal
2015-03-09 02:30:00+00:00,26.8,Fitzroy Gardens,501,39.6,96.9,-37.8148084,144.980999,ENV,REAL_501,Real sensor series - Fitzroy Gardens - board 501,42,real_sensor_board_501,24.484521413897518,0,normal
2015-03-09 02:40:00+00:00,26.8,Fitzroy Gardens,501,37.1,96.9,-37.8148084,144.980999,ENV,REAL_501,Real sensor series - Fitzroy Gardens - board 501,42,real_sensor_board_501,24.687617131118017,0,normal
2015-03-09 02:50:00+00:00,26.5,Fitzroy Gardens,501,36.9,97.1,-37.8148084,144.980999,ENV,REAL_501,Real sensor series - Fitzroy Gardens - board 501,42,real_sensor_board_501,24.850093704894416,0,normal
2015-03-09 03:00:00+00:00,26.5,Fitzroy Gardens,501,35.7,97.3,-37.8148084,144.980999,ENV,REAL_501,Real sensor series - Fitzroy Gardens - board 501,42,real_sensor_board_501,24.980074963915534,0,normal
2015-03-09 03:10:00+00:00,27.1,Fitzroy Gardens,501,35.4,97.2,-37.8148084,144.980999,ENV,REAL_501,Real sensor series - Fitzroy Gardens - board 501,42,real_sensor_board_501,25.08405997113243,0,normal
2015-03-09 03:20:00+00:00,25.5,Fitzroy Gardens,501,36.9,97.4,-37.8148084,144.980999,ENV,REAL_501,Real sensor series - Fitzroy Gardens - board 501,42,real_sensor_board_501,25.167247976905948,0,normal
2015-03-09 03:30:00+00:00,25.2,Fitzroy Gardens,501,36.9,95.3,-37.8148084,144.980999,ENV,REAL_501,Real sensor series - Fitzroy Gardens - board 501,42,real_sensor_board_501,25.23379838152476,0,normal
2015-03-09 03:40:00+00:00,25.5,Fitzroy Gardens,501,35.7,95.5,-37.8148084,144.980999,ENV,REAL_501,Real sensor series - Fitzroy Gardens - board 501,42,real_sensor_board_501,25.227038705219808,0,normal
2015-03-09 04:15:00+00:00,25.2,Fitzroy Gardens,501,35.2,95.7,-37.8148084,144.980999,ENV,REAL_501,Real sensor series - Fitzroy Gardens - board 501,42,real_sensor_board_501,25.221630964175848,1,weak_multivariate_excursion
2015-03-09 04:55:00+00:00,27.7,Fitzroy Gardens,501,31.6,97.5,-37.8148084,144.980999,ENV,REAL_501,Real sensor series - Fitzroy Gardens - board 501,42,real_sensor_board_501,25.21730477134068,1,weak_multivariate_excursion
2015-03-09 05:15:00+00:00,26.1,Fitzroy Gardens,501,32.1,96.9,-37.8148084,144.980999,ENV,REAL_501,Real sensor series - Fitzroy Gardens - board 501,42,real_sensor_board_501,25.213843817072544,1,weak_multivariate_excursion
2015-03-09 05:25:00+00:00,25.5,Fitzroy Gardens,501,33.6,97.5,-37.8148084,144.980999,ENV,REAL_501,Real sensor series - Fitzroy Gardens - board 501,42,real_sensor_board_501,25.211075053658035,0,normal
2015-03-09 05:35:00+00:00,23.5,Fitzroy Gardens,501,34.3,95.1,-37.8148084,144.980999,ENV,REAL_501,Real sensor series - Fitzroy Gardens - board 501,42,real_sensor_board_501,25.20886004292643,0,normal
2015-03-09 05:45:00+00:00,25.5,Fitzroy Gardens,501,34.1,94.9,-37.8148084,144.980999,ENV,REAL_501,Real sensor series - Fitzroy Gardens - board 501,42,real_sensor_board_501,25.207088034341144,0,normal
2015-03-09 05:55:00+00:00,25.5,Fitzroy Gardens,501,33.3,95.6,-37.8148084,144.980999,ENV,REAL_501,Real sensor series - Fitzroy Gardens - board 501,42,real_sensor_board_501,25.205670427472917,0,normal
2015-03-09 06:05:00+00:00,25.2,Fitzroy Gardens,501,34.4,94.9,-37.8148084,144.980999,ENV,REAL_501,Real sensor series - Fitzroy Gardens - board 501,42,real_sensor_board_501,25.064536341978332,0,normal
2015-03-09 06:15:00+00:00,22.6,Fitzroy Gardens,501,38.8,93.8,-37.8148084,144.980999,ENV,REAL_501,Real sensor series - Fitzroy Gardens - board 501,42,real_sensor_board_501,24.751629073582667,0,normal
2015-03-09 06:25:00+00:00,24.5,Fitzroy Gardens,501,36.0,97.6,-37.8148084,144.980999,ENV,REAL_501,Real sensor series - Fitzroy Gardens - board 501,42,real_sensor_board_501,24.441303258866135,0,normal
2015-03-09 06:35:00+00:00,23.2,Fitzroy Gardens,501,36.3,96.2,-37.8148084,144.980999,ENV,REAL_501,Real sensor series - Fitzroy Gardens - board 501,42,real_sensor_board_501,24.07304260709291,0,normal
2015-03-09 06:45:00+00:00,21.9,Fitzroy Gardens,501,39.3,95.6,-37.8148084,144.980999,ENV,REAL_501,Real sensor series - Fitzroy Gardens - board 501,42,real_sensor_board_501,23.638434085674326,0,normal
2015-03-09 06:55:00+00:00,19.7,Fitzroy Gardens,501,59.0,95.1,-37.8148084,144.980999,ENV,REAL_501,Real sensor series - Fitzroy Gardens - board 501,42,real_sensor_board_501,22.850747268539465,0,normal
2015-03-09 07:10:00+00:00,19.7,Fitzroy Gardens,501,60.9,94.6,-37.8148084,144.980999,ENV,REAL_501,Real sensor series - Fitzroy Gardens - board 501,42,real_sensor_board_501,22.220597814831574,0,normal
2015-03-09 07:20:00+00:00,19.4,Fitzroy Gardens,501,61.9,93.5,-37.8148084,144.980999,ENV,REAL_501,Real sensor series - Fitzroy Gardens - board 501,42,real_sensor_board_501,21.65647825186526,1,weak_multivariate_excursion
2015-03-09 07:40:00+00:00,17.7,Fitzroy Gardens,501,65.2,88.2,-37.8148084,144.980999,ENV,REAL_501,Real sensor series - Fitzroy Gardens - board 501,42,real_sensor_board_501,20.865182601492208,1,weak_multivariate_excursion
2015-03-09 07:50:00+00:00,17.4,Fitzroy Gardens,501,64.4,88.5,-37.8148084,144.980999,ENV,REAL_501,Real sensor series - Fitzroy Gardens - board 501,42,real_sensor_board_501,20.172146081193766,1,weak_multivariate_excursion
2015-03-09 08:50:00+00:00,16.5,Fitzroy Gardens,501,65.3,36.1,-37.8148084,144.980999,ENV,REAL_501,Real sensor series - Fitzroy Gardens - board 501,42,real_sensor_board_501,19.497716864955013,1,weak_multivariate_excursion
2015-03-09 09:00:00+00:00,16.5,Fitzroy Gardens,501,65.3,12.6,-37.8148084,144.980999,ENV,REAL_501,Real sensor series - Fitzroy Gardens - board 501,42,real_sensor_board_501,18.898173491964013,1,weak_multivariate_excursion
2015-03-09 09:10:00+00:00,16.5,Fitzroy Gardens,501,63.1,1.8,-37.8148084,144.980999,ENV,REAL_501,Real sensor series - Fitzroy Gardens - board 501,42,real_sensor_board_501,18.418538793571212,1,weak_multivariate_excursion
2015-03-09 09:20:00+00:00,16.8,Fitzroy Gardens,501,60.9,1.2,-37.8148084,144.980999,ENV,REAL_501,Real sensor series - Fitzroy Gardens - board 501,42,real_sensor_board_501,18.03483103485697,1,weak_multivariate_excursion
2015-03-09 09:30:00+00:00,16.5,Fitzroy Gardens,501,61.7,1.2,-37.8148084,144.980999,ENV,REAL_501,Real sensor series - Fitzroy Gardens - board 501,42,real_sensor_board_501,17.72786482788558,0,normal
2015-03-09 09:40:00+00:00,16.5,Fitzroy Gardens,501,60.8,1.2,-37.8148084,144.980999,ENV,REAL_501,Real sensor series - Fitzroy Gardens - board 501,42,real_sensor_board_501,17.482291862308465,0,normal
2015-03-09 09:50:00+00:00,16.5,Fitzroy Gardens,501,61.9,1.2,-37.8148084,144.980999,ENV,REAL_501,Real sensor series - Fitzroy Gardens - board 501,42,real_sensor_board_501,17.285833489846773,0,normal
2015-03-09 10:00:00+00:00,16.5,Fitzroy Gardens,501,62.0,1.2,-37.8148084,144.980999,ENV,REAL_501,Real sensor series - Fitzroy Gardens - board 501,42,real_sensor_board_501,17.128666791877418,0,normal
2015-03-09 10:10:00+00:00,16.5,Fitzroy Gardens,501,62.2,1.2,-37.8148084,144.980999,ENV,REAL_501,Real sensor series - Fitzroy Gardens - board 501,42,real_sensor_board_501,17.002933433501934,0,normal
2015-03-09 10:25:00+00:00,16.5,Fitzroy Gardens,501,62.2,1.2,-37.8148084,144.980999,ENV,REAL_501,Real sensor series - Fitzroy Gardens - board 501,42,real_sensor_board_501,16.90234674680155,0,normal
2015-03-09 10:35:00+00:00,16.5,Fitzroy Gardens,501,62.3,1.3,-37.8148084,144.980999,ENV,REAL_501,Real sensor series - Fitzroy Gardens - board 501,42,real_sensor_board_501,16.821877397441238,0,normal
2015-03-09 10:45:00+00:00,16.1,Fitzroy Gardens,501,61.5,1.1,-37.8148084,144.980999,ENV,REAL_501,Real sensor series - Fitzroy Gardens - board 501,42,real_sensor_board_501,16.67750191795299,0,normal
2015-03-09 10:55:00+00:00,16.1,Fitzroy Gardens,501,62.2,1.1,-37.8148084,144.980999,ENV,REAL_501,Real sensor series - Fitzroy Gardens - board 501,42,real_sensor_board_501,16.562001534362395,0,normal
2015-03-09 11:05:00+00:00,15.8,Fitzroy Gardens,501,61.7,1.1,-37.8148084,144.980999,ENV,REAL_501,Real sensor series - Fitzroy Gardens - board 501,42,real_sensor_board_501,16.409601227489915,0,normal
2015-03-09 11:15:00+00:00,15.8,Fitzroy Gardens,501,61.4,1.0,-37.8148084,144.980999,ENV,REAL_501,Real sensor series - Fitzroy Gardens - board 501,42,real_sensor_board_501,16.287680981991933,0,normal
2015-03-09 11:25:00+00:00,15.8,Fitzroy Gardens,501,61.7,1.1,-37.8148084,144.980999,ENV,REAL_501,Real sensor series - Fitzroy Gardens - board 501,42,real_sensor_board_501,16.190144785593546,0,normal
2015-03-09 11:35:00+00:00,15.8,Fitzroy Gardens,501,61.9,1.1,-37.8148084,144.980999,ENV,REAL_501,Real sensor series - Fitzroy Gardens - board 501,42,real_sensor_board_501,16.11211582847484,0,normal
2015-03-09 11:45:00+00:00,15.8,Fitzroy Gardens,501,61.1,1.1,-37.8148084,144.980999,ENV,REAL_501,Real sensor series - Fitzroy Gardens - board 501,42,real_sensor_board_501,16.049692662779872,0,normal
2015-03-09 12:55:00+00:00,15.8,Fitzroy Gardens,501,61.9,1.2,-37.8148084,144.980999,ENV,REAL_501,Real sensor series - Fitzroy Gardens - board 501,42,real_sensor_board_501,15.999754130223899,0,normal
2015-03-09 13:05:00+00:00,15.5,Fitzroy Gardens,501,62.2,1.2,-37.8148084,144.980999,ENV,REAL_501,Real sensor series - Fitzroy Gardens - board 501,42,real_sensor_board_501,15.95980330417912,0,normal
2015-03-09 13:15:00+00:00,15.5,Fitzroy Gardens,501,62.8,1.2,-37.8148084,144.980999,ENV,REAL_501,Real sensor series - Fitzroy Gardens - board 501,42,real_sensor_board_501,15.927842643343297,0,normal
2015-03-09 13:40:00+00:00,15.5,Fitzroy Gardens,501,61.5,1.2,-37.8148084,144.980999,ENV,REAL_501,Real sensor series - Fitzroy Gardens - board 501,42,real_sensor_board_501,15.902274114674638,0,normal
2015-03-09 13:50:00+00:00,15.5,Fitzroy Gardens,501,61.4,1.2,-37.8148084,144.980999,ENV,REAL_501,Real sensor series - Fitzroy Gardens - board 501,42,real_sensor_board_501,15.881819291739712,0,normal
2015-03-09 14:00:00+00:00,15.5,Fitzroy Gardens,501,61.4,1.2,-37.8148084,144.980999,ENV,REAL_501,Real sensor series - Fitzroy Gardens - board 501,42,real_sensor_board_501,15.86545543339177,0,normal
2015-03-09 15:50:00+00:00,15.2,Fitzroy Gardens,501,59.5,1.2,-37.8148084,144.980999,ENV,REAL_501,Real sensor series - Fitzroy Gardens - board 501,42,real_sensor_board_501,15.852364346713417,0,normal
2015-03-09 17:05:00+00:00,14.8,Fitzroy Gardens,501,58.9,1.2,-37.8148084,144.980999,ENV,REAL_501,Real sensor series - Fitzroy Gardens - board 501,42,real_sensor_board_501,15.841891477370734,0,normal
2015-03-09 17:15:00+00:00,14.8,Fitzroy Gardens,501,58.2,1.2,-37.8148084,144.980999,ENV,REAL_501,Real sensor series - Fitzroy Gardens - board 501,42,real_sensor_board_501,15.833513181896588,0,normal
2015-03-09 17:25:00+00:00,14.8,Fitzroy Gardens,501,58.5,1.2,-37.8148084,144.980999,ENV,REAL_501,Real sensor series - Fitzroy Gardens - board 501,42,real_sensor_board_501,15.826810545517272,0,normal
2015-03-09 17:35:00+00:00,14.8,Fitzroy Gardens,501,58.5,1.2,-37.8148084,144.980999,ENV,REAL_501,Real sensor series - Fitzroy Gardens - board 501,42,real_sensor_board_501,15.821448436413819,0,normal
2015-03-09 18:15:00+00:00,14.8,Fitzroy Gardens,501,57.4,1.2,-37.8148084,144.980999,ENV,REAL_501,Real sensor series - Fitzroy Gardens - board 501,42,real_sensor_board_501,15.817158749131057,0,normal
2015-03-09 18:25:00+00:00,14.8,Fitzroy Gardens,501,56.3,1.2,-37.8148084,144.980999,ENV,REAL_501,Real sensor series - Fitzroy Gardens - board 501,42,real_sensor_board_501,15.813726999304846,0,normal
2015-03-09 18:35:00+00:00,14.5,Fitzroy Gardens,501,56.7,1.1,-37.8148084,144.980999,ENV,REAL_501,Real sensor series - Fitzroy Gardens - board 501,42,real_sensor_board_501,15.810981599443878,0,normal
2015-03-09 18:45:00+00:00,14.8,Fitzroy Gardens,501,57.1,1.2,-37.8148084,144.980999,ENV,REAL_501,Real sensor series - Fitzroy Gardens - board 501,42,real_sensor_board_501,15.808785279555103,1,weak_multivariate_excursion
2015-03-09 23:00:00+00:00,18.1,Fitzroy Gardens,501,44.5,94.0,-37.8148084,144.980999,ENV,REAL_501,Real sensor series - Fitzroy Gardens - board 501,42,real_sensor_board_501,16.267028223644083,1,weak_multivariate_excursion
2015-03-09 23:15:00+00:00,18.4,Fitzroy Gardens,501,43.4,94.0,-37.8148084,144.980999,ENV,REAL_501,Real sensor series - Fitzroy Gardens - board 501,42,real_sensor_board_501,16.693622578915267,1,weak_multivariate_excursion
2015-03-09 23:25:00+00:00,21.9,Fitzroy Gardens,501,41.7,96.8,-37.8148084,144.980999,ENV,REAL_501,Real sensor series - Fitzroy Gardens - board 501,42,real_sensor_board_501,17.034898063132214,1,weak_multivariate_excursion
2015-03-09 23:35:00+00:00,21.9,Fitzroy Gardens,501,38.4,94.9,-37.8148084,144.980999,ENV,REAL_501,Real sensor series - Fitzroy Gardens - board 501,42,real_sensor_board_501,17.42791845050577,1,weak_multivariate_excursion
2015-03-09 23:45:00+00:00,19.0,Fitzroy Gardens,501,42.0,93.7,-37.8148084,144.980999,ENV,REAL_501,Real sensor series - Fitzroy Gardens - board 501,42,real_sensor_board_501,18.32233476040462,0,normal
2015-03-09 23:55:00+00:00,18.4,Fitzroy Gardens,501,44.0,93.2,-37.8148084,144.980999,ENV,REAL_501,Real sensor series - Fitzroy Gardens - board 501,42,real_sensor_board_501,19.037867808323696,1,weak_multivariate_excursion
2015-03-10 00:55:00+00:00,23.5,Fitzroy Gardens,501,37.4,96.4,-37.8148084,144.980999,ENV,REAL_501,Real sensor series - Fitzroy Gardens - board 501,42,real_sensor_board_501,19.930294246658956,1,weak_multivariate_excursion
2015-03-10 01:05:00+00:00,24.8,Fitzroy Gardens,501,40.9,96.5,-37.8148084,144.980999,ENV,REAL_501,Real sensor series - Fitzroy Gardens - board 501,42,real_sensor_board_501,20.784235397327166,1,weak_multivariate_excursion
2015-03-10 01:15:00+00:00,24.2,Fitzroy Gardens,501,39.2,96.5,-37.8148084,144.980999,ENV,REAL_501,Real sensor series - Fitzroy Gardens - board 501,42,real_sensor_board_501,21.467388317861733,0,normal
2015-03-10 01:25:00+00:00,24.5,Fitzroy Gardens,501,36.2,96.6,-37.8148084,144.980999,ENV,REAL_501,Real sensor series - Fitzroy Gardens - board 501,42,real_sensor_board_501,22.013910654289386,0,normal
2015-03-10 01:35:00+00:00,25.5,Fitzroy Gardens,501,39.6,96.6,-37.8148084,144.980999,ENV,REAL_501,Real sensor series - Fitzroy Gardens - board 501,42,real_sensor_board_501,22.51112852343151,0,normal
2015-03-10 01:45:00+00:00,25.5,Fitzroy Gardens,501,38.2,96.6,-37.8148084,144.980999,ENV,REAL_501,Real sensor series - Fitzroy Gardens - board 501,42,real_sensor_board_501,22.90890281874521,0,normal
2015-03-10 01:55:00+00:00,25.5,Fitzroy Gardens,501,38.5,96.7,-37.8148084,144.980999,ENV,REAL_501,Real sensor series - Fitzroy Gardens - board 501,42,real_sensor_board_501,23.227122254996168,0,normal
2015-03-10 02:05:00+00:00,24.5,Fitzroy Gardens,501,39.8,96.7,-37.8148084,144.980999,ENV,REAL_501,Real sensor series - Fitzroy Gardens - board 501,42,real_sensor_board_501,23.481697803996937,0,normal
2015-03-10 02:30:00+00:00,25.2,Fitzroy Gardens,501,38.0,96.8,-37.8148084,144.980999,ENV,REAL_501,Real sensor series - Fitzroy Gardens - board 501,42,real_sensor_board_501,23.74535824319755,0,normal
2015-03-10 02:40:00+00:00,25.2,Fitzroy Gardens,501,39.6,96.8,-37.8148084,144.980999,ENV,REAL_501,Real sensor series - Fitzroy Gardens - board 501,42,real_sensor_board_501,23.95628659455804,0,normal
2015-03-10 02:50:00+00:00,24.2,Fitzroy Gardens,501,36.5,96.8,-37.8148084,144.980999,ENV,REAL_501,Real sensor series - Fitzroy Gardens - board 501,42,real_sensor_board_501,24.125029275646433,0,normal
2015-03-10 03:00:00+00:00,25.2,Fitzroy Gardens,501,37.6,96.9,-37.8148084,144.980999,ENV,REAL_501,Real sensor series - Fitzroy Gardens - board 501,42,real_sensor_board_501,24.34002342051715,0,normal
2015-03-10 03:10:00+00:00,25.2,Fitzroy Gardens,501,38.2,96.9,-37.8148084,144.980999,ENV,REAL_501,Real sensor series - Fitzroy Gardens - board 501,42,real_sensor_board_501,24.51201873641372,0,normal
2015-03-10 03:20:00+00:00,24.8,Fitzroy Gardens,501,36.9,96.9,-37.8148084,144.980999,ENV,REAL_501,Real sensor series - Fitzroy Gardens - board 501,42,real_sensor_board_501,24.649614989130974,0,normal
2015-03-10 03:30:00+00:00,25.5,Fitzroy Gardens,501,37.3,97.0,-37.8148084,144.980999,ENV,REAL_501,Real sensor series - Fitzroy Gardens - board 501,42,real_sensor_board_501,24.75969199130478,0,normal
2015-03-10 03:40:00+00:00,24.8,Fitzroy Gardens,501,37.7,97.0,-37.8148084,144.980999,ENV,REAL_501,Real sensor series - Fitzroy Gardens - board 501,42,real_sensor_board_501,24.847753593043826,0,normal
2015-03-10 03:50:00+00:00,24.2,Fitzroy Gardens,501,38.2,97.0,-37.8148084,144.980999,ENV,REAL_501,Real sensor series - Fitzroy Gardens - board 501,42,real_sensor_board_501,24.91820287443506,0,normal
2015-03-10 04:30:00+00:00,25.8,Fitzroy Gardens,501,35.1,97.2,-37.8148084,144.980999,ENV,REAL_501,Real sensor series - Fitzroy Gardens - board 501,42,real_sensor_board_501,24.974562299548047,0,normal
2015-03-10 04:50:00+00:00,25.2,Fitzroy Gardens,501,35.8,97.3,-37.8148084,144.980999,ENV,REAL_501,Real sensor series - Fitzroy Gardens - board 501,42,real_sensor_board_501,25.01964983963844,0,normal
2015-03-10 05:00:00+00:00,25.2,Fitzroy Gardens,501,35.4,97.4,-37.8148084,144.980999,ENV,REAL_501,Real sensor series - Fitzroy Gardens - board 501,42,real_sensor_board_501,25.055719871710753,0,normal
2015-03-10 05:10:00+00:00,24.2,Fitzroy Gardens,501,36.8,97.3,-37.8148084,144.980999,ENV,REAL_501,Real sensor series - Fitzroy Gardens - board 501,42,real_sensor_board_501,25.0845758973686,0,normal
2015-03-10 05:20:00+00:00,24.2,Fitzroy Gardens,501,36.8,97.4,-37.8148084,144.980999,ENV,REAL_501,Real sensor series - Fitzroy Gardens - board 501,42,real_sensor_board_501,25.027660717894882,0,normal
2015-03-10 05:30:00+00:00,25.5,Fitzroy Gardens,501,34.7,97.4,-37.8148084,144.980999,ENV,REAL_501,Real sensor series - Fitzroy Gardens - board 501,42,real_sensor_board_501,24.982128574315908,0,normal
2015-03-10 05:45:00+00:00,26.8,Fitzroy Gardens,501,33.2,97.5,-37.8148084,144.980999,ENV,REAL_501,Real sensor series - Fitzroy Gardens - board 501,42,real_sensor_board_501,24.94570285945273,0,normal
2015-03-10 05:55:00+00:00,26.5,Fitzroy Gardens,501,34.7,97.6,-37.8148084,144.980999,ENV,REAL_501,Real sensor series - Fitzroy Gardens - board 501,42,real_sensor_board_501,24.796562287562185,0,normal
2015-03-10 06:05:00+00:00,25.8,Fitzroy Gardens,501,35.5,97.6,-37.8148084,144.980999,ENV,REAL_501,Real sensor series - Fitzroy Gardens - board 501,42,real_sensor_board_501,24.67724983004975,0,normal
2015-03-10 06:15:00+00:00,25.8,Fitzroy Gardens,501,36.0,97.7,-37.8148084,144.980999,ENV,REAL_501,Real sensor series - Fitzroy Gardens - board 501,42,real_sensor_board_501,24.5817998640398,0,normal
2015-03-10 06:25:00+00:00,25.2,Fitzroy Gardens,501,37.1,97.7,-37.8148084,144.980999,ENV,REAL_501,Real sensor series - Fitzroy Gardens - board 501,42,real_sensor_board_501,24.50543989123184,0,normal
2015-03-10 06:35:00+00:00,22.3,Fitzroy Gardens,501,39.3,95.7,-37.8148084,144.980999,ENV,REAL_501,Real sensor series - Fitzroy Gardens - board 501,42,real_sensor_board_501,24.064351912985476,0,normal
2015-03-10 06:55:00+00:00,21.0,Fitzroy Gardens,501,43.3,95.2,-37.8148084,144.980999,ENV,REAL_501,Real sensor series - Fitzroy Gardens - board 501,42,real_sensor_board_501,23.45148153038838,0,normal
2015-03-10 07:05:00+00:00,21.0,Fitzroy Gardens,501,42.0,94.6,-37.8148084,144.980999,ENV,REAL_501,Real sensor series - Fitzroy Gardens - board 501,42,real_sensor_board_501,22.961185224310704,0,normal
2015-03-10 07:15:00+00:00,21.0,Fitzroy Gardens,501,42.0,92.8,-37.8148084,144.980999,ENV,REAL_501,Real sensor series - Fitzroy Gardens - board 501,42,real_sensor_board_501,22.56894817944856,0,normal
2015-03-10 07:25:00+00:00,20.0,Fitzroy Gardens,501,42.5,89.6,-37.8148084,144.980999,ENV,REAL_501,Real sensor series - Fitzroy Gardens - board 501,42,real_sensor_board_501,22.05515854355885,0,normal
2015-03-10 07:35:00+00:00,19.7,Fitzroy Gardens,501,42.9,87.9,-37.8148084,144.980999,ENV,REAL_501,Real sensor series - Fitzroy Gardens - board 501,42,real_sensor_board_501,21.584126834847083,0,normal
2015-03-10 07:45:00+00:00,19.4,Fitzroy Gardens,501,40.9,87.2,-37.8148084,144.980999,ENV,REAL_501,Real sensor series - Fitzroy Gardens - board 501,42,real_sensor_board_501,21.147301467877668,1,weak_multivariate_excursion
2015-03-10 08:50:00+00:00,17.1,Fitzroy Gardens,501,44.5,48.8,-37.8148084,144.980999,ENV,REAL_501,Real sensor series - Fitzroy Gardens - board 501,42,real_sensor_board_501,20.337841174302138,1,weak_multivariate_excursion
2015-03-10 09:00:00+00:00,16.8,Fitzroy Gardens,501,45.5,22.8,-37.8148084,144.980999,ENV,REAL_501,Real sensor series - Fitzroy Gardens - board 501,42,real_sensor_board_501,19.63027293944171,1,weak_multivariate_excursion
2015-03-10 09:10:00+00:00,16.5,Fitzroy Gardens,501,45.8,3.7,-37.8148084,144.980999,ENV,REAL_501,Real sensor series - Fitzroy Gardens - board 501,42,real_sensor_board_501,19.00421835155337,1,weak_multivariate_excursion
2015-03-10 09:20:00+00:00,16.1,Fitzroy Gardens,501,46.1,1.2,-37.8148084,144.980999,ENV,REAL_501,Real sensor series - Fitzroy Gardens - board 501,42,real_sensor_board_501,18.4233746812427,1,weak_multivariate_excursion
2015-03-10 09:30:00+00:00,16.1,Fitzroy Gardens,501,46.4,0.9,-37.8148084,144.980999,ENV,REAL_501,Real sensor series - Fitzroy Gardens - board 501,42,real_sensor_board_501,17.95869974499416,0,normal
2015-03-10 09:40:00+00:00,15.8,Fitzroy Gardens,501,47.8,0.9,-37.8148084,144.980999,ENV,REAL_501,Real sensor series - Fitzroy Gardens - board 501,42,real_sensor_board_501,17.586959795995327,0,normal
2015-03-10 09:50:00+00:00,15.5,Fitzroy Gardens,501,47.8,0.9,-37.8148084,144.980999,ENV,REAL_501,Real sensor series - Fitzroy Gardens - board 501,42,real_sensor_board_501,17.289567836796262,0,normal
2015-03-10 10:00:00+00:00,15.5,Fitzroy Gardens,501,48.1,0.9,-37.8148084,144.980999,ENV,REAL_501,Real sensor series - Fitzroy Gardens - board 501,42,real_sensor_board_501,17.05165426943701,0,normal
2015-03-10 10:10:00+00:00,15.2,Fitzroy Gardens,501,48.9,0.9,-37.8148084,144.980999,ENV,REAL_501,Real sensor series - Fitzroy Gardens - board 501,42,real_sensor_board_501,16.861323415549606,0,normal
2015-03-10 10:20:00+00:00,14.8,Fitzroy Gardens,501,50.5,0.9,-37.8148084,144.980999,ENV,REAL_501,Real sensor series - Fitzroy Gardens - board 501,42,real_sensor_board_501,16.709058732439686,0,normal
2015-03-10 10:30:00+00:00,14.5,Fitzroy Gardens,501,52.2,0.9,-37.8148084,144.980999,ENV,REAL_501,Real sensor series - Fitzroy Gardens - board 501,42,real_sensor_board_501,16.58724698595175,0,normal
2015-03-10 10:40:00+00:00,14.5,Fitzroy Gardens,501,53.0,0.9,-37.8148084,144.980999,ENV,REAL_501,Real sensor series - Fitzroy Gardens - board 501,42,real_sensor_board_501,16.4897975887614,0,normal
2015-03-10 10:50:00+00:00,14.2,Fitzroy Gardens,501,54.1,0.9,-37.8148084,144.980999,ENV,REAL_501,Real sensor series - Fitzroy Gardens - board 501,42,real_sensor_board_501,16.41183807100912,0,normal
2015-03-10 11:00:00+00:00,14.2,Fitzroy Gardens,501,55.1,0.9,-37.8148084,144.980999,ENV,REAL_501,Real sensor series - Fitzroy Gardens - board 501,42,real_sensor_board_501,16.349470456807296,1,weak_multivariate_excursion
2015-03-10 11:50:00+00:00,11.9,Fitzroy Gardens,501,85.8,0.9,-37.8148084,144.980999,ENV,REAL_501,Real sensor series - Fitzroy Gardens - board 501,42,real_sensor_board_501,16.299576365445837,1,weak_multivariate_excursion
2015-03-10 13:05:00+00:00,11.6,Fitzroy Gardens,501,79.4,1.0,-37.8148084,144.980999,ENV,REAL_501,Real sensor series - Fitzroy Gardens - board 501,42,real_sensor_board_501,16.259661092356673,1,weak_multivariate_excursion
2015-03-10 13:15:00+00:00,11.3,Fitzroy Gardens,501,60.9,1.0,-37.8148084,144.980999,ENV,REAL_501,Real sensor series - Fitzroy Gardens - board 501,42,real_sensor_board_501,16.22772887388534,1,weak_multivariate_excursion
2015-03-10 16:20:00+00:00,11.3,Fitzroy Gardens,501,99.4,0.9,-37.8148084,144.980999,ENV,REAL_501,Real sensor series - Fitzroy Gardens - board 501,42,real_sensor_board_501,16.202183099108275,1,weak_multivariate_excursion
2015-03-10 20:15:00+00:00,9.0,Fitzroy Gardens,501,86.3,58.1,-37.8148084,144.980999,ENV,REAL_501,Real sensor series - Fitzroy Gardens - board 501,42,real_sensor_board_501,16.181746479286623,1,weak_multivariate_excursion
2015-03-11 00:40:00+00:00,26.5,Fitzroy Gardens,501,29.1,96.3,-37.8148084,144.980999,ENV,REAL_501,Real sensor series - Fitzroy Gardens - board 501,42,real_sensor_board_501,17.7253971834293,1,weak_multivariate_excursion
2015-03-11 01:05:00+00:00,26.5,Fitzroy Gardens,501,35.5,96.4,-37.8148084,144.980999,ENV,REAL_501,Real sensor series - Fitzroy Gardens - board 501,42,real_sensor_board_501,19.02031774674344,1,weak_multivariate_excursion
2015-03-11 01:15:00+00:00,26.8,Fitzroy Gardens,501,33.0,96.5,-37.8148084,144.980999,ENV,REAL_501,Real sensor series - Fitzroy Gardens - board 501,42,real_sensor_board_501,20.056254197394754,0,normal
2015-03-11 01:25:00+00:00,24.8,Fitzroy Gardens,501,36.3,96.5,-37.8148084,144.980999,ENV,REAL_501,Real sensor series - Fitzroy Gardens - board 501,42,real_sensor_board_501,20.9450033579158,0,normal
2015-03-11 01:35:00+00:00,24.5,Fitzroy Gardens,501,37.7,96.6,-37.8148084,144.980999,ENV,REAL_501,Real sensor series - Fitzroy Gardens - board 501,42,real_sensor_board_501,21.65600268633264,0,normal
2015-03-11 01:45:00+00:00,23.9,Fitzroy Gardens,501,41.5,96.6,-37.8148084,144.980999,ENV,REAL_501,Real sensor series - Fitzroy Gardens - board 501,42,real_sensor_board_501,22.224802149066115,0,normal
2015-03-11 01:55:00+00:00,24.8,Fitzroy Gardens,501,42.0,96.6,-37.8148084,144.980999,ENV,REAL_501,Real sensor series - Fitzroy Gardens - board 501,42,real_sensor_board_501,22.67984171925289,0,normal
2015-03-11 02:05:00+00:00,24.2,Fitzroy Gardens,501,42.8,96.7,-37.8148084,144.980999,ENV,REAL_501,Real sensor series - Fitzroy Gardens - board 501,42,real_sensor_board_501,23.043873375402313,0,normal
2015-03-11 02:15:00+00:00,24.5,Fitzroy Gardens,501,38.2,96.7,-37.8148084,144.980999,ENV,REAL_501,Real sensor series - Fitzroy Gardens - board 501,42,real_sensor_board_501,23.33509870032185,0,normal
2015-03-11 02:25:00+00:00,24.8,Fitzroy Gardens,501,38.7,96.8,-37.8148084,144.980999,ENV,REAL_501,Real sensor series - Fitzroy Gardens - board 501,42,real_sensor_board_501,23.56807896025748,0,normal
2015-03-11 02:35:00+00:00,25.2,Fitzroy Gardens,501,35.8,96.8,-37.8148084,144.980999,ENV,REAL_501,Real sensor series - Fitzroy Gardens - board 501,42,real_sensor_board_501,23.754463168205987,0,normal
2015-03-11 02:45:00+00:00,24.2,Fitzroy Gardens,501,38.4,96.7,-37.8148084,144.980999,ENV,REAL_501,Real sensor series - Fitzroy Gardens - board 501,42,real_sensor_board_501,23.903570534564793,0,normal
2015-03-11 02:55:00+00:00,25.5,Fitzroy Gardens,501,37.4,96.9,-37.8148084,144.980999,ENV,REAL_501,Real sensor series - Fitzroy Gardens - board 501,42,real_sensor_board_501,24.02285642765184,0,normal
2015-03-11 03:05:00+00:00,24.8,Fitzroy Gardens,501,34.9,96.8,-37.8148084,144.980999,ENV,REAL_501,Real sensor series - Fitzroy Gardens - board 501,42,real_sensor_board_501,24.118285142121472,0,normal
2015-03-11 03:15:00+00:00,25.8,Fitzroy Gardens,501,34.6,96.9,-37.8148084,144.980999,ENV,REAL_501,Real sensor series - Fitzroy Gardens - board 501,42,real_sensor_board_501,24.194628113697178,0,normal
2015-03-11 03:25:00+00:00,25.2,Fitzroy Gardens,501,34.9,97.0,-37.8148084,144.980999,ENV,REAL_501,Real sensor series - Fitzroy Gardens - board 501,42,real_sensor_board_501,24.255702490957745,0,normal
2015-03-11 03:35:00+00:00,26.5,Fitzroy Gardens,501,33.9,97.0,-37.8148084,144.980999,ENV,REAL_501,Real sensor series - Fitzroy Gardens - board 501,42,real_sensor_board_501,24.244561992766197,0,normal
2015-03-11 03:45:00+00:00,25.5,Fitzroy Gardens,501,36.5,97.0,-37.8148084,144.980999,ENV,REAL_501,Real sensor series - Fitzroy Gardens - board 501,42,real_sensor_board_501,24.23564959421296,0,normal
2015-03-11 03:55:00+00:00,24.5,Fitzroy Gardens,501,37.3,97.1,-37.8148084,144.980999,ENV,REAL_501,Real sensor series - Fitzroy Gardens - board 501,42,real_sensor_board_501,24.16851967537037,1,weak_multivariate_excursion
2015-03-11 08:25:00+00:00,18.1,Fitzroy Gardens,501,41.5,78.0,-37.8148084,144.980999,ENV,REAL_501,Real sensor series - Fitzroy Gardens - board 501,42,real_sensor_board_501,23.854815740296296,1,weak_multivariate_excursion
2015-03-11 18:10:00+00:00,13.5,Fitzroy Gardens,501,66.7,1.1,-37.8148084,144.980999,ENV,REAL_501,Real sensor series - Fitzroy Gardens - board 501,42,real_sensor_board_501,23.543852592237037,1,weak_multivariate_excursion
2015-03-12 00:40:00+00:00,20.0,Fitzroy Gardens,501,37.6,95.2,-37.8148084,144.980999,ENV,REAL_501,Real sensor series - Fitzroy Gardens - board 501,42,real_sensor_board_501,23.155082073789632,1,weak_multivariate_excursion
2015-03-12 01:00:00+00:00,19.4,Fitzroy Gardens,501,37.7,95.8,-37.8148084,144.980999,ENV,REAL_501,Real sensor series - Fitzroy Gardens - board 501,42,real_sensor_board_501,22.844065659031706,1,weak_multivariate_excursion
2015-03-12 01:10:00+00:00,20.0,Fitzroy Gardens,501,37.3,96.1,-37.8148084,144.980999,ENV,REAL_501,Real sensor series - Fitzroy Gardens - board 501,42,real_sensor_board_501,22.595252527225366,0,normal
2015-03-12 01:20:00+00:00,20.6,Fitzroy Gardens,501,37.3,96.1,-37.8148084,144.980999,ENV,REAL_501,Real sensor series - Fitzroy Gardens - board 501,42,real_sensor_board_501,22.396202021780294,0,normal
2015-03-12 01:30:00+00:00,20.6,Fitzroy Gardens,501,38.2,95.5,-37.8148084,144.980999,ENV,REAL_501,Real sensor series - Fitzroy Gardens - board 501,42,real_sensor_board_501,22.116961617424234,0,normal
2015-03-12 01:40:00+00:00,20.6,Fitzroy Gardens,501,37.4,96.2,-37.8148084,144.980999,ENV,REAL_501,Real sensor series - Fitzroy Gardens - board 501,42,real_sensor_board_501,21.813569293939388,0,normal
2015-03-12 01:50:00+00:00,21.6,Fitzroy Gardens,501,35.1,95.7,-37.8148084,144.980999,ENV,REAL_501,Real sensor series - Fitzroy Gardens - board 501,42,real_sensor_board_501,21.57085543515151,0,normal
2015-03-12 02:00:00+00:00,20.3,Fitzroy Gardens,501,38.2,96.4,-37.8148084,144.980999,ENV,REAL_501,Real sensor series - Fitzroy Gardens - board 501,42,real_sensor_board_501,21.37668434812121,0,normal
2015-03-12 02:10:00+00:00,22.6,Fitzroy Gardens,501,33.3,95.8,-37.8148084,144.980999,ENV,REAL_501,Real sensor series - Fitzroy Gardens - board 501,42,real_sensor_board_501,21.22134747849697,0,normal
2015-03-12 02:20:00+00:00,20.6,Fitzroy Gardens,501,36.5,96.9,-37.8148084,144.980999,ENV,REAL_501,Real sensor series - Fitzroy Gardens - board 501,42,real_sensor_board_501,21.09707798279758,0,normal
2015-03-12 02:35:00+00:00,20.0,Fitzroy Gardens,501,35.8,96.1,-37.8148084,144.980999,ENV,REAL_501,Real sensor series - Fitzroy Gardens - board 501,42,real_sensor_board_501,20.937662386238067,0,normal
2015-03-12 02:45:00+00:00,21.0,Fitzroy Gardens,501,34.1,95.7,-37.8148084,144.980999,ENV,REAL_501,Real sensor series - Fitzroy Gardens - board 501,42,real_sensor_board_501,20.810129908990454,0,normal
2015-03-12 02:55:00+00:00,22.3,Fitzroy Gardens,501,33.6,97.0,-37.8148084,144.980999,ENV,REAL_501,Real sensor series - Fitzroy Gardens - board 501,42,real_sensor_board_501,20.70810392719236,0,normal
2015-03-12 03:05:00+00:00,20.6,Fitzroy Gardens,501,31.9,96.2,-37.8148084,144.980999,ENV,REAL_501,Real sensor series - Fitzroy Gardens - board 501,42,real_sensor_board_501,20.56648314175389,0,normal
2015-03-12 03:15:00+00:00,21.6,Fitzroy Gardens,501,33.6,97.0,-37.8148084,144.980999,ENV,REAL_501,Real sensor series - Fitzroy Gardens - board 501,42,real_sensor_board_501,20.45318651340311,0,normal
2015-03-12 03:25:00+00:00,20.3,Fitzroy Gardens,501,35.4,95.7,-37.8148084,144.980999,ENV,REAL_501,Real sensor series - Fitzroy Gardens - board 501,42,real_sensor_board_501,20.362549210722488,1,weak_multivariate_excursion
2015-03-12 03:35:00+00:00,23.2,Fitzroy Gardens,501,33.0,96.9,-37.8148084,144.980999,ENV,REAL_501,Real sensor series - Fitzroy Gardens - board 501,42,real_sensor_board_501,20.29003936857799,1,weak_multivariate_excursion
2015-03-12 03:45:00+00:00,20.3,Fitzroy Gardens,501,35.4,96.0,-37.8148084,144.980999,ENV,REAL_501,Real sensor series - Fitzroy Gardens - board 501,42,real_sensor_board_501,20.232031494862394,1,weak_multivariate_excursion
2015-03-12 03:55:00+00:00,23.9,Fitzroy Gardens,501,35.2,96.8,-37.8148084,144.980999,ENV,REAL_501,Real sensor series - Fitzroy Gardens - board 501,42,real_sensor_board_501,20.185625195889916,1,weak_multivariate_excursion
2015-03-12 12:40:00+00:00,13.5,Fitzroy Gardens,501,53.2,0.9,-37.8148084,144.980999,ENV,REAL_501,Real sensor series - Fitzroy Gardens - board 501,42,real_sensor_board_501,19.68850015671193,1,weak_multivariate_excursion
2015-03-12 13:00:00+00:00,14.5,Fitzroy Gardens,501,48.6,1.0,-37.8148084,144.980999,ENV,REAL_501,Real sensor series - Fitzroy Gardens - board 501,42,real_sensor_board_501,19.290800125369547,1,weak_multivariate_excursion
2015-03-14 09:10:00+00:00,17.7,Fitzroy Gardens,501,64.4,1.1,-37.8148084,144.980999,ENV,REAL_501,Real sensor series - Fitzroy Gardens - board 501,42,real_sensor_board_501,18.852640100295638,0,normal
2015-03-14 09:20:00+00:00,17.7,Fitzroy Gardens,501,65.0,0.9,-37.8148084,144.980999,ENV,REAL_501,Real sensor series - Fitzroy Gardens - board 501,42,real_sensor_board_501,18.38211208023651,0,normal
2015-03-14 09:30:00+00:00,17.1,Fitzroy Gardens,501,72.7,0.8,-37.8148084,144.980999,ENV,REAL_501,Real sensor series - Fitzroy Gardens - board 501,42,real_sensor_board_501,17.925689664189207,0,normal
2015-03-14 09:40:00+00:00,16.1,Fitzroy Gardens,501,83.6,0.8,-37.8148084,144.980999,ENV,REAL_501,Real sensor series - Fitzroy Gardens - board 501,42,real_sensor_board_501,17.560551731351367,0,normal
2015-03-14 09:50:00+00:00,16.1,Fitzroy Gardens,501,82.5,0.8,-37.8148084,144.980999,ENV,REAL_501,Real sensor series - Fitzroy Gardens - board 501,42,real_sensor_board_501,17.268441385081097,0,normal
2015-03-14 10:00:00+00:00,16.5,Fitzroy Gardens,501,71.2,0.8,-37.8148084,144.980999,ENV,REAL_501,Real sensor series - Fitzroy Gardens - board 501,42,real_sensor_board_501,17.034753108064876,0,normal
2015-03-14 10:10:00+00:00,16.1,Fitzroy Gardens,501,69.9,0.8,-37.8148084,144.980999,ENV,REAL_501,Real sensor series - Fitzroy Gardens - board 501,42,real_sensor_board_501,16.847802486451904,0,normal
2015-03-14 10:20:00+00:00,16.1,Fitzroy Gardens,501,78.3,0.8,-37.8148084,144.980999,ENV,REAL_501,Real sensor series - Fitzroy Gardens - board 501,42,real_sensor_board_501,16.698241989161524,0,normal
2015-03-14 10:30:00+00:00,16.1,Fitzroy Gardens,501,77.0,0.9,-37.8148084,144.980999,ENV,REAL_501,Real sensor series - Fitzroy Gardens - board 501,42,real_sensor_board_501,16.57859359132922,0,normal
2015-03-14 10:40:00+00:00,16.1,Fitzroy Gardens,501,78.3,0.8,-37.8148084,144.980999,ENV,REAL_501,Real sensor series - Fitzroy Gardens - board 501,42,real_sensor_board_501,16.482874873063377,0,normal
2015-03-14 10:50:00+00:00,15.5,Fitzroy Gardens,501,88.2,0.8,-37.8148084,144.980999,ENV,REAL_501,Real sensor series - Fitzroy Gardens - board 501,42,real_sensor_board_501,16.406299898450705,0,normal
2015-03-14 11:00:00+00:00,15.2,Fitzroy Gardens,501,90.2,0.8,-37.8148084,144.980999,ENV,REAL_501,Real sensor series - Fitzroy Gardens - board 501,42,real_sensor_board_501,16.345039918760563,0,normal
2015-03-14 11:10:00+00:00,15.2,Fitzroy Gardens,501,79.5,0.9,-37.8148084,144.980999,ENV,REAL_501,Real sensor series - Fitzroy Gardens - board 501,42,real_sensor_board_501,16.29603193500845,0,normal
2015-03-14 11:20:00+00:00,15.2,Fitzroy Gardens,501,74.9,0.9,-37.8148084,144.980999,ENV,REAL_501,Real sensor series - Fitzroy Gardens - board 501,42,real_sensor_board_501,16.25682554800676,0,normal
2015-03-14 11:30:00+00:00,14.8,Fitzroy Gardens,501,80.3,1.0,-37.8148084,144.980999,ENV,REAL_501,Real sensor series - Fitzroy Gardens - board 501,42,real_sensor_board_501,16.225460438405406,0,normal
2015-03-14 11:40:00+00:00,14.8,Fitzroy Gardens,501,82.5,1.2,-37.8148084,144.980999,ENV,REAL_501,Real sensor series - Fitzroy Gardens - board 501,42,real_sensor_board_501,16.200368350724325,0,normal
2015-03-14 11:50:00+00:00,14.2,Fitzroy Gardens,501,60.0,0.9,-37.8148084,144.980999,ENV,REAL_501,Real sensor series - Fitzroy Gardens - board 501,42,real_sensor_board_501,16.18029468057946,0,normal
2015-03-14 12:10:00+00:00,14.2,Fitzroy Gardens,501,65.2,1.0,-37.8148084,144.980999,ENV,REAL_501,Real sensor series - Fitzroy Gardens - board 501,42,real_sensor_board_501,16.164235744463568,0,normal
2015-03-14 18:10:00+00:00,13.5,Fitzroy Gardens,501,50.2,1.1,-37.8148084,144.980999,ENV,REAL_501,Real sensor series - Fitzroy Gardens - board 501,42,real_sensor_board_501,16.151388595570857,0,normal
2015-03-14 18:20:00+00:00,13.5,Fitzroy Gardens,501,49.9,1.0,-37.8148084,144.980999,ENV,REAL_501,Real sensor series - Fitzroy Gardens - board 501,42,real_sensor_board_501,16.141110876456686,0,normal
2015-03-15 13:00:00+00:00,12.6,Fitzroy Gardens,501,71.5,0.9,-37.8148084,144.980999,ENV,REAL_501,Real sensor series - Fitzroy Gardens - board 501,42,real_sensor_board_501,16.13288870116535,1,weak_multivariate_excursion
2015-03-15 23:00:00+00:00,15.5,Fitzroy Gardens,501,62.8,94.8,-37.8148084,144.980999,ENV,REAL_501,Real sensor series - Fitzroy Gardens - board 501,42,real_sensor_board_501,16.12631096093228,1,weak_multivariate_excursion
2015-03-16 00:40:00+00:00,23.5,Fitzroy Gardens,501,40.4,96.0,-37.8148084,144.980999,ENV,REAL_501,Real sensor series - Fitzroy Gardens - board 501,42,real_sensor_board_501,17.481048768745822,1,weak_multivariate_excursion
2015-03-16 01:00:00+00:00,25.2,Fitzroy Gardens,501,36.3,96.5,-37.8148084,144.980999,ENV,REAL_501,Real sensor series - Fitzroy Gardens - board 501,42,real_sensor_board_501,18.564839014996657,1,weak_multivariate_excursion
2015-03-16 01:10:00+00:00,24.5,Fitzroy Gardens,501,36.8,96.0,-37.8148084,144.980999,ENV,REAL_501,Real sensor series - Fitzroy Gardens - board 501,42,real_sensor_board_501,19.491871211997328,1,weak_multivariate_excursion
2015-03-16 01:20:00+00:00,24.5,Fitzroy Gardens,501,35.5,96.2,-37.8148084,144.980999,ENV,REAL_501,Real sensor series - Fitzroy Gardens - board 501,42,real_sensor_board_501,20.233496969597862,0,normal
2015-03-16 01:30:00+00:00,23.9,Fitzroy Gardens,501,37.1,95.8,-37.8148084,144.980999,ENV,REAL_501,Real sensor series - Fitzroy Gardens - board 501,42,real_sensor_board_501,20.82679757567829,0,normal
2015-03-16 01:40:00+00:00,23.9,Fitzroy Gardens,501,34.4,96.5,-37.8148084,144.980999,ENV,REAL_501,Real sensor series - Fitzroy Gardens - board 501,42,real_sensor_board_501,21.301438060542633,0,normal
2015-03-16 01:50:00+00:00,25.8,Fitzroy Gardens,501,32.5,96.6,-37.8148084,144.980999,ENV,REAL_501,Real sensor series - Fitzroy Gardens - board 501,42,real_sensor_board_501,21.741150448434105,0,normal
2015-03-16 02:00:00+00:00,24.2,Fitzroy Gardens,501,33.2,95.2,-37.8148084,144.980999,ENV,REAL_501,Real sensor series - Fitzroy Gardens - board 501,42,real_sensor_board_501,22.092920358747286,0,normal
2015-03-16 02:10:00+00:00,23.5,Fitzroy Gardens,501,33.0,94.6,-37.8148084,144.980999,ENV,REAL_501,Real sensor series - Fitzroy Gardens - board 501,42,real_sensor_board_501,22.374336286997828,0,normal
2015-03-16 02:20:00+00:00,23.2,Fitzroy Gardens,501,33.0,94.6,-37.8148084,144.980999,ENV,REAL_501,Real sensor series - Fitzroy Gardens - board 501,42,real_sensor_board_501,22.59946902959826,0,normal
2015-03-16 02:30:00+00:00,23.2,Fitzroy Gardens,501,34.3,94.4,-37.8148084,144.980999,ENV,REAL_501,Real sensor series - Fitzroy Gardens - board 501,42,real_sensor_board_501,22.85957522367861,0,normal
2015-03-16 02:40:00+00:00,22.9,Fitzroy Gardens,501,33.0,93.9,-37.8148084,144.980999,ENV,REAL_501,Real sensor series - Fitzroy Gardens - board 501,42,real_sensor_board_501,23.06766017894289,0,normal
2015-03-16 02:55:00+00:00,23.2,Fitzroy Gardens,501,33.0,94.2,-37.8148084,144.980999,ENV,REAL_501,Real sensor series - Fitzroy Gardens - board 501,42,real_sensor_board_501,23.234128143154315,0,normal
2015-03-16 03:05:00+00:00,22.9,Fitzroy Gardens,501,33.2,93.9,-37.8148084,144.980999,ENV,REAL_501,Real sensor series - Fitzroy Gardens - board 501,42,real_sensor_board_501,23.367302514523455,0,normal
2015-03-16 03:15:00+00:00,23.2,Fitzroy Gardens,501,34.3,94.4,-37.8148084,144.980999,ENV,REAL_501,Real sensor series - Fitzroy Gardens - board 501,42,real_sensor_board_501,23.473842011618768,0,normal
2015-03-16 03:25:00+00:00,23.9,Fitzroy Gardens,501,33.5,95.5,-37.8148084,144.980999,ENV,REAL_501,Real sensor series - Fitzroy Gardens - board 501,42,real_sensor_board_501,23.559073609295016,0,normal
2015-03-16 03:35:00+00:00,23.5,Fitzroy Gardens,501,33.3,94.7,-37.8148084,144.980999,ENV,REAL_501,Real sensor series - Fitzroy Gardens - board 501,42,real_sensor_board_501,23.627258887436014,0,normal
2015-03-16 03:45:00+00:00,23.5,Fitzroy Gardens,501,32.7,95.2,-37.8148084,144.980999,ENV,REAL_501,Real sensor series - Fitzroy Gardens - board 501,42,real_sensor_board_501,23.681807109948814,0,normal
2015-03-16 03:55:00+00:00,24.8,Fitzroy Gardens,501,30.3,95.8,-37.8148084,144.980999,ENV,REAL_501,Real sensor series - Fitzroy Gardens - board 501,42,real_sensor_board_501,23.725445687959052,0,normal
2015-03-16 04:45:00+00:00,24.5,Fitzroy Gardens,501,32.4,95.5,-37.8148084,144.980999,ENV,REAL_501,Real sensor series - Fitzroy Gardens - board 501,42,real_sensor_board_501,23.760356550367245,0,normal
2015-03-16 04:55:00+00:00,24.5,Fitzroy Gardens,501,32.5,94.9,-37.8148084,144.980999,ENV,REAL_501,Real sensor series - Fitzroy Gardens - board 501,42,real_sensor_board_501,23.7882852402938,0,normal
2015-03-16 05:05:00+00:00,24.2,Fitzroy Gardens,501,32.1,95.1,-37.8148084,144.980999,ENV,REAL_501,Real sensor series - Fitzroy Gardens - board 501,42,real_sensor_board_501,23.730628192235038,0,normal
2015-03-16 05:15:00+00:00,25.2,Fitzroy Gardens,501,30.6,96.1,-37.8148084,144.980999,ENV,REAL_501,Real sensor series - Fitzroy Gardens - board 501,42,real_sensor_board_501,23.68450255378803,0,normal
2015-03-16 05:25:00+00:00,25.5,Fitzroy Gardens,501,30.0,96.9,-37.8148084,144.980999,ENV,REAL_501,Real sensor series - Fitzroy Gardens - board 501,42,real_sensor_board_501,23.647602043030425,0,normal
2015-03-16 05:35:00+00:00,27.7,Fitzroy Gardens,501,28.7,96.8,-37.8148084,144.980999,ENV,REAL_501,Real sensor series - Fitzroy Gardens - board 501,42,real_sensor_board_501,23.61808163442434,0,normal
2015-03-16 05:45:00+00:00,29.0,Fitzroy Gardens,501,27.6,97.4,-37.8148084,144.980999,ENV,REAL_501,Real sensor series - Fitzroy Gardens - board 501,42,real_sensor_board_501,23.594465307539473,1,weak_multivariate_excursion
2015-03-16 06:00:00+00:00,24.5,Fitzroy Gardens,501,31.0,93.6,-37.8148084,144.980999,ENV,REAL_501,Real sensor series - Fitzroy Gardens - board 501,42,real_sensor_board_501,23.575572246031577,1,weak_multivariate_excursion
2015-03-16 06:10:00+00:00,24.2,Fitzroy Gardens,501,31.4,94.0,-37.8148084,144.980999,ENV,REAL_501,Real sensor series - Fitzroy Gardens - board 501,42,real_sensor_board_501,23.56045779682526,1,weak_multivariate_excursion
2015-03-16 06:20:00+00:00,23.9,Fitzroy Gardens,501,31.6,93.2,-37.8148084,144.980999,ENV,REAL_501,Real sensor series - Fitzroy Gardens - board 501,42,real_sensor_board_501,23.548366237460208,0,normal
2015-03-16 06:30:00+00:00,23.9,Fitzroy Gardens,501,31.7,92.1,-37.8148084,144.980999,ENV,REAL_501,Real sensor series - Fitzroy Gardens - board 501,42,real_sensor_board_501,23.538692989968165,0,normal
2015-03-16 06:40:00+00:00,23.5,Fitzroy Gardens,501,31.6,89.4,-37.8148084,144.980999,ENV,REAL_501,Real sensor series - Fitzroy Gardens - board 501,42,real_sensor_board_501,23.530954391974532,0,normal
2015-03-16 06:50:00+00:00,23.2,Fitzroy Gardens,501,32.1,87.6,-37.8148084,144.980999,ENV,REAL_501,Real sensor series - Fitzroy Gardens - board 501,42,real_sensor_board_501,23.464763513579626,0,normal
2015-03-16 07:00:00+00:00,22.9,Fitzroy Gardens,501,32.8,87.0,-37.8148084,144.980999,ENV,REAL_501,Real sensor series - Fitzroy Gardens - board 501,42,real_sensor_board_501,23.411810810863702,0,normal
2015-03-16 07:10:00+00:00,22.9,Fitzroy Gardens,501,34.1,88.6,-37.8148084,144.980999,ENV,REAL_501,Real sensor series - Fitzroy Gardens - board 501,42,real_sensor_board_501,23.30944864869096,0,normal
2015-03-16 07:20:00+00:00,23.2,Fitzroy Gardens,501,33.2,88.2,-37.8148084,144.980999,ENV,REAL_501,Real sensor series - Fitzroy Gardens - board 501,42,real_sensor_board_501,23.227558918952766,0,normal
2015-03-16 07:30:00+00:00,22.9,Fitzroy Gardens,501,34.4,88.9,-37.8148084,144.980999,ENV,REAL_501,Real sensor series - Fitzroy Gardens - board 501,42,real_sensor_board_501,23.16204713516221,0,normal
2015-03-16 07:40:00+00:00,22.9,Fitzroy Gardens,501,34.3,90.6,-37.8148084,144.980999,ENV,REAL_501,Real sensor series - Fitzroy Gardens - board 501,42,real_sensor_board_501,23.109637708129767,1,weak_multivariate_excursion
2015-03-16 08:30:00+00:00,20.6,Fitzroy Gardens,501,39.3,56.5,-37.8148084,144.980999,ENV,REAL_501,Real sensor series - Fitzroy Gardens - board 501,42,real_sensor_board_501,22.607710166503814,1,weak_multivariate_excursion
2015-03-16 09:00:00+00:00,19.0,Fitzroy Gardens,501,43.3,1.3,-37.8148084,144.980999,ENV,REAL_501,Real sensor series - Fitzroy Gardens - board 501,42,real_sensor_board_501,21.886168133203054,1,weak_multivariate_excursion
2015-03-16 09:25:00+00:00,19.0,Fitzroy Gardens,501,42.1,0.8,-37.8148084,144.980999,ENV,REAL_501,Real sensor series - Fitzroy Gardens - board 501,42,real_sensor_board_501,21.308934506562444,1,weak_multivariate_excursion
2015-03-16 09:35:00+00:00,18.7,Fitzroy Gardens,501,43.4,0.8,-37.8148084,144.980999,ENV,REAL_501,Real sensor series - Fitzroy Gardens - board 501,42,real_sensor_board_501,20.787147605249956,0,normal
2015-03-16 09:45:00+00:00,18.4,Fitzroy Gardens,501,44.0,0.8,-37.8148084,144.980999,ENV,REAL_501,Real sensor series - Fitzroy Gardens - board 501,42,real_sensor_board_501,20.369718084199967,0,normal
2015-03-16 09:55:00+00:00,18.7,Fitzroy Gardens,501,43.7,0.8,-37.8148084,144.980999,ENV,REAL_501,Real sensor series - Fitzroy Gardens - board 501,42,real_sensor_board_501,19.975774467359972,0,normal
2015-03-16 10:05:00+00:00,18.1,Fitzroy Gardens,501,45.9,0.8,-37.8148084,144.980999,ENV,REAL_501,Real sensor series - Fitzroy Gardens - board 501,42,real_sensor_board_501,19.60061957388798,0,normal
2015-03-16 10:15:00+00:00,18.1,Fitzroy Gardens,501,47.3,0.8,-37.8148084,144.980999,ENV,REAL_501,Real sensor series - Fitzroy Gardens - board 501,42,real_sensor_board_501,19.300495659110386,0,normal
2015-03-16 10:25:00+00:00,17.4,Fitzroy Gardens,501,54.6,0.6,-37.8148084,144.980999,ENV,REAL_501,Real sensor series - Fitzroy Gardens - board 501,42,real_sensor_board_501,19.060396527288308,0,normal
2015-03-16 10:35:00+00:00,18.1,Fitzroy Gardens,501,46.2,0.6,-37.8148084,144.980999,ENV,REAL_501,Real sensor series - Fitzroy Gardens - board 501,42,real_sensor_board_501,18.868317221830647,0,normal
2015-03-16 10:45:00+00:00,17.7,Fitzroy Gardens,501,46.9,0.7,-37.8148084,144.980999,ENV,REAL_501,Real sensor series - Fitzroy Gardens - board 501,42,real_sensor_board_501,18.71465377746452,0,normal
2015-03-16 10:55:00+00:00,17.7,Fitzroy Gardens,501,48.1,0.7,-37.8148084,144.980999,ENV,REAL_501,Real sensor series - Fitzroy Gardens - board 501,42,real_sensor_board_501,18.591723021971617,0,normal
2015-03-16 11:05:00+00:00,17.7,Fitzroy Gardens,501,49.2,0.7,-37.8148084,144.980999,ENV,REAL_501,Real sensor series - Fitzroy Gardens - board 501,42,real_sensor_board_501,18.413378417577295,0,normal
2015-03-16 11:15:00+00:00,18.1,Fitzroy Gardens,501,47.8,0.7,-37.8148084,144.980999,ENV,REAL_501,Real sensor series - Fitzroy Gardens - board 501,42,real_sensor_board_501,18.270702734061835,0,normal
2015-03-16 11:25:00+00:00,18.1,Fitzroy Gardens,501,46.6,0.7,-37.8148084,144.980999,ENV,REAL_501,Real sensor series - Fitzroy Gardens - board 501,42,real_sensor_board_501,18.15656218724947,0,normal
2015-03-16 11:35:00+00:00,18.1,Fitzroy Gardens,501,49.6,0.7,-37.8148084,144.980999,ENV,REAL_501,Real sensor series - Fitzroy Gardens - board 501,42,real_sensor_board_501,18.005249749799578,0,normal
2015-03-16 11:45:00+00:00,16.1,Fitzroy Gardens,501,59.2,0.7,-37.8148084,144.980999,ENV,REAL_501,Real sensor series - Fitzroy Gardens - board 501,42,real_sensor_board_501,17.884199799839664,0,normal
2015-03-16 11:55:00+00:00,16.5,Fitzroy Gardens,501,64.5,0.7,-37.8148084,144.980999,ENV,REAL_501,Real sensor series - Fitzroy Gardens - board 501,42,real_sensor_board_501,17.78735983987173,0,normal
2015-03-16 13:10:00+00:00,17.1,Fitzroy Gardens,501,58.7,0.7,-37.8148084,144.980999,ENV,REAL_501,Real sensor series - Fitzroy Gardens - board 501,42,real_sensor_board_501,17.649887871897384,0,normal
2015-03-16 13:20:00+00:00,17.1,Fitzroy Gardens,501,58.2,0.7,-37.8148084,144.980999,ENV,REAL_501,Real sensor series - Fitzroy Gardens - board 501,42,real_sensor_board_501,17.53991029751791,0,normal
2015-03-16 13:30:00+00:00,17.4,Fitzroy Gardens,501,57.1,0.7,-37.8148084,144.980999,ENV,REAL_501,Real sensor series - Fitzroy Gardens - board 501,42,real_sensor_board_501,17.45192823801433,0,normal
2015-03-16 13:40:00+00:00,17.4,Fitzroy Gardens,501,57.1,0.7,-37.8148084,144.980999,ENV,REAL_501,Real sensor series - Fitzroy Gardens - board 501,42,real_sensor_board_501,17.321542590411465,0,normal
2015-03-16 13:50:00+00:00,17.1,Fitzroy Gardens,501,60.9,0.7,-37.8148084,144.980999,ENV,REAL_501,Real sensor series - Fitzroy Gardens - board 501,42,real_sensor_board_501,17.217234072329173,0,normal
2015-03-16 14:00:00+00:00,16.8,Fitzroy Gardens,501,64.7,0.7,-37.8148084,144.980999,ENV,REAL_501,Real sensor series - Fitzroy Gardens - board 501,42,real_sensor_board_501,17.07378725786334,0,normal
2015-03-16 14:10:00+00:00,16.8,Fitzroy Gardens,501,62.0,0.7,-37.8148084,144.980999,ENV,REAL_501,Real sensor series - Fitzroy Gardens - board 501,42,real_sensor_board_501,16.959029806290673,0,normal
2015-03-16 14:20:00+00:00,16.5,Fitzroy Gardens,501,60.6,0.7,-37.8148084,144.980999,ENV,REAL_501,Real sensor series - Fitzroy Gardens - board 501,42,real_sensor_board_501,16.867223845032537,0,normal
2015-03-16 14:30:00+00:00,16.5,Fitzroy Gardens,501,65.5,0.7,-37.8148084,144.980999,ENV,REAL_501,Real sensor series - Fitzroy Gardens - board 501,42,real_sensor_board_501,16.79377907602603,0,normal
2015-03-16 14:40:00+00:00,16.5,Fitzroy Gardens,501,64.2,0.7,-37.8148084,144.980999,ENV,REAL_501,Real sensor series - Fitzroy Gardens - board 501,42,real_sensor_board_501,16.735023260820824,0,normal
2015-03-16 14:50:00+00:00,16.5,Fitzroy Gardens,501,63.6,0.7,-37.8148084,144.980999,ENV,REAL_501,Real sensor series - Fitzroy Gardens - board 501,42,real_sensor_board_501,16.68801860865666,0,normal
2015-03-16 15:00:00+00:00,16.5,Fitzroy Gardens,501,65.5,0.7,-37.8148084,144.980999,ENV,REAL_501,Real sensor series - Fitzroy Gardens - board 501,42,real_sensor_board_501,16.570414886925327,0,normal
2015-03-16 15:10:00+00:00,16.1,Fitzroy Gardens,501,64.7,0.7,-37.8148084,144.980999,ENV,REAL_501,Real sensor series - Fitzroy Gardens - board 501,42,real_sensor_board_501,16.476331909540264,0,normal
2015-03-16 15:20:00+00:00,15.8,Fitzroy Gardens,501,68.5,0.7,-37.8148084,144.980999,ENV,REAL_501,Real sensor series - Fitzroy Gardens - board 501,42,real_sensor_board_501,16.401065527632213,0,normal
2015-03-16 15:30:00+00:00,15.5,Fitzroy Gardens,501,69.3,0.7,-37.8148084,144.980999,ENV,REAL_501,Real sensor series - Fitzroy Gardens - board 501,42,real_sensor_board_501,16.34085242210577,0,normal
2015-03-16 15:45:00+00:00,15.5,Fitzroy Gardens,501,72.6,0.7,-37.8148084,144.980999,ENV,REAL_501,Real sensor series - Fitzroy Gardens - board 501,42,real_sensor_board_501,16.292681937684616,0,normal
2015-03-16 16:05:00+00:00,15.5,Fitzroy Gardens,501,69.9,0.7,-37.8148084,144.980999,ENV,REAL_501,Real sensor series - Fitzroy Gardens - board 501,42,real_sensor_board_501,16.254145550147694,0,normal
2015-03-16 18:15:00+00:00,14.8,Fitzroy Gardens,501,81.7,0.7,-37.8148084,144.980999,ENV,REAL_501,Real sensor series - Fitzroy Gardens - board 501,42,real_sensor_board_501,16.223316440118154,0,normal
2015-03-16 18:25:00+00:00,14.8,Fitzroy Gardens,501,80.3,0.7,-37.8148084,144.980999,ENV,REAL_501,Real sensor series - Fitzroy Gardens - board 501,42,real_sensor_board_501,16.198653152094522,0,normal
2015-03-16 18:35:00+00:00,15.5,Fitzroy Gardens,501,72.1,0.7,-37.8148084,144.980999,ENV,REAL_501,Real sensor series - Fitzroy Gardens - board 501,42,real_sensor_board_501,16.178922521675617,0,normal
2015-03-16 18:50:00+00:00,15.5,Fitzroy Gardens,501,69.7,0.8,-37.8148084,144.980999,ENV,REAL_501,Real sensor series - Fitzroy Gardens - board 501,42,real_sensor_board_501,16.163138017340493,0,normal
2015-03-16 19:00:00+00:00,15.8,Fitzroy Gardens,501,67.2,0.7,-37.8148084,144.980999,ENV,REAL_501,Real sensor series - Fitzroy Gardens - board 501,42,real_sensor_board_501,16.150510413872396,0,normal
2015-03-16 19:10:00+00:00,15.5,Fitzroy Gardens,501,72.4,0.8,-37.8148084,144.980999,ENV,REAL_501,Real sensor series - Fitzroy Gardens - board 501,42,real_sensor_board_501,16.140408331097916,0,normal
2015-03-16 19:20:00+00:00,15.8,Fitzroy Gardens,501,70.2,0.7,-37.8148084,144.980999,ENV,REAL_501,Real sensor series - Fitzroy Gardens - board 501,42,real_sensor_board_501,16.132326664878335,0,normal
2015-03-16 19:30:00+00:00,15.5,Fitzroy Gardens,501,73.5,0.8,-37.8148084,144.980999,ENV,REAL_501,Real sensor series - Fitzroy Gardens - board 501,42,real_sensor_board_501,16.12586133190267,0,normal
2015-03-16 19:40:00+00:00,15.8,Fitzroy Gardens,501,71.0,0.7,-37.8148084,144.980999,ENV,REAL_501,Real sensor series - Fitzroy Gardens - board 501,42,real_sensor_board_501,16.120689065522136,0,normal
2015-03-16 19:50:00+00:00,15.5,Fitzroy Gardens,501,70.4,0.8,-37.8148084,144.980999,ENV,REAL_501,Real sensor series - Fitzroy Gardens - board 501,42,real_sensor_board_501,16.116551252417707,0,normal
2015-03-16 20:10:00+00:00,15.5,Fitzroy Gardens,501,72.4,5.8,-37.8148084,144.980999,ENV,REAL_501,Real sensor series - Fitzroy Gardens - board 501,42,real_sensor_board_501,16.113241001934167,1,weak_multivariate_excursion
2015-03-16 20:30:00+00:00,16.5,Fitzroy Gardens,501,68.5,39.1,-37.8148084,144.980999,ENV,REAL_501,Real sensor series - Fitzroy Gardens - board 501,42,real_sensor_board_501,16.190592801547336,1,weak_multivariate_excursion
2015-03-16 21:00:00+00:00,16.8,Fitzroy Gardens,501,66.0,70.7,-37.8148084,144.980999,ENV,REAL_501,Real sensor series - Fitzroy Gardens - board 501,42,real_sensor_board_501,16.31247424123787,1,weak_multivariate_excursion
2015-03-16 21:10:00+00:00,17.1,Fitzroy Gardens,501,62.6,79.5,-37.8148084,144.980999,ENV,REAL_501,Real sensor series - Fitzroy Gardens - board 501,42,real_sensor_board_501,16.469979392990297,1,weak_multivariate_excursion
2015-03-16 21:20:00+00:00,17.4,Fitzroy Gardens,501,61.2,84.5,-37.8148084,144.980999,ENV,REAL_501,Real sensor series - Fitzroy Gardens - board 501,42,real_sensor_board_501,16.655983514392236,1,weak_multivariate_excursion
2015-03-16 21:30:00+00:00,18.1,Fitzroy Gardens,501,58.2,84.7,-37.8148084,144.980999,ENV,REAL_501,Real sensor series - Fitzroy Gardens - board 501,42,real_sensor_board_501,16.94478681151379,0,normal
2015-03-16 21:40:00+00:00,18.1,Fitzroy Gardens,501,57.3,85.3,-37.8148084,144.980999,ENV,REAL_501,Real sensor series - Fitzroy Gardens - board 501,42,real_sensor_board_501,17.175829449211033,0,normal
2015-03-16 22:05:00+00:00,19.0,Fitzroy Gardens,501,52.6,88.1,-37.8148084,144.980999,ENV,REAL_501,Real sensor series - Fitzroy Gardens - board 501,42,real_sensor_board_501,17.540663559368827,0,normal
2015-03-16 22:15:00+00:00,19.0,Fitzroy Gardens,501,49.7,88.4,-37.8148084,144.980999,ENV,REAL_501,Real sensor series - Fitzroy Gardens - board 501,42,real_sensor_board_501,17.83253084749506,0,normal
2015-03-16 22:25:00+00:00,19.7,Fitzroy Gardens,501,45.5,91.4,-37.8148084,144.980999,ENV,REAL_501,Real sensor series - Fitzroy Gardens - board 501,42,real_sensor_board_501,18.06602467799605,0,normal
2015-03-16 22:35:00+00:00,21.0,Fitzroy Gardens,501,37.6,91.8,-37.8148084,144.980999,ENV,REAL_501,Real sensor series - Fitzroy Gardens - board 501,42,real_sensor_board_501,18.25281974239684,0,normal
2015-03-16 22:45:00+00:00,21.6,Fitzroy Gardens,501,32.7,91.6,-37.8148084,144.980999,ENV,REAL_501,Real sensor series - Fitzroy Gardens - board 501,42,real_sensor_board_501,18.402255793917472,0,normal
2015-03-16 23:05:00+00:00,21.6,Fitzroy Gardens,501,32.2,90.6,-37.8148084,144.980999,ENV,REAL_501,Real sensor series - Fitzroy Gardens - board 501,42,real_sensor_board_501,18.52180463513398,0,normal
2015-03-16 23:15:00+00:00,21.0,Fitzroy Gardens,501,35.4,90.9,-37.8148084,144.980999,ENV,REAL_501,Real sensor series - Fitzroy Gardens - board 501,42,real_sensor_board_501,18.617443708107185,1,weak_multivariate_excursion
2015-03-16 23:25:00+00:00,21.6,Fitzroy Gardens,501,35.2,93.1,-37.8148084,144.980999,ENV,REAL_501,Real sensor series - Fitzroy Gardens - board 501,42,real_sensor_board_501,18.693954966485748,1,weak_multivariate_excursion
2015-03-16 23:35:00+00:00,22.3,Fitzroy Gardens,501,32.5,93.6,-37.8148084,144.980999,ENV,REAL_501,Real sensor series - Fitzroy Gardens - board 501,42,real_sensor_board_501,18.755163973188598,1,weak_multivariate_excursion
2015-03-16 23:45:00+00:00,22.6,Fitzroy Gardens,501,31.6,92.8,-37.8148084,144.980999,ENV,REAL_501,Real sensor series - Fitzroy Gardens - board 501,42,real_sensor_board_501,18.80413117855088,1,weak_multivariate_excursion
2015-03-16 23:55:00+00:00,22.9,Fitzroy Gardens,501,31.1,94.4,-37.8148084,144.980999,ENV,REAL_501,Real sensor series - Fitzroy Gardens - board 501,42,real_sensor_board_501,18.843304942840703,1,weak_multivariate_excursion
2015-03-17 23:00:00+00:00,20.3,Fitzroy Gardens,501,65.8,91.8,-37.8148084,144.980999,ENV,REAL_501,Real sensor series - Fitzroy Gardens - board 501,42,real_sensor_board_501,18.874643954272564,1,weak_multivariate_excursion
2015-03-17 23:10:00+00:00,20.0,Fitzroy Gardens,501,63.3,91.6,-37.8148084,144.980999,ENV,REAL_501,Real sensor series - Fitzroy Gardens - board 501,42,real_sensor_board_501,18.89971516341805,1,weak_multivariate_excursion
2015-03-17 23:20:00+00:00,20.3,Fitzroy Gardens,501,64.4,92.6,-37.8148084,144.980999,ENV,REAL_501,Real sensor series - Fitzroy Gardens - board 501,42,real_sensor_board_501,18.91977213073444,0,normal
2015-03-17 23:30:00+00:00,20.0,Fitzroy Gardens,501,64.5,90.7,-37.8148084,144.980999,ENV,REAL_501,Real sensor series - Fitzroy Gardens - board 501,42,real_sensor_board_501,18.935817704587553,0,normal
2015-03-17 23:55:00+00:00,21.0,Fitzroy Gardens,501,60.4,93.1,-37.8148084,144.980999,ENV,REAL_501,Real sensor series - Fitzroy Gardens - board 501,42,real_sensor_board_501,18.948654163670042,0,normal
2015-03-18 00:05:00+00:00,21.0,Fitzroy Gardens,501,58.7,90.6,-37.8148084,144.980999,ENV,REAL_501,Real sensor series - Fitzroy Gardens - board 501,42,real_sensor_board_501,18.958923330936035,1,weak_multivariate_excursion
2015-03-18 08:35:00+00:00,18.1,Fitzroy Gardens,501,76.7,46.1,-37.8148084,144.980999,ENV,REAL_501,Real sensor series - Fitzroy Gardens - board 501,42,real_sensor_board_501,18.847138664748826,1,weak_multivariate_excursion
2015-03-18 08:55:00+00:00,17.7,Fitzroy Gardens,501,78.9,3.0,-37.8148084,144.980999,ENV,REAL_501,Real sensor series - Fitzroy Gardens - board 501,42,real_sensor_board_501,18.69771093179906,1,weak_multivariate_excursion
2015-03-18 09:05:00+00:00,18.4,Fitzroy Gardens,501,74.3,1.1,-37.8148084,144.980999,ENV,REAL_501,Real sensor series - Fitzroy Gardens - board 501,42,real_sensor_board_501,18.49816874543925,1,weak_multivariate_excursion
2015-03-18 09:20:00+00:00,17.7,Fitzroy Gardens,501,81.6,0.9,-37.8148084,144.980999,ENV,REAL_501,Real sensor series - Fitzroy Gardens - board 501,42,real_sensor_board_501,18.338534996351402,0,normal
2015-03-18 09:30:00+00:00,17.4,Fitzroy Gardens,501,82.8,0.9,-37.8148084,144.980999,ENV,REAL_501,Real sensor series - Fitzroy Gardens - board 501,42,real_sensor_board_501,18.150827997081123,0,normal
2015-03-18 09:40:00+00:00,17.1,Fitzroy Gardens,501,84.4,0.9,-37.8148084,144.980999,ENV,REAL_501,Real sensor series - Fitzroy Gardens - board 501,42,real_sensor_board_501,17.9406623976649,0,normal
2015-03-18 09:50:00+00:00,17.1,Fitzroy Gardens,501,81.9,0.9,-37.8148084,144.980999,ENV,REAL_501,Real sensor series - Fitzroy Gardens - board 501,42,real_sensor_board_501,17.772529918131923,0,normal
2015-03-18 10:00:00+00:00,17.1,Fitzroy Gardens,501,83.6,0.9,-37.8148084,144.980999,ENV,REAL_501,Real sensor series - Fitzroy Gardens - board 501,42,real_sensor_board_501,17.63802393450554,0,normal
2015-03-18 10:10:00+00:00,17.1,Fitzroy Gardens,501,88.2,0.9,-37.8148084,144.980999,ENV,REAL_501,Real sensor series - Fitzroy Gardens - board 501,42,real_sensor_board_501,17.530419147604434,0,normal
2015-03-18 10:20:00+00:00,16.8,Fitzroy Gardens,501,91.8,0.8,-37.8148084,144.980999,ENV,REAL_501,Real sensor series - Fitzroy Gardens - board 501,42,real_sensor_board_501,17.44433531808355,0,normal
2015-03-18 10:30:00+00:00,17.1,Fitzroy Gardens,501,88.0,0.7,-37.8148084,144.980999,ENV,REAL_501,Real sensor series - Fitzroy Gardens - board 501,42,real_sensor_board_501,17.375468254466842,0,normal
2015-03-18 10:40:00+00:00,16.5,Fitzroy Gardens,501,90.2,0.7,-37.8148084,144.980999,ENV,REAL_501,Real sensor series - Fitzroy Gardens - board 501,42,real_sensor_board_501,17.260374603573474,0,normal
2015-03-18 10:50:00+00:00,16.8,Fitzroy Gardens,501,88.7,0.7,-37.8148084,144.980999,ENV,REAL_501,Real sensor series - Fitzroy Gardens - board 501,42,real_sensor_board_501,17.16829968285878,0,normal
2015-03-18 11:00:00+00:00,16.8,Fitzroy Gardens,501,88.3,0.7,-37.8148084,144.980999,ENV,REAL_501,Real sensor series - Fitzroy Gardens - board 501,42,real_sensor_board_501,17.094639746287026,0,normal
2015-03-18 11:10:00+00:00,16.5,Fitzroy Gardens,501,97.0,0.7,-37.8148084,144.980999,ENV,REAL_501,Real sensor series - Fitzroy Gardens - board 501,42,real_sensor_board_501,17.03571179702962,0,normal
2015-03-18 11:20:00+00:00,16.5,Fitzroy Gardens,501,95.9,0.7,-37.8148084,144.980999,ENV,REAL_501,Real sensor series - Fitzroy Gardens - board 501,42,real_sensor_board_501,16.988569437623696,0,normal
2015-03-18 11:30:00+00:00,15.8,Fitzroy Gardens,501,98.4,0.7,-37.8148084,144.980999,ENV,REAL_501,Real sensor series - Fitzroy Gardens - board 501,42,real_sensor_board_501,16.950855550098957,0,normal
2015-03-18 11:40:00+00:00,16.1,Fitzroy Gardens,501,101.0,0.7,-37.8148084,144.980999,ENV,REAL_501,Real sensor series - Fitzroy Gardens - board 501,42,real_sensor_board_501,16.920684440079167,0,normal
2015-03-18 11:50:00+00:00,15.8,Fitzroy Gardens,501,101.6,0.7,-37.8148084,144.980999,ENV,REAL_501,Real sensor series - Fitzroy Gardens - board 501,42,real_sensor_board_501,16.896547552063335,0,normal
2015-03-18 12:45:00+00:00,15.2,Fitzroy Gardens,501,101.4,0.7,-37.8148084,144.980999,ENV,REAL_501,Real sensor series - Fitzroy Gardens - board 501,42,real_sensor_board_501,16.87723804165067,0,normal
2015-03-18 13:05:00+00:00,14.8,Fitzroy Gardens,501,101.9,0.7,-37.8148084,144.980999,ENV,REAL_501,Real sensor series - Fitzroy Gardens - board 501,42,real_sensor_board_501,16.861790433320536,0,normal
2015-03-18 13:15:00+00:00,14.8,Fitzroy Gardens,501,101.4,0.7,-37.8148084,144.980999,ENV,REAL_501,Real sensor series - Fitzroy Gardens - board 501,42,real_sensor_board_501,16.849432346656428,0,normal
2015-03-18 13:25:00+00:00,15.2,Fitzroy Gardens,501,101.4,0.7,-37.8148084,144.980999,ENV,REAL_501,Real sensor series - Fitzroy Gardens - board 501,42,real_sensor_board_501,16.839545877325143,0,normal
2015-03-18 13:35:00+00:00,14.8,Fitzroy Gardens,501,101.4,0.7,-37.8148084,144.980999,ENV,REAL_501,Real sensor series - Fitzroy Gardens - board 501,42,real_sensor_board_501,16.831636701860116,0,normal
2015-03-18 13:45:00+00:00,15.2,Fitzroy Gardens,501,101.4,0.7,-37.8148084,144.980999,ENV,REAL_501,Real sensor series - Fitzroy Gardens - board 501,42,real_sensor_board_501,16.825309361488095,0,normal
2015-03-18 18:10:00+00:00,17.1,Fitzroy Gardens,501,67.8,0.6,-37.8148084,144.980999,ENV,REAL_501,Real sensor series - Fitzroy Gardens - board 501,42,real_sensor_board_501,16.880247489190477,0,normal
2015-03-18 18:20:00+00:00,16.8,Fitzroy Gardens,501,69.6,0.6,-37.8148084,144.980999,ENV,REAL_501,Real sensor series - Fitzroy Gardens - board 501,42,real_sensor_board_501,16.924197991352383,1,weak_multivariate_excursion
2015-03-18 23:00:00+00:00,23.5,Fitzroy Gardens,501,43.1,95.1,-37.8148084,144.980999,ENV,REAL_501,Real sensor series - Fitzroy Gardens - board 501,42,real_sensor_board_501,17.919358393081907,1,weak_multivariate_excursion
2015-03-18 23:10:00+00:00,21.9,Fitzroy Gardens,501,44.8,93.8,-37.8148084,144.980999,ENV,REAL_501,Real sensor series - Fitzroy Gardens - board 501,42,real_sensor_board_501,18.975486714465525,1,weak_multivariate_excursion
2015-03-18 23:20:00+00:00,23.5,Fitzroy Gardens,501,43.6,94.9,-37.8148084,144.980999,ENV,REAL_501,Real sensor series - Fitzroy Gardens - board 501,42,real_sensor_board_501,19.82038937157242,1,weak_multivariate_excursion
2015-03-18 23:30:00+00:00,23.2,Fitzroy Gardens,501,42.6,95.1,-37.8148084,144.980999,ENV,REAL_501,Real sensor series - Fitzroy Gardens - board 501,42,real_sensor_board_501,20.556311497257937,1,weak_multivariate_excursion
2015-03-18 23:40:00+00:00,23.5,Fitzroy Gardens,501,42.5,94.2,-37.8148084,144.980999,ENV,REAL_501,Real sensor series - Fitzroy Gardens - board 501,42,real_sensor_board_501,21.14504919780635,0,normal
2015-03-18 23:50:00+00:00,23.2,Fitzroy Gardens,501,42.3,92.6,-37.8148084,144.980999,ENV,REAL_501,Real sensor series - Fitzroy Gardens - board 501,42,real_sensor_board_501,21.616039358245082,0,normal
2015-03-19 00:00:00+00:00,23.9,Fitzroy Gardens,501,41.5,93.2,-37.8148084,144.980999,ENV,REAL_501,Real sensor series - Fitzroy Gardens - board 501,42,real_sensor_board_501,22.07283148659607,1,weak_multivariate_excursion
2015-03-19 00:50:00+00:00,28.4,Fitzroy Gardens,501,37.4,96.7,-37.8148084,144.980999,ENV,REAL_501,Real sensor series - Fitzroy Gardens - board 501,42,real_sensor_board_501,23.338265189276857,1,weak_multivariate_excursion
2015-03-19 01:00:00+00:00,29.4,Fitzroy Gardens,501,35.1,96.5,-37.8148084,144.980999,ENV,REAL_501,Real sensor series - Fitzroy Gardens - board 501,42,real_sensor_board_501,24.550612151421486,1,weak_multivariate_excursion
2015-03-19 01:10:00+00:00,29.7,Fitzroy Gardens,501,35.2,96.3,-37.8148084,144.980999,ENV,REAL_501,Real sensor series - Fitzroy Gardens - board 501,42,real_sensor_board_501,25.52048972113719,0,normal
2015-03-19 01:20:00+00:00,29.7,Fitzroy Gardens,501,33.9,96.6,-37.8148084,144.980999,ENV,REAL_501,Real sensor series - Fitzroy Gardens - board 501,42,real_sensor_board_501,26.29639177690975,0,normal
2015-03-19 01:35:00+00:00,29.4,Fitzroy Gardens,501,34.3,97.0,-37.8148084,144.980999,ENV,REAL_501,Real sensor series - Fitzroy Gardens - board 501,42,real_sensor_board_501,26.977113421527804,0,normal
2015-03-19 01:45:00+00:00,29.4,Fitzroy Gardens,501,34.9,95.8,-37.8148084,144.980999,ENV,REAL_501,Real sensor series - Fitzroy Gardens - board 501,42,real_sensor_board_501,27.521690737222247,0,normal
2015-03-19 01:55:00+00:00,31.0,Fitzroy Gardens,501,32.7,97.0,-37.8148084,144.980999,ENV,REAL_501,Real sensor series - Fitzroy Gardens - board 501,42,real_sensor_board_501,27.957352589777802,0,normal
2015-03-19 02:05:00+00:00,31.3,Fitzroy Gardens,501,32.2,97.0,-37.8148084,144.980999,ENV,REAL_501,Real sensor series - Fitzroy Gardens - board 501,42,real_sensor_board_501,28.305882071822243,0,normal
2015-03-19 02:15:00+00:00,31.6,Fitzroy Gardens,501,31.6,97.2,-37.8148084,144.980999,ENV,REAL_501,Real sensor series - Fitzroy Gardens - board 501,42,real_sensor_board_501,28.584705657457796,0,normal
2015-03-19 02:25:00+00:00,30.3,Fitzroy Gardens,501,31.4,97.4,-37.8148084,144.980999,ENV,REAL_501,Real sensor series - Fitzroy Gardens - board 501,42,real_sensor_board_501,28.80776452596624,0,normal
2015-03-19 02:35:00+00:00,32.3,Fitzroy Gardens,501,31.4,97.2,-37.8148084,144.980999,ENV,REAL_501,Real sensor series - Fitzroy Gardens - board 501,42,real_sensor_board_501,28.986211620772995,0,normal
2015-03-19 02:45:00+00:00,30.0,Fitzroy Gardens,501,31.6,97.2,-37.8148084,144.980999,ENV,REAL_501,Real sensor series - Fitzroy Gardens - board 501,42,real_sensor_board_501,29.128969296618397,0,normal
2015-03-19 02:55:00+00:00,31.3,Fitzroy Gardens,501,30.5,97.1,-37.8148084,144.980999,ENV,REAL_501,Real sensor series - Fitzroy Gardens - board 501,42,real_sensor_board_501,29.24317543729472,0,normal
2015-03-19 03:05:00+00:00,32.3,Fitzroy Gardens,501,29.5,97.2,-37.8148084,144.980999,ENV,REAL_501,Real sensor series - Fitzroy Gardens - board 501,42,real_sensor_board_501,29.33454034983578,0,normal
2015-03-19 03:15:00+00:00,32.6,Fitzroy Gardens,501,29.8,97.2,-37.8148084,144.980999,ENV,REAL_501,Real sensor series - Fitzroy Gardens - board 501,42,real_sensor_board_501,29.407632279868626,0,normal
2015-03-19 03:25:00+00:00,31.9,Fitzroy Gardens,501,29.5,97.2,-37.8148084,144.980999,ENV,REAL_501,Real sensor series - Fitzroy Gardens - board 501,42,real_sensor_board_501,29.466105823894903,0,normal
2015-03-19 03:35:00+00:00,32.3,Fitzroy Gardens,501,29.8,97.2,-37.8148084,144.980999,ENV,REAL_501,Real sensor series - Fitzroy Gardens - board 501,42,real_sensor_board_501,29.512884659115926,0,normal
2015-03-19 03:45:00+00:00,33.2,Fitzroy Gardens,501,29.7,97.2,-37.8148084,144.980999,ENV,REAL_501,Real sensor series - Fitzroy Gardens - board 501,42,real_sensor_board_501,29.550307727292743,0,normal
2015-03-19 03:55:00+00:00,33.9,Fitzroy Gardens,501,29.5,97.3,-37.8148084,144.980999,ENV,REAL_501,Real sensor series - Fitzroy Gardens - board 501,42,real_sensor_board_501,29.520246181834196,0,normal
2015-03-19 04:05:00+00:00,33.5,Fitzroy Gardens,501,28.4,97.3,-37.8148084,144.980999,ENV,REAL_501,Real sensor series - Fitzroy Gardens - board 501,42,real_sensor_board_501,29.496196945467357,1,weak_multivariate_excursion
2015-03-19 08:35:00+00:00,18.4,Fitzroy Gardens,501,86.9,50.7,-37.8148084,144.980999,ENV,REAL_501,Real sensor series - Fitzroy Gardens - board 501,42,real_sensor_board_501,27.276957556373887,1,weak_multivariate_excursion
2015-03-19 08:55:00+00:00,18.4,Fitzroy Gardens,501,89.8,4.7,-37.8148084,144.980999,ENV,REAL_501,Real sensor series - Fitzroy Gardens - board 501,42,real_sensor_board_501,25.50156604509911,1,weak_multivariate_excursion
2015-03-19 09:05:00+00:00,18.4,Fitzroy Gardens,501,90.9,1.3,-37.8148084,144.980999,ENV,REAL_501,Real sensor series - Fitzroy Gardens - board 501,42,real_sensor_board_501,24.08125283607929,1,weak_multivariate_excursion
2015-03-19 09:15:00+00:00,18.4,Fitzroy Gardens,501,90.1,1.2,-37.8148084,144.980999,ENV,REAL_501,Real sensor series - Fitzroy Gardens - board 501,42,real_sensor_board_501,22.945002268863433,1,weak_multivariate_excursion
2015-03-19 09:25:00+00:00,18.4,Fitzroy Gardens,501,86.0,1.2,-37.8148084,144.980999,ENV,REAL_501,Real sensor series - Fitzroy Gardens - board 501,42,real_sensor_board_501,22.036001815090746,0,normal
2015-03-19 09:35:00+00:00,18.4,Fitzroy Gardens,501,87.1,1.2,-37.8148084,144.980999,ENV,REAL_501,Real sensor series - Fitzroy Gardens - board 501,42,real_sensor_board_501,21.308801452072597,0,normal
2015-03-19 09:45:00+00:00,18.1,Fitzroy Gardens,501,83.1,1.3,-37.8148084,144.980999,ENV,REAL_501,Real sensor series - Fitzroy Gardens - board 501,42,real_sensor_board_501,20.66704116165808,0,normal
2015-03-19 09:55:00+00:00,18.1,Fitzroy Gardens,501,81.4,1.2,-37.8148084,144.980999,ENV,REAL_501,Real sensor series - Fitzroy Gardens - board 501,42,real_sensor_board_501,20.153632929326466,0,normal
2015-03-19 10:05:00+00:00,17.7,Fitzroy Gardens,501,80.0,1.2,-37.8148084,144.980999,ENV,REAL_501,Real sensor series - Fitzroy Gardens - board 501,42,real_sensor_board_501,19.662906343461174,0,normal
2015-03-19 10:15:00+00:00,17.7,Fitzroy Gardens,501,80.5,1.3,-37.8148084,144.980999,ENV,REAL_501,Real sensor series - Fitzroy Gardens - board 501,42,real_sensor_board_501,19.27032507476894,0,normal
2015-03-19 10:25:00+00:00,17.7,Fitzroy Gardens,501,78.9,1.2,-37.8148084,144.980999,ENV,REAL_501,Real sensor series - Fitzroy Gardens - board 501,42,real_sensor_board_501,18.956260059815154,0,normal
2015-03-19 10:35:00+00:00,17.7,Fitzroy Gardens,501,78.4,1.2,-37.8148084,144.980999,ENV,REAL_501,Real sensor series - Fitzroy Gardens - board 501,42,real_sensor_board_501,18.705008047852125,0,normal
2015-03-19 10:45:00+00:00,17.7,Fitzroy Gardens,501,80.1,1.2,-37.8148084,144.980999,ENV,REAL_501,Real sensor series - Fitzroy Gardens - board 501,42,real_sensor_board_501,18.5040064382817,0,normal
2015-03-19 10:55:00+00:00,17.7,Fitzroy Gardens,501,79.2,1.2,-37.8148084,144.980999,ENV,REAL_501,Real sensor series - Fitzroy Gardens - board 501,42,real_sensor_board_501,18.34320515062536,0,normal
2015-03-19 11:05:00+00:00,17.7,Fitzroy Gardens,501,81.1,1.4,-37.8148084,144.980999,ENV,REAL_501,Real sensor series - Fitzroy Gardens - board 501,42,real_sensor_board_501,18.214564120500288,0,normal
2015-03-19 11:20:00+00:00,17.7,Fitzroy Gardens,501,80.9,1.3,-37.8148084,144.980999,ENV,REAL_501,Real sensor series - Fitzroy Gardens - board 501,42,real_sensor_board_501,18.111651296400233,0,normal
2015-03-19 11:30:00+00:00,17.7,Fitzroy Gardens,501,80.6,1.3,-37.8148084,144.980999,ENV,REAL_501,Real sensor series - Fitzroy Gardens - board 501,42,real_sensor_board_501,18.029321037120187,0,normal
2015-03-19 11:40:00+00:00,17.7,Fitzroy Gardens,501,69.4,1.3,-37.8148084,144.980999,ENV,REAL_501,Real sensor series - Fitzroy Gardens - board 501,42,real_sensor_board_501,17.96345682969615,0,normal
2015-03-19 11:50:00+00:00,17.7,Fitzroy Gardens,501,63.9,1.2,-37.8148084,144.980999,ENV,REAL_501,Real sensor series - Fitzroy Gardens - board 501,42,real_sensor_board_501,17.91076546375692,0,normal
2015-03-19 13:00:00+00:00,17.1,Fitzroy Gardens,501,42.6,1.0,-37.8148084,144.980999,ENV,REAL_501,Real sensor series - Fitzroy Gardens - board 501,42,real_sensor_board_501,17.868612371005536,0,normal
2015-03-19 13:10:00+00:00,17.1,Fitzroy Gardens,501,43.3,1.1,-37.8148084,144.980999,ENV,REAL_501,Real sensor series - Fitzroy Gardens - board 501,42,real_sensor_board_501,17.83488989680443,0,normal
2015-03-19 13:20:00+00:00,16.8,Fitzroy Gardens,501,42.9,1.0,-37.8148084,144.980999,ENV,REAL_501,Real sensor series - Fitzroy Gardens - board 501,42,real_sensor_board_501,17.807911917443544,0,normal
2015-03-19 13:30:00+00:00,16.1,Fitzroy Gardens,501,43.1,1.0,-37.8148084,144.980999,ENV,REAL_501,Real sensor series - Fitzroy Gardens - board 501,42,real_sensor_board_501,17.786329533954834,0,normal
2015-03-19 13:40:00+00:00,15.8,Fitzroy Gardens,501,43.7,0.9,-37.8148084,144.980999,ENV,REAL_501,Real sensor series - Fitzroy Gardens - board 501,42,real_sensor_board_501,17.769063627163867,0,normal
2015-03-19 14:00:00+00:00,15.5,Fitzroy Gardens,501,46.7,1.0,-37.8148084,144.980999,ENV,REAL_501,Real sensor series - Fitzroy Gardens - board 501,42,real_sensor_board_501,17.755250901731095,0,normal
2015-03-19 14:10:00+00:00,15.5,Fitzroy Gardens,501,45.9,0.9,-37.8148084,144.980999,ENV,REAL_501,Real sensor series - Fitzroy Gardens - board 501,42,real_sensor_board_501,17.74420072138488,0,normal
2015-03-19 14:20:00+00:00,15.5,Fitzroy Gardens,501,42.6,1.0,-37.8148084,144.980999,ENV,REAL_501,Real sensor series - Fitzroy Gardens - board 501,42,real_sensor_board_501,17.735360577107905,0,normal
2015-03-19 14:35:00+00:00,14.8,Fitzroy Gardens,501,47.0,1.0,-37.8148084,144.980999,ENV,REAL_501,Real sensor series - Fitzroy Gardens - board 501,42,real_sensor_board_501,17.728288461686326,0,normal
2015-03-19 14:45:00+00:00,14.5,Fitzroy Gardens,501,47.3,1.0,-37.8148084,144.980999,ENV,REAL_501,Real sensor series - Fitzroy Gardens - board 501,42,real_sensor_board_501,17.72263076934906,0,normal
2015-03-19 14:55:00+00:00,14.8,Fitzroy Gardens,501,47.8,0.9,-37.8148084,144.980999,ENV,REAL_501,Real sensor series - Fitzroy Gardens - board 501,42,real_sensor_board_501,17.71810461547925,1,weak_multivariate_excursion
2015-03-19 23:05:00+00:00,16.8,Fitzroy Gardens,501,53.3,92.2,-37.8148084,144.980999,ENV,REAL_501,Real sensor series - Fitzroy Gardens - board 501,42,real_sensor_board_501,17.7144836923834,1,weak_multivariate_excursion
2015-03-20 00:05:00+00:00,19.0,Fitzroy Gardens,501,40.6,94.0,-37.8148084,144.980999,ENV,REAL_501,Real sensor series - Fitzroy Gardens - board 501,42,real_sensor_board_501,17.71158695390672,1,weak_multivariate_excursion
2015-03-20 00:50:00+00:00,21.3,Fitzroy Gardens,501,38.4,95.7,-37.8148084,144.980999,ENV,REAL_501,Real sensor series - Fitzroy Gardens - board 501,42,real_sensor_board_501,17.849269563125375,1,weak_multivariate_excursion
2015-03-20 01:00:00+00:00,21.0,Fitzroy Gardens,501,37.6,95.8,-37.8148084,144.980999,ENV,REAL_501,Real sensor series - Fitzroy Gardens - board 501,42,real_sensor_board_501,17.9594156505003,1,weak_multivariate_excursion
2015-03-20 01:10:00+00:00,21.9,Fitzroy Gardens,501,37.4,96.1,-37.8148084,144.980999,ENV,REAL_501,Real sensor series - Fitzroy Gardens - board 501,42,real_sensor_board_501,18.16753252040024,0,normal
2015-03-20 01:20:00+00:00,21.6,Fitzroy Gardens,501,36.8,96.4,-37.8148084,144.980999,ENV,REAL_501,Real sensor series - Fitzroy Gardens - board 501,42,real_sensor_board_501,18.33402601632019,0,normal
2015-03-20 01:30:00+00:00,21.9,Fitzroy Gardens,501,37.6,96.6,-37.8148084,144.980999,ENV,REAL_501,Real sensor series - Fitzroy Gardens - board 501,42,real_sensor_board_501,18.467220813056155,0,normal
2015-03-20 01:40:00+00:00,22.6,Fitzroy Gardens,501,37.6,96.7,-37.8148084,144.980999,ENV,REAL_501,Real sensor series - Fitzroy Gardens - board 501,42,real_sensor_board_501,18.573776650444923,0,normal
2015-03-20 01:50:00+00:00,22.3,Fitzroy Gardens,501,37.1,96.8,-37.8148084,144.980999,ENV,REAL_501,Real sensor series - Fitzroy Gardens - board 501,42,real_sensor_board_501,18.65902132035594,0,normal
2015-03-20 02:00:00+00:00,22.9,Fitzroy Gardens,501,37.7,97.1,-37.8148084,144.980999,ENV,REAL_501,Real sensor series - Fitzroy Gardens - board 501,42,real_sensor_board_501,18.727217056284754,0,normal
2015-03-20 02:10:00+00:00,23.5,Fitzroy Gardens,501,37.3,97.3,-37.8148084,144.980999,ENV,REAL_501,Real sensor series - Fitzroy Gardens - board 501,42,real_sensor_board_501,18.781773645027805,1,weak_multivariate_excursion
2015-03-20 02:20:00+00:00,18.4,Fitzroy Gardens,501,38.7,92.3,-37.8148084,144.980999,ENV,REAL_501,Real sensor series - Fitzroy Gardens - board 501,42,real_sensor_board_501,18.825418916022244,1,weak_multivariate_excursion
2015-03-20 02:30:00+00:00,17.7,Fitzroy Gardens,501,38.4,93.8,-37.8148084,144.980999,ENV,REAL_501,Real sensor series - Fitzroy Gardens - board 501,42,real_sensor_board_501,18.860335132817795,1,weak_multivariate_excursion
2015-03-20 02:40:00+00:00,18.4,Fitzroy Gardens,501,38.0,95.0,-37.8148084,144.980999,ENV,REAL_501,Real sensor series - Fitzroy Gardens - board 501,42,real_sensor_board_501,18.888268106254237,0,normal
2015-03-20 02:50:00+00:00,21.0,Fitzroy Gardens,501,36.5,97.2,-37.8148084,144.980999,ENV,REAL_501,Real sensor series - Fitzroy Gardens - board 501,42,real_sensor_board_501,19.31061448500339,0,normal
2015-03-20 03:00:00+00:00,22.9,Fitzroy Gardens,501,32.2,97.0,-37.8148084,144.980999,ENV,REAL_501,Real sensor series - Fitzroy Gardens - board 501,42,real_sensor_board_501,19.648491588002713,0,normal
2015-03-20 03:10:00+00:00,23.2,Fitzroy Gardens,501,31.6,97.1,-37.8148084,144.980999,ENV,REAL_501,Real sensor series - Fitzroy Gardens - board 501,42,real_sensor_board_501,19.918793270402173,0,normal
2015-03-20 03:20:00+00:00,22.6,Fitzroy Gardens,501,33.6,97.1,-37.8148084,144.980999,ENV,REAL_501,Real sensor series - Fitzroy Gardens - board 501,42,real_sensor_board_501,20.19503461632174,0,normal
2015-03-20 03:30:00+00:00,23.2,Fitzroy Gardens,501,31.4,97.1,-37.8148084,144.980999,ENV,REAL_501,Real sensor series - Fitzroy Gardens - board 501,42,real_sensor_board_501,20.416027693057394,0,normal
2015-03-20 03:45:00+00:00,23.9,Fitzroy Gardens,501,31.4,97.1,-37.8148084,144.980999,ENV,REAL_501,Real sensor series - Fitzroy Gardens - board 501,42,real_sensor_board_501,20.652822154445918,1,weak_multivariate_excursion
2015-03-20 08:10:00+00:00,14.8,Fitzroy Gardens,501,43.4,79.2,-37.8148084,144.980999,ENV,REAL_501,Real sensor series - Fitzroy Gardens - board 501,42,real_sensor_board_501,20.842257723556735,1,weak_multivariate_excursion
2015-03-20 13:00:00+00:00,11.3,Fitzroy Gardens,501,64.4,0.9,-37.8148084,144.980999,ENV,REAL_501,Real sensor series - Fitzroy Gardens - board 501,42,real_sensor_board_501,21.053806178845388,1,weak_multivariate_excursion
2015-03-20 13:05:00+00:00,11.3,Fitzroy Gardens,501,68.8,0.9,-37.8148084,144.980999,ENV,REAL_501,Real sensor series - Fitzroy Gardens - board 501,42,real_sensor_board_501,21.22304494307631,1,weak_multivariate_excursion
2015-03-20 16:55:00+00:00,11.0,Fitzroy Gardens,501,73.2,0.9,-37.8148084,144.980999,ENV,REAL_501,Real sensor series - Fitzroy Gardens - board 501,42,real_sensor_board_501,21.358435954461047,1,weak_multivariate_excursion
2015-03-20 17:15:00+00:00,11.0,Fitzroy Gardens,501,70.1,0.8,-37.8148084,144.980999,ENV,REAL_501,Real sensor series - Fitzroy Gardens - board 501,42,real_sensor_board_501,21.466748763568837,1,weak_multivariate_excursion
2015-03-20 20:50:00+00:00,8.4,Fitzroy Gardens,501,84.7,76.6,-37.8148084,144.980999,ENV,REAL_501,Real sensor series - Fitzroy Gardens - board 501,42,real_sensor_board_501,21.55339901085507,1,weak_multivariate_excursion
2015-03-20 23:00:00+00:00,15.5,Fitzroy Gardens,501,40.1,95.3,-37.8148084,144.980999,ENV,REAL_501,Real sensor series - Fitzroy Gardens - board 501,42,real_sensor_board_501,21.622719208684057,1,weak_multivariate_excursion
2015-03-20 23:15:00+00:00,14.5,Fitzroy Gardens,501,40.6,92.0,-37.8148084,144.980999,ENV,REAL_501,Real sensor series - Fitzroy Gardens - board 501,42,real_sensor_board_501,21.818175366947244,1,weak_multivariate_excursion
2015-03-20 23:55:00+00:00,15.5,Fitzroy Gardens,501,39.3,92.0,-37.8148084,144.980999,ENV,REAL_501,Real sensor series - Fitzroy Gardens - board 501,42,real_sensor_board_501,22.034540293557797,1,weak_multivariate_excursion
2015-03-21 01:05:00+00:00,21.3,Fitzroy Gardens,501,34.4,95.8,-37.8148084,144.980999,ENV,REAL_501,Real sensor series - Fitzroy Gardens - board 501,42,real_sensor_board_501,22.207632234846237,1,weak_multivariate_excursion
2015-03-21 01:15:00+00:00,20.6,Fitzroy Gardens,501,34.4,96.1,-37.8148084,144.980999,ENV,REAL_501,Real sensor series - Fitzroy Gardens - board 501,42,real_sensor_board_501,22.346105787876994,1,weak_multivariate_excursion
2015-03-21 01:25:00+00:00,21.9,Fitzroy Gardens,501,33.0,96.4,-37.8148084,144.980999,ENV,REAL_501,Real sensor series - Fitzroy Gardens - board 501,42,real_sensor_board_501,22.516884630301597,0,normal
2015-03-21 01:35:00+00:00,22.9,Fitzroy Gardens,501,32.7,96.6,-37.8148084,144.980999,ENV,REAL_501,Real sensor series - Fitzroy Gardens - board 501,42,real_sensor_board_501,22.653507704241278,0,normal
2015-03-21 01:45:00+00:00,22.9,Fitzroy Gardens,501,31.1,96.7,-37.8148084,144.980999,ENV,REAL_501,Real sensor series - Fitzroy Gardens - board 501,42,real_sensor_board_501,22.902806163393024,0,normal
2015-03-21 01:55:00+00:00,24.2,Fitzroy Gardens,501,31.0,96.8,-37.8148084,144.980999,ENV,REAL_501,Real sensor series - Fitzroy Gardens - board 501,42,real_sensor_board_501,23.10224493071442,0,normal
2015-03-21 02:05:00+00:00,24.8,Fitzroy Gardens,501,33.5,96.8,-37.8148084,144.980999,ENV,REAL_501,Real sensor series - Fitzroy Gardens - board 501,42,real_sensor_board_501,23.321795944571537,0,normal
2015-03-21 02:15:00+00:00,24.5,Fitzroy Gardens,501,30.6,96.9,-37.8148084,144.980999,ENV,REAL_501,Real sensor series - Fitzroy Gardens - board 501,42,real_sensor_board_501,23.49743675565723,0,normal
2015-03-21 02:25:00+00:00,25.5,Fitzroy Gardens,501,28.6,96.9,-37.8148084,144.980999,ENV,REAL_501,Real sensor series - Fitzroy Gardens - board 501,42,real_sensor_board_501,23.697949404525787,0,normal
2015-03-21 02:40:00+00:00,24.2,Fitzroy Gardens,501,30.8,96.9,-37.8148084,144.980999,ENV,REAL_501,Real sensor series - Fitzroy Gardens - board 501,42,real_sensor_board_501,23.91835952362063,0,normal
2015-03-21 02:50:00+00:00,23.9,Fitzroy Gardens,501,27.6,96.9,-37.8148084,144.980999,ENV,REAL_501,Real sensor series - Fitzroy Gardens - board 501,42,real_sensor_board_501,24.094687618896504,0,normal
2015-03-21 03:00:00+00:00,25.2,Fitzroy Gardens,501,27.8,97.0,-37.8148084,144.980999,ENV,REAL_501,Real sensor series - Fitzroy Gardens - board 501,42,real_sensor_board_501,24.235750095117204,0,normal
2015-03-21 03:10:00+00:00,24.8,Fitzroy Gardens,501,28.0,97.0,-37.8148084,144.980999,ENV,REAL_501,Real sensor series - Fitzroy Gardens - board 501,42,real_sensor_board_501,24.348600076093767,0,normal
2015-03-21 03:20:00+00:00,25.2,Fitzroy Gardens,501,28.7,97.0,-37.8148084,144.980999,ENV,REAL_501,Real sensor series - Fitzroy Gardens - board 501,42,real_sensor_board_501,24.438880060875015,0,normal
2015-03-21 03:30:00+00:00,25.8,Fitzroy Gardens,501,25.7,97.1,-37.8148084,144.980999,ENV,REAL_501,Real sensor series - Fitzroy Gardens - board 501,42,real_sensor_board_501,24.511104048700012,0,normal
2015-03-21 03:40:00+00:00,24.8,Fitzroy Gardens,501,26.7,97.1,-37.8148084,144.980999,ENV,REAL_501,Real sensor series - Fitzroy Gardens - board 501,42,real_sensor_board_501,24.568883238960012,0,normal
2015-03-21 03:50:00+00:00,26.8,Fitzroy Gardens,501,27.3,97.1,-37.8148084,144.980999,ENV,REAL_501,Real sensor series - Fitzroy Gardens - board 501,42,real_sensor_board_501,24.61510659116801,0,normal
2015-03-21 05:00:00+00:00,25.8,Fitzroy Gardens,501,29.1,97.4,-37.8148084,144.980999,ENV,REAL_501,Real sensor series - Fitzroy Gardens - board 501,42,real_sensor_board_501,24.65208527293441,0,normal
2015-03-21 05:10:00+00:00,25.8,Fitzroy Gardens,501,29.8,97.4,-37.8148084,144.980999,ENV,REAL_501,Real sensor series - Fitzroy Gardens - board 501,42,real_sensor_board_501,24.681668218347532,0,normal
2015-03-21 05:20:00+00:00,26.1,Fitzroy Gardens,501,29.7,97.5,-37.8148084,144.980999,ENV,REAL_501,Real sensor series - Fitzroy Gardens - board 501,42,real_sensor_board_501,24.705334574678027,0,normal
2015-03-21 05:30:00+00:00,25.8,Fitzroy Gardens,501,31.1,97.5,-37.8148084,144.980999,ENV,REAL_501,Real sensor series - Fitzroy Gardens - board 501,42,real_sensor_board_501,24.724267659742424,0,normal
2015-03-21 05:40:00+00:00,25.2,Fitzroy Gardens,501,31.6,97.6,-37.8148084,144.980999,ENV,REAL_501,Real sensor series - Fitzroy Gardens - board 501,42,real_sensor_board_501,24.739414127793943,0,normal
2015-03-21 05:55:00+00:00,25.5,Fitzroy Gardens,501,31.6,97.6,-37.8148084,144.980999,ENV,REAL_501,Real sensor series - Fitzroy Gardens - board 501,42,real_sensor_board_501,24.751531302235158,0,normal
2015-03-21 06:05:00+00:00,25.8,Fitzroy Gardens,501,29.7,97.7,-37.8148084,144.980999,ENV,REAL_501,Real sensor series - Fitzroy Gardens - board 501,42,real_sensor_board_501,24.76122504178813,0,normal
2015-03-21 06:15:00+00:00,24.8,Fitzroy Gardens,501,34.1,97.7,-37.8148084,144.980999,ENV,REAL_501,Real sensor series - Fitzroy Gardens - board 501,42,real_sensor_board_501,24.708980033430507,0,normal
2015-03-21 06:25:00+00:00,23.9,Fitzroy Gardens,501,35.8,97.7,-37.8148084,144.980999,ENV,REAL_501,Real sensor series - Fitzroy Gardens - board 501,42,real_sensor_board_501,24.66718402674441,0,normal
2015-03-21 06:35:00+00:00,24.8,Fitzroy Gardens,501,33.3,97.7,-37.8148084,144.980999,ENV,REAL_501,Real sensor series - Fitzroy Gardens - board 501,42,real_sensor_board_501,24.63374722139553,0,normal
2015-03-21 06:45:00+00:00,23.5,Fitzroy Gardens,501,34.9,97.7,-37.8148084,144.980999,ENV,REAL_501,Real sensor series - Fitzroy Gardens - board 501,42,real_sensor_board_501,24.546997777116427,0,normal
2015-03-21 06:55:00+00:00,22.9,Fitzroy Gardens,501,35.7,97.6,-37.8148084,144.980999,ENV,REAL_501,Real sensor series - Fitzroy Gardens - board 501,42,real_sensor_board_501,24.417598221693144,1,weak_multivariate_excursion
2015-03-21 07:05:00+00:00,20.3,Fitzroy Gardens,501,39.8,91.9,-37.8148084,144.980999,ENV,REAL_501,Real sensor series - Fitzroy Gardens - board 501,42,real_sensor_board_501,24.234078577354516,1,weak_multivariate_excursion
2015-03-21 07:15:00+00:00,19.0,Fitzroy Gardens,501,41.8,91.0,-37.8148084,144.980999,ENV,REAL_501,Real sensor series - Fitzroy Gardens - board 501,42,real_sensor_board_501,24.087262861883612,1,weak_multivariate_excursion
2015-03-21 07:25:00+00:00,18.7,Fitzroy Gardens,501,42.1,87.9,-37.8148084,144.980999,ENV,REAL_501,Real sensor series - Fitzroy Gardens - board 501,42,real_sensor_board_501,23.909810289506893,1,weak_multivariate_excursion
2015-03-21 07:35:00+00:00,17.7,Fitzroy Gardens,501,45.0,86.0,-37.8148084,144.980999,ENV,REAL_501,Real sensor series - Fitzroy Gardens - board 501,42,real_sensor_board_501,23.707848231605517,1,weak_multivariate_excursion
2015-03-21 07:55:00+00:00,17.1,Fitzroy Gardens,501,46.9,82.6,-37.8148084,144.980999,ENV,REAL_501,Real sensor series - Fitzroy Gardens - board 501,42,real_sensor_board_501,23.426278585284415,1,weak_multivariate_excursion
2015-03-22 08:35:00+00:00,24.5,Fitzroy Gardens,501,29.8,31.1,-37.8148084,144.980999,ENV,REAL_501,Real sensor series - Fitzroy Gardens - board 501,42,real_sensor_board_501,23.12102286822753,1,weak_multivariate_excursion
2015-03-22 08:55:00+00:00,24.2,Fitzroy Gardens,501,29.8,1.5,-37.8148084,144.980999,ENV,REAL_501,Real sensor series - Fitzroy Gardens - board 501,42,real_sensor_board_501,22.876818294582023,1,weak_multivariate_excursion
2015-03-22 09:05:00+00:00,23.5,Fitzroy Gardens,501,30.3,0.9,-37.8148084,144.980999,ENV,REAL_501,Real sensor series - Fitzroy Gardens - board 501,42,real_sensor_board_501,22.621454635665618,1,weak_multivariate_excursion
2015-03-22 09:15:00+00:00,23.2,Fitzroy Gardens,501,30.2,0.8,-37.8148084,144.980999,ENV,REAL_501,Real sensor series - Fitzroy Gardens - board 501,42,real_sensor_board_501,22.417163708532495,0,normal
2015-03-22 09:35:00+00:00,21.9,Fitzroy Gardens,501,33.3,0.8,-37.8148084,144.980999,ENV,REAL_501,Real sensor series - Fitzroy Gardens - board 501,42,real_sensor_board_501,22.133730966825997,0,normal
2015-03-22 09:45:00+00:00,22.3,Fitzroy Gardens,501,32.5,0.8,-37.8148084,144.980999,ENV,REAL_501,Real sensor series - Fitzroy Gardens - board 501,42,real_sensor_board_501,21.9069847734608,0,normal
2015-03-22 09:55:00+00:00,21.9,Fitzroy Gardens,501,32.8,0.8,-37.8148084,144.980999,ENV,REAL_501,Real sensor series - Fitzroy Gardens - board 501,42,real_sensor_board_501,21.725587818768638,0,normal
2015-03-22 10:05:00+00:00,21.6,Fitzroy Gardens,501,33.8,0.8,-37.8148084,144.980999,ENV,REAL_501,Real sensor series - Fitzroy Gardens - board 501,42,real_sensor_board_501,21.50047025501491,0,normal
2015-03-22 10:15:00+00:00,21.6,Fitzroy Gardens,501,33.9,0.8,-37.8148084,144.980999,ENV,REAL_501,Real sensor series - Fitzroy Gardens - board 501,42,real_sensor_board_501,21.260376204011926,0,normal
2015-03-22 10:25:00+00:00,21.0,Fitzroy Gardens,501,34.7,0.7,-37.8148084,144.980999,ENV,REAL_501,Real sensor series - Fitzroy Gardens - board 501,42,real_sensor_board_501,21.068300963209545,0,normal
2015-03-22 10:35:00+00:00,20.6,Fitzroy Gardens,501,34.6,0.8,-37.8148084,144.980999,ENV,REAL_501,Real sensor series - Fitzroy Gardens - board 501,42,real_sensor_board_501,20.854640770567638,0,normal
2015-03-22 10:45:00+00:00,21.0,Fitzroy Gardens,501,34.7,0.7,-37.8148084,144.980999,ENV,REAL_501,Real sensor series - Fitzroy Gardens - board 501,42,real_sensor_board_501,20.56371261645411,0,normal
2015-03-22 10:55:00+00:00,21.0,Fitzroy Gardens,501,34.9,0.7,-37.8148084,144.980999,ENV,REAL_501,Real sensor series - Fitzroy Gardens - board 501,42,real_sensor_board_501,20.330970093163288,0,normal
2015-03-22 11:10:00+00:00,20.3,Fitzroy Gardens,501,36.0,0.8,-37.8148084,144.980999,ENV,REAL_501,Real sensor series - Fitzroy Gardens - board 501,42,real_sensor_board_501,20.14477607453063,0,normal
2015-03-22 11:20:00+00:00,20.0,Fitzroy Gardens,501,36.9,0.8,-37.8148084,144.980999,ENV,REAL_501,Real sensor series - Fitzroy Gardens - board 501,42,real_sensor_board_501,19.9958208596245,0,normal
2015-03-22 11:30:00+00:00,19.4,Fitzroy Gardens,501,37.9,0.8,-37.8148084,144.980999,ENV,REAL_501,Real sensor series - Fitzroy Gardens - board 501,42,real_sensor_board_501,19.996656687699602,0,normal
2015-03-22 11:40:00+00:00,19.0,Fitzroy Gardens,501,38.4,0.8,-37.8148084,144.980999,ENV,REAL_501,Real sensor series - Fitzroy Gardens - board 501,42,real_sensor_board_501,19.997325350159684,1,weak_multivariate_excursion
2015-03-22 11:50:00+00:00,17.1,Fitzroy Gardens,501,92.8,0.8,-37.8148084,144.980999,ENV,REAL_501,Real sensor series - Fitzroy Gardens - board 501,42,real_sensor_board_501,19.997860280127746,1,weak_multivariate_excursion
2015-03-22 12:10:00+00:00,18.7,Fitzroy Gardens,501,41.2,0.8,-37.8148084,144.980999,ENV,REAL_501,Real sensor series - Fitzroy Gardens - board 501,42,real_sensor_board_501,19.998288224102197,1,weak_multivariate_excursion
2015-03-22 13:00:00+00:00,18.4,Fitzroy Gardens,501,41.0,0.8,-37.8148084,144.980999,ENV,REAL_501,Real sensor series - Fitzroy Gardens - board 501,42,real_sensor_board_501,19.99863057928176,0,normal
2015-03-22 13:10:00+00:00,17.1,Fitzroy Gardens,501,44.2,0.8,-37.8148084,144.980999,ENV,REAL_501,Real sensor series - Fitzroy Gardens - board 501,42,real_sensor_board_501,19.998904463425408,0,normal
2015-03-22 13:20:00+00:00,16.8,Fitzroy Gardens,501,45.8,0.8,-37.8148084,144.980999,ENV,REAL_501,Real sensor series - Fitzroy Gardens - board 501,42,real_sensor_board_501,19.999123570740327,0,normal
2015-03-22 13:30:00+00:00,17.4,Fitzroy Gardens,501,44.0,0.8,-37.8148084,144.980999,ENV,REAL_501,Real sensor series - Fitzroy Gardens - board 501,42,real_sensor_board_501,19.99929885659226,0,normal
2015-03-22 13:40:00+00:00,16.8,Fitzroy Gardens,501,46.9,0.8,-37.8148084,144.980999,ENV,REAL_501,Real sensor series - Fitzroy Gardens - board 501,42,real_sensor_board_501,19.99943908527381,0,normal
2015-03-22 13:50:00+00:00,16.5,Fitzroy Gardens,501,51.3,0.8,-37.8148084,144.980999,ENV,REAL_501,Real sensor series - Fitzroy Gardens - board 501,42,real_sensor_board_501,19.99955126821905,0,normal
2015-03-22 14:00:00+00:00,16.1,Fitzroy Gardens,501,55.2,0.7,-37.8148084,144.980999,ENV,REAL_501,Real sensor series - Fitzroy Gardens - board 501,42,real_sensor_board_501,19.99964101457524,0,normal
2015-03-22 14:10:00+00:00,16.1,Fitzroy Gardens,501,50.5,0.7,-37.8148084,144.980999,ENV,REAL_501,Real sensor series - Fitzroy Gardens - board 501,42,real_sensor_board_501,19.999712811660192,0,normal
2015-03-22 15:55:00+00:00,17.1,Fitzroy Gardens,501,46.9,0.7,-37.8148084,144.980999,ENV,REAL_501,Real sensor series - Fitzroy Gardens - board 501,42,real_sensor_board_501,19.999770249328154,0,normal
2015-03-22 18:10:00+00:00,18.7,Fitzroy Gardens,501,45.9,0.8,-37.8148084,144.980999,ENV,REAL_501,Real sensor series - Fitzroy Gardens - board 501,42,real_sensor_board_501,19.999816199462522,0,normal
2015-03-22 18:20:00+00:00,19.4,Fitzroy Gardens,501,47.2,0.8,-37.8148084,144.980999,ENV,REAL_501,Real sensor series - Fitzroy Gardens - board 501,42,real_sensor_board_501,19.99985295957002,0,normal
2015-03-22 18:30:00+00:00,20.6,Fitzroy Gardens,501,47.2,0.8,-37.8148084,144.980999,ENV,REAL_501,Real sensor series - Fitzroy Gardens - board 501,42,real_sensor_board_501,19.999882367656017,0,normal
2015-03-22 18:40:00+00:00,21.3,Fitzroy Gardens,501,47.0,0.8,-37.8148084,144.980999,ENV,REAL_501,Real sensor series - Fitzroy Gardens - board 501,42,real_sensor_board_501,19.999905894124815,0,normal
2015-03-22 18:50:00+00:00,21.0,Fitzroy Gardens,501,47.7,0.8,-37.8148084,144.980999,ENV,REAL_501,Real sensor series - Fitzroy Gardens - board 501,42,real_sensor_board_501,20.059924715299854,0,normal
2015-03-22 19:00:00+00:00,21.9,Fitzroy Gardens,501,46.2,0.8,-37.8148084,144.980999,ENV,REAL_501,Real sensor series - Fitzroy Gardens - board 501,42,real_sensor_board_501,20.167939772239883,0,normal
2015-03-22 19:10:00+00:00,21.6,Fitzroy Gardens,501,46.9,0.8,-37.8148084,144.980999,ENV,REAL_501,Real sensor series - Fitzroy Gardens - board 501,42,real_sensor_board_501,20.254351817791907,0,normal
2015-03-22 19:20:00+00:00,21.9,Fitzroy Gardens,501,46.7,0.8,-37.8148084,144.980999,ENV,REAL_501,Real sensor series - Fitzroy Gardens - board 501,42,real_sensor_board_501,20.403481454233525,0,normal
2015-03-22 19:30:00+00:00,21.9,Fitzroy Gardens,501,46.7,0.8,-37.8148084,144.980999,ENV,REAL_501,Real sensor series - Fitzroy Gardens - board 501,42,real_sensor_board_501,20.52278516338682,0,normal
2015-03-22 19:40:00+00:00,21.9,Fitzroy Gardens,501,47.3,0.9,-37.8148084,144.980999,ENV,REAL_501,Real sensor series - Fitzroy Gardens - board 501,42,real_sensor_board_501,20.67822813070946,0,normal
2015-03-22 19:50:00+00:00,21.9,Fitzroy Gardens,501,47.3,0.9,-37.8148084,144.980999,ENV,REAL_501,Real sensor series - Fitzroy Gardens - board 501,42,real_sensor_board_501,20.86258250456757,1,weak_multivariate_excursion
2015-03-22 23:05:00+00:00,21.9,Fitzroy Gardens,501,48.5,83.4,-37.8148084,144.980999,ENV,REAL_501,Real sensor series - Fitzroy Gardens - board 501,42,real_sensor_board_501,21.010066003654057,1,weak_multivariate_excursion
2015-03-22 23:15:00+00:00,21.9,Fitzroy Gardens,501,48.3,83.5,-37.8148084,144.980999,ENV,REAL_501,Real sensor series - Fitzroy Gardens - board 501,42,real_sensor_board_501,21.128052802923246,1,weak_multivariate_excursion
2015-03-22 23:25:00+00:00,21.6,Fitzroy Gardens,501,49.4,81.9,-37.8148084,144.980999,ENV,REAL_501,Real sensor series - Fitzroy Gardens - board 501,42,real_sensor_board_501,21.282442242338597,0,normal
2015-03-22 23:35:00+00:00,20.6,Fitzroy Gardens,501,55.2,79.7,-37.8148084,144.980999,ENV,REAL_501,Real sensor series - Fitzroy Gardens - board 501,42,real_sensor_board_501,21.40595379387088,0,normal
2015-03-22 23:45:00+00:00,20.3,Fitzroy Gardens,501,65.2,82.7,-37.8148084,144.980999,ENV,REAL_501,Real sensor series - Fitzroy Gardens - board 501,42,real_sensor_board_501,21.5047630350967,0,normal
2015-03-23 01:00:00+00:00,20.0,Fitzroy Gardens,501,72.4,85.4,-37.8148084,144.980999,ENV,REAL_501,Real sensor series - Fitzroy Gardens - board 501,42,real_sensor_board_501,21.58381042807736,0,normal
2015-03-23 01:10:00+00:00,20.0,Fitzroy Gardens,501,79.2,87.0,-37.8148084,144.980999,ENV,REAL_501,Real sensor series - Fitzroy Gardens - board 501,42,real_sensor_board_501,21.647048342461886,0,normal
2015-03-23 01:20:00+00:00,21.0,Fitzroy Gardens,501,63.3,91.0,-37.8148084,144.980999,ENV,REAL_501,Real sensor series - Fitzroy Gardens - board 501,42,real_sensor_board_501,21.697638673969507,0,normal
2015-03-23 01:30:00+00:00,21.6,Fitzroy Gardens,501,48.3,89.5,-37.8148084,144.980999,ENV,REAL_501,Real sensor series - Fitzroy Gardens - board 501,42,real_sensor_board_501,21.738110939175606,0,normal
2015-03-23 01:40:00+00:00,22.6,Fitzroy Gardens,501,40.3,93.7,-37.8148084,144.980999,ENV,REAL_501,Real sensor series - Fitzroy Gardens - board 501,42,real_sensor_board_501,21.910488751340484,0,normal
2015-03-23 01:50:00+00:00,22.9,Fitzroy Gardens,501,39.2,90.7,-37.8148084,144.980999,ENV,REAL_501,Real sensor series - Fitzroy Gardens - board 501,42,real_sensor_board_501,22.04839100107239,0,normal
2015-03-23 02:00:00+00:00,23.2,Fitzroy Gardens,501,39.2,92.1,-37.8148084,144.980999,ENV,REAL_501,Real sensor series - Fitzroy Gardens - board 501,42,real_sensor_board_501,22.158712800857913,0,normal
2015-03-23 02:10:00+00:00,23.5,Fitzroy Gardens,501,34.4,90.8,-37.8148084,144.980999,ENV,REAL_501,Real sensor series - Fitzroy Gardens - board 501,42,real_sensor_board_501,22.24697024068633,0,normal
2015-03-23 02:20:00+00:00,23.5,Fitzroy Gardens,501,32.2,89.3,-37.8148084,144.980999,ENV,REAL_501,Real sensor series - Fitzroy Gardens - board 501,42,real_sensor_board_501,22.317576192549065,0,normal
2015-03-23 02:30:00+00:00,23.5,Fitzroy Gardens,501,32.5,86.3,-37.8148084,144.980999,ENV,REAL_501,Real sensor series - Fitzroy Gardens - board 501,42,real_sensor_board_501,22.37406095403925,0,normal
2015-03-23 02:40:00+00:00,23.5,Fitzroy Gardens,501,32.1,86.3,-37.8148084,144.980999,ENV,REAL_501,Real sensor series - Fitzroy Gardens - board 501,42,real_sensor_board_501,22.4192487632314,1,weak_multivariate_excursion
2015-03-23 02:50:00+00:00,24.2,Fitzroy Gardens,501,32.5,90.9,-37.8148084,144.980999,ENV,REAL_501,Real sensor series - Fitzroy Gardens - board 501,42,real_sensor_board_501,22.455399010585122,1,weak_multivariate_excursion
2015-03-23 03:00:00+00:00,24.5,Fitzroy Gardens,501,33.6,92.4,-37.8148084,144.980999,ENV,REAL_501,Real sensor series - Fitzroy Gardens - board 501,42,real_sensor_board_501,22.484319208468097,1,weak_multivariate_excursion
2015-03-23 03:15:00+00:00,24.8,Fitzroy Gardens,501,33.5,92.1,-37.8148084,144.980999,ENV,REAL_501,Real sensor series - Fitzroy Gardens - board 501,42,real_sensor_board_501,22.50745536677448,0,normal
2015-03-23 03:25:00+00:00,25.2,Fitzroy Gardens,501,33.3,92.1,-37.8148084,144.980999,ENV,REAL_501,Real sensor series - Fitzroy Gardens - board 501,42,real_sensor_board_501,22.525964293419584,1,weak_multivariate_excursion
2015-03-23 03:35:00+00:00,24.2,Fitzroy Gardens,501,36.8,87.8,-37.8148084,144.980999,ENV,REAL_501,Real sensor series - Fitzroy Gardens - board 501,42,real_sensor_board_501,22.540771434735667,1,weak_multivariate_excursion
2015-03-23 03:45:00+00:00,24.5,Fitzroy Gardens,501,36.9,90.1,-37.8148084,144.980999,ENV,REAL_501,Real sensor series - Fitzroy Gardens - board 501,42,real_sensor_board_501,22.552617147788535,1,weak_multivariate_excursion
2015-03-23 05:05:00+00:00,26.8,Fitzroy Gardens,501,36.2,95.4,-37.8148084,144.980999,ENV,REAL_501,Real sensor series - Fitzroy Gardens - board 501,42,real_sensor_board_501,22.562093718230827,1,weak_multivariate_excursion
2015-03-23 05:15:00+00:00,26.8,Fitzroy Gardens,501,35.8,95.1,-37.8148084,144.980999,ENV,REAL_501,Real sensor series - Fitzroy Gardens - board 501,42,real_sensor_board_501,22.56967497458466,1,weak_multivariate_excursion
2015-03-23 05:25:00+00:00,26.1,Fitzroy Gardens,501,37.7,87.6,-37.8148084,144.980999,ENV,REAL_501,Real sensor series - Fitzroy Gardens - board 501,42,real_sensor_board_501,22.57573997966773,1,weak_multivariate_excursion
2015-03-23 05:35:00+00:00,22.3,Fitzroy Gardens,501,50.2,86.5,-37.8148084,144.980999,ENV,REAL_501,Real sensor series - Fitzroy Gardens - board 501,42,real_sensor_board_501,22.520591983734185,1,weak_multivariate_excursion
2015-03-23 05:45:00+00:00,21.9,Fitzroy Gardens,501,51.4,88.2,-37.8148084,144.980999,ENV,REAL_501,Real sensor series - Fitzroy Gardens - board 501,42,real_sensor_board_501,22.396473586987348,0,normal
2015-03-23 05:55:00+00:00,21.6,Fitzroy Gardens,501,54.1,92.3,-37.8148084,144.980999,ENV,REAL_501,Real sensor series - Fitzroy Gardens - board 501,42,real_sensor_board_501,22.297178869589878,1,weak_multivariate_excursion
2015-03-23 06:05:00+00:00,21.3,Fitzroy Gardens,501,58.7,85.5,-37.8148084,144.980999,ENV,REAL_501,Real sensor series - Fitzroy Gardens - board 501,42,real_sensor_board_501,22.157743095671904,1,weak_multivariate_excursion
2015-03-23 06:15:00+00:00,21.3,Fitzroy Gardens,501,57.9,90.3,-37.8148084,144.980999,ENV,REAL_501,Real sensor series - Fitzroy Gardens - board 501,42,real_sensor_board_501,22.046194476537526,1,weak_multivariate_excursion
2015-03-23 06:30:00+00:00,21.3,Fitzroy Gardens,501,57.1,86.9,-37.8148084,144.980999,ENV,REAL_501,Real sensor series - Fitzroy Gardens - board 501,42,real_sensor_board_501,21.896955581230024,0,normal
2015-03-23 06:40:00+00:00,21.3,Fitzroy Gardens,501,54.6,83.4,-37.8148084,144.980999,ENV,REAL_501,Real sensor series - Fitzroy Gardens - board 501,42,real_sensor_board_501,21.77756446498402,1,weak_multivariate_excursion
2015-03-23 06:50:00+00:00,21.6,Fitzroy Gardens,501,46.1,90.9,-37.8148084,144.980999,ENV,REAL_501,Real sensor series - Fitzroy Gardens - board 501,42,real_sensor_board_501,21.68205157198722,1,weak_multivariate_excursion
2015-03-23 07:00:00+00:00,21.9,Fitzroy Gardens,501,47.2,93.5,-37.8148084,144.980999,ENV,REAL_501,Real sensor series - Fitzroy Gardens - board 501,42,real_sensor_board_501,21.605641257589777,1,weak_multivariate_excursion
2015-03-23 07:10:00+00:00,21.0,Fitzroy Gardens,501,48.5,90.4,-37.8148084,144.980999,ENV,REAL_501,Real sensor series - Fitzroy Gardens - board 501,42,real_sensor_board_501,21.484513006071822,0,normal
2015-03-23 07:20:00+00:00,20.6,Fitzroy Gardens,501,47.8,88.0,-37.8148084,144.980999,ENV,REAL_501,Real sensor series - Fitzroy Gardens - board 501,42,real_sensor_board_501,21.30761040485746,0,normal
2015-03-23 07:30:00+00:00,20.3,Fitzroy Gardens,501,46.2,84.6,-37.8148084,144.980999,ENV,REAL_501,Real sensor series - Fitzroy Gardens - board 501,42,real_sensor_board_501,21.10608832388597,0,normal
2015-03-23 07:40:00+00:00,20.0,Fitzroy Gardens,501,46.9,84.2,-37.8148084,144.980999,ENV,REAL_501,Real sensor series - Fitzroy Gardens - board 501,42,real_sensor_board_501,20.94487065910878,0,normal
2015-03-23 07:50:00+00:00,20.3,Fitzroy Gardens,501,41.2,82.7,-37.8148084,144.980999,ENV,REAL_501,Real sensor series - Fitzroy Gardens - board 501,42,real_sensor_board_501,20.755896527287025,1,weak_multivariate_excursion
2015-03-23 08:20:00+00:00,19.0,Fitzroy Gardens,501,43.9,45.7,-37.8148084,144.980999,ENV,REAL_501,Real sensor series - Fitzroy Gardens - board 501,42,real_sensor_board_501,20.40471722182962,1,weak_multivariate_excursion
2015-03-23 08:40:00+00:00,17.4,Fitzroy Gardens,501,72.9,5.8,-37.8148084,144.980999,ENV,REAL_501,Real sensor series - Fitzroy Gardens - board 501,42,real_sensor_board_501,19.803773777463697,1,weak_multivariate_excursion
2015-03-23 09:00:00+00:00,17.1,Fitzroy Gardens,501,75.3,1.1,-37.8148084,144.980999,ENV,REAL_501,Real sensor series - Fitzroy Gardens - board 501,42,real_sensor_board_501,19.26301902197096,1,weak_multivariate_excursion
2015-03-23 09:10:00+00:00,17.1,Fitzroy Gardens,501,74.8,1.1,-37.8148084,144.980999,ENV,REAL_501,Real sensor series - Fitzroy Gardens - board 501,42,real_sensor_board_501,18.830415217576768,1,weak_multivariate_excursion
2015-03-23 09:20:00+00:00,17.1,Fitzroy Gardens,501,75.4,1.1,-37.8148084,144.980999,ENV,REAL_501,Real sensor series - Fitzroy Gardens - board 501,42,real_sensor_board_501,18.484332174061414,0,normal
2015-03-23 09:30:00+00:00,16.8,Fitzroy Gardens,501,74.5,1.1,-37.8148084,144.980999,ENV,REAL_501,Real sensor series - Fitzroy Gardens - board 501,42,real_sensor_board_501,18.207465739249134,0,normal
2015-03-23 09:45:00+00:00,16.8,Fitzroy Gardens,501,74.6,1.1,-37.8148084,144.980999,ENV,REAL_501,Real sensor series - Fitzroy Gardens - board 501,42,real_sensor_board_501,17.98597259139931,0,normal
2015-03-23 09:55:00+00:00,16.5,Fitzroy Gardens,501,73.8,1.1,-37.8148084,144.980999,ENV,REAL_501,Real sensor series - Fitzroy Gardens - board 501,42,real_sensor_board_501,17.80877807311945,0,normal
2015-03-23 10:05:00+00:00,16.1,Fitzroy Gardens,501,74.0,1.1,-37.8148084,144.980999,ENV,REAL_501,Real sensor series - Fitzroy Gardens - board 501,42,real_sensor_board_501,17.66702245849556,1,weak_multivariate_excursion
2015-03-23 12:25:00+00:00,13.9,Fitzroy Gardens,501,99.2,0.9,-37.8148084,144.980999,ENV,REAL_501,Real sensor series - Fitzroy Gardens - board 501,42,real_sensor_board_501,17.55361796679645,1,weak_multivariate_excursion
2015-03-23 13:00:00+00:00,14.2,Fitzroy Gardens,501,86.9,0.9,-37.8148084,144.980999,ENV,REAL_501,Real sensor series - Fitzroy Gardens - board 501,42,real_sensor_board_501,17.46289437343716,1,weak_multivariate_excursion
2015-03-23 16:15:00+00:00,13.5,Fitzroy Gardens,501,66.7,0.8,-37.8148084,144.980999,ENV,REAL_501,Real sensor series - Fitzroy Gardens - board 501,42,real_sensor_board_501,17.39031549874973,0,normal
2015-03-23 16:55:00+00:00,13.2,Fitzroy Gardens,501,64.4,0.9,-37.8148084,144.980999,ENV,REAL_501,Real sensor series - Fitzroy Gardens - board 501,42,real_sensor_board_501,17.332252398999785,1,weak_multivariate_excursion
2015-03-25 08:15:00+00:00,15.2,Fitzroy Gardens,501,47.3,67.2,-37.8148084,144.980999,ENV,REAL_501,Real sensor series - Fitzroy Gardens - board 501,42,real_sensor_board_501,17.28580191919983,1,weak_multivariate_excursion
2015-03-25 13:05:00+00:00,12.9,Fitzroy Gardens,501,34.3,0.9,-37.8148084,144.980999,ENV,REAL_501,Real sensor series - Fitzroy Gardens - board 501,42,real_sensor_board_501,17.248641535359866,1,weak_multivariate_excursion
2015-03-26 00:30:00+00:00,14.2,Fitzroy Gardens,501,35.8,94.4,-37.8148084,144.980999,ENV,REAL_501,Real sensor series - Fitzroy Gardens - board 501,42,real_sensor_board_501,17.218913228287896,1,weak_multivariate_excursion
2015-03-26 00:50:00+00:00,15.5,Fitzroy Gardens,501,33.8,94.6,-37.8148084,144.980999,ENV,REAL_501,Real sensor series - Fitzroy Gardens - board 501,42,real_sensor_board_501,17.19513058263032,1,weak_multivariate_excursion
2015-03-26 01:00:00+00:00,15.2,Fitzroy Gardens,501,32.4,95.1,-37.8148084,144.980999,ENV,REAL_501,Real sensor series - Fitzroy Gardens - board 501,42,real_sensor_board_501,17.176104466104256,0,normal
2015-03-26 01:10:00+00:00,18.7,Fitzroy Gardens,501,31.3,95.8,-37.8148084,144.980999,ENV,REAL_501,Real sensor series - Fitzroy Gardens - board 501,42,real_sensor_board_501,17.100883572883404,0,normal
2015-03-26 01:20:00+00:00,19.4,Fitzroy Gardens,501,30.0,96.2,-37.8148084,144.980999,ENV,REAL_501,Real sensor series - Fitzroy Gardens - board 501,42,real_sensor_board_501,17.040706858306724,0,normal
2015-03-26 01:30:00+00:00,20.0,Fitzroy Gardens,501,29.5,96.5,-37.8148084,144.980999,ENV,REAL_501,Real sensor series - Fitzroy Gardens - board 501,42,real_sensor_board_501,16.99256548664538,0,normal
2015-03-26 01:55:00+00:00,18.1,Fitzroy Gardens,501,29.7,94.9,-37.8148084,144.980999,ENV,REAL_501,Real sensor series - Fitzroy Gardens - board 501,42,real_sensor_board_501,16.894052389316304,1,weak_multivariate_excursion
2015-03-26 02:05:00+00:00,20.3,Fitzroy Gardens,501,26.9,97.0,-37.8148084,144.980999,ENV,REAL_501,Real sensor series - Fitzroy Gardens - board 501,42,real_sensor_board_501,16.815241911453043,1,weak_multivariate_excursion
2015-03-26 02:15:00+00:00,18.4,Fitzroy Gardens,501,28.0,96.6,-37.8148084,144.980999,ENV,REAL_501,Real sensor series - Fitzroy Gardens - board 501,42,real_sensor_board_501,16.752193529162437,1,weak_multivariate_excursion
2015-03-26 02:25:00+00:00,20.6,Fitzroy Gardens,501,27.8,96.8,-37.8148084,144.980999,ENV,REAL_501,Real sensor series - Fitzroy Gardens - board 501,42,real_sensor_board_501,16.76175482332995,0,normal
2015-03-26 02:35:00+00:00,19.4,Fitzroy Gardens,501,26.4,97.0,-37.8148084,144.980999,ENV,REAL_501,Real sensor series - Fitzroy Gardens - board 501,42,real_sensor_board_501,16.949403858663963,0,normal
2015-03-26 02:45:00+00:00,17.7,Fitzroy Gardens,501,25.7,95.6,-37.8148084,144.980999,ENV,REAL_501,Real sensor series - Fitzroy Gardens - board 501,42,real_sensor_board_501,17.09952308693117,0,normal
2015-03-26 02:55:00+00:00,18.7,Fitzroy Gardens,501,25.9,94.9,-37.8148084,144.980999,ENV,REAL_501,Real sensor series - Fitzroy Gardens - board 501,42,real_sensor_board_501,17.29961846954494,0,normal
2015-03-26 03:05:00+00:00,19.7,Fitzroy Gardens,501,25.4,97.3,-37.8148084,144.980999,ENV,REAL_501,Real sensor series - Fitzroy Gardens - board 501,42,real_sensor_board_501,17.51969477563595,0,normal
2015-03-26 03:25:00+00:00,20.0,Fitzroy Gardens,501,25.9,97.4,-37.8148084,144.980999,ENV,REAL_501,Real sensor series - Fitzroy Gardens - board 501,42,real_sensor_board_501,17.75575582050876,1,weak_multivariate_excursion
2015-03-26 03:35:00+00:00,16.8,Fitzroy Gardens,501,27.2,94.1,-37.8148084,144.980999,ENV,REAL_501,Real sensor series - Fitzroy Gardens - board 501,42,real_sensor_board_501,17.94460465640701,1,weak_multivariate_excursion
2015-03-26 03:55:00+00:00,17.7,Fitzroy Gardens,501,26.7,94.8,-37.8148084,144.980999,ENV,REAL_501,Real sensor series - Fitzroy Gardens - board 501,42,real_sensor_board_501,18.235683725125607,1,weak_multivariate_excursion
2015-03-26 13:00:00+00:00,12.9,Fitzroy Gardens,501,57.4,0.8,-37.8148084,144.980999,ENV,REAL_501,Real sensor series - Fitzroy Gardens - board 501,42,real_sensor_board_501,18.468546980100488,1,weak_multivariate_excursion
2015-03-26 18:10:00+00:00,11.9,Fitzroy Gardens,501,93.4,0.8,-37.8148084,144.980999,ENV,REAL_501,Real sensor series - Fitzroy Gardens - board 501,42,real_sensor_board_501,18.65483758408039,1,weak_multivariate_excursion
2015-03-27 23:55:00+00:00,16.1,Fitzroy Gardens,501,47.0,94.2,-37.8148084,144.980999,ENV,REAL_501,Real sensor series - Fitzroy Gardens - board 501,42,real_sensor_board_501,18.803870067264313,1,weak_multivariate_excursion
2015-03-28 00:55:00+00:00,15.8,Fitzroy Gardens,501,50.3,93.9,-37.8148084,144.980999,ENV,REAL_501,Real sensor series - Fitzroy Gardens - board 501,42,real_sensor_board_501,18.923096053811452,1,weak_multivariate_excursion
2015-03-28 01:05:00+00:00,15.8,Fitzroy Gardens,501,47.3,93.9,-37.8148084,144.980999,ENV,REAL_501,Real sensor series - Fitzroy Gardens - board 501,42,real_sensor_board_501,18.878476843049164,0,normal
2015-03-28 01:15:00+00:00,16.5,Fitzroy Gardens,501,48.3,94.2,-37.8148084,144.980999,ENV,REAL_501,Real sensor series - Fitzroy Gardens - board 501,42,real_sensor_board_501,18.842781474439334,1,weak_multivariate_excursion
2015-03-28 03:50:00+00:00,22.9,Fitzroy Gardens,501,35.1,97.3,-37.8148084,144.980999,ENV,REAL_501,Real sensor series - Fitzroy Gardens - board 501,42,real_sensor_board_501,18.81422517955147,1,weak_multivariate_excursion
2015-03-28 04:30:00+00:00,20.0,Fitzroy Gardens,501,36.3,96.2,-37.8148084,144.980999,ENV,REAL_501,Real sensor series - Fitzroy Gardens - board 501,42,real_sensor_board_501,18.791380143641177,1,weak_multivariate_excursion
2015-03-28 05:00:00+00:00,21.0,Fitzroy Gardens,501,36.5,97.1,-37.8148084,144.980999,ENV,REAL_501,Real sensor series - Fitzroy Gardens - board 501,42,real_sensor_board_501,18.573104114912944,0,normal
2015-03-28 05:15:00+00:00,21.0,Fitzroy Gardens,501,36.5,97.2,-37.8148084,144.980999,ENV,REAL_501,Real sensor series - Fitzroy Gardens - board 501,42,real_sensor_board_501,18.398483291930354,1,weak_multivariate_excursion
2015-03-28 05:35:00+00:00,23.5,Fitzroy Gardens,501,34.4,97.5,-37.8148084,144.980999,ENV,REAL_501,Real sensor series - Fitzroy Gardens - board 501,42,real_sensor_board_501,18.078786633544283,1,weak_multivariate_excursion
2015-03-28 05:45:00+00:00,24.2,Fitzroy Gardens,501,33.0,97.6,-37.8148084,144.980999,ENV,REAL_501,Real sensor series - Fitzroy Gardens - board 501,42,real_sensor_board_501,17.823029306835426,1,weak_multivariate_excursion
2015-03-28 05:55:00+00:00,24.2,Fitzroy Gardens,501,33.3,97.6,-37.8148084,144.980999,ENV,REAL_501,Real sensor series - Fitzroy Gardens - board 501,42,real_sensor_board_501,17.558423445468343,0,normal
2015-03-28 06:05:00+00:00,22.3,Fitzroy Gardens,501,35.1,97.6,-37.8148084,144.980999,ENV,REAL_501,Real sensor series - Fitzroy Gardens - board 501,42,real_sensor_board_501,17.266738756374675,0,normal
2015-03-28 06:15:00+00:00,22.9,Fitzroy Gardens,501,34.9,97.7,-37.8148084,144.980999,ENV,REAL_501,Real sensor series - Fitzroy Gardens - board 501,42,real_sensor_board_501,16.973391005099742,0,normal
2015-03-28 06:25:00+00:00,23.2,Fitzroy Gardens,501,35.5,97.7,-37.8148084,144.980999,ENV,REAL_501,Real sensor series - Fitzroy Gardens - board 501,42,real_sensor_board_501,16.738712804079796,1,weak_multivariate_excursion
2015-03-29 23:00:00+00:00,14.8,Fitzroy Gardens,501,63.6,91.5,-37.8148084,144.980999,ENV,REAL_501,Real sensor series - Fitzroy Gardens - board 501,42,real_sensor_board_501,16.550970243263837,1,weak_multivariate_excursion
2015-03-29 23:50:00+00:00,18.7,Fitzroy Gardens,501,54.4,93.2,-37.8148084,144.980999,ENV,REAL_501,Real sensor series - Fitzroy Gardens - board 501,42,real_sensor_board_501,16.40077619461107,1,weak_multivariate_excursion
2015-03-30 08:25:00+00:00,16.8,Fitzroy Gardens,501,55.9,34.5,-37.8148084,144.980999,ENV,REAL_501,Real sensor series - Fitzroy Gardens - board 501,42,real_sensor_board_501,16.280620955688857,1,weak_multivariate_excursion
2015-03-30 09:05:00+00:00,15.8,Fitzroy Gardens,501,63.9,0.8,-37.8148084,144.980999,ENV,REAL_501,Real sensor series - Fitzroy Gardens - board 501,42,real_sensor_board_501,16.324496764551085,1,weak_multivariate_excursion
2015-03-30 09:15:00+00:00,15.5,Fitzroy Gardens,501,66.0,0.8,-37.8148084,144.980999,ENV,REAL_501,Real sensor series - Fitzroy Gardens - board 501,42,real_sensor_board_501,16.41959741164087,1,weak_multivariate_excursion
2015-03-30 09:25:00+00:00,15.2,Fitzroy Gardens,501,65.5,0.8,-37.8148084,144.980999,ENV,REAL_501,Real sensor series - Fitzroy Gardens - board 501,42,real_sensor_board_501,16.615677929312696,0,normal
2015-03-30 09:35:00+00:00,15.5,Fitzroy Gardens,501,61.4,0.8,-37.8148084,144.980999,ENV,REAL_501,Real sensor series - Fitzroy Gardens - board 501,42,real_sensor_board_501,16.77254234345016,0,normal
2015-03-30 09:45:00+00:00,15.5,Fitzroy Gardens,501,59.0,0.8,-37.8148084,144.980999,ENV,REAL_501,Real sensor series - Fitzroy Gardens - board 501,42,real_sensor_board_501,16.898033874760127,0,normal
2015-03-30 09:55:00+00:00,15.2,Fitzroy Gardens,501,58.5,0.8,-37.8148084,144.980999,ENV,REAL_501,Real sensor series - Fitzroy Gardens - board 501,42,real_sensor_board_501,16.9984270998081,0,normal
2015-03-30 10:05:00+00:00,15.2,Fitzroy Gardens,501,59.5,0.8,-37.8148084,144.980999,ENV,REAL_501,Real sensor series - Fitzroy Gardens - board 501,42,real_sensor_board_501,17.07874167984648,0,normal
2015-03-30 10:15:00+00:00,15.2,Fitzroy Gardens,501,59.8,0.7,-37.8148084,144.980999,ENV,REAL_501,Real sensor series - Fitzroy Gardens - board 501,42,real_sensor_board_501,17.142993343877183,0,normal
2015-03-30 10:25:00+00:00,14.5,Fitzroy Gardens,501,60.6,0.8,-37.8148084,144.980999,ENV,REAL_501,Real sensor series - Fitzroy Gardens - board 501,42,real_sensor_board_501,17.194394675101748,0,normal
2015-03-30 10:35:00+00:00,14.2,Fitzroy Gardens,501,61.4,0.8,-37.8148084,144.980999,ENV,REAL_501,Real sensor series - Fitzroy Gardens - board 501,42,real_sensor_board_501,17.2355157400814,0,normal
2015-03-30 11:50:00+00:00,13.2,Fitzroy Gardens,501,64.1,0.8,-37.8148084,144.980999,ENV,REAL_501,Real sensor series - Fitzroy Gardens - board 501,42,real_sensor_board_501,17.268412592065122,0,normal
2015-03-30 12:40:00+00:00,12.9,Fitzroy Gardens,501,65.2,0.8,-37.8148084,144.980999,ENV,REAL_501,Real sensor series - Fitzroy Gardens - board 501,42,real_sensor_board_501,17.294730073652097,1,weak_multivariate_excursion
2015-03-30 18:10:00+00:00,10.6,Fitzroy Gardens,501,100.0,0.9,-37.8148084,144.980999,ENV,REAL_501,Real sensor series - Fitzroy Gardens - board 501,42,real_sensor_board_501,17.31578405892168,1,weak_multivariate_excursion
2015-03-31 00:30:00+00:00,17.4,Fitzroy Gardens,501,51.6,92.2,-37.8148084,144.980999,ENV,REAL_501,Real sensor series - Fitzroy Gardens - board 501,42,real_sensor_board_501,17.592627247137344,1,weak_multivariate_excursion
2015-03-31 01:00:00+00:00,19.4,Fitzroy Gardens,501,49.6,93.1,-37.8148084,144.980999,ENV,REAL_501,Real sensor series - Fitzroy Gardens - board 501,42,real_sensor_board_501,17.954101797709875,1,weak_multivariate_excursion
2015-03-31 01:10:00+00:00,19.7,Fitzroy Gardens,501,47.7,93.9,-37.8148084,144.980999,ENV,REAL_501,Real sensor series - Fitzroy Gardens - board 501,42,real_sensor_board_501,18.3032814381679,1,weak_multivariate_excursion
2015-03-31 01:20:00+00:00,24.5,Fitzroy Gardens,501,44.0,95.7,-37.8148084,144.980999,ENV,REAL_501,Real sensor series - Fitzroy Gardens - board 501,42,real_sensor_board_501,19.54262515053432,1,weak_multivariate_excursion
2015-03-31 01:30:00+00:00,24.8,Fitzroy Gardens,501,41.8,96.1,-37.8148084,144.980999,ENV,REAL_501,Real sensor series - Fitzroy Gardens - board 501,42,real_sensor_board_501,20.594100120427456,1,weak_multivariate_excursion
2015-03-31 01:40:00+00:00,27.1,Fitzroy Gardens,501,40.1,96.5,-37.8148084,144.980999,ENV,REAL_501,Real sensor series - Fitzroy Gardens - board 501,42,real_sensor_board_501,21.635280096341965,1,weak_multivariate_excursion
2015-03-31 01:50:00+00:00,25.8,Fitzroy Gardens,501,39.0,96.6,-37.8148084,144.980999,ENV,REAL_501,Real sensor series - Fitzroy Gardens - board 501,42,real_sensor_board_501,22.608224077073572,1,weak_multivariate_excursion
2015-03-31 02:00:00+00:00,27.1,Fitzroy Gardens,501,37.9,96.8,-37.8148084,144.980999,ENV,REAL_501,Real sensor series - Fitzroy Gardens - board 501,42,real_sensor_board_501,23.446579261658858,0,normal
2015-03-31 02:10:00+00:00,27.4,Fitzroy Gardens,501,35.4,96.8,-37.8148084,144.980999,ENV,REAL_501,Real sensor series - Fitzroy Gardens - board 501,42,real_sensor_board_501,24.117263409327087,0,normal
2015-03-31 02:20:00+00:00,28.7,Fitzroy Gardens,501,33.8,96.9,-37.8148084,144.980999,ENV,REAL_501,Real sensor series - Fitzroy Gardens - board 501,42,real_sensor_board_501,24.713810727461674,0,normal
2015-03-31 02:30:00+00:00,27.7,Fitzroy Gardens,501,37.3,96.9,-37.8148084,144.980999,ENV,REAL_501,Real sensor series - Fitzroy Gardens - board 501,42,real_sensor_board_501,25.19104858196934,0,normal
2015-03-31 02:40:00+00:00,26.8,Fitzroy Gardens,501,40.9,97.0,-37.8148084,144.980999,ENV,REAL_501,Real sensor series - Fitzroy Gardens - board 501,42,real_sensor_board_501,25.632838865575476,0,normal
2015-03-31 02:50:00+00:00,27.4,Fitzroy Gardens,501,38.2,97.0,-37.8148084,144.980999,ENV,REAL_501,Real sensor series - Fitzroy Gardens - board 501,42,real_sensor_board_501,25.98627109246038,0,normal
2015-03-31 03:00:00+00:00,27.4,Fitzroy Gardens,501,39.0,96.9,-37.8148084,144.980999,ENV,REAL_501,Real sensor series - Fitzroy Gardens - board 501,42,real_sensor_board_501,26.269016873968308,0,normal
2015-03-31 03:10:00+00:00,26.5,Fitzroy Gardens,501,40.3,97.1,-37.8148084,144.980999,ENV,REAL_501,Real sensor series - Fitzroy Gardens - board 501,42,real_sensor_board_501,26.49521349917465,0,normal
2015-03-31 03:20:00+00:00,27.4,Fitzroy Gardens,501,38.8,97.1,-37.8148084,144.980999,ENV,REAL_501,Real sensor series - Fitzroy Gardens - board 501,42,real_sensor_board_501,26.676170799339722,0,normal
2015-03-31 03:30:00+00:00,26.8,Fitzroy Gardens,501,39.8,96.5,-37.8148084,144.980999,ENV,REAL_501,Real sensor series - Fitzroy Gardens - board 501,42,real_sensor_board_501,26.82093663947178,0,normal
2015-03-31 03:45:00+00:00,27.7,Fitzroy Gardens,501,39.2,97.1,-37.8148084,144.980999,ENV,REAL_501,Real sensor series - Fitzroy Gardens - board 501,42,real_sensor_board_501,26.936749311577426,0,normal
2015-03-31 03:55:00+00:00,27.4,Fitzroy Gardens,501,37.9,97.1,-37.8148084,144.980999,ENV,REAL_501,Real sensor series - Fitzroy Gardens - board 501,42,real_sensor_board_501,27.02939944926194,0,normal
2015-03-31 04:05:00+00:00,27.7,Fitzroy Gardens,501,38.4,97.1,-37.8148084,144.980999,ENV,REAL_501,Real sensor series - Fitzroy Gardens - board 501,42,real_sensor_board_501,27.103519559409555,0,normal
2015-03-31 04:45:00+00:00,27.7,Fitzroy Gardens,501,35.8,97.1,-37.8148084,144.980999,ENV,REAL_501,Real sensor series - Fitzroy Gardens - board 501,42,real_sensor_board_501,27.162815647527648,0,normal
2015-03-31 04:55:00+00:00,28.7,Fitzroy Gardens,501,36.0,97.3,-37.8148084,144.980999,ENV,REAL_501,Real sensor series - Fitzroy Gardens - board 501,42,real_sensor_board_501,27.21025251802212,0,normal
2015-03-31 05:05:00+00:00,29.0,Fitzroy Gardens,501,34.9,97.4,-37.8148084,144.980999,ENV,REAL_501,Real sensor series - Fitzroy Gardens - board 501,42,real_sensor_board_501,27.248202014417696,0,normal
2015-03-31 05:15:00+00:00,29.0,Fitzroy Gardens,501,34.7,97.4,-37.8148084,144.980999,ENV,REAL_501,Real sensor series - Fitzroy Gardens - board 501,42,real_sensor_board_501,27.27856161153416,0,normal
2015-03-31 05:25:00+00:00,30.3,Fitzroy Gardens,501,33.6,97.5,-37.8148084,144.980999,ENV,REAL_501,Real sensor series - Fitzroy Gardens - board 501,42,real_sensor_board_501,27.30284928922733,0,normal
2015-03-31 05:35:00+00:00,29.4,Fitzroy Gardens,501,33.2,97.5,-37.8148084,144.980999,ENV,REAL_501,Real sensor series - Fitzroy Gardens - board 501,42,real_sensor_board_501,27.322279431381865,0,normal
2015-03-31 05:45:00+00:00,28.7,Fitzroy Gardens,501,36.2,97.4,-37.8148084,144.980999,ENV,REAL_501,Real sensor series - Fitzroy Gardens - board 501,42,real_sensor_board_501,27.217823545105492,0,normal
2015-03-31 05:55:00+00:00,27.4,Fitzroy Gardens,501,38.0,97.4,-37.8148084,144.980999,ENV,REAL_501,Real sensor series - Fitzroy Gardens - board 501,42,real_sensor_board_501,27.134258836084395,0,normal
2015-03-31 06:05:00+00:00,27.4,Fitzroy Gardens,501,37.4,97.4,-37.8148084,144.980999,ENV,REAL_501,Real sensor series - Fitzroy Gardens - board 501,42,real_sensor_board_501,27.00740706886752,0,normal
2015-03-31 06:15:00+00:00,26.5,Fitzroy Gardens,501,40.7,97.3,-37.8148084,144.980999,ENV,REAL_501,Real sensor series - Fitzroy Gardens - board 501,42,real_sensor_board_501,26.905925655094016,0,normal
2015-03-31 06:25:00+00:00,26.5,Fitzroy Gardens,501,41.0,97.4,-37.8148084,144.980999,ENV,REAL_501,Real sensor series - Fitzroy Gardens - board 501,42,real_sensor_board_501,26.824740524075214,0,normal
2015-03-31 06:35:00+00:00,25.8,Fitzroy Gardens,501,42.1,97.3,-37.8148084,144.980999,ENV,REAL_501,Real sensor series - Fitzroy Gardens - board 501,42,real_sensor_board_501,26.619792419260172,0,normal
2015-03-31 06:45:00+00:00,25.2,Fitzroy Gardens,501,42.6,97.2,-37.8148084,144.980999,ENV,REAL_501,Real sensor series - Fitzroy Gardens - board 501,42,real_sensor_board_501,26.33583393540814,0,normal
2015-03-31 07:00:00+00:00,23.5,Fitzroy Gardens,501,42.9,96.6,-37.8148084,144.980999,ENV,REAL_501,Real sensor series - Fitzroy Gardens - board 501,42,real_sensor_board_501,25.76866714832651,0,normal
2015-03-31 07:10:00+00:00,23.5,Fitzroy Gardens,501,42.6,94.4,-37.8148084,144.980999,ENV,REAL_501,Real sensor series - Fitzroy Gardens - board 501,42,real_sensor_board_501,25.31493371866121,1,weak_multivariate_excursion
2015-03-31 07:20:00+00:00,21.0,Fitzroy Gardens,501,47.8,88.2,-37.8148084,144.980999,ENV,REAL_501,Real sensor series - Fitzroy Gardens - board 501,42,real_sensor_board_501,24.831946974928968,1,weak_multivariate_excursion
2015-03-31 07:30:00+00:00,20.3,Fitzroy Gardens,501,47.8,86.6,-37.8148084,144.980999,ENV,REAL_501,Real sensor series - Fitzroy Gardens - board 501,42,real_sensor_board_501,24.385557579943175,1,weak_multivariate_excursion
2015-03-31 07:40:00+00:00,19.7,Fitzroy Gardens,501,51.6,84.2,-37.8148084,144.980999,ENV,REAL_501,Real sensor series - Fitzroy Gardens - board 501,42,real_sensor_board_501,24.02844606395454,1,weak_multivariate_excursion
2015-03-31 07:50:00+00:00,19.0,Fitzroy Gardens,501,56.3,80.6,-37.8148084,144.980999,ENV,REAL_501,Real sensor series - Fitzroy Gardens - board 501,42,real_sensor_board_501,23.482756851163636,1,weak_multivariate_excursion
2015-03-31 08:20:00+00:00,18.4,Fitzroy Gardens,501,59.8,29.1,-37.8148084,144.980999,ENV,REAL_501,Real sensor series - Fitzroy Gardens - board 501,42,real_sensor_board_501,22.98620548093091,1,weak_multivariate_excursion
2015-03-31 13:05:00+00:00,15.5,Fitzroy Gardens,501,68.2,0.9,-37.8148084,144.980999,ENV,REAL_501,Real sensor series - Fitzroy Gardens - board 501,42,real_sensor_board_501,22.50896438474473,1,weak_multivariate_excursion
2015-03-31 13:20:00+00:00,15.5,Fitzroy Gardens,501,66.9,0.9,-37.8148084,144.980999,ENV,REAL_501,Real sensor series - Fitzroy Gardens - board 501,42,real_sensor_board_501,22.067171507795784,1,weak_multivariate_excursion
2015-03-31 13:30:00+00:00,15.2,Fitzroy Gardens,501,66.7,0.9,-37.8148084,144.980999,ENV,REAL_501,Real sensor series - Fitzroy Gardens - board 501,42,real_sensor_board_501,21.59373720623663,1,weak_multivariate_excursion
2015-03-31 16:10:00+00:00,13.9,Fitzroy Gardens,501,60.8,0.9,-37.8148084,144.980999,ENV,REAL_501,Real sensor series - Fitzroy Gardens - board 501,42,real_sensor_board_501,21.214989764989305,1,weak_multivariate_excursion
2015-03-31 23:05:00+00:00,20.6,Fitzroy Gardens,501,43.9,93.2,-37.8148084,144.980999,ENV,REAL_501,Real sensor series - Fitzroy Gardens - board 501,42,real_sensor_board_501,20.771991811991445,1,weak_multivariate_excursion
2015-03-31 23:25:00+00:00,21.3,Fitzroy Gardens,501,43.4,93.7,-37.8148084,144.980999,ENV,REAL_501,Real sensor series - Fitzroy Gardens - board 501,42,real_sensor_board_501,20.417593449593156,1,weak_multivariate_excursion
2015-03-31 23:35:00+00:00,22.6,Fitzroy Gardens,501,41.2,95.1,-37.8148084,144.980999,ENV,REAL_501,Real sensor series - Fitzroy Gardens - board 501,42,real_sensor_board_501,20.014074759674525,0,normal
2015-03-31 23:45:00+00:00,22.6,Fitzroy Gardens,501,40.7,93.9,-37.8148084,144.980999,ENV,REAL_501,Real sensor series - Fitzroy Gardens - board 501,42,real_sensor_board_501,19.69125980773962,0,normal
2015-03-31 23:55:00+00:00,22.9,Fitzroy Gardens,501,40.4,94.3,-37.8148084,144.980999,ENV,REAL_501,Real sensor series - Fitzroy Gardens - board 501,42,real_sensor_board_501,19.373007846191697,1,weak_multivariate_excursion
2015-04-01 13:05:00+00:00,19.7,Fitzroy Gardens,501,52.4,0.8,-37.8148084,144.980999,ENV,REAL_501,Real sensor series - Fitzroy Gardens - board 501,42,real_sensor_board_501,19.11840627695336,1,weak_multivariate_excursion
2015-04-01 13:25:00+00:00,19.0,Fitzroy Gardens,501,53.0,0.8,-37.8148084,144.980999,ENV,REAL_501,Real sensor series - Fitzroy Gardens - board 501,42,real_sensor_board_501,18.91472502156269,1,weak_multivariate_excursion
2015-04-01 13:35:00+00:00,18.4,Fitzroy Gardens,501,53.7,0.9,-37.8148084,144.980999,ENV,REAL_501,Real sensor series - Fitzroy Gardens - board 501,42,real_sensor_board_501,18.75178001725015,0,normal
2015-04-01 13:45:00+00:00,18.1,Fitzroy Gardens,501,53.7,0.9,-37.8148084,144.980999,ENV,REAL_501,Real sensor series - Fitzroy Gardens - board 501,42,real_sensor_board_501,18.54142401380012,0,normal
2015-04-01 13:55:00+00:00,17.7,Fitzroy Gardens,501,54.0,1.0,-37.8148084,144.980999,ENV,REAL_501,Real sensor series - Fitzroy Gardens - board 501,42,real_sensor_board_501,18.373139211040098,0,normal
2015-04-01 14:05:00+00:00,17.7,Fitzroy Gardens,501,54.4,1.0,-37.8148084,144.980999,ENV,REAL_501,Real sensor series - Fitzroy Gardens - board 501,42,real_sensor_board_501,18.23851136883208,0,normal
2015-04-01 14:15:00+00:00,17.7,Fitzroy Gardens,501,54.3,1.0,-37.8148084,144.980999,ENV,REAL_501,Real sensor series - Fitzroy Gardens - board 501,42,real_sensor_board_501,18.070809095065663,0,normal
2015-04-01 14:25:00+00:00,18.1,Fitzroy Gardens,501,54.9,1.1,-37.8148084,144.980999,ENV,REAL_501,Real sensor series - Fitzroy Gardens - board 501,42,real_sensor_board_501,17.93664727605253,0,normal
2015-04-01 14:35:00+00:00,18.1,Fitzroy Gardens,501,55.2,1.1,-37.8148084,144.980999,ENV,REAL_501,Real sensor series - Fitzroy Gardens - board 501,42,real_sensor_board_501,17.829317820842025,0,normal
2015-04-01 14:45:00+00:00,18.1,Fitzroy Gardens,501,55.7,1.1,-37.8148084,144.980999,ENV,REAL_501,Real sensor series - Fitzroy Gardens - board 501,42,real_sensor_board_501,17.80345425667362,0,normal
2015-04-01 15:00:00+00:00,17.4,Fitzroy Gardens,501,54.6,1.1,-37.8148084,144.980999,ENV,REAL_501,Real sensor series - Fitzroy Gardens - board 501,42,real_sensor_board_501,17.782763405338898,0,normal
2015-04-01 15:10:00+00:00,16.8,Fitzroy Gardens,501,54.1,1.2,-37.8148084,144.980999,ENV,REAL_501,Real sensor series - Fitzroy Gardens - board 501,42,real_sensor_board_501,17.76621072427112,0,normal
2015-04-01 15:20:00+00:00,16.1,Fitzroy Gardens,501,53.5,1.1,-37.8148084,144.980999,ENV,REAL_501,Real sensor series - Fitzroy Gardens - board 501,42,real_sensor_board_501,17.752968579416894,0,normal
2015-04-01 15:30:00+00:00,15.8,Fitzroy Gardens,501,53.3,1.1,-37.8148084,144.980999,ENV,REAL_501,Real sensor series - Fitzroy Gardens - board 501,42,real_sensor_board_501,17.742374863533517,0,normal
2015-04-01 15:40:00+00:00,15.5,Fitzroy Gardens,501,53.3,1.1,-37.8148084,144.980999,ENV,REAL_501,Real sensor series - Fitzroy Gardens - board 501,42,real_sensor_board_501,17.733899890826812,0,normal
2015-04-01 15:50:00+00:00,15.5,Fitzroy Gardens,501,53.2,1.1,-37.8148084,144.980999,ENV,REAL_501,Real sensor series - Fitzroy Gardens - board 501,42,real_sensor_board_501,17.72711991266145,0,normal
2015-04-01 16:10:00+00:00,14.8,Fitzroy Gardens,501,53.0,1.1,-37.8148084,144.980999,ENV,REAL_501,Real sensor series - Fitzroy Gardens - board 501,42,real_sensor_board_501,17.72169593012916,0,normal
2015-04-01 16:40:00+00:00,14.2,Fitzroy Gardens,501,53.3,1.0,-37.8148084,144.980999,ENV,REAL_501,Real sensor series - Fitzroy Gardens - board 501,42,real_sensor_board_501,17.71735674410333,0,normal
2015-04-01 16:50:00+00:00,14.2,Fitzroy Gardens,501,53.7,0.8,-37.8148084,144.980999,ENV,REAL_501,Real sensor series - Fitzroy Gardens - board 501,42,real_sensor_board_501,17.713885395282666,0,normal
2015-04-01 18:15:00+00:00,13.2,Fitzroy Gardens,501,54.1,0.8,-37.8148084,144.980999,ENV,REAL_501,Real sensor series - Fitzroy Gardens - board 501,42,real_sensor_board_501,17.711108316226134,1,weak_multivariate_excursion
2015-04-01 23:00:00+00:00,13.9,Fitzroy Gardens,501,49.7,93.1,-37.8148084,144.980999,ENV,REAL_501,Real sensor series - Fitzroy Gardens - board 501,42,real_sensor_board_501,17.708886652980908,1,weak_multivariate_excursion
2015-04-02 00:10:00+00:00,15.5,Fitzroy Gardens,501,42.8,93.3,-37.8148084,144.980999,ENV,REAL_501,Real sensor series - Fitzroy Gardens - board 501,42,real_sensor_board_501,17.707109322384728,1,weak_multivariate_excursion
2015-04-02 01:05:00+00:00,16.8,Fitzroy Gardens,501,41.7,95.6,-37.8148084,144.980999,ENV,REAL_501,Real sensor series - Fitzroy Gardens - board 501,42,real_sensor_board_501,17.705687457907782,0,normal
2015-04-02 01:15:00+00:00,17.1,Fitzroy Gardens,501,41.2,95.3,-37.8148084,144.980999,ENV,REAL_501,Real sensor series - Fitzroy Gardens - board 501,42,real_sensor_board_501,17.704549966326226,0,normal
2015-04-02 01:25:00+00:00,19.0,Fitzroy Gardens,501,39.5,96.4,-37.8148084,144.980999,ENV,REAL_501,Real sensor series - Fitzroy Gardens - board 501,42,real_sensor_board_501,17.64363997306098,0,normal
2015-04-02 01:35:00+00:00,19.0,Fitzroy Gardens,501,38.8,95.7,-37.8148084,144.980999,ENV,REAL_501,Real sensor series - Fitzroy Gardens - board 501,42,real_sensor_board_501,17.534911978448786,0,normal
2015-04-02 01:45:00+00:00,19.0,Fitzroy Gardens,501,39.5,96.9,-37.8148084,144.980999,ENV,REAL_501,Real sensor series - Fitzroy Gardens - board 501,42,real_sensor_board_501,17.44792958275903,0,normal
2015-04-02 01:55:00+00:00,16.1,Fitzroy Gardens,501,39.2,95.3,-37.8148084,144.980999,ENV,REAL_501,Real sensor series - Fitzroy Gardens - board 501,42,real_sensor_board_501,17.378343666207225,1,weak_multivariate_excursion
2015-04-02 02:05:00+00:00,19.7,Fitzroy Gardens,501,37.3,96.8,-37.8148084,144.980999,ENV,REAL_501,Real sensor series - Fitzroy Gardens - board 501,42,real_sensor_board_501,17.38267493296578,1,weak_multivariate_excursion
2015-04-02 02:15:00+00:00,21.9,Fitzroy Gardens,501,34.9,97.0,-37.8148084,144.980999,ENV,REAL_501,Real sensor series - Fitzroy Gardens - board 501,42,real_sensor_board_501,17.386139946372626,1,weak_multivariate_excursion
2015-04-02 02:25:00+00:00,20.0,Fitzroy Gardens,501,36.3,97.2,-37.8148084,144.980999,ENV,REAL_501,Real sensor series - Fitzroy Gardens - board 501,42,real_sensor_board_501,17.4489119570981,0,normal
2015-04-02 02:35:00+00:00,20.6,Fitzroy Gardens,501,35.4,97.0,-37.8148084,144.980999,ENV,REAL_501,Real sensor series - Fitzroy Gardens - board 501,42,real_sensor_board_501,17.699129565678483,0,normal
2015-04-02 02:45:00+00:00,19.7,Fitzroy Gardens,501,34.4,93.5,-37.8148084,144.980999,ENV,REAL_501,Real sensor series - Fitzroy Gardens - board 501,42,real_sensor_board_501,17.959303652542786,0,normal
2015-04-02 02:55:00+00:00,17.7,Fitzroy Gardens,501,37.1,97.1,-37.8148084,144.980999,ENV,REAL_501,Real sensor series - Fitzroy Gardens - board 501,42,real_sensor_board_501,18.16744292203423,0,normal
2015-04-02 03:05:00+00:00,20.3,Fitzroy Gardens,501,33.2,97.0,-37.8148084,144.980999,ENV,REAL_501,Real sensor series - Fitzroy Gardens - board 501,42,real_sensor_board_501,18.333954337627386,0,normal
2015-04-02 03:15:00+00:00,19.7,Fitzroy Gardens,501,33.6,97.1,-37.8148084,144.980999,ENV,REAL_501,Real sensor series - Fitzroy Gardens - board 501,42,real_sensor_board_501,18.60716347010191,0,normal
2015-04-02 03:25:00+00:00,20.6,Fitzroy Gardens,501,34.1,97.1,-37.8148084,144.980999,ENV,REAL_501,Real sensor series - Fitzroy Gardens - board 501,42,real_sensor_board_501,18.825730776081528,0,normal
2015-04-02 03:35:00+00:00,20.6,Fitzroy Gardens,501,32.4,97.1,-37.8148084,144.980999,ENV,REAL_501,Real sensor series - Fitzroy Gardens - board 501,42,real_sensor_board_501,19.000584620865222,0,normal
2015-04-02 03:50:00+00:00,20.0,Fitzroy Gardens,501,34.4,97.1,-37.8148084,144.980999,ENV,REAL_501,Real sensor series - Fitzroy Gardens - board 501,42,real_sensor_board_501,19.14046769669218,1,weak_multivariate_excursion
2015-04-03 13:10:00+00:00,10.0,Fitzroy Gardens,501,61.1,0.8,-37.8148084,144.980999,ENV,REAL_501,Real sensor series - Fitzroy Gardens - board 501,42,real_sensor_board_501,19.252374157353746,1,weak_multivariate_excursion
2015-04-04 00:35:00+00:00,16.8,Fitzroy Gardens,501,55.2,93.6,-37.8148084,144.980999,ENV,REAL_501,Real sensor series - Fitzroy Gardens - board 501,42,real_sensor_board_501,19.341899325883,1,weak_multivariate_excursion
2015-04-04 00:50:00+00:00,17.1,Fitzroy Gardens,501,55.2,93.7,-37.8148084,144.980999,ENV,REAL_501,Real sensor series - Fitzroy Gardens - board 501,42,real_sensor_board_501,19.4735194607064,1,weak_multivariate_excursion
2015-04-04 01:00:00+00:00,17.4,Fitzroy Gardens,501,53.3,93.7,-37.8148084,144.980999,ENV,REAL_501,Real sensor series - Fitzroy Gardens - board 501,42,real_sensor_board_501,19.57881556856512,0,normal
2015-04-04 01:10:00+00:00,17.4,Fitzroy Gardens,501,50.8,93.8,-37.8148084,144.980999,ENV,REAL_501,Real sensor series - Fitzroy Gardens - board 501,42,real_sensor_board_501,19.663052454852096,0,normal
2015-04-04 01:20:00+00:00,18.7,Fitzroy Gardens,501,50.7,94.6,-37.8148084,144.980999,ENV,REAL_501,Real sensor series - Fitzroy Gardens - board 501,42,real_sensor_board_501,19.730441963881677,1,weak_multivariate_excursion
2015-04-04 01:30:00+00:00,22.6,Fitzroy Gardens,501,44.5,96.2,-37.8148084,144.980999,ENV,REAL_501,Real sensor series - Fitzroy Gardens - board 501,42,real_sensor_board_501,19.784353571105342,1,weak_multivariate_excursion
2015-04-04 01:40:00+00:00,22.6,Fitzroy Gardens,501,43.7,95.9,-37.8148084,144.980999,ENV,REAL_501,Real sensor series - Fitzroy Gardens - board 501,42,real_sensor_board_501,19.827482856884274,1,weak_multivariate_excursion
2015-04-04 01:50:00+00:00,24.2,Fitzroy Gardens,501,42.6,96.5,-37.8148084,144.980999,ENV,REAL_501,Real sensor series - Fitzroy Gardens - board 501,42,real_sensor_board_501,19.80198628550742,0,normal
2015-04-04 02:00:00+00:00,21.6,Fitzroy Gardens,501,43.3,96.0,-37.8148084,144.980999,ENV,REAL_501,Real sensor series - Fitzroy Gardens - board 501,42,real_sensor_board_501,19.78158902840594,0,normal
2015-04-04 02:10:00+00:00,21.3,Fitzroy Gardens,501,42.9,95.5,-37.8148084,144.980999,ENV,REAL_501,Real sensor series - Fitzroy Gardens - board 501,42,real_sensor_board_501,19.765271222724753,0,normal
2015-04-04 02:20:00+00:00,20.0,Fitzroy Gardens,501,45.6,94.3,-37.8148084,144.980999,ENV,REAL_501,Real sensor series - Fitzroy Gardens - board 501,42,real_sensor_board_501,19.752216978179803,0,normal
2015-04-04 02:30:00+00:00,20.3,Fitzroy Gardens,501,48.1,94.7,-37.8148084,144.980999,ENV,REAL_501,Real sensor series - Fitzroy Gardens - board 501,42,real_sensor_board_501,19.741773582543843,0,normal
2015-04-04 02:40:00+00:00,20.0,Fitzroy Gardens,501,48.9,95.4,-37.8148084,144.980999,ENV,REAL_501,Real sensor series - Fitzroy Gardens - board 501,42,real_sensor_board_501,19.733418866035077,0,normal
2015-04-04 02:50:00+00:00,19.7,Fitzroy Gardens,501,48.1,94.9,-37.8148084,144.980999,ENV,REAL_501,Real sensor series - Fitzroy Gardens - board 501,42,real_sensor_board_501,19.526735092828062,0,normal
2015-04-04 03:00:00+00:00,19.7,Fitzroy Gardens,501,48.6,95.2,-37.8148084,144.980999,ENV,REAL_501,Real sensor series - Fitzroy Gardens - board 501,42,real_sensor_board_501,19.10138807426245,0,normal
2015-04-04 03:10:00+00:00,19.7,Fitzroy Gardens,501,48.3,95.0,-37.8148084,144.980999,ENV,REAL_501,Real sensor series - Fitzroy Gardens - board 501,42,real_sensor_board_501,18.76111045940996,0,normal
2015-04-04 03:20:00+00:00,20.3,Fitzroy Gardens,501,48.1,95.2,-37.8148084,144.980999,ENV,REAL_501,Real sensor series - Fitzroy Gardens - board 501,42,real_sensor_board_501,18.488888367527966,1,weak_multivariate_excursion
2015-04-04 03:30:00+00:00,22.6,Fitzroy Gardens,501,45.1,96.7,-37.8148084,144.980999,ENV,REAL_501,Real sensor series - Fitzroy Gardens - board 501,42,real_sensor_board_501,18.271110694022372,1,weak_multivariate_excursion
2015-04-04 03:40:00+00:00,21.0,Fitzroy Gardens,501,46.9,96.3,-37.8148084,144.980999,ENV,REAL_501,Real sensor series - Fitzroy Gardens - board 501,42,real_sensor_board_501,18.096888555217898,1,weak_multivariate_excursion
2015-04-04 09:00:00+00:00,15.2,Fitzroy Gardens,501,50.2,0.9,-37.8148084,144.980999,ENV,REAL_501,Real sensor series - Fitzroy Gardens - board 501,42,real_sensor_board_501,17.697510844174317,1,weak_multivariate_excursion
2015-04-04 09:10:00+00:00,15.2,Fitzroy Gardens,501,50.7,0.9,-37.8148084,144.980999,ENV,REAL_501,Real sensor series - Fitzroy Gardens - board 501,42,real_sensor_board_501,17.378008675339455,1,weak_multivariate_excursion
2015-04-04 09:20:00+00:00,15.2,Fitzroy Gardens,501,51.8,0.9,-37.8148084,144.980999,ENV,REAL_501,Real sensor series - Fitzroy Gardens - board 501,42,real_sensor_board_501,17.122406940271567,0,normal
2015-04-04 09:30:00+00:00,14.8,Fitzroy Gardens,501,52.6,1.0,-37.8148084,144.980999,ENV,REAL_501,Real sensor series - Fitzroy Gardens - board 501,42,real_sensor_board_501,16.917925552217255,0,normal
2015-04-04 09:40:00+00:00,14.5,Fitzroy Gardens,501,54.3,1.0,-37.8148084,144.980999,ENV,REAL_501,Real sensor series - Fitzroy Gardens - board 501,42,real_sensor_board_501,16.754340441773806,0,normal
2015-04-04 09:50:00+00:00,14.8,Fitzroy Gardens,501,55.7,1.0,-37.8148084,144.980999,ENV,REAL_501,Real sensor series - Fitzroy Gardens - board 501,42,real_sensor_board_501,16.623472353419046,0,normal
2015-04-04 10:00:00+00:00,13.9,Fitzroy Gardens,501,57.6,1.0,-37.8148084,144.980999,ENV,REAL_501,Real sensor series - Fitzroy Gardens - board 501,42,real_sensor_board_501,16.518777882735236,0,normal
2015-04-05 08:35:00+00:00,14.2,Fitzroy Gardens,501,54.3,1.2,-37.8148084,144.980999,ENV,REAL_501,Real sensor series - Fitzroy Gardens - board 501,42,real_sensor_board_501,16.435022306188188,0,normal
2015-04-05 13:05:00+00:00,12.6,Fitzroy Gardens,501,52.1,1.0,-37.8148084,144.980999,ENV,REAL_501,Real sensor series - Fitzroy Gardens - board 501,42,real_sensor_board_501,16.36801784495055,1,weak_multivariate_excursion
2015-04-05 23:00:00+00:00,13.5,Fitzroy Gardens,501,47.8,92.7,-37.8148084,144.980999,ENV,REAL_501,Real sensor series - Fitzroy Gardens - board 501,42,real_sensor_board_501,16.31441427596044,1,weak_multivariate_excursion
2015-04-06 00:00:00+00:00,15.5,Fitzroy Gardens,501,43.4,94.5,-37.8148084,144.980999,ENV,REAL_501,Real sensor series - Fitzroy Gardens - board 501,42,real_sensor_board_501,16.271531420768355,1,weak_multivariate_excursion
2015-04-07 00:20:00+00:00,16.1,Fitzroy Gardens,501,52.9,92.4,-37.8148084,144.980999,ENV,REAL_501,Real sensor series - Fitzroy Gardens - board 501,42,real_sensor_board_501,16.237225136614683,1,weak_multivariate_excursion
2015-04-07 21:00:00+00:00,12.6,Fitzroy Gardens,501,58.2,71.8,-37.8148084,144.980999,ENV,REAL_501,Real sensor series - Fitzroy Gardens - board 501,42,real_sensor_board_501,16.20978010929175,1,weak_multivariate_excursion
2015-04-08 00:15:00+00:00,15.5,Fitzroy Gardens,501,52.4,93.6,-37.8148084,144.980999,ENV,REAL_501,Real sensor series - Fitzroy Gardens - board 501,42,real_sensor_board_501,16.1878240874334,1,weak_multivariate_excursion
2015-04-09 08:15:00+00:00,14.8,Fitzroy Gardens,501,53.8,13.2,-37.8148084,144.980999,ENV,REAL_501,Real sensor series - Fitzroy Gardens - board 501,42,real_sensor_board_501,16.17025926994672,1,weak_multivariate_excursion
2015-04-10 20:05:00+00:00,11.3,Fitzroy Gardens,501,90.1,0.9,-37.8148084,144.980999,ENV,REAL_501,Real sensor series - Fitzroy Gardens - board 501,42,real_sensor_board_501,16.156207415957375,1,weak_multivariate_excursion
2015-04-11 00:40:00+00:00,17.4,Fitzroy Gardens,501,60.4,92.8,-37.8148084,144.980999,ENV,REAL_501,Real sensor series - Fitzroy Gardens - board 501,42,real_sensor_board_501,16.4049659327659,1,weak_multivariate_excursion
2015-04-11 00:50:00+00:00,18.1,Fitzroy Gardens,501,57.8,93.5,-37.8148084,144.980999,ENV,REAL_501,Real sensor series - Fitzroy Gardens - board 501,42,real_sensor_board_501,16.743972746212723,1,weak_multivariate_excursion
2015-04-11 01:00:00+00:00,18.4,Fitzroy Gardens,501,56.0,94.3,-37.8148084,144.980999,ENV,REAL_501,Real sensor series - Fitzroy Gardens - board 501,42,real_sensor_board_501,17.075178196970178,0,normal
2015-04-11 01:20:00+00:00,18.4,Fitzroy Gardens,501,53.3,94.5,-37.8148084,144.980999,ENV,REAL_501,Real sensor series - Fitzroy Gardens - board 501,42,real_sensor_board_501,17.340142557576144,1,weak_multivariate_excursion
2015-04-11 01:30:00+00:00,21.9,Fitzroy Gardens,501,49.7,95.8,-37.8148084,144.980999,ENV,REAL_501,Real sensor series - Fitzroy Gardens - board 501,42,real_sensor_board_501,18.252114046060914,1,weak_multivariate_excursion
2015-04-11 01:40:00+00:00,22.9,Fitzroy Gardens,501,45.8,95.9,-37.8148084,144.980999,ENV,REAL_501,Real sensor series - Fitzroy Gardens - board 501,42,real_sensor_board_501,18.981691236848732,1,weak_multivariate_excursion
2015-04-11 01:50:00+00:00,23.9,Fitzroy Gardens,501,41.0,96.2,-37.8148084,144.980999,ENV,REAL_501,Real sensor series - Fitzroy Gardens - board 501,42,real_sensor_board_501,19.705352989478985,0,normal
2015-04-11 02:00:00+00:00,24.2,Fitzroy Gardens,501,40.4,96.2,-37.8148084,144.980999,ENV,REAL_501,Real sensor series - Fitzroy Gardens - board 501,42,real_sensor_board_501,20.34428239158319,0,normal
2015-04-11 02:10:00+00:00,23.9,Fitzroy Gardens,501,38.4,96.2,-37.8148084,144.980999,ENV,REAL_501,Real sensor series - Fitzroy Gardens - board 501,42,real_sensor_board_501,20.85542591326655,0,normal
2015-04-11 02:20:00+00:00,25.8,Fitzroy Gardens,501,36.2,96.5,-37.8148084,144.980999,ENV,REAL_501,Real sensor series - Fitzroy Gardens - board 501,42,real_sensor_board_501,21.26434073061324,0,normal
2015-04-11 02:30:00+00:00,25.2,Fitzroy Gardens,501,35.7,96.8,-37.8148084,144.980999,ENV,REAL_501,Real sensor series - Fitzroy Gardens - board 501,42,real_sensor_board_501,21.591472584490596,0,normal
2015-04-11 02:40:00+00:00,26.8,Fitzroy Gardens,501,33.5,96.9,-37.8148084,144.980999,ENV,REAL_501,Real sensor series - Fitzroy Gardens - board 501,42,real_sensor_board_501,21.85317806759248,0,normal
2015-04-11 02:55:00+00:00,27.1,Fitzroy Gardens,501,33.2,96.6,-37.8148084,144.980999,ENV,REAL_501,Real sensor series - Fitzroy Gardens - board 501,42,real_sensor_board_501,22.062542454073984,0,normal
2015-04-11 03:05:00+00:00,26.1,Fitzroy Gardens,501,31.1,96.9,-37.8148084,144.980999,ENV,REAL_501,Real sensor series - Fitzroy Gardens - board 501,42,real_sensor_board_501,22.23003396325919,0,normal
2015-04-11 03:15:00+00:00,27.1,Fitzroy Gardens,501,31.0,97.0,-37.8148084,144.980999,ENV,REAL_501,Real sensor series - Fitzroy Gardens - board 501,42,real_sensor_board_501,22.36402717060735,0,normal
2015-04-11 03:25:00+00:00,27.1,Fitzroy Gardens,501,32.2,97.0,-37.8148084,144.980999,ENV,REAL_501,Real sensor series - Fitzroy Gardens - board 501,42,real_sensor_board_501,22.47122173648588,0,normal
2015-04-11 03:35:00+00:00,27.4,Fitzroy Gardens,501,31.6,97.0,-37.8148084,144.980999,ENV,REAL_501,Real sensor series - Fitzroy Gardens - board 501,42,real_sensor_board_501,22.556977389188702,0,normal
2015-04-11 03:55:00+00:00,26.5,Fitzroy Gardens,501,32.5,96.9,-37.8148084,144.980999,ENV,REAL_501,Real sensor series - Fitzroy Gardens - board 501,42,real_sensor_board_501,22.625581911350963,0,normal
2015-04-11 04:45:00+00:00,23.2,Fitzroy Gardens,501,42.0,96.6,-37.8148084,144.980999,ENV,REAL_501,Real sensor series - Fitzroy Gardens - board 501,42,real_sensor_board_501,22.68046552908077,0,normal
2015-04-11 04:55:00+00:00,23.5,Fitzroy Gardens,501,42.3,96.8,-37.8148084,144.980999,ENV,REAL_501,Real sensor series - Fitzroy Gardens - board 501,42,real_sensor_board_501,22.72437242326462,0,normal
2015-04-11 05:05:00+00:00,21.9,Fitzroy Gardens,501,43.9,95.7,-37.8148084,144.980999,ENV,REAL_501,Real sensor series - Fitzroy Gardens - board 501,42,real_sensor_board_501,22.759497938611695,0,normal
2015-04-11 05:15:00+00:00,22.6,Fitzroy Gardens,501,44.0,96.6,-37.8148084,144.980999,ENV,REAL_501,Real sensor series - Fitzroy Gardens - board 501,42,real_sensor_board_501,22.787598350889354,0,normal
2015-04-11 05:25:00+00:00,23.2,Fitzroy Gardens,501,43.9,96.7,-37.8148084,144.980999,ENV,REAL_501,Real sensor series - Fitzroy Gardens - board 501,42,real_sensor_board_501,22.750078680711482,0,normal
2015-04-11 05:35:00+00:00,22.3,Fitzroy Gardens,501,44.5,96.6,-37.8148084,144.980999,ENV,REAL_501,Real sensor series - Fitzroy Gardens - board 501,42,real_sensor_board_501,22.660062944569187,0,normal
2015-04-11 05:45:00+00:00,22.9,Fitzroy Gardens,501,40.7,96.1,-37.8148084,144.980999,ENV,REAL_501,Real sensor series - Fitzroy Gardens - board 501,42,real_sensor_board_501,22.50805035565535,0,normal
2015-04-11 06:00:00+00:00,21.3,Fitzroy Gardens,501,41.4,94.2,-37.8148084,144.980999,ENV,REAL_501,Real sensor series - Fitzroy Gardens - board 501,42,real_sensor_board_501,22.266440284524283,0,normal
2015-04-11 06:10:00+00:00,20.3,Fitzroy Gardens,501,42.5,93.0,-37.8148084,144.980999,ENV,REAL_501,Real sensor series - Fitzroy Gardens - board 501,42,real_sensor_board_501,21.87315222761943,0,normal
2015-04-11 06:20:00+00:00,19.4,Fitzroy Gardens,501,44.5,93.4,-37.8148084,144.980999,ENV,REAL_501,Real sensor series - Fitzroy Gardens - board 501,42,real_sensor_board_501,21.498521782095544,0,normal
2015-04-11 06:30:00+00:00,20.0,Fitzroy Gardens,501,46.6,96.3,-37.8148084,144.980999,ENV,REAL_501,Real sensor series - Fitzroy Gardens - board 501,42,real_sensor_board_501,21.078817425676434,0,normal
2015-04-11 06:40:00+00:00,19.0,Fitzroy Gardens,501,49.1,94.0,-37.8148084,144.980999,ENV,REAL_501,Real sensor series - Fitzroy Gardens - board 501,42,real_sensor_board_501,20.663053940541147,0,normal
2015-04-11 06:50:00+00:00,18.1,Fitzroy Gardens,501,63.6,92.9,-37.8148084,144.980999,ENV,REAL_501,Real sensor series - Fitzroy Gardens - board 501,42,real_sensor_board_501,20.15044315243292,0,normal
2015-04-11 07:00:00+00:00,17.1,Fitzroy Gardens,501,67.7,93.0,-37.8148084,144.980999,ENV,REAL_501,Real sensor series - Fitzroy Gardens - board 501,42,real_sensor_board_501,19.600354521946336,0,normal
2015-04-11 07:10:00+00:00,17.1,Fitzroy Gardens,501,68.8,91.0,-37.8148084,144.980999,ENV,REAL_501,Real sensor series - Fitzroy Gardens - board 501,42,real_sensor_board_501,19.16028361755707,1,weak_multivariate_excursion
2015-04-11 07:20:00+00:00,16.8,Fitzroy Gardens,501,70.8,86.5,-37.8148084,144.980999,ENV,REAL_501,Real sensor series - Fitzroy Gardens - board 501,42,real_sensor_board_501,18.808226894045657,1,weak_multivariate_excursion
2015-04-11 07:30:00+00:00,16.8,Fitzroy Gardens,501,67.4,83.4,-37.8148084,144.980999,ENV,REAL_501,Real sensor series - Fitzroy Gardens - board 501,42,real_sensor_board_501,18.526581515236526,1,weak_multivariate_excursion
2015-04-11 07:40:00+00:00,16.5,Fitzroy Gardens,501,65.8,77.9,-37.8148084,144.980999,ENV,REAL_501,Real sensor series - Fitzroy Gardens - board 501,42,real_sensor_board_501,18.30126521218922,1,weak_multivariate_excursion
2015-04-11 07:50:00+00:00,16.1,Fitzroy Gardens,501,66.3,60.8,-37.8148084,144.980999,ENV,REAL_501,Real sensor series - Fitzroy Gardens - board 501,42,real_sensor_board_501,18.121012169751378,1,weak_multivariate_excursion
2015-04-11 13:10:00+00:00,13.2,Fitzroy Gardens,501,66.1,0.9,-37.8148084,144.980999,ENV,REAL_501,Real sensor series - Fitzroy Gardens - board 501,42,real_sensor_board_501,17.9768097358011,1,weak_multivariate_excursion
2015-04-11 16:15:00+00:00,12.9,Fitzroy Gardens,501,66.6,0.9,-37.8148084,144.980999,ENV,REAL_501,Real sensor series - Fitzroy Gardens - board 501,42,real_sensor_board_501,17.86144778864088,1,weak_multivariate_excursion
2015-04-13 00:15:00+00:00,12.6,Fitzroy Gardens,501,61.5,93.7,-37.8148084,144.980999,ENV,REAL_501,Real sensor series - Fitzroy Gardens - board 501,42,real_sensor_board_501,17.769158230912705,1,weak_multivariate_excursion
2015-04-13 21:05:00+00:00,11.3,Fitzroy Gardens,501,91.3,50.2,-37.8148084,144.980999,ENV,REAL_501,Real sensor series - Fitzroy Gardens - board 501,42,real_sensor_board_501,17.695326584730164,1,weak_multivariate_excursion
2015-04-14 00:00:00+00:00,15.5,Fitzroy Gardens,501,72.4,92.2,-37.8148084,144.980999,ENV,REAL_501,Real sensor series - Fitzroy Gardens - board 501,42,real_sensor_board_501,17.636261267784132,1,weak_multivariate_excursion
2015-04-14 01:00:00+00:00,16.5,Fitzroy Gardens,501,66.1,93.5,-37.8148084,144.980999,ENV,REAL_501,Real sensor series - Fitzroy Gardens - board 501,42,real_sensor_board_501,17.589009014227305,1,weak_multivariate_excursion
2015-04-14 01:10:00+00:00,17.1,Fitzroy Gardens,501,63.9,93.5,-37.8148084,144.980999,ENV,REAL_501,Real sensor series - Fitzroy Gardens - board 501,42,real_sensor_board_501,17.551207211381843,0,normal
2015-04-14 01:25:00+00:00,16.8,Fitzroy Gardens,501,63.1,92.0,-37.8148084,144.980999,ENV,REAL_501,Real sensor series - Fitzroy Gardens - board 501,42,real_sensor_board_501,17.520965769105477,0,normal
2015-04-14 01:35:00+00:00,17.4,Fitzroy Gardens,501,63.4,93.1,-37.8148084,144.980999,ENV,REAL_501,Real sensor series - Fitzroy Gardens - board 501,42,real_sensor_board_501,17.49677261528438,0,normal
2015-04-14 01:45:00+00:00,16.8,Fitzroy Gardens,501,63.6,92.2,-37.8148084,144.980999,ENV,REAL_501,Real sensor series - Fitzroy Gardens - board 501,42,real_sensor_board_501,17.477418092227506,0,normal
2015-04-14 01:55:00+00:00,17.7,Fitzroy Gardens,501,62.5,93.9,-37.8148084,144.980999,ENV,REAL_501,Real sensor series - Fitzroy Gardens - board 501,42,real_sensor_board_501,17.461934473782005,0,normal
2015-04-14 02:05:00+00:00,18.1,Fitzroy Gardens,501,62.3,92.7,-37.8148084,144.980999,ENV,REAL_501,Real sensor series - Fitzroy Gardens - board 501,42,real_sensor_board_501,17.449547579025605,0,normal
2015-04-14 02:15:00+00:00,18.1,Fitzroy Gardens,501,63.3,92.9,-37.8148084,144.980999,ENV,REAL_501,Real sensor series - Fitzroy Gardens - board 501,42,real_sensor_board_501,17.439638063220485,0,normal
2015-04-14 02:25:00+00:00,18.7,Fitzroy Gardens,501,61.1,94.0,-37.8148084,144.980999,ENV,REAL_501,Real sensor series - Fitzroy Gardens - board 501,42,real_sensor_board_501,17.43171045057639,0,normal
2015-04-14 02:35:00+00:00,20.0,Fitzroy Gardens,501,57.3,95.5,-37.8148084,144.980999,ENV,REAL_501,Real sensor series - Fitzroy Gardens - board 501,42,real_sensor_board_501,17.42536836046111,0,normal
2015-04-14 02:45:00+00:00,21.9,Fitzroy Gardens,501,51.8,95.4,-37.8148084,144.980999,ENV,REAL_501,Real sensor series - Fitzroy Gardens - board 501,42,real_sensor_board_501,17.420294688368887,0,normal
2015-04-14 02:55:00+00:00,21.3,Fitzroy Gardens,501,49.2,95.2,-37.8148084,144.980999,ENV,REAL_501,Real sensor series - Fitzroy Gardens - board 501,42,real_sensor_board_501,17.41623575069511,0,normal
2015-04-14 03:05:00+00:00,21.6,Fitzroy Gardens,501,48.9,95.2,-37.8148084,144.980999,ENV,REAL_501,Real sensor series - Fitzroy Gardens - board 501,42,real_sensor_board_501,17.41298860055609,0,normal
2015-04-14 03:15:00+00:00,21.6,Fitzroy Gardens,501,46.9,94.9,-37.8148084,144.980999,ENV,REAL_501,Real sensor series - Fitzroy Gardens - board 501,42,real_sensor_board_501,17.470390880444874,0,normal
2015-04-14 03:25:00+00:00,21.3,Fitzroy Gardens,501,42.3,93.8,-37.8148084,144.980999,ENV,REAL_501,Real sensor series - Fitzroy Gardens - board 501,42,real_sensor_board_501,17.5163127043559,0,normal
2015-04-14 03:35:00+00:00,21.3,Fitzroy Gardens,501,42.5,94.2,-37.8148084,144.980999,ENV,REAL_501,Real sensor series - Fitzroy Gardens - board 501,42,real_sensor_board_501,17.55305016348472,1,weak_multivariate_excursion
2015-04-14 03:45:00+00:00,22.3,Fitzroy Gardens,501,40.9,95.3,-37.8148084,144.980999,ENV,REAL_501,Real sensor series - Fitzroy Gardens - board 501,42,real_sensor_board_501,17.582440130787777,1,weak_multivariate_excursion
2015-04-14 03:55:00+00:00,22.6,Fitzroy Gardens,501,40.9,96.6,-37.8148084,144.980999,ENV,REAL_501,Real sensor series - Fitzroy Gardens - board 501,42,real_sensor_board_501,17.605952104630223,1,weak_multivariate_excursion
2015-04-14 08:15:00+00:00,19.4,Fitzroy Gardens,501,45.8,3.2,-37.8148084,144.980999,ENV,REAL_501,Real sensor series - Fitzroy Gardens - board 501,42,real_sensor_board_501,17.62476168370418,1,weak_multivariate_excursion
2015-04-14 13:00:00+00:00,17.4,Fitzroy Gardens,501,51.9,0.8,-37.8148084,144.980999,ENV,REAL_501,Real sensor series - Fitzroy Gardens - board 501,42,real_sensor_board_501,17.639809346963343,1,weak_multivariate_excursion
2015-04-14 13:10:00+00:00,17.1,Fitzroy Gardens,501,51.8,0.8,-37.8148084,144.980999,ENV,REAL_501,Real sensor series - Fitzroy Gardens - board 501,42,real_sensor_board_501,17.651847477570676,0,normal
2015-04-14 13:20:00+00:00,17.4,Fitzroy Gardens,501,49.7,0.8,-37.8148084,144.980999,ENV,REAL_501,Real sensor series - Fitzroy Gardens - board 501,42,real_sensor_board_501,17.60147798205654,0,normal
2015-04-14 16:45:00+00:00,17.1,Fitzroy Gardens,501,61.9,0.7,-37.8148084,144.980999,ENV,REAL_501,Real sensor series - Fitzroy Gardens - board 501,42,real_sensor_board_501,17.561182385645232,0,normal
2015-04-14 18:10:00+00:00,16.5,Fitzroy Gardens,501,67.7,0.7,-37.8148084,144.980999,ENV,REAL_501,Real sensor series - Fitzroy Gardens - board 501,42,real_sensor_board_501,17.468945908516186,1,weak_multivariate_excursion
2015-04-14 20:45:00+00:00,15.8,Fitzroy Gardens,501,71.5,27.5,-37.8148084,144.980999,ENV,REAL_501,Real sensor series - Fitzroy Gardens - board 501,42,real_sensor_board_501,17.39515672681295,1,weak_multivariate_excursion
2015-04-14 20:55:00+00:00,15.8,Fitzroy Gardens,501,72.1,49.9,-37.8148084,144.980999,ENV,REAL_501,Real sensor series - Fitzroy Gardens - board 501,42,real_sensor_board_501,17.336125381450362,1,weak_multivariate_excursion
2015-04-14 21:05:00+00:00,15.5,Fitzroy Gardens,501,72.1,69.4,-37.8148084,144.980999,ENV,REAL_501,Real sensor series - Fitzroy Gardens - board 501,42,real_sensor_board_501,17.22890030516029,1,weak_multivariate_excursion
2015-04-14 23:05:00+00:00,18.4,Fitzroy Gardens,501,70.8,91.1,-37.8148084,144.980999,ENV,REAL_501,Real sensor series - Fitzroy Gardens - board 501,42,real_sensor_board_501,17.143120244128234,1,weak_multivariate_excursion
2015-04-15 08:10:00+00:00,17.7,Fitzroy Gardens,501,68.3,6.1,-37.8148084,144.980999,ENV,REAL_501,Real sensor series - Fitzroy Gardens - board 501,42,real_sensor_board_501,17.074496195302586,1,weak_multivariate_excursion
2015-04-15 08:30:00+00:00,17.1,Fitzroy Gardens,501,71.9,0.9,-37.8148084,144.980999,ENV,REAL_501,Real sensor series - Fitzroy Gardens - board 501,42,real_sensor_board_501,17.01959695624207,1,weak_multivariate_excursion
2015-04-15 08:50:00+00:00,16.8,Fitzroy Gardens,501,73.8,0.9,-37.8148084,144.980999,ENV,REAL_501,Real sensor series - Fitzroy Gardens - board 501,42,real_sensor_board_501,16.975677564993656,0,normal
2015-04-15 09:00:00+00:00,16.8,Fitzroy Gardens,501,74.8,0.9,-37.8148084,144.980999,ENV,REAL_501,Real sensor series - Fitzroy Gardens - board 501,42,real_sensor_board_501,16.940542051994925,0,normal
2015-04-15 09:10:00+00:00,16.8,Fitzroy Gardens,501,75.4,0.9,-37.8148084,144.980999,ENV,REAL_501,Real sensor series - Fitzroy Gardens - board 501,42,real_sensor_board_501,16.91243364159594,0,normal
2015-04-15 09:20:00+00:00,16.8,Fitzroy Gardens,501,76.5,0.9,-37.8148084,144.980999,ENV,REAL_501,Real sensor series - Fitzroy Gardens - board 501,42,real_sensor_board_501,16.889946913276752,0,normal
2015-04-15 09:35:00+00:00,16.8,Fitzroy Gardens,501,76.7,1.0,-37.8148084,144.980999,ENV,REAL_501,Real sensor series - Fitzroy Gardens - board 501,42,real_sensor_board_501,16.8719575306214,0,normal
2015-04-15 09:45:00+00:00,16.8,Fitzroy Gardens,501,77.0,1.0,-37.8148084,144.980999,ENV,REAL_501,Real sensor series - Fitzroy Gardens - board 501,42,real_sensor_board_501,16.85756602449712,0,normal
2015-04-15 09:55:00+00:00,16.8,Fitzroy Gardens,501,78.1,1.1,-37.8148084,144.980999,ENV,REAL_501,Real sensor series - Fitzroy Gardens - board 501,42,real_sensor_board_501,16.786052819597696,0,normal
2015-04-15 10:05:00+00:00,16.8,Fitzroy Gardens,501,78.9,1.0,-37.8148084,144.980999,ENV,REAL_501,Real sensor series - Fitzroy Gardens - board 501,42,real_sensor_board_501,16.728842255678156,0,normal
2015-04-15 10:15:00+00:00,16.8,Fitzroy Gardens,501,79.2,1.0,-37.8148084,144.980999,ENV,REAL_501,Real sensor series - Fitzroy Gardens - board 501,42,real_sensor_board_501,16.683073804542527,0,normal
2015-04-15 10:25:00+00:00,16.8,Fitzroy Gardens,501,79.8,1.1,-37.8148084,144.980999,ENV,REAL_501,Real sensor series - Fitzroy Gardens - board 501,42,real_sensor_board_501,16.64645904363402,0,normal
2015-04-15 10:45:00+00:00,16.1,Fitzroy Gardens,501,82.2,0.9,-37.8148084,144.980999,ENV,REAL_501,Real sensor series - Fitzroy Gardens - board 501,42,real_sensor_board_501,16.617167234907217,0,normal
2015-04-15 10:55:00+00:00,15.8,Fitzroy Gardens,501,83.6,0.9,-37.8148084,144.980999,ENV,REAL_501,Real sensor series - Fitzroy Gardens - board 501,42,real_sensor_board_501,16.593733787925775,0,normal
2015-04-15 11:05:00+00:00,15.8,Fitzroy Gardens,501,84.9,0.9,-37.8148084,144.980999,ENV,REAL_501,Real sensor series - Fitzroy Gardens - board 501,42,real_sensor_board_501,16.57498703034062,0,normal
2015-04-15 11:15:00+00:00,15.8,Fitzroy Gardens,501,86.1,1.0,-37.8148084,144.980999,ENV,REAL_501,Real sensor series - Fitzroy Gardens - board 501,42,real_sensor_board_501,16.559989624272497,0,normal
2015-04-15 11:25:00+00:00,16.5,Fitzroy Gardens,501,83.8,1.1,-37.8148084,144.980999,ENV,REAL_501,Real sensor series - Fitzroy Gardens - board 501,42,real_sensor_board_501,16.547991699418,0,normal
2015-04-15 11:35:00+00:00,16.5,Fitzroy Gardens,501,83.8,1.2,-37.8148084,144.980999,ENV,REAL_501,Real sensor series - Fitzroy Gardens - board 501,42,real_sensor_board_501,16.5383933595344,0,normal
2015-04-15 11:45:00+00:00,16.5,Fitzroy Gardens,501,85.0,1.1,-37.8148084,144.980999,ENV,REAL_501,Real sensor series - Fitzroy Gardens - board 501,42,real_sensor_board_501,16.53071468762752,0,normal
2015-04-15 11:55:00+00:00,16.1,Fitzroy Gardens,501,98.7,1.0,-37.8148084,144.980999,ENV,REAL_501,Real sensor series - Fitzroy Gardens - board 501,42,real_sensor_board_501,16.524571750102016,0,normal
2015-04-15 12:25:00+00:00,16.1,Fitzroy Gardens,501,101.6,1.1,-37.8148084,144.980999,ENV,REAL_501,Real sensor series - Fitzroy Gardens - board 501,42,real_sensor_board_501,16.519657400081613,0,normal
2015-04-15 13:00:00+00:00,16.1,Fitzroy Gardens,501,101.9,1.1,-37.8148084,144.980999,ENV,REAL_501,Real sensor series - Fitzroy Gardens - board 501,42,real_sensor_board_501,16.51572592006529,0,normal
2015-04-15 13:10:00+00:00,16.5,Fitzroy Gardens,501,101.7,1.1,-37.8148084,144.980999,ENV,REAL_501,Real sensor series - Fitzroy Gardens - board 501,42,real_sensor_board_501,16.512580736052232,0,normal
2015-04-15 13:20:00+00:00,16.5,Fitzroy Gardens,501,101.6,1.0,-37.8148084,144.980999,ENV,REAL_501,Real sensor series - Fitzroy Gardens - board 501,42,real_sensor_board_501,16.510064588841786,0,normal
2015-04-15 13:30:00+00:00,16.5,Fitzroy Gardens,501,101.3,1.1,-37.8148084,144.980999,ENV,REAL_501,Real sensor series - Fitzroy Gardens - board 501,42,real_sensor_board_501,16.42805167107343,0,normal
2015-04-15 13:40:00+00:00,16.5,Fitzroy Gardens,501,101.4,1.1,-37.8148084,144.980999,ENV,REAL_501,Real sensor series - Fitzroy Gardens - board 501,42,real_sensor_board_501,16.362441336858744,0,normal
2015-04-15 13:50:00+00:00,16.1,Fitzroy Gardens,501,101.7,1.1,-37.8148084,144.980999,ENV,REAL_501,Real sensor series - Fitzroy Gardens - board 501,42,real_sensor_board_501,16.309953069486994,0,normal
2015-04-15 14:00:00+00:00,16.8,Fitzroy Gardens,501,101.9,1.1,-37.8148084,144.980999,ENV,REAL_501,Real sensor series - Fitzroy Gardens - board 501,42,real_sensor_board_501,16.267962455589597,0,normal
2015-04-15 14:10:00+00:00,16.5,Fitzroy Gardens,501,101.9,1.0,-37.8148084,144.980999,ENV,REAL_501,Real sensor series - Fitzroy Gardens - board 501,42,real_sensor_board_501,16.23436996447168,0,normal
2015-04-15 14:20:00+00:00,16.5,Fitzroy Gardens,501,101.7,1.1,-37.8148084,144.980999,ENV,REAL_501,Real sensor series - Fitzroy Gardens - board 501,42,real_sensor_board_501,16.207495971577345,0,normal
2015-04-15 14:30:00+00:00,16.5,Fitzroy Gardens,501,101.9,1.0,-37.8148084,144.980999,ENV,REAL_501,Real sensor series - Fitzroy Gardens - board 501,42,real_sensor_board_501,16.185996777261877,0,normal
2015-04-15 14:40:00+00:00,16.1,Fitzroy Gardens,501,99.1,1.0,-37.8148084,144.980999,ENV,REAL_501,Real sensor series - Fitzroy Gardens - board 501,42,real_sensor_board_501,16.1687974218095,0,normal
2015-04-15 14:50:00+00:00,16.1,Fitzroy Gardens,501,101.4,1.0,-37.8148084,144.980999,ENV,REAL_501,Real sensor series - Fitzroy Gardens - board 501,42,real_sensor_board_501,16.155037937447602,0,normal
2015-04-15 15:00:00+00:00,16.1,Fitzroy Gardens,501,96.2,0.9,-37.8148084,144.980999,ENV,REAL_501,Real sensor series - Fitzroy Gardens - board 501,42,real_sensor_board_501,16.144030349958083,0,normal
2015-04-15 15:10:00+00:00,16.1,Fitzroy Gardens,501,93.1,1.0,-37.8148084,144.980999,ENV,REAL_501,Real sensor series - Fitzroy Gardens - board 501,42,real_sensor_board_501,16.135224279966465,0,normal
2015-04-15 15:20:00+00:00,16.1,Fitzroy Gardens,501,98.4,1.0,-37.8148084,144.980999,ENV,REAL_501,Real sensor series - Fitzroy Gardens - board 501,42,real_sensor_board_501,16.128179423973172,0,normal
2015-04-15 15:30:00+00:00,16.1,Fitzroy Gardens,501,94.2,1.0,-37.8148084,144.980999,ENV,REAL_501,Real sensor series - Fitzroy Gardens - board 501,42,real_sensor_board_501,16.122543539178537,0,normal
2015-04-15 15:40:00+00:00,16.5,Fitzroy Gardens,501,87.9,1.0,-37.8148084,144.980999,ENV,REAL_501,Real sensor series - Fitzroy Gardens - board 501,42,real_sensor_board_501,16.19803483134283,0,normal
2015-04-15 15:55:00+00:00,16.1,Fitzroy Gardens,501,90.1,1.0,-37.8148084,144.980999,ENV,REAL_501,Real sensor series - Fitzroy Gardens - board 501,42,real_sensor_board_501,16.258427865074264,0,normal
2015-04-15 16:35:00+00:00,15.2,Fitzroy Gardens,501,101.7,1.0,-37.8148084,144.980999,ENV,REAL_501,Real sensor series - Fitzroy Gardens - board 501,42,real_sensor_board_501,16.30674229205941,0,normal
2015-04-15 18:15:00+00:00,15.2,Fitzroy Gardens,501,96.7,0.9,-37.8148084,144.980999,ENV,REAL_501,Real sensor series - Fitzroy Gardens - board 501,42,real_sensor_board_501,16.34539383364753,0,normal
2015-04-15 20:10:00+00:00,14.8,Fitzroy Gardens,501,90.9,0.9,-37.8148084,144.980999,ENV,REAL_501,Real sensor series - Fitzroy Gardens - board 501,42,real_sensor_board_501,16.376315066918025,1,weak_multivariate_excursion
2015-04-15 23:05:00+00:00,15.2,Fitzroy Gardens,501,87.9,88.3,-37.8148084,144.980999,ENV,REAL_501,Real sensor series - Fitzroy Gardens - board 501,42,real_sensor_board_501,16.40105205353442,1,weak_multivariate_excursion
2015-04-16 00:45:00+00:00,16.1,Fitzroy Gardens,501,67.4,91.5,-37.8148084,144.980999,ENV,REAL_501,Real sensor series - Fitzroy Gardens - board 501,42,real_sensor_board_501,16.420841642827536,1,weak_multivariate_excursion
2015-04-16 00:55:00+00:00,15.8,Fitzroy Gardens,501,64.2,91.5,-37.8148084,144.980999,ENV,REAL_501,Real sensor series - Fitzroy Gardens - board 501,42,real_sensor_board_501,16.43667331426203,0,normal
2015-04-16 01:05:00+00:00,16.1,Fitzroy Gardens,501,62.0,94.1,-37.8148084,144.980999,ENV,REAL_501,Real sensor series - Fitzroy Gardens - board 501,42,real_sensor_board_501,16.449338651409626,0,normal
2015-04-16 01:15:00+00:00,17.1,Fitzroy Gardens,501,59.8,95.1,-37.8148084,144.980999,ENV,REAL_501,Real sensor series - Fitzroy Gardens - board 501,42,real_sensor_board_501,16.519470921127702,0,normal
2015-04-16 01:30:00+00:00,17.7,Fitzroy Gardens,501,56.3,95.8,-37.8148084,144.980999,ENV,REAL_501,Real sensor series - Fitzroy Gardens - board 501,42,real_sensor_board_501,16.575576736902164,0,normal
2015-04-16 01:40:00+00:00,19.7,Fitzroy Gardens,501,53.8,96.3,-37.8148084,144.980999,ENV,REAL_501,Real sensor series - Fitzroy Gardens - board 501,42,real_sensor_board_501,16.68046138952173,1,weak_multivariate_excursion
2015-04-16 01:50:00+00:00,21.6,Fitzroy Gardens,501,50.2,96.5,-37.8148084,144.980999,ENV,REAL_501,Real sensor series - Fitzroy Gardens - board 501,42,real_sensor_board_501,16.764369111617388,1,weak_multivariate_excursion
2015-04-16 02:00:00+00:00,20.6,Fitzroy Gardens,501,48.3,96.5,-37.8148084,144.980999,ENV,REAL_501,Real sensor series - Fitzroy Gardens - board 501,42,real_sensor_board_501,16.89149528929391,1,weak_multivariate_excursion
2015-04-16 02:10:00+00:00,19.7,Fitzroy Gardens,501,47.5,96.9,-37.8148084,144.980999,ENV,REAL_501,Real sensor series - Fitzroy Gardens - board 501,42,real_sensor_board_501,16.993196231435128,1,weak_multivariate_excursion
2015-04-16 02:20:00+00:00,21.6,Fitzroy Gardens,501,44.0,96.2,-37.8148084,144.980999,ENV,REAL_501,Real sensor series - Fitzroy Gardens - board 501,42,real_sensor_board_501,17.074556985148103,1,weak_multivariate_excursion
2015-04-16 02:30:00+00:00,20.0,Fitzroy Gardens,501,45.3,96.2,-37.8148084,144.980999,ENV,REAL_501,Real sensor series - Fitzroy Gardens - board 501,42,real_sensor_board_501,17.139645588118483,1,weak_multivariate_excursion
2015-04-16 02:40:00+00:00,17.4,Fitzroy Gardens,501,50.3,94.4,-37.8148084,144.980999,ENV,REAL_501,Real sensor series - Fitzroy Gardens - board 501,42,real_sensor_board_501,17.191716470494786,0,normal
2015-04-16 02:50:00+00:00,17.1,Fitzroy Gardens,501,51.0,94.1,-37.8148084,144.980999,ENV,REAL_501,Real sensor series - Fitzroy Gardens - board 501,42,real_sensor_board_501,17.23337317639583,0,normal
2015-04-16 03:00:00+00:00,16.8,Fitzroy Gardens,501,50.2,93.4,-37.8148084,144.980999,ENV,REAL_501,Real sensor series - Fitzroy Gardens - board 501,42,real_sensor_board_501,17.266698541116664,0,normal
2015-04-16 03:10:00+00:00,16.8,Fitzroy Gardens,501,47.8,94.4,-37.8148084,144.980999,ENV,REAL_501,Real sensor series - Fitzroy Gardens - board 501,42,real_sensor_board_501,17.293358832893333,1,weak_multivariate_excursion
2015-04-16 03:30:00+00:00,21.0,Fitzroy Gardens,501,42.8,96.8,-37.8148084,144.980999,ENV,REAL_501,Real sensor series - Fitzroy Gardens - board 501,42,real_sensor_board_501,17.314687066314665,1,weak_multivariate_excursion
2015-04-16 03:40:00+00:00,21.0,Fitzroy Gardens,501,42.9,97.0,-37.8148084,144.980999,ENV,REAL_501,Real sensor series - Fitzroy Gardens - board 501,42,real_sensor_board_501,17.331749653051734,1,weak_multivariate_excursion
2015-04-16 03:50:00+00:00,21.6,Fitzroy Gardens,501,42.6,97.0,-37.8148084,144.980999,ENV,REAL_501,Real sensor series - Fitzroy Gardens - board 501,42,real_sensor_board_501,17.34539972244139,0,normal
2015-04-16 05:05:00+00:00,19.4,Fitzroy Gardens,501,43.6,97.0,-37.8148084,144.980999,ENV,REAL_501,Real sensor series - Fitzroy Gardens - board 501,42,real_sensor_board_501,17.35631977795311,0,normal
2015-04-16 05:15:00+00:00,20.0,Fitzroy Gardens,501,40.6,95.8,-37.8148084,144.980999,ENV,REAL_501,Real sensor series - Fitzroy Gardens - board 501,42,real_sensor_board_501,17.36505582236249,0,normal
2015-04-16 05:25:00+00:00,17.7,Fitzroy Gardens,501,43.4,95.3,-37.8148084,144.980999,ENV,REAL_501,Real sensor series - Fitzroy Gardens - board 501,42,real_sensor_board_501,17.31204465788999,0,normal
2015-04-16 05:35:00+00:00,18.1,Fitzroy Gardens,501,44.5,94.8,-37.8148084,144.980999,ENV,REAL_501,Real sensor series - Fitzroy Gardens - board 501,42,real_sensor_board_501,17.209635726311994,0,normal
2015-04-16 05:45:00+00:00,17.4,Fitzroy Gardens,501,45.6,95.0,-37.8148084,144.980999,ENV,REAL_501,Real sensor series - Fitzroy Gardens - board 501,42,real_sensor_board_501,17.127708581049596,0,normal
2015-04-16 05:55:00+00:00,16.1,Fitzroy Gardens,501,47.5,93.5,-37.8148084,144.980999,ENV,REAL_501,Real sensor series - Fitzroy Gardens - board 501,42,real_sensor_board_501,17.002166864839676,0,normal
2015-04-16 06:05:00+00:00,16.5,Fitzroy Gardens,501,47.5,94.1,-37.8148084,144.980999,ENV,REAL_501,Real sensor series - Fitzroy Gardens - board 501,42,real_sensor_board_501,16.82173349187174,0,normal
2015-04-16 06:15:00+00:00,15.8,Fitzroy Gardens,501,48.5,91.3,-37.8148084,144.980999,ENV,REAL_501,Real sensor series - Fitzroy Gardens - board 501,42,real_sensor_board_501,16.67738679349739,1,weak_multivariate_excursion
2015-04-16 08:40:00+00:00,13.5,Fitzroy Gardens,501,58.2,0.9,-37.8148084,144.980999,ENV,REAL_501,Real sensor series - Fitzroy Gardens - board 501,42,real_sensor_board_501,16.56190943479791,1,weak_multivariate_excursion
2015-04-17 00:55:00+00:00,15.5,Fitzroy Gardens,501,53.2,94.7,-37.8148084,144.980999,ENV,REAL_501,Real sensor series - Fitzroy Gardens - board 501,42,real_sensor_board_501,16.469527547838332,1,weak_multivariate_excursion
2015-04-17 01:05:00+00:00,15.5,Fitzroy Gardens,501,51.8,94.9,-37.8148084,144.980999,ENV,REAL_501,Real sensor series - Fitzroy Gardens - board 501,42,real_sensor_board_501,16.395622038270666,1,weak_multivariate_excursion
2015-04-17 01:15:00+00:00,16.1,Fitzroy Gardens,501,51.1,94.6,-37.8148084,144.980999,ENV,REAL_501,Real sensor series - Fitzroy Gardens - board 501,42,real_sensor_board_501,16.336497630616535,0,normal
2015-04-17 03:50:00+00:00,15.8,Fitzroy Gardens,501,47.8,89.9,-37.8148084,144.980999,ENV,REAL_501,Real sensor series - Fitzroy Gardens - board 501,42,real_sensor_board_501,16.28919810449323,0,normal
2015-04-17 04:10:00+00:00,15.8,Fitzroy Gardens,501,50.0,89.9,-37.8148084,144.980999,ENV,REAL_501,Real sensor series - Fitzroy Gardens - board 501,42,real_sensor_board_501,16.251358483594586,1,weak_multivariate_excursion
2015-04-17 05:10:00+00:00,13.5,Fitzroy Gardens,501,69.3,85.1,-37.8148084,144.980999,ENV,REAL_501,Real sensor series - Fitzroy Gardens - board 501,42,real_sensor_board_501,16.22108678687567,1,weak_multivariate_excursion
2015-04-17 16:10:00+00:00,12.6,Fitzroy Gardens,501,101.3,0.7,-37.8148084,144.980999,ENV,REAL_501,Real sensor series - Fitzroy Gardens - board 501,42,real_sensor_board_501,16.196869429500538,1,weak_multivariate_excursion
2015-04-17 17:10:00+00:00,12.6,Fitzroy Gardens,501,101.4,0.8,-37.8148084,144.980999,ENV,REAL_501,Real sensor series - Fitzroy Gardens - board 501,42,real_sensor_board_501,16.17749554360043,1,weak_multivariate_excursion
2015-04-17 23:00:00+00:00,13.5,Fitzroy Gardens,501,101.3,80.5,-37.8148084,144.980999,ENV,REAL_501,Real sensor series - Fitzroy Gardens - board 501,42,real_sensor_board_501,16.161996434880344,1,weak_multivariate_excursion
2015-04-18 00:30:00+00:00,15.2,Fitzroy Gardens,501,82.7,92.1,-37.8148084,144.980999,ENV,REAL_501,Real sensor series - Fitzroy Gardens - board 501,42,real_sensor_board_501,16.149597147904274,1,weak_multivariate_excursion
2015-04-18 00:50:00+00:00,16.1,Fitzroy Gardens,501,78.4,91.9,-37.8148084,144.980999,ENV,REAL_501,Real sensor series - Fitzroy Gardens - board 501,42,real_sensor_board_501,16.13967771832342,1,weak_multivariate_excursion
2015-04-18 01:00:00+00:00,15.5,Fitzroy Gardens,501,79.0,91.1,-37.8148084,144.980999,ENV,REAL_501,Real sensor series - Fitzroy Gardens - board 501,42,real_sensor_board_501,16.131742174658736,0,normal
2015-04-18 01:10:00+00:00,15.5,Fitzroy Gardens,501,82.7,87.8,-37.8148084,144.980999,ENV,REAL_501,Real sensor series - Fitzroy Gardens - board 501,42,real_sensor_board_501,16.125393739726988,0,normal
2015-04-18 01:20:00+00:00,15.5,Fitzroy Gardens,501,80.9,86.6,-37.8148084,144.980999,ENV,REAL_501,Real sensor series - Fitzroy Gardens - board 501,42,real_sensor_board_501,16.12031499178159,1,weak_multivariate_excursion
2015-04-18 01:35:00+00:00,15.8,Fitzroy Gardens,501,74.9,93.1,-37.8148084,144.980999,ENV,REAL_501,Real sensor series - Fitzroy Gardens - board 501,42,real_sensor_board_501,16.116251993425273,1,weak_multivariate_excursion
2015-04-18 03:45:00+00:00,23.2,Fitzroy Gardens,501,40.3,97.3,-37.8148084,144.980999,ENV,REAL_501,Real sensor series - Fitzroy Gardens - board 501,42,real_sensor_board_501,16.69300159474022,1,weak_multivariate_excursion
2015-04-18 03:55:00+00:00,24.2,Fitzroy Gardens,501,35.1,97.1,-37.8148084,144.980999,ENV,REAL_501,Real sensor series - Fitzroy Gardens - board 501,42,real_sensor_board_501,17.15440127579218,1,weak_multivariate_excursion
2015-04-18 05:00:00+00:00,23.2,Fitzroy Gardens,501,30.0,97.4,-37.8148084,144.980999,ENV,REAL_501,Real sensor series - Fitzroy Gardens - board 501,42,real_sensor_board_501,17.523521020633744,1,weak_multivariate_excursion
2015-04-18 05:10:00+00:00,24.5,Fitzroy Gardens,501,29.7,97.5,-37.8148084,144.980999,ENV,REAL_501,Real sensor series - Fitzroy Gardens - board 501,42,real_sensor_board_501,17.818816816506995,1,weak_multivariate_excursion
2015-04-18 05:20:00+00:00,23.9,Fitzroy Gardens,501,28.7,97.5,-37.8148084,144.980999,ENV,REAL_501,Real sensor series - Fitzroy Gardens - board 501,42,real_sensor_board_501,18.0550534532056,1,weak_multivariate_excursion
2015-04-18 05:30:00+00:00,24.8,Fitzroy Gardens,501,29.2,97.5,-37.8148084,144.980999,ENV,REAL_501,Real sensor series - Fitzroy Gardens - board 501,42,real_sensor_board_501,18.24404276256448,1,weak_multivariate_excursion
2015-04-18 05:40:00+00:00,24.8,Fitzroy Gardens,501,29.1,97.8,-37.8148084,144.980999,ENV,REAL_501,Real sensor series - Fitzroy Gardens - board 501,42,real_sensor_board_501,18.395234210051584,1,weak_multivariate_excursion
2015-04-18 05:50:00+00:00,24.5,Fitzroy Gardens,501,31.1,94.4,-37.8148084,144.980999,ENV,REAL_501,Real sensor series - Fitzroy Gardens - board 501,42,real_sensor_board_501,18.51618736804127,1,weak_multivariate_excursion
2015-04-18 06:00:00+00:00,22.6,Fitzroy Gardens,501,33.9,97.7,-37.8148084,144.980999,ENV,REAL_501,Real sensor series - Fitzroy Gardens - board 501,42,real_sensor_board_501,18.612949894433015,1,weak_multivariate_excursion
2015-04-18 06:10:00+00:00,24.5,Fitzroy Gardens,501,29.5,97.7,-37.8148084,144.980999,ENV,REAL_501,Real sensor series - Fitzroy Gardens - board 501,42,real_sensor_board_501,18.690359915546413,1,weak_multivariate_excursion
2015-04-18 06:20:00+00:00,22.6,Fitzroy Gardens,501,32.1,92.2,-37.8148084,144.980999,ENV,REAL_501,Real sensor series - Fitzroy Gardens - board 501,42,real_sensor_board_501,18.75228793243713,1,weak_multivariate_excursion
2015-04-18 06:30:00+00:00,20.3,Fitzroy Gardens,501,36.3,89.4,-37.8148084,144.980999,ENV,REAL_501,Real sensor series - Fitzroy Gardens - board 501,42,real_sensor_board_501,18.801830345949707,1,weak_multivariate_excursion
2015-04-18 06:40:00+00:00,19.7,Fitzroy Gardens,501,37.1,86.8,-37.8148084,144.980999,ENV,REAL_501,Real sensor series - Fitzroy Gardens - board 501,42,real_sensor_board_501,18.841464276759766,0,normal
2015-04-18 06:50:00+00:00,19.7,Fitzroy Gardens,501,36.8,84.4,-37.8148084,144.980999,ENV,REAL_501,Real sensor series - Fitzroy Gardens - board 501,42,real_sensor_board_501,18.873171421407815,0,normal
2015-04-18 07:00:00+00:00,19.4,Fitzroy Gardens,501,37.1,83.1,-37.8148084,144.980999,ENV,REAL_501,Real sensor series - Fitzroy Gardens - board 501,42,real_sensor_board_501,18.89853713712625,0,normal
2015-04-18 07:10:00+00:00,19.0,Fitzroy Gardens,501,37.7,81.3,-37.8148084,144.980999,ENV,REAL_501,Real sensor series - Fitzroy Gardens - board 501,42,real_sensor_board_501,18.918829709701,0,normal
2015-04-18 07:20:00+00:00,18.7,Fitzroy Gardens,501,38.2,74.7,-37.8148084,144.980999,ENV,REAL_501,Real sensor series - Fitzroy Gardens - board 501,42,real_sensor_board_501,18.8750637677608,1,weak_multivariate_excursion
2015-04-18 07:30:00+00:00,18.4,Fitzroy Gardens,501,39.6,62.8,-37.8148084,144.980999,ENV,REAL_501,Real sensor series - Fitzroy Gardens - board 501,42,real_sensor_board_501,18.84005101420864,1,weak_multivariate_excursion
2015-04-18 07:40:00+00:00,18.7,Fitzroy Gardens,501,38.2,44.5,-37.8148084,144.980999,ENV,REAL_501,Real sensor series - Fitzroy Gardens - board 501,42,real_sensor_board_501,18.75204081136691,1,weak_multivariate_excursion
2015-04-18 07:50:00+00:00,17.7,Fitzroy Gardens,501,42.1,21.8,-37.8148084,144.980999,ENV,REAL_501,Real sensor series - Fitzroy Gardens - board 501,42,real_sensor_board_501,18.54163264909353,1,weak_multivariate_excursion
2015-04-18 08:55:00+00:00,13.9,Fitzroy Gardens,501,82.2,1.3,-37.8148084,144.980999,ENV,REAL_501,Real sensor series - Fitzroy Gardens - board 501,42,real_sensor_board_501,18.193306119274823,1,weak_multivariate_excursion
2015-04-22 13:10:00+00:00,13.9,Fitzroy Gardens,501,92.1,1.0,-37.8148084,144.980999,ENV,REAL_501,Real sensor series - Fitzroy Gardens - board 501,42,real_sensor_board_501,17.71464489541986,1,weak_multivariate_excursion
2015-04-22 23:10:00+00:00,13.9,Fitzroy Gardens,501,92.1,1.0,-37.8148084,144.980999,ENV,REAL_501,Real sensor series - Fitzroy Gardens - board 501,42,real_sensor_board_501,17.331715916335888,1,weak_multivariate_excursion
2015-04-23 09:05:00+00:00,14.2,Fitzroy Gardens,501,95.0,89.7,-37.8148084,144.980999,ENV,REAL_501,Real sensor series - Fitzroy Gardens - board 501,42,real_sensor_board_501,17.02537273306871,1,weak_multivariate_excursion
2015-04-23 09:15:00+00:00,14.8,Fitzroy Gardens,501,92.0,93.0,-37.8148084,144.980999,ENV,REAL_501,Real sensor series - Fitzroy Gardens - board 501,42,real_sensor_board_501,16.78029818645497,1,weak_multivariate_excursion
2015-04-23 09:25:00+00:00,14.8,Fitzroy Gardens,501,89.8,92.3,-37.8148084,144.980999,ENV,REAL_501,Real sensor series - Fitzroy Gardens - board 501,42,real_sensor_board_501,16.584238549163977,0,normal
2015-04-23 10:30:00+00:00,16.8,Fitzroy Gardens,501,76.7,93.3,-37.8148084,144.980999,ENV,REAL_501,Real sensor series - Fitzroy Gardens - board 501,42,real_sensor_board_501,16.367390839331183,1,weak_multivariate_excursion
2015-04-23 18:40:00+00:00,15.8,Fitzroy Gardens,501,91.3,0.9,-37.8148084,144.980999,ENV,REAL_501,Real sensor series - Fitzroy Gardens - board 501,42,real_sensor_board_501,16.193912671464947,1,weak_multivariate_excursion
2015-04-23 19:00:00+00:00,15.8,Fitzroy Gardens,501,91.5,1.0,-37.8148084,144.980999,ENV,REAL_501,Real sensor series - Fitzroy Gardens - board 501,42,real_sensor_board_501,15.995130137171959,1,weak_multivariate_excursion
2015-04-23 19:10:00+00:00,15.8,Fitzroy Gardens,501,92.3,1.0,-37.8148084,144.980999,ENV,REAL_501,Real sensor series - Fitzroy Gardens - board 501,42,real_sensor_board_501,15.836104109737569,0,normal
2015-04-23 19:20:00+00:00,15.8,Fitzroy Gardens,501,92.0,1.0,-37.8148084,144.980999,ENV,REAL_501,Real sensor series - Fitzroy Gardens - board 501,42,real_sensor_board_501,15.628883287790057,0,normal
2015-04-23 19:30:00+00:00,15.8,Fitzroy Gardens,501,92.0,0.9,-37.8148084,144.980999,ENV,REAL_501,Real sensor series - Fitzroy Gardens - board 501,42,real_sensor_board_501,15.463106630232048,0,normal
2015-04-23 19:40:00+00:00,15.5,Fitzroy Gardens,501,92.3,0.9,-37.8148084,144.980999,ENV,REAL_501,Real sensor series - Fitzroy Gardens - board 501,42,real_sensor_board_501,15.33048530418564,0,normal
2015-04-23 19:55:00+00:00,15.5,Fitzroy Gardens,501,94.3,0.9,-37.8148084,144.980999,ENV,REAL_501,Real sensor series - Fitzroy Gardens - board 501,42,real_sensor_board_501,15.224388243348514,0,normal
2015-04-23 20:05:00+00:00,15.2,Fitzroy Gardens,501,94.3,0.8,-37.8148084,144.980999,ENV,REAL_501,Real sensor series - Fitzroy Gardens - board 501,42,real_sensor_board_501,15.139510594678812,0,normal
2015-04-23 20:15:00+00:00,15.2,Fitzroy Gardens,501,94.0,0.8,-37.8148084,144.980999,ENV,REAL_501,Real sensor series - Fitzroy Gardens - board 501,42,real_sensor_board_501,15.071608475743052,0,normal
2015-04-23 20:25:00+00:00,14.8,Fitzroy Gardens,501,95.8,0.8,-37.8148084,144.980999,ENV,REAL_501,Real sensor series - Fitzroy Gardens - board 501,42,real_sensor_board_501,15.017286780594443,0,normal
2015-04-23 20:35:00+00:00,14.5,Fitzroy Gardens,501,97.2,0.8,-37.8148084,144.980999,ENV,REAL_501,Real sensor series - Fitzroy Gardens - board 501,42,real_sensor_board_501,14.973829424475555,0,normal
2015-04-23 20:45:00+00:00,14.8,Fitzroy Gardens,501,97.8,0.8,-37.8148084,144.980999,ENV,REAL_501,Real sensor series - Fitzroy Gardens - board 501,42,real_sensor_board_501,14.939063539580445,0,normal
2015-04-23 20:55:00+00:00,14.5,Fitzroy Gardens,501,97.8,0.9,-37.8148084,144.980999,ENV,REAL_501,Real sensor series - Fitzroy Gardens - board 501,42,real_sensor_board_501,14.991250831664356,0,normal
2015-04-23 21:05:00+00:00,14.5,Fitzroy Gardens,501,98.3,0.9,-37.8148084,144.980999,ENV,REAL_501,Real sensor series - Fitzroy Gardens - board 501,42,real_sensor_board_501,15.033000665331485,0,normal
2015-04-23 21:15:00+00:00,14.8,Fitzroy Gardens,501,98.6,0.9,-37.8148084,144.980999,ENV,REAL_501,Real sensor series - Fitzroy Gardens - board 501,42,real_sensor_board_501,15.126400532265189,0,normal
2015-04-23 21:25:00+00:00,14.5,Fitzroy Gardens,501,98.6,0.9,-37.8148084,144.980999,ENV,REAL_501,Real sensor series - Fitzroy Gardens - board 501,42,real_sensor_board_501,15.201120425812151,0,normal
2015-04-23 21:35:00+00:00,14.5,Fitzroy Gardens,501,98.6,0.8,-37.8148084,144.980999,ENV,REAL_501,Real sensor series - Fitzroy Gardens - board 501,42,real_sensor_board_501,15.26089634064972,0,normal
2015-04-23 21:45:00+00:00,14.5,Fitzroy Gardens,501,98.9,0.9,-37.8148084,144.980999,ENV,REAL_501,Real sensor series - Fitzroy Gardens - board 501,42,real_sensor_board_501,15.308717072519777,0,normal
2015-04-23 23:10:00+00:00,13.5,Fitzroy Gardens,501,100.8,0.8,-37.8148084,144.980999,ENV,REAL_501,Real sensor series - Fitzroy Gardens - board 501,42,real_sensor_board_501,15.346973658015822,0,normal
2015-04-24 06:20:00+00:00,12.9,Fitzroy Gardens,501,100.8,0.8,-37.8148084,144.980999,ENV,REAL_501,Real sensor series - Fitzroy Gardens - board 501,42,real_sensor_board_501,15.377578926412658,1,weak_multivariate_excursion
2015-04-24 09:55:00+00:00,17.1,Fitzroy Gardens,501,75.3,92.4,-37.8148084,144.980999,ENV,REAL_501,Real sensor series - Fitzroy Gardens - board 501,42,real_sensor_board_501,15.402063141130126,1,weak_multivariate_excursion
2015-04-25 18:55:00+00:00,12.9,Fitzroy Gardens,501,101.0,0.6,-37.8148084,144.980999,ENV,REAL_501,Real sensor series - Fitzroy Gardens - board 501,42,real_sensor_board_501,15.421650512904101,1,weak_multivariate_excursion
2015-04-28 14:40:00+00:00,20.3,Fitzroy Gardens,501,41.4,97.3,-37.8148084,144.980999,ENV,REAL_501,Real sensor series - Fitzroy Gardens - board 501,42,real_sensor_board_501,15.557320410323282,1,weak_multivariate_excursion
2015-04-28 14:50:00+00:00,19.7,Fitzroy Gardens,501,44.7,97.0,-37.8148084,144.980999,ENV,REAL_501,Real sensor series - Fitzroy Gardens - board 501,42,real_sensor_board_501,15.805856328258628,1,weak_multivariate_excursion
2015-04-28 17:45:00+00:00,11.6,Fitzroy Gardens,501,84.2,21.7,-37.8148084,144.980999,ENV,REAL_501,Real sensor series - Fitzroy Gardens - board 501,42,real_sensor_board_501,16.004685062606903,1,weak_multivariate_excursion
2015-04-29 14:50:00+00:00,21.6,Fitzroy Gardens,501,38.4,97.2,-37.8148084,144.980999,ENV,REAL_501,Real sensor series - Fitzroy Gardens - board 501,42,real_sensor_board_501,16.163748050085523,1,weak_multivariate_excursion
2015-04-30 11:35:00+00:00,16.1,Fitzroy Gardens,501,68.8,93.0,-37.8148084,144.980999,ENV,REAL_501,Real sensor series - Fitzroy Gardens - board 501,42,real_sensor_board_501,16.35099844006842,1,weak_multivariate_excursion
2015-04-30 14:55:00+00:00,21.9,Fitzroy Gardens,501,49.6,97.2,-37.8148084,144.980999,ENV,REAL_501,Real sensor series - Fitzroy Gardens - board 501,42,real_sensor_board_501,16.500798752054738,1,weak_multivariate_excursion
2015-04-30 15:05:00+00:00,22.3,Fitzroy Gardens,501,45.9,97.3,-37.8148084,144.980999,ENV,REAL_501,Real sensor series - Fitzroy Gardens - board 501,42,real_sensor_board_501,16.62063900164379,1,weak_multivariate_excursion
2015-04-30 15:15:00+00:00,23.5,Fitzroy Gardens,501,41.7,97.3,-37.8148084,144.980999,ENV,REAL_501,Real sensor series - Fitzroy Gardens - board 501,42,real_sensor_board_501,16.716511201315036,1,weak_multivariate_excursion
2015-04-30 15:25:00+00:00,23.2,Fitzroy Gardens,501,40.4,97.3,-37.8148084,144.980999,ENV,REAL_501,Real sensor series - Fitzroy Gardens - board 501,42,real_sensor_board_501,16.79320896105203,1,weak_multivariate_excursion
2015-04-30 15:40:00+00:00,23.2,Fitzroy Gardens,501,36.0,97.3,-37.8148084,144.980999,ENV,REAL_501,Real sensor series - Fitzroy Gardens - board 501,42,real_sensor_board_501,16.854567168841626,0,normal
2015-04-30 15:50:00+00:00,23.2,Fitzroy Gardens,501,31.1,97.3,-37.8148084,144.980999,ENV,REAL_501,Real sensor series - Fitzroy Gardens - board 501,42,real_sensor_board_501,16.903653735073302,0,normal
2015-04-30 16:00:00+00:00,22.3,Fitzroy Gardens,501,33.5,97.2,-37.8148084,144.980999,ENV,REAL_501,Real sensor series - Fitzroy Gardens - board 501,42,real_sensor_board_501,17.06292298805864,1,weak_multivariate_excursion
2015-04-30 16:10:00+00:00,19.7,Fitzroy Gardens,501,35.7,89.9,-37.8148084,144.980999,ENV,REAL_501,Real sensor series - Fitzroy Gardens - board 501,42,real_sensor_board_501,17.190338390446914,1,weak_multivariate_excursion
2015-04-30 16:20:00+00:00,17.7,Fitzroy Gardens,501,39.5,89.9,-37.8148084,144.980999,ENV,REAL_501,Real sensor series - Fitzroy Gardens - board 501,42,real_sensor_board_501,17.29227071235753,1,weak_multivariate_excursion
2015-04-30 16:30:00+00:00,17.1,Fitzroy Gardens,501,43.3,92.3,-37.8148084,144.980999,ENV,REAL_501,Real sensor series - Fitzroy Gardens - board 501,42,real_sensor_board_501,17.373816569886024,1,weak_multivariate_excursion
2015-04-30 16:40:00+00:00,18.7,Fitzroy Gardens,501,40.1,95.9,-37.8148084,144.980999,ENV,REAL_501,Real sensor series - Fitzroy Gardens - board 501,42,real_sensor_board_501,17.43905325590882,1,weak_multivariate_excursion
2015-04-30 16:50:00+00:00,16.8,Fitzroy Gardens,501,43.6,85.7,-37.8148084,144.980999,ENV,REAL_501,Real sensor series - Fitzroy Gardens - board 501,42,real_sensor_board_501,17.431242604727057,1,weak_multivariate_excursion
2015-04-30 17:00:00+00:00,15.8,Fitzroy Gardens,501,45.9,80.8,-37.8148084,144.980999,ENV,REAL_501,Real sensor series - Fitzroy Gardens - board 501,42,real_sensor_board_501,17.424994083781645,1,weak_multivariate_excursion
2015-04-30 19:05:00+00:00,11.0,Fitzroy Gardens,501,85.2,0.8,-37.8148084,144.980999,ENV,REAL_501,Real sensor series - Fitzroy Gardens - board 501,42,real_sensor_board_501,17.419995267025318,1,weak_multivariate_excursion
2015-05-01 13:50:00+00:00,26.5,Fitzroy Gardens,501,31.0,97.1,-37.8148084,144.980999,ENV,REAL_501,Real sensor series - Fitzroy Gardens - board 501,42,real_sensor_board_501,17.415996213620254,1,weak_multivariate_excursion
2015-05-01 14:15:00+00:00,26.8,Fitzroy Gardens,501,28.9,97.2,-37.8148084,144.980999,ENV,REAL_501,Real sensor series - Fitzroy Gardens - board 501,42,real_sensor_board_501,17.412796970896203,1,weak_multivariate_excursion
2015-05-02 09:00:00+00:00,15.5,Fitzroy Gardens,501,71.2,86.3,-37.8148084,144.980999,ENV,REAL_501,Real sensor series - Fitzroy Gardens - board 501,42,real_sensor_board_501,17.350237576716964,1,weak_multivariate_excursion
2015-05-02 09:15:00+00:00,15.5,Fitzroy Gardens,501,70.8,85.6,-37.8148084,144.980999,ENV,REAL_501,Real sensor series - Fitzroy Gardens - board 501,42,real_sensor_board_501,17.300190061373574,1,weak_multivariate_excursion
2015-05-02 09:25:00+00:00,15.8,Fitzroy Gardens,501,70.2,87.8,-37.8148084,144.980999,ENV,REAL_501,Real sensor series - Fitzroy Gardens - board 501,42,real_sensor_board_501,17.20015204909886,0,normal
2015-05-02 09:35:00+00:00,15.8,Fitzroy Gardens,501,69.9,88.2,-37.8148084,144.980999,ENV,REAL_501,Real sensor series - Fitzroy Gardens - board 501,42,real_sensor_board_501,17.12012163927909,0,normal
2015-05-02 10:05:00+00:00,16.1,Fitzroy Gardens,501,67.8,87.7,-37.8148084,144.980999,ENV,REAL_501,Real sensor series - Fitzroy Gardens - board 501,42,real_sensor_board_501,16.996097311423274,1,weak_multivariate_excursion
2015-05-02 18:45:00+00:00,17.7,Fitzroy Gardens,501,58.4,0.8,-37.8148084,144.980999,ENV,REAL_501,Real sensor series - Fitzroy Gardens - board 501,42,real_sensor_board_501,16.89687784913862,1,weak_multivariate_excursion
2015-05-02 19:00:00+00:00,17.4,Fitzroy Gardens,501,59.6,0.8,-37.8148084,144.980999,ENV,REAL_501,Real sensor series - Fitzroy Gardens - board 501,42,real_sensor_board_501,16.817502279310897,1,weak_multivariate_excursion
2015-05-02 19:10:00+00:00,17.4,Fitzroy Gardens,501,60.1,0.8,-37.8148084,144.980999,ENV,REAL_501,Real sensor series - Fitzroy Gardens - board 501,42,real_sensor_board_501,16.754001823448718,0,normal
2015-05-02 19:20:00+00:00,17.4,Fitzroy Gardens,501,60.9,0.9,-37.8148084,144.980999,ENV,REAL_501,Real sensor series - Fitzroy Gardens - board 501,42,real_sensor_board_501,16.703201458758976,0,normal
2015-05-02 19:30:00+00:00,17.1,Fitzroy Gardens,501,61.2,0.9,-37.8148084,144.980999,ENV,REAL_501,Real sensor series - Fitzroy Gardens - board 501,42,real_sensor_board_501,16.66256116700718,0,normal
2015-05-02 19:40:00+00:00,16.8,Fitzroy Gardens,501,63.6,0.8,-37.8148084,144.980999,ENV,REAL_501,Real sensor series - Fitzroy Gardens - board 501,42,real_sensor_board_501,16.550048933605744,0,normal
2015-05-02 19:50:00+00:00,16.5,Fitzroy Gardens,501,65.3,0.8,-37.8148084,144.980999,ENV,REAL_501,Real sensor series - Fitzroy Gardens - board 501,42,real_sensor_board_501,16.460039146884597,0,normal
2015-05-02 20:00:00+00:00,16.5,Fitzroy Gardens,501,66.9,0.9,-37.8148084,144.980999,ENV,REAL_501,Real sensor series - Fitzroy Gardens - board 501,42,real_sensor_board_501,16.468031317507677,0,normal
2015-05-02 20:10:00+00:00,16.5,Fitzroy Gardens,501,66.1,0.9,-37.8148084,144.980999,ENV,REAL_501,Real sensor series - Fitzroy Gardens - board 501,42,real_sensor_board_501,16.474425054006144,0,normal
2015-05-02 20:20:00+00:00,16.5,Fitzroy Gardens,501,68.0,0.8,-37.8148084,144.980999,ENV,REAL_501,Real sensor series - Fitzroy Gardens - board 501,42,real_sensor_board_501,16.479540043204917,0,normal
2015-05-02 20:30:00+00:00,16.5,Fitzroy Gardens,501,66.3,0.8,-37.8148084,144.980999,ENV,REAL_501,Real sensor series - Fitzroy Gardens - board 501,42,real_sensor_board_501,16.483632034563936,0,normal
2015-05-02 20:40:00+00:00,16.5,Fitzroy Gardens,501,68.2,0.8,-37.8148084,144.980999,ENV,REAL_501,Real sensor series - Fitzroy Gardens - board 501,42,real_sensor_board_501,16.48690562765115,0,normal
2015-05-02 20:50:00+00:00,15.8,Fitzroy Gardens,501,70.4,0.8,-37.8148084,144.980999,ENV,REAL_501,Real sensor series - Fitzroy Gardens - board 501,42,real_sensor_board_501,16.489524502120922,0,normal
2015-05-02 21:00:00+00:00,16.1,Fitzroy Gardens,501,66.6,0.8,-37.8148084,144.980999,ENV,REAL_501,Real sensor series - Fitzroy Gardens - board 501,42,real_sensor_board_501,16.491619601696737,0,normal
2015-05-02 21:10:00+00:00,14.8,Fitzroy Gardens,501,97.3,0.9,-37.8148084,144.980999,ENV,REAL_501,Real sensor series - Fitzroy Gardens - board 501,42,real_sensor_board_501,16.49329568135739,0,normal
2015-05-02 21:20:00+00:00,13.9,Fitzroy Gardens,501,101.4,0.9,-37.8148084,144.980999,ENV,REAL_501,Real sensor series - Fitzroy Gardens - board 501,42,real_sensor_board_501,16.494636545085914,0,normal
2015-05-02 21:30:00+00:00,13.9,Fitzroy Gardens,501,101.3,0.9,-37.8148084,144.980999,ENV,REAL_501,Real sensor series - Fitzroy Gardens - board 501,42,real_sensor_board_501,16.49570923606873,0,normal
2015-05-02 21:40:00+00:00,13.5,Fitzroy Gardens,501,101.0,0.9,-37.8148084,144.980999,ENV,REAL_501,Real sensor series - Fitzroy Gardens - board 501,42,real_sensor_board_501,16.496567388854984,0,normal
2015-05-02 22:35:00+00:00,12.6,Fitzroy Gardens,501,101.3,0.9,-37.8148084,144.980999,ENV,REAL_501,Real sensor series - Fitzroy Gardens - board 501,42,real_sensor_board_501,16.497253911083988,0,normal
2015-05-02 23:05:00+00:00,11.9,Fitzroy Gardens,501,100.8,0.9,-37.8148084,144.980999,ENV,REAL_501,Real sensor series - Fitzroy Gardens - board 501,42,real_sensor_board_501,16.49780312886719,0,normal
2015-05-02 23:15:00+00:00,12.3,Fitzroy Gardens,501,101.3,0.9,-37.8148084,144.980999,ENV,REAL_501,Real sensor series - Fitzroy Gardens - board 501,42,real_sensor_board_501,16.498242503093753,1,weak_multivariate_excursion
2015-05-04 18:10:00+00:00,18.1,Fitzroy Gardens,501,41.8,0.8,-37.8148084,144.980999,ENV,REAL_501,Real sensor series - Fitzroy Gardens - board 501,42,real_sensor_board_501,16.498594002475002,1,weak_multivariate_excursion
2015-05-04 19:05:00+00:00,17.4,Fitzroy Gardens,501,43.7,0.8,-37.8148084,144.980999,ENV,REAL_501,Real sensor series - Fitzroy Gardens - board 501,42,real_sensor_board_501,16.498875201980002,1,weak_multivariate_excursion
2015-05-04 19:15:00+00:00,17.4,Fitzroy Gardens,501,44.2,0.8,-37.8148084,144.980999,ENV,REAL_501,Real sensor series - Fitzroy Gardens - board 501,42,real_sensor_board_501,16.499100161584003,0,normal
2015-05-04 19:25:00+00:00,17.4,Fitzroy Gardens,501,43.9,0.8,-37.8148084,144.980999,ENV,REAL_501,Real sensor series - Fitzroy Gardens - board 501,42,real_sensor_board_501,16.499280129267202,0,normal
2015-05-04 19:35:00+00:00,17.4,Fitzroy Gardens,501,44.4,0.9,-37.8148084,144.980999,ENV,REAL_501,Real sensor series - Fitzroy Gardens - board 501,42,real_sensor_board_501,16.499424103413762,0,normal
2015-05-04 19:45:00+00:00,17.7,Fitzroy Gardens,501,43.4,0.9,-37.8148084,144.980999,ENV,REAL_501,Real sensor series - Fitzroy Gardens - board 501,42,real_sensor_board_501,16.61953928273101,0,normal
2015-05-05 04:15:00+00:00,15.8,Fitzroy Gardens,501,42.6,1.0,-37.8148084,144.980999,ENV,REAL_501,Real sensor series - Fitzroy Gardens - board 501,42,real_sensor_board_501,16.71563142618481,0,normal
2015-05-05 04:25:00+00:00,15.8,Fitzroy Gardens,501,42.3,1.0,-37.8148084,144.980999,ENV,REAL_501,Real sensor series - Fitzroy Gardens - board 501,42,real_sensor_board_501,16.79250514094785,1,weak_multivariate_excursion
2015-05-09 01:55:00+00:00,12.6,Fitzroy Gardens,501,71.3,1.0,-37.8148084,144.980999,ENV,REAL_501,Real sensor series - Fitzroy Gardens - board 501,42,real_sensor_board_501,16.854004112758282,1,weak_multivariate_excursion
2015-05-09 02:15:00+00:00,12.6,Fitzroy Gardens,501,72.6,1.0,-37.8148084,144.980999,ENV,REAL_501,Real sensor series - Fitzroy Gardens - board 501,42,real_sensor_board_501,16.963203290206625,1,weak_multivariate_excursion
2015-05-09 10:25:00+00:00,16.5,Fitzroy Gardens,501,61.2,95.0,-37.8148084,144.980999,ENV,REAL_501,Real sensor series - Fitzroy Gardens - board 501,42,real_sensor_board_501,17.0505626321653,1,weak_multivariate_excursion
2015-05-09 10:55:00+00:00,18.1,Fitzroy Gardens,501,52.9,94.5,-37.8148084,144.980999,ENV,REAL_501,Real sensor series - Fitzroy Gardens - board 501,42,real_sensor_board_501,17.12045010573224,1,weak_multivariate_excursion
2015-05-09 11:05:00+00:00,17.4,Fitzroy Gardens,501,54.9,94.1,-37.8148084,144.980999,ENV,REAL_501,Real sensor series - Fitzroy Gardens - board 501,42,real_sensor_board_501,17.17636008458579,0,normal
2015-05-09 11:20:00+00:00,18.1,Fitzroy Gardens,501,52.7,94.9,-37.8148084,144.980999,ENV,REAL_501,Real sensor series - Fitzroy Gardens - board 501,42,real_sensor_board_501,17.221088067668635,0,normal
2015-05-09 11:30:00+00:00,19.7,Fitzroy Gardens,501,50.7,95.5,-37.8148084,144.980999,ENV,REAL_501,Real sensor series - Fitzroy Gardens - board 501,42,real_sensor_board_501,17.25687045413491,0,normal
2015-05-09 11:40:00+00:00,17.7,Fitzroy Gardens,501,49.9,95.2,-37.8148084,144.980999,ENV,REAL_501,Real sensor series - Fitzroy Gardens - board 501,42,real_sensor_board_501,17.285496363307928,0,normal
2015-05-09 11:50:00+00:00,18.1,Fitzroy Gardens,501,51.9,94.5,-37.8148084,144.980999,ENV,REAL_501,Real sensor series - Fitzroy Gardens - board 501,42,real_sensor_board_501,17.30839709064634,0,normal
2015-05-09 12:00:00+00:00,17.1,Fitzroy Gardens,501,54.8,93.5,-37.8148084,144.980999,ENV,REAL_501,Real sensor series - Fitzroy Gardens - board 501,42,real_sensor_board_501,17.326717672517074,0,normal
2015-05-09 12:10:00+00:00,17.4,Fitzroy Gardens,501,53.2,93.4,-37.8148084,144.980999,ENV,REAL_501,Real sensor series - Fitzroy Gardens - board 501,42,real_sensor_board_501,17.34137413801366,0,normal
2015-05-09 12:20:00+00:00,17.4,Fitzroy Gardens,501,49.6,94.0,-37.8148084,144.980999,ENV,REAL_501,Real sensor series - Fitzroy Gardens - board 501,42,real_sensor_board_501,17.29309931041093,0,normal
2015-05-09 12:30:00+00:00,17.1,Fitzroy Gardens,501,50.2,92.4,-37.8148084,144.980999,ENV,REAL_501,Real sensor series - Fitzroy Gardens - board 501,42,real_sensor_board_501,17.254479448328745,0,normal
2015-05-09 12:40:00+00:00,17.1,Fitzroy Gardens,501,51.1,93.4,-37.8148084,144.980999,ENV,REAL_501,Real sensor series - Fitzroy Gardens - board 501,42,real_sensor_board_501,17.223583558662998,0,normal
2015-05-09 12:50:00+00:00,16.8,Fitzroy Gardens,501,49.9,94.4,-37.8148084,144.980999,ENV,REAL_501,Real sensor series - Fitzroy Gardens - board 501,42,real_sensor_board_501,17.1988668469304,0,normal
2015-05-09 13:00:00+00:00,17.7,Fitzroy Gardens,501,48.3,94.9,-37.8148084,144.980999,ENV,REAL_501,Real sensor series - Fitzroy Gardens - board 501,42,real_sensor_board_501,17.17909347754432,0,normal
2015-05-09 13:10:00+00:00,18.1,Fitzroy Gardens,501,47.8,94.1,-37.8148084,144.980999,ENV,REAL_501,Real sensor series - Fitzroy Gardens - board 501,42,real_sensor_board_501,17.163274782035458,0,normal
2015-05-09 13:20:00+00:00,17.7,Fitzroy Gardens,501,47.3,93.2,-37.8148084,144.980999,ENV,REAL_501,Real sensor series - Fitzroy Gardens - board 501,42,real_sensor_board_501,17.150619825628368,0,normal
2015-05-09 13:30:00+00:00,17.1,Fitzroy Gardens,501,48.9,91.6,-37.8148084,144.980999,ENV,REAL_501,Real sensor series - Fitzroy Gardens - board 501,42,real_sensor_board_501,17.140495860502696,0,normal
2015-05-09 13:40:00+00:00,17.4,Fitzroy Gardens,501,48.6,92.5,-37.8148084,144.980999,ENV,REAL_501,Real sensor series - Fitzroy Gardens - board 501,42,real_sensor_board_501,17.13239668840216,0,normal
2015-05-09 13:50:00+00:00,17.4,Fitzroy Gardens,501,49.6,95.3,-37.8148084,144.980999,ENV,REAL_501,Real sensor series - Fitzroy Gardens - board 501,42,real_sensor_board_501,17.12591735072173,0,normal
2015-05-09 14:10:00+00:00,17.1,Fitzroy Gardens,501,48.6,93.0,-37.8148084,144.980999,ENV,REAL_501,Real sensor series - Fitzroy Gardens - board 501,42,real_sensor_board_501,17.120733880577383,1,weak_multivariate_excursion
2015-05-09 19:00:00+00:00,14.5,Fitzroy Gardens,501,76.2,0.9,-37.8148084,144.980999,ENV,REAL_501,Real sensor series - Fitzroy Gardens - board 501,42,real_sensor_board_501,17.116587104461907,1,weak_multivariate_excursion
2015-05-10 03:00:00+00:00,13.2,Fitzroy Gardens,501,82.0,0.8,-37.8148084,144.980999,ENV,REAL_501,Real sensor series - Fitzroy Gardens - board 501,42,real_sensor_board_501,17.083269683569526,1,weak_multivariate_excursion
2015-05-11 03:00:00+00:00,13.5,Fitzroy Gardens,501,89.3,1.0,-37.8148084,144.980999,ENV,REAL_501,Real sensor series - Fitzroy Gardens - board 501,42,real_sensor_board_501,17.026615746855622,0,normal
2015-05-11 23:10:00+00:00,12.9,Fitzroy Gardens,501,86.5,0.9,-37.8148084,144.980999,ENV,REAL_501,Real sensor series - Fitzroy Gardens - board 501,42,real_sensor_board_501,16.981292597484497,0,normal
2015-05-12 02:05:00+00:00,13.5,Fitzroy Gardens,501,76.8,0.9,-37.8148084,144.980999,ENV,REAL_501,Real sensor series - Fitzroy Gardens - board 501,42,real_sensor_board_501,16.9450340779876,1,weak_multivariate_excursion
2015-05-12 11:00:00+00:00,14.5,Fitzroy Gardens,501,68.5,92.2,-37.8148084,144.980999,ENV,REAL_501,Real sensor series - Fitzroy Gardens - board 501,42,real_sensor_board_501,16.88602726239008,1,weak_multivariate_excursion
2015-05-12 15:05:00+00:00,11.9,Fitzroy Gardens,501,60.9,85.3,-37.8148084,144.980999,ENV,REAL_501,Real sensor series - Fitzroy Gardens - board 501,42,real_sensor_board_501,16.808821809912065,1,weak_multivariate_excursion
2015-05-19 04:10:00+00:00,12.6,Fitzroy Gardens,501,58.1,0.9,-37.8148084,144.980999,ENV,REAL_501,Real sensor series - Fitzroy Gardens - board 501,42,real_sensor_board_501,16.707057447929653,1,weak_multivariate_excursion
2015-05-20 11:00:00+00:00,18.1,Fitzroy Gardens,501,63.9,93.9,-37.8148084,144.980999,ENV,REAL_501,Real sensor series - Fitzroy Gardens - board 501,42,real_sensor_board_501,16.585645958343726,1,weak_multivariate_excursion
2015-05-20 11:10:00+00:00,16.8,Fitzroy Gardens,501,64.2,93.6,-37.8148084,144.980999,ENV,REAL_501,Real sensor series - Fitzroy Gardens - board 501,42,real_sensor_board_501,16.458516766674983,1,weak_multivariate_excursion
2015-05-20 11:20:00+00:00,18.1,Fitzroy Gardens,501,60.6,95.6,-37.8148084,144.980999,ENV,REAL_501,Real sensor series - Fitzroy Gardens - board 501,42,real_sensor_board_501,16.326813413339988,0,normal
2015-05-20 13:55:00+00:00,16.5,Fitzroy Gardens,501,61.9,91.4,-37.8148084,144.980999,ENV,REAL_501,Real sensor series - Fitzroy Gardens - board 501,42,real_sensor_board_501,16.191450730671992,0,normal
2015-05-20 14:05:00+00:00,16.1,Fitzroy Gardens,501,65.0,88.2,-37.8148084,144.980999,ENV,REAL_501,Real sensor series - Fitzroy Gardens - board 501,42,real_sensor_board_501,16.053160584537594,0,normal
2015-05-20 14:25:00+00:00,15.5,Fitzroy Gardens,501,69.3,84.5,-37.8148084,144.980999,ENV,REAL_501,Real sensor series - Fitzroy Gardens - board 501,42,real_sensor_board_501,15.842528467630075,0,normal
2015-05-20 14:45:00+00:00,15.8,Fitzroy Gardens,501,68.2,80.9,-37.8148084,144.980999,ENV,REAL_501,Real sensor series - Fitzroy Gardens - board 501,42,real_sensor_board_501,15.57402277410406,1,weak_multivariate_excursion
2015-05-22 10:35:00+00:00,13.2,Fitzroy Gardens,501,100.0,93.0,-37.8148084,144.980999,ENV,REAL_501,Real sensor series - Fitzroy Gardens - board 501,42,real_sensor_board_501,15.35921821928325,1,weak_multivariate_excursion
