timestamp,temp_observed,location,boardid,humidity_avg,light_avg,latitude,longitude,model,scenario_id,scenario_name,seed,dataset_name,temp_clean,is_anomaly,anomaly_type
2014-12-15 01:40:00+00:00,21.6,Fitzroy Gardens,508,41.2,96.4,-37.8134078,144.9794923,ENV,REAL_508,Real sensor series - Fitzroy Gardens - board 508,42,real_sensor_board_508,21.9,0,normal
2014-12-15 01:50:00+00:00,21.3,Fitzroy Gardens,508,41.2,96.4,-37.8134078,144.9794923,ENV,REAL_508,Real sensor series - Fitzroy Gardens - board 508,42,real_sensor_board_508,21.9,0,normal
2014-12-15 02:00:00+00:00,21.6,Fitzroy Gardens,508,41.0,96.4,-37.8134078,144.9794923,ENV,REAL_508,Real sensor series - Fitzroy Gardens - board 508,42,real_sensor_board_508,21.87,1,weak_multivariate_excursion
2014-12-16 03:30:00+00:00,31.3,Fitzroy Gardens,508,9.5,92.5,-37.8134078,144.9794923,ENV,REAL_508,Real sensor series - Fitzroy Gardens - board 508,42,real_sensor_board_508,21.816000000000003,1,weak_multivariate_excursion
2014-12-16 03:40:00+00:00,31.0,Fitzroy Gardens,508,8.4,92.9,-37.8134078,144.9794923,ENV,REAL_508,Real sensor series - Fitzroy Gardens - board 508,42,real_sensor_board_508,21.772800000000004,1,weak_multivariate_excursion
2014-12-16 04:40:00+00:00,30.3,Fitzroy Gardens,508,8.7,91.5,-37.8134078,144.9794923,ENV,REAL_508,Real sensor series - Fitzroy Gardens - board 508,42,real_sensor_board_508,21.738240000000005,1,weak_multivariate_excursion
2014-12-16 04:50:00+00:00,30.0,Fitzroy Gardens,508,7.9,92.1,-37.8134078,144.9794923,ENV,REAL_508,Real sensor series - Fitzroy Gardens - board 508,42,real_sensor_board_508,21.710592000000005,1,weak_multivariate_excursion
2014-12-16 05:15:00+00:00,29.4,Fitzroy Gardens,508,7.5,90.5,-37.8134078,144.9794923,ENV,REAL_508,Real sensor series - Fitzroy Gardens - board 508,42,real_sensor_board_508,21.688473600000005,1,weak_multivariate_excursion
2014-12-16 05:25:00+00:00,28.7,Fitzroy Gardens,508,7.8,90.9,-37.8134078,144.9794923,ENV,REAL_508,Real sensor series - Fitzroy Gardens - board 508,42,real_sensor_board_508,21.640778880000006,1,weak_multivariate_excursion
2014-12-16 05:35:00+00:00,28.4,Fitzroy Gardens,508,7.0,85.7,-37.8134078,144.9794923,ENV,REAL_508,Real sensor series - Fitzroy Gardens - board 508,42,real_sensor_board_508,21.57262310400001,1,weak_multivariate_excursion
2014-12-16 05:45:00+00:00,21.9,Fitzroy Gardens,508,33.5,86.9,-37.8134078,144.9794923,ENV,REAL_508,Real sensor series - Fitzroy Gardens - board 508,42,real_sensor_board_508,21.51809848320001,1,weak_multivariate_excursion
2014-12-16 05:55:00+00:00,21.6,Fitzroy Gardens,508,33.9,88.7,-37.8134078,144.9794923,ENV,REAL_508,Real sensor series - Fitzroy Gardens - board 508,42,real_sensor_board_508,21.47447878656001,1,weak_multivariate_excursion
2014-12-16 06:05:00+00:00,21.9,Fitzroy Gardens,508,34.6,91.0,-37.8134078,144.9794923,ENV,REAL_508,Real sensor series - Fitzroy Gardens - board 508,42,real_sensor_board_508,21.409583029248008,0,normal
2014-12-16 06:15:00+00:00,21.0,Fitzroy Gardens,508,36.6,90.8,-37.8134078,144.9794923,ENV,REAL_508,Real sensor series - Fitzroy Gardens - board 508,42,real_sensor_board_508,21.327666423398405,0,normal
2014-12-16 06:25:00+00:00,20.3,Fitzroy Gardens,508,38.7,90.3,-37.8134078,144.9794923,ENV,REAL_508,Real sensor series - Fitzroy Gardens - board 508,42,real_sensor_board_508,21.222133138718725,0,normal
2014-12-16 06:35:00+00:00,20.3,Fitzroy Gardens,508,38.4,90.1,-37.8134078,144.9794923,ENV,REAL_508,Real sensor series - Fitzroy Gardens - board 508,42,real_sensor_board_508,21.09770651097498,0,normal
2014-12-16 06:45:00+00:00,20.6,Fitzroy Gardens,508,33.2,89.1,-37.8134078,144.9794923,ENV,REAL_508,Real sensor series - Fitzroy Gardens - board 508,42,real_sensor_board_508,20.938165208779985,0,normal
2014-12-16 06:55:00+00:00,21.3,Fitzroy Gardens,508,30.2,91.1,-37.8134078,144.9794923,ENV,REAL_508,Real sensor series - Fitzroy Gardens - board 508,42,real_sensor_board_508,20.810532167023986,0,normal
2014-12-16 07:05:00+00:00,20.3,Fitzroy Gardens,508,31.6,90.9,-37.8134078,144.9794923,ENV,REAL_508,Real sensor series - Fitzroy Gardens - board 508,42,real_sensor_board_508,20.708425733619187,0,normal
2014-12-16 07:15:00+00:00,19.0,Fitzroy Gardens,508,37.3,89.7,-37.8134078,144.9794923,ENV,REAL_508,Real sensor series - Fitzroy Gardens - board 508,42,real_sensor_board_508,20.44674058689535,0,normal
2014-12-16 07:25:00+00:00,19.4,Fitzroy Gardens,508,34.1,88.9,-37.8134078,144.9794923,ENV,REAL_508,Real sensor series - Fitzroy Gardens - board 508,42,real_sensor_board_508,20.23739246951628,0,normal
2014-12-16 07:35:00+00:00,18.7,Fitzroy Gardens,508,31.4,86.3,-37.8134078,144.9794923,ENV,REAL_508,Real sensor series - Fitzroy Gardens - board 508,42,real_sensor_board_508,19.989913975613025,0,normal
2014-12-16 07:45:00+00:00,19.4,Fitzroy Gardens,508,31.3,88.9,-37.8134078,144.9794923,ENV,REAL_508,Real sensor series - Fitzroy Gardens - board 508,42,real_sensor_board_508,19.73193118049042,1,weak_multivariate_excursion
2014-12-16 07:55:00+00:00,17.1,Fitzroy Gardens,508,33.5,80.4,-37.8134078,144.9794923,ENV,REAL_508,Real sensor series - Fitzroy Gardens - board 508,42,real_sensor_board_508,19.325544944392337,1,weak_multivariate_excursion
2014-12-16 08:05:00+00:00,17.4,Fitzroy Gardens,508,35.2,83.1,-37.8134078,144.9794923,ENV,REAL_508,Real sensor series - Fitzroy Gardens - board 508,42,real_sensor_board_508,19.000435955513872,1,weak_multivariate_excursion
2014-12-16 08:30:00+00:00,17.4,Fitzroy Gardens,508,29.7,82.5,-37.8134078,144.9794923,ENV,REAL_508,Real sensor series - Fitzroy Gardens - board 508,42,real_sensor_board_508,18.7403487644111,0,normal
2014-12-16 08:40:00+00:00,17.7,Fitzroy Gardens,508,28.4,83.3,-37.8134078,144.9794923,ENV,REAL_508,Real sensor series - Fitzroy Gardens - board 508,42,real_sensor_board_508,18.53227901152888,0,normal
2014-12-16 08:50:00+00:00,17.7,Fitzroy Gardens,508,28.9,80.1,-37.8134078,144.9794923,ENV,REAL_508,Real sensor series - Fitzroy Gardens - board 508,42,real_sensor_board_508,18.305823209223103,0,normal
2014-12-16 09:00:00+00:00,17.7,Fitzroy Gardens,508,30.2,76.4,-37.8134078,144.9794923,ENV,REAL_508,Real sensor series - Fitzroy Gardens - board 508,42,real_sensor_board_508,18.124658567378482,0,normal
2014-12-16 09:10:00+00:00,17.7,Fitzroy Gardens,508,29.5,70.2,-37.8134078,144.9794923,ENV,REAL_508,Real sensor series - Fitzroy Gardens - board 508,42,real_sensor_board_508,17.979726853902786,0,normal
2014-12-16 09:20:00+00:00,17.4,Fitzroy Gardens,508,24.6,61.1,-37.8134078,144.9794923,ENV,REAL_508,Real sensor series - Fitzroy Gardens - board 508,42,real_sensor_board_508,17.863781483122228,0,normal
2014-12-16 09:30:00+00:00,17.4,Fitzroy Gardens,508,23.1,54.1,-37.8134078,144.9794923,ENV,REAL_508,Real sensor series - Fitzroy Gardens - board 508,42,real_sensor_board_508,17.711025186497785,0,normal
2014-12-16 09:40:00+00:00,17.1,Fitzroy Gardens,508,26.2,36.1,-37.8134078,144.9794923,ENV,REAL_508,Real sensor series - Fitzroy Gardens - board 508,42,real_sensor_board_508,17.58882014919823,0,normal
2014-12-16 09:50:00+00:00,17.1,Fitzroy Gardens,508,27.2,17.7,-37.8134078,144.9794923,ENV,REAL_508,Real sensor series - Fitzroy Gardens - board 508,42,real_sensor_board_508,17.491056119358586,0,normal
2014-12-16 10:10:00+00:00,16.5,Fitzroy Gardens,508,27.6,2.7,-37.8134078,144.9794923,ENV,REAL_508,Real sensor series - Fitzroy Gardens - board 508,42,real_sensor_board_508,17.29284489548687,0,normal
2014-12-16 10:20:00+00:00,16.1,Fitzroy Gardens,508,28.4,2.2,-37.8134078,144.9794923,ENV,REAL_508,Real sensor series - Fitzroy Gardens - board 508,42,real_sensor_board_508,17.054275916389496,0,normal
2014-12-16 10:30:00+00:00,15.8,Fitzroy Gardens,508,29.2,2.1,-37.8134078,144.9794923,ENV,REAL_508,Real sensor series - Fitzroy Gardens - board 508,42,real_sensor_board_508,16.803420733111597,0,normal
2014-12-16 10:40:00+00:00,15.5,Fitzroy Gardens,508,29.8,2.2,-37.8134078,144.9794923,ENV,REAL_508,Real sensor series - Fitzroy Gardens - board 508,42,real_sensor_board_508,16.54273658648928,0,normal
2014-12-16 10:50:00+00:00,15.5,Fitzroy Gardens,508,29.2,2.2,-37.8134078,144.9794923,ENV,REAL_508,Real sensor series - Fitzroy Gardens - board 508,42,real_sensor_board_508,16.334189269191427,0,normal
2014-12-16 11:00:00+00:00,15.2,Fitzroy Gardens,508,30.0,2.2,-37.8134078,144.9794923,ENV,REAL_508,Real sensor series - Fitzroy Gardens - board 508,42,real_sensor_board_508,16.107351415353143,0,normal
2014-12-16 11:10:00+00:00,15.2,Fitzroy Gardens,508,30.8,2.0,-37.8134078,144.9794923,ENV,REAL_508,Real sensor series - Fitzroy Gardens - board 508,42,real_sensor_board_508,15.925881132282516,0,normal
2014-12-16 11:35:00+00:00,14.5,Fitzroy Gardens,508,32.1,1.9,-37.8134078,144.9794923,ENV,REAL_508,Real sensor series - Fitzroy Gardens - board 508,42,real_sensor_board_508,15.640704905826015,0,normal
2014-12-16 11:45:00+00:00,14.5,Fitzroy Gardens,508,31.6,1.8,-37.8134078,144.9794923,ENV,REAL_508,Real sensor series - Fitzroy Gardens - board 508,42,real_sensor_board_508,15.412563924660812,0,normal
2014-12-16 11:55:00+00:00,14.5,Fitzroy Gardens,508,32.4,1.8,-37.8134078,144.9794923,ENV,REAL_508,Real sensor series - Fitzroy Gardens - board 508,42,real_sensor_board_508,15.230051139728651,0,normal
2014-12-16 12:05:00+00:00,14.5,Fitzroy Gardens,508,32.2,1.8,-37.8134078,144.9794923,ENV,REAL_508,Real sensor series - Fitzroy Gardens - board 508,42,real_sensor_board_508,15.084040911782923,0,normal
2014-12-16 12:15:00+00:00,14.2,Fitzroy Gardens,508,32.2,1.8,-37.8134078,144.9794923,ENV,REAL_508,Real sensor series - Fitzroy Gardens - board 508,42,real_sensor_board_508,14.907232729426338,0,normal
2014-12-16 12:25:00+00:00,14.2,Fitzroy Gardens,508,32.8,1.8,-37.8134078,144.9794923,ENV,REAL_508,Real sensor series - Fitzroy Gardens - board 508,42,real_sensor_board_508,14.76578618354107,0,normal
2014-12-16 12:35:00+00:00,14.2,Fitzroy Gardens,508,32.5,1.9,-37.8134078,144.9794923,ENV,REAL_508,Real sensor series - Fitzroy Gardens - board 508,42,real_sensor_board_508,14.652628946832857,0,normal
2014-12-16 12:45:00+00:00,14.2,Fitzroy Gardens,508,33.0,1.9,-37.8134078,144.9794923,ENV,REAL_508,Real sensor series - Fitzroy Gardens - board 508,42,real_sensor_board_508,14.562103157466286,0,normal
2014-12-16 13:05:00+00:00,13.9,Fitzroy Gardens,508,34.3,1.9,-37.8134078,144.9794923,ENV,REAL_508,Real sensor series - Fitzroy Gardens - board 508,42,real_sensor_board_508,14.429682525973028,0,normal
2014-12-16 13:15:00+00:00,13.2,Fitzroy Gardens,508,36.8,1.9,-37.8134078,144.9794923,ENV,REAL_508,Real sensor series - Fitzroy Gardens - board 508,42,real_sensor_board_508,14.323746020778422,0,normal
2014-12-16 13:25:00+00:00,13.9,Fitzroy Gardens,508,34.9,1.8,-37.8134078,144.9794923,ENV,REAL_508,Real sensor series - Fitzroy Gardens - board 508,42,real_sensor_board_508,14.15899681662274,0,normal
2014-12-16 13:35:00+00:00,13.5,Fitzroy Gardens,508,35.1,1.8,-37.8134078,144.9794923,ENV,REAL_508,Real sensor series - Fitzroy Gardens - board 508,42,real_sensor_board_508,13.967197453298192,0,normal
2014-12-16 13:45:00+00:00,12.9,Fitzroy Gardens,508,38.4,1.8,-37.8134078,144.9794923,ENV,REAL_508,Real sensor series - Fitzroy Gardens - board 508,42,real_sensor_board_508,13.813757962638554,0,normal
2014-12-16 14:05:00+00:00,12.9,Fitzroy Gardens,508,38.8,1.8,-37.8134078,144.9794923,ENV,REAL_508,Real sensor series - Fitzroy Gardens - board 508,42,real_sensor_board_508,13.631006370110844,0,normal
2014-12-16 14:15:00+00:00,12.9,Fitzroy Gardens,508,39.5,1.8,-37.8134078,144.9794923,ENV,REAL_508,Real sensor series - Fitzroy Gardens - board 508,42,real_sensor_board_508,13.484805096088676,0,normal
2014-12-16 14:25:00+00:00,13.2,Fitzroy Gardens,508,38.4,1.8,-37.8134078,144.9794923,ENV,REAL_508,Real sensor series - Fitzroy Gardens - board 508,42,real_sensor_board_508,13.367844076870941,0,normal
2014-12-16 14:35:00+00:00,12.9,Fitzroy Gardens,508,39.2,1.8,-37.8134078,144.9794923,ENV,REAL_508,Real sensor series - Fitzroy Gardens - board 508,42,real_sensor_board_508,13.274275261496754,0,normal
2014-12-16 14:50:00+00:00,12.9,Fitzroy Gardens,508,38.7,1.8,-37.8134078,144.9794923,ENV,REAL_508,Real sensor series - Fitzroy Gardens - board 508,42,real_sensor_board_508,13.199420209197404,0,normal
2014-12-16 15:00:00+00:00,12.6,Fitzroy Gardens,508,39.8,1.9,-37.8134078,144.9794923,ENV,REAL_508,Real sensor series - Fitzroy Gardens - board 508,42,real_sensor_board_508,13.079536167357924,0,normal
2014-12-16 15:10:00+00:00,12.6,Fitzroy Gardens,508,40.1,1.9,-37.8134078,144.9794923,ENV,REAL_508,Real sensor series - Fitzroy Gardens - board 508,42,real_sensor_board_508,12.98362893388634,0,normal
2014-12-16 16:00:00+00:00,12.3,Fitzroy Gardens,508,41.4,1.9,-37.8134078,144.9794923,ENV,REAL_508,Real sensor series - Fitzroy Gardens - board 508,42,real_sensor_board_508,12.846903147109074,0,normal
2014-12-16 16:10:00+00:00,12.3,Fitzroy Gardens,508,40.9,1.9,-37.8134078,144.9794923,ENV,REAL_508,Real sensor series - Fitzroy Gardens - board 508,42,real_sensor_board_508,12.73752251768726,0,normal
2014-12-16 16:20:00+00:00,12.3,Fitzroy Gardens,508,41.7,1.9,-37.8134078,144.9794923,ENV,REAL_508,Real sensor series - Fitzroy Gardens - board 508,42,real_sensor_board_508,12.65001801414981,0,normal
2014-12-16 16:30:00+00:00,12.3,Fitzroy Gardens,508,41.5,1.8,-37.8134078,144.9794923,ENV,REAL_508,Real sensor series - Fitzroy Gardens - board 508,42,real_sensor_board_508,12.58001441131985,0,normal
2014-12-16 16:40:00+00:00,11.6,Fitzroy Gardens,508,43.7,1.9,-37.8134078,144.9794923,ENV,REAL_508,Real sensor series - Fitzroy Gardens - board 508,42,real_sensor_board_508,12.524011529055882,0,normal
2014-12-16 16:50:00+00:00,11.9,Fitzroy Gardens,508,43.6,1.9,-37.8134078,144.9794923,ENV,REAL_508,Real sensor series - Fitzroy Gardens - board 508,42,real_sensor_board_508,12.479209223244707,0,normal
2014-12-16 17:00:00+00:00,11.9,Fitzroy Gardens,508,42.0,1.8,-37.8134078,144.9794923,ENV,REAL_508,Real sensor series - Fitzroy Gardens - board 508,42,real_sensor_board_508,12.443367378595767,0,normal
2014-12-16 17:40:00+00:00,11.6,Fitzroy Gardens,508,42.8,1.9,-37.8134078,144.9794923,ENV,REAL_508,Real sensor series - Fitzroy Gardens - board 508,42,real_sensor_board_508,12.414693902876614,0,normal
2014-12-16 17:55:00+00:00,11.9,Fitzroy Gardens,508,41.8,1.9,-37.8134078,144.9794923,ENV,REAL_508,Real sensor series - Fitzroy Gardens - board 508,42,real_sensor_board_508,12.391755122301293,0,normal
2014-12-16 18:05:00+00:00,11.3,Fitzroy Gardens,508,44.2,1.9,-37.8134078,144.9794923,ENV,REAL_508,Real sensor series - Fitzroy Gardens - board 508,42,real_sensor_board_508,12.373404097841036,0,normal
2014-12-16 18:15:00+00:00,11.6,Fitzroy Gardens,508,42.5,2.2,-37.8134078,144.9794923,ENV,REAL_508,Real sensor series - Fitzroy Gardens - board 508,42,real_sensor_board_508,12.35872327827283,1,weak_multivariate_excursion
2014-12-16 18:45:00+00:00,11.6,Fitzroy Gardens,508,42.1,29.0,-37.8134078,144.9794923,ENV,REAL_508,Real sensor series - Fitzroy Gardens - board 508,42,real_sensor_board_508,12.346978622618266,1,weak_multivariate_excursion
2014-12-16 19:15:00+00:00,11.3,Fitzroy Gardens,508,43.6,64.9,-37.8134078,144.9794923,ENV,REAL_508,Real sensor series - Fitzroy Gardens - board 508,42,real_sensor_board_508,12.337582898094615,1,weak_multivariate_excursion
2014-12-16 19:45:00+00:00,11.6,Fitzroy Gardens,508,43.3,76.0,-37.8134078,144.9794923,ENV,REAL_508,Real sensor series - Fitzroy Gardens - board 508,42,real_sensor_board_508,12.330066318475694,1,weak_multivariate_excursion
2014-12-16 19:55:00+00:00,11.9,Fitzroy Gardens,508,42.5,78.4,-37.8134078,144.9794923,ENV,REAL_508,Real sensor series - Fitzroy Gardens - board 508,42,real_sensor_board_508,12.324053054780556,0,normal
2014-12-16 20:05:00+00:00,11.9,Fitzroy Gardens,508,42.8,80.4,-37.8134078,144.9794923,ENV,REAL_508,Real sensor series - Fitzroy Gardens - board 508,42,real_sensor_board_508,12.319242443824447,0,normal
2014-12-16 20:15:00+00:00,12.3,Fitzroy Gardens,508,41.0,82.1,-37.8134078,144.9794923,ENV,REAL_508,Real sensor series - Fitzroy Gardens - board 508,42,real_sensor_board_508,12.315393955059559,0,normal
2014-12-16 20:25:00+00:00,12.6,Fitzroy Gardens,508,40.9,84.0,-37.8134078,144.9794923,ENV,REAL_508,Real sensor series - Fitzroy Gardens - board 508,42,real_sensor_board_508,12.372315164047647,0,normal
2014-12-16 20:35:00+00:00,12.6,Fitzroy Gardens,508,41.0,86.0,-37.8134078,144.9794923,ENV,REAL_508,Real sensor series - Fitzroy Gardens - board 508,42,real_sensor_board_508,12.417852131238117,0,normal
2014-12-16 20:55:00+00:00,13.5,Fitzroy Gardens,508,38.4,89.4,-37.8134078,144.9794923,ENV,REAL_508,Real sensor series - Fitzroy Gardens - board 508,42,real_sensor_board_508,12.634281704990496,0,normal
2014-12-16 21:10:00+00:00,13.9,Fitzroy Gardens,508,36.6,90.5,-37.8134078,144.9794923,ENV,REAL_508,Real sensor series - Fitzroy Gardens - board 508,42,real_sensor_board_508,12.8874253639924,0,normal
2014-12-16 21:20:00+00:00,14.5,Fitzroy Gardens,508,37.4,91.1,-37.8134078,144.9794923,ENV,REAL_508,Real sensor series - Fitzroy Gardens - board 508,42,real_sensor_board_508,13.20994029119392,0,normal
2014-12-16 21:30:00+00:00,14.5,Fitzroy Gardens,508,32.5,91.9,-37.8134078,144.9794923,ENV,REAL_508,Real sensor series - Fitzroy Gardens - board 508,42,real_sensor_board_508,13.467952232955136,0,normal
2014-12-16 21:40:00+00:00,15.2,Fitzroy Gardens,508,34.6,92.0,-37.8134078,144.9794923,ENV,REAL_508,Real sensor series - Fitzroy Gardens - board 508,42,real_sensor_board_508,13.81436178636411,0,normal
2014-12-16 21:50:00+00:00,15.2,Fitzroy Gardens,508,33.5,92.3,-37.8134078,144.9794923,ENV,REAL_508,Real sensor series - Fitzroy Gardens - board 508,42,real_sensor_board_508,14.09148942909129,0,normal
2014-12-16 22:00:00+00:00,15.2,Fitzroy Gardens,508,31.6,92.6,-37.8134078,144.9794923,ENV,REAL_508,Real sensor series - Fitzroy Gardens - board 508,42,real_sensor_board_508,14.313191543273032,0,normal
2014-12-16 22:20:00+00:00,15.8,Fitzroy Gardens,508,31.3,93.2,-37.8134078,144.9794923,ENV,REAL_508,Real sensor series - Fitzroy Gardens - board 508,42,real_sensor_board_508,14.610553234618425,0,normal
2014-12-16 22:30:00+00:00,15.8,Fitzroy Gardens,508,32.1,93.4,-37.8134078,144.9794923,ENV,REAL_508,Real sensor series - Fitzroy Gardens - board 508,42,real_sensor_board_508,14.848442587694741,0,normal
2014-12-16 22:40:00+00:00,16.1,Fitzroy Gardens,508,29.7,93.6,-37.8134078,144.9794923,ENV,REAL_508,Real sensor series - Fitzroy Gardens - board 508,42,real_sensor_board_508,15.038754070155793,0,normal
2014-12-16 22:50:00+00:00,15.8,Fitzroy Gardens,508,29.7,93.7,-37.8134078,144.9794923,ENV,REAL_508,Real sensor series - Fitzroy Gardens - board 508,42,real_sensor_board_508,15.251003256124635,0,normal
2014-12-16 23:00:00+00:00,16.8,Fitzroy Gardens,508,29.7,94.1,-37.8134078,144.9794923,ENV,REAL_508,Real sensor series - Fitzroy Gardens - board 508,42,real_sensor_board_508,15.50080260489971,0,normal
2014-12-16 23:10:00+00:00,16.8,Fitzroy Gardens,508,29.8,94.1,-37.8134078,144.9794923,ENV,REAL_508,Real sensor series - Fitzroy Gardens - board 508,42,real_sensor_board_508,15.70064208391977,0,normal
2014-12-16 23:20:00+00:00,16.5,Fitzroy Gardens,508,29.1,94.4,-37.8134078,144.9794923,ENV,REAL_508,Real sensor series - Fitzroy Gardens - board 508,42,real_sensor_board_508,15.920513667135815,0,normal
2014-12-16 23:30:00+00:00,16.8,Fitzroy Gardens,508,28.4,94.4,-37.8134078,144.9794923,ENV,REAL_508,Real sensor series - Fitzroy Gardens - board 508,42,real_sensor_board_508,16.096410933708654,0,normal
2014-12-16 23:40:00+00:00,16.5,Fitzroy Gardens,508,28.6,94.8,-37.8134078,144.9794923,ENV,REAL_508,Real sensor series - Fitzroy Gardens - board 508,42,real_sensor_board_508,16.237128746966924,0,normal
2014-12-17 00:00:00+00:00,18.1,Fitzroy Gardens,508,24.0,95.1,-37.8134078,144.9794923,ENV,REAL_508,Real sensor series - Fitzroy Gardens - board 508,42,real_sensor_board_508,16.60970299757354,0,normal
2014-12-17 00:10:00+00:00,19.0,Fitzroy Gardens,508,23.2,95.4,-37.8134078,144.9794923,ENV,REAL_508,Real sensor series - Fitzroy Gardens - board 508,42,real_sensor_board_508,16.907762398058832,0,normal
2014-12-17 00:25:00+00:00,19.4,Fitzroy Gardens,508,23.4,95.7,-37.8134078,144.9794923,ENV,REAL_508,Real sensor series - Fitzroy Gardens - board 508,42,real_sensor_board_508,17.206209918447065,0,normal
2014-12-17 00:35:00+00:00,19.0,Fitzroy Gardens,508,21.0,95.9,-37.8134078,144.9794923,ENV,REAL_508,Real sensor series - Fitzroy Gardens - board 508,42,real_sensor_board_508,17.50496793475765,0,normal
2014-12-17 00:45:00+00:00,19.0,Fitzroy Gardens,508,20.2,96.1,-37.8134078,144.9794923,ENV,REAL_508,Real sensor series - Fitzroy Gardens - board 508,42,real_sensor_board_508,17.803974347806122,0,normal
2014-12-17 00:55:00+00:00,18.1,Fitzroy Gardens,508,21.8,95.7,-37.8134078,144.9794923,ENV,REAL_508,Real sensor series - Fitzroy Gardens - board 508,42,real_sensor_board_508,18.043179478244898,0,normal
2014-12-17 01:15:00+00:00,18.4,Fitzroy Gardens,508,20.4,96.3,-37.8134078,144.9794923,ENV,REAL_508,Real sensor series - Fitzroy Gardens - board 508,42,real_sensor_board_508,18.23454358259592,0,normal
2014-12-17 01:25:00+00:00,19.4,Fitzroy Gardens,508,19.3,96.3,-37.8134078,144.9794923,ENV,REAL_508,Real sensor series - Fitzroy Gardens - board 508,42,real_sensor_board_508,18.387634866076734,0,normal
2014-12-17 01:35:00+00:00,19.0,Fitzroy Gardens,508,18.8,96.3,-37.8134078,144.9794923,ENV,REAL_508,Real sensor series - Fitzroy Gardens - board 508,42,real_sensor_board_508,18.510107892861388,0,normal
2014-12-17 01:45:00+00:00,19.7,Fitzroy Gardens,508,20.7,96.5,-37.8134078,144.9794923,ENV,REAL_508,Real sensor series - Fitzroy Gardens - board 508,42,real_sensor_board_508,18.60808631428911,0,normal
2014-12-17 02:05:00+00:00,18.7,Fitzroy Gardens,508,20.7,96.4,-37.8134078,144.9794923,ENV,REAL_508,Real sensor series - Fitzroy Gardens - board 508,42,real_sensor_board_508,18.68646905143129,0,normal
2014-12-17 02:25:00+00:00,19.0,Fitzroy Gardens,508,21.0,96.3,-37.8134078,144.9794923,ENV,REAL_508,Real sensor series - Fitzroy Gardens - board 508,42,real_sensor_board_508,18.82917524114503,0,normal
2014-12-17 02:35:00+00:00,19.7,Fitzroy Gardens,508,21.8,95.8,-37.8134078,144.9794923,ENV,REAL_508,Real sensor series - Fitzroy Gardens - board 508,42,real_sensor_board_508,18.943340192916025,0,normal
2014-12-17 02:55:00+00:00,19.4,Fitzroy Gardens,508,23.1,94.9,-37.8134078,144.9794923,ENV,REAL_508,Real sensor series - Fitzroy Gardens - board 508,42,real_sensor_board_508,19.03467215433282,0,normal
2014-12-17 03:05:00+00:00,19.0,Fitzroy Gardens,508,22.1,94.3,-37.8134078,144.9794923,ENV,REAL_508,Real sensor series - Fitzroy Gardens - board 508,42,real_sensor_board_508,19.107737723466258,0,normal
2014-12-17 03:15:00+00:00,19.0,Fitzroy Gardens,508,22.0,93.9,-37.8134078,144.9794923,ENV,REAL_508,Real sensor series - Fitzroy Gardens - board 508,42,real_sensor_board_508,19.166190178773007,0,normal
2014-12-17 03:25:00+00:00,20.0,Fitzroy Gardens,508,21.8,93.5,-37.8134078,144.9794923,ENV,REAL_508,Real sensor series - Fitzroy Gardens - board 508,42,real_sensor_board_508,19.212952143018406,0,normal
2014-12-17 03:40:00+00:00,19.7,Fitzroy Gardens,508,22.4,93.4,-37.8134078,144.9794923,ENV,REAL_508,Real sensor series - Fitzroy Gardens - board 508,42,real_sensor_board_508,19.250361714414726,0,normal
2014-12-17 03:50:00+00:00,19.7,Fitzroy Gardens,508,22.8,93.2,-37.8134078,144.9794923,ENV,REAL_508,Real sensor series - Fitzroy Gardens - board 508,42,real_sensor_board_508,19.280289371531783,0,normal
2014-12-17 04:00:00+00:00,19.7,Fitzroy Gardens,508,21.7,93.2,-37.8134078,144.9794923,ENV,REAL_508,Real sensor series - Fitzroy Gardens - board 508,42,real_sensor_board_508,19.304231497225427,0,normal
2014-12-17 04:10:00+00:00,19.7,Fitzroy Gardens,508,21.7,93.2,-37.8134078,144.9794923,ENV,REAL_508,Real sensor series - Fitzroy Gardens - board 508,42,real_sensor_board_508,19.323385197780343,0,normal
2014-12-17 04:20:00+00:00,19.7,Fitzroy Gardens,508,22.4,93.2,-37.8134078,144.9794923,ENV,REAL_508,Real sensor series - Fitzroy Gardens - board 508,42,real_sensor_board_508,19.338708158224275,0,normal
2014-12-17 04:30:00+00:00,20.3,Fitzroy Gardens,508,22.1,93.2,-37.8134078,144.9794923,ENV,REAL_508,Real sensor series - Fitzroy Gardens - board 508,42,real_sensor_board_508,19.35096652657942,0,normal
2014-12-17 04:40:00+00:00,20.0,Fitzroy Gardens,508,21.8,92.9,-37.8134078,144.9794923,ENV,REAL_508,Real sensor series - Fitzroy Gardens - board 508,42,real_sensor_board_508,19.360773221263536,0,normal
2014-12-17 04:50:00+00:00,20.3,Fitzroy Gardens,508,22.4,92.7,-37.8134078,144.9794923,ENV,REAL_508,Real sensor series - Fitzroy Gardens - board 508,42,real_sensor_board_508,19.368618577010828,0,normal
2014-12-17 05:10:00+00:00,19.4,Fitzroy Gardens,508,22.6,92.1,-37.8134078,144.9794923,ENV,REAL_508,Real sensor series - Fitzroy Gardens - board 508,42,real_sensor_board_508,19.374894861608663,0,normal
2014-12-17 05:30:00+00:00,19.4,Fitzroy Gardens,508,23.5,92.1,-37.8134078,144.9794923,ENV,REAL_508,Real sensor series - Fitzroy Gardens - board 508,42,real_sensor_board_508,19.37991588928693,0,normal
2014-12-17 05:40:00+00:00,19.4,Fitzroy Gardens,508,23.4,91.6,-37.8134078,144.9794923,ENV,REAL_508,Real sensor series - Fitzroy Gardens - board 508,42,real_sensor_board_508,19.383932711429544,0,normal
2014-12-17 05:50:00+00:00,19.7,Fitzroy Gardens,508,22.9,91.5,-37.8134078,144.9794923,ENV,REAL_508,Real sensor series - Fitzroy Gardens - board 508,42,real_sensor_board_508,19.387146169143637,0,normal
2014-12-17 06:00:00+00:00,19.7,Fitzroy Gardens,508,21.8,91.2,-37.8134078,144.9794923,ENV,REAL_508,Real sensor series - Fitzroy Gardens - board 508,42,real_sensor_board_508,19.38971693531491,0,normal
2014-12-17 06:10:00+00:00,19.4,Fitzroy Gardens,508,22.3,91.1,-37.8134078,144.9794923,ENV,REAL_508,Real sensor series - Fitzroy Gardens - board 508,42,real_sensor_board_508,19.39177354825193,0,normal
2014-12-17 06:20:00+00:00,19.0,Fitzroy Gardens,508,22.4,90.8,-37.8134078,144.9794923,ENV,REAL_508,Real sensor series - Fitzroy Gardens - board 508,42,real_sensor_board_508,19.393418838601544,0,normal
2014-12-17 06:30:00+00:00,19.0,Fitzroy Gardens,508,23.5,90.0,-37.8134078,144.9794923,ENV,REAL_508,Real sensor series - Fitzroy Gardens - board 508,42,real_sensor_board_508,19.314735070881238,0,normal
2014-12-17 06:40:00+00:00,19.7,Fitzroy Gardens,508,25.6,89.1,-37.8134078,144.9794923,ENV,REAL_508,Real sensor series - Fitzroy Gardens - board 508,42,real_sensor_board_508,19.251788056704992,0,normal
2014-12-17 06:55:00+00:00,19.0,Fitzroy Gardens,508,25.6,89.1,-37.8134078,144.9794923,ENV,REAL_508,Real sensor series - Fitzroy Gardens - board 508,42,real_sensor_board_508,19.201430445363993,0,normal
2014-12-17 07:05:00+00:00,18.7,Fitzroy Gardens,508,28.3,88.6,-37.8134078,144.9794923,ENV,REAL_508,Real sensor series - Fitzroy Gardens - board 508,42,real_sensor_board_508,19.101144356291194,0,normal
2014-12-17 07:15:00+00:00,18.7,Fitzroy Gardens,508,29.4,87.8,-37.8134078,144.9794923,ENV,REAL_508,Real sensor series - Fitzroy Gardens - board 508,42,real_sensor_board_508,19.02091548503296,0,normal
2014-12-17 07:25:00+00:00,18.7,Fitzroy Gardens,508,27.8,87.1,-37.8134078,144.9794923,ENV,REAL_508,Real sensor series - Fitzroy Gardens - board 508,42,real_sensor_board_508,18.956732388026367,0,normal
2014-12-17 07:35:00+00:00,18.7,Fitzroy Gardens,508,30.3,86.5,-37.8134078,144.9794923,ENV,REAL_508,Real sensor series - Fitzroy Gardens - board 508,42,real_sensor_board_508,18.905385910421096,0,normal
2014-12-17 07:45:00+00:00,18.7,Fitzroy Gardens,508,30.5,86.2,-37.8134078,144.9794923,ENV,REAL_508,Real sensor series - Fitzroy Gardens - board 508,42,real_sensor_board_508,18.86430872833688,0,normal
2014-12-17 07:55:00+00:00,18.7,Fitzroy Gardens,508,31.3,85.8,-37.8134078,144.9794923,ENV,REAL_508,Real sensor series - Fitzroy Gardens - board 508,42,real_sensor_board_508,18.831446982669505,0,normal
2014-12-17 08:05:00+00:00,18.7,Fitzroy Gardens,508,31.1,85.3,-37.8134078,144.9794923,ENV,REAL_508,Real sensor series - Fitzroy Gardens - board 508,42,real_sensor_board_508,18.805157586135607,0,normal
2014-12-17 08:15:00+00:00,18.4,Fitzroy Gardens,508,31.6,86.6,-37.8134078,144.9794923,ENV,REAL_508,Real sensor series - Fitzroy Gardens - board 508,42,real_sensor_board_508,18.784126068908485,0,normal
2014-12-17 08:25:00+00:00,18.7,Fitzroy Gardens,508,29.1,80.7,-37.8134078,144.9794923,ENV,REAL_508,Real sensor series - Fitzroy Gardens - board 508,42,real_sensor_board_508,18.70730085512679,0,normal
2014-12-17 08:35:00+00:00,18.1,Fitzroy Gardens,508,28.3,79.3,-37.8134078,144.9794923,ENV,REAL_508,Real sensor series - Fitzroy Gardens - board 508,42,real_sensor_board_508,18.64584068410143,0,normal
2014-12-17 08:45:00+00:00,18.4,Fitzroy Gardens,508,28.7,77.7,-37.8134078,144.9794923,ENV,REAL_508,Real sensor series - Fitzroy Gardens - board 508,42,real_sensor_board_508,18.536672547281146,0,normal
2014-12-17 08:55:00+00:00,17.7,Fitzroy Gardens,508,28.6,75.5,-37.8134078,144.9794923,ENV,REAL_508,Real sensor series - Fitzroy Gardens - board 508,42,real_sensor_board_508,18.369338037824917,0,normal
2014-12-17 09:05:00+00:00,17.4,Fitzroy Gardens,508,29.4,71.8,-37.8134078,144.9794923,ENV,REAL_508,Real sensor series - Fitzroy Gardens - board 508,42,real_sensor_board_508,18.175470430259935,0,normal
2014-12-17 09:15:00+00:00,17.1,Fitzroy Gardens,508,30.2,66.1,-37.8134078,144.9794923,ENV,REAL_508,Real sensor series - Fitzroy Gardens - board 508,42,real_sensor_board_508,17.96037634420795,0,normal
2014-12-17 09:25:00+00:00,16.8,Fitzroy Gardens,508,30.2,56.6,-37.8134078,144.9794923,ENV,REAL_508,Real sensor series - Fitzroy Gardens - board 508,42,real_sensor_board_508,17.72830107536636,0,normal
2014-12-17 09:35:00+00:00,16.5,Fitzroy Gardens,508,31.0,41.7,-37.8134078,144.9794923,ENV,REAL_508,Real sensor series - Fitzroy Gardens - board 508,42,real_sensor_board_508,17.48264086029309,1,weak_multivariate_excursion
2014-12-17 09:45:00+00:00,16.1,Fitzroy Gardens,508,31.3,22.7,-37.8134078,144.9794923,ENV,REAL_508,Real sensor series - Fitzroy Gardens - board 508,42,real_sensor_board_508,17.20611268823447,1,weak_multivariate_excursion
2014-12-17 10:00:00+00:00,16.1,Fitzroy Gardens,508,32.1,7.0,-37.8134078,144.9794923,ENV,REAL_508,Real sensor series - Fitzroy Gardens - board 508,42,real_sensor_board_508,16.984890150587574,1,weak_multivariate_excursion
2014-12-17 10:10:00+00:00,15.8,Fitzroy Gardens,508,33.2,2.9,-37.8134078,144.9794923,ENV,REAL_508,Real sensor series - Fitzroy Gardens - board 508,42,real_sensor_board_508,16.747912120470062,0,normal
2014-12-17 10:40:00+00:00,15.2,Fitzroy Gardens,508,33.9,2.2,-37.8134078,144.9794923,ENV,REAL_508,Real sensor series - Fitzroy Gardens - board 508,42,real_sensor_board_508,16.43832969637605,0,normal
2014-12-17 10:50:00+00:00,15.2,Fitzroy Gardens,508,34.4,2.2,-37.8134078,144.9794923,ENV,REAL_508,Real sensor series - Fitzroy Gardens - board 508,42,real_sensor_board_508,16.190663757100843,0,normal
2014-12-17 11:10:00+00:00,14.8,Fitzroy Gardens,508,36.2,2.2,-37.8134078,144.9794923,ENV,REAL_508,Real sensor series - Fitzroy Gardens - board 508,42,real_sensor_board_508,15.912531005680677,0,normal
2014-12-17 11:20:00+00:00,14.5,Fitzroy Gardens,508,36.9,2.2,-37.8134078,144.9794923,ENV,REAL_508,Real sensor series - Fitzroy Gardens - board 508,42,real_sensor_board_508,15.630024804544542,0,normal
2014-12-17 11:30:00+00:00,14.5,Fitzroy Gardens,508,36.6,2.2,-37.8134078,144.9794923,ENV,REAL_508,Real sensor series - Fitzroy Gardens - board 508,42,real_sensor_board_508,15.404019843635634,0,normal
2014-12-17 11:50:00+00:00,14.2,Fitzroy Gardens,508,36.6,2.2,-37.8134078,144.9794923,ENV,REAL_508,Real sensor series - Fitzroy Gardens - board 508,42,real_sensor_board_508,15.163215874908508,0,normal
2014-12-17 12:00:00+00:00,14.2,Fitzroy Gardens,508,36.9,2.2,-37.8134078,144.9794923,ENV,REAL_508,Real sensor series - Fitzroy Gardens - board 508,42,real_sensor_board_508,14.970572699926807,0,normal
2014-12-17 12:30:00+00:00,14.2,Fitzroy Gardens,508,34.4,2.2,-37.8134078,144.9794923,ENV,REAL_508,Real sensor series - Fitzroy Gardens - board 508,42,real_sensor_board_508,14.816458159941446,0,normal
2014-12-17 12:40:00+00:00,14.2,Fitzroy Gardens,508,34.6,2.2,-37.8134078,144.9794923,ENV,REAL_508,Real sensor series - Fitzroy Gardens - board 508,42,real_sensor_board_508,14.693166527953156,0,normal
2014-12-17 13:35:00+00:00,12.9,Fitzroy Gardens,508,37.4,2.2,-37.8134078,144.9794923,ENV,REAL_508,Real sensor series - Fitzroy Gardens - board 508,42,real_sensor_board_508,14.334533222362525,0,normal
2014-12-17 14:05:00+00:00,11.9,Fitzroy Gardens,508,43.1,2.3,-37.8134078,144.9794923,ENV,REAL_508,Real sensor series - Fitzroy Gardens - board 508,42,real_sensor_board_508,13.927626577890022,0,normal
2014-12-17 15:05:00+00:00,11.3,Fitzroy Gardens,508,43.9,2.3,-37.8134078,144.9794923,ENV,REAL_508,Real sensor series - Fitzroy Gardens - board 508,42,real_sensor_board_508,13.602101262312019,0,normal
2014-12-17 15:25:00+00:00,11.3,Fitzroy Gardens,508,43.9,2.3,-37.8134078,144.9794923,ENV,REAL_508,Real sensor series - Fitzroy Gardens - board 508,42,real_sensor_board_508,13.341681009849616,0,normal
2014-12-17 16:15:00+00:00,12.3,Fitzroy Gardens,508,41.7,2.2,-37.8134078,144.9794923,ENV,REAL_508,Real sensor series - Fitzroy Gardens - board 508,42,real_sensor_board_508,13.133344807879695,0,normal
2014-12-17 16:30:00+00:00,12.3,Fitzroy Gardens,508,43.1,2.2,-37.8134078,144.9794923,ENV,REAL_508,Real sensor series - Fitzroy Gardens - board 508,42,real_sensor_board_508,12.966675846303758,0,normal
2014-12-17 17:10:00+00:00,11.9,Fitzroy Gardens,508,44.8,2.2,-37.8134078,144.9794923,ENV,REAL_508,Real sensor series - Fitzroy Gardens - board 508,42,real_sensor_board_508,12.833340677043008,0,normal
2014-12-17 17:20:00+00:00,11.6,Fitzroy Gardens,508,45.6,2.2,-37.8134078,144.9794923,ENV,REAL_508,Real sensor series - Fitzroy Gardens - board 508,42,real_sensor_board_508,12.726672541634407,0,normal
2014-12-17 18:00:00+00:00,11.0,Fitzroy Gardens,508,45.9,2.2,-37.8134078,144.9794923,ENV,REAL_508,Real sensor series - Fitzroy Gardens - board 508,42,real_sensor_board_508,12.641338033307527,0,normal
2014-12-17 18:10:00+00:00,11.0,Fitzroy Gardens,508,46.7,2.4,-37.8134078,144.9794923,ENV,REAL_508,Real sensor series - Fitzroy Gardens - board 508,42,real_sensor_board_508,12.573070426646023,0,normal
2014-12-17 18:20:00+00:00,11.0,Fitzroy Gardens,508,47.0,3.5,-37.8134078,144.9794923,ENV,REAL_508,Real sensor series - Fitzroy Gardens - board 508,42,real_sensor_board_508,12.51845634131682,1,weak_multivariate_excursion
2014-12-17 19:10:00+00:00,11.0,Fitzroy Gardens,508,47.2,67.7,-37.8134078,144.9794923,ENV,REAL_508,Real sensor series - Fitzroy Gardens - board 508,42,real_sensor_board_508,12.474765073053458,1,weak_multivariate_excursion
2014-12-17 19:20:00+00:00,11.0,Fitzroy Gardens,508,46.9,70.8,-37.8134078,144.9794923,ENV,REAL_508,Real sensor series - Fitzroy Gardens - board 508,42,real_sensor_board_508,12.439812058442769,1,weak_multivariate_excursion
2014-12-17 19:35:00+00:00,11.3,Fitzroy Gardens,508,46.2,71.3,-37.8134078,144.9794923,ENV,REAL_508,Real sensor series - Fitzroy Gardens - board 508,42,real_sensor_board_508,12.411849646754217,0,normal
2014-12-17 19:45:00+00:00,11.0,Fitzroy Gardens,508,46.9,75.9,-37.8134078,144.9794923,ENV,REAL_508,Real sensor series - Fitzroy Gardens - board 508,42,real_sensor_board_508,12.389479717403376,0,normal
2014-12-17 19:55:00+00:00,11.6,Fitzroy Gardens,508,45.9,81.7,-37.8134078,144.9794923,ENV,REAL_508,Real sensor series - Fitzroy Gardens - board 508,42,real_sensor_board_508,12.371583773922701,0,normal
2014-12-17 20:15:00+00:00,12.3,Fitzroy Gardens,508,44.5,82.4,-37.8134078,144.9794923,ENV,REAL_508,Real sensor series - Fitzroy Gardens - board 508,42,real_sensor_board_508,12.357267019138163,0,normal
2014-12-17 20:45:00+00:00,13.9,Fitzroy Gardens,508,41.7,88.7,-37.8134078,144.9794923,ENV,REAL_508,Real sensor series - Fitzroy Gardens - board 508,42,real_sensor_board_508,12.665813615310533,0,normal
2014-12-17 20:55:00+00:00,14.8,Fitzroy Gardens,508,39.5,90.1,-37.8134078,144.9794923,ENV,REAL_508,Real sensor series - Fitzroy Gardens - board 508,42,real_sensor_board_508,13.092650892248429,0,normal
2014-12-17 21:05:00+00:00,15.8,Fitzroy Gardens,508,35.4,90.6,-37.8134078,144.9794923,ENV,REAL_508,Real sensor series - Fitzroy Gardens - board 508,42,real_sensor_board_508,13.634120713798744,0,normal
2014-12-17 21:15:00+00:00,16.5,Fitzroy Gardens,508,33.6,91.4,-37.8134078,144.9794923,ENV,REAL_508,Real sensor series - Fitzroy Gardens - board 508,42,real_sensor_board_508,14.207296571038997,0,normal
2014-12-17 21:25:00+00:00,16.8,Fitzroy Gardens,508,33.0,91.8,-37.8134078,144.9794923,ENV,REAL_508,Real sensor series - Fitzroy Gardens - board 508,42,real_sensor_board_508,14.725837256831198,0,normal
2014-12-17 21:35:00+00:00,17.7,Fitzroy Gardens,508,33.2,92.1,-37.8134078,144.9794923,ENV,REAL_508,Real sensor series - Fitzroy Gardens - board 508,42,real_sensor_board_508,15.32066980546496,0,normal
2014-12-17 21:45:00+00:00,18.1,Fitzroy Gardens,508,29.7,92.3,-37.8134078,144.9794923,ENV,REAL_508,Real sensor series - Fitzroy Gardens - board 508,42,real_sensor_board_508,15.876535844371968,0,normal
2014-12-17 22:05:00+00:00,19.0,Fitzroy Gardens,508,27.3,92.8,-37.8134078,144.9794923,ENV,REAL_508,Real sensor series - Fitzroy Gardens - board 508,42,real_sensor_board_508,16.501228675497575,0,normal
2014-12-17 22:15:00+00:00,19.7,Fitzroy Gardens,508,27.0,93.1,-37.8134078,144.9794923,ENV,REAL_508,Real sensor series - Fitzroy Gardens - board 508,42,real_sensor_board_508,17.14098294039806,0,normal
2014-12-17 22:25:00+00:00,20.3,Fitzroy Gardens,508,25.7,93.3,-37.8134078,144.9794923,ENV,REAL_508,Real sensor series - Fitzroy Gardens - board 508,42,real_sensor_board_508,17.772786352318448,0,normal
2014-12-17 22:35:00+00:00,20.6,Fitzroy Gardens,508,24.3,93.5,-37.8134078,144.9794923,ENV,REAL_508,Real sensor series - Fitzroy Gardens - board 508,42,real_sensor_board_508,18.33822908185476,0,normal
2014-12-17 22:50:00+00:00,21.3,Fitzroy Gardens,508,21.7,93.5,-37.8134078,144.9794923,ENV,REAL_508,Real sensor series - Fitzroy Gardens - board 508,42,real_sensor_board_508,18.930583265483808,0,normal
2014-12-17 23:00:00+00:00,21.9,Fitzroy Gardens,508,22.1,93.8,-37.8134078,144.9794923,ENV,REAL_508,Real sensor series - Fitzroy Gardens - board 508,42,real_sensor_board_508,19.524466612387048,0,normal
2014-12-17 23:10:00+00:00,23.2,Fitzroy Gardens,508,20.2,94.2,-37.8134078,144.9794923,ENV,REAL_508,Real sensor series - Fitzroy Gardens - board 508,42,real_sensor_board_508,19.999573289909637,0,normal
2014-12-17 23:20:00+00:00,22.6,Fitzroy Gardens,508,20.4,94.3,-37.8134078,144.9794923,ENV,REAL_508,Real sensor series - Fitzroy Gardens - board 508,42,real_sensor_board_508,20.45965863192771,0,normal
2014-12-17 23:30:00+00:00,23.2,Fitzroy Gardens,508,20.7,94.6,-37.8134078,144.9794923,ENV,REAL_508,Real sensor series - Fitzroy Gardens - board 508,42,real_sensor_board_508,20.827726905542168,0,normal
2014-12-17 23:40:00+00:00,23.2,Fitzroy Gardens,508,19.8,94.5,-37.8134078,144.9794923,ENV,REAL_508,Real sensor series - Fitzroy Gardens - board 508,42,real_sensor_board_508,21.122181524433735,0,normal
2014-12-17 23:50:00+00:00,23.2,Fitzroy Gardens,508,20.1,94.7,-37.8134078,144.9794923,ENV,REAL_508,Real sensor series - Fitzroy Gardens - board 508,42,real_sensor_board_508,21.357745219546988,0,normal
2014-12-18 00:00:00+00:00,24.2,Fitzroy Gardens,508,21.7,95.0,-37.8134078,144.9794923,ENV,REAL_508,Real sensor series - Fitzroy Gardens - board 508,42,real_sensor_board_508,21.606196175637592,0,normal
2014-12-18 00:10:00+00:00,22.9,Fitzroy Gardens,508,23.2,94.0,-37.8134078,144.9794923,ENV,REAL_508,Real sensor series - Fitzroy Gardens - board 508,42,real_sensor_board_508,21.804956940510074,0,normal
2014-12-18 00:20:00+00:00,22.3,Fitzroy Gardens,508,23.4,93.2,-37.8134078,144.9794923,ENV,REAL_508,Real sensor series - Fitzroy Gardens - board 508,42,real_sensor_board_508,21.96396555240806,0,normal
2014-12-18 00:30:00+00:00,23.2,Fitzroy Gardens,508,22.8,95.4,-37.8134078,144.9794923,ENV,REAL_508,Real sensor series - Fitzroy Gardens - board 508,42,real_sensor_board_508,22.151172441926448,0,normal
2014-12-18 00:40:00+00:00,22.9,Fitzroy Gardens,508,21.5,94.4,-37.8134078,144.9794923,ENV,REAL_508,Real sensor series - Fitzroy Gardens - board 508,42,real_sensor_board_508,22.30093795354116,0,normal
2014-12-18 00:50:00+00:00,22.6,Fitzroy Gardens,508,21.8,93.5,-37.8134078,144.9794923,ENV,REAL_508,Real sensor series - Fitzroy Gardens - board 508,42,real_sensor_board_508,22.420750362832926,0,normal
2014-12-18 01:20:00+00:00,22.3,Fitzroy Gardens,508,23.5,92.5,-37.8134078,144.9794923,ENV,REAL_508,Real sensor series - Fitzroy Gardens - board 508,42,real_sensor_board_508,22.51660029026634,0,normal
2014-12-18 01:30:00+00:00,22.3,Fitzroy Gardens,508,20.7,92.5,-37.8134078,144.9794923,ENV,REAL_508,Real sensor series - Fitzroy Gardens - board 508,42,real_sensor_board_508,22.593280232213075,0,normal
2014-12-18 01:40:00+00:00,21.9,Fitzroy Gardens,508,21.8,93.9,-37.8134078,144.9794923,ENV,REAL_508,Real sensor series - Fitzroy Gardens - board 508,42,real_sensor_board_508,22.65462418577046,0,normal
2014-12-18 01:50:00+00:00,22.3,Fitzroy Gardens,508,20.2,93.5,-37.8134078,144.9794923,ENV,REAL_508,Real sensor series - Fitzroy Gardens - board 508,42,real_sensor_board_508,22.703699348616368,0,normal
2014-12-18 02:05:00+00:00,22.9,Fitzroy Gardens,508,20.4,95.1,-37.8134078,144.9794923,ENV,REAL_508,Real sensor series - Fitzroy Gardens - board 508,42,real_sensor_board_508,22.7429594788931,0,normal
2014-12-18 02:15:00+00:00,22.6,Fitzroy Gardens,508,20.5,94.5,-37.8134078,144.9794923,ENV,REAL_508,Real sensor series - Fitzroy Gardens - board 508,42,real_sensor_board_508,22.71436758311448,0,normal
2014-12-18 02:35:00+00:00,23.5,Fitzroy Gardens,508,19.6,94.7,-37.8134078,144.9794923,ENV,REAL_508,Real sensor series - Fitzroy Gardens - board 508,42,real_sensor_board_508,22.691494066491586,0,normal
2014-12-18 02:45:00+00:00,24.5,Fitzroy Gardens,508,20.2,94.2,-37.8134078,144.9794923,ENV,REAL_508,Real sensor series - Fitzroy Gardens - board 508,42,real_sensor_board_508,22.67319525319327,0,normal
2014-12-18 02:55:00+00:00,24.2,Fitzroy Gardens,508,18.8,96.2,-37.8134078,144.9794923,ENV,REAL_508,Real sensor series - Fitzroy Gardens - board 508,42,real_sensor_board_508,22.59855620255462,0,normal
2014-12-18 03:05:00+00:00,25.2,Fitzroy Gardens,508,17.9,94.6,-37.8134078,144.9794923,ENV,REAL_508,Real sensor series - Fitzroy Gardens - board 508,42,real_sensor_board_508,22.538844962043697,0,normal
2014-12-18 03:25:00+00:00,23.5,Fitzroy Gardens,508,18.8,94.6,-37.8134078,144.9794923,ENV,REAL_508,Real sensor series - Fitzroy Gardens - board 508,42,real_sensor_board_508,22.49107596963496,0,normal
2014-12-18 03:35:00+00:00,23.9,Fitzroy Gardens,508,17.7,93.4,-37.8134078,144.9794923,ENV,REAL_508,Real sensor series - Fitzroy Gardens - board 508,42,real_sensor_board_508,22.45286077570797,0,normal
2014-12-18 03:45:00+00:00,22.9,Fitzroy Gardens,508,18.2,91.2,-37.8134078,144.9794923,ENV,REAL_508,Real sensor series - Fitzroy Gardens - board 508,42,real_sensor_board_508,22.342288620566375,0,normal
2014-12-18 03:55:00+00:00,21.6,Fitzroy Gardens,508,25.1,89.8,-37.8134078,144.9794923,ENV,REAL_508,Real sensor series - Fitzroy Gardens - board 508,42,real_sensor_board_508,22.1938308964531,0,normal
2014-12-18 04:05:00+00:00,21.0,Fitzroy Gardens,508,27.8,88.6,-37.8134078,144.9794923,ENV,REAL_508,Real sensor series - Fitzroy Gardens - board 508,42,real_sensor_board_508,21.95506471716248,0,normal
2014-12-18 04:15:00+00:00,20.6,Fitzroy Gardens,508,28.4,82.0,-37.8134078,144.9794923,ENV,REAL_508,Real sensor series - Fitzroy Gardens - board 508,42,real_sensor_board_508,21.684051773729983,1,weak_multivariate_excursion
2014-12-18 04:25:00+00:00,17.4,Fitzroy Gardens,508,38.4,81.6,-37.8134078,144.9794923,ENV,REAL_508,Real sensor series - Fitzroy Gardens - board 508,42,real_sensor_board_508,20.827241418983988,1,weak_multivariate_excursion
2014-12-18 04:35:00+00:00,15.8,Fitzroy Gardens,508,46.6,85.6,-37.8134078,144.9794923,ENV,REAL_508,Real sensor series - Fitzroy Gardens - board 508,42,real_sensor_board_508,19.881793135187195,1,weak_multivariate_excursion
2014-12-18 04:45:00+00:00,16.1,Fitzroy Gardens,508,45.6,90.2,-37.8134078,144.9794923,ENV,REAL_508,Real sensor series - Fitzroy Gardens - board 508,42,real_sensor_board_508,19.12543450814976,1,weak_multivariate_excursion
2014-12-18 04:55:00+00:00,16.1,Fitzroy Gardens,508,45.0,87.6,-37.8134078,144.9794923,ENV,REAL_508,Real sensor series - Fitzroy Gardens - board 508,42,real_sensor_board_508,18.520347606519806,0,normal
2014-12-18 05:05:00+00:00,15.8,Fitzroy Gardens,508,42.9,84.4,-37.8134078,144.9794923,ENV,REAL_508,Real sensor series - Fitzroy Gardens - board 508,42,real_sensor_board_508,18.036278085215848,0,normal
2014-12-18 05:20:00+00:00,15.2,Fitzroy Gardens,508,46.7,80.4,-37.8134078,144.9794923,ENV,REAL_508,Real sensor series - Fitzroy Gardens - board 508,42,real_sensor_board_508,17.64902246817268,0,normal
2014-12-18 05:30:00+00:00,14.2,Fitzroy Gardens,508,49.6,74.6,-37.8134078,144.9794923,ENV,REAL_508,Real sensor series - Fitzroy Gardens - board 508,42,real_sensor_board_508,17.279217974538145,0,normal
2014-12-18 05:40:00+00:00,13.9,Fitzroy Gardens,508,49.9,82.0,-37.8134078,144.9794923,ENV,REAL_508,Real sensor series - Fitzroy Gardens - board 508,42,real_sensor_board_508,16.98337437963052,0,normal
2014-12-18 05:50:00+00:00,14.2,Fitzroy Gardens,508,51.9,81.8,-37.8134078,144.9794923,ENV,REAL_508,Real sensor series - Fitzroy Gardens - board 508,42,real_sensor_board_508,16.746699503704416,0,normal
2014-12-18 06:00:00+00:00,14.2,Fitzroy Gardens,508,50.7,77.3,-37.8134078,144.9794923,ENV,REAL_508,Real sensor series - Fitzroy Gardens - board 508,42,real_sensor_board_508,16.557359602963533,0,normal
2014-12-18 06:10:00+00:00,14.2,Fitzroy Gardens,508,49.9,74.9,-37.8134078,144.9794923,ENV,REAL_508,Real sensor series - Fitzroy Gardens - board 508,42,real_sensor_board_508,16.405887682370828,0,normal
2014-12-18 06:20:00+00:00,14.2,Fitzroy Gardens,508,48.8,81.7,-37.8134078,144.9794923,ENV,REAL_508,Real sensor series - Fitzroy Gardens - board 508,42,real_sensor_board_508,16.224710145896665,0,normal
2014-12-18 06:30:00+00:00,14.8,Fitzroy Gardens,508,46.7,90.6,-37.8134078,144.9794923,ENV,REAL_508,Real sensor series - Fitzroy Gardens - board 508,42,real_sensor_board_508,16.079768116717332,0,normal
2014-12-18 06:40:00+00:00,15.2,Fitzroy Gardens,508,42.6,89.1,-37.8134078,144.9794923,ENV,REAL_508,Real sensor series - Fitzroy Gardens - board 508,42,real_sensor_board_508,15.963814493373865,0,normal
2014-12-18 06:50:00+00:00,15.5,Fitzroy Gardens,508,42.5,88.3,-37.8134078,144.9794923,ENV,REAL_508,Real sensor series - Fitzroy Gardens - board 508,42,real_sensor_board_508,15.871051594699093,0,normal
2014-12-18 07:00:00+00:00,16.1,Fitzroy Gardens,508,44.0,90.1,-37.8134078,144.9794923,ENV,REAL_508,Real sensor series - Fitzroy Gardens - board 508,42,real_sensor_board_508,15.736841275759275,0,normal
2014-12-18 07:10:00+00:00,16.1,Fitzroy Gardens,508,44.0,88.5,-37.8134078,144.9794923,ENV,REAL_508,Real sensor series - Fitzroy Gardens - board 508,42,real_sensor_board_508,15.62947302060742,0,normal
2014-12-18 07:20:00+00:00,16.1,Fitzroy Gardens,508,45.1,88.6,-37.8134078,144.9794923,ENV,REAL_508,Real sensor series - Fitzroy Gardens - board 508,42,real_sensor_board_508,15.543578416485936,0,normal
2014-12-18 07:30:00+00:00,15.8,Fitzroy Gardens,508,45.1,83.8,-37.8134078,144.9794923,ENV,REAL_508,Real sensor series - Fitzroy Gardens - board 508,42,real_sensor_board_508,15.47486273318875,0,normal
2014-12-18 07:40:00+00:00,15.8,Fitzroy Gardens,508,45.3,79.2,-37.8134078,144.9794923,ENV,REAL_508,Real sensor series - Fitzroy Gardens - board 508,42,real_sensor_board_508,15.419890186551001,0,normal
2014-12-18 07:50:00+00:00,15.8,Fitzroy Gardens,508,45.9,80.5,-37.8134078,144.9794923,ENV,REAL_508,Real sensor series - Fitzroy Gardens - board 508,42,real_sensor_board_508,15.3759121492408,0,normal
2014-12-18 08:00:00+00:00,15.2,Fitzroy Gardens,508,48.3,82.1,-37.8134078,144.9794923,ENV,REAL_508,Real sensor series - Fitzroy Gardens - board 508,42,real_sensor_board_508,15.340729719392641,0,normal
2014-12-18 08:10:00+00:00,15.2,Fitzroy Gardens,508,50.0,83.7,-37.8134078,144.9794923,ENV,REAL_508,Real sensor series - Fitzroy Gardens - board 508,42,real_sensor_board_508,15.312583775514113,0,normal
2014-12-18 08:20:00+00:00,15.5,Fitzroy Gardens,508,46.7,80.2,-37.8134078,144.9794923,ENV,REAL_508,Real sensor series - Fitzroy Gardens - board 508,42,real_sensor_board_508,15.290067020411293,0,normal
2014-12-18 08:35:00+00:00,15.2,Fitzroy Gardens,508,47.5,78.5,-37.8134078,144.9794923,ENV,REAL_508,Real sensor series - Fitzroy Gardens - board 508,42,real_sensor_board_508,15.272053616329035,0,normal
2014-12-18 08:45:00+00:00,15.5,Fitzroy Gardens,508,44.8,80.4,-37.8134078,144.9794923,ENV,REAL_508,Real sensor series - Fitzroy Gardens - board 508,42,real_sensor_board_508,15.257642893063228,0,normal
2014-12-18 08:55:00+00:00,15.5,Fitzroy Gardens,508,43.6,79.0,-37.8134078,144.9794923,ENV,REAL_508,Real sensor series - Fitzroy Gardens - board 508,42,real_sensor_board_508,15.246114314450583,0,normal
2014-12-18 09:05:00+00:00,15.2,Fitzroy Gardens,508,44.8,70.9,-37.8134078,144.9794923,ENV,REAL_508,Real sensor series - Fitzroy Gardens - board 508,42,real_sensor_board_508,15.236891451560467,0,normal
2014-12-18 09:15:00+00:00,15.2,Fitzroy Gardens,508,46.4,59.8,-37.8134078,144.9794923,ENV,REAL_508,Real sensor series - Fitzroy Gardens - board 508,42,real_sensor_board_508,15.229513161248374,0,normal
2014-12-18 09:25:00+00:00,14.8,Fitzroy Gardens,508,46.9,46.5,-37.8134078,144.9794923,ENV,REAL_508,Real sensor series - Fitzroy Gardens - board 508,42,real_sensor_board_508,15.223610528998698,0,normal
2014-12-18 09:35:00+00:00,14.8,Fitzroy Gardens,508,47.0,41.1,-37.8134078,144.9794923,ENV,REAL_508,Real sensor series - Fitzroy Gardens - board 508,42,real_sensor_board_508,15.218888423198958,1,weak_multivariate_excursion
2014-12-18 09:55:00+00:00,14.8,Fitzroy Gardens,508,49.9,8.4,-37.8134078,144.9794923,ENV,REAL_508,Real sensor series - Fitzroy Gardens - board 508,42,real_sensor_board_508,15.215110738559169,1,weak_multivariate_excursion
2014-12-18 10:05:00+00:00,15.2,Fitzroy Gardens,508,49.2,3.1,-37.8134078,144.9794923,ENV,REAL_508,Real sensor series - Fitzroy Gardens - board 508,42,real_sensor_board_508,15.212088590847337,1,weak_multivariate_excursion
2014-12-18 10:25:00+00:00,15.2,Fitzroy Gardens,508,48.3,2.1,-37.8134078,144.9794923,ENV,REAL_508,Real sensor series - Fitzroy Gardens - board 508,42,real_sensor_board_508,15.209670872677869,0,normal
2014-12-18 10:35:00+00:00,14.8,Fitzroy Gardens,508,48.9,2.1,-37.8134078,144.9794923,ENV,REAL_508,Real sensor series - Fitzroy Gardens - board 508,42,real_sensor_board_508,15.207736698142295,0,normal
2014-12-18 10:45:00+00:00,14.8,Fitzroy Gardens,508,49.2,2.1,-37.8134078,144.9794923,ENV,REAL_508,Real sensor series - Fitzroy Gardens - board 508,42,real_sensor_board_508,15.206189358513836,0,normal
2014-12-18 10:55:00+00:00,15.5,Fitzroy Gardens,508,44.5,2.0,-37.8134078,144.9794923,ENV,REAL_508,Real sensor series - Fitzroy Gardens - board 508,42,real_sensor_board_508,15.20495148681107,0,normal
2014-12-18 11:05:00+00:00,15.5,Fitzroy Gardens,508,43.1,2.1,-37.8134078,144.9794923,ENV,REAL_508,Real sensor series - Fitzroy Gardens - board 508,42,real_sensor_board_508,15.123961189448856,0,normal
2014-12-18 11:15:00+00:00,15.5,Fitzroy Gardens,508,43.4,2.1,-37.8134078,144.9794923,ENV,REAL_508,Real sensor series - Fitzroy Gardens - board 508,42,real_sensor_board_508,15.059168951559087,0,normal
2014-12-18 11:25:00+00:00,15.5,Fitzroy Gardens,508,42.8,2.1,-37.8134078,144.9794923,ENV,REAL_508,Real sensor series - Fitzroy Gardens - board 508,42,real_sensor_board_508,15.007335161247271,0,normal
2014-12-18 11:40:00+00:00,15.5,Fitzroy Gardens,508,40.1,2.0,-37.8134078,144.9794923,ENV,REAL_508,Real sensor series - Fitzroy Gardens - board 508,42,real_sensor_board_508,14.965868128997819,0,normal
2014-12-18 11:50:00+00:00,15.2,Fitzroy Gardens,508,36.3,2.0,-37.8134078,144.9794923,ENV,REAL_508,Real sensor series - Fitzroy Gardens - board 508,42,real_sensor_board_508,14.932694503198256,0,normal
2014-12-18 12:00:00+00:00,14.8,Fitzroy Gardens,508,36.8,2.0,-37.8134078,144.9794923,ENV,REAL_508,Real sensor series - Fitzroy Gardens - board 508,42,real_sensor_board_508,14.906155602558606,0,normal
2014-12-18 12:10:00+00:00,14.8,Fitzroy Gardens,508,36.5,2.0,-37.8134078,144.9794923,ENV,REAL_508,Real sensor series - Fitzroy Gardens - board 508,42,real_sensor_board_508,14.884924482046886,0,normal
2014-12-18 12:20:00+00:00,14.5,Fitzroy Gardens,508,35.4,2.0,-37.8134078,144.9794923,ENV,REAL_508,Real sensor series - Fitzroy Gardens - board 508,42,real_sensor_board_508,14.80793958563751,0,normal
2014-12-18 12:30:00+00:00,14.5,Fitzroy Gardens,508,35.1,2.1,-37.8134078,144.9794923,ENV,REAL_508,Real sensor series - Fitzroy Gardens - board 508,42,real_sensor_board_508,14.746351668510009,0,normal
2014-12-18 12:40:00+00:00,14.5,Fitzroy Gardens,508,35.4,2.1,-37.8134078,144.9794923,ENV,REAL_508,Real sensor series - Fitzroy Gardens - board 508,42,real_sensor_board_508,14.697081334808008,0,normal
2014-12-18 12:50:00+00:00,14.2,Fitzroy Gardens,508,36.0,2.1,-37.8134078,144.9794923,ENV,REAL_508,Real sensor series - Fitzroy Gardens - board 508,42,real_sensor_board_508,14.597665067846407,0,normal
2014-12-18 13:00:00+00:00,14.2,Fitzroy Gardens,508,36.8,2.1,-37.8134078,144.9794923,ENV,REAL_508,Real sensor series - Fitzroy Gardens - board 508,42,real_sensor_board_508,14.518132054277126,0,normal
2014-12-18 13:10:00+00:00,13.9,Fitzroy Gardens,508,37.4,2.1,-37.8134078,144.9794923,ENV,REAL_508,Real sensor series - Fitzroy Gardens - board 508,42,real_sensor_board_508,14.394505643421702,0,normal
2014-12-18 13:20:00+00:00,13.9,Fitzroy Gardens,508,38.0,2.1,-37.8134078,144.9794923,ENV,REAL_508,Real sensor series - Fitzroy Gardens - board 508,42,real_sensor_board_508,14.295604514737363,0,normal
2014-12-18 13:30:00+00:00,13.9,Fitzroy Gardens,508,38.2,2.1,-37.8134078,144.9794923,ENV,REAL_508,Real sensor series - Fitzroy Gardens - board 508,42,real_sensor_board_508,14.21648361178989,0,normal
2014-12-18 13:50:00+00:00,13.5,Fitzroy Gardens,508,40.1,2.2,-37.8134078,144.9794923,ENV,REAL_508,Real sensor series - Fitzroy Gardens - board 508,42,real_sensor_board_508,14.073186889431913,0,normal
2014-12-18 14:00:00+00:00,13.5,Fitzroy Gardens,508,40.6,2.1,-37.8134078,144.9794923,ENV,REAL_508,Real sensor series - Fitzroy Gardens - board 508,42,real_sensor_board_508,13.958549511545531,0,normal
2014-12-18 14:20:00+00:00,13.2,Fitzroy Gardens,508,41.0,2.2,-37.8134078,144.9794923,ENV,REAL_508,Real sensor series - Fitzroy Gardens - board 508,42,real_sensor_board_508,13.806839609236427,0,normal
2014-12-18 14:30:00+00:00,12.3,Fitzroy Gardens,508,43.9,2.2,-37.8134078,144.9794923,ENV,REAL_508,Real sensor series - Fitzroy Gardens - board 508,42,real_sensor_board_508,13.625471687389142,0,normal
2014-12-18 14:40:00+00:00,12.9,Fitzroy Gardens,508,43.3,2.1,-37.8134078,144.9794923,ENV,REAL_508,Real sensor series - Fitzroy Gardens - board 508,42,real_sensor_board_508,13.480377349911315,0,normal
2014-12-18 14:55:00+00:00,12.9,Fitzroy Gardens,508,42.0,2.1,-37.8134078,144.9794923,ENV,REAL_508,Real sensor series - Fitzroy Gardens - board 508,42,real_sensor_board_508,13.304301879929053,0,normal
2014-12-18 15:05:00+00:00,12.6,Fitzroy Gardens,508,43.6,2.2,-37.8134078,144.9794923,ENV,REAL_508,Real sensor series - Fitzroy Gardens - board 508,42,real_sensor_board_508,13.163441503943243,0,normal
2014-12-18 15:15:00+00:00,12.3,Fitzroy Gardens,508,45.0,2.2,-37.8134078,144.9794923,ENV,REAL_508,Real sensor series - Fitzroy Gardens - board 508,42,real_sensor_board_508,12.990753203154597,0,normal
2014-12-18 15:25:00+00:00,11.9,Fitzroy Gardens,508,46.4,2.2,-37.8134078,144.9794923,ENV,REAL_508,Real sensor series - Fitzroy Gardens - board 508,42,real_sensor_board_508,12.852602562523678,0,normal
2014-12-18 15:35:00+00:00,12.6,Fitzroy Gardens,508,44.4,2.2,-37.8134078,144.9794923,ENV,REAL_508,Real sensor series - Fitzroy Gardens - board 508,42,real_sensor_board_508,12.742082050018944,0,normal
2014-12-18 15:45:00+00:00,12.3,Fitzroy Gardens,508,45.1,2.2,-37.8134078,144.9794923,ENV,REAL_508,Real sensor series - Fitzroy Gardens - board 508,42,real_sensor_board_508,12.573665640015156,0,normal
2014-12-18 15:55:00+00:00,11.6,Fitzroy Gardens,508,46.9,2.2,-37.8134078,144.9794923,ENV,REAL_508,Real sensor series - Fitzroy Gardens - board 508,42,real_sensor_board_508,12.438932512012126,0,normal
2014-12-18 16:05:00+00:00,11.9,Fitzroy Gardens,508,46.7,2.2,-37.8134078,144.9794923,ENV,REAL_508,Real sensor series - Fitzroy Gardens - board 508,42,real_sensor_board_508,12.331146009609702,0,normal
2014-12-18 16:15:00+00:00,11.3,Fitzroy Gardens,508,47.2,2.2,-37.8134078,144.9794923,ENV,REAL_508,Real sensor series - Fitzroy Gardens - board 508,42,real_sensor_board_508,12.244916807687764,0,normal
2014-12-18 16:25:00+00:00,11.3,Fitzroy Gardens,508,47.3,2.2,-37.8134078,144.9794923,ENV,REAL_508,Real sensor series - Fitzroy Gardens - board 508,42,real_sensor_board_508,12.175933446150212,0,normal
2014-12-18 16:35:00+00:00,11.0,Fitzroy Gardens,508,48.5,2.2,-37.8134078,144.9794923,ENV,REAL_508,Real sensor series - Fitzroy Gardens - board 508,42,real_sensor_board_508,12.120746756920171,0,normal
2014-12-18 16:45:00+00:00,11.9,Fitzroy Gardens,508,46.2,2.2,-37.8134078,144.9794923,ENV,REAL_508,Real sensor series - Fitzroy Gardens - board 508,42,real_sensor_board_508,12.07659740553614,0,normal
2014-12-18 16:55:00+00:00,11.6,Fitzroy Gardens,508,45.6,2.2,-37.8134078,144.9794923,ENV,REAL_508,Real sensor series - Fitzroy Gardens - board 508,42,real_sensor_board_508,12.041277924428913,0,normal
2014-12-18 17:05:00+00:00,11.3,Fitzroy Gardens,508,47.8,2.2,-37.8134078,144.9794923,ENV,REAL_508,Real sensor series - Fitzroy Gardens - board 508,42,real_sensor_board_508,12.013022339543133,0,normal
2014-12-18 17:15:00+00:00,11.3,Fitzroy Gardens,508,47.7,2.2,-37.8134078,144.9794923,ENV,REAL_508,Real sensor series - Fitzroy Gardens - board 508,42,real_sensor_board_508,11.990417871634508,0,normal
2014-12-18 17:25:00+00:00,11.3,Fitzroy Gardens,508,46.7,2.2,-37.8134078,144.9794923,ENV,REAL_508,Real sensor series - Fitzroy Gardens - board 508,42,real_sensor_board_508,11.972334297307608,0,normal
2014-12-18 17:35:00+00:00,11.0,Fitzroy Gardens,508,48.6,2.2,-37.8134078,144.9794923,ENV,REAL_508,Real sensor series - Fitzroy Gardens - board 508,42,real_sensor_board_508,11.957867437846087,0,normal
2014-12-18 17:45:00+00:00,10.6,Fitzroy Gardens,508,50.3,2.2,-37.8134078,144.9794923,ENV,REAL_508,Real sensor series - Fitzroy Gardens - board 508,42,real_sensor_board_508,11.946293950276871,0,normal
2014-12-18 17:55:00+00:00,10.3,Fitzroy Gardens,508,51.0,2.2,-37.8134078,144.9794923,ENV,REAL_508,Real sensor series - Fitzroy Gardens - board 508,42,real_sensor_board_508,11.937035160221498,0,normal
2014-12-18 18:10:00+00:00,11.0,Fitzroy Gardens,508,48.8,2.2,-37.8134078,144.9794923,ENV,REAL_508,Real sensor series - Fitzroy Gardens - board 508,42,real_sensor_board_508,11.9296281281772,0,normal
2014-12-18 18:20:00+00:00,11.0,Fitzroy Gardens,508,48.9,2.7,-37.8134078,144.9794923,ENV,REAL_508,Real sensor series - Fitzroy Gardens - board 508,42,real_sensor_board_508,11.923702502541762,0,normal
2014-12-18 18:30:00+00:00,11.0,Fitzroy Gardens,508,48.5,6.0,-37.8134078,144.9794923,ENV,REAL_508,Real sensor series - Fitzroy Gardens - board 508,42,real_sensor_board_508,11.91896200203341,1,weak_multivariate_excursion
2014-12-20 03:00:00+00:00,21.0,Fitzroy Gardens,508,31.7,94.9,-37.8134078,144.9794923,ENV,REAL_508,Real sensor series - Fitzroy Gardens - board 508,42,real_sensor_board_508,13.475169601626728,1,weak_multivariate_excursion
2014-12-20 03:10:00+00:00,20.6,Fitzroy Gardens,508,32.2,94.4,-37.8134078,144.9794923,ENV,REAL_508,Real sensor series - Fitzroy Gardens - board 508,42,real_sensor_board_508,14.780135681301383,1,weak_multivariate_excursion
2014-12-20 03:20:00+00:00,20.6,Fitzroy Gardens,508,31.3,94.0,-37.8134078,144.9794923,ENV,REAL_508,Real sensor series - Fitzroy Gardens - board 508,42,real_sensor_board_508,15.824108545041106,0,normal
2014-12-20 03:30:00+00:00,21.0,Fitzroy Gardens,508,31.4,93.6,-37.8134078,144.9794923,ENV,REAL_508,Real sensor series - Fitzroy Gardens - board 508,42,real_sensor_board_508,16.659286836032884,0,normal
2014-12-20 03:40:00+00:00,21.3,Fitzroy Gardens,508,31.9,93.4,-37.8134078,144.9794923,ENV,REAL_508,Real sensor series - Fitzroy Gardens - board 508,42,real_sensor_board_508,17.32742946882631,0,normal
2014-12-20 03:50:00+00:00,21.9,Fitzroy Gardens,508,31.4,93.4,-37.8134078,144.9794923,ENV,REAL_508,Real sensor series - Fitzroy Gardens - board 508,42,real_sensor_board_508,17.861943575061048,0,normal
2014-12-20 04:00:00+00:00,21.0,Fitzroy Gardens,508,30.6,93.1,-37.8134078,144.9794923,ENV,REAL_508,Real sensor series - Fitzroy Gardens - board 508,42,real_sensor_board_508,18.28955486004884,0,normal
2014-12-20 04:10:00+00:00,21.9,Fitzroy Gardens,508,30.5,93.3,-37.8134078,144.9794923,ENV,REAL_508,Real sensor series - Fitzroy Gardens - board 508,42,real_sensor_board_508,18.631643888039072,0,normal
2014-12-20 04:20:00+00:00,21.3,Fitzroy Gardens,508,30.3,93.3,-37.8134078,144.9794923,ENV,REAL_508,Real sensor series - Fitzroy Gardens - board 508,42,real_sensor_board_508,18.90531511043126,0,normal
2014-12-20 04:40:00+00:00,21.3,Fitzroy Gardens,508,29.5,92.9,-37.8134078,144.9794923,ENV,REAL_508,Real sensor series - Fitzroy Gardens - board 508,42,real_sensor_board_508,19.12425208834501,0,normal
2014-12-20 04:50:00+00:00,20.6,Fitzroy Gardens,508,31.6,92.6,-37.8134078,144.9794923,ENV,REAL_508,Real sensor series - Fitzroy Gardens - board 508,42,real_sensor_board_508,19.29940167067601,0,normal
2014-12-20 05:00:00+00:00,21.0,Fitzroy Gardens,508,32.5,92.3,-37.8134078,144.9794923,ENV,REAL_508,Real sensor series - Fitzroy Gardens - board 508,42,real_sensor_board_508,19.439521336540807,0,normal
2014-12-20 05:10:00+00:00,20.3,Fitzroy Gardens,508,32.4,91.9,-37.8134078,144.9794923,ENV,REAL_508,Real sensor series - Fitzroy Gardens - board 508,42,real_sensor_board_508,19.55161706923265,0,normal
2014-12-20 05:25:00+00:00,20.3,Fitzroy Gardens,508,33.9,91.5,-37.8134078,144.9794923,ENV,REAL_508,Real sensor series - Fitzroy Gardens - board 508,42,real_sensor_board_508,19.64129365538612,0,normal
2014-12-20 05:35:00+00:00,19.7,Fitzroy Gardens,508,34.3,91.4,-37.8134078,144.9794923,ENV,REAL_508,Real sensor series - Fitzroy Gardens - board 508,42,real_sensor_board_508,19.7130349243089,0,normal
2014-12-20 05:45:00+00:00,20.0,Fitzroy Gardens,508,35.7,91.2,-37.8134078,144.9794923,ENV,REAL_508,Real sensor series - Fitzroy Gardens - board 508,42,real_sensor_board_508,19.77042793944712,0,normal
2014-12-20 05:55:00+00:00,20.0,Fitzroy Gardens,508,36.3,91.0,-37.8134078,144.9794923,ENV,REAL_508,Real sensor series - Fitzroy Gardens - board 508,42,real_sensor_board_508,19.816342351557697,0,normal
2014-12-20 06:05:00+00:00,20.0,Fitzroy Gardens,508,36.2,90.8,-37.8134078,144.9794923,ENV,REAL_508,Real sensor series - Fitzroy Gardens - board 508,42,real_sensor_board_508,19.85307388124616,0,normal
2014-12-20 06:15:00+00:00,20.0,Fitzroy Gardens,508,38.4,90.7,-37.8134078,144.9794923,ENV,REAL_508,Real sensor series - Fitzroy Gardens - board 508,42,real_sensor_board_508,19.82245910499693,0,normal
2014-12-20 06:25:00+00:00,19.0,Fitzroy Gardens,508,39.6,90.7,-37.8134078,144.9794923,ENV,REAL_508,Real sensor series - Fitzroy Gardens - board 508,42,real_sensor_board_508,19.657967283997547,0,normal
2014-12-20 06:35:00+00:00,19.0,Fitzroy Gardens,508,41.4,89.7,-37.8134078,144.9794923,ENV,REAL_508,Real sensor series - Fitzroy Gardens - board 508,42,real_sensor_board_508,19.52637382719804,0,normal
2014-12-20 06:45:00+00:00,19.0,Fitzroy Gardens,508,42.1,88.9,-37.8134078,144.9794923,ENV,REAL_508,Real sensor series - Fitzroy Gardens - board 508,42,real_sensor_board_508,19.421099061758433,0,normal
2014-12-20 06:55:00+00:00,18.7,Fitzroy Gardens,508,43.4,88.9,-37.8134078,144.9794923,ENV,REAL_508,Real sensor series - Fitzroy Gardens - board 508,42,real_sensor_board_508,19.336879249406746,0,normal
2014-12-20 07:05:00+00:00,18.7,Fitzroy Gardens,508,44.0,88.1,-37.8134078,144.9794923,ENV,REAL_508,Real sensor series - Fitzroy Gardens - board 508,42,real_sensor_board_508,19.209503399525396,0,normal
2014-12-20 07:15:00+00:00,18.7,Fitzroy Gardens,508,43.1,87.6,-37.8134078,144.9794923,ENV,REAL_508,Real sensor series - Fitzroy Gardens - board 508,42,real_sensor_board_508,19.107602719620317,0,normal
2014-12-20 07:25:00+00:00,19.0,Fitzroy Gardens,508,43.6,87.0,-37.8134078,144.9794923,ENV,REAL_508,Real sensor series - Fitzroy Gardens - board 508,42,real_sensor_board_508,19.026082175696253,0,normal
2014-12-20 07:55:00+00:00,18.4,Fitzroy Gardens,508,45.8,85.7,-37.8134078,144.9794923,ENV,REAL_508,Real sensor series - Fitzroy Gardens - board 508,42,real_sensor_board_508,18.900865740557002,0,normal
2014-12-20 08:05:00+00:00,18.4,Fitzroy Gardens,508,45.3,85.4,-37.8134078,144.9794923,ENV,REAL_508,Real sensor series - Fitzroy Gardens - board 508,42,real_sensor_board_508,18.8006925924456,0,normal
2014-12-20 08:15:00+00:00,18.1,Fitzroy Gardens,508,46.1,88.6,-37.8134078,144.9794923,ENV,REAL_508,Real sensor series - Fitzroy Gardens - board 508,42,real_sensor_board_508,18.66055407395648,0,normal
2014-12-20 08:25:00+00:00,18.1,Fitzroy Gardens,508,46.2,80.6,-37.8134078,144.9794923,ENV,REAL_508,Real sensor series - Fitzroy Gardens - board 508,42,real_sensor_board_508,18.548443259165186,0,normal
2014-12-20 08:40:00+00:00,17.7,Fitzroy Gardens,508,46.9,79.0,-37.8134078,144.9794923,ENV,REAL_508,Real sensor series - Fitzroy Gardens - board 508,42,real_sensor_board_508,18.378754607332148,0,normal
2014-12-20 08:50:00+00:00,17.7,Fitzroy Gardens,508,47.2,77.6,-37.8134078,144.9794923,ENV,REAL_508,Real sensor series - Fitzroy Gardens - board 508,42,real_sensor_board_508,18.24300368586572,0,normal
2014-12-20 09:00:00+00:00,17.7,Fitzroy Gardens,508,47.0,75.4,-37.8134078,144.9794923,ENV,REAL_508,Real sensor series - Fitzroy Gardens - board 508,42,real_sensor_board_508,18.134402948692575,0,normal
2014-12-20 09:10:00+00:00,17.4,Fitzroy Gardens,508,47.3,71.7,-37.8134078,144.9794923,ENV,REAL_508,Real sensor series - Fitzroy Gardens - board 508,42,real_sensor_board_508,17.98752235895406,0,normal
2014-12-20 09:20:00+00:00,17.4,Fitzroy Gardens,508,47.8,65.9,-37.8134078,144.9794923,ENV,REAL_508,Real sensor series - Fitzroy Gardens - board 508,42,real_sensor_board_508,17.870017887163247,0,normal
2014-12-20 09:30:00+00:00,17.4,Fitzroy Gardens,508,48.1,56.6,-37.8134078,144.9794923,ENV,REAL_508,Real sensor series - Fitzroy Gardens - board 508,42,real_sensor_board_508,17.7760143097306,0,normal
2014-12-20 09:40:00+00:00,17.4,Fitzroy Gardens,508,48.8,41.9,-37.8134078,144.9794923,ENV,REAL_508,Real sensor series - Fitzroy Gardens - board 508,42,real_sensor_board_508,17.700811447784478,0,normal
2014-12-20 09:50:00+00:00,17.1,Fitzroy Gardens,508,48.3,23.8,-37.8134078,144.9794923,ENV,REAL_508,Real sensor series - Fitzroy Gardens - board 508,42,real_sensor_board_508,17.640649158227582,0,normal
2014-12-20 10:00:00+00:00,17.4,Fitzroy Gardens,508,46.1,8.0,-37.8134078,144.9794923,ENV,REAL_508,Real sensor series - Fitzroy Gardens - board 508,42,real_sensor_board_508,17.53251932658207,0,normal
2014-12-20 10:10:00+00:00,17.1,Fitzroy Gardens,508,46.6,2.8,-37.8134078,144.9794923,ENV,REAL_508,Real sensor series - Fitzroy Gardens - board 508,42,real_sensor_board_508,17.446015461265656,0,normal
2014-12-20 10:20:00+00:00,17.1,Fitzroy Gardens,508,45.8,2.1,-37.8134078,144.9794923,ENV,REAL_508,Real sensor series - Fitzroy Gardens - board 508,42,real_sensor_board_508,17.376812369012526,0,normal
2014-12-20 10:30:00+00:00,17.1,Fitzroy Gardens,508,45.6,2.0,-37.8134078,144.9794923,ENV,REAL_508,Real sensor series - Fitzroy Gardens - board 508,42,real_sensor_board_508,17.321449895210023,0,normal
2014-12-20 10:40:00+00:00,16.8,Fitzroy Gardens,508,46.1,2.0,-37.8134078,144.9794923,ENV,REAL_508,Real sensor series - Fitzroy Gardens - board 508,42,real_sensor_board_508,17.21715991616802,0,normal
2014-12-20 10:50:00+00:00,16.5,Fitzroy Gardens,508,46.2,1.9,-37.8134078,144.9794923,ENV,REAL_508,Real sensor series - Fitzroy Gardens - board 508,42,real_sensor_board_508,17.073727932934414,0,normal
2014-12-20 11:00:00+00:00,16.5,Fitzroy Gardens,508,46.2,2.0,-37.8134078,144.9794923,ENV,REAL_508,Real sensor series - Fitzroy Gardens - board 508,42,real_sensor_board_508,16.958982346347533,0,normal
2014-12-20 11:10:00+00:00,16.5,Fitzroy Gardens,508,46.1,1.9,-37.8134078,144.9794923,ENV,REAL_508,Real sensor series - Fitzroy Gardens - board 508,42,real_sensor_board_508,16.867185877078025,0,normal
2014-12-20 11:20:00+00:00,16.1,Fitzroy Gardens,508,46.4,2.0,-37.8134078,144.9794923,ENV,REAL_508,Real sensor series - Fitzroy Gardens - board 508,42,real_sensor_board_508,16.79374870166242,0,normal
2014-12-20 11:30:00+00:00,16.5,Fitzroy Gardens,508,47.2,2.0,-37.8134078,144.9794923,ENV,REAL_508,Real sensor series - Fitzroy Gardens - board 508,42,real_sensor_board_508,16.654998961329937,0,normal
2014-12-20 11:45:00+00:00,16.1,Fitzroy Gardens,508,47.3,2.0,-37.8134078,144.9794923,ENV,REAL_508,Real sensor series - Fitzroy Gardens - board 508,42,real_sensor_board_508,16.54399916906395,0,normal
2014-12-20 11:55:00+00:00,15.8,Fitzroy Gardens,508,48.6,2.0,-37.8134078,144.9794923,ENV,REAL_508,Real sensor series - Fitzroy Gardens - board 508,42,real_sensor_board_508,16.395199335251164,0,normal
2014-12-20 12:05:00+00:00,15.5,Fitzroy Gardens,508,49.2,2.0,-37.8134078,144.9794923,ENV,REAL_508,Real sensor series - Fitzroy Gardens - board 508,42,real_sensor_board_508,16.21615946820093,0,normal
2014-12-20 12:15:00+00:00,15.2,Fitzroy Gardens,508,49.9,2.0,-37.8134078,144.9794923,ENV,REAL_508,Real sensor series - Fitzroy Gardens - board 508,42,real_sensor_board_508,16.012927574560745,0,normal
2014-12-20 12:25:00+00:00,15.2,Fitzroy Gardens,508,50.5,2.0,-37.8134078,144.9794923,ENV,REAL_508,Real sensor series - Fitzroy Gardens - board 508,42,real_sensor_board_508,15.850342059648597,0,normal
2014-12-20 12:35:00+00:00,14.8,Fitzroy Gardens,508,51.3,2.0,-37.8134078,144.9794923,ENV,REAL_508,Real sensor series - Fitzroy Gardens - board 508,42,real_sensor_board_508,15.640273647718878,0,normal
2014-12-20 12:45:00+00:00,14.5,Fitzroy Gardens,508,52.7,2.1,-37.8134078,144.9794923,ENV,REAL_508,Real sensor series - Fitzroy Gardens - board 508,42,real_sensor_board_508,15.412218918175103,0,normal
2014-12-20 13:35:00+00:00,13.9,Fitzroy Gardens,508,55.5,2.0,-37.8134078,144.9794923,ENV,REAL_508,Real sensor series - Fitzroy Gardens - board 508,42,real_sensor_board_508,15.109775134540083,0,normal
2014-12-20 13:45:00+00:00,13.9,Fitzroy Gardens,508,55.9,2.1,-37.8134078,144.9794923,ENV,REAL_508,Real sensor series - Fitzroy Gardens - board 508,42,real_sensor_board_508,14.867820107632067,0,normal
2014-12-20 14:05:00+00:00,13.5,Fitzroy Gardens,508,57.1,2.1,-37.8134078,144.9794923,ENV,REAL_508,Real sensor series - Fitzroy Gardens - board 508,42,real_sensor_board_508,14.594256086105656,0,normal
2014-12-20 14:25:00+00:00,13.2,Fitzroy Gardens,508,57.8,2.1,-37.8134078,144.9794923,ENV,REAL_508,Real sensor series - Fitzroy Gardens - board 508,42,real_sensor_board_508,14.315404868884526,0,normal
2014-12-20 14:35:00+00:00,12.9,Fitzroy Gardens,508,58.5,2.1,-37.8134078,144.9794923,ENV,REAL_508,Real sensor series - Fitzroy Gardens - board 508,42,real_sensor_board_508,14.032323895107622,0,normal
2014-12-20 15:20:00+00:00,12.6,Fitzroy Gardens,508,58.9,2.1,-37.8134078,144.9794923,ENV,REAL_508,Real sensor series - Fitzroy Gardens - board 508,42,real_sensor_board_508,13.805859116086099,0,normal
2014-12-20 15:40:00+00:00,12.6,Fitzroy Gardens,508,59.6,2.1,-37.8134078,144.9794923,ENV,REAL_508,Real sensor series - Fitzroy Gardens - board 508,42,real_sensor_board_508,13.564687292868879,0,normal
2014-12-20 15:50:00+00:00,12.6,Fitzroy Gardens,508,59.5,2.0,-37.8134078,144.9794923,ENV,REAL_508,Real sensor series - Fitzroy Gardens - board 508,42,real_sensor_board_508,13.371749834295104,0,normal
2014-12-20 16:00:00+00:00,12.9,Fitzroy Gardens,508,59.5,2.0,-37.8134078,144.9794923,ENV,REAL_508,Real sensor series - Fitzroy Gardens - board 508,42,real_sensor_board_508,13.217399867436082,0,normal
2014-12-20 16:10:00+00:00,12.6,Fitzroy Gardens,508,60.4,2.0,-37.8134078,144.9794923,ENV,REAL_508,Real sensor series - Fitzroy Gardens - board 508,42,real_sensor_board_508,13.093919893948867,0,normal
2014-12-20 16:20:00+00:00,12.6,Fitzroy Gardens,508,60.1,2.0,-37.8134078,144.9794923,ENV,REAL_508,Real sensor series - Fitzroy Gardens - board 508,42,real_sensor_board_508,12.995135915159093,0,normal
2014-12-20 16:30:00+00:00,12.6,Fitzroy Gardens,508,60.6,2.0,-37.8134078,144.9794923,ENV,REAL_508,Real sensor series - Fitzroy Gardens - board 508,42,real_sensor_board_508,12.916108732127274,0,normal
2014-12-20 16:40:00+00:00,12.6,Fitzroy Gardens,508,60.0,2.0,-37.8134078,144.9794923,ENV,REAL_508,Real sensor series - Fitzroy Gardens - board 508,42,real_sensor_board_508,12.852886985701819,0,normal
2014-12-20 16:50:00+00:00,12.3,Fitzroy Gardens,508,60.8,2.0,-37.8134078,144.9794923,ENV,REAL_508,Real sensor series - Fitzroy Gardens - board 508,42,real_sensor_board_508,12.802309588561455,0,normal
2014-12-20 17:00:00+00:00,12.6,Fitzroy Gardens,508,60.8,2.1,-37.8134078,144.9794923,ENV,REAL_508,Real sensor series - Fitzroy Gardens - board 508,42,real_sensor_board_508,12.761847670849164,0,normal
2014-12-20 17:10:00+00:00,12.6,Fitzroy Gardens,508,60.4,2.0,-37.8134078,144.9794923,ENV,REAL_508,Real sensor series - Fitzroy Gardens - board 508,42,real_sensor_board_508,12.729478136679331,0,normal
2014-12-20 17:20:00+00:00,12.6,Fitzroy Gardens,508,60.6,2.0,-37.8134078,144.9794923,ENV,REAL_508,Real sensor series - Fitzroy Gardens - board 508,42,real_sensor_board_508,12.703582509343466,0,normal
2014-12-20 17:30:00+00:00,12.3,Fitzroy Gardens,508,60.8,2.0,-37.8134078,144.9794923,ENV,REAL_508,Real sensor series - Fitzroy Gardens - board 508,42,real_sensor_board_508,12.682866007474773,0,normal
2014-12-20 17:40:00+00:00,12.3,Fitzroy Gardens,508,60.3,2.0,-37.8134078,144.9794923,ENV,REAL_508,Real sensor series - Fitzroy Gardens - board 508,42,real_sensor_board_508,12.666292805979818,0,normal
2014-12-20 17:50:00+00:00,12.3,Fitzroy Gardens,508,60.4,2.0,-37.8134078,144.9794923,ENV,REAL_508,Real sensor series - Fitzroy Gardens - board 508,42,real_sensor_board_508,12.653034244783855,0,normal
2014-12-20 18:00:00+00:00,12.3,Fitzroy Gardens,508,60.4,2.1,-37.8134078,144.9794923,ENV,REAL_508,Real sensor series - Fitzroy Gardens - board 508,42,real_sensor_board_508,12.642427395827085,0,normal
2014-12-20 18:15:00+00:00,12.3,Fitzroy Gardens,508,60.8,2.2,-37.8134078,144.9794923,ENV,REAL_508,Real sensor series - Fitzroy Gardens - board 508,42,real_sensor_board_508,12.633941916661668,0,normal
2014-12-20 18:25:00+00:00,11.9,Fitzroy Gardens,508,60.9,3.6,-37.8134078,144.9794923,ENV,REAL_508,Real sensor series - Fitzroy Gardens - board 508,42,real_sensor_board_508,12.627153533329334,1,weak_multivariate_excursion
2014-12-20 18:45:00+00:00,11.9,Fitzroy Gardens,508,60.1,27.9,-37.8134078,144.9794923,ENV,REAL_508,Real sensor series - Fitzroy Gardens - board 508,42,real_sensor_board_508,12.621722826663468,1,weak_multivariate_excursion
2014-12-20 18:55:00+00:00,11.6,Fitzroy Gardens,508,60.3,46.1,-37.8134078,144.9794923,ENV,REAL_508,Real sensor series - Fitzroy Gardens - board 508,42,real_sensor_board_508,12.617378261330774,1,weak_multivariate_excursion
2014-12-20 19:25:00+00:00,11.9,Fitzroy Gardens,508,60.4,70.5,-37.8134078,144.9794923,ENV,REAL_508,Real sensor series - Fitzroy Gardens - board 508,42,real_sensor_board_508,12.61390260906462,1,weak_multivariate_excursion
2014-12-20 19:35:00+00:00,11.9,Fitzroy Gardens,508,59.8,74.2,-37.8134078,144.9794923,ENV,REAL_508,Real sensor series - Fitzroy Gardens - board 508,42,real_sensor_board_508,12.611122087251697,1,weak_multivariate_excursion
2014-12-20 20:05:00+00:00,12.9,Fitzroy Gardens,508,57.6,80.4,-37.8134078,144.9794923,ENV,REAL_508,Real sensor series - Fitzroy Gardens - board 508,42,real_sensor_board_508,12.668897669801359,0,normal
2014-12-20 20:35:00+00:00,14.2,Fitzroy Gardens,508,54.8,86.3,-37.8134078,144.9794923,ENV,REAL_508,Real sensor series - Fitzroy Gardens - board 508,42,real_sensor_board_508,12.975118135841088,0,normal
2014-12-20 21:15:00+00:00,16.1,Fitzroy Gardens,508,50.7,91.6,-37.8134078,144.9794923,ENV,REAL_508,Real sensor series - Fitzroy Gardens - board 508,42,real_sensor_board_508,13.600094508672871,1,weak_multivariate_excursion
2014-12-20 22:00:00+00:00,18.4,Fitzroy Gardens,508,45.9,92.8,-37.8134078,144.9794923,ENV,REAL_508,Real sensor series - Fitzroy Gardens - board 508,42,real_sensor_board_508,14.560075606938298,1,weak_multivariate_excursion
2014-12-20 22:20:00+00:00,19.7,Fitzroy Gardens,508,43.1,93.3,-37.8134078,144.9794923,ENV,REAL_508,Real sensor series - Fitzroy Gardens - board 508,42,real_sensor_board_508,15.588060485550638,1,weak_multivariate_excursion
2014-12-20 22:40:00+00:00,20.3,Fitzroy Gardens,508,39.9,93.5,-37.8134078,144.9794923,ENV,REAL_508,Real sensor series - Fitzroy Gardens - board 508,42,real_sensor_board_508,16.53044838844051,0,normal
2014-12-20 22:50:00+00:00,21.3,Fitzroy Gardens,508,38.5,93.7,-37.8134078,144.9794923,ENV,REAL_508,Real sensor series - Fitzroy Gardens - board 508,42,real_sensor_board_508,17.48435871075241,0,normal
2014-12-20 23:00:00+00:00,21.6,Fitzroy Gardens,508,36.2,93.8,-37.8134078,144.9794923,ENV,REAL_508,Real sensor series - Fitzroy Gardens - board 508,42,real_sensor_board_508,18.30748696860193,0,normal
2014-12-20 23:10:00+00:00,22.6,Fitzroy Gardens,508,35.4,94.0,-37.8134078,144.9794923,ENV,REAL_508,Real sensor series - Fitzroy Gardens - board 508,42,real_sensor_board_508,19.165989574881543,0,normal
2014-12-20 23:20:00+00:00,23.5,Fitzroy Gardens,508,33.6,94.1,-37.8134078,144.9794923,ENV,REAL_508,Real sensor series - Fitzroy Gardens - board 508,42,real_sensor_board_508,20.032791659905236,0,normal
2014-12-20 23:30:00+00:00,23.5,Fitzroy Gardens,508,31.6,94.4,-37.8134078,144.9794923,ENV,REAL_508,Real sensor series - Fitzroy Gardens - board 508,42,real_sensor_board_508,20.726233327924188,0,normal
2014-12-20 23:40:00+00:00,24.5,Fitzroy Gardens,508,29.4,94.6,-37.8134078,144.9794923,ENV,REAL_508,Real sensor series - Fitzroy Gardens - board 508,42,real_sensor_board_508,21.480986662339355,0,normal
2014-12-21 00:00:00+00:00,26.1,Fitzroy Gardens,508,28.7,95.2,-37.8134078,144.9794923,ENV,REAL_508,Real sensor series - Fitzroy Gardens - board 508,42,real_sensor_board_508,22.404789329871484,0,normal
2014-12-21 00:10:00+00:00,27.7,Fitzroy Gardens,508,28.0,95.5,-37.8134078,144.9794923,ENV,REAL_508,Real sensor series - Fitzroy Gardens - board 508,42,real_sensor_board_508,23.283831463897187,1,weak_multivariate_excursion
2014-12-21 00:20:00+00:00,30.0,Fitzroy Gardens,508,25.6,95.8,-37.8134078,144.9794923,ENV,REAL_508,Real sensor series - Fitzroy Gardens - board 508,42,real_sensor_board_508,24.10706517111775,1,weak_multivariate_excursion
2014-12-21 00:35:00+00:00,28.7,Fitzroy Gardens,508,31.1,95.9,-37.8134078,144.9794923,ENV,REAL_508,Real sensor series - Fitzroy Gardens - board 508,42,real_sensor_board_508,24.8256521368942,1,weak_multivariate_excursion
2014-12-21 00:45:00+00:00,27.4,Fitzroy Gardens,508,31.4,96.1,-37.8134078,144.9794923,ENV,REAL_508,Real sensor series - Fitzroy Gardens - board 508,42,real_sensor_board_508,25.48052170951536,0,normal
2014-12-21 00:55:00+00:00,26.8,Fitzroy Gardens,508,31.3,96.2,-37.8134078,144.9794923,ENV,REAL_508,Real sensor series - Fitzroy Gardens - board 508,42,real_sensor_board_508,26.06441736761229,0,normal
2014-12-21 01:05:00+00:00,28.1,Fitzroy Gardens,508,29.8,96.3,-37.8134078,144.9794923,ENV,REAL_508,Real sensor series - Fitzroy Gardens - board 508,42,real_sensor_board_508,26.591533894089835,0,normal
2014-12-21 01:15:00+00:00,28.4,Fitzroy Gardens,508,28.6,96.4,-37.8134078,144.9794923,ENV,REAL_508,Real sensor series - Fitzroy Gardens - board 508,42,real_sensor_board_508,27.153227115271868,0,normal
2014-12-21 01:25:00+00:00,29.4,Fitzroy Gardens,508,28.0,96.4,-37.8134078,144.9794923,ENV,REAL_508,Real sensor series - Fitzroy Gardens - board 508,42,real_sensor_board_508,27.662581692217497,0,normal
2014-12-21 01:35:00+00:00,30.0,Fitzroy Gardens,508,25.4,96.5,-37.8134078,144.9794923,ENV,REAL_508,Real sensor series - Fitzroy Gardens - board 508,42,real_sensor_board_508,28.130065353774,0,normal
2014-12-21 01:45:00+00:00,30.3,Fitzroy Gardens,508,23.4,96.5,-37.8134078,144.9794923,ENV,REAL_508,Real sensor series - Fitzroy Gardens - board 508,42,real_sensor_board_508,28.504052283019202,0,normal
2014-12-21 01:55:00+00:00,30.6,Fitzroy Gardens,508,27.0,96.5,-37.8134078,144.9794923,ENV,REAL_508,Real sensor series - Fitzroy Gardens - board 508,42,real_sensor_board_508,28.803241826415363,0,normal
2014-12-21 02:05:00+00:00,30.0,Fitzroy Gardens,508,29.4,96.5,-37.8134078,144.9794923,ENV,REAL_508,Real sensor series - Fitzroy Gardens - board 508,42,real_sensor_board_508,29.04259346113229,0,normal
2014-12-21 02:15:00+00:00,30.3,Fitzroy Gardens,508,29.4,96.5,-37.8134078,144.9794923,ENV,REAL_508,Real sensor series - Fitzroy Gardens - board 508,42,real_sensor_board_508,29.294074768905837,0,normal
2014-12-21 02:35:00+00:00,29.7,Fitzroy Gardens,508,23.1,96.1,-37.8134078,144.9794923,ENV,REAL_508,Real sensor series - Fitzroy Gardens - board 508,42,real_sensor_board_508,29.49525981512467,0,normal
2014-12-21 02:45:00+00:00,30.0,Fitzroy Gardens,508,20.2,95.8,-37.8134078,144.9794923,ENV,REAL_508,Real sensor series - Fitzroy Gardens - board 508,42,real_sensor_board_508,29.65620785209974,0,normal
2014-12-21 03:05:00+00:00,31.0,Fitzroy Gardens,508,19.8,95.0,-37.8134078,144.9794923,ENV,REAL_508,Real sensor series - Fitzroy Gardens - board 508,42,real_sensor_board_508,29.784966281679793,0,normal
2014-12-21 03:15:00+00:00,31.3,Fitzroy Gardens,508,21.3,94.5,-37.8134078,144.9794923,ENV,REAL_508,Real sensor series - Fitzroy Gardens - board 508,42,real_sensor_board_508,29.88797302534384,0,normal
2014-12-21 03:25:00+00:00,31.6,Fitzroy Gardens,508,19.8,94.1,-37.8134078,144.9794923,ENV,REAL_508,Real sensor series - Fitzroy Gardens - board 508,42,real_sensor_board_508,29.970378420275075,0,normal
2014-12-21 04:10:00+00:00,32.6,Fitzroy Gardens,508,16.3,94.6,-37.8134078,144.9794923,ENV,REAL_508,Real sensor series - Fitzroy Gardens - board 508,42,real_sensor_board_508,30.036302736220065,0,normal
2014-12-21 04:20:00+00:00,31.0,Fitzroy Gardens,508,18.7,92.7,-37.8134078,144.9794923,ENV,REAL_508,Real sensor series - Fitzroy Gardens - board 508,42,real_sensor_board_508,30.08904218897605,0,normal
2014-12-21 04:30:00+00:00,31.9,Fitzroy Gardens,508,18.7,93.7,-37.8134078,144.9794923,ENV,REAL_508,Real sensor series - Fitzroy Gardens - board 508,42,real_sensor_board_508,30.131233751180844,0,normal
2014-12-21 04:40:00+00:00,32.6,Fitzroy Gardens,508,17.6,93.9,-37.8134078,144.9794923,ENV,REAL_508,Real sensor series - Fitzroy Gardens - board 508,42,real_sensor_board_508,30.164987000944677,0,normal
2014-12-21 04:50:00+00:00,32.3,Fitzroy Gardens,508,19.0,94.0,-37.8134078,144.9794923,ENV,REAL_508,Real sensor series - Fitzroy Gardens - board 508,42,real_sensor_board_508,30.191989600755747,0,normal
2014-12-21 05:00:00+00:00,31.6,Fitzroy Gardens,508,17.7,92.4,-37.8134078,144.9794923,ENV,REAL_508,Real sensor series - Fitzroy Gardens - board 508,42,real_sensor_board_508,30.2135916806046,0,normal
2014-12-21 05:20:00+00:00,31.0,Fitzroy Gardens,508,18.2,92.7,-37.8134078,144.9794923,ENV,REAL_508,Real sensor series - Fitzroy Gardens - board 508,42,real_sensor_board_508,30.230873344483683,0,normal
2014-12-21 05:30:00+00:00,31.3,Fitzroy Gardens,508,18.0,92.5,-37.8134078,144.9794923,ENV,REAL_508,Real sensor series - Fitzroy Gardens - board 508,42,real_sensor_board_508,30.184698675586947,0,normal
2014-12-21 05:40:00+00:00,31.6,Fitzroy Gardens,508,17.6,91.0,-37.8134078,144.9794923,ENV,REAL_508,Real sensor series - Fitzroy Gardens - board 508,42,real_sensor_board_508,30.147758940469558,0,normal
2014-12-21 06:00:00+00:00,30.6,Fitzroy Gardens,508,19.9,91.9,-37.8134078,144.9794923,ENV,REAL_508,Real sensor series - Fitzroy Gardens - board 508,42,real_sensor_board_508,30.058207152375648,0,normal
2014-12-21 06:10:00+00:00,28.4,Fitzroy Gardens,508,20.4,92.5,-37.8134078,144.9794923,ENV,REAL_508,Real sensor series - Fitzroy Gardens - board 508,42,real_sensor_board_508,29.92656572190052,0,normal
2014-12-21 06:20:00+00:00,27.4,Fitzroy Gardens,508,25.3,92.8,-37.8134078,144.9794923,ENV,REAL_508,Real sensor series - Fitzroy Gardens - board 508,42,real_sensor_board_508,29.821252577520415,0,normal
2014-12-21 06:30:00+00:00,26.1,Fitzroy Gardens,508,30.8,91.0,-37.8134078,144.9794923,ENV,REAL_508,Real sensor series - Fitzroy Gardens - board 508,42,real_sensor_board_508,29.537002062016334,0,normal
2014-12-21 06:50:00+00:00,25.8,Fitzroy Gardens,508,34.1,91.0,-37.8134078,144.9794923,ENV,REAL_508,Real sensor series - Fitzroy Gardens - board 508,42,real_sensor_board_508,29.309601649613068,0,normal
2014-12-21 07:05:00+00:00,26.5,Fitzroy Gardens,508,35.1,90.6,-37.8134078,144.9794923,ENV,REAL_508,Real sensor series - Fitzroy Gardens - board 508,42,real_sensor_board_508,28.927681319690457,0,normal
2014-12-21 07:15:00+00:00,27.1,Fitzroy Gardens,508,33.9,90.5,-37.8134078,144.9794923,ENV,REAL_508,Real sensor series - Fitzroy Gardens - board 508,42,real_sensor_board_508,28.562145055752367,0,normal
2014-12-21 07:35:00+00:00,29.4,Fitzroy Gardens,508,26.1,91.6,-37.8134078,144.9794923,ENV,REAL_508,Real sensor series - Fitzroy Gardens - board 508,42,real_sensor_board_508,28.149716044601895,0,normal
2014-12-21 07:45:00+00:00,29.4,Fitzroy Gardens,508,24.3,88.8,-37.8134078,144.9794923,ENV,REAL_508,Real sensor series - Fitzroy Gardens - board 508,42,real_sensor_board_508,27.73977283568152,0,normal
2014-12-21 07:55:00+00:00,28.4,Fitzroy Gardens,508,29.5,85.6,-37.8134078,144.9794923,ENV,REAL_508,Real sensor series - Fitzroy Gardens - board 508,42,real_sensor_board_508,27.41181826854522,0,normal
2014-12-21 08:05:00+00:00,25.8,Fitzroy Gardens,508,36.6,88.5,-37.8134078,144.9794923,ENV,REAL_508,Real sensor series - Fitzroy Gardens - board 508,42,real_sensor_board_508,27.149454614836174,0,normal
2014-12-21 08:25:00+00:00,26.1,Fitzroy Gardens,508,34.1,85.8,-37.8134078,144.9794923,ENV,REAL_508,Real sensor series - Fitzroy Gardens - board 508,42,real_sensor_board_508,26.93956369186894,0,normal
2014-12-21 08:35:00+00:00,26.1,Fitzroy Gardens,508,32.5,81.0,-37.8134078,144.9794923,ENV,REAL_508,Real sensor series - Fitzroy Gardens - board 508,42,real_sensor_board_508,26.771650953495154,0,normal
2014-12-21 08:45:00+00:00,26.1,Fitzroy Gardens,508,31.6,76.6,-37.8134078,144.9794923,ENV,REAL_508,Real sensor series - Fitzroy Gardens - board 508,42,real_sensor_board_508,26.577320762796123,0,normal
2014-12-21 08:55:00+00:00,26.1,Fitzroy Gardens,508,28.3,77.1,-37.8134078,144.9794923,ENV,REAL_508,Real sensor series - Fitzroy Gardens - board 508,42,real_sensor_board_508,26.4218566102369,0,normal
2014-12-21 09:05:00+00:00,25.8,Fitzroy Gardens,508,27.8,76.7,-37.8134078,144.9794923,ENV,REAL_508,Real sensor series - Fitzroy Gardens - board 508,42,real_sensor_board_508,26.297485288189524,0,normal
2014-12-21 09:15:00+00:00,25.8,Fitzroy Gardens,508,27.5,69.9,-37.8134078,144.9794923,ENV,REAL_508,Real sensor series - Fitzroy Gardens - board 508,42,real_sensor_board_508,26.19798823055162,0,normal
2014-12-21 09:25:00+00:00,25.5,Fitzroy Gardens,508,26.7,61.2,-37.8134078,144.9794923,ENV,REAL_508,Real sensor series - Fitzroy Gardens - board 508,42,real_sensor_board_508,26.058390584441298,1,weak_multivariate_excursion
2014-12-21 09:45:00+00:00,25.2,Fitzroy Gardens,508,28.4,24.0,-37.8134078,144.9794923,ENV,REAL_508,Real sensor series - Fitzroy Gardens - board 508,42,real_sensor_board_508,25.88671246755304,1,weak_multivariate_excursion
2014-12-21 09:55:00+00:00,25.2,Fitzroy Gardens,508,29.4,8.6,-37.8134078,144.9794923,ENV,REAL_508,Real sensor series - Fitzroy Gardens - board 508,42,real_sensor_board_508,25.74936997404243,1,weak_multivariate_excursion
2014-12-21 10:05:00+00:00,23.5,Fitzroy Gardens,508,36.8,3.2,-37.8134078,144.9794923,ENV,REAL_508,Real sensor series - Fitzroy Gardens - board 508,42,real_sensor_board_508,25.299495979233946,0,normal
2014-12-21 10:20:00+00:00,22.3,Fitzroy Gardens,508,42.8,2.1,-37.8134078,144.9794923,ENV,REAL_508,Real sensor series - Fitzroy Gardens - board 508,42,real_sensor_board_508,24.699596783387157,0,normal
2014-12-21 10:30:00+00:00,21.9,Fitzroy Gardens,508,45.0,2.0,-37.8134078,144.9794923,ENV,REAL_508,Real sensor series - Fitzroy Gardens - board 508,42,real_sensor_board_508,24.139677426709728,0,normal
2014-12-21 10:40:00+00:00,21.6,Fitzroy Gardens,508,43.4,1.9,-37.8134078,144.9794923,ENV,REAL_508,Real sensor series - Fitzroy Gardens - board 508,42,real_sensor_board_508,23.631741941367785,0,normal
2014-12-21 10:50:00+00:00,21.3,Fitzroy Gardens,508,43.3,1.9,-37.8134078,144.9794923,ENV,REAL_508,Real sensor series - Fitzroy Gardens - board 508,42,real_sensor_board_508,23.22539355309423,0,normal
2014-12-21 11:00:00+00:00,21.6,Fitzroy Gardens,508,40.9,1.9,-37.8134078,144.9794923,ENV,REAL_508,Real sensor series - Fitzroy Gardens - board 508,42,real_sensor_board_508,22.900314842475385,0,normal
2014-12-21 11:10:00+00:00,21.6,Fitzroy Gardens,508,39.2,1.9,-37.8134078,144.9794923,ENV,REAL_508,Real sensor series - Fitzroy Gardens - board 508,42,real_sensor_board_508,22.640251873980308,0,normal
2014-12-21 11:20:00+00:00,21.6,Fitzroy Gardens,508,35.7,1.9,-37.8134078,144.9794923,ENV,REAL_508,Real sensor series - Fitzroy Gardens - board 508,42,real_sensor_board_508,22.37220149918425,0,normal
2014-12-21 11:30:00+00:00,21.0,Fitzroy Gardens,508,43.7,2.0,-37.8134078,144.9794923,ENV,REAL_508,Real sensor series - Fitzroy Gardens - board 508,42,real_sensor_board_508,22.0977611993474,0,normal
2014-12-21 11:40:00+00:00,19.4,Fitzroy Gardens,508,52.1,2.0,-37.8134078,144.9794923,ENV,REAL_508,Real sensor series - Fitzroy Gardens - board 508,42,real_sensor_board_508,21.55820895947792,0,normal
2014-12-21 11:50:00+00:00,19.4,Fitzroy Gardens,508,52.6,2.0,-37.8134078,144.9794923,ENV,REAL_508,Real sensor series - Fitzroy Gardens - board 508,42,real_sensor_board_508,21.126567167582337,0,normal
2014-12-21 12:10:00+00:00,19.0,Fitzroy Gardens,508,52.7,2.0,-37.8134078,144.9794923,ENV,REAL_508,Real sensor series - Fitzroy Gardens - board 508,42,real_sensor_board_508,20.701253734065872,0,normal
2014-12-21 12:20:00+00:00,19.0,Fitzroy Gardens,508,52.6,2.0,-37.8134078,144.9794923,ENV,REAL_508,Real sensor series - Fitzroy Gardens - board 508,42,real_sensor_board_508,20.3610029872527,0,normal
2014-12-21 12:30:00+00:00,19.0,Fitzroy Gardens,508,53.5,2.0,-37.8134078,144.9794923,ENV,REAL_508,Real sensor series - Fitzroy Gardens - board 508,42,real_sensor_board_508,20.08880238980216,0,normal
2014-12-21 12:50:00+00:00,18.7,Fitzroy Gardens,508,53.5,2.1,-37.8134078,144.9794923,ENV,REAL_508,Real sensor series - Fitzroy Gardens - board 508,42,real_sensor_board_508,19.811041911841727,0,normal
2014-12-21 13:00:00+00:00,18.7,Fitzroy Gardens,508,53.8,2.0,-37.8134078,144.9794923,ENV,REAL_508,Real sensor series - Fitzroy Gardens - board 508,42,real_sensor_board_508,19.588833529473384,0,normal
2014-12-21 13:10:00+00:00,18.4,Fitzroy Gardens,508,53.8,2.1,-37.8134078,144.9794923,ENV,REAL_508,Real sensor series - Fitzroy Gardens - board 508,42,real_sensor_board_508,19.351066823578705,0,normal
2014-12-21 13:25:00+00:00,18.4,Fitzroy Gardens,508,53.8,2.1,-37.8134078,144.9794923,ENV,REAL_508,Real sensor series - Fitzroy Gardens - board 508,42,real_sensor_board_508,19.160853458862967,0,normal
2014-12-21 13:35:00+00:00,18.1,Fitzroy Gardens,508,54.4,2.1,-37.8134078,144.9794923,ENV,REAL_508,Real sensor series - Fitzroy Gardens - board 508,42,real_sensor_board_508,18.948682767090375,0,normal
2014-12-21 13:45:00+00:00,18.1,Fitzroy Gardens,508,56.0,2.1,-37.8134078,144.9794923,ENV,REAL_508,Real sensor series - Fitzroy Gardens - board 508,42,real_sensor_board_508,18.778946213672302,0,normal
2014-12-21 13:55:00+00:00,17.7,Fitzroy Gardens,508,57.4,2.1,-37.8134078,144.9794923,ENV,REAL_508,Real sensor series - Fitzroy Gardens - board 508,42,real_sensor_board_508,18.563156970937843,0,normal
2014-12-21 14:05:00+00:00,17.7,Fitzroy Gardens,508,56.8,2.1,-37.8134078,144.9794923,ENV,REAL_508,Real sensor series - Fitzroy Gardens - board 508,42,real_sensor_board_508,18.390525576750274,0,normal
2014-12-21 14:15:00+00:00,17.4,Fitzroy Gardens,508,56.7,2.1,-37.8134078,144.9794923,ENV,REAL_508,Real sensor series - Fitzroy Gardens - board 508,42,real_sensor_board_508,18.25242046140022,0,normal
2014-12-21 14:25:00+00:00,17.4,Fitzroy Gardens,508,56.8,2.1,-37.8134078,144.9794923,ENV,REAL_508,Real sensor series - Fitzroy Gardens - board 508,42,real_sensor_board_508,18.141936369120177,0,normal
2014-12-21 14:35:00+00:00,17.4,Fitzroy Gardens,508,56.7,2.1,-37.8134078,144.9794923,ENV,REAL_508,Real sensor series - Fitzroy Gardens - board 508,42,real_sensor_board_508,17.993549095296142,0,normal
2014-12-21 14:45:00+00:00,17.4,Fitzroy Gardens,508,57.3,2.1,-37.8134078,144.9794923,ENV,REAL_508,Real sensor series - Fitzroy Gardens - board 508,42,real_sensor_board_508,17.874839276236916,0,normal
2014-12-21 14:55:00+00:00,17.7,Fitzroy Gardens,508,57.1,2.1,-37.8134078,144.9794923,ENV,REAL_508,Real sensor series - Fitzroy Gardens - board 508,42,real_sensor_board_508,17.779871420989533,0,normal
2014-12-21 15:05:00+00:00,17.7,Fitzroy Gardens,508,55.4,2.1,-37.8134078,144.9794923,ENV,REAL_508,Real sensor series - Fitzroy Gardens - board 508,42,real_sensor_board_508,17.70389713679163,0,normal
2014-12-21 15:15:00+00:00,17.4,Fitzroy Gardens,508,56.0,2.1,-37.8134078,144.9794923,ENV,REAL_508,Real sensor series - Fitzroy Gardens - board 508,42,real_sensor_board_508,17.6431177094333,0,normal
2014-12-21 15:25:00+00:00,17.4,Fitzroy Gardens,508,55.1,2.1,-37.8134078,144.9794923,ENV,REAL_508,Real sensor series - Fitzroy Gardens - board 508,42,real_sensor_board_508,17.594494167546642,0,normal
2014-12-21 15:35:00+00:00,17.4,Fitzroy Gardens,508,55.2,2.1,-37.8134078,144.9794923,ENV,REAL_508,Real sensor series - Fitzroy Gardens - board 508,42,real_sensor_board_508,17.555595334037314,0,normal
2014-12-21 15:45:00+00:00,17.1,Fitzroy Gardens,508,55.5,2.1,-37.8134078,144.9794923,ENV,REAL_508,Real sensor series - Fitzroy Gardens - board 508,42,real_sensor_board_508,17.52447626722985,0,normal
2014-12-21 15:55:00+00:00,17.1,Fitzroy Gardens,508,55.2,2.1,-37.8134078,144.9794923,ENV,REAL_508,Real sensor series - Fitzroy Gardens - board 508,42,real_sensor_board_508,17.49958101378388,0,normal
2014-12-21 16:05:00+00:00,17.4,Fitzroy Gardens,508,54.3,2.1,-37.8134078,144.9794923,ENV,REAL_508,Real sensor series - Fitzroy Gardens - board 508,42,real_sensor_board_508,17.479664811027106,0,normal
2014-12-21 16:15:00+00:00,17.4,Fitzroy Gardens,508,53.2,2.0,-37.8134078,144.9794923,ENV,REAL_508,Real sensor series - Fitzroy Gardens - board 508,42,real_sensor_board_508,17.463731848821684,0,normal
2014-12-21 16:25:00+00:00,17.4,Fitzroy Gardens,508,53.2,2.0,-37.8134078,144.9794923,ENV,REAL_508,Real sensor series - Fitzroy Gardens - board 508,42,real_sensor_board_508,17.39098547905735,0,normal
2014-12-21 16:40:00+00:00,17.4,Fitzroy Gardens,508,53.0,2.1,-37.8134078,144.9794923,ENV,REAL_508,Real sensor series - Fitzroy Gardens - board 508,42,real_sensor_board_508,17.33278838324588,0,normal
2014-12-21 16:50:00+00:00,17.1,Fitzroy Gardens,508,53.8,2.1,-37.8134078,144.9794923,ENV,REAL_508,Real sensor series - Fitzroy Gardens - board 508,42,real_sensor_board_508,17.286230706596704,0,normal
2014-12-21 17:00:00+00:00,16.8,Fitzroy Gardens,508,54.6,2.1,-37.8134078,144.9794923,ENV,REAL_508,Real sensor series - Fitzroy Gardens - board 508,42,real_sensor_board_508,17.248984565277365,0,normal
2014-12-21 17:10:00+00:00,17.1,Fitzroy Gardens,508,55.4,2.1,-37.8134078,144.9794923,ENV,REAL_508,Real sensor series - Fitzroy Gardens - board 508,42,real_sensor_board_508,17.219187652221894,0,normal
2014-12-21 17:20:00+00:00,16.5,Fitzroy Gardens,508,57.3,2.1,-37.8134078,144.9794923,ENV,REAL_508,Real sensor series - Fitzroy Gardens - board 508,42,real_sensor_board_508,17.195350121777516,0,normal
2014-12-21 17:30:00+00:00,16.8,Fitzroy Gardens,508,56.3,2.1,-37.8134078,144.9794923,ENV,REAL_508,Real sensor series - Fitzroy Gardens - board 508,42,real_sensor_board_508,17.176280097422016,0,normal
2014-12-21 17:40:00+00:00,16.8,Fitzroy Gardens,508,56.2,2.1,-37.8134078,144.9794923,ENV,REAL_508,Real sensor series - Fitzroy Gardens - board 508,42,real_sensor_board_508,17.161024077937615,0,normal
2014-12-21 17:50:00+00:00,16.1,Fitzroy Gardens,508,57.4,2.1,-37.8134078,144.9794923,ENV,REAL_508,Real sensor series - Fitzroy Gardens - board 508,42,real_sensor_board_508,17.148819262350095,0,normal
2014-12-21 18:00:00+00:00,16.1,Fitzroy Gardens,508,57.9,2.1,-37.8134078,144.9794923,ENV,REAL_508,Real sensor series - Fitzroy Gardens - board 508,42,real_sensor_board_508,17.13905540988008,0,normal
2014-12-21 18:10:00+00:00,16.1,Fitzroy Gardens,508,58.9,2.2,-37.8134078,144.9794923,ENV,REAL_508,Real sensor series - Fitzroy Gardens - board 508,42,real_sensor_board_508,17.131244327904064,0,normal
2014-12-21 18:20:00+00:00,16.1,Fitzroy Gardens,508,57.8,2.7,-37.8134078,144.9794923,ENV,REAL_508,Real sensor series - Fitzroy Gardens - board 508,42,real_sensor_board_508,17.124995462323252,0,normal
2014-12-21 18:30:00+00:00,16.5,Fitzroy Gardens,508,57.9,6.1,-37.8134078,144.9794923,ENV,REAL_508,Real sensor series - Fitzroy Gardens - board 508,42,real_sensor_board_508,17.119996369858605,0,normal
2014-12-21 18:40:00+00:00,16.8,Fitzroy Gardens,508,57.4,15.5,-37.8134078,144.9794923,ENV,REAL_508,Real sensor series - Fitzroy Gardens - board 508,42,real_sensor_board_508,17.115997095886886,0,normal
2014-12-21 18:50:00+00:00,16.8,Fitzroy Gardens,508,55.5,33.0,-37.8134078,144.9794923,ENV,REAL_508,Real sensor series - Fitzroy Gardens - board 508,42,real_sensor_board_508,17.112797676709512,0,normal
2014-12-21 19:00:00+00:00,16.8,Fitzroy Gardens,508,55.4,47.2,-37.8134078,144.9794923,ENV,REAL_508,Real sensor series - Fitzroy Gardens - board 508,42,real_sensor_board_508,17.11023814136761,0,normal
2014-12-21 19:10:00+00:00,16.8,Fitzroy Gardens,508,55.4,57.1,-37.8134078,144.9794923,ENV,REAL_508,Real sensor series - Fitzroy Gardens - board 508,42,real_sensor_board_508,17.10819051309409,0,normal
2014-12-21 19:20:00+00:00,16.8,Fitzroy Gardens,508,55.5,57.1,-37.8134078,144.9794923,ENV,REAL_508,Real sensor series - Fitzroy Gardens - board 508,42,real_sensor_board_508,17.106552410475274,0,normal
2014-12-21 19:30:00+00:00,16.8,Fitzroy Gardens,508,55.5,60.0,-37.8134078,144.9794923,ENV,REAL_508,Real sensor series - Fitzroy Gardens - board 508,42,real_sensor_board_508,17.10524192838022,0,normal
2014-12-21 19:40:00+00:00,17.1,Fitzroy Gardens,508,55.7,62.8,-37.8134078,144.9794923,ENV,REAL_508,Real sensor series - Fitzroy Gardens - board 508,42,real_sensor_board_508,17.104193542704177,0,normal
2014-12-21 19:55:00+00:00,17.1,Fitzroy Gardens,508,55.4,75.4,-37.8134078,144.9794923,ENV,REAL_508,Real sensor series - Fitzroy Gardens - board 508,42,real_sensor_board_508,17.103354834163344,0,normal
2014-12-21 20:05:00+00:00,17.1,Fitzroy Gardens,508,55.2,72.1,-37.8134078,144.9794923,ENV,REAL_508,Real sensor series - Fitzroy Gardens - board 508,42,real_sensor_board_508,17.102683867330676,0,normal
2014-12-21 20:15:00+00:00,17.4,Fitzroy Gardens,508,55.2,81.1,-37.8134078,144.9794923,ENV,REAL_508,Real sensor series - Fitzroy Gardens - board 508,42,real_sensor_board_508,17.16214709386454,0,normal
2014-12-21 20:25:00+00:00,17.7,Fitzroy Gardens,508,54.9,83.2,-37.8134078,144.9794923,ENV,REAL_508,Real sensor series - Fitzroy Gardens - board 508,42,real_sensor_board_508,17.269717675091634,0,normal
2014-12-21 20:35:00+00:00,17.7,Fitzroy Gardens,508,54.0,85.4,-37.8134078,144.9794923,ENV,REAL_508,Real sensor series - Fitzroy Gardens - board 508,42,real_sensor_board_508,17.355774140073308,0,normal
2014-12-21 20:45:00+00:00,17.7,Fitzroy Gardens,508,53.5,86.3,-37.8134078,144.9794923,ENV,REAL_508,Real sensor series - Fitzroy Gardens - board 508,42,real_sensor_board_508,17.424619312058645,0,normal
2014-12-21 20:55:00+00:00,18.1,Fitzroy Gardens,508,52.9,89.3,-37.8134078,144.9794923,ENV,REAL_508,Real sensor series - Fitzroy Gardens - board 508,42,real_sensor_board_508,17.559695449646917,0,normal
2014-12-21 21:05:00+00:00,18.4,Fitzroy Gardens,508,52.6,90.2,-37.8134078,144.9794923,ENV,REAL_508,Real sensor series - Fitzroy Gardens - board 508,42,real_sensor_board_508,17.72775635971753,0,normal
2014-12-21 21:15:00+00:00,19.0,Fitzroy Gardens,508,51.8,92.4,-37.8134078,144.9794923,ENV,REAL_508,Real sensor series - Fitzroy Gardens - board 508,42,real_sensor_board_508,17.982205087774027,0,normal
2014-12-21 21:25:00+00:00,19.0,Fitzroy Gardens,508,49.2,91.3,-37.8134078,144.9794923,ENV,REAL_508,Real sensor series - Fitzroy Gardens - board 508,42,real_sensor_board_508,18.18576407021922,0,normal
2014-12-21 21:35:00+00:00,19.0,Fitzroy Gardens,508,50.2,90.8,-37.8134078,144.9794923,ENV,REAL_508,Real sensor series - Fitzroy Gardens - board 508,42,real_sensor_board_508,18.348611256175378,0,normal
2014-12-21 21:45:00+00:00,19.4,Fitzroy Gardens,508,50.8,93.7,-37.8134078,144.9794923,ENV,REAL_508,Real sensor series - Fitzroy Gardens - board 508,42,real_sensor_board_508,18.5588890049403,0,normal
2014-12-21 21:55:00+00:00,19.7,Fitzroy Gardens,508,48.1,93.3,-37.8134078,144.9794923,ENV,REAL_508,Real sensor series - Fitzroy Gardens - board 508,42,real_sensor_board_508,18.787111203952243,0,normal
2014-12-21 22:05:00+00:00,19.7,Fitzroy Gardens,508,48.6,93.1,-37.8134078,144.9794923,ENV,REAL_508,Real sensor series - Fitzroy Gardens - board 508,42,real_sensor_board_508,18.969688963161797,0,normal
2014-12-21 22:15:00+00:00,20.3,Fitzroy Gardens,508,48.0,92.5,-37.8134078,144.9794923,ENV,REAL_508,Real sensor series - Fitzroy Gardens - board 508,42,real_sensor_board_508,19.23575117052944,0,normal
2014-12-21 22:35:00+00:00,21.3,Fitzroy Gardens,508,45.6,94.0,-37.8134078,144.9794923,ENV,REAL_508,Real sensor series - Fitzroy Gardens - board 508,42,real_sensor_board_508,19.50860093642355,0,normal
2014-12-21 22:45:00+00:00,20.6,Fitzroy Gardens,508,47.7,94.2,-37.8134078,144.9794923,ENV,REAL_508,Real sensor series - Fitzroy Gardens - board 508,42,real_sensor_board_508,19.80688074913884,0,normal
2014-12-21 22:55:00+00:00,21.0,Fitzroy Gardens,508,47.7,94.5,-37.8134078,144.9794923,ENV,REAL_508,Real sensor series - Fitzroy Gardens - board 508,42,real_sensor_board_508,20.045504599311073,0,normal
2014-12-21 23:10:00+00:00,21.3,Fitzroy Gardens,508,46.2,94.3,-37.8134078,144.9794923,ENV,REAL_508,Real sensor series - Fitzroy Gardens - board 508,42,real_sensor_board_508,20.23640367944886,0,normal
2014-12-21 23:20:00+00:00,21.0,Fitzroy Gardens,508,46.6,94.9,-37.8134078,144.9794923,ENV,REAL_508,Real sensor series - Fitzroy Gardens - board 508,42,real_sensor_board_508,20.389122943559087,0,normal
2014-12-21 23:30:00+00:00,21.0,Fitzroy Gardens,508,47.7,94.4,-37.8134078,144.9794923,ENV,REAL_508,Real sensor series - Fitzroy Gardens - board 508,42,real_sensor_board_508,20.51129835484727,0,normal
2014-12-21 23:40:00+00:00,21.0,Fitzroy Gardens,508,46.2,94.4,-37.8134078,144.9794923,ENV,REAL_508,Real sensor series - Fitzroy Gardens - board 508,42,real_sensor_board_508,20.66903868387782,0,normal
2014-12-21 23:50:00+00:00,21.0,Fitzroy Gardens,508,47.8,95.3,-37.8134078,144.9794923,ENV,REAL_508,Real sensor series - Fitzroy Gardens - board 508,42,real_sensor_board_508,20.795230947102258,0,normal
2014-12-22 00:00:00+00:00,21.6,Fitzroy Gardens,508,45.9,95.2,-37.8134078,144.9794923,ENV,REAL_508,Real sensor series - Fitzroy Gardens - board 508,42,real_sensor_board_508,20.89618475768181,0,normal
2014-12-22 00:30:00+00:00,23.9,Fitzroy Gardens,508,44.5,95.8,-37.8134078,144.9794923,ENV,REAL_508,Real sensor series - Fitzroy Gardens - board 508,42,real_sensor_board_508,21.03694780614545,0,normal
2014-12-22 00:40:00+00:00,23.5,Fitzroy Gardens,508,45.8,95.9,-37.8134078,144.9794923,ENV,REAL_508,Real sensor series - Fitzroy Gardens - board 508,42,real_sensor_board_508,21.14955824491636,0,normal
2014-12-22 00:50:00+00:00,23.2,Fitzroy Gardens,508,45.3,95.8,-37.8134078,144.9794923,ENV,REAL_508,Real sensor series - Fitzroy Gardens - board 508,42,real_sensor_board_508,21.23964659593309,0,normal
2014-12-22 01:00:00+00:00,22.9,Fitzroy Gardens,508,44.5,95.9,-37.8134078,144.9794923,ENV,REAL_508,Real sensor series - Fitzroy Gardens - board 508,42,real_sensor_board_508,21.31171727674647,0,normal
2014-12-22 01:10:00+00:00,22.3,Fitzroy Gardens,508,46.9,96.0,-37.8134078,144.9794923,ENV,REAL_508,Real sensor series - Fitzroy Gardens - board 508,42,real_sensor_board_508,21.429373821397178,0,normal
2014-12-22 01:20:00+00:00,21.6,Fitzroy Gardens,508,46.6,96.2,-37.8134078,144.9794923,ENV,REAL_508,Real sensor series - Fitzroy Gardens - board 508,42,real_sensor_board_508,21.523499057117743,0,normal
2014-12-22 01:40:00+00:00,22.6,Fitzroy Gardens,508,46.4,95.9,-37.8134078,144.9794923,ENV,REAL_508,Real sensor series - Fitzroy Gardens - board 508,42,real_sensor_board_508,21.598799245694195,0,normal
2014-12-22 01:50:00+00:00,22.6,Fitzroy Gardens,508,46.1,96.0,-37.8134078,144.9794923,ENV,REAL_508,Real sensor series - Fitzroy Gardens - board 508,42,real_sensor_board_508,21.73903939655536,0,normal
2014-12-22 02:00:00+00:00,21.9,Fitzroy Gardens,508,47.8,95.9,-37.8134078,144.9794923,ENV,REAL_508,Real sensor series - Fitzroy Gardens - board 508,42,real_sensor_board_508,21.85123151724429,0,normal
2014-12-22 02:15:00+00:00,21.6,Fitzroy Gardens,508,48.5,95.7,-37.8134078,144.9794923,ENV,REAL_508,Real sensor series - Fitzroy Gardens - board 508,42,real_sensor_board_508,21.940985213795432,0,normal
2014-12-22 02:25:00+00:00,22.3,Fitzroy Gardens,508,47.7,95.0,-37.8134078,144.9794923,ENV,REAL_508,Real sensor series - Fitzroy Gardens - board 508,42,real_sensor_board_508,22.012788171036348,0,normal
2014-12-22 02:35:00+00:00,22.3,Fitzroy Gardens,508,48.3,95.0,-37.8134078,144.9794923,ENV,REAL_508,Real sensor series - Fitzroy Gardens - board 508,42,real_sensor_board_508,22.07023053682908,0,normal
2014-12-22 02:45:00+00:00,21.3,Fitzroy Gardens,508,50.5,95.0,-37.8134078,144.9794923,ENV,REAL_508,Real sensor series - Fitzroy Gardens - board 508,42,real_sensor_board_508,22.116184429463264,0,normal
2014-12-22 02:55:00+00:00,21.6,Fitzroy Gardens,508,49.4,94.6,-37.8134078,144.9794923,ENV,REAL_508,Real sensor series - Fitzroy Gardens - board 508,42,real_sensor_board_508,22.152947543570612,0,normal
2014-12-22 03:05:00+00:00,22.6,Fitzroy Gardens,508,48.5,94.6,-37.8134078,144.9794923,ENV,REAL_508,Real sensor series - Fitzroy Gardens - board 508,42,real_sensor_board_508,22.18235803485649,0,normal
2014-12-22 03:15:00+00:00,22.3,Fitzroy Gardens,508,48.3,94.7,-37.8134078,144.9794923,ENV,REAL_508,Real sensor series - Fitzroy Gardens - board 508,42,real_sensor_board_508,22.205886427885194,0,normal
2014-12-22 03:25:00+00:00,22.6,Fitzroy Gardens,508,47.8,94.7,-37.8134078,144.9794923,ENV,REAL_508,Real sensor series - Fitzroy Gardens - board 508,42,real_sensor_board_508,22.224709142308157,0,normal
2014-12-22 03:35:00+00:00,22.6,Fitzroy Gardens,508,47.3,94.0,-37.8134078,144.9794923,ENV,REAL_508,Real sensor series - Fitzroy Gardens - board 508,42,real_sensor_board_508,22.239767313846528,0,normal
2014-12-22 03:45:00+00:00,22.6,Fitzroy Gardens,508,47.2,93.6,-37.8134078,144.9794923,ENV,REAL_508,Real sensor series - Fitzroy Gardens - board 508,42,real_sensor_board_508,22.251813851077223,0,normal
2014-12-22 03:55:00+00:00,21.9,Fitzroy Gardens,508,50.5,93.0,-37.8134078,144.9794923,ENV,REAL_508,Real sensor series - Fitzroy Gardens - board 508,42,real_sensor_board_508,22.26145108086178,0,normal
2014-12-22 04:05:00+00:00,21.9,Fitzroy Gardens,508,50.3,93.3,-37.8134078,144.9794923,ENV,REAL_508,Real sensor series - Fitzroy Gardens - board 508,42,real_sensor_board_508,22.269160864689425,0,normal
2014-12-22 04:15:00+00:00,22.3,Fitzroy Gardens,508,48.6,93.4,-37.8134078,144.9794923,ENV,REAL_508,Real sensor series - Fitzroy Gardens - board 508,42,real_sensor_board_508,22.275328691751543,0,normal
2014-12-22 04:25:00+00:00,22.9,Fitzroy Gardens,508,47.8,93.8,-37.8134078,144.9794923,ENV,REAL_508,Real sensor series - Fitzroy Gardens - board 508,42,real_sensor_board_508,22.200262953401236,0,normal
2014-12-22 04:35:00+00:00,23.5,Fitzroy Gardens,508,46.2,93.5,-37.8134078,144.9794923,ENV,REAL_508,Real sensor series - Fitzroy Gardens - board 508,42,real_sensor_board_508,22.14021036272099,0,normal
2014-12-22 04:45:00+00:00,22.9,Fitzroy Gardens,508,47.2,93.0,-37.8134078,144.9794923,ENV,REAL_508,Real sensor series - Fitzroy Gardens - board 508,42,real_sensor_board_508,22.09216829017679,0,normal
2014-12-22 04:55:00+00:00,22.9,Fitzroy Gardens,508,48.0,93.3,-37.8134078,144.9794923,ENV,REAL_508,Real sensor series - Fitzroy Gardens - board 508,42,real_sensor_board_508,22.05373463214143,0,normal
2014-12-22 05:05:00+00:00,22.9,Fitzroy Gardens,508,48.8,93.5,-37.8134078,144.9794923,ENV,REAL_508,Real sensor series - Fitzroy Gardens - board 508,42,real_sensor_board_508,22.022987705713145,0,normal
2014-12-22 05:15:00+00:00,22.3,Fitzroy Gardens,508,49.7,92.7,-37.8134078,144.9794923,ENV,REAL_508,Real sensor series - Fitzroy Gardens - board 508,42,real_sensor_board_508,21.998390164570516,0,normal
2014-12-22 05:30:00+00:00,21.9,Fitzroy Gardens,508,50.7,91.7,-37.8134078,144.9794923,ENV,REAL_508,Real sensor series - Fitzroy Gardens - board 508,42,real_sensor_board_508,21.978712131656412,0,normal
2014-12-22 05:40:00+00:00,21.6,Fitzroy Gardens,508,50.0,91.1,-37.8134078,144.9794923,ENV,REAL_508,Real sensor series - Fitzroy Gardens - board 508,42,real_sensor_board_508,21.96296970532513,0,normal
2014-12-22 06:00:00+00:00,21.6,Fitzroy Gardens,508,49.7,91.0,-37.8134078,144.9794923,ENV,REAL_508,Real sensor series - Fitzroy Gardens - board 508,42,real_sensor_board_508,21.890375764260103,0,normal
2014-12-22 06:10:00+00:00,21.6,Fitzroy Gardens,508,49.6,90.0,-37.8134078,144.9794923,ENV,REAL_508,Real sensor series - Fitzroy Gardens - board 508,42,real_sensor_board_508,21.832300611408083,0,normal
2014-12-22 06:20:00+00:00,21.9,Fitzroy Gardens,508,49.4,88.9,-37.8134078,144.9794923,ENV,REAL_508,Real sensor series - Fitzroy Gardens - board 508,42,real_sensor_board_508,21.785840489126468,0,normal
2014-12-22 06:30:00+00:00,21.6,Fitzroy Gardens,508,50.2,87.5,-37.8134078,144.9794923,ENV,REAL_508,Real sensor series - Fitzroy Gardens - board 508,42,real_sensor_board_508,21.748672391301174,0,normal
2014-12-22 06:40:00+00:00,21.6,Fitzroy Gardens,508,50.3,87.7,-37.8134078,144.9794923,ENV,REAL_508,Real sensor series - Fitzroy Gardens - board 508,42,real_sensor_board_508,21.71893791304094,0,normal
2014-12-22 06:50:00+00:00,21.6,Fitzroy Gardens,508,50.3,85.6,-37.8134078,144.9794923,ENV,REAL_508,Real sensor series - Fitzroy Gardens - board 508,42,real_sensor_board_508,21.695150330432753,0,normal
2014-12-22 07:00:00+00:00,21.6,Fitzroy Gardens,508,50.7,83.9,-37.8134078,144.9794923,ENV,REAL_508,Real sensor series - Fitzroy Gardens - board 508,42,real_sensor_board_508,21.676120264346203,0,normal
2014-12-22 07:10:00+00:00,21.6,Fitzroy Gardens,508,50.0,86.1,-37.8134078,144.9794923,ENV,REAL_508,Real sensor series - Fitzroy Gardens - board 508,42,real_sensor_board_508,21.660896211476963,0,normal
2014-12-22 07:20:00+00:00,21.6,Fitzroy Gardens,508,49.7,86.6,-37.8134078,144.9794923,ENV,REAL_508,Real sensor series - Fitzroy Gardens - board 508,42,real_sensor_board_508,21.64871696918157,0,normal
2014-12-22 07:30:00+00:00,21.6,Fitzroy Gardens,508,49.1,85.4,-37.8134078,144.9794923,ENV,REAL_508,Real sensor series - Fitzroy Gardens - board 508,42,real_sensor_board_508,21.638973575345258,0,normal
2014-12-22 07:40:00+00:00,21.6,Fitzroy Gardens,508,49.9,83.7,-37.8134078,144.9794923,ENV,REAL_508,Real sensor series - Fitzroy Gardens - board 508,42,real_sensor_board_508,21.631178860276208,0,normal
2014-12-22 07:50:00+00:00,21.6,Fitzroy Gardens,508,50.3,81.7,-37.8134078,144.9794923,ENV,REAL_508,Real sensor series - Fitzroy Gardens - board 508,42,real_sensor_board_508,21.624943088220967,0,normal
2014-12-22 08:00:00+00:00,21.3,Fitzroy Gardens,508,50.5,78.1,-37.8134078,144.9794923,ENV,REAL_508,Real sensor series - Fitzroy Gardens - board 508,42,real_sensor_board_508,21.619954470576776,0,normal
2014-12-22 08:10:00+00:00,21.3,Fitzroy Gardens,508,51.9,71.9,-37.8134078,144.9794923,ENV,REAL_508,Real sensor series - Fitzroy Gardens - board 508,42,real_sensor_board_508,21.61596357646142,0,normal
2014-12-22 08:20:00+00:00,21.3,Fitzroy Gardens,508,51.4,71.7,-37.8134078,144.9794923,ENV,REAL_508,Real sensor series - Fitzroy Gardens - board 508,42,real_sensor_board_508,21.61277086116914,0,normal
2014-12-22 08:30:00+00:00,21.3,Fitzroy Gardens,508,52.2,68.2,-37.8134078,144.9794923,ENV,REAL_508,Real sensor series - Fitzroy Gardens - board 508,42,real_sensor_board_508,21.610216688935314,0,normal
2014-12-22 08:45:00+00:00,21.3,Fitzroy Gardens,508,53.0,63.3,-37.8134078,144.9794923,ENV,REAL_508,Real sensor series - Fitzroy Gardens - board 508,42,real_sensor_board_508,21.608173351148253,0,normal
2014-12-22 08:55:00+00:00,21.6,Fitzroy Gardens,508,50.8,58.9,-37.8134078,144.9794923,ENV,REAL_508,Real sensor series - Fitzroy Gardens - board 508,42,real_sensor_board_508,21.606538680918604,0,normal
2014-12-22 09:05:00+00:00,21.6,Fitzroy Gardens,508,49.9,57.4,-37.8134078,144.9794923,ENV,REAL_508,Real sensor series - Fitzroy Gardens - board 508,42,real_sensor_board_508,21.605230944734885,0,normal
2014-12-22 09:15:00+00:00,21.6,Fitzroy Gardens,508,49.9,52.4,-37.8134078,144.9794923,ENV,REAL_508,Real sensor series - Fitzroy Gardens - board 508,42,real_sensor_board_508,21.60418475578791,0,normal
2014-12-22 09:25:00+00:00,21.6,Fitzroy Gardens,508,50.5,37.6,-37.8134078,144.9794923,ENV,REAL_508,Real sensor series - Fitzroy Gardens - board 508,42,real_sensor_board_508,21.603347804630328,0,normal
2014-12-22 09:35:00+00:00,21.3,Fitzroy Gardens,508,51.6,18.6,-37.8134078,144.9794923,ENV,REAL_508,Real sensor series - Fitzroy Gardens - board 508,42,real_sensor_board_508,21.542678243704266,0,normal
2014-12-22 09:45:00+00:00,21.0,Fitzroy Gardens,508,52.9,11.0,-37.8134078,144.9794923,ENV,REAL_508,Real sensor series - Fitzroy Gardens - board 508,42,real_sensor_board_508,21.494142594963414,0,normal
2014-12-22 09:55:00+00:00,21.0,Fitzroy Gardens,508,52.9,4.7,-37.8134078,144.9794923,ENV,REAL_508,Real sensor series - Fitzroy Gardens - board 508,42,real_sensor_board_508,21.455314075970733,0,normal
2014-12-22 10:05:00+00:00,21.0,Fitzroy Gardens,508,53.3,2.2,-37.8134078,144.9794923,ENV,REAL_508,Real sensor series - Fitzroy Gardens - board 508,42,real_sensor_board_508,21.42425126077659,0,normal
2014-12-22 10:15:00+00:00,21.0,Fitzroy Gardens,508,54.1,2.0,-37.8134078,144.9794923,ENV,REAL_508,Real sensor series - Fitzroy Gardens - board 508,42,real_sensor_board_508,21.399401008621275,0,normal
2014-12-22 10:25:00+00:00,21.0,Fitzroy Gardens,508,54.0,1.9,-37.8134078,144.9794923,ENV,REAL_508,Real sensor series - Fitzroy Gardens - board 508,42,real_sensor_board_508,21.379520806897023,0,normal
2014-12-22 10:35:00+00:00,21.6,Fitzroy Gardens,508,51.9,1.8,-37.8134078,144.9794923,ENV,REAL_508,Real sensor series - Fitzroy Gardens - board 508,42,real_sensor_board_508,21.36361664551762,0,normal
2014-12-22 10:45:00+00:00,21.6,Fitzroy Gardens,508,51.9,1.8,-37.8134078,144.9794923,ENV,REAL_508,Real sensor series - Fitzroy Gardens - board 508,42,real_sensor_board_508,21.350893316414098,0,normal
2014-12-22 10:55:00+00:00,21.9,Fitzroy Gardens,508,51.0,1.8,-37.8134078,144.9794923,ENV,REAL_508,Real sensor series - Fitzroy Gardens - board 508,42,real_sensor_board_508,21.34071465313128,0,normal
2014-12-22 11:05:00+00:00,21.9,Fitzroy Gardens,508,50.8,1.8,-37.8134078,144.9794923,ENV,REAL_508,Real sensor series - Fitzroy Gardens - board 508,42,real_sensor_board_508,21.332571722505026,0,normal
2014-12-22 11:15:00+00:00,21.6,Fitzroy Gardens,508,52.1,1.5,-37.8134078,144.9794923,ENV,REAL_508,Real sensor series - Fitzroy Gardens - board 508,42,real_sensor_board_508,21.326057378004023,0,normal
2014-12-22 11:25:00+00:00,21.3,Fitzroy Gardens,508,52.6,1.5,-37.8134078,144.9794923,ENV,REAL_508,Real sensor series - Fitzroy Gardens - board 508,42,real_sensor_board_508,21.32084590240322,0,normal
2014-12-22 11:35:00+00:00,20.3,Fitzroy Gardens,508,57.4,1.5,-37.8134078,144.9794923,ENV,REAL_508,Real sensor series - Fitzroy Gardens - board 508,42,real_sensor_board_508,21.31667672192258,0,normal
2014-12-22 11:45:00+00:00,21.0,Fitzroy Gardens,508,54.1,1.4,-37.8134078,144.9794923,ENV,REAL_508,Real sensor series - Fitzroy Gardens - board 508,42,real_sensor_board_508,21.313341377538066,0,normal
2014-12-22 12:00:00+00:00,21.3,Fitzroy Gardens,508,52.7,1.4,-37.8134078,144.9794923,ENV,REAL_508,Real sensor series - Fitzroy Gardens - board 508,42,real_sensor_board_508,21.310673102030457,0,normal
2014-12-22 12:10:00+00:00,21.3,Fitzroy Gardens,508,53.5,1.4,-37.8134078,144.9794923,ENV,REAL_508,Real sensor series - Fitzroy Gardens - board 508,42,real_sensor_board_508,21.308538481624367,0,normal
2014-12-22 12:20:00+00:00,21.6,Fitzroy Gardens,508,53.3,1.4,-37.8134078,144.9794923,ENV,REAL_508,Real sensor series - Fitzroy Gardens - board 508,42,real_sensor_board_508,21.306830785299496,0,normal
2014-12-22 12:30:00+00:00,21.6,Fitzroy Gardens,508,52.9,1.4,-37.8134078,144.9794923,ENV,REAL_508,Real sensor series - Fitzroy Gardens - board 508,42,real_sensor_board_508,21.305464628239598,0,normal
2014-12-22 12:40:00+00:00,21.6,Fitzroy Gardens,508,53.5,1.4,-37.8134078,144.9794923,ENV,REAL_508,Real sensor series - Fitzroy Gardens - board 508,42,real_sensor_board_508,21.30437170259168,0,normal
2014-12-22 12:50:00+00:00,21.3,Fitzroy Gardens,508,53.8,1.4,-37.8134078,144.9794923,ENV,REAL_508,Real sensor series - Fitzroy Gardens - board 508,42,real_sensor_board_508,21.303497362073347,0,normal
2014-12-22 13:00:00+00:00,21.6,Fitzroy Gardens,508,53.2,1.4,-37.8134078,144.9794923,ENV,REAL_508,Real sensor series - Fitzroy Gardens - board 508,42,real_sensor_board_508,21.30279788965868,0,normal
2014-12-22 13:10:00+00:00,21.9,Fitzroy Gardens,508,52.6,1.4,-37.8134078,144.9794923,ENV,REAL_508,Real sensor series - Fitzroy Gardens - board 508,42,real_sensor_board_508,21.302238311726946,0,normal
2014-12-22 13:20:00+00:00,21.6,Fitzroy Gardens,508,53.7,1.4,-37.8134078,144.9794923,ENV,REAL_508,Real sensor series - Fitzroy Gardens - board 508,42,real_sensor_board_508,21.241790649381556,0,normal
2014-12-22 13:30:00+00:00,21.3,Fitzroy Gardens,508,56.0,1.4,-37.8134078,144.9794923,ENV,REAL_508,Real sensor series - Fitzroy Gardens - board 508,42,real_sensor_board_508,21.193432519505244,0,normal
2014-12-22 13:40:00+00:00,21.0,Fitzroy Gardens,508,58.4,1.4,-37.8134078,144.9794923,ENV,REAL_508,Real sensor series - Fitzroy Gardens - board 508,42,real_sensor_board_508,21.154746015604196,0,normal
2014-12-22 13:50:00+00:00,20.3,Fitzroy Gardens,508,61.5,1.4,-37.8134078,144.9794923,ENV,REAL_508,Real sensor series - Fitzroy Gardens - board 508,42,real_sensor_board_508,20.983796812483355,0,normal
2014-12-22 14:00:00+00:00,20.3,Fitzroy Gardens,508,61.2,1.4,-37.8134078,144.9794923,ENV,REAL_508,Real sensor series - Fitzroy Gardens - board 508,42,real_sensor_board_508,20.847037449986686,0,normal
2014-12-22 14:10:00+00:00,20.0,Fitzroy Gardens,508,62.5,1.4,-37.8134078,144.9794923,ENV,REAL_508,Real sensor series - Fitzroy Gardens - board 508,42,real_sensor_board_508,20.73762995998935,0,normal
2014-12-22 14:20:00+00:00,20.0,Fitzroy Gardens,508,63.0,1.4,-37.8134078,144.9794923,ENV,REAL_508,Real sensor series - Fitzroy Gardens - board 508,42,real_sensor_board_508,20.650103967991477,0,normal
2014-12-22 14:30:00+00:00,20.0,Fitzroy Gardens,508,63.7,1.4,-37.8134078,144.9794923,ENV,REAL_508,Real sensor series - Fitzroy Gardens - board 508,42,real_sensor_board_508,20.58008317439318,0,normal
2014-12-22 14:40:00+00:00,21.0,Fitzroy Gardens,508,59.0,1.4,-37.8134078,144.9794923,ENV,REAL_508,Real sensor series - Fitzroy Gardens - board 508,42,real_sensor_board_508,20.464066539514544,0,normal
2014-12-22 14:50:00+00:00,20.3,Fitzroy Gardens,508,61.1,1.4,-37.8134078,144.9794923,ENV,REAL_508,Real sensor series - Fitzroy Gardens - board 508,42,real_sensor_board_508,20.371253231611636,0,normal
2014-12-22 15:05:00+00:00,20.0,Fitzroy Gardens,508,62.6,1.4,-37.8134078,144.9794923,ENV,REAL_508,Real sensor series - Fitzroy Gardens - board 508,42,real_sensor_board_508,20.29700258528931,0,normal
2014-12-22 15:15:00+00:00,20.0,Fitzroy Gardens,508,64.7,1.4,-37.8134078,144.9794923,ENV,REAL_508,Real sensor series - Fitzroy Gardens - board 508,42,real_sensor_board_508,20.23760206823145,0,normal
2014-12-22 15:25:00+00:00,20.3,Fitzroy Gardens,508,61.4,1.4,-37.8134078,144.9794923,ENV,REAL_508,Real sensor series - Fitzroy Gardens - board 508,42,real_sensor_board_508,20.19008165458516,0,normal
2014-12-22 15:35:00+00:00,20.0,Fitzroy Gardens,508,62.5,1.4,-37.8134078,144.9794923,ENV,REAL_508,Real sensor series - Fitzroy Gardens - board 508,42,real_sensor_board_508,20.15206532366813,0,normal
2014-12-22 15:45:00+00:00,19.7,Fitzroy Gardens,508,63.6,1.4,-37.8134078,144.9794923,ENV,REAL_508,Real sensor series - Fitzroy Gardens - board 508,42,real_sensor_board_508,20.061652258934505,0,normal
2014-12-22 15:55:00+00:00,19.7,Fitzroy Gardens,508,63.7,1.4,-37.8134078,144.9794923,ENV,REAL_508,Real sensor series - Fitzroy Gardens - board 508,42,real_sensor_board_508,19.989321807147604,0,normal
2014-12-22 16:05:00+00:00,19.4,Fitzroy Gardens,508,63.6,1.4,-37.8134078,144.9794923,ENV,REAL_508,Real sensor series - Fitzroy Gardens - board 508,42,real_sensor_board_508,19.931457445718085,0,normal
2014-12-22 16:15:00+00:00,19.4,Fitzroy Gardens,508,63.7,1.4,-37.8134078,144.9794923,ENV,REAL_508,Real sensor series - Fitzroy Gardens - board 508,42,real_sensor_board_508,19.88516595657447,0,normal
2014-12-22 16:25:00+00:00,19.4,Fitzroy Gardens,508,64.4,1.4,-37.8134078,144.9794923,ENV,REAL_508,Real sensor series - Fitzroy Gardens - board 508,42,real_sensor_board_508,19.848132765259574,0,normal
2014-12-22 16:35:00+00:00,19.4,Fitzroy Gardens,508,64.2,1.4,-37.8134078,144.9794923,ENV,REAL_508,Real sensor series - Fitzroy Gardens - board 508,42,real_sensor_board_508,19.75850621220766,0,normal
2014-12-22 16:45:00+00:00,19.4,Fitzroy Gardens,508,64.1,1.4,-37.8134078,144.9794923,ENV,REAL_508,Real sensor series - Fitzroy Gardens - board 508,42,real_sensor_board_508,19.68680496976613,0,normal
2014-12-22 16:55:00+00:00,19.4,Fitzroy Gardens,508,63.9,1.4,-37.8134078,144.9794923,ENV,REAL_508,Real sensor series - Fitzroy Gardens - board 508,42,real_sensor_board_508,19.629443975812904,0,normal
2014-12-22 17:05:00+00:00,19.4,Fitzroy Gardens,508,64.9,1.4,-37.8134078,144.9794923,ENV,REAL_508,Real sensor series - Fitzroy Gardens - board 508,42,real_sensor_board_508,19.583555180650325,0,normal
2014-12-22 17:15:00+00:00,19.4,Fitzroy Gardens,508,64.5,1.4,-37.8134078,144.9794923,ENV,REAL_508,Real sensor series - Fitzroy Gardens - board 508,42,real_sensor_board_508,19.54684414452026,0,normal
2014-12-22 17:25:00+00:00,19.7,Fitzroy Gardens,508,64.7,1.4,-37.8134078,144.9794923,ENV,REAL_508,Real sensor series - Fitzroy Gardens - board 508,42,real_sensor_board_508,19.51747531561621,0,normal
2014-12-22 17:35:00+00:00,19.4,Fitzroy Gardens,508,65.0,1.4,-37.8134078,144.9794923,ENV,REAL_508,Real sensor series - Fitzroy Gardens - board 508,42,real_sensor_board_508,19.493980252492968,0,normal
2014-12-22 17:45:00+00:00,19.4,Fitzroy Gardens,508,64.9,1.4,-37.8134078,144.9794923,ENV,REAL_508,Real sensor series - Fitzroy Gardens - board 508,42,real_sensor_board_508,19.475184201994374,0,normal
2014-12-22 17:55:00+00:00,19.4,Fitzroy Gardens,508,64.9,1.4,-37.8134078,144.9794923,ENV,REAL_508,Real sensor series - Fitzroy Gardens - board 508,42,real_sensor_board_508,19.4601473615955,0,normal
2014-12-22 18:05:00+00:00,19.4,Fitzroy Gardens,508,65.5,1.4,-37.8134078,144.9794923,ENV,REAL_508,Real sensor series - Fitzroy Gardens - board 508,42,real_sensor_board_508,19.4481178892764,0,normal
2014-12-22 18:20:00+00:00,19.4,Fitzroy Gardens,508,65.8,1.4,-37.8134078,144.9794923,ENV,REAL_508,Real sensor series - Fitzroy Gardens - board 508,42,real_sensor_board_508,19.43849431142112,0,normal
2014-12-22 18:30:00+00:00,19.4,Fitzroy Gardens,508,66.3,1.7,-37.8134078,144.9794923,ENV,REAL_508,Real sensor series - Fitzroy Gardens - board 508,42,real_sensor_board_508,19.430795449136898,0,normal
2014-12-22 18:40:00+00:00,19.7,Fitzroy Gardens,508,65.8,3.2,-37.8134078,144.9794923,ENV,REAL_508,Real sensor series - Fitzroy Gardens - board 508,42,real_sensor_board_508,19.42463635930952,0,normal
2014-12-22 18:50:00+00:00,19.7,Fitzroy Gardens,508,63.9,9.6,-37.8134078,144.9794923,ENV,REAL_508,Real sensor series - Fitzroy Gardens - board 508,42,real_sensor_board_508,19.419709087447618,1,weak_multivariate_excursion
2014-12-22 19:00:00+00:00,19.4,Fitzroy Gardens,508,64.5,31.8,-37.8134078,144.9794923,ENV,REAL_508,Real sensor series - Fitzroy Gardens - board 508,42,real_sensor_board_508,19.415767269958096,1,weak_multivariate_excursion
2014-12-22 19:10:00+00:00,19.4,Fitzroy Gardens,508,65.0,43.2,-37.8134078,144.9794923,ENV,REAL_508,Real sensor series - Fitzroy Gardens - board 508,42,real_sensor_board_508,19.47261381596648,1,weak_multivariate_excursion
2014-12-22 19:20:00+00:00,19.4,Fitzroy Gardens,508,64.7,52.7,-37.8134078,144.9794923,ENV,REAL_508,Real sensor series - Fitzroy Gardens - board 508,42,real_sensor_board_508,19.518091052773183,0,normal
2014-12-22 19:30:00+00:00,19.4,Fitzroy Gardens,508,65.6,60.8,-37.8134078,144.9794923,ENV,REAL_508,Real sensor series - Fitzroy Gardens - board 508,42,real_sensor_board_508,19.554472842218548,0,normal
2014-12-22 19:40:00+00:00,19.7,Fitzroy Gardens,508,63.9,75.4,-37.8134078,144.9794923,ENV,REAL_508,Real sensor series - Fitzroy Gardens - board 508,42,real_sensor_board_508,19.58357827377484,0,normal
2014-12-22 19:50:00+00:00,20.3,Fitzroy Gardens,508,57.9,80.7,-37.8134078,144.9794923,ENV,REAL_508,Real sensor series - Fitzroy Gardens - board 508,42,real_sensor_board_508,19.726862619019876,0,normal
2014-12-22 20:00:00+00:00,20.3,Fitzroy Gardens,508,59.0,81.6,-37.8134078,144.9794923,ENV,REAL_508,Real sensor series - Fitzroy Gardens - board 508,42,real_sensor_board_508,19.841490095215903,0,normal
2014-12-22 20:10:00+00:00,20.3,Fitzroy Gardens,508,59.3,81.1,-37.8134078,144.9794923,ENV,REAL_508,Real sensor series - Fitzroy Gardens - board 508,42,real_sensor_board_508,19.933192076172723,0,normal
2014-12-22 20:20:00+00:00,20.6,Fitzroy Gardens,508,55.9,83.3,-37.8134078,144.9794923,ENV,REAL_508,Real sensor series - Fitzroy Gardens - board 508,42,real_sensor_board_508,20.06655366093818,0,normal
2014-12-22 20:30:00+00:00,21.0,Fitzroy Gardens,508,55.2,82.8,-37.8134078,144.9794923,ENV,REAL_508,Real sensor series - Fitzroy Gardens - board 508,42,real_sensor_board_508,20.253242928750545,0,normal
2014-12-22 20:40:00+00:00,21.0,Fitzroy Gardens,508,54.0,75.9,-37.8134078,144.9794923,ENV,REAL_508,Real sensor series - Fitzroy Gardens - board 508,42,real_sensor_board_508,20.402594343000438,0,normal
2014-12-22 20:50:00+00:00,21.0,Fitzroy Gardens,508,54.3,77.0,-37.8134078,144.9794923,ENV,REAL_508,Real sensor series - Fitzroy Gardens - board 508,42,real_sensor_board_508,20.52207547440035,0,normal
2014-12-22 21:00:00+00:00,21.3,Fitzroy Gardens,508,53.2,79.9,-37.8134078,144.9794923,ENV,REAL_508,Real sensor series - Fitzroy Gardens - board 508,42,real_sensor_board_508,20.677660379520283,0,normal
2014-12-22 21:10:00+00:00,21.3,Fitzroy Gardens,508,52.9,84.1,-37.8134078,144.9794923,ENV,REAL_508,Real sensor series - Fitzroy Gardens - board 508,42,real_sensor_board_508,20.80212830361623,0,normal
2014-12-22 21:20:00+00:00,21.3,Fitzroy Gardens,508,53.0,81.2,-37.8134078,144.9794923,ENV,REAL_508,Real sensor series - Fitzroy Gardens - board 508,42,real_sensor_board_508,20.901702642892985,0,normal
2014-12-22 21:35:00+00:00,21.6,Fitzroy Gardens,508,49.7,87.4,-37.8134078,144.9794923,ENV,REAL_508,Real sensor series - Fitzroy Gardens - board 508,42,real_sensor_board_508,21.04136211431439,0,normal
2014-12-22 21:45:00+00:00,21.9,Fitzroy Gardens,508,48.0,79.8,-37.8134078,144.9794923,ENV,REAL_508,Real sensor series - Fitzroy Gardens - board 508,42,real_sensor_board_508,21.21308969145151,0,normal
2014-12-22 21:55:00+00:00,22.3,Fitzroy Gardens,508,48.1,90.2,-37.8134078,144.9794923,ENV,REAL_508,Real sensor series - Fitzroy Gardens - board 508,42,real_sensor_board_508,21.43047175316121,0,normal
2014-12-22 22:05:00+00:00,23.5,Fitzroy Gardens,508,42.5,93.6,-37.8134078,144.9794923,ENV,REAL_508,Real sensor series - Fitzroy Gardens - board 508,42,real_sensor_board_508,21.724377402528972,0,normal
2014-12-22 22:15:00+00:00,23.5,Fitzroy Gardens,508,41.7,90.6,-37.8134078,144.9794923,ENV,REAL_508,Real sensor series - Fitzroy Gardens - board 508,42,real_sensor_board_508,21.95950192202318,0,normal
2014-12-22 22:25:00+00:00,24.2,Fitzroy Gardens,508,41.2,93.0,-37.8134078,144.9794923,ENV,REAL_508,Real sensor series - Fitzroy Gardens - board 508,42,real_sensor_board_508,22.14760153761854,0,normal
2014-12-22 22:35:00+00:00,24.2,Fitzroy Gardens,508,39.2,91.0,-37.8134078,144.9794923,ENV,REAL_508,Real sensor series - Fitzroy Gardens - board 508,42,real_sensor_board_508,22.298081230094837,0,normal
2014-12-22 22:45:00+00:00,24.2,Fitzroy Gardens,508,40.1,90.5,-37.8134078,144.9794923,ENV,REAL_508,Real sensor series - Fitzroy Gardens - board 508,42,real_sensor_board_508,22.418464984075868,0,normal
2014-12-22 22:55:00+00:00,24.2,Fitzroy Gardens,508,41.2,92.2,-37.8134078,144.9794923,ENV,REAL_508,Real sensor series - Fitzroy Gardens - board 508,42,real_sensor_board_508,22.514771987260694,0,normal
2014-12-22 23:05:00+00:00,25.2,Fitzroy Gardens,508,39.5,93.8,-37.8134078,144.9794923,ENV,REAL_508,Real sensor series - Fitzroy Gardens - board 508,42,real_sensor_board_508,22.591817589808556,0,normal
2014-12-22 23:15:00+00:00,26.1,Fitzroy Gardens,508,37.9,95.4,-37.8134078,144.9794923,ENV,REAL_508,Real sensor series - Fitzroy Gardens - board 508,42,real_sensor_board_508,22.713454071846847,0,normal
2014-12-22 23:25:00+00:00,26.5,Fitzroy Gardens,508,33.5,94.0,-37.8134078,144.9794923,ENV,REAL_508,Real sensor series - Fitzroy Gardens - board 508,42,real_sensor_board_508,22.870763257477478,0,normal
2014-12-22 23:35:00+00:00,26.1,Fitzroy Gardens,508,34.7,94.1,-37.8134078,144.9794923,ENV,REAL_508,Real sensor series - Fitzroy Gardens - board 508,42,real_sensor_board_508,22.99661060598198,0,normal
2014-12-22 23:55:00+00:00,23.5,Fitzroy Gardens,508,43.7,90.7,-37.8134078,144.9794923,ENV,REAL_508,Real sensor series - Fitzroy Gardens - board 508,42,real_sensor_board_508,23.097288484785587,0,normal
2014-12-23 00:05:00+00:00,22.9,Fitzroy Gardens,508,43.6,89.9,-37.8134078,144.9794923,ENV,REAL_508,Real sensor series - Fitzroy Gardens - board 508,42,real_sensor_board_508,23.17783078782847,0,normal
2014-12-23 00:15:00+00:00,22.9,Fitzroy Gardens,508,42.8,89.3,-37.8134078,144.9794923,ENV,REAL_508,Real sensor series - Fitzroy Gardens - board 508,42,real_sensor_board_508,23.242264630262774,0,normal
2014-12-23 00:25:00+00:00,22.9,Fitzroy Gardens,508,43.3,91.4,-37.8134078,144.9794923,ENV,REAL_508,Real sensor series - Fitzroy Gardens - board 508,42,real_sensor_board_508,23.29381170421022,0,normal
2014-12-23 00:35:00+00:00,23.2,Fitzroy Gardens,508,43.4,90.0,-37.8134078,144.9794923,ENV,REAL_508,Real sensor series - Fitzroy Gardens - board 508,42,real_sensor_board_508,23.335049363368178,0,normal
2014-12-23 00:50:00+00:00,22.9,Fitzroy Gardens,508,42.8,88.3,-37.8134078,144.9794923,ENV,REAL_508,Real sensor series - Fitzroy Gardens - board 508,42,real_sensor_board_508,23.368039490694542,0,normal
2014-12-23 01:00:00+00:00,23.5,Fitzroy Gardens,508,41.7,92.1,-37.8134078,144.9794923,ENV,REAL_508,Real sensor series - Fitzroy Gardens - board 508,42,real_sensor_board_508,23.394431592555634,0,normal
2014-12-23 01:10:00+00:00,22.6,Fitzroy Gardens,508,41.4,89.6,-37.8134078,144.9794923,ENV,REAL_508,Real sensor series - Fitzroy Gardens - board 508,42,real_sensor_board_508,23.415545274044508,0,normal
2014-12-23 01:20:00+00:00,22.9,Fitzroy Gardens,508,42.0,89.0,-37.8134078,144.9794923,ENV,REAL_508,Real sensor series - Fitzroy Gardens - board 508,42,real_sensor_board_508,23.432436219235605,0,normal
2014-12-23 01:30:00+00:00,23.5,Fitzroy Gardens,508,40.7,92.1,-37.8134078,144.9794923,ENV,REAL_508,Real sensor series - Fitzroy Gardens - board 508,42,real_sensor_board_508,23.385948975388484,0,normal
2014-12-23 01:40:00+00:00,22.6,Fitzroy Gardens,508,42.0,92.3,-37.8134078,144.9794923,ENV,REAL_508,Real sensor series - Fitzroy Gardens - board 508,42,real_sensor_board_508,23.28875918031079,0,normal
2014-12-23 01:50:00+00:00,25.2,Fitzroy Gardens,508,39.5,96.9,-37.8134078,144.9794923,ENV,REAL_508,Real sensor series - Fitzroy Gardens - board 508,42,real_sensor_board_508,23.211007344248635,0,normal
2014-12-23 02:00:00+00:00,23.9,Fitzroy Gardens,508,40.3,91.5,-37.8134078,144.9794923,ENV,REAL_508,Real sensor series - Fitzroy Gardens - board 508,42,real_sensor_board_508,23.148805875398907,0,normal
2014-12-23 02:10:00+00:00,23.9,Fitzroy Gardens,508,41.2,91.8,-37.8134078,144.9794923,ENV,REAL_508,Real sensor series - Fitzroy Gardens - board 508,42,real_sensor_board_508,23.099044700319126,0,normal
2014-12-23 02:20:00+00:00,23.9,Fitzroy Gardens,508,38.4,87.6,-37.8134078,144.9794923,ENV,REAL_508,Real sensor series - Fitzroy Gardens - board 508,42,real_sensor_board_508,23.059235760255305,0,normal
2014-12-23 02:30:00+00:00,23.9,Fitzroy Gardens,508,38.5,91.6,-37.8134078,144.9794923,ENV,REAL_508,Real sensor series - Fitzroy Gardens - board 508,42,real_sensor_board_508,23.027388608204248,0,normal
2014-12-23 02:50:00+00:00,23.5,Fitzroy Gardens,508,41.0,86.4,-37.8134078,144.9794923,ENV,REAL_508,Real sensor series - Fitzroy Gardens - board 508,42,real_sensor_board_508,22.9419108865634,0,normal
2014-12-23 03:00:00+00:00,22.6,Fitzroy Gardens,508,43.6,95.4,-37.8134078,144.9794923,ENV,REAL_508,Real sensor series - Fitzroy Gardens - board 508,42,real_sensor_board_508,22.87352870925072,0,normal
2014-12-23 03:10:00+00:00,22.6,Fitzroy Gardens,508,42.9,89.8,-37.8134078,144.9794923,ENV,REAL_508,Real sensor series - Fitzroy Gardens - board 508,42,real_sensor_board_508,22.81882296740058,0,normal
2014-12-23 03:20:00+00:00,22.9,Fitzroy Gardens,508,46.1,91.7,-37.8134078,144.9794923,ENV,REAL_508,Real sensor series - Fitzroy Gardens - board 508,42,real_sensor_board_508,22.775058373920462,0,normal
2014-12-23 03:30:00+00:00,22.6,Fitzroy Gardens,508,43.9,84.8,-37.8134078,144.9794923,ENV,REAL_508,Real sensor series - Fitzroy Gardens - board 508,42,real_sensor_board_508,22.74004669913637,0,normal
2014-12-23 03:40:00+00:00,21.9,Fitzroy Gardens,508,44.5,89.2,-37.8134078,144.9794923,ENV,REAL_508,Real sensor series - Fitzroy Gardens - board 508,42,real_sensor_board_508,22.572037359309096,0,normal
2014-12-23 03:55:00+00:00,21.6,Fitzroy Gardens,508,47.2,90.3,-37.8134078,144.9794923,ENV,REAL_508,Real sensor series - Fitzroy Gardens - board 508,42,real_sensor_board_508,22.377629887447277,0,normal
2014-12-23 04:05:00+00:00,21.0,Fitzroy Gardens,508,52.4,91.2,-37.8134078,144.9794923,ENV,REAL_508,Real sensor series - Fitzroy Gardens - board 508,42,real_sensor_board_508,22.222103909957823,0,normal
2014-12-23 04:15:00+00:00,20.3,Fitzroy Gardens,508,54.3,92.0,-37.8134078,144.9794923,ENV,REAL_508,Real sensor series - Fitzroy Gardens - board 508,42,real_sensor_board_508,22.03768312796626,0,normal
2014-12-23 04:25:00+00:00,20.6,Fitzroy Gardens,508,51.8,93.0,-37.8134078,144.9794923,ENV,REAL_508,Real sensor series - Fitzroy Gardens - board 508,42,real_sensor_board_508,21.830146502373008,0,normal
2014-12-23 04:35:00+00:00,20.6,Fitzroy Gardens,508,51.0,93.5,-37.8134078,144.9794923,ENV,REAL_508,Real sensor series - Fitzroy Gardens - board 508,42,real_sensor_board_508,21.664117201898407,0,normal
2014-12-23 04:45:00+00:00,21.6,Fitzroy Gardens,508,49.9,92.9,-37.8134078,144.9794923,ENV,REAL_508,Real sensor series - Fitzroy Gardens - board 508,42,real_sensor_board_508,21.531293761518725,0,normal
2014-12-23 04:55:00+00:00,21.3,Fitzroy Gardens,508,51.3,93.4,-37.8134078,144.9794923,ENV,REAL_508,Real sensor series - Fitzroy Gardens - board 508,42,real_sensor_board_508,21.345035009214982,0,normal
2014-12-23 05:05:00+00:00,21.0,Fitzroy Gardens,508,50.3,93.5,-37.8134078,144.9794923,ENV,REAL_508,Real sensor series - Fitzroy Gardens - board 508,42,real_sensor_board_508,21.196028007371986,0,normal
2014-12-23 05:15:00+00:00,20.6,Fitzroy Gardens,508,49.4,93.4,-37.8134078,144.9794923,ENV,REAL_508,Real sensor series - Fitzroy Gardens - board 508,42,real_sensor_board_508,21.07682240589759,0,normal
2014-12-23 05:25:00+00:00,21.0,Fitzroy Gardens,508,50.0,91.8,-37.8134078,144.9794923,ENV,REAL_508,Real sensor series - Fitzroy Gardens - board 508,42,real_sensor_board_508,20.921457924718077,0,normal
2014-12-23 05:35:00+00:00,20.3,Fitzroy Gardens,508,51.6,89.3,-37.8134078,144.9794923,ENV,REAL_508,Real sensor series - Fitzroy Gardens - board 508,42,real_sensor_board_508,20.797166339774463,0,normal
2014-12-23 05:45:00+00:00,19.4,Fitzroy Gardens,508,52.7,89.3,-37.8134078,144.9794923,ENV,REAL_508,Real sensor series - Fitzroy Gardens - board 508,42,real_sensor_board_508,20.51773307181957,0,normal
2014-12-23 06:05:00+00:00,18.7,Fitzroy Gardens,508,52.7,87.4,-37.8134078,144.9794923,ENV,REAL_508,Real sensor series - Fitzroy Gardens - board 508,42,real_sensor_board_508,20.15418645745566,0,normal
2014-12-23 06:15:00+00:00,18.4,Fitzroy Gardens,508,52.9,87.8,-37.8134078,144.9794923,ENV,REAL_508,Real sensor series - Fitzroy Gardens - board 508,42,real_sensor_board_508,19.803349165964526,0,normal
2014-12-23 06:25:00+00:00,18.1,Fitzroy Gardens,508,53.3,80.4,-37.8134078,144.9794923,ENV,REAL_508,Real sensor series - Fitzroy Gardens - board 508,42,real_sensor_board_508,19.46267933277162,0,normal
2014-12-23 06:35:00+00:00,17.7,Fitzroy Gardens,508,53.7,75.5,-37.8134078,144.9794923,ENV,REAL_508,Real sensor series - Fitzroy Gardens - board 508,42,real_sensor_board_508,19.1101434662173,0,normal
2014-12-23 06:45:00+00:00,17.7,Fitzroy Gardens,508,52.7,73.7,-37.8134078,144.9794923,ENV,REAL_508,Real sensor series - Fitzroy Gardens - board 508,42,real_sensor_board_508,18.82811477297384,0,normal
2014-12-23 06:55:00+00:00,17.7,Fitzroy Gardens,508,51.8,80.1,-37.8134078,144.9794923,ENV,REAL_508,Real sensor series - Fitzroy Gardens - board 508,42,real_sensor_board_508,18.60249181837907,0,normal
2014-12-23 07:10:00+00:00,17.4,Fitzroy Gardens,508,50.7,83.6,-37.8134078,144.9794923,ENV,REAL_508,Real sensor series - Fitzroy Gardens - board 508,42,real_sensor_board_508,18.42199345470326,0,normal
2014-12-23 07:20:00+00:00,17.4,Fitzroy Gardens,508,51.3,84.5,-37.8134078,144.9794923,ENV,REAL_508,Real sensor series - Fitzroy Gardens - board 508,42,real_sensor_board_508,18.21759476376261,0,normal
2014-12-23 07:30:00+00:00,17.7,Fitzroy Gardens,508,50.5,82.3,-37.8134078,144.9794923,ENV,REAL_508,Real sensor series - Fitzroy Gardens - board 508,42,real_sensor_board_508,18.054075811010087,0,normal
2014-12-23 07:40:00+00:00,17.4,Fitzroy Gardens,508,51.1,78.6,-37.8134078,144.9794923,ENV,REAL_508,Real sensor series - Fitzroy Gardens - board 508,42,real_sensor_board_508,17.92326064880807,0,normal
2014-12-23 07:50:00+00:00,17.4,Fitzroy Gardens,508,51.8,75.1,-37.8134078,144.9794923,ENV,REAL_508,Real sensor series - Fitzroy Gardens - board 508,42,real_sensor_board_508,17.818608519046457,0,normal
2014-12-23 08:00:00+00:00,17.4,Fitzroy Gardens,508,51.4,74.1,-37.8134078,144.9794923,ENV,REAL_508,Real sensor series - Fitzroy Gardens - board 508,42,real_sensor_board_508,17.734886815237164,0,normal
2014-12-23 08:10:00+00:00,17.1,Fitzroy Gardens,508,50.8,65.9,-37.8134078,144.9794923,ENV,REAL_508,Real sensor series - Fitzroy Gardens - board 508,42,real_sensor_board_508,17.607909452189734,0,normal
2014-12-23 08:20:00+00:00,17.1,Fitzroy Gardens,508,49.9,54.4,-37.8134078,144.9794923,ENV,REAL_508,Real sensor series - Fitzroy Gardens - board 508,42,real_sensor_board_508,17.50632756175179,0,normal
2014-12-23 08:30:00+00:00,17.1,Fitzroy Gardens,508,49.7,54.3,-37.8134078,144.9794923,ENV,REAL_508,Real sensor series - Fitzroy Gardens - board 508,42,real_sensor_board_508,17.425062049401433,0,normal
2014-12-23 08:40:00+00:00,17.1,Fitzroy Gardens,508,50.3,56.7,-37.8134078,144.9794923,ENV,REAL_508,Real sensor series - Fitzroy Gardens - board 508,42,real_sensor_board_508,17.360049639521147,1,weak_multivariate_excursion
2014-12-23 08:50:00+00:00,17.1,Fitzroy Gardens,508,50.7,35.2,-37.8134078,144.9794923,ENV,REAL_508,Real sensor series - Fitzroy Gardens - board 508,42,real_sensor_board_508,17.30803971161692,1,weak_multivariate_excursion
2014-12-23 09:00:00+00:00,17.1,Fitzroy Gardens,508,51.1,30.8,-37.8134078,144.9794923,ENV,REAL_508,Real sensor series - Fitzroy Gardens - board 508,42,real_sensor_board_508,17.26643176929354,1,weak_multivariate_excursion
2014-12-23 09:10:00+00:00,16.8,Fitzroy Gardens,508,50.7,30.7,-37.8134078,144.9794923,ENV,REAL_508,Real sensor series - Fitzroy Gardens - board 508,42,real_sensor_board_508,17.17314541543483,0,normal
2014-12-23 09:20:00+00:00,16.8,Fitzroy Gardens,508,50.2,26.6,-37.8134078,144.9794923,ENV,REAL_508,Real sensor series - Fitzroy Gardens - board 508,42,real_sensor_board_508,17.098516332347867,0,normal
2014-12-23 09:30:00+00:00,16.8,Fitzroy Gardens,508,49.6,21.4,-37.8134078,144.9794923,ENV,REAL_508,Real sensor series - Fitzroy Gardens - board 508,42,real_sensor_board_508,17.038813065878294,0,normal
2014-12-23 09:40:00+00:00,16.8,Fitzroy Gardens,508,48.8,16.6,-37.8134078,144.9794923,ENV,REAL_508,Real sensor series - Fitzroy Gardens - board 508,42,real_sensor_board_508,16.991050452702638,0,normal
2014-12-23 09:50:00+00:00,16.8,Fitzroy Gardens,508,47.2,7.3,-37.8134078,144.9794923,ENV,REAL_508,Real sensor series - Fitzroy Gardens - board 508,42,real_sensor_board_508,16.95284036216211,0,normal
2014-12-23 10:00:00+00:00,16.5,Fitzroy Gardens,508,47.3,3.1,-37.8134078,144.9794923,ENV,REAL_508,Real sensor series - Fitzroy Gardens - board 508,42,real_sensor_board_508,16.862272289729688,0,normal
2014-12-23 10:10:00+00:00,16.5,Fitzroy Gardens,508,48.1,2.2,-37.8134078,144.9794923,ENV,REAL_508,Real sensor series - Fitzroy Gardens - board 508,42,real_sensor_board_508,16.78981783178375,0,normal
2014-12-23 10:25:00+00:00,16.5,Fitzroy Gardens,508,48.6,2.1,-37.8134078,144.9794923,ENV,REAL_508,Real sensor series - Fitzroy Gardens - board 508,42,real_sensor_board_508,16.731854265427,0,normal
2014-12-23 10:35:00+00:00,16.5,Fitzroy Gardens,508,48.1,2.0,-37.8134078,144.9794923,ENV,REAL_508,Real sensor series - Fitzroy Gardens - board 508,42,real_sensor_board_508,16.6854834123416,0,normal
2014-12-23 10:45:00+00:00,16.5,Fitzroy Gardens,508,47.3,2.0,-37.8134078,144.9794923,ENV,REAL_508,Real sensor series - Fitzroy Gardens - board 508,42,real_sensor_board_508,16.64838672987328,0,normal
2014-12-23 10:55:00+00:00,16.5,Fitzroy Gardens,508,47.7,2.1,-37.8134078,144.9794923,ENV,REAL_508,Real sensor series - Fitzroy Gardens - board 508,42,real_sensor_board_508,16.618709383898626,0,normal
2014-12-23 11:05:00+00:00,16.5,Fitzroy Gardens,508,46.7,2.2,-37.8134078,144.9794923,ENV,REAL_508,Real sensor series - Fitzroy Gardens - board 508,42,real_sensor_board_508,16.594967507118902,0,normal
2014-12-23 11:15:00+00:00,16.5,Fitzroy Gardens,508,46.6,2.1,-37.8134078,144.9794923,ENV,REAL_508,Real sensor series - Fitzroy Gardens - board 508,42,real_sensor_board_508,16.575974005695123,0,normal
2014-12-23 11:25:00+00:00,16.1,Fitzroy Gardens,508,46.6,2.1,-37.8134078,144.9794923,ENV,REAL_508,Real sensor series - Fitzroy Gardens - board 508,42,real_sensor_board_508,16.4807792045561,0,normal
2014-12-23 11:35:00+00:00,16.1,Fitzroy Gardens,508,45.5,2.1,-37.8134078,144.9794923,ENV,REAL_508,Real sensor series - Fitzroy Gardens - board 508,42,real_sensor_board_508,16.40462336364488,0,normal
2014-12-23 11:45:00+00:00,16.1,Fitzroy Gardens,508,45.3,2.1,-37.8134078,144.9794923,ENV,REAL_508,Real sensor series - Fitzroy Gardens - board 508,42,real_sensor_board_508,16.343698690915907,0,normal
2014-12-23 11:55:00+00:00,16.1,Fitzroy Gardens,508,45.3,2.1,-37.8134078,144.9794923,ENV,REAL_508,Real sensor series - Fitzroy Gardens - board 508,42,real_sensor_board_508,16.294958952732728,0,normal
2014-12-23 12:05:00+00:00,16.1,Fitzroy Gardens,508,45.1,2.1,-37.8134078,144.9794923,ENV,REAL_508,Real sensor series - Fitzroy Gardens - board 508,42,real_sensor_board_508,16.25596716218618,0,normal
2014-12-23 12:15:00+00:00,15.8,Fitzroy Gardens,508,43.6,2.0,-37.8134078,144.9794923,ENV,REAL_508,Real sensor series - Fitzroy Gardens - board 508,42,real_sensor_board_508,16.164773729748944,0,normal
2014-12-23 12:25:00+00:00,15.8,Fitzroy Gardens,508,42.5,2.0,-37.8134078,144.9794923,ENV,REAL_508,Real sensor series - Fitzroy Gardens - board 508,42,real_sensor_board_508,16.091818983799158,0,normal
2014-12-23 12:35:00+00:00,15.8,Fitzroy Gardens,508,43.4,2.0,-37.8134078,144.9794923,ENV,REAL_508,Real sensor series - Fitzroy Gardens - board 508,42,real_sensor_board_508,16.033455187039326,0,normal
2014-12-23 12:45:00+00:00,15.8,Fitzroy Gardens,508,43.7,2.0,-37.8134078,144.9794923,ENV,REAL_508,Real sensor series - Fitzroy Gardens - board 508,42,real_sensor_board_508,15.986764149631462,0,normal
2014-12-23 12:55:00+00:00,15.8,Fitzroy Gardens,508,42.1,2.0,-37.8134078,144.9794923,ENV,REAL_508,Real sensor series - Fitzroy Gardens - board 508,42,real_sensor_board_508,15.94941131970517,0,normal
2014-12-23 13:05:00+00:00,15.8,Fitzroy Gardens,508,39.8,2.0,-37.8134078,144.9794923,ENV,REAL_508,Real sensor series - Fitzroy Gardens - board 508,42,real_sensor_board_508,15.919529055764137,0,normal
2014-12-23 13:15:00+00:00,15.8,Fitzroy Gardens,508,38.4,2.1,-37.8134078,144.9794923,ENV,REAL_508,Real sensor series - Fitzroy Gardens - board 508,42,real_sensor_board_508,15.895623244611311,0,normal
2014-12-23 13:25:00+00:00,15.8,Fitzroy Gardens,508,40.6,2.1,-37.8134078,144.9794923,ENV,REAL_508,Real sensor series - Fitzroy Gardens - board 508,42,real_sensor_board_508,15.87649859568905,0,normal
2014-12-23 13:40:00+00:00,15.8,Fitzroy Gardens,508,41.2,2.0,-37.8134078,144.9794923,ENV,REAL_508,Real sensor series - Fitzroy Gardens - board 508,42,real_sensor_board_508,15.86119887655124,0,normal
2014-12-23 13:50:00+00:00,15.8,Fitzroy Gardens,508,41.0,2.0,-37.8134078,144.9794923,ENV,REAL_508,Real sensor series - Fitzroy Gardens - board 508,42,real_sensor_board_508,15.848959101240993,0,normal
2014-12-23 14:00:00+00:00,15.8,Fitzroy Gardens,508,42.1,1.9,-37.8134078,144.9794923,ENV,REAL_508,Real sensor series - Fitzroy Gardens - board 508,42,real_sensor_board_508,15.839167280992795,0,normal
2014-12-23 14:10:00+00:00,15.5,Fitzroy Gardens,508,41.5,2.0,-37.8134078,144.9794923,ENV,REAL_508,Real sensor series - Fitzroy Gardens - board 508,42,real_sensor_board_508,15.771333824794237,0,normal
2014-12-23 14:20:00+00:00,15.5,Fitzroy Gardens,508,42.6,1.9,-37.8134078,144.9794923,ENV,REAL_508,Real sensor series - Fitzroy Gardens - board 508,42,real_sensor_board_508,15.71706705983539,0,normal
2014-12-23 14:30:00+00:00,15.5,Fitzroy Gardens,508,41.8,2.0,-37.8134078,144.9794923,ENV,REAL_508,Real sensor series - Fitzroy Gardens - board 508,42,real_sensor_board_508,15.673653647868312,0,normal
2014-12-23 14:40:00+00:00,15.2,Fitzroy Gardens,508,41.8,1.9,-37.8134078,144.9794923,ENV,REAL_508,Real sensor series - Fitzroy Gardens - board 508,42,real_sensor_board_508,15.578922918294651,0,normal
2014-12-23 14:50:00+00:00,15.2,Fitzroy Gardens,508,41.5,2.0,-37.8134078,144.9794923,ENV,REAL_508,Real sensor series - Fitzroy Gardens - board 508,42,real_sensor_board_508,15.503138334635722,0,normal
2014-12-23 15:00:00+00:00,15.2,Fitzroy Gardens,508,42.5,2.0,-37.8134078,144.9794923,ENV,REAL_508,Real sensor series - Fitzroy Gardens - board 508,42,real_sensor_board_508,15.442510667708579,0,normal
2014-12-23 15:10:00+00:00,14.8,Fitzroy Gardens,508,42.8,2.0,-37.8134078,144.9794923,ENV,REAL_508,Real sensor series - Fitzroy Gardens - board 508,42,real_sensor_board_508,15.394008534166865,0,normal
2014-12-23 15:30:00+00:00,15.2,Fitzroy Gardens,508,42.9,2.0,-37.8134078,144.9794923,ENV,REAL_508,Real sensor series - Fitzroy Gardens - board 508,42,real_sensor_board_508,15.355206827333493,0,normal
2014-12-23 15:40:00+00:00,15.2,Fitzroy Gardens,508,43.9,2.1,-37.8134078,144.9794923,ENV,REAL_508,Real sensor series - Fitzroy Gardens - board 508,42,real_sensor_board_508,15.324165461866794,0,normal
2014-12-23 15:50:00+00:00,15.2,Fitzroy Gardens,508,43.7,2.0,-37.8134078,144.9794923,ENV,REAL_508,Real sensor series - Fitzroy Gardens - board 508,42,real_sensor_board_508,15.299332369493435,0,normal
2014-12-23 16:00:00+00:00,14.8,Fitzroy Gardens,508,44.5,2.0,-37.8134078,144.9794923,ENV,REAL_508,Real sensor series - Fitzroy Gardens - board 508,42,real_sensor_board_508,15.279465895594747,0,normal
2014-12-23 16:30:00+00:00,14.2,Fitzroy Gardens,508,45.6,2.1,-37.8134078,144.9794923,ENV,REAL_508,Real sensor series - Fitzroy Gardens - board 508,42,real_sensor_board_508,15.2635727164758,0,normal
2014-12-23 16:55:00+00:00,14.2,Fitzroy Gardens,508,46.4,2.2,-37.8134078,144.9794923,ENV,REAL_508,Real sensor series - Fitzroy Gardens - board 508,42,real_sensor_board_508,15.250858173180639,0,normal
2014-12-23 17:25:00+00:00,14.2,Fitzroy Gardens,508,47.2,2.0,-37.8134078,144.9794923,ENV,REAL_508,Real sensor series - Fitzroy Gardens - board 508,42,real_sensor_board_508,15.240686538544512,0,normal
2014-12-23 17:35:00+00:00,13.9,Fitzroy Gardens,508,49.9,2.0,-37.8134078,144.9794923,ENV,REAL_508,Real sensor series - Fitzroy Gardens - board 508,42,real_sensor_board_508,15.232549230835609,0,normal
2014-12-23 17:45:00+00:00,13.5,Fitzroy Gardens,508,52.2,1.9,-37.8134078,144.9794923,ENV,REAL_508,Real sensor series - Fitzroy Gardens - board 508,42,real_sensor_board_508,15.22603938466849,0,normal
2014-12-23 17:55:00+00:00,13.5,Fitzroy Gardens,508,53.7,1.9,-37.8134078,144.9794923,ENV,REAL_508,Real sensor series - Fitzroy Gardens - board 508,42,real_sensor_board_508,15.220831507734793,0,normal
2014-12-23 18:05:00+00:00,13.5,Fitzroy Gardens,508,54.1,1.9,-37.8134078,144.9794923,ENV,REAL_508,Real sensor series - Fitzroy Gardens - board 508,42,real_sensor_board_508,15.216665206187834,0,normal
2014-12-23 18:15:00+00:00,13.2,Fitzroy Gardens,508,54.9,2.0,-37.8134078,144.9794923,ENV,REAL_508,Real sensor series - Fitzroy Gardens - board 508,42,real_sensor_board_508,15.213332164950266,0,normal
2014-12-23 18:25:00+00:00,13.2,Fitzroy Gardens,508,56.0,2.5,-37.8134078,144.9794923,ENV,REAL_508,Real sensor series - Fitzroy Gardens - board 508,42,real_sensor_board_508,15.210665731960212,0,normal
2014-12-23 18:35:00+00:00,13.2,Fitzroy Gardens,508,55.7,7.5,-37.8134078,144.9794923,ENV,REAL_508,Real sensor series - Fitzroy Gardens - board 508,42,real_sensor_board_508,15.208532585568172,1,weak_multivariate_excursion
2014-12-23 18:45:00+00:00,13.5,Fitzroy Gardens,508,54.0,23.4,-37.8134078,144.9794923,ENV,REAL_508,Real sensor series - Fitzroy Gardens - board 508,42,real_sensor_board_508,15.20682606845454,1,weak_multivariate_excursion
2014-12-23 18:55:00+00:00,13.9,Fitzroy Gardens,508,52.6,42.0,-37.8134078,144.9794923,ENV,REAL_508,Real sensor series - Fitzroy Gardens - board 508,42,real_sensor_board_508,15.205460854763633,1,weak_multivariate_excursion
2014-12-23 19:05:00+00:00,13.9,Fitzroy Gardens,508,52.6,59.9,-37.8134078,144.9794923,ENV,REAL_508,Real sensor series - Fitzroy Gardens - board 508,42,real_sensor_board_508,15.204368683810905,1,weak_multivariate_excursion
2015-01-05 02:55:00+00:00,20.6,Fitzroy Gardens,508,44.5,94.8,-37.8134078,144.9794923,ENV,REAL_508,Real sensor series - Fitzroy Gardens - board 508,42,real_sensor_board_508,16.163494947048726,1,weak_multivariate_excursion
2015-01-05 03:10:00+00:00,20.6,Fitzroy Gardens,508,44.5,95.7,-37.8134078,144.9794923,ENV,REAL_508,Real sensor series - Fitzroy Gardens - board 508,42,real_sensor_board_508,16.99079595763898,1,weak_multivariate_excursion
2015-01-05 03:20:00+00:00,21.0,Fitzroy Gardens,508,44.4,95.0,-37.8134078,144.9794923,ENV,REAL_508,Real sensor series - Fitzroy Gardens - board 508,42,real_sensor_board_508,17.652636766111186,0,normal
2015-01-05 03:30:00+00:00,21.0,Fitzroy Gardens,508,43.6,94.5,-37.8134078,144.9794923,ENV,REAL_508,Real sensor series - Fitzroy Gardens - board 508,42,real_sensor_board_508,18.18210941288895,0,normal
2015-01-05 03:40:00+00:00,21.0,Fitzroy Gardens,508,45.1,94.1,-37.8134078,144.9794923,ENV,REAL_508,Real sensor series - Fitzroy Gardens - board 508,42,real_sensor_board_508,18.605687530311158,0,normal
2015-01-05 03:50:00+00:00,20.3,Fitzroy Gardens,508,45.9,94.0,-37.8134078,144.9794923,ENV,REAL_508,Real sensor series - Fitzroy Gardens - board 508,42,real_sensor_board_508,18.944550024248926,0,normal
2015-01-05 04:00:00+00:00,20.3,Fitzroy Gardens,508,46.6,94.3,-37.8134078,144.9794923,ENV,REAL_508,Real sensor series - Fitzroy Gardens - board 508,42,real_sensor_board_508,19.215640019399142,0,normal
2015-01-05 04:10:00+00:00,20.6,Fitzroy Gardens,508,45.9,94.1,-37.8134078,144.9794923,ENV,REAL_508,Real sensor series - Fitzroy Gardens - board 508,42,real_sensor_board_508,19.432512015519315,0,normal
2015-01-05 04:20:00+00:00,20.6,Fitzroy Gardens,508,45.8,94.2,-37.8134078,144.9794923,ENV,REAL_508,Real sensor series - Fitzroy Gardens - board 508,42,real_sensor_board_508,19.606009612415455,0,normal
2015-01-05 04:30:00+00:00,21.0,Fitzroy Gardens,508,45.9,94.1,-37.8134078,144.9794923,ENV,REAL_508,Real sensor series - Fitzroy Gardens - board 508,42,real_sensor_board_508,19.744807689932365,0,normal
2015-01-05 04:40:00+00:00,20.3,Fitzroy Gardens,508,45.9,93.5,-37.8134078,144.9794923,ENV,REAL_508,Real sensor series - Fitzroy Gardens - board 508,42,real_sensor_board_508,19.855846151945894,0,normal
2015-01-05 05:00:00+00:00,20.3,Fitzroy Gardens,508,47.0,93.1,-37.8134078,144.9794923,ENV,REAL_508,Real sensor series - Fitzroy Gardens - board 508,42,real_sensor_board_508,19.944676921556717,0,normal
2015-01-05 05:10:00+00:00,20.3,Fitzroy Gardens,508,46.9,93.4,-37.8134078,144.9794923,ENV,REAL_508,Real sensor series - Fitzroy Gardens - board 508,42,real_sensor_board_508,20.015741537245376,0,normal
2015-01-05 05:20:00+00:00,20.3,Fitzroy Gardens,508,46.7,92.8,-37.8134078,144.9794923,ENV,REAL_508,Real sensor series - Fitzroy Gardens - board 508,42,real_sensor_board_508,20.072593229796304,0,normal
2015-01-05 05:30:00+00:00,20.3,Fitzroy Gardens,508,46.4,91.9,-37.8134078,144.9794923,ENV,REAL_508,Real sensor series - Fitzroy Gardens - board 508,42,real_sensor_board_508,20.118074583837043,0,normal
2015-01-05 05:40:00+00:00,20.0,Fitzroy Gardens,508,48.3,92.2,-37.8134078,144.9794923,ENV,REAL_508,Real sensor series - Fitzroy Gardens - board 508,42,real_sensor_board_508,20.154459667069638,0,normal
2015-01-05 05:50:00+00:00,20.6,Fitzroy Gardens,508,48.1,92.2,-37.8134078,144.9794923,ENV,REAL_508,Real sensor series - Fitzroy Gardens - board 508,42,real_sensor_board_508,20.183567733655714,0,normal
2015-01-05 06:00:00+00:00,21.6,Fitzroy Gardens,508,46.9,92.2,-37.8134078,144.9794923,ENV,REAL_508,Real sensor series - Fitzroy Gardens - board 508,42,real_sensor_board_508,20.206854186924573,0,normal
2015-01-05 06:10:00+00:00,21.3,Fitzroy Gardens,508,46.6,91.9,-37.8134078,144.9794923,ENV,REAL_508,Real sensor series - Fitzroy Gardens - board 508,42,real_sensor_board_508,20.16548334953966,0,normal
2015-01-05 06:35:00+00:00,20.0,Fitzroy Gardens,508,48.9,91.1,-37.8134078,144.9794923,ENV,REAL_508,Real sensor series - Fitzroy Gardens - board 508,42,real_sensor_board_508,20.13238667963173,0,normal
2015-01-05 06:45:00+00:00,20.0,Fitzroy Gardens,508,48.6,89.9,-37.8134078,144.9794923,ENV,REAL_508,Real sensor series - Fitzroy Gardens - board 508,42,real_sensor_board_508,20.105909343705385,0,normal
2015-01-05 06:55:00+00:00,19.0,Fitzroy Gardens,508,49.6,89.9,-37.8134078,144.9794923,ENV,REAL_508,Real sensor series - Fitzroy Gardens - board 508,42,real_sensor_board_508,20.02472747496431,0,normal
2015-01-05 07:05:00+00:00,19.4,Fitzroy Gardens,508,49.4,89.8,-37.8134078,144.9794923,ENV,REAL_508,Real sensor series - Fitzroy Gardens - board 508,42,real_sensor_board_508,19.95978197997145,0,normal
2015-01-05 07:15:00+00:00,19.4,Fitzroy Gardens,508,48.1,88.8,-37.8134078,144.9794923,ENV,REAL_508,Real sensor series - Fitzroy Gardens - board 508,42,real_sensor_board_508,19.90782558397716,0,normal
2015-01-05 07:25:00+00:00,19.7,Fitzroy Gardens,508,48.8,88.4,-37.8134078,144.9794923,ENV,REAL_508,Real sensor series - Fitzroy Gardens - board 508,42,real_sensor_board_508,19.80626046718173,0,normal
2015-01-05 07:35:00+00:00,19.4,Fitzroy Gardens,508,47.8,87.7,-37.8134078,144.9794923,ENV,REAL_508,Real sensor series - Fitzroy Gardens - board 508,42,real_sensor_board_508,19.725008373745386,0,normal
2015-01-05 07:45:00+00:00,19.4,Fitzroy Gardens,508,48.1,87.1,-37.8134078,144.9794923,ENV,REAL_508,Real sensor series - Fitzroy Gardens - board 508,42,real_sensor_board_508,19.66000669899631,0,normal
2015-01-05 07:55:00+00:00,19.7,Fitzroy Gardens,508,45.3,86.3,-37.8134078,144.9794923,ENV,REAL_508,Real sensor series - Fitzroy Gardens - board 508,42,real_sensor_board_508,19.608005359197048,0,normal
2015-01-05 08:05:00+00:00,19.7,Fitzroy Gardens,508,45.0,86.1,-37.8134078,144.9794923,ENV,REAL_508,Real sensor series - Fitzroy Gardens - board 508,42,real_sensor_board_508,19.48640428735764,0,normal
2015-01-05 08:15:00+00:00,19.0,Fitzroy Gardens,508,45.5,85.4,-37.8134078,144.9794923,ENV,REAL_508,Real sensor series - Fitzroy Gardens - board 508,42,real_sensor_board_508,19.389123429886112,0,normal
2015-01-05 08:25:00+00:00,19.0,Fitzroy Gardens,508,45.1,89.7,-37.8134078,144.9794923,ENV,REAL_508,Real sensor series - Fitzroy Gardens - board 508,42,real_sensor_board_508,19.31129874390889,0,normal
2015-01-05 08:35:00+00:00,18.7,Fitzroy Gardens,508,44.8,80.1,-37.8134078,144.9794923,ENV,REAL_508,Real sensor series - Fitzroy Gardens - board 508,42,real_sensor_board_508,19.189038995127113,0,normal
2015-01-05 08:45:00+00:00,18.4,Fitzroy Gardens,508,45.1,77.4,-37.8134078,144.9794923,ENV,REAL_508,Real sensor series - Fitzroy Gardens - board 508,42,real_sensor_board_508,19.031231196101693,0,normal
2015-01-05 09:05:00+00:00,18.1,Fitzroy Gardens,508,45.0,74.7,-37.8134078,144.9794923,ENV,REAL_508,Real sensor series - Fitzroy Gardens - board 508,42,real_sensor_board_508,18.844984956881355,0,normal
2015-01-05 09:15:00+00:00,18.1,Fitzroy Gardens,508,45.6,70.8,-37.8134078,144.9794923,ENV,REAL_508,Real sensor series - Fitzroy Gardens - board 508,42,real_sensor_board_508,18.695987965505086,0,normal
2015-01-05 09:25:00+00:00,17.7,Fitzroy Gardens,508,45.0,63.3,-37.8134078,144.9794923,ENV,REAL_508,Real sensor series - Fitzroy Gardens - board 508,42,real_sensor_board_508,18.49679037240407,0,normal
2015-01-05 09:40:00+00:00,17.7,Fitzroy Gardens,508,45.0,47.3,-37.8134078,144.9794923,ENV,REAL_508,Real sensor series - Fitzroy Gardens - board 508,42,real_sensor_board_508,18.337432297923257,0,normal
2015-01-05 09:50:00+00:00,17.7,Fitzroy Gardens,508,44.5,27.9,-37.8134078,144.9794923,ENV,REAL_508,Real sensor series - Fitzroy Gardens - board 508,42,real_sensor_board_508,18.209945838338605,0,normal
2015-01-05 10:00:00+00:00,17.7,Fitzroy Gardens,508,45.0,14.1,-37.8134078,144.9794923,ENV,REAL_508,Real sensor series - Fitzroy Gardens - board 508,42,real_sensor_board_508,18.107956670670884,0,normal
2015-01-05 10:10:00+00:00,17.4,Fitzroy Gardens,508,44.8,4.1,-37.8134078,144.9794923,ENV,REAL_508,Real sensor series - Fitzroy Gardens - board 508,42,real_sensor_board_508,17.966365336536708,0,normal
2015-01-05 10:30:00+00:00,17.4,Fitzroy Gardens,508,45.1,2.0,-37.8134078,144.9794923,ENV,REAL_508,Real sensor series - Fitzroy Gardens - board 508,42,real_sensor_board_508,17.853092269229368,0,normal
2015-01-05 10:50:00+00:00,17.1,Fitzroy Gardens,508,47.0,1.9,-37.8134078,144.9794923,ENV,REAL_508,Real sensor series - Fitzroy Gardens - board 508,42,real_sensor_board_508,17.762473815383494,0,normal
2015-01-05 11:00:00+00:00,17.1,Fitzroy Gardens,508,48.9,1.9,-37.8134078,144.9794923,ENV,REAL_508,Real sensor series - Fitzroy Gardens - board 508,42,real_sensor_board_508,17.689979052306796,0,normal
2015-01-05 11:10:00+00:00,17.1,Fitzroy Gardens,508,49.9,2.0,-37.8134078,144.9794923,ENV,REAL_508,Real sensor series - Fitzroy Gardens - board 508,42,real_sensor_board_508,17.631983241845436,0,normal
2015-01-05 11:20:00+00:00,17.1,Fitzroy Gardens,508,50.3,2.1,-37.8134078,144.9794923,ENV,REAL_508,Real sensor series - Fitzroy Gardens - board 508,42,real_sensor_board_508,17.58558659347635,0,normal
2015-01-05 11:30:00+00:00,17.1,Fitzroy Gardens,508,51.0,1.7,-37.8134078,144.9794923,ENV,REAL_508,Real sensor series - Fitzroy Gardens - board 508,42,real_sensor_board_508,17.54846927478108,0,normal
2015-01-05 11:40:00+00:00,16.8,Fitzroy Gardens,508,52.4,1.7,-37.8134078,144.9794923,ENV,REAL_508,Real sensor series - Fitzroy Gardens - board 508,42,real_sensor_board_508,17.518775419824866,0,normal
2015-01-05 11:50:00+00:00,16.8,Fitzroy Gardens,508,54.1,1.6,-37.8134078,144.9794923,ENV,REAL_508,Real sensor series - Fitzroy Gardens - board 508,42,real_sensor_board_508,17.495020335859895,0,normal
2015-01-05 12:00:00+00:00,16.8,Fitzroy Gardens,508,55.2,1.6,-37.8134078,144.9794923,ENV,REAL_508,Real sensor series - Fitzroy Gardens - board 508,42,real_sensor_board_508,17.476016268687918,0,normal
2015-01-05 12:10:00+00:00,16.8,Fitzroy Gardens,508,55.2,1.6,-37.8134078,144.9794923,ENV,REAL_508,Real sensor series - Fitzroy Gardens - board 508,42,real_sensor_board_508,17.460813014950336,0,normal
2015-01-05 12:20:00+00:00,17.1,Fitzroy Gardens,508,55.9,1.6,-37.8134078,144.9794923,ENV,REAL_508,Real sensor series - Fitzroy Gardens - board 508,42,real_sensor_board_508,17.44865041196027,0,normal
2015-01-05 12:30:00+00:00,17.1,Fitzroy Gardens,508,55.9,1.6,-37.8134078,144.9794923,ENV,REAL_508,Real sensor series - Fitzroy Gardens - board 508,42,real_sensor_board_508,17.378920329568217,0,normal
2015-01-05 12:45:00+00:00,17.1,Fitzroy Gardens,508,56.5,1.6,-37.8134078,144.9794923,ENV,REAL_508,Real sensor series - Fitzroy Gardens - board 508,42,real_sensor_board_508,17.323136263654575,0,normal
2015-01-05 12:55:00+00:00,17.4,Fitzroy Gardens,508,57.6,1.6,-37.8134078,144.9794923,ENV,REAL_508,Real sensor series - Fitzroy Gardens - board 508,42,real_sensor_board_508,17.278509010923663,0,normal
2015-01-05 13:05:00+00:00,17.4,Fitzroy Gardens,508,58.4,1.6,-37.8134078,144.9794923,ENV,REAL_508,Real sensor series - Fitzroy Gardens - board 508,42,real_sensor_board_508,17.24280720873893,0,normal
2015-01-05 13:15:00+00:00,17.7,Fitzroy Gardens,508,58.2,1.6,-37.8134078,144.9794923,ENV,REAL_508,Real sensor series - Fitzroy Gardens - board 508,42,real_sensor_board_508,17.214245766991148,0,normal
2015-01-05 13:25:00+00:00,17.7,Fitzroy Gardens,508,58.5,1.6,-37.8134078,144.9794923,ENV,REAL_508,Real sensor series - Fitzroy Gardens - board 508,42,real_sensor_board_508,17.19139661359292,0,normal
2015-01-05 13:35:00+00:00,17.4,Fitzroy Gardens,508,58.4,1.6,-37.8134078,144.9794923,ENV,REAL_508,Real sensor series - Fitzroy Gardens - board 508,42,real_sensor_board_508,17.173117290874337,0,normal
2015-01-05 13:55:00+00:00,17.4,Fitzroy Gardens,508,58.9,1.7,-37.8134078,144.9794923,ENV,REAL_508,Real sensor series - Fitzroy Gardens - board 508,42,real_sensor_board_508,17.15849383269947,0,normal
2015-01-05 14:05:00+00:00,17.4,Fitzroy Gardens,508,58.5,1.7,-37.8134078,144.9794923,ENV,REAL_508,Real sensor series - Fitzroy Gardens - board 508,42,real_sensor_board_508,17.146795066159576,0,normal
2015-01-05 14:15:00+00:00,17.4,Fitzroy Gardens,508,58.5,1.6,-37.8134078,144.9794923,ENV,REAL_508,Real sensor series - Fitzroy Gardens - board 508,42,real_sensor_board_508,17.13743605292766,0,normal
2015-01-05 14:25:00+00:00,17.4,Fitzroy Gardens,508,58.4,1.6,-37.8134078,144.9794923,ENV,REAL_508,Real sensor series - Fitzroy Gardens - board 508,42,real_sensor_board_508,17.12994884234213,0,normal
2015-01-05 14:35:00+00:00,17.4,Fitzroy Gardens,508,57.9,1.6,-37.8134078,144.9794923,ENV,REAL_508,Real sensor series - Fitzroy Gardens - board 508,42,real_sensor_board_508,17.123959073873706,0,normal
2015-01-05 14:45:00+00:00,16.8,Fitzroy Gardens,508,59.6,1.6,-37.8134078,144.9794923,ENV,REAL_508,Real sensor series - Fitzroy Gardens - board 508,42,real_sensor_board_508,17.119167259098965,0,normal
2015-01-05 14:55:00+00:00,16.8,Fitzroy Gardens,508,59.8,1.6,-37.8134078,144.9794923,ENV,REAL_508,Real sensor series - Fitzroy Gardens - board 508,42,real_sensor_board_508,17.115333807279175,0,normal
2015-01-05 15:05:00+00:00,16.5,Fitzroy Gardens,508,60.8,1.6,-37.8134078,144.9794923,ENV,REAL_508,Real sensor series - Fitzroy Gardens - board 508,42,real_sensor_board_508,17.11226704582334,0,normal
2015-01-05 15:15:00+00:00,16.5,Fitzroy Gardens,508,60.3,1.6,-37.8134078,144.9794923,ENV,REAL_508,Real sensor series - Fitzroy Gardens - board 508,42,real_sensor_board_508,17.109813636658675,0,normal
2015-01-05 15:25:00+00:00,16.8,Fitzroy Gardens,508,60.4,1.6,-37.8134078,144.9794923,ENV,REAL_508,Real sensor series - Fitzroy Gardens - board 508,42,real_sensor_board_508,17.10785090932694,0,normal
2015-01-05 15:35:00+00:00,17.1,Fitzroy Gardens,508,59.8,1.6,-37.8134078,144.9794923,ENV,REAL_508,Real sensor series - Fitzroy Gardens - board 508,42,real_sensor_board_508,17.106280727461556,0,normal
2015-01-05 15:45:00+00:00,17.1,Fitzroy Gardens,508,59.3,1.6,-37.8134078,144.9794923,ENV,REAL_508,Real sensor series - Fitzroy Gardens - board 508,42,real_sensor_board_508,17.105024581969246,0,normal
2015-01-05 16:00:00+00:00,17.4,Fitzroy Gardens,508,58.5,1.6,-37.8134078,144.9794923,ENV,REAL_508,Real sensor series - Fitzroy Gardens - board 508,42,real_sensor_board_508,17.1040196655754,0,normal
2015-01-05 16:10:00+00:00,17.4,Fitzroy Gardens,508,57.8,1.6,-37.8134078,144.9794923,ENV,REAL_508,Real sensor series - Fitzroy Gardens - board 508,42,real_sensor_board_508,17.10321573246032,0,normal
2015-01-05 16:20:00+00:00,17.7,Fitzroy Gardens,508,55.2,1.6,-37.8134078,144.9794923,ENV,REAL_508,Real sensor series - Fitzroy Gardens - board 508,42,real_sensor_board_508,17.102572585968257,0,normal
2015-01-05 16:30:00+00:00,17.1,Fitzroy Gardens,508,54.4,1.6,-37.8134078,144.9794923,ENV,REAL_508,Real sensor series - Fitzroy Gardens - board 508,42,real_sensor_board_508,17.102058068774607,0,normal
2015-01-05 16:40:00+00:00,17.1,Fitzroy Gardens,508,54.4,1.6,-37.8134078,144.9794923,ENV,REAL_508,Real sensor series - Fitzroy Gardens - board 508,42,real_sensor_board_508,17.101646455019686,0,normal
2015-01-05 16:50:00+00:00,17.1,Fitzroy Gardens,508,53.8,1.6,-37.8134078,144.9794923,ENV,REAL_508,Real sensor series - Fitzroy Gardens - board 508,42,real_sensor_board_508,17.10131716401575,0,normal
2015-01-05 17:00:00+00:00,17.1,Fitzroy Gardens,508,54.4,1.6,-37.8134078,144.9794923,ENV,REAL_508,Real sensor series - Fitzroy Gardens - board 508,42,real_sensor_board_508,17.101053731212602,0,normal
2015-01-05 17:10:00+00:00,17.1,Fitzroy Gardens,508,54.0,1.6,-37.8134078,144.9794923,ENV,REAL_508,Real sensor series - Fitzroy Gardens - board 508,42,real_sensor_board_508,17.040842984970084,0,normal
2015-01-05 17:20:00+00:00,17.1,Fitzroy Gardens,508,54.6,1.6,-37.8134078,144.9794923,ENV,REAL_508,Real sensor series - Fitzroy Gardens - board 508,42,real_sensor_board_508,16.992674387976066,0,normal
2015-01-05 17:30:00+00:00,17.1,Fitzroy Gardens,508,54.9,1.6,-37.8134078,144.9794923,ENV,REAL_508,Real sensor series - Fitzroy Gardens - board 508,42,real_sensor_board_508,17.014139510380854,0,normal
2015-01-05 17:40:00+00:00,16.8,Fitzroy Gardens,508,55.9,1.6,-37.8134078,144.9794923,ENV,REAL_508,Real sensor series - Fitzroy Gardens - board 508,42,real_sensor_board_508,17.031311608304684,0,normal
2015-01-05 17:50:00+00:00,16.8,Fitzroy Gardens,508,55.4,1.6,-37.8134078,144.9794923,ENV,REAL_508,Real sensor series - Fitzroy Gardens - board 508,42,real_sensor_board_508,17.04504928664375,0,normal
2015-01-05 18:00:00+00:00,16.8,Fitzroy Gardens,508,55.1,1.6,-37.8134078,144.9794923,ENV,REAL_508,Real sensor series - Fitzroy Gardens - board 508,42,real_sensor_board_508,17.056039429315,0,normal
2015-01-05 18:10:00+00:00,17.1,Fitzroy Gardens,508,54.6,1.6,-37.8134078,144.9794923,ENV,REAL_508,Real sensor series - Fitzroy Gardens - board 508,42,real_sensor_board_508,17.064831543452,0,normal
2015-01-05 18:20:00+00:00,16.8,Fitzroy Gardens,508,55.4,1.6,-37.8134078,144.9794923,ENV,REAL_508,Real sensor series - Fitzroy Gardens - board 508,42,real_sensor_board_508,17.071865234761603,0,normal
2015-01-05 18:30:00+00:00,17.1,Fitzroy Gardens,508,54.1,2.1,-37.8134078,144.9794923,ENV,REAL_508,Real sensor series - Fitzroy Gardens - board 508,42,real_sensor_board_508,17.077492187809284,0,normal
2015-01-05 18:40:00+00:00,16.8,Fitzroy Gardens,508,54.9,5.6,-37.8134078,144.9794923,ENV,REAL_508,Real sensor series - Fitzroy Gardens - board 508,42,real_sensor_board_508,17.081993750247427,0,normal
2015-01-05 18:50:00+00:00,16.5,Fitzroy Gardens,508,56.7,15.9,-37.8134078,144.9794923,ENV,REAL_508,Real sensor series - Fitzroy Gardens - board 508,42,real_sensor_board_508,17.085595000197944,0,normal
2015-01-05 19:00:00+00:00,16.5,Fitzroy Gardens,508,57.1,30.2,-37.8134078,144.9794923,ENV,REAL_508,Real sensor series - Fitzroy Gardens - board 508,42,real_sensor_board_508,17.08847600015836,0,normal
2015-01-05 19:15:00+00:00,16.5,Fitzroy Gardens,508,57.9,42.3,-37.8134078,144.9794923,ENV,REAL_508,Real sensor series - Fitzroy Gardens - board 508,42,real_sensor_board_508,17.090780800126687,0,normal
2015-01-05 19:25:00+00:00,16.5,Fitzroy Gardens,508,57.1,56.2,-37.8134078,144.9794923,ENV,REAL_508,Real sensor series - Fitzroy Gardens - board 508,42,real_sensor_board_508,17.092624640101352,0,normal
2015-01-05 19:35:00+00:00,16.8,Fitzroy Gardens,508,56.7,64.6,-37.8134078,144.9794923,ENV,REAL_508,Real sensor series - Fitzroy Gardens - board 508,42,real_sensor_board_508,17.094099712081082,0,normal
2015-01-05 19:45:00+00:00,16.8,Fitzroy Gardens,508,57.1,72.6,-37.8134078,144.9794923,ENV,REAL_508,Real sensor series - Fitzroy Gardens - board 508,42,real_sensor_board_508,17.095279769664867,0,normal
2015-01-05 19:55:00+00:00,17.1,Fitzroy Gardens,508,56.3,76.3,-37.8134078,144.9794923,ENV,REAL_508,Real sensor series - Fitzroy Gardens - board 508,42,real_sensor_board_508,17.096223815731896,0,normal
2015-01-05 20:05:00+00:00,17.4,Fitzroy Gardens,508,56.2,81.0,-37.8134078,144.9794923,ENV,REAL_508,Real sensor series - Fitzroy Gardens - board 508,42,real_sensor_board_508,17.156979052585516,0,normal
2015-01-05 20:15:00+00:00,17.7,Fitzroy Gardens,508,53.5,83.6,-37.8134078,144.9794923,ENV,REAL_508,Real sensor series - Fitzroy Gardens - board 508,42,real_sensor_board_508,17.205583242068414,0,normal
2015-01-05 20:25:00+00:00,17.7,Fitzroy Gardens,508,52.4,83.0,-37.8134078,144.9794923,ENV,REAL_508,Real sensor series - Fitzroy Gardens - board 508,42,real_sensor_board_508,17.30446659365473,0,normal
2015-01-05 20:35:00+00:00,17.4,Fitzroy Gardens,508,54.3,83.9,-37.8134078,144.9794923,ENV,REAL_508,Real sensor series - Fitzroy Gardens - board 508,42,real_sensor_board_508,17.383573274923783,0,normal
2015-01-05 20:45:00+00:00,18.1,Fitzroy Gardens,508,52.1,86.4,-37.8134078,144.9794923,ENV,REAL_508,Real sensor series - Fitzroy Gardens - board 508,42,real_sensor_board_508,17.526858619939027,0,normal
2015-01-05 20:55:00+00:00,18.4,Fitzroy Gardens,508,51.1,88.4,-37.8134078,144.9794923,ENV,REAL_508,Real sensor series - Fitzroy Gardens - board 508,42,real_sensor_board_508,17.70148689595122,0,normal
2015-01-05 21:05:00+00:00,18.7,Fitzroy Gardens,508,50.8,88.9,-37.8134078,144.9794923,ENV,REAL_508,Real sensor series - Fitzroy Gardens - board 508,42,real_sensor_board_508,17.90118951676098,0,normal
2015-01-05 21:15:00+00:00,18.7,Fitzroy Gardens,508,50.2,88.8,-37.8134078,144.9794923,ENV,REAL_508,Real sensor series - Fitzroy Gardens - board 508,42,real_sensor_board_508,18.060951613408783,0,normal
2015-01-05 21:25:00+00:00,19.0,Fitzroy Gardens,508,50.0,91.0,-37.8134078,144.9794923,ENV,REAL_508,Real sensor series - Fitzroy Gardens - board 508,42,real_sensor_board_508,18.24876129072703,0,normal
2015-01-05 21:35:00+00:00,19.0,Fitzroy Gardens,508,48.0,89.4,-37.8134078,144.9794923,ENV,REAL_508,Real sensor series - Fitzroy Gardens - board 508,42,real_sensor_board_508,18.399009032581624,0,normal
2015-01-05 21:45:00+00:00,19.0,Fitzroy Gardens,508,49.1,90.6,-37.8134078,144.9794923,ENV,REAL_508,Real sensor series - Fitzroy Gardens - board 508,42,real_sensor_board_508,18.5192072260653,0,normal
2015-01-05 21:55:00+00:00,20.3,Fitzroy Gardens,508,47.2,92.0,-37.8134078,144.9794923,ENV,REAL_508,Real sensor series - Fitzroy Gardens - board 508,42,real_sensor_board_508,18.875365780852242,0,normal
2015-01-05 22:05:00+00:00,20.3,Fitzroy Gardens,508,45.6,93.9,-37.8134078,144.9794923,ENV,REAL_508,Real sensor series - Fitzroy Gardens - board 508,42,real_sensor_board_508,19.160292624681794,0,normal
2015-01-05 22:15:00+00:00,20.6,Fitzroy Gardens,508,45.6,93.5,-37.8134078,144.9794923,ENV,REAL_508,Real sensor series - Fitzroy Gardens - board 508,42,real_sensor_board_508,19.448234099745438,0,normal
2015-01-05 22:30:00+00:00,20.6,Fitzroy Gardens,508,46.7,93.5,-37.8134078,144.9794923,ENV,REAL_508,Real sensor series - Fitzroy Gardens - board 508,42,real_sensor_board_508,19.67858727979635,1,weak_multivariate_excursion
2015-01-08 05:45:00+00:00,24.5,Fitzroy Gardens,508,53.5,92.6,-37.8134078,144.9794923,ENV,REAL_508,Real sensor series - Fitzroy Gardens - board 508,42,real_sensor_board_508,20.38286982383708,1,weak_multivariate_excursion
2015-01-08 05:55:00+00:00,24.2,Fitzroy Gardens,508,53.3,89.8,-37.8134078,144.9794923,ENV,REAL_508,Real sensor series - Fitzroy Gardens - board 508,42,real_sensor_board_508,20.946295859069664,1,weak_multivariate_excursion
2015-01-08 06:05:00+00:00,23.9,Fitzroy Gardens,508,54.8,88.7,-37.8134078,144.9794923,ENV,REAL_508,Real sensor series - Fitzroy Gardens - board 508,42,real_sensor_board_508,21.39703668725573,0,normal
2015-01-08 06:15:00+00:00,24.2,Fitzroy Gardens,508,52.4,85.8,-37.8134078,144.9794923,ENV,REAL_508,Real sensor series - Fitzroy Gardens - board 508,42,real_sensor_board_508,21.757629349804585,0,normal
2015-01-08 06:25:00+00:00,23.9,Fitzroy Gardens,508,52.6,85.2,-37.8134078,144.9794923,ENV,REAL_508,Real sensor series - Fitzroy Gardens - board 508,42,real_sensor_board_508,22.04610347984367,0,normal
2015-01-08 06:35:00+00:00,23.9,Fitzroy Gardens,508,52.9,82.6,-37.8134078,144.9794923,ENV,REAL_508,Real sensor series - Fitzroy Gardens - board 508,42,real_sensor_board_508,22.276882783874935,0,normal
2015-01-08 06:45:00+00:00,23.9,Fitzroy Gardens,508,51.6,85.9,-37.8134078,144.9794923,ENV,REAL_508,Real sensor series - Fitzroy Gardens - board 508,42,real_sensor_board_508,22.46150622709995,0,normal
2015-01-08 06:55:00+00:00,23.5,Fitzroy Gardens,508,53.5,87.1,-37.8134078,144.9794923,ENV,REAL_508,Real sensor series - Fitzroy Gardens - board 508,42,real_sensor_board_508,22.609204981679962,0,normal
2015-01-08 07:05:00+00:00,23.9,Fitzroy Gardens,508,52.6,88.8,-37.8134078,144.9794923,ENV,REAL_508,Real sensor series - Fitzroy Gardens - board 508,42,real_sensor_board_508,22.72736398534397,0,normal
2015-01-08 07:15:00+00:00,24.2,Fitzroy Gardens,508,53.3,88.6,-37.8134078,144.9794923,ENV,REAL_508,Real sensor series - Fitzroy Gardens - board 508,42,real_sensor_board_508,22.821891188275178,0,normal
2015-01-08 07:35:00+00:00,24.2,Fitzroy Gardens,508,47.3,88.3,-37.8134078,144.9794923,ENV,REAL_508,Real sensor series - Fitzroy Gardens - board 508,42,real_sensor_board_508,22.897512950620143,0,normal
2015-01-08 07:45:00+00:00,24.2,Fitzroy Gardens,508,47.3,85.2,-37.8134078,144.9794923,ENV,REAL_508,Real sensor series - Fitzroy Gardens - board 508,42,real_sensor_board_508,22.958010360496115,0,normal
2015-01-08 07:55:00+00:00,23.9,Fitzroy Gardens,508,44.4,85.3,-37.8134078,144.9794923,ENV,REAL_508,Real sensor series - Fitzroy Gardens - board 508,42,real_sensor_board_508,23.006408288396894,0,normal
2015-01-08 08:10:00+00:00,23.5,Fitzroy Gardens,508,46.2,84.3,-37.8134078,144.9794923,ENV,REAL_508,Real sensor series - Fitzroy Gardens - board 508,42,real_sensor_board_508,23.045126630717515,0,normal
2015-01-08 08:20:00+00:00,23.5,Fitzroy Gardens,508,46.6,79.8,-37.8134078,144.9794923,ENV,REAL_508,Real sensor series - Fitzroy Gardens - board 508,42,real_sensor_board_508,23.076101304574014,0,normal
2015-01-08 08:30:00+00:00,23.2,Fitzroy Gardens,508,47.0,76.2,-37.8134078,144.9794923,ENV,REAL_508,Real sensor series - Fitzroy Gardens - board 508,42,real_sensor_board_508,23.10088104365921,0,normal
2015-01-08 08:40:00+00:00,23.2,Fitzroy Gardens,508,47.8,77.5,-37.8134078,144.9794923,ENV,REAL_508,Real sensor series - Fitzroy Gardens - board 508,42,real_sensor_board_508,23.12070483492737,0,normal
2015-01-08 08:50:00+00:00,22.9,Fitzroy Gardens,508,46.6,71.7,-37.8134078,144.9794923,ENV,REAL_508,Real sensor series - Fitzroy Gardens - board 508,42,real_sensor_board_508,23.0765638679419,0,normal
2015-01-08 09:00:00+00:00,22.6,Fitzroy Gardens,508,49.4,67.6,-37.8134078,144.9794923,ENV,REAL_508,Real sensor series - Fitzroy Gardens - board 508,42,real_sensor_board_508,22.98125109435352,0,normal
2015-01-08 09:10:00+00:00,22.6,Fitzroy Gardens,508,48.1,62.7,-37.8134078,144.9794923,ENV,REAL_508,Real sensor series - Fitzroy Gardens - board 508,42,real_sensor_board_508,22.905000875482816,0,normal
2015-01-08 09:20:00+00:00,22.3,Fitzroy Gardens,508,48.6,53.7,-37.8134078,144.9794923,ENV,REAL_508,Real sensor series - Fitzroy Gardens - board 508,42,real_sensor_board_508,22.784000700386255,0,normal
2015-01-08 09:30:00+00:00,22.3,Fitzroy Gardens,508,48.8,39.1,-37.8134078,144.9794923,ENV,REAL_508,Real sensor series - Fitzroy Gardens - board 508,42,real_sensor_board_508,22.687200560309005,0,normal
2015-01-08 09:40:00+00:00,21.9,Fitzroy Gardens,508,51.8,24.9,-37.8134078,144.9794923,ENV,REAL_508,Real sensor series - Fitzroy Gardens - board 508,42,real_sensor_board_508,22.529760448247202,0,normal
2015-01-08 09:50:00+00:00,21.9,Fitzroy Gardens,508,51.6,15.4,-37.8134078,144.9794923,ENV,REAL_508,Real sensor series - Fitzroy Gardens - board 508,42,real_sensor_board_508,22.40380835859776,0,normal
2015-01-08 10:00:00+00:00,21.6,Fitzroy Gardens,508,52.9,5.7,-37.8134078,144.9794923,ENV,REAL_508,Real sensor series - Fitzroy Gardens - board 508,42,real_sensor_board_508,22.303046686878208,0,normal
2015-01-08 10:10:00+00:00,21.6,Fitzroy Gardens,508,51.6,2.3,-37.8134078,144.9794923,ENV,REAL_508,Real sensor series - Fitzroy Gardens - board 508,42,real_sensor_board_508,22.222437349502567,0,normal
2015-01-08 10:20:00+00:00,21.6,Fitzroy Gardens,508,52.7,1.7,-37.8134078,144.9794923,ENV,REAL_508,Real sensor series - Fitzroy Gardens - board 508,42,real_sensor_board_508,22.157949879602054,0,normal
2015-01-08 10:30:00+00:00,21.9,Fitzroy Gardens,508,54.0,1.6,-37.8134078,144.9794923,ENV,REAL_508,Real sensor series - Fitzroy Gardens - board 508,42,real_sensor_board_508,22.106359903681643,0,normal
2015-01-08 10:40:00+00:00,21.9,Fitzroy Gardens,508,53.2,1.6,-37.8134078,144.9794923,ENV,REAL_508,Real sensor series - Fitzroy Gardens - board 508,42,real_sensor_board_508,22.005087922945314,0,normal
2015-01-08 10:50:00+00:00,21.3,Fitzroy Gardens,508,54.9,1.7,-37.8134078,144.9794923,ENV,REAL_508,Real sensor series - Fitzroy Gardens - board 508,42,real_sensor_board_508,21.924070338356252,0,normal
2015-01-08 11:00:00+00:00,21.3,Fitzroy Gardens,508,55.7,1.6,-37.8134078,144.9794923,ENV,REAL_508,Real sensor series - Fitzroy Gardens - board 508,42,real_sensor_board_508,21.859256270685,0,normal
2015-01-08 11:10:00+00:00,21.3,Fitzroy Gardens,508,55.4,1.7,-37.8134078,144.9794923,ENV,REAL_508,Real sensor series - Fitzroy Gardens - board 508,42,real_sensor_board_508,21.807405016548003,0,normal
2015-01-08 11:25:00+00:00,21.3,Fitzroy Gardens,508,54.6,1.7,-37.8134078,144.9794923,ENV,REAL_508,Real sensor series - Fitzroy Gardens - board 508,42,real_sensor_board_508,21.765924013238404,0,normal
2015-01-08 11:35:00+00:00,21.0,Fitzroy Gardens,508,56.0,1.6,-37.8134078,144.9794923,ENV,REAL_508,Real sensor series - Fitzroy Gardens - board 508,42,real_sensor_board_508,21.732739210590726,0,normal
2015-01-08 11:45:00+00:00,21.3,Fitzroy Gardens,508,56.3,1.7,-37.8134078,144.9794923,ENV,REAL_508,Real sensor series - Fitzroy Gardens - board 508,42,real_sensor_board_508,21.646191368472582,0,normal
2015-01-08 11:55:00+00:00,21.9,Fitzroy Gardens,508,56.3,1.6,-37.8134078,144.9794923,ENV,REAL_508,Real sensor series - Fitzroy Gardens - board 508,42,real_sensor_board_508,21.57695309477807,0,normal
2015-01-08 12:05:00+00:00,21.9,Fitzroy Gardens,508,55.7,1.6,-37.8134078,144.9794923,ENV,REAL_508,Real sensor series - Fitzroy Gardens - board 508,42,real_sensor_board_508,21.521562475822456,0,normal
2015-01-08 12:15:00+00:00,21.3,Fitzroy Gardens,508,57.9,1.6,-37.8134078,144.9794923,ENV,REAL_508,Real sensor series - Fitzroy Gardens - board 508,42,real_sensor_board_508,21.477249980657966,0,normal
2015-01-08 12:25:00+00:00,21.6,Fitzroy Gardens,508,55.4,1.6,-37.8134078,144.9794923,ENV,REAL_508,Real sensor series - Fitzroy Gardens - board 508,42,real_sensor_board_508,21.441799984526376,0,normal
2015-01-08 12:35:00+00:00,21.6,Fitzroy Gardens,508,55.2,1.7,-37.8134078,144.9794923,ENV,REAL_508,Real sensor series - Fitzroy Gardens - board 508,42,real_sensor_board_508,21.413439987621103,0,normal
2015-01-08 12:45:00+00:00,21.6,Fitzroy Gardens,508,54.9,1.6,-37.8134078,144.9794923,ENV,REAL_508,Real sensor series - Fitzroy Gardens - board 508,42,real_sensor_board_508,21.330751990096882,0,normal
2015-01-08 12:55:00+00:00,20.3,Fitzroy Gardens,508,61.4,1.6,-37.8134078,144.9794923,ENV,REAL_508,Real sensor series - Fitzroy Gardens - board 508,42,real_sensor_board_508,21.124601592077504,0,normal
2015-01-08 13:05:00+00:00,20.3,Fitzroy Gardens,508,61.2,1.7,-37.8134078,144.9794923,ENV,REAL_508,Real sensor series - Fitzroy Gardens - board 508,42,real_sensor_board_508,20.959681273662007,0,normal
2015-01-08 13:15:00+00:00,20.3,Fitzroy Gardens,508,60.8,1.8,-37.8134078,144.9794923,ENV,REAL_508,Real sensor series - Fitzroy Gardens - board 508,42,real_sensor_board_508,20.827745018929605,0,normal
2015-01-08 13:25:00+00:00,20.0,Fitzroy Gardens,508,60.9,1.8,-37.8134078,144.9794923,ENV,REAL_508,Real sensor series - Fitzroy Gardens - board 508,42,real_sensor_board_508,20.662196015143685,0,normal
2015-01-08 13:35:00+00:00,20.0,Fitzroy Gardens,508,61.1,1.9,-37.8134078,144.9794923,ENV,REAL_508,Real sensor series - Fitzroy Gardens - board 508,42,real_sensor_board_508,20.52975681211495,0,normal
2015-01-08 13:45:00+00:00,19.7,Fitzroy Gardens,508,61.1,2.0,-37.8134078,144.9794923,ENV,REAL_508,Real sensor series - Fitzroy Gardens - board 508,42,real_sensor_board_508,20.363805449691963,0,normal
2015-01-08 13:55:00+00:00,19.7,Fitzroy Gardens,508,60.8,1.9,-37.8134078,144.9794923,ENV,REAL_508,Real sensor series - Fitzroy Gardens - board 508,42,real_sensor_board_508,20.23104435975357,0,normal
2015-01-08 14:05:00+00:00,19.7,Fitzroy Gardens,508,60.8,1.9,-37.8134078,144.9794923,ENV,REAL_508,Real sensor series - Fitzroy Gardens - board 508,42,real_sensor_board_508,20.12483548780286,0,normal
2015-01-08 14:15:00+00:00,19.4,Fitzroy Gardens,508,60.4,1.9,-37.8134078,144.9794923,ENV,REAL_508,Real sensor series - Fitzroy Gardens - board 508,42,real_sensor_board_508,19.979868390242288,0,normal
2015-01-08 14:25:00+00:00,19.4,Fitzroy Gardens,508,59.6,1.9,-37.8134078,144.9794923,ENV,REAL_508,Real sensor series - Fitzroy Gardens - board 508,42,real_sensor_board_508,19.86389471219383,0,normal
2015-01-08 14:40:00+00:00,19.4,Fitzroy Gardens,508,60.0,1.9,-37.8134078,144.9794923,ENV,REAL_508,Real sensor series - Fitzroy Gardens - board 508,42,real_sensor_board_508,19.771115769755063,0,normal
2015-01-08 14:50:00+00:00,19.4,Fitzroy Gardens,508,60.3,1.9,-37.8134078,144.9794923,ENV,REAL_508,Real sensor series - Fitzroy Gardens - board 508,42,real_sensor_board_508,19.69689261580405,0,normal
2015-01-08 15:00:00+00:00,19.4,Fitzroy Gardens,508,59.8,1.8,-37.8134078,144.9794923,ENV,REAL_508,Real sensor series - Fitzroy Gardens - board 508,42,real_sensor_board_508,19.63751409264324,0,normal
2015-01-08 15:10:00+00:00,19.0,Fitzroy Gardens,508,59.8,1.9,-37.8134078,144.9794923,ENV,REAL_508,Real sensor series - Fitzroy Gardens - board 508,42,real_sensor_board_508,19.510011274114593,0,normal
2015-01-08 15:20:00+00:00,19.0,Fitzroy Gardens,508,59.8,1.9,-37.8134078,144.9794923,ENV,REAL_508,Real sensor series - Fitzroy Gardens - board 508,42,real_sensor_board_508,19.408009019291676,0,normal
2015-01-08 15:30:00+00:00,18.7,Fitzroy Gardens,508,59.5,1.9,-37.8134078,144.9794923,ENV,REAL_508,Real sensor series - Fitzroy Gardens - board 508,42,real_sensor_board_508,19.26640721543334,0,normal
2015-01-08 15:40:00+00:00,18.7,Fitzroy Gardens,508,58.9,1.9,-37.8134078,144.9794923,ENV,REAL_508,Real sensor series - Fitzroy Gardens - board 508,42,real_sensor_board_508,19.153125772346673,0,normal
2015-01-08 15:50:00+00:00,18.4,Fitzroy Gardens,508,59.5,1.9,-37.8134078,144.9794923,ENV,REAL_508,Real sensor series - Fitzroy Gardens - board 508,42,real_sensor_board_508,19.002500617877338,0,normal
2015-01-08 16:00:00+00:00,18.4,Fitzroy Gardens,508,59.6,1.9,-37.8134078,144.9794923,ENV,REAL_508,Real sensor series - Fitzroy Gardens - board 508,42,real_sensor_board_508,18.88200049430187,0,normal
2015-01-08 16:10:00+00:00,18.4,Fitzroy Gardens,508,59.2,1.9,-37.8134078,144.9794923,ENV,REAL_508,Real sensor series - Fitzroy Gardens - board 508,42,real_sensor_board_508,18.7856003954415,0,normal
2015-01-08 16:20:00+00:00,18.1,Fitzroy Gardens,508,58.1,2.0,-37.8134078,144.9794923,ENV,REAL_508,Real sensor series - Fitzroy Gardens - board 508,42,real_sensor_board_508,18.6484803163532,0,normal
2015-01-08 16:30:00+00:00,18.1,Fitzroy Gardens,508,57.3,2.0,-37.8134078,144.9794923,ENV,REAL_508,Real sensor series - Fitzroy Gardens - board 508,42,real_sensor_board_508,18.53878425308256,0,normal
2015-01-08 16:40:00+00:00,18.1,Fitzroy Gardens,508,56.7,1.9,-37.8134078,144.9794923,ENV,REAL_508,Real sensor series - Fitzroy Gardens - board 508,42,real_sensor_board_508,18.45102740246605,0,normal
2015-01-08 16:50:00+00:00,18.1,Fitzroy Gardens,508,56.2,2.0,-37.8134078,144.9794923,ENV,REAL_508,Real sensor series - Fitzroy Gardens - board 508,42,real_sensor_board_508,18.380821921972842,0,normal
2015-01-08 17:00:00+00:00,18.1,Fitzroy Gardens,508,55.2,2.0,-37.8134078,144.9794923,ENV,REAL_508,Real sensor series - Fitzroy Gardens - board 508,42,real_sensor_board_508,18.324657537578275,0,normal
2015-01-08 17:10:00+00:00,17.7,Fitzroy Gardens,508,56.2,1.9,-37.8134078,144.9794923,ENV,REAL_508,Real sensor series - Fitzroy Gardens - board 508,42,real_sensor_board_508,18.19972603006262,0,normal
2015-01-08 17:20:00+00:00,17.7,Fitzroy Gardens,508,57.6,2.0,-37.8134078,144.9794923,ENV,REAL_508,Real sensor series - Fitzroy Gardens - board 508,42,real_sensor_board_508,18.099780824050097,0,normal
2015-01-08 17:30:00+00:00,17.7,Fitzroy Gardens,508,57.4,2.0,-37.8134078,144.9794923,ENV,REAL_508,Real sensor series - Fitzroy Gardens - board 508,42,real_sensor_board_508,18.01982465924008,0,normal
2015-01-08 17:45:00+00:00,17.7,Fitzroy Gardens,508,57.1,2.0,-37.8134078,144.9794923,ENV,REAL_508,Real sensor series - Fitzroy Gardens - board 508,42,real_sensor_board_508,17.955859727392063,0,normal
2015-01-08 17:55:00+00:00,17.7,Fitzroy Gardens,508,57.3,2.0,-37.8134078,144.9794923,ENV,REAL_508,Real sensor series - Fitzroy Gardens - board 508,42,real_sensor_board_508,17.90468778191365,0,normal
2015-01-08 18:05:00+00:00,17.7,Fitzroy Gardens,508,57.9,1.9,-37.8134078,144.9794923,ENV,REAL_508,Real sensor series - Fitzroy Gardens - board 508,42,real_sensor_board_508,17.86375022553092,0,normal
2015-01-08 18:15:00+00:00,17.7,Fitzroy Gardens,508,57.6,2.0,-37.8134078,144.9794923,ENV,REAL_508,Real sensor series - Fitzroy Gardens - board 508,42,real_sensor_board_508,17.831000180424738,0,normal
2015-01-08 18:25:00+00:00,17.7,Fitzroy Gardens,508,58.7,2.0,-37.8134078,144.9794923,ENV,REAL_508,Real sensor series - Fitzroy Gardens - board 508,42,real_sensor_board_508,17.80480014433979,0,normal
2015-01-08 18:35:00+00:00,17.4,Fitzroy Gardens,508,59.6,2.0,-37.8134078,144.9794923,ENV,REAL_508,Real sensor series - Fitzroy Gardens - board 508,42,real_sensor_board_508,17.723840115471834,0,normal
2015-01-08 18:45:00+00:00,17.1,Fitzroy Gardens,508,59.5,2.2,-37.8134078,144.9794923,ENV,REAL_508,Real sensor series - Fitzroy Gardens - board 508,42,real_sensor_board_508,17.59907209237747,0,normal
2015-01-08 18:55:00+00:00,16.8,Fitzroy Gardens,508,60.6,3.8,-37.8134078,144.9794923,ENV,REAL_508,Real sensor series - Fitzroy Gardens - board 508,42,real_sensor_board_508,17.439257673901977,0,normal
2015-01-08 19:05:00+00:00,16.8,Fitzroy Gardens,508,62.5,9.3,-37.8134078,144.9794923,ENV,REAL_508,Real sensor series - Fitzroy Gardens - board 508,42,real_sensor_board_508,17.311406139121583,0,normal
2015-01-08 19:15:00+00:00,16.8,Fitzroy Gardens,508,63.3,13.9,-37.8134078,144.9794923,ENV,REAL_508,Real sensor series - Fitzroy Gardens - board 508,42,real_sensor_board_508,17.209124911297266,0,normal
2015-01-08 19:25:00+00:00,16.8,Fitzroy Gardens,508,63.7,20.5,-37.8134078,144.9794923,ENV,REAL_508,Real sensor series - Fitzroy Gardens - board 508,42,real_sensor_board_508,17.127299929037815,0,normal
2015-01-08 19:35:00+00:00,16.8,Fitzroy Gardens,508,64.1,31.4,-37.8134078,144.9794923,ENV,REAL_508,Real sensor series - Fitzroy Gardens - board 508,42,real_sensor_board_508,17.061839943230254,0,normal
2015-01-08 19:45:00+00:00,16.5,Fitzroy Gardens,508,63.6,42.1,-37.8134078,144.9794923,ENV,REAL_508,Real sensor series - Fitzroy Gardens - board 508,42,real_sensor_board_508,17.009471954584203,0,normal
2015-01-08 19:55:00+00:00,16.5,Fitzroy Gardens,508,63.1,45.3,-37.8134078,144.9794923,ENV,REAL_508,Real sensor series - Fitzroy Gardens - board 508,42,real_sensor_board_508,16.967577563667362,0,normal
2015-01-08 20:05:00+00:00,16.8,Fitzroy Gardens,508,63.0,45.7,-37.8134078,144.9794923,ENV,REAL_508,Real sensor series - Fitzroy Gardens - board 508,42,real_sensor_board_508,16.87406205093389,0,normal
2015-01-08 20:15:00+00:00,16.8,Fitzroy Gardens,508,62.6,51.9,-37.8134078,144.9794923,ENV,REAL_508,Real sensor series - Fitzroy Gardens - board 508,42,real_sensor_board_508,16.799249640747114,0,normal
2015-01-08 20:25:00+00:00,16.5,Fitzroy Gardens,508,62.8,60.1,-37.8134078,144.9794923,ENV,REAL_508,Real sensor series - Fitzroy Gardens - board 508,42,real_sensor_board_508,16.73939971259769,0,normal
2015-01-08 20:35:00+00:00,16.5,Fitzroy Gardens,508,63.0,62.0,-37.8134078,144.9794923,ENV,REAL_508,Real sensor series - Fitzroy Gardens - board 508,42,real_sensor_board_508,16.691519770078155,0,normal
2015-01-08 20:45:00+00:00,16.5,Fitzroy Gardens,508,63.7,59.7,-37.8134078,144.9794923,ENV,REAL_508,Real sensor series - Fitzroy Gardens - board 508,42,real_sensor_board_508,16.653215816062524,0,normal
2015-01-08 21:00:00+00:00,16.5,Fitzroy Gardens,508,63.4,70.8,-37.8134078,144.9794923,ENV,REAL_508,Real sensor series - Fitzroy Gardens - board 508,42,real_sensor_board_508,16.62257265285002,0,normal
2015-01-08 21:30:00+00:00,16.1,Fitzroy Gardens,508,63.7,66.5,-37.8134078,144.9794923,ENV,REAL_508,Real sensor series - Fitzroy Gardens - board 508,42,real_sensor_board_508,16.59805812228002,0,normal
2015-01-08 21:40:00+00:00,16.1,Fitzroy Gardens,508,63.0,79.7,-37.8134078,144.9794923,ENV,REAL_508,Real sensor series - Fitzroy Gardens - board 508,42,real_sensor_board_508,16.578446497824014,0,normal
2015-01-08 21:50:00+00:00,16.1,Fitzroy Gardens,508,62.5,70.2,-37.8134078,144.9794923,ENV,REAL_508,Real sensor series - Fitzroy Gardens - board 508,42,real_sensor_board_508,16.562757198259213,0,normal
2015-01-08 22:00:00+00:00,15.8,Fitzroy Gardens,508,63.1,78.1,-37.8134078,144.9794923,ENV,REAL_508,Real sensor series - Fitzroy Gardens - board 508,42,real_sensor_board_508,16.550205758607373,0,normal
2015-01-08 22:10:00+00:00,16.1,Fitzroy Gardens,508,63.4,81.1,-37.8134078,144.9794923,ENV,REAL_508,Real sensor series - Fitzroy Gardens - board 508,42,real_sensor_board_508,16.5401646068859,0,normal
2015-01-08 22:20:00+00:00,16.1,Fitzroy Gardens,508,63.0,78.0,-37.8134078,144.9794923,ENV,REAL_508,Real sensor series - Fitzroy Gardens - board 508,42,real_sensor_board_508,16.53213168550872,0,normal
2015-01-08 22:30:00+00:00,16.1,Fitzroy Gardens,508,62.5,85.1,-37.8134078,144.9794923,ENV,REAL_508,Real sensor series - Fitzroy Gardens - board 508,42,real_sensor_board_508,16.525705348406976,0,normal
2015-01-08 22:40:00+00:00,16.1,Fitzroy Gardens,508,62.6,77.3,-37.8134078,144.9794923,ENV,REAL_508,Real sensor series - Fitzroy Gardens - board 508,42,real_sensor_board_508,16.520564278725583,0,normal
2015-01-08 22:50:00+00:00,15.8,Fitzroy Gardens,508,62.3,74.3,-37.8134078,144.9794923,ENV,REAL_508,Real sensor series - Fitzroy Gardens - board 508,42,real_sensor_board_508,16.516451422980467,0,normal
2015-01-08 23:00:00+00:00,15.8,Fitzroy Gardens,508,62.3,84.9,-37.8134078,144.9794923,ENV,REAL_508,Real sensor series - Fitzroy Gardens - board 508,42,real_sensor_board_508,16.513161138384373,0,normal
2015-01-08 23:10:00+00:00,16.1,Fitzroy Gardens,508,61.5,89.3,-37.8134078,144.9794923,ENV,REAL_508,Real sensor series - Fitzroy Gardens - board 508,42,real_sensor_board_508,16.5105289107075,0,normal
2015-01-08 23:20:00+00:00,16.1,Fitzroy Gardens,508,61.1,85.4,-37.8134078,144.9794923,ENV,REAL_508,Real sensor series - Fitzroy Gardens - board 508,42,real_sensor_board_508,16.508423128566,0,normal
2015-01-08 23:30:00+00:00,15.8,Fitzroy Gardens,508,60.9,81.9,-37.8134078,144.9794923,ENV,REAL_508,Real sensor series - Fitzroy Gardens - board 508,42,real_sensor_board_508,16.5067385028528,0,normal
2015-01-08 23:40:00+00:00,16.1,Fitzroy Gardens,508,60.6,88.1,-37.8134078,144.9794923,ENV,REAL_508,Real sensor series - Fitzroy Gardens - board 508,42,real_sensor_board_508,16.505390802282243,0,normal
2015-01-08 23:50:00+00:00,16.1,Fitzroy Gardens,508,59.5,89.1,-37.8134078,144.9794923,ENV,REAL_508,Real sensor series - Fitzroy Gardens - board 508,42,real_sensor_board_508,16.504312641825795,0,normal
2015-01-09 00:00:00+00:00,16.5,Fitzroy Gardens,508,57.4,92.3,-37.8134078,144.9794923,ENV,REAL_508,Real sensor series - Fitzroy Gardens - board 508,42,real_sensor_board_508,16.503450113460637,0,normal
2015-01-09 00:15:00+00:00,17.1,Fitzroy Gardens,508,56.5,92.1,-37.8134078,144.9794923,ENV,REAL_508,Real sensor series - Fitzroy Gardens - board 508,42,real_sensor_board_508,16.50276009076851,0,normal
2015-01-09 00:25:00+00:00,17.1,Fitzroy Gardens,508,55.4,91.2,-37.8134078,144.9794923,ENV,REAL_508,Real sensor series - Fitzroy Gardens - board 508,42,real_sensor_board_508,16.50220807261481,0,normal
2015-01-09 00:35:00+00:00,17.1,Fitzroy Gardens,508,55.9,90.2,-37.8134078,144.9794923,ENV,REAL_508,Real sensor series - Fitzroy Gardens - board 508,42,real_sensor_board_508,16.501766458091847,0,normal
2015-01-09 00:45:00+00:00,16.8,Fitzroy Gardens,508,55.7,88.2,-37.8134078,144.9794923,ENV,REAL_508,Real sensor series - Fitzroy Gardens - board 508,42,real_sensor_board_508,16.50141316647348,0,normal
2015-01-09 00:55:00+00:00,16.5,Fitzroy Gardens,508,56.0,87.1,-37.8134078,144.9794923,ENV,REAL_508,Real sensor series - Fitzroy Gardens - board 508,42,real_sensor_board_508,16.501130533178785,0,normal
2015-01-09 01:05:00+00:00,16.5,Fitzroy Gardens,508,57.4,87.0,-37.8134078,144.9794923,ENV,REAL_508,Real sensor series - Fitzroy Gardens - board 508,42,real_sensor_board_508,16.500904426543027,0,normal
2015-01-09 01:15:00+00:00,16.5,Fitzroy Gardens,508,57.3,85.6,-37.8134078,144.9794923,ENV,REAL_508,Real sensor series - Fitzroy Gardens - board 508,42,real_sensor_board_508,16.50072354123442,0,normal
2015-01-09 01:25:00+00:00,16.5,Fitzroy Gardens,508,56.3,88.3,-37.8134078,144.9794923,ENV,REAL_508,Real sensor series - Fitzroy Gardens - board 508,42,real_sensor_board_508,16.50057883298754,0,normal
2015-01-09 01:35:00+00:00,16.8,Fitzroy Gardens,508,55.5,88.0,-37.8134078,144.9794923,ENV,REAL_508,Real sensor series - Fitzroy Gardens - board 508,42,real_sensor_board_508,16.500463066390033,0,normal
2015-01-09 01:45:00+00:00,16.5,Fitzroy Gardens,508,54.6,86.5,-37.8134078,144.9794923,ENV,REAL_508,Real sensor series - Fitzroy Gardens - board 508,42,real_sensor_board_508,16.56037045311203,0,normal
2015-01-09 01:55:00+00:00,16.5,Fitzroy Gardens,508,55.1,87.4,-37.8134078,144.9794923,ENV,REAL_508,Real sensor series - Fitzroy Gardens - board 508,42,real_sensor_board_508,16.608296362489625,0,normal
2015-01-09 02:05:00+00:00,16.8,Fitzroy Gardens,508,54.3,89.1,-37.8134078,144.9794923,ENV,REAL_508,Real sensor series - Fitzroy Gardens - board 508,42,real_sensor_board_508,16.6466370899917,0,normal
2015-01-09 02:15:00+00:00,16.8,Fitzroy Gardens,508,54.4,86.7,-37.8134078,144.9794923,ENV,REAL_508,Real sensor series - Fitzroy Gardens - board 508,42,real_sensor_board_508,16.67730967199336,0,normal
2015-01-09 02:25:00+00:00,16.5,Fitzroy Gardens,508,54.1,87.5,-37.8134078,144.9794923,ENV,REAL_508,Real sensor series - Fitzroy Gardens - board 508,42,real_sensor_board_508,16.70184773759469,0,normal
2015-01-09 02:35:00+00:00,16.8,Fitzroy Gardens,508,52.9,88.3,-37.8134078,144.9794923,ENV,REAL_508,Real sensor series - Fitzroy Gardens - board 508,42,real_sensor_board_508,16.721478190075754,0,normal
2015-01-09 02:45:00+00:00,16.8,Fitzroy Gardens,508,53.3,87.4,-37.8134078,144.9794923,ENV,REAL_508,Real sensor series - Fitzroy Gardens - board 508,42,real_sensor_board_508,16.737182552060602,0,normal
2015-01-09 02:55:00+00:00,16.8,Fitzroy Gardens,508,52.9,86.3,-37.8134078,144.9794923,ENV,REAL_508,Real sensor series - Fitzroy Gardens - board 508,42,real_sensor_board_508,16.749746041648482,0,normal
2015-01-09 03:05:00+00:00,16.8,Fitzroy Gardens,508,52.4,87.0,-37.8134078,144.9794923,ENV,REAL_508,Real sensor series - Fitzroy Gardens - board 508,42,real_sensor_board_508,16.759796833318788,0,normal
2015-01-09 03:15:00+00:00,16.5,Fitzroy Gardens,508,52.4,88.6,-37.8134078,144.9794923,ENV,REAL_508,Real sensor series - Fitzroy Gardens - board 508,42,real_sensor_board_508,16.76783746665503,0,normal
2015-01-09 03:30:00+00:00,17.1,Fitzroy Gardens,508,52.6,88.1,-37.8134078,144.9794923,ENV,REAL_508,Real sensor series - Fitzroy Gardens - board 508,42,real_sensor_board_508,16.774269973324024,0,normal
2015-01-09 03:40:00+00:00,16.5,Fitzroy Gardens,508,52.4,86.8,-37.8134078,144.9794923,ENV,REAL_508,Real sensor series - Fitzroy Gardens - board 508,42,real_sensor_board_508,16.77941597865922,0,normal
2015-01-09 03:50:00+00:00,16.8,Fitzroy Gardens,508,51.9,86.5,-37.8134078,144.9794923,ENV,REAL_508,Real sensor series - Fitzroy Gardens - board 508,42,real_sensor_board_508,16.783532782927377,0,normal
2015-01-09 04:00:00+00:00,16.8,Fitzroy Gardens,508,51.3,89.1,-37.8134078,144.9794923,ENV,REAL_508,Real sensor series - Fitzroy Gardens - board 508,42,real_sensor_board_508,16.7868262263419,0,normal
2015-01-09 04:20:00+00:00,17.1,Fitzroy Gardens,508,50.3,89.2,-37.8134078,144.9794923,ENV,REAL_508,Real sensor series - Fitzroy Gardens - board 508,42,real_sensor_board_508,16.78946098107352,0,normal
2015-01-09 04:30:00+00:00,16.8,Fitzroy Gardens,508,50.8,87.4,-37.8134078,144.9794923,ENV,REAL_508,Real sensor series - Fitzroy Gardens - board 508,42,real_sensor_board_508,16.791568784858818,0,normal
2015-01-09 04:40:00+00:00,17.1,Fitzroy Gardens,508,51.8,86.8,-37.8134078,144.9794923,ENV,REAL_508,Real sensor series - Fitzroy Gardens - board 508,42,real_sensor_board_508,16.793255027887056,0,normal
2015-01-09 04:50:00+00:00,16.8,Fitzroy Gardens,508,52.6,86.6,-37.8134078,144.9794923,ENV,REAL_508,Real sensor series - Fitzroy Gardens - board 508,42,real_sensor_board_508,16.794604022309645,0,normal
2015-01-09 05:00:00+00:00,16.8,Fitzroy Gardens,508,52.9,84.6,-37.8134078,144.9794923,ENV,REAL_508,Real sensor series - Fitzroy Gardens - board 508,42,real_sensor_board_508,16.795683217847717,0,normal
2015-01-09 05:10:00+00:00,16.8,Fitzroy Gardens,508,52.4,81.2,-37.8134078,144.9794923,ENV,REAL_508,Real sensor series - Fitzroy Gardens - board 508,42,real_sensor_board_508,16.796546574278175,0,normal
2015-01-09 05:20:00+00:00,16.5,Fitzroy Gardens,508,53.5,83.0,-37.8134078,144.9794923,ENV,REAL_508,Real sensor series - Fitzroy Gardens - board 508,42,real_sensor_board_508,16.79723725942254,0,normal
2015-01-09 05:30:00+00:00,16.5,Fitzroy Gardens,508,52.7,81.6,-37.8134078,144.9794923,ENV,REAL_508,Real sensor series - Fitzroy Gardens - board 508,42,real_sensor_board_508,16.797789807538035,0,normal
2015-01-09 05:40:00+00:00,16.5,Fitzroy Gardens,508,51.9,81.3,-37.8134078,144.9794923,ENV,REAL_508,Real sensor series - Fitzroy Gardens - board 508,42,real_sensor_board_508,16.79823184603043,0,normal
2015-01-09 05:50:00+00:00,16.5,Fitzroy Gardens,508,52.1,80.6,-37.8134078,144.9794923,ENV,REAL_508,Real sensor series - Fitzroy Gardens - board 508,42,real_sensor_board_508,16.798585476824343,0,normal
2015-01-09 06:00:00+00:00,16.1,Fitzroy Gardens,508,54.8,81.0,-37.8134078,144.9794923,ENV,REAL_508,Real sensor series - Fitzroy Gardens - board 508,42,real_sensor_board_508,16.858868381459477,0,normal
2015-01-09 06:10:00+00:00,16.1,Fitzroy Gardens,508,54.1,75.6,-37.8134078,144.9794923,ENV,REAL_508,Real sensor series - Fitzroy Gardens - board 508,42,real_sensor_board_508,16.907094705167584,0,normal
2015-01-09 06:20:00+00:00,16.1,Fitzroy Gardens,508,53.2,78.7,-37.8134078,144.9794923,ENV,REAL_508,Real sensor series - Fitzroy Gardens - board 508,42,real_sensor_board_508,16.94567576413407,1,weak_multivariate_excursion
2015-01-20 01:05:00+00:00,27.1,Fitzroy Gardens,508,31.3,94.9,-37.8134078,144.9794923,ENV,REAL_508,Real sensor series - Fitzroy Gardens - board 508,42,real_sensor_board_508,18.976540611307257,1,weak_multivariate_excursion
2015-01-20 01:15:00+00:00,27.1,Fitzroy Gardens,508,31.1,95.4,-37.8134078,144.9794923,ENV,REAL_508,Real sensor series - Fitzroy Gardens - board 508,42,real_sensor_board_508,20.601232489045806,1,weak_multivariate_excursion
2015-01-20 01:25:00+00:00,27.4,Fitzroy Gardens,508,30.6,95.2,-37.8134078,144.9794923,ENV,REAL_508,Real sensor series - Fitzroy Gardens - board 508,42,real_sensor_board_508,21.90098599123665,1,weak_multivariate_excursion
2015-01-20 01:35:00+00:00,27.1,Fitzroy Gardens,508,30.0,94.8,-37.8134078,144.9794923,ENV,REAL_508,Real sensor series - Fitzroy Gardens - board 508,42,real_sensor_board_508,23.00078879298932,0,normal
2015-01-20 01:45:00+00:00,27.7,Fitzroy Gardens,508,30.0,94.9,-37.8134078,144.9794923,ENV,REAL_508,Real sensor series - Fitzroy Gardens - board 508,42,real_sensor_board_508,23.880631034391456,0,normal
2015-01-20 01:55:00+00:00,27.4,Fitzroy Gardens,508,30.2,94.3,-37.8134078,144.9794923,ENV,REAL_508,Real sensor series - Fitzroy Gardens - board 508,42,real_sensor_board_508,24.584504827513165,0,normal
2015-01-20 02:05:00+00:00,27.4,Fitzroy Gardens,508,30.5,94.3,-37.8134078,144.9794923,ENV,REAL_508,Real sensor series - Fitzroy Gardens - board 508,42,real_sensor_board_508,25.147603862010534,0,normal
2015-01-20 02:15:00+00:00,28.1,Fitzroy Gardens,508,29.8,95.1,-37.8134078,144.9794923,ENV,REAL_508,Real sensor series - Fitzroy Gardens - board 508,42,real_sensor_board_508,25.65808308960843,0,normal
2015-01-20 02:30:00+00:00,28.7,Fitzroy Gardens,508,30.0,95.2,-37.8134078,144.9794923,ENV,REAL_508,Real sensor series - Fitzroy Gardens - board 508,42,real_sensor_board_508,26.066466471686745,0,normal
2015-01-20 02:40:00+00:00,28.7,Fitzroy Gardens,508,29.4,94.8,-37.8134078,144.9794923,ENV,REAL_508,Real sensor series - Fitzroy Gardens - board 508,42,real_sensor_board_508,26.393173177349396,0,normal
2015-01-20 02:50:00+00:00,28.1,Fitzroy Gardens,508,30.0,93.8,-37.8134078,144.9794923,ENV,REAL_508,Real sensor series - Fitzroy Gardens - board 508,42,real_sensor_board_508,26.73453854187952,0,normal
2015-01-20 03:00:00+00:00,27.4,Fitzroy Gardens,508,29.5,93.5,-37.8134078,144.9794923,ENV,REAL_508,Real sensor series - Fitzroy Gardens - board 508,42,real_sensor_board_508,27.00763083350362,0,normal
2015-01-20 03:10:00+00:00,27.7,Fitzroy Gardens,508,30.8,93.5,-37.8134078,144.9794923,ENV,REAL_508,Real sensor series - Fitzroy Gardens - board 508,42,real_sensor_board_508,27.226104666802897,0,normal
2015-01-20 03:20:00+00:00,27.7,Fitzroy Gardens,508,30.6,93.3,-37.8134078,144.9794923,ENV,REAL_508,Real sensor series - Fitzroy Gardens - board 508,42,real_sensor_board_508,27.520883733442318,0,normal
2015-01-20 03:30:00+00:00,28.1,Fitzroy Gardens,508,29.5,93.9,-37.8134078,144.9794923,ENV,REAL_508,Real sensor series - Fitzroy Gardens - board 508,42,real_sensor_board_508,27.756706986753855,0,normal
2015-01-20 03:40:00+00:00,29.0,Fitzroy Gardens,508,28.3,94.4,-37.8134078,144.9794923,ENV,REAL_508,Real sensor series - Fitzroy Gardens - board 508,42,real_sensor_board_508,28.005365589403088,0,normal
2015-01-20 03:50:00+00:00,29.0,Fitzroy Gardens,508,28.3,94.6,-37.8134078,144.9794923,ENV,REAL_508,Real sensor series - Fitzroy Gardens - board 508,42,real_sensor_board_508,28.20429247152247,0,normal
2015-01-20 04:00:00+00:00,29.7,Fitzroy Gardens,508,27.5,94.6,-37.8134078,144.9794923,ENV,REAL_508,Real sensor series - Fitzroy Gardens - board 508,42,real_sensor_board_508,28.36343397721798,0,normal
2015-01-20 04:10:00+00:00,29.4,Fitzroy Gardens,508,26.5,94.4,-37.8134078,144.9794923,ENV,REAL_508,Real sensor series - Fitzroy Gardens - board 508,42,real_sensor_board_508,28.570747181774383,0,normal
2015-01-20 04:20:00+00:00,29.7,Fitzroy Gardens,508,27.3,94.2,-37.8134078,144.9794923,ENV,REAL_508,Real sensor series - Fitzroy Gardens - board 508,42,real_sensor_board_508,28.736597745419505,0,normal
2015-01-20 04:30:00+00:00,30.3,Fitzroy Gardens,508,26.7,94.4,-37.8134078,144.9794923,ENV,REAL_508,Real sensor series - Fitzroy Gardens - board 508,42,real_sensor_board_508,28.869278196335603,0,normal
2015-01-20 04:40:00+00:00,30.3,Fitzroy Gardens,508,25.4,93.9,-37.8134078,144.9794923,ENV,REAL_508,Real sensor series - Fitzroy Gardens - board 508,42,real_sensor_board_508,28.975422557068484,0,normal
2015-01-20 04:50:00+00:00,30.3,Fitzroy Gardens,508,25.4,94.0,-37.8134078,144.9794923,ENV,REAL_508,Real sensor series - Fitzroy Gardens - board 508,42,real_sensor_board_508,29.060338045654788,0,normal
2015-01-20 05:00:00+00:00,30.3,Fitzroy Gardens,508,24.5,94.2,-37.8134078,144.9794923,ENV,REAL_508,Real sensor series - Fitzroy Gardens - board 508,42,real_sensor_board_508,29.12827043652383,0,normal
2015-01-20 05:20:00+00:00,30.6,Fitzroy Gardens,508,25.4,93.1,-37.8134078,144.9794923,ENV,REAL_508,Real sensor series - Fitzroy Gardens - board 508,42,real_sensor_board_508,29.182616349219064,0,normal
2015-01-20 05:30:00+00:00,29.7,Fitzroy Gardens,508,24.0,93.0,-37.8134078,144.9794923,ENV,REAL_508,Real sensor series - Fitzroy Gardens - board 508,42,real_sensor_board_508,29.22609307937525,0,normal
2015-01-20 05:45:00+00:00,30.0,Fitzroy Gardens,508,23.7,93.1,-37.8134078,144.9794923,ENV,REAL_508,Real sensor series - Fitzroy Gardens - board 508,42,real_sensor_board_508,29.2608744635002,0,normal
2015-01-20 05:55:00+00:00,30.0,Fitzroy Gardens,508,23.9,92.4,-37.8134078,144.9794923,ENV,REAL_508,Real sensor series - Fitzroy Gardens - board 508,42,real_sensor_board_508,29.288699570800162,0,normal
2015-01-20 06:05:00+00:00,29.4,Fitzroy Gardens,508,23.1,91.6,-37.8134078,144.9794923,ENV,REAL_508,Real sensor series - Fitzroy Gardens - board 508,42,real_sensor_board_508,29.31095965664013,0,normal
2015-01-20 06:15:00+00:00,29.4,Fitzroy Gardens,508,23.9,91.5,-37.8134078,144.9794923,ENV,REAL_508,Real sensor series - Fitzroy Gardens - board 508,42,real_sensor_board_508,29.328767725312105,0,normal
2015-01-20 06:25:00+00:00,29.4,Fitzroy Gardens,508,24.2,90.7,-37.8134078,144.9794923,ENV,REAL_508,Real sensor series - Fitzroy Gardens - board 508,42,real_sensor_board_508,29.343014180249686,0,normal
2015-01-20 06:35:00+00:00,29.0,Fitzroy Gardens,508,23.7,91.4,-37.8134078,144.9794923,ENV,REAL_508,Real sensor series - Fitzroy Gardens - board 508,42,real_sensor_board_508,29.35441134419975,0,normal
2015-01-20 06:45:00+00:00,30.0,Fitzroy Gardens,508,24.0,92.4,-37.8134078,144.9794923,ENV,REAL_508,Real sensor series - Fitzroy Gardens - board 508,42,real_sensor_board_508,29.3635290753598,0,normal
2015-01-20 06:55:00+00:00,29.7,Fitzroy Gardens,508,24.0,91.4,-37.8134078,144.9794923,ENV,REAL_508,Real sensor series - Fitzroy Gardens - board 508,42,real_sensor_board_508,29.37082326028784,0,normal
2015-01-20 07:05:00+00:00,29.4,Fitzroy Gardens,508,24.3,89.4,-37.8134078,144.9794923,ENV,REAL_508,Real sensor series - Fitzroy Gardens - board 508,42,real_sensor_board_508,29.296658608230274,0,normal
2015-01-20 07:15:00+00:00,28.7,Fitzroy Gardens,508,25.0,85.8,-37.8134078,144.9794923,ENV,REAL_508,Real sensor series - Fitzroy Gardens - board 508,42,real_sensor_board_508,29.17732688658422,0,normal
2015-01-20 07:35:00+00:00,28.4,Fitzroy Gardens,508,25.7,88.5,-37.8134078,144.9794923,ENV,REAL_508,Real sensor series - Fitzroy Gardens - board 508,42,real_sensor_board_508,29.021861509267374,0,normal
2015-01-20 07:45:00+00:00,28.4,Fitzroy Gardens,508,25.6,86.8,-37.8134078,144.9794923,ENV,REAL_508,Real sensor series - Fitzroy Gardens - board 508,42,real_sensor_board_508,28.8974892074139,0,normal
2015-01-20 07:55:00+00:00,28.1,Fitzroy Gardens,508,25.1,83.8,-37.8134078,144.9794923,ENV,REAL_508,Real sensor series - Fitzroy Gardens - board 508,42,real_sensor_board_508,28.737991365931123,0,normal
2015-01-20 08:05:00+00:00,27.7,Fitzroy Gardens,508,25.7,84.6,-37.8134078,144.9794923,ENV,REAL_508,Real sensor series - Fitzroy Gardens - board 508,42,real_sensor_board_508,28.530393092744898,0,normal
2015-01-20 08:15:00+00:00,27.7,Fitzroy Gardens,508,26.9,86.1,-37.8134078,144.9794923,ENV,REAL_508,Real sensor series - Fitzroy Gardens - board 508,42,real_sensor_board_508,28.36431447419592,0,normal
2015-01-20 08:25:00+00:00,27.4,Fitzroy Gardens,508,27.2,82.6,-37.8134078,144.9794923,ENV,REAL_508,Real sensor series - Fitzroy Gardens - board 508,42,real_sensor_board_508,28.171451579356738,0,normal
2015-01-20 08:35:00+00:00,27.1,Fitzroy Gardens,508,27.5,80.4,-37.8134078,144.9794923,ENV,REAL_508,Real sensor series - Fitzroy Gardens - board 508,42,real_sensor_board_508,28.01716126348539,0,normal
2015-01-20 08:45:00+00:00,27.4,Fitzroy Gardens,508,26.5,74.8,-37.8134078,144.9794923,ENV,REAL_508,Real sensor series - Fitzroy Gardens - board 508,42,real_sensor_board_508,27.833729010788318,0,normal
2015-01-20 09:00:00+00:00,26.8,Fitzroy Gardens,508,28.1,67.3,-37.8134078,144.9794923,ENV,REAL_508,Real sensor series - Fitzroy Gardens - board 508,42,real_sensor_board_508,27.626983208630655,0,normal
2015-01-20 09:10:00+00:00,25.8,Fitzroy Gardens,508,30.6,63.0,-37.8134078,144.9794923,ENV,REAL_508,Real sensor series - Fitzroy Gardens - board 508,42,real_sensor_board_508,27.261586566904526,0,normal
2015-01-20 09:20:00+00:00,25.8,Fitzroy Gardens,508,32.2,56.5,-37.8134078,144.9794923,ENV,REAL_508,Real sensor series - Fitzroy Gardens - board 508,42,real_sensor_board_508,26.969269253523624,0,normal
2015-01-20 09:30:00+00:00,25.5,Fitzroy Gardens,508,33.0,45.0,-37.8134078,144.9794923,ENV,REAL_508,Real sensor series - Fitzroy Gardens - board 508,42,real_sensor_board_508,26.675415402818903,1,weak_multivariate_excursion
2015-01-20 09:40:00+00:00,25.2,Fitzroy Gardens,508,33.9,26.5,-37.8134078,144.9794923,ENV,REAL_508,Real sensor series - Fitzroy Gardens - board 508,42,real_sensor_board_508,26.38033232225512,1,weak_multivariate_excursion
2015-01-20 09:50:00+00:00,24.5,Fitzroy Gardens,508,34.6,14.8,-37.8134078,144.9794923,ENV,REAL_508,Real sensor series - Fitzroy Gardens - board 508,42,real_sensor_board_508,26.0042658578041,1,weak_multivariate_excursion
2015-01-20 10:00:00+00:00,24.2,Fitzroy Gardens,508,35.8,6.1,-37.8134078,144.9794923,ENV,REAL_508,Real sensor series - Fitzroy Gardens - board 508,42,real_sensor_board_508,25.64341268624328,0,normal
2015-01-20 10:10:00+00:00,23.9,Fitzroy Gardens,508,37.3,2.2,-37.8134078,144.9794923,ENV,REAL_508,Real sensor series - Fitzroy Gardens - board 508,42,real_sensor_board_508,25.354730148994626,0,normal
2015-01-20 10:20:00+00:00,24.2,Fitzroy Gardens,508,36.3,1.7,-37.8134078,144.9794923,ENV,REAL_508,Real sensor series - Fitzroy Gardens - board 508,42,real_sensor_board_508,25.063784119195702,0,normal
2015-01-20 10:30:00+00:00,23.9,Fitzroy Gardens,508,37.1,1.6,-37.8134078,144.9794923,ENV,REAL_508,Real sensor series - Fitzroy Gardens - board 508,42,real_sensor_board_508,24.831027295356563,0,normal
2015-01-20 10:40:00+00:00,23.5,Fitzroy Gardens,508,38.0,1.6,-37.8134078,144.9794923,ENV,REAL_508,Real sensor series - Fitzroy Gardens - board 508,42,real_sensor_board_508,24.56482183628525,0,normal
2015-01-20 10:50:00+00:00,23.5,Fitzroy Gardens,508,39.3,1.6,-37.8134078,144.9794923,ENV,REAL_508,Real sensor series - Fitzroy Gardens - board 508,42,real_sensor_board_508,24.3518574690282,0,normal
2015-01-20 11:00:00+00:00,22.9,Fitzroy Gardens,508,40.4,1.6,-37.8134078,144.9794923,ENV,REAL_508,Real sensor series - Fitzroy Gardens - board 508,42,real_sensor_board_508,24.06148597522256,0,normal
2015-01-20 11:10:00+00:00,22.9,Fitzroy Gardens,508,41.7,1.7,-37.8134078,144.9794923,ENV,REAL_508,Real sensor series - Fitzroy Gardens - board 508,42,real_sensor_board_508,23.82918878017805,0,normal
2015-01-20 11:20:00+00:00,22.6,Fitzroy Gardens,508,41.7,1.7,-37.8134078,144.9794923,ENV,REAL_508,Real sensor series - Fitzroy Gardens - board 508,42,real_sensor_board_508,23.64335102414244,0,normal
2015-01-20 11:30:00+00:00,22.6,Fitzroy Gardens,508,42.6,1.7,-37.8134078,144.9794923,ENV,REAL_508,Real sensor series - Fitzroy Gardens - board 508,42,real_sensor_board_508,23.434680819313954,0,normal
2015-01-20 11:40:00+00:00,22.6,Fitzroy Gardens,508,42.9,1.7,-37.8134078,144.9794923,ENV,REAL_508,Real sensor series - Fitzroy Gardens - board 508,42,real_sensor_board_508,23.267744655451164,0,normal
2015-01-20 11:50:00+00:00,22.3,Fitzroy Gardens,508,43.7,1.7,-37.8134078,144.9794923,ENV,REAL_508,Real sensor series - Fitzroy Gardens - board 508,42,real_sensor_board_508,23.134195724360932,0,normal
2015-01-20 12:05:00+00:00,22.3,Fitzroy Gardens,508,45.3,1.6,-37.8134078,144.9794923,ENV,REAL_508,Real sensor series - Fitzroy Gardens - board 508,42,real_sensor_board_508,23.027356579488746,0,normal
2015-01-20 12:15:00+00:00,22.3,Fitzroy Gardens,508,45.3,1.7,-37.8134078,144.9794923,ENV,REAL_508,Real sensor series - Fitzroy Gardens - board 508,42,real_sensor_board_508,22.941885263590997,0,normal
2015-01-20 12:25:00+00:00,22.9,Fitzroy Gardens,508,42.5,1.7,-37.8134078,144.9794923,ENV,REAL_508,Real sensor series - Fitzroy Gardens - board 508,42,real_sensor_board_508,22.8135082108728,0,normal
2015-01-20 12:35:00+00:00,22.6,Fitzroy Gardens,508,42.9,1.6,-37.8134078,144.9794923,ENV,REAL_508,Real sensor series - Fitzroy Gardens - board 508,42,real_sensor_board_508,22.710806568698242,0,normal
2015-01-20 12:45:00+00:00,21.9,Fitzroy Gardens,508,45.0,1.7,-37.8134078,144.9794923,ENV,REAL_508,Real sensor series - Fitzroy Gardens - board 508,42,real_sensor_board_508,22.628645254958595,0,normal
2015-01-20 12:55:00+00:00,21.9,Fitzroy Gardens,508,44.0,1.7,-37.8134078,144.9794923,ENV,REAL_508,Real sensor series - Fitzroy Gardens - board 508,42,real_sensor_board_508,22.56291620396688,0,normal
2015-01-20 13:05:00+00:00,21.9,Fitzroy Gardens,508,44.8,1.7,-37.8134078,144.9794923,ENV,REAL_508,Real sensor series - Fitzroy Gardens - board 508,42,real_sensor_board_508,22.510332963173504,0,normal
2015-01-20 13:15:00+00:00,21.9,Fitzroy Gardens,508,44.5,1.7,-37.8134078,144.9794923,ENV,REAL_508,Real sensor series - Fitzroy Gardens - board 508,42,real_sensor_board_508,22.3882663705388,0,normal
2015-01-20 13:25:00+00:00,22.6,Fitzroy Gardens,508,43.3,1.6,-37.8134078,144.9794923,ENV,REAL_508,Real sensor series - Fitzroy Gardens - board 508,42,real_sensor_board_508,22.29061309643104,0,normal
2015-01-20 13:35:00+00:00,22.3,Fitzroy Gardens,508,44.8,1.6,-37.8134078,144.9794923,ENV,REAL_508,Real sensor series - Fitzroy Gardens - board 508,42,real_sensor_board_508,22.212490477144833,0,normal
2015-01-20 13:45:00+00:00,21.9,Fitzroy Gardens,508,46.2,1.6,-37.8134078,144.9794923,ENV,REAL_508,Real sensor series - Fitzroy Gardens - board 508,42,real_sensor_board_508,22.149992381715865,0,normal
2015-01-20 13:55:00+00:00,21.9,Fitzroy Gardens,508,45.1,1.7,-37.8134078,144.9794923,ENV,REAL_508,Real sensor series - Fitzroy Gardens - board 508,42,real_sensor_board_508,22.099993905372692,0,normal
2015-01-20 14:05:00+00:00,22.3,Fitzroy Gardens,508,43.7,1.7,-37.8134078,144.9794923,ENV,REAL_508,Real sensor series - Fitzroy Gardens - board 508,42,real_sensor_board_508,22.059995124298155,0,normal
2015-01-20 14:15:00+00:00,21.9,Fitzroy Gardens,508,44.2,1.6,-37.8134078,144.9794923,ENV,REAL_508,Real sensor series - Fitzroy Gardens - board 508,42,real_sensor_board_508,22.027996099438525,0,normal
2015-01-20 14:25:00+00:00,21.9,Fitzroy Gardens,508,43.6,1.6,-37.8134078,144.9794923,ENV,REAL_508,Real sensor series - Fitzroy Gardens - board 508,42,real_sensor_board_508,22.00239687955082,0,normal
2015-01-20 14:35:00+00:00,21.6,Fitzroy Gardens,508,44.7,1.6,-37.8134078,144.9794923,ENV,REAL_508,Real sensor series - Fitzroy Gardens - board 508,42,real_sensor_board_508,21.921917503640657,0,normal
2015-01-20 14:45:00+00:00,21.3,Fitzroy Gardens,508,49.2,1.6,-37.8134078,144.9794923,ENV,REAL_508,Real sensor series - Fitzroy Gardens - board 508,42,real_sensor_board_508,21.797534002912528,0,normal
2015-01-20 14:55:00+00:00,20.6,Fitzroy Gardens,508,51.8,1.7,-37.8134078,144.9794923,ENV,REAL_508,Real sensor series - Fitzroy Gardens - board 508,42,real_sensor_board_508,21.558027202330024,0,normal
2015-01-20 15:05:00+00:00,20.6,Fitzroy Gardens,508,52.6,1.7,-37.8134078,144.9794923,ENV,REAL_508,Real sensor series - Fitzroy Gardens - board 508,42,real_sensor_board_508,21.36642176186402,0,normal
2015-01-20 15:20:00+00:00,20.3,Fitzroy Gardens,508,53.2,1.7,-37.8134078,144.9794923,ENV,REAL_508,Real sensor series - Fitzroy Gardens - board 508,42,real_sensor_board_508,21.153137409491215,0,normal
2015-01-20 15:30:00+00:00,20.0,Fitzroy Gardens,508,53.5,1.7,-37.8134078,144.9794923,ENV,REAL_508,Real sensor series - Fitzroy Gardens - board 508,42,real_sensor_board_508,20.98250992759297,0,normal
2015-01-20 15:40:00+00:00,20.3,Fitzroy Gardens,508,51.8,1.7,-37.8134078,144.9794923,ENV,REAL_508,Real sensor series - Fitzroy Gardens - board 508,42,real_sensor_board_508,20.84600794207438,0,normal
2015-01-20 15:50:00+00:00,20.3,Fitzroy Gardens,508,49.6,1.7,-37.8134078,144.9794923,ENV,REAL_508,Real sensor series - Fitzroy Gardens - board 508,42,real_sensor_board_508,20.736806353659503,0,normal
2015-01-20 16:00:00+00:00,20.3,Fitzroy Gardens,508,48.0,1.7,-37.8134078,144.9794923,ENV,REAL_508,Real sensor series - Fitzroy Gardens - board 508,42,real_sensor_board_508,20.589445082927604,0,normal
2015-01-20 16:10:00+00:00,20.0,Fitzroy Gardens,508,47.0,1.7,-37.8134078,144.9794923,ENV,REAL_508,Real sensor series - Fitzroy Gardens - board 508,42,real_sensor_board_508,20.471556066342085,0,normal
2015-01-20 16:20:00+00:00,19.7,Fitzroy Gardens,508,46.7,1.7,-37.8134078,144.9794923,ENV,REAL_508,Real sensor series - Fitzroy Gardens - board 508,42,real_sensor_board_508,20.31724485307367,0,normal
2015-01-20 16:30:00+00:00,19.7,Fitzroy Gardens,508,46.4,1.7,-37.8134078,144.9794923,ENV,REAL_508,Real sensor series - Fitzroy Gardens - board 508,42,real_sensor_board_508,20.19379588245894,0,normal
2015-01-20 16:40:00+00:00,19.7,Fitzroy Gardens,508,44.5,1.7,-37.8134078,144.9794923,ENV,REAL_508,Real sensor series - Fitzroy Gardens - board 508,42,real_sensor_board_508,20.095036705967154,0,normal
2015-01-20 16:50:00+00:00,19.4,Fitzroy Gardens,508,44.7,1.7,-37.8134078,144.9794923,ENV,REAL_508,Real sensor series - Fitzroy Gardens - board 508,42,real_sensor_board_508,19.956029364773723,0,normal
2015-01-20 17:00:00+00:00,19.4,Fitzroy Gardens,508,44.7,1.7,-37.8134078,144.9794923,ENV,REAL_508,Real sensor series - Fitzroy Gardens - board 508,42,real_sensor_board_508,19.84482349181898,0,normal
2015-01-20 17:10:00+00:00,19.4,Fitzroy Gardens,508,44.7,1.7,-37.8134078,144.9794923,ENV,REAL_508,Real sensor series - Fitzroy Gardens - board 508,42,real_sensor_board_508,19.755858793455182,0,normal
2015-01-20 17:20:00+00:00,19.4,Fitzroy Gardens,508,45.6,1.8,-37.8134078,144.9794923,ENV,REAL_508,Real sensor series - Fitzroy Gardens - board 508,42,real_sensor_board_508,19.684687034764146,0,normal
2015-01-20 17:30:00+00:00,19.0,Fitzroy Gardens,508,46.1,1.8,-37.8134078,144.9794923,ENV,REAL_508,Real sensor series - Fitzroy Gardens - board 508,42,real_sensor_board_508,19.627749627811315,0,normal
2015-01-20 17:40:00+00:00,19.0,Fitzroy Gardens,508,46.7,1.7,-37.8134078,144.9794923,ENV,REAL_508,Real sensor series - Fitzroy Gardens - board 508,42,real_sensor_board_508,19.582199702249053,0,normal
2015-01-20 17:50:00+00:00,19.0,Fitzroy Gardens,508,47.3,1.8,-37.8134078,144.9794923,ENV,REAL_508,Real sensor series - Fitzroy Gardens - board 508,42,real_sensor_board_508,19.545759761799243,0,normal
2015-01-20 18:10:00+00:00,19.0,Fitzroy Gardens,508,47.5,1.8,-37.8134078,144.9794923,ENV,REAL_508,Real sensor series - Fitzroy Gardens - board 508,42,real_sensor_board_508,19.516607809439396,0,normal
2015-01-20 18:20:00+00:00,19.0,Fitzroy Gardens,508,46.9,1.8,-37.8134078,144.9794923,ENV,REAL_508,Real sensor series - Fitzroy Gardens - board 508,42,real_sensor_board_508,19.493286247551517,0,normal
2015-01-20 18:35:00+00:00,19.0,Fitzroy Gardens,508,46.2,1.7,-37.8134078,144.9794923,ENV,REAL_508,Real sensor series - Fitzroy Gardens - board 508,42,real_sensor_board_508,19.474628998041215,0,normal
2015-01-20 18:45:00+00:00,18.7,Fitzroy Gardens,508,46.9,1.9,-37.8134078,144.9794923,ENV,REAL_508,Real sensor series - Fitzroy Gardens - board 508,42,real_sensor_board_508,19.459703198432972,0,normal
2015-01-20 18:55:00+00:00,18.7,Fitzroy Gardens,508,47.8,2.3,-37.8134078,144.9794923,ENV,REAL_508,Real sensor series - Fitzroy Gardens - board 508,42,real_sensor_board_508,19.44776255874638,0,normal
2015-01-20 19:05:00+00:00,19.0,Fitzroy Gardens,508,47.2,6.3,-37.8134078,144.9794923,ENV,REAL_508,Real sensor series - Fitzroy Gardens - board 508,42,real_sensor_board_508,19.438210046997103,0,normal
2015-01-20 19:15:00+00:00,18.7,Fitzroy Gardens,508,47.7,18.7,-37.8134078,144.9794923,ENV,REAL_508,Real sensor series - Fitzroy Gardens - board 508,42,real_sensor_board_508,19.430568037597684,0,normal
2015-01-20 19:25:00+00:00,18.7,Fitzroy Gardens,508,48.5,33.5,-37.8134078,144.9794923,ENV,REAL_508,Real sensor series - Fitzroy Gardens - board 508,42,real_sensor_board_508,19.424454430078146,0,normal
2015-01-20 19:35:00+00:00,18.7,Fitzroy Gardens,508,47.7,49.6,-37.8134078,144.9794923,ENV,REAL_508,Real sensor series - Fitzroy Gardens - board 508,42,real_sensor_board_508,19.419563544062516,0,normal
2015-01-20 19:45:00+00:00,19.0,Fitzroy Gardens,508,47.0,57.7,-37.8134078,144.9794923,ENV,REAL_508,Real sensor series - Fitzroy Gardens - board 508,42,real_sensor_board_508,19.415650835250013,0,normal
2015-01-20 19:55:00+00:00,19.4,Fitzroy Gardens,508,46.1,65.3,-37.8134078,144.9794923,ENV,REAL_508,Real sensor series - Fitzroy Gardens - board 508,42,real_sensor_board_508,19.41252066820001,0,normal
2015-01-20 20:05:00+00:00,19.4,Fitzroy Gardens,508,46.7,73.0,-37.8134078,144.9794923,ENV,REAL_508,Real sensor series - Fitzroy Gardens - board 508,42,real_sensor_board_508,19.410016534560008,0,normal
2015-01-20 20:25:00+00:00,19.7,Fitzroy Gardens,508,47.0,80.8,-37.8134078,144.9794923,ENV,REAL_508,Real sensor series - Fitzroy Gardens - board 508,42,real_sensor_board_508,19.468013227648008,0,normal
2015-01-20 20:35:00+00:00,20.0,Fitzroy Gardens,508,44.8,83.7,-37.8134078,144.9794923,ENV,REAL_508,Real sensor series - Fitzroy Gardens - board 508,42,real_sensor_board_508,19.574410582118407,0,normal
2015-01-20 20:45:00+00:00,20.3,Fitzroy Gardens,508,44.5,84.4,-37.8134078,144.9794923,ENV,REAL_508,Real sensor series - Fitzroy Gardens - board 508,42,real_sensor_board_508,19.71952846569473,0,normal
2015-01-20 20:55:00+00:00,20.3,Fitzroy Gardens,508,44.2,85.6,-37.8134078,144.9794923,ENV,REAL_508,Real sensor series - Fitzroy Gardens - board 508,42,real_sensor_board_508,19.835622772555787,0,normal
2015-01-20 21:05:00+00:00,20.3,Fitzroy Gardens,508,45.3,85.2,-37.8134078,144.9794923,ENV,REAL_508,Real sensor series - Fitzroy Gardens - board 508,42,real_sensor_board_508,19.92849821804463,0,normal
2015-01-20 21:15:00+00:00,20.6,Fitzroy Gardens,508,45.8,87.7,-37.8134078,144.9794923,ENV,REAL_508,Real sensor series - Fitzroy Gardens - board 508,42,real_sensor_board_508,20.062798574435707,0,normal
2015-01-20 21:25:00+00:00,21.3,Fitzroy Gardens,508,45.5,88.9,-37.8134078,144.9794923,ENV,REAL_508,Real sensor series - Fitzroy Gardens - board 508,42,real_sensor_board_508,20.31023885954857,0,normal
2015-01-20 21:35:00+00:00,21.6,Fitzroy Gardens,508,45.8,89.3,-37.8134078,144.9794923,ENV,REAL_508,Real sensor series - Fitzroy Gardens - board 508,42,real_sensor_board_508,20.568191087638855,0,normal
2015-01-20 21:50:00+00:00,21.9,Fitzroy Gardens,508,45.0,90.2,-37.8134078,144.9794923,ENV,REAL_508,Real sensor series - Fitzroy Gardens - board 508,42,real_sensor_board_508,20.834552870111082,0,normal
2015-01-20 22:00:00+00:00,22.3,Fitzroy Gardens,508,44.8,88.4,-37.8134078,144.9794923,ENV,REAL_508,Real sensor series - Fitzroy Gardens - board 508,42,real_sensor_board_508,21.12764229608887,0,normal
2015-01-20 22:10:00+00:00,22.3,Fitzroy Gardens,508,46.4,93.1,-37.8134078,144.9794923,ENV,REAL_508,Real sensor series - Fitzroy Gardens - board 508,42,real_sensor_board_508,21.362113836871096,0,normal
2015-01-20 22:20:00+00:00,23.9,Fitzroy Gardens,508,42.1,93.1,-37.8134078,144.9794923,ENV,REAL_508,Real sensor series - Fitzroy Gardens - board 508,42,real_sensor_board_508,21.869691069496877,0,normal
2015-01-20 22:30:00+00:00,24.8,Fitzroy Gardens,508,40.1,93.2,-37.8134078,144.9794923,ENV,REAL_508,Real sensor series - Fitzroy Gardens - board 508,42,real_sensor_board_508,22.455752855597503,0,normal
2015-01-20 22:40:00+00:00,25.5,Fitzroy Gardens,508,39.0,93.5,-37.8134078,144.9794923,ENV,REAL_508,Real sensor series - Fitzroy Gardens - board 508,42,real_sensor_board_508,23.064602284478003,0,normal
2015-01-20 22:50:00+00:00,26.5,Fitzroy Gardens,508,34.9,93.6,-37.8134078,144.9794923,ENV,REAL_508,Real sensor series - Fitzroy Gardens - board 508,42,real_sensor_board_508,23.751681827582402,0,normal
2015-01-20 23:00:00+00:00,27.7,Fitzroy Gardens,508,32.8,93.8,-37.8134078,144.9794923,ENV,REAL_508,Real sensor series - Fitzroy Gardens - board 508,42,real_sensor_board_508,24.541345462065923,0,normal
2015-01-20 23:10:00+00:00,27.7,Fitzroy Gardens,508,30.3,94.0,-37.8134078,144.9794923,ENV,REAL_508,Real sensor series - Fitzroy Gardens - board 508,42,real_sensor_board_508,25.17307636965274,0,normal
2015-01-20 23:20:00+00:00,28.1,Fitzroy Gardens,508,30.0,94.1,-37.8134078,144.9794923,ENV,REAL_508,Real sensor series - Fitzroy Gardens - board 508,42,real_sensor_board_508,25.758461095722193,0,normal
2015-01-20 23:30:00+00:00,29.0,Fitzroy Gardens,508,31.6,94.2,-37.8134078,144.9794923,ENV,REAL_508,Real sensor series - Fitzroy Gardens - board 508,42,real_sensor_board_508,26.346768876577755,0,normal
2015-01-20 23:40:00+00:00,28.7,Fitzroy Gardens,508,31.1,94.4,-37.8134078,144.9794923,ENV,REAL_508,Real sensor series - Fitzroy Gardens - board 508,42,real_sensor_board_508,26.877415101262205,0,normal
2015-01-20 23:50:00+00:00,30.0,Fitzroy Gardens,508,30.8,94.6,-37.8134078,144.9794923,ENV,REAL_508,Real sensor series - Fitzroy Gardens - board 508,42,real_sensor_board_508,27.301932081009767,0,normal
2015-01-21 00:00:00+00:00,29.0,Fitzroy Gardens,508,30.0,94.9,-37.8134078,144.9794923,ENV,REAL_508,Real sensor series - Fitzroy Gardens - board 508,42,real_sensor_board_508,27.841545664807814,1,weak_multivariate_excursion
2015-01-21 00:10:00+00:00,31.9,Fitzroy Gardens,508,29.1,95.7,-37.8134078,144.9794923,ENV,REAL_508,Real sensor series - Fitzroy Gardens - board 508,42,real_sensor_board_508,28.333236531846254,1,weak_multivariate_excursion
2015-01-21 00:20:00+00:00,31.9,Fitzroy Gardens,508,26.9,95.4,-37.8134078,144.9794923,ENV,REAL_508,Real sensor series - Fitzroy Gardens - board 508,42,real_sensor_board_508,28.926589225477006,1,weak_multivariate_excursion
2015-01-21 00:30:00+00:00,32.9,Fitzroy Gardens,508,26.5,95.4,-37.8134078,144.9794923,ENV,REAL_508,Real sensor series - Fitzroy Gardens - board 508,42,real_sensor_board_508,29.461271380381607,0,normal
2015-01-21 00:40:00+00:00,32.9,Fitzroy Gardens,508,25.9,95.6,-37.8134078,144.9794923,ENV,REAL_508,Real sensor series - Fitzroy Gardens - board 508,42,real_sensor_board_508,29.949017104305288,0,normal
2015-01-21 00:55:00+00:00,33.2,Fitzroy Gardens,508,26.1,95.8,-37.8134078,144.9794923,ENV,REAL_508,Real sensor series - Fitzroy Gardens - board 508,42,real_sensor_board_508,30.339213683444232,0,normal
2015-01-21 01:05:00+00:00,31.6,Fitzroy Gardens,508,25.3,95.9,-37.8134078,144.9794923,ENV,REAL_508,Real sensor series - Fitzroy Gardens - board 508,42,real_sensor_board_508,30.651370946755385,0,normal
2015-01-21 01:15:00+00:00,31.9,Fitzroy Gardens,508,26.1,96.0,-37.8134078,144.9794923,ENV,REAL_508,Real sensor series - Fitzroy Gardens - board 508,42,real_sensor_board_508,30.901096757404307,0,normal
2015-01-21 01:25:00+00:00,32.3,Fitzroy Gardens,508,26.4,96.2,-37.8134078,144.9794923,ENV,REAL_508,Real sensor series - Fitzroy Gardens - board 508,42,real_sensor_board_508,31.100877405923445,0,normal
2015-01-21 01:35:00+00:00,32.3,Fitzroy Gardens,508,25.1,96.3,-37.8134078,144.9794923,ENV,REAL_508,Real sensor series - Fitzroy Gardens - board 508,42,real_sensor_board_508,31.260701924738758,0,normal
2015-01-21 01:45:00+00:00,32.6,Fitzroy Gardens,508,25.4,95.4,-37.8134078,144.9794923,ENV,REAL_508,Real sensor series - Fitzroy Gardens - board 508,42,real_sensor_board_508,31.388561539791006,0,normal
2015-01-21 01:55:00+00:00,30.3,Fitzroy Gardens,508,26.2,93.0,-37.8134078,144.9794923,ENV,REAL_508,Real sensor series - Fitzroy Gardens - board 508,42,real_sensor_board_508,31.490849231832804,0,normal
2015-01-21 02:05:00+00:00,33.5,Fitzroy Gardens,508,23.4,96.3,-37.8134078,144.9794923,ENV,REAL_508,Real sensor series - Fitzroy Gardens - board 508,42,real_sensor_board_508,31.572679385466245,0,normal
2015-01-21 02:15:00+00:00,31.9,Fitzroy Gardens,508,23.7,96.0,-37.8134078,144.9794923,ENV,REAL_508,Real sensor series - Fitzroy Gardens - board 508,42,real_sensor_board_508,31.638143508372995,0,normal
2015-01-21 02:25:00+00:00,31.3,Fitzroy Gardens,508,25.4,92.9,-37.8134078,144.9794923,ENV,REAL_508,Real sensor series - Fitzroy Gardens - board 508,42,real_sensor_board_508,31.690514806698395,0,normal
2015-01-21 02:35:00+00:00,33.9,Fitzroy Gardens,508,25.4,96.4,-37.8134078,144.9794923,ENV,REAL_508,Real sensor series - Fitzroy Gardens - board 508,42,real_sensor_board_508,31.732411845358715,0,normal
2015-01-21 02:45:00+00:00,34.2,Fitzroy Gardens,508,23.4,96.3,-37.8134078,144.9794923,ENV,REAL_508,Real sensor series - Fitzroy Gardens - board 508,42,real_sensor_board_508,31.765929476286974,0,normal
2015-01-21 02:55:00+00:00,33.5,Fitzroy Gardens,508,22.6,96.2,-37.8134078,144.9794923,ENV,REAL_508,Real sensor series - Fitzroy Gardens - board 508,42,real_sensor_board_508,31.87274358102958,0,normal
2015-01-21 03:05:00+00:00,32.3,Fitzroy Gardens,508,24.6,95.9,-37.8134078,144.9794923,ENV,REAL_508,Real sensor series - Fitzroy Gardens - board 508,42,real_sensor_board_508,31.958194864823668,0,normal
2015-01-21 03:15:00+00:00,31.9,Fitzroy Gardens,508,23.5,92.4,-37.8134078,144.9794923,ENV,REAL_508,Real sensor series - Fitzroy Gardens - board 508,42,real_sensor_board_508,32.02655589185893,0,normal
2015-01-21 03:25:00+00:00,31.3,Fitzroy Gardens,508,25.7,92.3,-37.8134078,144.9794923,ENV,REAL_508,Real sensor series - Fitzroy Gardens - board 508,42,real_sensor_board_508,32.081244713487145,0,normal
2015-01-21 03:35:00+00:00,31.0,Fitzroy Gardens,508,26.7,91.8,-37.8134078,144.9794923,ENV,REAL_508,Real sensor series - Fitzroy Gardens - board 508,42,real_sensor_board_508,32.04499577078972,0,normal
2015-01-21 03:45:00+00:00,31.6,Fitzroy Gardens,508,25.1,93.4,-37.8134078,144.9794923,ENV,REAL_508,Real sensor series - Fitzroy Gardens - board 508,42,real_sensor_board_508,32.09599661663177,0,normal
2015-01-21 03:55:00+00:00,33.2,Fitzroy Gardens,508,23.9,94.7,-37.8134078,144.9794923,ENV,REAL_508,Real sensor series - Fitzroy Gardens - board 508,42,real_sensor_board_508,32.13679729330542,0,normal
2015-01-21 04:10:00+00:00,32.6,Fitzroy Gardens,508,22.9,94.7,-37.8134078,144.9794923,ENV,REAL_508,Real sensor series - Fitzroy Gardens - board 508,42,real_sensor_board_508,32.089437834644336,0,normal
2015-01-21 04:20:00+00:00,31.9,Fitzroy Gardens,508,23.4,91.8,-37.8134078,144.9794923,ENV,REAL_508,Real sensor series - Fitzroy Gardens - board 508,42,real_sensor_board_508,32.05155026771547,0,normal
2015-01-21 04:30:00+00:00,32.6,Fitzroy Gardens,508,22.8,90.3,-37.8134078,144.9794923,ENV,REAL_508,Real sensor series - Fitzroy Gardens - board 508,42,real_sensor_board_508,32.02124021417238,0,normal
2015-01-21 04:40:00+00:00,32.6,Fitzroy Gardens,508,23.2,93.7,-37.8134078,144.9794923,ENV,REAL_508,Real sensor series - Fitzroy Gardens - board 508,42,real_sensor_board_508,31.996992171337904,0,normal
2015-01-21 04:50:00+00:00,30.3,Fitzroy Gardens,508,24.3,89.7,-37.8134078,144.9794923,ENV,REAL_508,Real sensor series - Fitzroy Gardens - board 508,42,real_sensor_board_508,31.977593737070325,0,normal
2015-01-21 05:00:00+00:00,30.0,Fitzroy Gardens,508,24.3,91.7,-37.8134078,144.9794923,ENV,REAL_508,Real sensor series - Fitzroy Gardens - board 508,42,real_sensor_board_508,31.962074989656262,0,normal
2015-01-21 05:10:00+00:00,30.3,Fitzroy Gardens,508,24.8,92.7,-37.8134078,144.9794923,ENV,REAL_508,Real sensor series - Fitzroy Gardens - board 508,42,real_sensor_board_508,31.94965999172501,0,normal
2015-01-21 05:20:00+00:00,30.6,Fitzroy Gardens,508,24.2,93.3,-37.8134078,144.9794923,ENV,REAL_508,Real sensor series - Fitzroy Gardens - board 508,42,real_sensor_board_508,31.939727993380007,0,normal
2015-01-21 05:30:00+00:00,32.3,Fitzroy Gardens,508,23.2,93.5,-37.8134078,144.9794923,ENV,REAL_508,Real sensor series - Fitzroy Gardens - board 508,42,real_sensor_board_508,31.871782394704006,0,normal
2015-01-21 05:40:00+00:00,32.3,Fitzroy Gardens,508,22.4,92.8,-37.8134078,144.9794923,ENV,REAL_508,Real sensor series - Fitzroy Gardens - board 508,42,real_sensor_board_508,31.817425915763206,0,normal
2015-01-21 05:50:00+00:00,32.3,Fitzroy Gardens,508,22.1,91.9,-37.8134078,144.9794923,ENV,REAL_508,Real sensor series - Fitzroy Gardens - board 508,42,real_sensor_board_508,31.773940732610566,0,normal
2015-01-21 06:00:00+00:00,31.6,Fitzroy Gardens,508,23.9,91.3,-37.8134078,144.9794923,ENV,REAL_508,Real sensor series - Fitzroy Gardens - board 508,42,real_sensor_board_508,31.679152586088456,0,normal
2015-01-21 06:10:00+00:00,31.6,Fitzroy Gardens,508,23.9,91.3,-37.8134078,144.9794923,ENV,REAL_508,Real sensor series - Fitzroy Gardens - board 508,42,real_sensor_board_508,31.603322068870767,0,normal
2015-01-21 06:20:00+00:00,32.3,Fitzroy Gardens,508,25.3,91.4,-37.8134078,144.9794923,ENV,REAL_508,Real sensor series - Fitzroy Gardens - board 508,42,real_sensor_board_508,31.542657655096615,0,normal
2015-01-21 06:30:00+00:00,31.9,Fitzroy Gardens,508,24.0,91.7,-37.8134078,144.9794923,ENV,REAL_508,Real sensor series - Fitzroy Gardens - board 508,42,real_sensor_board_508,31.494126124077294,0,normal
2015-01-21 06:40:00+00:00,31.9,Fitzroy Gardens,508,24.3,91.2,-37.8134078,144.9794923,ENV,REAL_508,Real sensor series - Fitzroy Gardens - board 508,42,real_sensor_board_508,31.395300899261837,0,normal
2015-01-21 06:50:00+00:00,31.9,Fitzroy Gardens,508,25.1,89.8,-37.8134078,144.9794923,ENV,REAL_508,Real sensor series - Fitzroy Gardens - board 508,42,real_sensor_board_508,31.31624071940947,0,normal
2015-01-21 07:00:00+00:00,31.0,Fitzroy Gardens,508,27.8,90.5,-37.8134078,144.9794923,ENV,REAL_508,Real sensor series - Fitzroy Gardens - board 508,42,real_sensor_board_508,31.25299257552758,0,normal
2015-01-21 07:10:00+00:00,31.0,Fitzroy Gardens,508,28.7,90.5,-37.8134078,144.9794923,ENV,REAL_508,Real sensor series - Fitzroy Gardens - board 508,42,real_sensor_board_508,31.202394060422062,0,normal
2015-01-21 07:25:00+00:00,31.0,Fitzroy Gardens,508,28.4,88.5,-37.8134078,144.9794923,ENV,REAL_508,Real sensor series - Fitzroy Gardens - board 508,42,real_sensor_board_508,31.16191524833765,0,normal
2015-01-21 07:35:00+00:00,31.3,Fitzroy Gardens,508,28.4,88.2,-37.8134078,144.9794923,ENV,REAL_508,Real sensor series - Fitzroy Gardens - board 508,42,real_sensor_board_508,31.12953219867012,0,normal
2015-01-21 07:45:00+00:00,31.0,Fitzroy Gardens,508,27.2,88.5,-37.8134078,144.9794923,ENV,REAL_508,Real sensor series - Fitzroy Gardens - board 508,42,real_sensor_board_508,31.103625758936097,0,normal
2015-01-21 07:55:00+00:00,31.3,Fitzroy Gardens,508,25.6,90.6,-37.8134078,144.9794923,ENV,REAL_508,Real sensor series - Fitzroy Gardens - board 508,42,real_sensor_board_508,31.08290060714888,0,normal
2015-01-21 08:05:00+00:00,31.0,Fitzroy Gardens,508,26.4,85.4,-37.8134078,144.9794923,ENV,REAL_508,Real sensor series - Fitzroy Gardens - board 508,42,real_sensor_board_508,31.066320485719103,0,normal
2015-01-21 08:15:00+00:00,30.6,Fitzroy Gardens,508,26.4,85.2,-37.8134078,144.9794923,ENV,REAL_508,Real sensor series - Fitzroy Gardens - board 508,42,real_sensor_board_508,30.973056388575284,0,normal
2015-01-21 08:25:00+00:00,30.6,Fitzroy Gardens,508,27.0,88.7,-37.8134078,144.9794923,ENV,REAL_508,Real sensor series - Fitzroy Gardens - board 508,42,real_sensor_board_508,30.89844511086023,0,normal
2015-01-21 08:35:00+00:00,30.3,Fitzroy Gardens,508,28.3,84.0,-37.8134078,144.9794923,ENV,REAL_508,Real sensor series - Fitzroy Gardens - board 508,42,real_sensor_board_508,30.778756088688183,0,normal
2015-01-21 08:45:00+00:00,30.0,Fitzroy Gardens,508,29.7,82.6,-37.8134078,144.9794923,ENV,REAL_508,Real sensor series - Fitzroy Gardens - board 508,42,real_sensor_board_508,30.62300487095055,0,normal
2015-01-21 08:55:00+00:00,29.7,Fitzroy Gardens,508,31.0,80.3,-37.8134078,144.9794923,ENV,REAL_508,Real sensor series - Fitzroy Gardens - board 508,42,real_sensor_board_508,30.43840389676044,0,normal
2015-01-21 09:15:00+00:00,29.0,Fitzroy Gardens,508,32.4,71.7,-37.8134078,144.9794923,ENV,REAL_508,Real sensor series - Fitzroy Gardens - board 508,42,real_sensor_board_508,30.150723117408354,0,normal
2015-01-21 09:25:00+00:00,28.4,Fitzroy Gardens,508,33.9,67.0,-37.8134078,144.9794923,ENV,REAL_508,Real sensor series - Fitzroy Gardens - board 508,42,real_sensor_board_508,29.800578493926686,0,normal
2015-01-21 09:35:00+00:00,28.4,Fitzroy Gardens,508,35.4,56.3,-37.8134078,144.9794923,ENV,REAL_508,Real sensor series - Fitzroy Gardens - board 508,42,real_sensor_board_508,29.52046279514135,1,weak_multivariate_excursion
2015-01-21 09:45:00+00:00,28.1,Fitzroy Gardens,508,35.8,36.9,-37.8134078,144.9794923,ENV,REAL_508,Real sensor series - Fitzroy Gardens - board 508,42,real_sensor_board_508,29.236370236113082,1,weak_multivariate_excursion
2015-01-21 09:55:00+00:00,27.7,Fitzroy Gardens,508,36.3,11.5,-37.8134078,144.9794923,ENV,REAL_508,Real sensor series - Fitzroy Gardens - board 508,42,real_sensor_board_508,28.929096188890465,1,weak_multivariate_excursion
2015-01-21 10:15:00+00:00,27.4,Fitzroy Gardens,508,37.3,1.7,-37.8134078,144.9794923,ENV,REAL_508,Real sensor series - Fitzroy Gardens - board 508,42,real_sensor_board_508,28.623276951112373,1,weak_multivariate_excursion
2015-01-21 10:25:00+00:00,27.1,Fitzroy Gardens,508,37.7,1.5,-37.8134078,144.9794923,ENV,REAL_508,Real sensor series - Fitzroy Gardens - board 508,42,real_sensor_board_508,28.318621560889902,0,normal
2015-01-21 10:40:00+00:00,26.1,Fitzroy Gardens,508,39.9,1.5,-37.8134078,144.9794923,ENV,REAL_508,Real sensor series - Fitzroy Gardens - board 508,42,real_sensor_board_508,27.874897248711925,0,normal
2015-01-21 10:50:00+00:00,25.8,Fitzroy Gardens,508,39.8,1.5,-37.8134078,144.9794923,ENV,REAL_508,Real sensor series - Fitzroy Gardens - board 508,42,real_sensor_board_508,27.459917798969542,0,normal
2015-01-21 11:00:00+00:00,25.2,Fitzroy Gardens,508,42.1,1.5,-37.8134078,144.9794923,ENV,REAL_508,Real sensor series - Fitzroy Gardens - board 508,42,real_sensor_board_508,27.007934239175633,0,normal
2015-01-21 11:10:00+00:00,25.2,Fitzroy Gardens,508,45.5,1.5,-37.8134078,144.9794923,ENV,REAL_508,Real sensor series - Fitzroy Gardens - board 508,42,real_sensor_board_508,26.646347391340505,0,normal
2015-01-21 11:20:00+00:00,24.5,Fitzroy Gardens,508,49.6,1.6,-37.8134078,144.9794923,ENV,REAL_508,Real sensor series - Fitzroy Gardens - board 508,42,real_sensor_board_508,26.357077913072406,0,normal
2015-01-21 11:30:00+00:00,23.9,Fitzroy Gardens,508,50.3,1.6,-37.8134078,144.9794923,ENV,REAL_508,Real sensor series - Fitzroy Gardens - board 508,42,real_sensor_board_508,25.985662330457927,0,normal
2015-01-21 11:40:00+00:00,23.5,Fitzroy Gardens,508,51.1,1.6,-37.8134078,144.9794923,ENV,REAL_508,Real sensor series - Fitzroy Gardens - board 508,42,real_sensor_board_508,25.688529864366345,0,normal
2015-01-21 11:50:00+00:00,22.9,Fitzroy Gardens,508,52.6,1.4,-37.8134078,144.9794923,ENV,REAL_508,Real sensor series - Fitzroy Gardens - board 508,42,real_sensor_board_508,25.33082389149308,0,normal
2015-01-21 12:00:00+00:00,22.6,Fitzroy Gardens,508,53.3,1.4,-37.8134078,144.9794923,ENV,REAL_508,Real sensor series - Fitzroy Gardens - board 508,42,real_sensor_board_508,24.964659113194465,0,normal
2015-01-21 12:10:00+00:00,22.6,Fitzroy Gardens,508,52.7,1.4,-37.8134078,144.9794923,ENV,REAL_508,Real sensor series - Fitzroy Gardens - board 508,42,real_sensor_board_508,24.551727290555576,0,normal
2015-01-21 12:20:00+00:00,22.6,Fitzroy Gardens,508,51.3,1.4,-37.8134078,144.9794923,ENV,REAL_508,Real sensor series - Fitzroy Gardens - board 508,42,real_sensor_board_508,24.221381832444465,0,normal
2015-01-21 12:30:00+00:00,22.3,Fitzroy Gardens,508,52.2,1.4,-37.8134078,144.9794923,ENV,REAL_508,Real sensor series - Fitzroy Gardens - board 508,42,real_sensor_board_508,23.95710546595557,0,normal
2015-01-21 12:40:00+00:00,21.9,Fitzroy Gardens,508,52.4,1.4,-37.8134078,144.9794923,ENV,REAL_508,Real sensor series - Fitzroy Gardens - board 508,42,real_sensor_board_508,23.745684372764458,0,normal
2015-01-21 12:50:00+00:00,21.6,Fitzroy Gardens,508,52.9,1.4,-37.8134078,144.9794923,ENV,REAL_508,Real sensor series - Fitzroy Gardens - board 508,42,real_sensor_board_508,23.576547498211568,0,normal
2015-01-21 13:00:00+00:00,21.0,Fitzroy Gardens,508,54.3,1.4,-37.8134078,144.9794923,ENV,REAL_508,Real sensor series - Fitzroy Gardens - board 508,42,real_sensor_board_508,23.441237998569257,1,weak_multivariate_excursion
2015-01-21 22:25:00+00:00,20.6,Fitzroy Gardens,508,55.4,93.4,-37.8134078,144.9794923,ENV,REAL_508,Real sensor series - Fitzroy Gardens - board 508,42,real_sensor_board_508,23.332990398855408,1,weak_multivariate_excursion
2015-01-21 22:35:00+00:00,20.6,Fitzroy Gardens,508,54.8,93.5,-37.8134078,144.9794923,ENV,REAL_508,Real sensor series - Fitzroy Gardens - board 508,42,real_sensor_board_508,23.24639231908433,1,weak_multivariate_excursion
2015-01-21 23:40:00+00:00,24.5,Fitzroy Gardens,508,45.6,94.3,-37.8134078,144.9794923,ENV,REAL_508,Real sensor series - Fitzroy Gardens - board 508,42,real_sensor_board_508,23.177113855267464,0,normal
2015-01-21 23:50:00+00:00,26.1,Fitzroy Gardens,508,45.5,94.6,-37.8134078,144.9794923,ENV,REAL_508,Real sensor series - Fitzroy Gardens - board 508,42,real_sensor_board_508,23.12169108421397,0,normal
2015-01-22 22:25:00+00:00,22.3,Fitzroy Gardens,508,42.9,93.4,-37.8134078,144.9794923,ENV,REAL_508,Real sensor series - Fitzroy Gardens - board 508,42,real_sensor_board_508,23.077352867371175,0,normal
2015-01-22 22:35:00+00:00,22.9,Fitzroy Gardens,508,44.4,93.3,-37.8134078,144.9794923,ENV,REAL_508,Real sensor series - Fitzroy Gardens - board 508,42,real_sensor_board_508,23.04188229389694,0,normal
2015-01-22 22:45:00+00:00,22.9,Fitzroy Gardens,508,42.6,93.6,-37.8134078,144.9794923,ENV,REAL_508,Real sensor series - Fitzroy Gardens - board 508,42,real_sensor_board_508,23.013505835117556,0,normal
2015-01-22 22:55:00+00:00,22.6,Fitzroy Gardens,508,42.9,93.8,-37.8134078,144.9794923,ENV,REAL_508,Real sensor series - Fitzroy Gardens - board 508,42,real_sensor_board_508,22.990804668094043,0,normal
2015-01-22 23:05:00+00:00,22.6,Fitzroy Gardens,508,41.5,94.0,-37.8134078,144.9794923,ENV,REAL_508,Real sensor series - Fitzroy Gardens - board 508,42,real_sensor_board_508,22.972643734475234,0,normal
2015-01-22 23:15:00+00:00,22.6,Fitzroy Gardens,508,37.1,94.1,-37.8134078,144.9794923,ENV,REAL_508,Real sensor series - Fitzroy Gardens - board 508,42,real_sensor_board_508,23.018114987580187,0,normal
2015-01-22 23:25:00+00:00,22.6,Fitzroy Gardens,508,33.9,94.2,-37.8134078,144.9794923,ENV,REAL_508,Real sensor series - Fitzroy Gardens - board 508,42,real_sensor_board_508,23.11449199006415,0,normal
2015-01-22 23:45:00+00:00,23.9,Fitzroy Gardens,508,29.2,94.7,-37.8134078,144.9794923,ENV,REAL_508,Real sensor series - Fitzroy Gardens - board 508,42,real_sensor_board_508,23.19159359205132,0,normal
2015-01-23 00:05:00+00:00,24.5,Fitzroy Gardens,508,32.7,92.7,-37.8134078,144.9794923,ENV,REAL_508,Real sensor series - Fitzroy Gardens - board 508,42,real_sensor_board_508,23.253274873641054,0,normal
2015-01-23 00:55:00+00:00,23.9,Fitzroy Gardens,508,45.9,96.0,-37.8134078,144.9794923,ENV,REAL_508,Real sensor series - Fitzroy Gardens - board 508,42,real_sensor_board_508,23.302619898912845,0,normal
2015-01-23 01:10:00+00:00,23.2,Fitzroy Gardens,508,45.8,95.7,-37.8134078,144.9794923,ENV,REAL_508,Real sensor series - Fitzroy Gardens - board 508,42,real_sensor_board_508,23.342095919130276,0,normal
2015-01-23 01:20:00+00:00,23.5,Fitzroy Gardens,508,43.9,93.2,-37.8134078,144.9794923,ENV,REAL_508,Real sensor series - Fitzroy Gardens - board 508,42,real_sensor_board_508,23.373676735304223,0,normal
2015-01-23 01:30:00+00:00,24.2,Fitzroy Gardens,508,43.1,96.3,-37.8134078,144.9794923,ENV,REAL_508,Real sensor series - Fitzroy Gardens - board 508,42,real_sensor_board_508,23.39894138824338,0,normal
2015-01-23 01:40:00+00:00,24.2,Fitzroy Gardens,508,40.4,96.1,-37.8134078,144.9794923,ENV,REAL_508,Real sensor series - Fitzroy Gardens - board 508,42,real_sensor_board_508,23.419153110594703,0,normal
2015-01-23 01:50:00+00:00,24.2,Fitzroy Gardens,508,35.1,96.2,-37.8134078,144.9794923,ENV,REAL_508,Real sensor series - Fitzroy Gardens - board 508,42,real_sensor_board_508,23.435322488475762,0,normal
2015-01-23 02:00:00+00:00,24.5,Fitzroy Gardens,508,35.8,96.4,-37.8134078,144.9794923,ENV,REAL_508,Real sensor series - Fitzroy Gardens - board 508,42,real_sensor_board_508,23.388257990780613,0,normal
2015-01-23 02:10:00+00:00,24.5,Fitzroy Gardens,508,34.9,96.0,-37.8134078,144.9794923,ENV,REAL_508,Real sensor series - Fitzroy Gardens - board 508,42,real_sensor_board_508,23.350606392624492,0,normal
2015-01-23 02:20:00+00:00,25.5,Fitzroy Gardens,508,34.3,96.2,-37.8134078,144.9794923,ENV,REAL_508,Real sensor series - Fitzroy Gardens - board 508,42,real_sensor_board_508,23.320485114099593,0,normal
2015-01-23 02:30:00+00:00,24.5,Fitzroy Gardens,508,35.1,96.2,-37.8134078,144.9794923,ENV,REAL_508,Real sensor series - Fitzroy Gardens - board 508,42,real_sensor_board_508,23.296388091279677,0,normal
2015-01-23 02:40:00+00:00,24.2,Fitzroy Gardens,508,43.4,96.1,-37.8134078,144.9794923,ENV,REAL_508,Real sensor series - Fitzroy Gardens - board 508,42,real_sensor_board_508,23.277110473023743,0,normal
2015-01-23 02:50:00+00:00,23.5,Fitzroy Gardens,508,42.3,95.9,-37.8134078,144.9794923,ENV,REAL_508,Real sensor series - Fitzroy Gardens - board 508,42,real_sensor_board_508,23.261688378418995,0,normal
2015-01-23 03:00:00+00:00,23.5,Fitzroy Gardens,508,44.4,95.5,-37.8134078,144.9794923,ENV,REAL_508,Real sensor series - Fitzroy Gardens - board 508,42,real_sensor_board_508,23.249350702735196,0,normal
2015-01-23 03:10:00+00:00,23.5,Fitzroy Gardens,508,46.1,95.1,-37.8134078,144.9794923,ENV,REAL_508,Real sensor series - Fitzroy Gardens - board 508,42,real_sensor_board_508,23.23948056218816,0,normal
2015-01-23 03:20:00+00:00,23.2,Fitzroy Gardens,508,43.9,94.6,-37.8134078,144.9794923,ENV,REAL_508,Real sensor series - Fitzroy Gardens - board 508,42,real_sensor_board_508,23.231584449750528,0,normal
2015-01-23 03:30:00+00:00,23.2,Fitzroy Gardens,508,47.5,94.2,-37.8134078,144.9794923,ENV,REAL_508,Real sensor series - Fitzroy Gardens - board 508,42,real_sensor_board_508,23.225267559800425,0,normal
2015-01-23 03:40:00+00:00,22.3,Fitzroy Gardens,508,46.7,93.4,-37.8134078,144.9794923,ENV,REAL_508,Real sensor series - Fitzroy Gardens - board 508,42,real_sensor_board_508,23.04021404784034,0,normal
2015-01-23 03:50:00+00:00,21.0,Fitzroy Gardens,508,48.9,93.0,-37.8134078,144.9794923,ENV,REAL_508,Real sensor series - Fitzroy Gardens - board 508,42,real_sensor_board_508,22.752171238272272,0,normal
2015-01-23 04:15:00+00:00,21.0,Fitzroy Gardens,508,51.4,93.8,-37.8134078,144.9794923,ENV,REAL_508,Real sensor series - Fitzroy Gardens - board 508,42,real_sensor_board_508,22.46173699061782,0,normal
2015-01-23 04:35:00+00:00,21.6,Fitzroy Gardens,508,47.5,93.7,-37.8134078,144.9794923,ENV,REAL_508,Real sensor series - Fitzroy Gardens - board 508,42,real_sensor_board_508,22.229389592494257,0,normal
2015-01-23 04:55:00+00:00,21.0,Fitzroy Gardens,508,46.7,93.5,-37.8134078,144.9794923,ENV,REAL_508,Real sensor series - Fitzroy Gardens - board 508,42,real_sensor_board_508,21.983511673995405,0,normal
2015-01-23 05:05:00+00:00,21.0,Fitzroy Gardens,508,46.2,94.9,-37.8134078,144.9794923,ENV,REAL_508,Real sensor series - Fitzroy Gardens - board 508,42,real_sensor_board_508,21.786809339196324,0,normal
2015-01-23 05:15:00+00:00,21.3,Fitzroy Gardens,508,45.9,93.0,-37.8134078,144.9794923,ENV,REAL_508,Real sensor series - Fitzroy Gardens - board 508,42,real_sensor_board_508,21.62944747135706,0,normal
2015-01-23 05:35:00+00:00,21.0,Fitzroy Gardens,508,46.2,92.1,-37.8134078,144.9794923,ENV,REAL_508,Real sensor series - Fitzroy Gardens - board 508,42,real_sensor_board_508,21.50355797708565,0,normal
2015-01-23 05:45:00+00:00,21.0,Fitzroy Gardens,508,45.6,92.0,-37.8134078,144.9794923,ENV,REAL_508,Real sensor series - Fitzroy Gardens - board 508,42,real_sensor_board_508,21.402846381668517,0,normal
2015-01-23 05:55:00+00:00,21.3,Fitzroy Gardens,508,46.4,91.4,-37.8134078,144.9794923,ENV,REAL_508,Real sensor series - Fitzroy Gardens - board 508,42,real_sensor_board_508,21.322277105334813,0,normal
2015-01-23 06:05:00+00:00,21.0,Fitzroy Gardens,508,47.3,91.1,-37.8134078,144.9794923,ENV,REAL_508,Real sensor series - Fitzroy Gardens - board 508,42,real_sensor_board_508,21.25782168426785,0,normal
2015-01-23 06:15:00+00:00,20.3,Fitzroy Gardens,508,47.3,90.9,-37.8134078,144.9794923,ENV,REAL_508,Real sensor series - Fitzroy Gardens - board 508,42,real_sensor_board_508,21.20625734741428,0,normal
2015-01-23 06:25:00+00:00,20.6,Fitzroy Gardens,508,46.2,91.0,-37.8134078,144.9794923,ENV,REAL_508,Real sensor series - Fitzroy Gardens - board 508,42,real_sensor_board_508,21.165005877931424,0,normal
2015-01-23 06:35:00+00:00,20.3,Fitzroy Gardens,508,46.4,91.0,-37.8134078,144.9794923,ENV,REAL_508,Real sensor series - Fitzroy Gardens - board 508,42,real_sensor_board_508,21.13200470234514,0,normal
2015-01-23 06:45:00+00:00,20.0,Fitzroy Gardens,508,45.3,90.0,-37.8134078,144.9794923,ENV,REAL_508,Real sensor series - Fitzroy Gardens - board 508,42,real_sensor_board_508,21.10560376187611,0,normal
2015-01-23 06:55:00+00:00,20.0,Fitzroy Gardens,508,44.7,89.5,-37.8134078,144.9794923,ENV,REAL_508,Real sensor series - Fitzroy Gardens - board 508,42,real_sensor_board_508,21.08448300950089,0,normal
2015-01-23 07:05:00+00:00,20.3,Fitzroy Gardens,508,44.8,90.0,-37.8134078,144.9794923,ENV,REAL_508,Real sensor series - Fitzroy Gardens - board 508,42,real_sensor_board_508,21.06758640760071,0,normal
2015-01-23 07:30:00+00:00,20.0,Fitzroy Gardens,508,43.3,88.4,-37.8134078,144.9794923,ENV,REAL_508,Real sensor series - Fitzroy Gardens - board 508,42,real_sensor_board_508,21.114069126080572,0,normal
2015-01-23 07:40:00+00:00,19.7,Fitzroy Gardens,508,43.4,89.9,-37.8134078,144.9794923,ENV,REAL_508,Real sensor series - Fitzroy Gardens - board 508,42,real_sensor_board_508,21.15125530086446,0,normal
2015-01-23 07:50:00+00:00,19.7,Fitzroy Gardens,508,44.5,87.2,-37.8134078,144.9794923,ENV,REAL_508,Real sensor series - Fitzroy Gardens - board 508,42,real_sensor_board_508,21.18100424069157,1,weak_multivariate_excursion
2015-01-28 05:30:00+00:00,23.2,Fitzroy Gardens,508,28.1,89.9,-37.8134078,144.9794923,ENV,REAL_508,Real sensor series - Fitzroy Gardens - board 508,42,real_sensor_board_508,21.20480339255326,1,weak_multivariate_excursion
2015-01-28 05:40:00+00:00,23.5,Fitzroy Gardens,508,28.0,93.5,-37.8134078,144.9794923,ENV,REAL_508,Real sensor series - Fitzroy Gardens - board 508,42,real_sensor_board_508,21.22384271404261,1,weak_multivariate_excursion
2015-01-28 05:50:00+00:00,22.9,Fitzroy Gardens,508,28.1,92.9,-37.8134078,144.9794923,ENV,REAL_508,Real sensor series - Fitzroy Gardens - board 508,42,real_sensor_board_508,21.179074171234088,0,normal
2015-01-28 06:00:00+00:00,22.6,Fitzroy Gardens,508,27.3,85.3,-37.8134078,144.9794923,ENV,REAL_508,Real sensor series - Fitzroy Gardens - board 508,42,real_sensor_board_508,21.14325933698727,0,normal
2015-01-28 06:15:00+00:00,23.5,Fitzroy Gardens,508,27.5,91.6,-37.8134078,144.9794923,ENV,REAL_508,Real sensor series - Fitzroy Gardens - board 508,42,real_sensor_board_508,21.114607469589817,0,normal
2015-01-28 06:25:00+00:00,22.9,Fitzroy Gardens,508,26.5,85.5,-37.8134078,144.9794923,ENV,REAL_508,Real sensor series - Fitzroy Gardens - board 508,42,real_sensor_board_508,21.011685975671856,0,normal
2015-01-28 06:35:00+00:00,23.2,Fitzroy Gardens,508,26.4,91.5,-37.8134078,144.9794923,ENV,REAL_508,Real sensor series - Fitzroy Gardens - board 508,42,real_sensor_board_508,20.869348780537486,0,normal
2015-01-28 06:45:00+00:00,22.9,Fitzroy Gardens,508,26.4,90.8,-37.8134078,144.9794923,ENV,REAL_508,Real sensor series - Fitzroy Gardens - board 508,42,real_sensor_board_508,20.755479024429988,0,normal
2015-01-28 06:55:00+00:00,22.9,Fitzroy Gardens,508,26.5,90.8,-37.8134078,144.9794923,ENV,REAL_508,Real sensor series - Fitzroy Gardens - board 508,42,real_sensor_board_508,20.664383219543993,0,normal
2015-01-28 07:05:00+00:00,23.2,Fitzroy Gardens,508,26.7,90.9,-37.8134078,144.9794923,ENV,REAL_508,Real sensor series - Fitzroy Gardens - board 508,42,real_sensor_board_508,20.531506575635195,0,normal
2015-01-28 07:15:00+00:00,22.3,Fitzroy Gardens,508,27.2,89.1,-37.8134078,144.9794923,ENV,REAL_508,Real sensor series - Fitzroy Gardens - board 508,42,real_sensor_board_508,20.425205260508157,0,normal
2015-01-28 07:25:00+00:00,22.3,Fitzroy Gardens,508,27.3,87.9,-37.8134078,144.9794923,ENV,REAL_508,Real sensor series - Fitzroy Gardens - board 508,42,real_sensor_board_508,20.340164208406527,0,normal
2015-01-28 07:35:00+00:00,21.9,Fitzroy Gardens,508,27.6,87.8,-37.8134078,144.9794923,ENV,REAL_508,Real sensor series - Fitzroy Gardens - board 508,42,real_sensor_board_508,20.212131366725224,0,normal
2015-01-28 07:45:00+00:00,21.9,Fitzroy Gardens,508,28.1,86.9,-37.8134078,144.9794923,ENV,REAL_508,Real sensor series - Fitzroy Gardens - board 508,42,real_sensor_board_508,20.10970509338018,1,weak_multivariate_excursion
2015-01-28 08:55:00+00:00,19.7,Fitzroy Gardens,508,29.8,71.7,-37.8134078,144.9794923,ENV,REAL_508,Real sensor series - Fitzroy Gardens - board 508,42,real_sensor_board_508,20.027764074704148,1,weak_multivariate_excursion
2015-01-28 09:15:00+00:00,19.4,Fitzroy Gardens,508,30.5,62.8,-37.8134078,144.9794923,ENV,REAL_508,Real sensor series - Fitzroy Gardens - board 508,42,real_sensor_board_508,19.90221125976332,1,weak_multivariate_excursion
2015-01-28 09:30:00+00:00,19.0,Fitzroy Gardens,508,31.3,53.3,-37.8134078,144.9794923,ENV,REAL_508,Real sensor series - Fitzroy Gardens - board 508,42,real_sensor_board_508,19.721769007810657,0,normal
2015-01-28 09:40:00+00:00,18.7,Fitzroy Gardens,508,31.4,36.9,-37.8134078,144.9794923,ENV,REAL_508,Real sensor series - Fitzroy Gardens - board 508,42,real_sensor_board_508,19.577415206248528,1,weak_multivariate_excursion
2015-01-28 09:50:00+00:00,18.4,Fitzroy Gardens,508,32.1,17.2,-37.8134078,144.9794923,ENV,REAL_508,Real sensor series - Fitzroy Gardens - board 508,42,real_sensor_board_508,19.461932164998824,1,weak_multivariate_excursion
2015-01-28 10:00:00+00:00,18.4,Fitzroy Gardens,508,33.3,5.0,-37.8134078,144.9794923,ENV,REAL_508,Real sensor series - Fitzroy Gardens - board 508,42,real_sensor_board_508,19.36954573199906,1,weak_multivariate_excursion
2015-01-28 10:10:00+00:00,18.1,Fitzroy Gardens,508,33.8,2.2,-37.8134078,144.9794923,ENV,REAL_508,Real sensor series - Fitzroy Gardens - board 508,42,real_sensor_board_508,19.29563658559925,0,normal
2015-01-28 10:20:00+00:00,18.1,Fitzroy Gardens,508,34.4,1.8,-37.8134078,144.9794923,ENV,REAL_508,Real sensor series - Fitzroy Gardens - board 508,42,real_sensor_board_508,19.236509268479402,0,normal
2015-01-28 10:30:00+00:00,17.7,Fitzroy Gardens,508,35.1,1.8,-37.8134078,144.9794923,ENV,REAL_508,Real sensor series - Fitzroy Gardens - board 508,42,real_sensor_board_508,19.18920741478352,0,normal
2015-01-28 10:40:00+00:00,17.4,Fitzroy Gardens,508,36.6,1.8,-37.8134078,144.9794923,ENV,REAL_508,Real sensor series - Fitzroy Gardens - board 508,42,real_sensor_board_508,19.151365931826817,0,normal
2015-01-28 10:50:00+00:00,17.1,Fitzroy Gardens,508,36.5,1.8,-37.8134078,144.9794923,ENV,REAL_508,Real sensor series - Fitzroy Gardens - board 508,42,real_sensor_board_508,19.121092745461453,0,normal
2015-01-28 11:00:00+00:00,17.1,Fitzroy Gardens,508,36.6,1.8,-37.8134078,144.9794923,ENV,REAL_508,Real sensor series - Fitzroy Gardens - board 508,42,real_sensor_board_508,19.096874196369164,0,normal
2015-01-28 11:10:00+00:00,17.1,Fitzroy Gardens,508,36.5,1.8,-37.8134078,144.9794923,ENV,REAL_508,Real sensor series - Fitzroy Gardens - board 508,42,real_sensor_board_508,19.07749935709533,0,normal
2015-01-28 11:20:00+00:00,16.8,Fitzroy Gardens,508,36.3,1.8,-37.8134078,144.9794923,ENV,REAL_508,Real sensor series - Fitzroy Gardens - board 508,42,real_sensor_board_508,19.061999485676264,0,normal
2015-01-28 11:30:00+00:00,16.8,Fitzroy Gardens,508,36.9,1.9,-37.8134078,144.9794923,ENV,REAL_508,Real sensor series - Fitzroy Gardens - board 508,42,real_sensor_board_508,18.98959958854101,0,normal
2015-01-28 11:40:00+00:00,16.5,Fitzroy Gardens,508,37.1,1.9,-37.8134078,144.9794923,ENV,REAL_508,Real sensor series - Fitzroy Gardens - board 508,42,real_sensor_board_508,18.93167967083281,1,weak_multivariate_excursion
2015-02-03 01:40:00+00:00,19.0,Fitzroy Gardens,508,40.1,95.1,-37.8134078,144.9794923,ENV,REAL_508,Real sensor series - Fitzroy Gardens - board 508,42,real_sensor_board_508,18.88534373666625,1,weak_multivariate_excursion
2015-02-03 01:50:00+00:00,18.7,Fitzroy Gardens,508,39.0,95.0,-37.8134078,144.9794923,ENV,REAL_508,Real sensor series - Fitzroy Gardens - board 508,42,real_sensor_board_508,18.848274989333,1,weak_multivariate_excursion
2015-02-03 02:00:00+00:00,20.0,Fitzroy Gardens,508,36.5,96.4,-37.8134078,144.9794923,ENV,REAL_508,Real sensor series - Fitzroy Gardens - board 508,42,real_sensor_board_508,18.8186199914664,0,normal
2015-02-03 02:20:00+00:00,19.7,Fitzroy Gardens,508,36.3,96.3,-37.8134078,144.9794923,ENV,REAL_508,Real sensor series - Fitzroy Gardens - board 508,42,real_sensor_board_508,18.79489599317312,0,normal
2015-02-03 02:30:00+00:00,20.3,Fitzroy Gardens,508,36.6,96.2,-37.8134078,144.9794923,ENV,REAL_508,Real sensor series - Fitzroy Gardens - board 508,42,real_sensor_board_508,18.775916794538496,0,normal
2015-02-03 02:40:00+00:00,20.0,Fitzroy Gardens,508,37.3,96.1,-37.8134078,144.9794923,ENV,REAL_508,Real sensor series - Fitzroy Gardens - board 508,42,real_sensor_board_508,18.760733435630797,0,normal
2015-02-03 02:50:00+00:00,20.3,Fitzroy Gardens,508,37.7,96.1,-37.8134078,144.9794923,ENV,REAL_508,Real sensor series - Fitzroy Gardens - board 508,42,real_sensor_board_508,18.74858674850464,0,normal
2015-02-03 03:00:00+00:00,19.4,Fitzroy Gardens,508,38.7,93.5,-37.8134078,144.9794923,ENV,REAL_508,Real sensor series - Fitzroy Gardens - board 508,42,real_sensor_board_508,18.738869398803715,0,normal
2015-02-03 03:35:00+00:00,19.0,Fitzroy Gardens,508,42.0,94.9,-37.8134078,144.9794923,ENV,REAL_508,Real sensor series - Fitzroy Gardens - board 508,42,real_sensor_board_508,18.731095519042974,0,normal
2015-02-03 03:45:00+00:00,18.7,Fitzroy Gardens,508,41.4,94.4,-37.8134078,144.9794923,ENV,REAL_508,Real sensor series - Fitzroy Gardens - board 508,42,real_sensor_board_508,18.72487641523438,0,normal
2015-02-03 03:55:00+00:00,19.0,Fitzroy Gardens,508,41.5,94.2,-37.8134078,144.9794923,ENV,REAL_508,Real sensor series - Fitzroy Gardens - board 508,42,real_sensor_board_508,18.719901132187506,0,normal
2015-02-03 04:05:00+00:00,19.0,Fitzroy Gardens,508,41.2,94.3,-37.8134078,144.9794923,ENV,REAL_508,Real sensor series - Fitzroy Gardens - board 508,42,real_sensor_board_508,18.715920905750004,0,normal
2015-02-03 04:55:00+00:00,19.0,Fitzroy Gardens,508,40.1,94.1,-37.8134078,144.9794923,ENV,REAL_508,Real sensor series - Fitzroy Gardens - board 508,42,real_sensor_board_508,18.712736724600006,0,normal
2015-02-03 05:15:00+00:00,18.7,Fitzroy Gardens,508,40.3,93.6,-37.8134078,144.9794923,ENV,REAL_508,Real sensor series - Fitzroy Gardens - board 508,42,real_sensor_board_508,18.710189379680006,0,normal
2015-02-03 05:25:00+00:00,18.7,Fitzroy Gardens,508,40.9,87.6,-37.8134078,144.9794923,ENV,REAL_508,Real sensor series - Fitzroy Gardens - board 508,42,real_sensor_board_508,18.708151503744006,0,normal
2015-02-03 05:35:00+00:00,18.7,Fitzroy Gardens,508,42.1,92.8,-37.8134078,144.9794923,ENV,REAL_508,Real sensor series - Fitzroy Gardens - board 508,42,real_sensor_board_508,18.706521202995205,0,normal
2015-02-03 05:45:00+00:00,19.4,Fitzroy Gardens,508,41.8,92.1,-37.8134078,144.9794923,ENV,REAL_508,Real sensor series - Fitzroy Gardens - board 508,42,real_sensor_board_508,18.705216962396165,0,normal
2015-02-03 05:55:00+00:00,18.7,Fitzroy Gardens,508,41.2,91.7,-37.8134078,144.9794923,ENV,REAL_508,Real sensor series - Fitzroy Gardens - board 508,42,real_sensor_board_508,18.76417356991693,0,normal
2015-02-03 06:05:00+00:00,18.4,Fitzroy Gardens,508,40.7,90.8,-37.8134078,144.9794923,ENV,REAL_508,Real sensor series - Fitzroy Gardens - board 508,42,real_sensor_board_508,18.811338855933545,0,normal
2015-02-03 06:15:00+00:00,18.1,Fitzroy Gardens,508,40.6,90.8,-37.8134078,144.9794923,ENV,REAL_508,Real sensor series - Fitzroy Gardens - board 508,42,real_sensor_board_508,18.849071084746836,0,normal
2015-02-03 06:25:00+00:00,17.7,Fitzroy Gardens,508,40.7,90.7,-37.8134078,144.9794923,ENV,REAL_508,Real sensor series - Fitzroy Gardens - board 508,42,real_sensor_board_508,18.87925686779747,0,normal
2015-02-03 06:40:00+00:00,17.7,Fitzroy Gardens,508,41.2,90.6,-37.8134078,144.9794923,ENV,REAL_508,Real sensor series - Fitzroy Gardens - board 508,42,real_sensor_board_508,18.903405494237976,0,normal
2015-02-03 06:50:00+00:00,18.1,Fitzroy Gardens,508,42.1,85.5,-37.8134078,144.9794923,ENV,REAL_508,Real sensor series - Fitzroy Gardens - board 508,42,real_sensor_board_508,18.922724395390382,0,normal
2015-02-03 07:00:00+00:00,18.1,Fitzroy Gardens,508,42.3,86.2,-37.8134078,144.9794923,ENV,REAL_508,Real sensor series - Fitzroy Gardens - board 508,42,real_sensor_board_508,18.938179516312307,0,normal
2015-02-03 07:10:00+00:00,17.7,Fitzroy Gardens,508,43.3,89.7,-37.8134078,144.9794923,ENV,REAL_508,Real sensor series - Fitzroy Gardens - board 508,42,real_sensor_board_508,18.950543613049845,0,normal
2015-02-03 07:20:00+00:00,17.7,Fitzroy Gardens,508,41.8,89.1,-37.8134078,144.9794923,ENV,REAL_508,Real sensor series - Fitzroy Gardens - board 508,42,real_sensor_board_508,18.960434890439878,0,normal
2015-02-03 07:30:00+00:00,17.7,Fitzroy Gardens,508,42.6,88.5,-37.8134078,144.9794923,ENV,REAL_508,Real sensor series - Fitzroy Gardens - board 508,42,real_sensor_board_508,18.968347912351902,0,normal
2015-02-03 07:40:00+00:00,17.4,Fitzroy Gardens,508,42.8,88.0,-37.8134078,144.9794923,ENV,REAL_508,Real sensor series - Fitzroy Gardens - board 508,42,real_sensor_board_508,18.974678329881524,0,normal
2015-02-23 05:05:00+00:00,19.4,Fitzroy Gardens,508,55.4,85.2,-37.8134078,144.9794923,ENV,REAL_508,Real sensor series - Fitzroy Gardens - board 508,42,real_sensor_board_508,18.919742663905218,0,normal
2015-02-23 05:15:00+00:00,19.4,Fitzroy Gardens,508,55.5,84.8,-37.8134078,144.9794923,ENV,REAL_508,Real sensor series - Fitzroy Gardens - board 508,42,real_sensor_board_508,18.875794131124174,0,normal
2015-02-23 05:25:00+00:00,19.4,Fitzroy Gardens,508,54.3,86.6,-37.8134078,144.9794923,ENV,REAL_508,Real sensor series - Fitzroy Gardens - board 508,42,real_sensor_board_508,18.84063530489934,0,normal
2015-02-23 05:35:00+00:00,19.7,Fitzroy Gardens,508,52.7,87.9,-37.8134078,144.9794923,ENV,REAL_508,Real sensor series - Fitzroy Gardens - board 508,42,real_sensor_board_508,18.812508243919474,0,normal
2015-02-23 05:45:00+00:00,19.7,Fitzroy Gardens,508,51.1,88.5,-37.8134078,144.9794923,ENV,REAL_508,Real sensor series - Fitzroy Gardens - board 508,42,real_sensor_board_508,18.79000659513558,0,normal
2015-02-23 05:55:00+00:00,19.7,Fitzroy Gardens,508,52.1,87.5,-37.8134078,144.9794923,ENV,REAL_508,Real sensor series - Fitzroy Gardens - board 508,42,real_sensor_board_508,18.712005276108464,0,normal
2015-02-23 06:05:00+00:00,19.7,Fitzroy Gardens,508,53.2,86.3,-37.8134078,144.9794923,ENV,REAL_508,Real sensor series - Fitzroy Gardens - board 508,42,real_sensor_board_508,18.649604220886772,0,normal
2015-02-23 06:15:00+00:00,19.7,Fitzroy Gardens,508,52.6,85.9,-37.8134078,144.9794923,ENV,REAL_508,Real sensor series - Fitzroy Gardens - board 508,42,real_sensor_board_508,18.599683376709418,0,normal
2015-02-23 06:25:00+00:00,19.7,Fitzroy Gardens,508,53.7,86.5,-37.8134078,144.9794923,ENV,REAL_508,Real sensor series - Fitzroy Gardens - board 508,42,real_sensor_board_508,18.559746701367537,0,normal
2015-02-23 06:35:00+00:00,19.7,Fitzroy Gardens,508,52.9,87.7,-37.8134078,144.9794923,ENV,REAL_508,Real sensor series - Fitzroy Gardens - board 508,42,real_sensor_board_508,18.52779736109403,0,normal
2015-02-23 06:45:00+00:00,19.7,Fitzroy Gardens,508,51.1,88.5,-37.8134078,144.9794923,ENV,REAL_508,Real sensor series - Fitzroy Gardens - board 508,42,real_sensor_board_508,18.502237888875225,0,normal
2015-02-23 06:55:00+00:00,19.7,Fitzroy Gardens,508,50.7,87.2,-37.8134078,144.9794923,ENV,REAL_508,Real sensor series - Fitzroy Gardens - board 508,42,real_sensor_board_508,18.48179031110018,0,normal
2015-02-23 07:05:00+00:00,19.4,Fitzroy Gardens,508,49.4,86.1,-37.8134078,144.9794923,ENV,REAL_508,Real sensor series - Fitzroy Gardens - board 508,42,real_sensor_board_508,18.465432248880145,0,normal
2015-02-23 07:15:00+00:00,19.4,Fitzroy Gardens,508,49.9,85.8,-37.8134078,144.9794923,ENV,REAL_508,Real sensor series - Fitzroy Gardens - board 508,42,real_sensor_board_508,18.452345799104116,0,normal
2015-02-23 07:35:00+00:00,18.7,Fitzroy Gardens,508,49.7,70.7,-37.8134078,144.9794923,ENV,REAL_508,Real sensor series - Fitzroy Gardens - board 508,42,real_sensor_board_508,18.441876639283294,0,normal
2015-02-23 07:50:00+00:00,18.4,Fitzroy Gardens,508,50.3,67.0,-37.8134078,144.9794923,ENV,REAL_508,Real sensor series - Fitzroy Gardens - board 508,42,real_sensor_board_508,18.433501311426635,1,weak_multivariate_excursion
2015-02-23 09:00:00+00:00,17.1,Fitzroy Gardens,508,54.1,17.2,-37.8134078,144.9794923,ENV,REAL_508,Real sensor series - Fitzroy Gardens - board 508,42,real_sensor_board_508,18.36680104914131,1,weak_multivariate_excursion
2015-02-23 09:10:00+00:00,17.7,Fitzroy Gardens,508,51.0,9.4,-37.8134078,144.9794923,ENV,REAL_508,Real sensor series - Fitzroy Gardens - board 508,42,real_sensor_board_508,18.31344083931305,1,weak_multivariate_excursion
2015-02-23 09:20:00+00:00,17.7,Fitzroy Gardens,508,50.2,4.3,-37.8134078,144.9794923,ENV,REAL_508,Real sensor series - Fitzroy Gardens - board 508,42,real_sensor_board_508,18.270752671450442,0,normal
2015-02-23 09:30:00+00:00,17.7,Fitzroy Gardens,508,49.6,1.9,-37.8134078,144.9794923,ENV,REAL_508,Real sensor series - Fitzroy Gardens - board 508,42,real_sensor_board_508,18.236602137160354,0,normal
2015-02-23 09:40:00+00:00,17.7,Fitzroy Gardens,508,47.7,1.7,-37.8134078,144.9794923,ENV,REAL_508,Real sensor series - Fitzroy Gardens - board 508,42,real_sensor_board_508,18.209281709728284,0,normal
2015-02-23 09:50:00+00:00,17.7,Fitzroy Gardens,508,46.7,1.6,-37.8134078,144.9794923,ENV,REAL_508,Real sensor series - Fitzroy Gardens - board 508,42,real_sensor_board_508,18.187425367782627,0,normal
2015-02-23 10:00:00+00:00,17.7,Fitzroy Gardens,508,48.3,1.6,-37.8134078,144.9794923,ENV,REAL_508,Real sensor series - Fitzroy Gardens - board 508,42,real_sensor_board_508,18.1699402942261,0,normal
2015-02-23 10:10:00+00:00,18.1,Fitzroy Gardens,508,49.2,1.6,-37.8134078,144.9794923,ENV,REAL_508,Real sensor series - Fitzroy Gardens - board 508,42,real_sensor_board_508,18.155952235380884,0,normal
2015-02-23 10:20:00+00:00,17.7,Fitzroy Gardens,508,47.3,1.6,-37.8134078,144.9794923,ENV,REAL_508,Real sensor series - Fitzroy Gardens - board 508,42,real_sensor_board_508,18.14476178830471,0,normal
2015-02-23 10:30:00+00:00,18.1,Fitzroy Gardens,508,47.7,1.6,-37.8134078,144.9794923,ENV,REAL_508,Real sensor series - Fitzroy Gardens - board 508,42,real_sensor_board_508,18.135809430643768,0,normal
2015-02-23 10:40:00+00:00,17.7,Fitzroy Gardens,508,48.5,1.6,-37.8134078,144.9794923,ENV,REAL_508,Real sensor series - Fitzroy Gardens - board 508,42,real_sensor_board_508,18.128647544515015,0,normal
2015-02-23 10:50:00+00:00,17.7,Fitzroy Gardens,508,48.6,1.6,-37.8134078,144.9794923,ENV,REAL_508,Real sensor series - Fitzroy Gardens - board 508,42,real_sensor_board_508,18.122918035612013,0,normal
2015-02-23 11:05:00+00:00,17.7,Fitzroy Gardens,508,50.0,1.7,-37.8134078,144.9794923,ENV,REAL_508,Real sensor series - Fitzroy Gardens - board 508,42,real_sensor_board_508,18.11833442848961,0,normal
2015-02-23 11:15:00+00:00,16.5,Fitzroy Gardens,508,55.2,1.6,-37.8134078,144.9794923,ENV,REAL_508,Real sensor series - Fitzroy Gardens - board 508,42,real_sensor_board_508,18.11466754279169,0,normal
2015-02-23 11:25:00+00:00,15.8,Fitzroy Gardens,508,58.1,1.5,-37.8134078,144.9794923,ENV,REAL_508,Real sensor series - Fitzroy Gardens - board 508,42,real_sensor_board_508,18.111734034233354,0,normal
2015-02-23 11:35:00+00:00,16.1,Fitzroy Gardens,508,57.3,1.5,-37.8134078,144.9794923,ENV,REAL_508,Real sensor series - Fitzroy Gardens - board 508,42,real_sensor_board_508,18.109387227386684,0,normal
2015-02-23 11:45:00+00:00,16.5,Fitzroy Gardens,508,56.2,1.6,-37.8134078,144.9794923,ENV,REAL_508,Real sensor series - Fitzroy Gardens - board 508,42,real_sensor_board_508,18.107509781909346,1,weak_multivariate_excursion
2015-02-24 04:10:00+00:00,20.0,Fitzroy Gardens,508,33.5,95.2,-37.8134078,144.9794923,ENV,REAL_508,Real sensor series - Fitzroy Gardens - board 508,42,real_sensor_board_508,18.16600782552748,1,weak_multivariate_excursion
2015-02-24 23:00:00+00:00,18.4,Fitzroy Gardens,508,45.6,94.4,-37.8134078,144.9794923,ENV,REAL_508,Real sensor series - Fitzroy Gardens - board 508,42,real_sensor_board_508,18.272806260421987,1,weak_multivariate_excursion
2015-02-24 23:10:00+00:00,19.0,Fitzroy Gardens,508,46.2,94.6,-37.8134078,144.9794923,ENV,REAL_508,Real sensor series - Fitzroy Gardens - board 508,42,real_sensor_board_508,18.41824500833759,0,normal
2015-02-24 23:20:00+00:00,18.7,Fitzroy Gardens,508,44.2,94.8,-37.8134078,144.9794923,ENV,REAL_508,Real sensor series - Fitzroy Gardens - board 508,42,real_sensor_board_508,18.614596006670073,0,normal
2015-02-24 23:30:00+00:00,19.4,Fitzroy Gardens,508,45.1,94.9,-37.8134078,144.9794923,ENV,REAL_508,Real sensor series - Fitzroy Gardens - board 508,42,real_sensor_board_508,18.89167680533606,0,normal
2015-02-24 23:50:00+00:00,21.0,Fitzroy Gardens,508,42.3,95.7,-37.8134078,144.9794923,ENV,REAL_508,Real sensor series - Fitzroy Gardens - board 508,42,real_sensor_board_508,19.31334144426885,0,normal
2015-02-25 00:50:00+00:00,22.6,Fitzroy Gardens,508,40.4,94.0,-37.8134078,144.9794923,ENV,REAL_508,Real sensor series - Fitzroy Gardens - board 508,42,real_sensor_board_508,19.97067315541508,0,normal
2015-02-25 01:00:00+00:00,22.9,Fitzroy Gardens,508,39.3,94.3,-37.8134078,144.9794923,ENV,REAL_508,Real sensor series - Fitzroy Gardens - board 508,42,real_sensor_board_508,20.556538524332066,0,normal
2015-02-25 01:10:00+00:00,23.2,Fitzroy Gardens,508,37.9,94.3,-37.8134078,144.9794923,ENV,REAL_508,Real sensor series - Fitzroy Gardens - board 508,42,real_sensor_board_508,21.085230819465654,0,normal
2015-02-25 01:35:00+00:00,24.5,Fitzroy Gardens,508,37.4,96.5,-37.8134078,144.9794923,ENV,REAL_508,Real sensor series - Fitzroy Gardens - board 508,42,real_sensor_board_508,21.768184655572526,1,weak_multivariate_excursion
2015-02-25 01:45:00+00:00,26.5,Fitzroy Gardens,508,34.4,94.8,-37.8134078,144.9794923,ENV,REAL_508,Real sensor series - Fitzroy Gardens - board 508,42,real_sensor_board_508,22.314547724458023,1,weak_multivariate_excursion
2015-02-25 01:55:00+00:00,27.4,Fitzroy Gardens,508,33.8,96.5,-37.8134078,144.9794923,ENV,REAL_508,Real sensor series - Fitzroy Gardens - board 508,42,real_sensor_board_508,22.75163817956642,1,weak_multivariate_excursion
2015-02-25 02:05:00+00:00,28.4,Fitzroy Gardens,508,32.2,96.5,-37.8134078,144.9794923,ENV,REAL_508,Real sensor series - Fitzroy Gardens - board 508,42,real_sensor_board_508,23.161310543653137,0,normal
2015-02-25 02:15:00+00:00,27.4,Fitzroy Gardens,508,34.4,96.4,-37.8134078,144.9794923,ENV,REAL_508,Real sensor series - Fitzroy Gardens - board 508,42,real_sensor_board_508,23.489048434922513,0,normal
2015-02-25 02:25:00+00:00,27.4,Fitzroy Gardens,508,33.0,96.4,-37.8134078,144.9794923,ENV,REAL_508,Real sensor series - Fitzroy Gardens - board 508,42,real_sensor_board_508,23.83123874793801,0,normal
2015-02-25 02:35:00+00:00,28.4,Fitzroy Gardens,508,31.9,96.6,-37.8134078,144.9794923,ENV,REAL_508,Real sensor series - Fitzroy Gardens - board 508,42,real_sensor_board_508,24.104990998350406,0,normal
2015-02-25 02:45:00+00:00,25.2,Fitzroy Gardens,508,36.3,96.2,-37.8134078,144.9794923,ENV,REAL_508,Real sensor series - Fitzroy Gardens - board 508,42,real_sensor_board_508,24.323992798680326,0,normal
2015-02-25 02:55:00+00:00,27.4,Fitzroy Gardens,508,33.8,96.4,-37.8134078,144.9794923,ENV,REAL_508,Real sensor series - Fitzroy Gardens - board 508,42,real_sensor_board_508,24.499194238944263,0,normal
2015-02-25 03:05:00+00:00,25.8,Fitzroy Gardens,508,34.4,96.3,-37.8134078,144.9794923,ENV,REAL_508,Real sensor series - Fitzroy Gardens - board 508,42,real_sensor_board_508,24.639355391155412,0,normal
2015-02-25 03:15:00+00:00,24.5,Fitzroy Gardens,508,37.6,93.1,-37.8134078,144.9794923,ENV,REAL_508,Real sensor series - Fitzroy Gardens - board 508,42,real_sensor_board_508,24.75148431292433,0,normal
2015-02-25 03:25:00+00:00,24.5,Fitzroy Gardens,508,37.7,92.2,-37.8134078,144.9794923,ENV,REAL_508,Real sensor series - Fitzroy Gardens - board 508,42,real_sensor_board_508,24.841187450339465,0,normal
2015-02-25 03:35:00+00:00,25.5,Fitzroy Gardens,508,37.3,95.2,-37.8134078,144.9794923,ENV,REAL_508,Real sensor series - Fitzroy Gardens - board 508,42,real_sensor_board_508,24.912949960271572,0,normal
2015-02-25 03:45:00+00:00,25.2,Fitzroy Gardens,508,38.5,94.8,-37.8134078,144.9794923,ENV,REAL_508,Real sensor series - Fitzroy Gardens - board 508,42,real_sensor_board_508,24.97035996821726,0,normal
2015-02-25 04:50:00+00:00,25.2,Fitzroy Gardens,508,39.5,94.6,-37.8134078,144.9794923,ENV,REAL_508,Real sensor series - Fitzroy Gardens - board 508,42,real_sensor_board_508,25.016287974573807,0,normal
2015-02-25 05:00:00+00:00,25.2,Fitzroy Gardens,508,37.9,94.9,-37.8134078,144.9794923,ENV,REAL_508,Real sensor series - Fitzroy Gardens - board 508,42,real_sensor_board_508,25.053030379659045,0,normal
2015-02-25 05:10:00+00:00,25.5,Fitzroy Gardens,508,38.8,93.8,-37.8134078,144.9794923,ENV,REAL_508,Real sensor series - Fitzroy Gardens - board 508,42,real_sensor_board_508,25.082424303727237,0,normal
2015-02-25 05:20:00+00:00,24.8,Fitzroy Gardens,508,38.5,93.5,-37.8134078,144.9794923,ENV,REAL_508,Real sensor series - Fitzroy Gardens - board 508,42,real_sensor_board_508,25.10593944298179,0,normal
2015-02-25 05:30:00+00:00,25.2,Fitzroy Gardens,508,37.6,93.0,-37.8134078,144.9794923,ENV,REAL_508,Real sensor series - Fitzroy Gardens - board 508,42,real_sensor_board_508,25.124751554385433,0,normal
2015-02-25 05:40:00+00:00,24.8,Fitzroy Gardens,508,38.7,92.7,-37.8134078,144.9794923,ENV,REAL_508,Real sensor series - Fitzroy Gardens - board 508,42,real_sensor_board_508,25.139801243508348,0,normal
2015-02-25 05:50:00+00:00,25.2,Fitzroy Gardens,508,38.4,92.2,-37.8134078,144.9794923,ENV,REAL_508,Real sensor series - Fitzroy Gardens - board 508,42,real_sensor_board_508,25.15184099480668,0,normal
2015-02-25 06:00:00+00:00,25.2,Fitzroy Gardens,508,37.3,92.1,-37.8134078,144.9794923,ENV,REAL_508,Real sensor series - Fitzroy Gardens - board 508,42,real_sensor_board_508,25.161472795845345,0,normal
2015-02-25 06:10:00+00:00,25.2,Fitzroy Gardens,508,38.0,91.5,-37.8134078,144.9794923,ENV,REAL_508,Real sensor series - Fitzroy Gardens - board 508,42,real_sensor_board_508,25.169178236676277,0,normal
2015-02-25 06:20:00+00:00,25.2,Fitzroy Gardens,508,39.0,90.8,-37.8134078,144.9794923,ENV,REAL_508,Real sensor series - Fitzroy Gardens - board 508,42,real_sensor_board_508,25.17534258934102,0,normal
2015-02-25 06:30:00+00:00,25.5,Fitzroy Gardens,508,39.3,90.3,-37.8134078,144.9794923,ENV,REAL_508,Real sensor series - Fitzroy Gardens - board 508,42,real_sensor_board_508,25.180274071472816,0,normal
2015-02-25 06:50:00+00:00,25.2,Fitzroy Gardens,508,39.6,89.0,-37.8134078,144.9794923,ENV,REAL_508,Real sensor series - Fitzroy Gardens - board 508,42,real_sensor_board_508,25.184219257178253,0,normal
2015-02-25 07:00:00+00:00,24.8,Fitzroy Gardens,508,41.4,89.0,-37.8134078,144.9794923,ENV,REAL_508,Real sensor series - Fitzroy Gardens - board 508,42,real_sensor_board_508,25.187375405742603,0,normal
2015-02-25 07:10:00+00:00,25.2,Fitzroy Gardens,508,40.7,88.1,-37.8134078,144.9794923,ENV,REAL_508,Real sensor series - Fitzroy Gardens - board 508,42,real_sensor_board_508,25.189900324594085,0,normal
2015-02-25 07:20:00+00:00,25.5,Fitzroy Gardens,508,39.6,88.6,-37.8134078,144.9794923,ENV,REAL_508,Real sensor series - Fitzroy Gardens - board 508,42,real_sensor_board_508,25.11192025967527,0,normal
2015-02-25 07:30:00+00:00,25.5,Fitzroy Gardens,508,37.4,85.1,-37.8134078,144.9794923,ENV,REAL_508,Real sensor series - Fitzroy Gardens - board 508,42,real_sensor_board_508,25.049536207740218,0,normal
2015-02-25 07:40:00+00:00,25.2,Fitzroy Gardens,508,36.8,86.6,-37.8134078,144.9794923,ENV,REAL_508,Real sensor series - Fitzroy Gardens - board 508,42,real_sensor_board_508,24.999628966192176,0,normal
2015-02-25 07:55:00+00:00,24.8,Fitzroy Gardens,508,37.6,83.9,-37.8134078,144.9794923,ENV,REAL_508,Real sensor series - Fitzroy Gardens - board 508,42,real_sensor_board_508,24.959703172953745,1,weak_multivariate_excursion
2015-02-25 08:45:00+00:00,23.5,Fitzroy Gardens,508,39.6,69.3,-37.8134078,144.9794923,ENV,REAL_508,Real sensor series - Fitzroy Gardens - board 508,42,real_sensor_board_508,24.667762538362997,1,weak_multivariate_excursion
2015-02-25 08:55:00+00:00,23.2,Fitzroy Gardens,508,39.9,53.3,-37.8134078,144.9794923,ENV,REAL_508,Real sensor series - Fitzroy Gardens - board 508,42,real_sensor_board_508,24.3742100306904,1,weak_multivariate_excursion
2015-02-25 09:05:00+00:00,22.9,Fitzroy Gardens,508,40.7,29.6,-37.8134078,144.9794923,ENV,REAL_508,Real sensor series - Fitzroy Gardens - board 508,42,real_sensor_board_508,24.079368024552323,1,weak_multivariate_excursion
2015-02-25 09:15:00+00:00,22.6,Fitzroy Gardens,508,41.7,12.8,-37.8134078,144.9794923,ENV,REAL_508,Real sensor series - Fitzroy Gardens - board 508,42,real_sensor_board_508,23.78349441964186,1,weak_multivariate_excursion
2015-02-25 09:25:00+00:00,21.9,Fitzroy Gardens,508,42.8,3.2,-37.8134078,144.9794923,ENV,REAL_508,Real sensor series - Fitzroy Gardens - board 508,42,real_sensor_board_508,23.406795535713485,0,normal
2015-02-25 09:35:00+00:00,21.6,Fitzroy Gardens,508,44.2,1.7,-37.8134078,144.9794923,ENV,REAL_508,Real sensor series - Fitzroy Gardens - board 508,42,real_sensor_board_508,23.105436428570787,0,normal
2015-02-25 09:45:00+00:00,21.9,Fitzroy Gardens,508,43.4,1.4,-37.8134078,144.9794923,ENV,REAL_508,Real sensor series - Fitzroy Gardens - board 508,42,real_sensor_board_508,22.80434914285663,0,normal
2015-02-25 09:55:00+00:00,21.6,Fitzroy Gardens,508,43.9,1.4,-37.8134078,144.9794923,ENV,REAL_508,Real sensor series - Fitzroy Gardens - board 508,42,real_sensor_board_508,22.563479314285306,0,normal
2015-02-25 10:05:00+00:00,21.3,Fitzroy Gardens,508,45.0,1.4,-37.8134078,144.9794923,ENV,REAL_508,Real sensor series - Fitzroy Gardens - board 508,42,real_sensor_board_508,22.370783451428245,0,normal
2015-02-25 10:15:00+00:00,21.3,Fitzroy Gardens,508,45.5,1.4,-37.8134078,144.9794923,ENV,REAL_508,Real sensor series - Fitzroy Gardens - board 508,42,real_sensor_board_508,22.216626761142596,0,normal
2015-02-25 10:25:00+00:00,20.6,Fitzroy Gardens,508,46.6,1.5,-37.8134078,144.9794923,ENV,REAL_508,Real sensor series - Fitzroy Gardens - board 508,42,real_sensor_board_508,22.093301408914076,0,normal
2015-02-25 10:45:00+00:00,19.7,Fitzroy Gardens,508,49.4,1.5,-37.8134078,144.9794923,ENV,REAL_508,Real sensor series - Fitzroy Gardens - board 508,42,real_sensor_board_508,21.994641127131263,0,normal
2015-02-25 10:55:00+00:00,19.4,Fitzroy Gardens,508,50.2,1.5,-37.8134078,144.9794923,ENV,REAL_508,Real sensor series - Fitzroy Gardens - board 508,42,real_sensor_board_508,21.91571290170501,0,normal
2015-02-25 11:10:00+00:00,19.0,Fitzroy Gardens,508,51.9,1.5,-37.8134078,144.9794923,ENV,REAL_508,Real sensor series - Fitzroy Gardens - board 508,42,real_sensor_board_508,21.85257032136401,0,normal
2015-02-25 11:20:00+00:00,18.7,Fitzroy Gardens,508,52.6,1.5,-37.8134078,144.9794923,ENV,REAL_508,Real sensor series - Fitzroy Gardens - board 508,42,real_sensor_board_508,21.80205625709121,0,normal
2015-02-25 11:30:00+00:00,18.7,Fitzroy Gardens,508,53.5,1.5,-37.8134078,144.9794923,ENV,REAL_508,Real sensor series - Fitzroy Gardens - board 508,42,real_sensor_board_508,21.761645005672968,0,normal
2015-02-25 11:40:00+00:00,18.4,Fitzroy Gardens,508,54.1,1.5,-37.8134078,144.9794923,ENV,REAL_508,Real sensor series - Fitzroy Gardens - board 508,42,real_sensor_board_508,21.729316004538376,1,weak_multivariate_excursion
2015-02-25 22:55:00+00:00,18.4,Fitzroy Gardens,508,52.7,91.9,-37.8134078,144.9794923,ENV,REAL_508,Real sensor series - Fitzroy Gardens - board 508,42,real_sensor_board_508,21.7034528036307,1,weak_multivariate_excursion
2015-02-25 23:05:00+00:00,19.0,Fitzroy Gardens,508,52.6,91.5,-37.8134078,144.9794923,ENV,REAL_508,Real sensor series - Fitzroy Gardens - board 508,42,real_sensor_board_508,21.682762242904563,1,weak_multivariate_excursion
2015-02-25 23:15:00+00:00,19.4,Fitzroy Gardens,508,52.2,93.2,-37.8134078,144.9794923,ENV,REAL_508,Real sensor series - Fitzroy Gardens - board 508,42,real_sensor_board_508,21.666209794323652,0,normal
2015-02-25 23:35:00+00:00,19.4,Fitzroy Gardens,508,51.0,92.7,-37.8134078,144.9794923,ENV,REAL_508,Real sensor series - Fitzroy Gardens - board 508,42,real_sensor_board_508,21.652967835458924,0,normal
2015-02-25 23:45:00+00:00,21.6,Fitzroy Gardens,508,47.8,95.9,-37.8134078,144.9794923,ENV,REAL_508,Real sensor series - Fitzroy Gardens - board 508,42,real_sensor_board_508,21.64237426836714,0,normal
2015-02-26 00:00:00+00:00,24.2,Fitzroy Gardens,508,46.1,96.5,-37.8134078,144.9794923,ENV,REAL_508,Real sensor series - Fitzroy Gardens - board 508,42,real_sensor_board_508,21.633899414693712,0,normal
2015-02-26 00:50:00+00:00,22.6,Fitzroy Gardens,508,43.3,94.4,-37.8134078,144.9794923,ENV,REAL_508,Real sensor series - Fitzroy Gardens - board 508,42,real_sensor_board_508,21.62711953175497,0,normal
2015-02-26 01:00:00+00:00,21.0,Fitzroy Gardens,508,47.8,93.7,-37.8134078,144.9794923,ENV,REAL_508,Real sensor series - Fitzroy Gardens - board 508,42,real_sensor_board_508,21.681695625403975,0,normal
2015-02-26 01:10:00+00:00,23.5,Fitzroy Gardens,508,46.2,95.9,-37.8134078,144.9794923,ENV,REAL_508,Real sensor series - Fitzroy Gardens - board 508,42,real_sensor_board_508,21.80535650032318,0,normal
2015-02-26 01:20:00+00:00,22.6,Fitzroy Gardens,508,46.7,94.2,-37.8134078,144.9794923,ENV,REAL_508,Real sensor series - Fitzroy Gardens - board 508,42,real_sensor_board_508,21.904285200258546,0,normal
2015-02-26 01:30:00+00:00,22.6,Fitzroy Gardens,508,47.0,96.7,-37.8134078,144.9794923,ENV,REAL_508,Real sensor series - Fitzroy Gardens - board 508,42,real_sensor_board_508,21.983428160206838,0,normal
2015-02-26 01:40:00+00:00,21.6,Fitzroy Gardens,508,48.5,93.6,-37.8134078,144.9794923,ENV,REAL_508,Real sensor series - Fitzroy Gardens - board 508,42,real_sensor_board_508,22.04674252816547,0,normal
2015-02-26 01:50:00+00:00,22.6,Fitzroy Gardens,508,45.3,96.0,-37.8134078,144.9794923,ENV,REAL_508,Real sensor series - Fitzroy Gardens - board 508,42,real_sensor_board_508,22.097394022532377,0,normal
2015-02-26 02:00:00+00:00,22.6,Fitzroy Gardens,508,44.0,93.5,-37.8134078,144.9794923,ENV,REAL_508,Real sensor series - Fitzroy Gardens - board 508,42,real_sensor_board_508,22.137915218025903,0,normal
2015-02-26 02:10:00+00:00,22.9,Fitzroy Gardens,508,43.3,96.0,-37.8134078,144.9794923,ENV,REAL_508,Real sensor series - Fitzroy Gardens - board 508,42,real_sensor_board_508,22.170332174420725,0,normal
2015-02-26 02:20:00+00:00,24.5,Fitzroy Gardens,508,42.5,96.7,-37.8134078,144.9794923,ENV,REAL_508,Real sensor series - Fitzroy Gardens - board 508,42,real_sensor_board_508,22.19626573953658,0,normal
2015-02-26 02:30:00+00:00,22.6,Fitzroy Gardens,508,44.0,93.6,-37.8134078,144.9794923,ENV,REAL_508,Real sensor series - Fitzroy Gardens - board 508,42,real_sensor_board_508,22.217012591629267,0,normal
2015-02-26 02:40:00+00:00,21.9,Fitzroy Gardens,508,49.1,94.7,-37.8134078,144.9794923,ENV,REAL_508,Real sensor series - Fitzroy Gardens - board 508,42,real_sensor_board_508,22.233610073303414,0,normal
2015-02-26 02:50:00+00:00,22.9,Fitzroy Gardens,508,44.7,94.2,-37.8134078,144.9794923,ENV,REAL_508,Real sensor series - Fitzroy Gardens - board 508,42,real_sensor_board_508,22.246888058642732,0,normal
2015-02-26 03:00:00+00:00,22.3,Fitzroy Gardens,508,45.0,96.5,-37.8134078,144.9794923,ENV,REAL_508,Real sensor series - Fitzroy Gardens - board 508,42,real_sensor_board_508,22.257510446914186,0,normal
2015-02-26 03:15:00+00:00,22.6,Fitzroy Gardens,508,43.4,95.6,-37.8134078,144.9794923,ENV,REAL_508,Real sensor series - Fitzroy Gardens - board 508,42,real_sensor_board_508,22.26600835753135,0,normal
2015-02-26 03:25:00+00:00,23.5,Fitzroy Gardens,508,43.3,95.6,-37.8134078,144.9794923,ENV,REAL_508,Real sensor series - Fitzroy Gardens - board 508,42,real_sensor_board_508,22.27280668602508,0,normal
2015-02-26 03:35:00+00:00,23.5,Fitzroy Gardens,508,43.3,95.2,-37.8134078,144.9794923,ENV,REAL_508,Real sensor series - Fitzroy Gardens - board 508,42,real_sensor_board_508,22.278245348820068,0,normal
2015-02-26 04:45:00+00:00,22.6,Fitzroy Gardens,508,41.8,94.6,-37.8134078,144.9794923,ENV,REAL_508,Real sensor series - Fitzroy Gardens - board 508,42,real_sensor_board_508,22.282596279056055,0,normal
2015-02-26 04:55:00+00:00,22.3,Fitzroy Gardens,508,42.3,94.7,-37.8134078,144.9794923,ENV,REAL_508,Real sensor series - Fitzroy Gardens - board 508,42,real_sensor_board_508,22.206077023244845,0,normal
2015-02-26 05:05:00+00:00,21.6,Fitzroy Gardens,508,43.7,94.1,-37.8134078,144.9794923,ENV,REAL_508,Real sensor series - Fitzroy Gardens - board 508,42,real_sensor_board_508,22.144861618595876,0,normal
2015-02-26 05:15:00+00:00,21.3,Fitzroy Gardens,508,44.2,93.6,-37.8134078,144.9794923,ENV,REAL_508,Real sensor series - Fitzroy Gardens - board 508,42,real_sensor_board_508,22.0958892948767,0,normal
2015-02-26 05:25:00+00:00,21.9,Fitzroy Gardens,508,44.8,93.5,-37.8134078,144.9794923,ENV,REAL_508,Real sensor series - Fitzroy Gardens - board 508,42,real_sensor_board_508,22.05671143590136,0,normal
2015-02-26 05:35:00+00:00,21.6,Fitzroy Gardens,508,44.4,93.4,-37.8134078,144.9794923,ENV,REAL_508,Real sensor series - Fitzroy Gardens - board 508,42,real_sensor_board_508,22.025369148721087,0,normal
2015-02-26 05:45:00+00:00,22.3,Fitzroy Gardens,508,43.9,91.9,-37.8134078,144.9794923,ENV,REAL_508,Real sensor series - Fitzroy Gardens - board 508,42,real_sensor_board_508,22.000295318976868,0,normal
2015-02-26 05:55:00+00:00,21.9,Fitzroy Gardens,508,45.6,93.6,-37.8134078,144.9794923,ENV,REAL_508,Real sensor series - Fitzroy Gardens - board 508,42,real_sensor_board_508,21.920236255181496,0,normal
2015-02-26 06:05:00+00:00,21.9,Fitzroy Gardens,508,45.5,92.1,-37.8134078,144.9794923,ENV,REAL_508,Real sensor series - Fitzroy Gardens - board 508,42,real_sensor_board_508,21.856189004145197,0,normal
2015-02-26 06:20:00+00:00,21.9,Fitzroy Gardens,508,46.1,92.5,-37.8134078,144.9794923,ENV,REAL_508,Real sensor series - Fitzroy Gardens - board 508,42,real_sensor_board_508,21.74495120331616,0,normal
2015-02-26 06:30:00+00:00,21.3,Fitzroy Gardens,508,46.6,90.6,-37.8134078,144.9794923,ENV,REAL_508,Real sensor series - Fitzroy Gardens - board 508,42,real_sensor_board_508,21.65596096265293,0,normal
2015-02-26 06:40:00+00:00,21.0,Fitzroy Gardens,508,45.6,89.5,-37.8134078,144.9794923,ENV,REAL_508,Real sensor series - Fitzroy Gardens - board 508,42,real_sensor_board_508,21.524768770122343,0,normal
2015-02-26 06:50:00+00:00,20.6,Fitzroy Gardens,508,48.0,88.8,-37.8134078,144.9794923,ENV,REAL_508,Real sensor series - Fitzroy Gardens - board 508,42,real_sensor_board_508,21.339815016097877,0,normal
2015-02-26 07:00:00+00:00,20.6,Fitzroy Gardens,508,48.8,88.2,-37.8134078,144.9794923,ENV,REAL_508,Real sensor series - Fitzroy Gardens - board 508,42,real_sensor_board_508,21.191852012878304,0,normal
2015-02-26 07:10:00+00:00,20.6,Fitzroy Gardens,508,49.2,87.7,-37.8134078,144.9794923,ENV,REAL_508,Real sensor series - Fitzroy Gardens - board 508,42,real_sensor_board_508,21.073481610302643,0,normal
2015-02-26 07:20:00+00:00,20.3,Fitzroy Gardens,508,49.4,87.4,-37.8134078,144.9794923,ENV,REAL_508,Real sensor series - Fitzroy Gardens - board 508,42,real_sensor_board_508,20.918785288242113,0,normal
2015-02-26 07:30:00+00:00,20.3,Fitzroy Gardens,508,48.6,85.5,-37.8134078,144.9794923,ENV,REAL_508,Real sensor series - Fitzroy Gardens - board 508,42,real_sensor_board_508,20.795028230593694,0,normal
2015-02-26 07:40:00+00:00,20.0,Fitzroy Gardens,508,49.4,83.9,-37.8134078,144.9794923,ENV,REAL_508,Real sensor series - Fitzroy Gardens - board 508,42,real_sensor_board_508,20.696022584474953,0,normal
2015-02-26 07:50:00+00:00,19.7,Fitzroy Gardens,508,50.5,81.6,-37.8134078,144.9794923,ENV,REAL_508,Real sensor series - Fitzroy Gardens - board 508,42,real_sensor_board_508,20.616818067579963,0,normal
2015-02-26 08:40:00+00:00,19.4,Fitzroy Gardens,508,47.5,71.4,-37.8134078,144.9794923,ENV,REAL_508,Real sensor series - Fitzroy Gardens - board 508,42,real_sensor_board_508,20.493454454063972,1,weak_multivariate_excursion
2015-02-26 09:00:00+00:00,19.0,Fitzroy Gardens,508,48.1,40.6,-37.8134078,144.9794923,ENV,REAL_508,Real sensor series - Fitzroy Gardens - board 508,42,real_sensor_board_508,20.39476356325118,1,weak_multivariate_excursion
2015-02-26 09:10:00+00:00,18.7,Fitzroy Gardens,508,48.8,22.0,-37.8134078,144.9794923,ENV,REAL_508,Real sensor series - Fitzroy Gardens - board 508,42,real_sensor_board_508,20.315810850600943,1,weak_multivariate_excursion
2015-02-26 09:20:00+00:00,18.7,Fitzroy Gardens,508,49.7,5.6,-37.8134078,144.9794923,ENV,REAL_508,Real sensor series - Fitzroy Gardens - board 508,42,real_sensor_board_508,20.252648680480757,1,weak_multivariate_excursion
2015-02-26 09:55:00+00:00,18.7,Fitzroy Gardens,508,49.7,1.6,-37.8134078,144.9794923,ENV,REAL_508,Real sensor series - Fitzroy Gardens - board 508,42,real_sensor_board_508,20.202118944384605,0,normal
2015-02-26 10:15:00+00:00,18.7,Fitzroy Gardens,508,49.4,1.5,-37.8134078,144.9794923,ENV,REAL_508,Real sensor series - Fitzroy Gardens - board 508,42,real_sensor_board_508,20.161695155507683,0,normal
2015-02-26 10:25:00+00:00,18.7,Fitzroy Gardens,508,49.7,1.5,-37.8134078,144.9794923,ENV,REAL_508,Real sensor series - Fitzroy Gardens - board 508,42,real_sensor_board_508,20.129356124406147,0,normal
2015-02-26 10:35:00+00:00,18.7,Fitzroy Gardens,508,50.0,1.6,-37.8134078,144.9794923,ENV,REAL_508,Real sensor series - Fitzroy Gardens - board 508,42,real_sensor_board_508,20.10348489952492,0,normal
2015-02-26 10:45:00+00:00,18.7,Fitzroy Gardens,508,51.1,1.5,-37.8134078,144.9794923,ENV,REAL_508,Real sensor series - Fitzroy Gardens - board 508,42,real_sensor_board_508,20.082787919619935,0,normal
2015-02-26 11:55:00+00:00,17.4,Fitzroy Gardens,508,50.8,1.5,-37.8134078,144.9794923,ENV,REAL_508,Real sensor series - Fitzroy Gardens - board 508,42,real_sensor_board_508,20.06623033569595,0,normal
2015-02-26 12:05:00+00:00,17.4,Fitzroy Gardens,508,50.5,1.5,-37.8134078,144.9794923,ENV,REAL_508,Real sensor series - Fitzroy Gardens - board 508,42,real_sensor_board_508,20.05298426855676,1,weak_multivariate_excursion
2015-02-26 23:05:00+00:00,19.4,Fitzroy Gardens,508,47.7,90.1,-37.8134078,144.9794923,ENV,REAL_508,Real sensor series - Fitzroy Gardens - board 508,42,real_sensor_board_508,20.042387414845408,1,weak_multivariate_excursion
2015-02-26 23:15:00+00:00,20.6,Fitzroy Gardens,508,45.5,93.8,-37.8134078,144.9794923,ENV,REAL_508,Real sensor series - Fitzroy Gardens - board 508,42,real_sensor_board_508,20.033909931876327,1,weak_multivariate_excursion
2015-02-26 23:25:00+00:00,20.0,Fitzroy Gardens,508,45.6,91.3,-37.8134078,144.9794923,ENV,REAL_508,Real sensor series - Fitzroy Gardens - board 508,42,real_sensor_board_508,20.02712794550106,0,normal
2015-02-26 23:35:00+00:00,21.3,Fitzroy Gardens,508,43.4,93.6,-37.8134078,144.9794923,ENV,REAL_508,Real sensor series - Fitzroy Gardens - board 508,42,real_sensor_board_508,20.14170235640085,0,normal
2015-02-26 23:45:00+00:00,19.7,Fitzroy Gardens,508,47.3,91.6,-37.8134078,144.9794923,ENV,REAL_508,Real sensor series - Fitzroy Gardens - board 508,42,real_sensor_board_508,20.37336188512068,0,normal
2015-02-26 23:55:00+00:00,21.6,Fitzroy Gardens,508,45.5,96.2,-37.8134078,144.9794923,ENV,REAL_508,Real sensor series - Fitzroy Gardens - board 508,42,real_sensor_board_508,20.618689508096544,0,normal
2015-02-27 00:25:00+00:00,22.3,Fitzroy Gardens,508,40.7,95.8,-37.8134078,144.9794923,ENV,REAL_508,Real sensor series - Fitzroy Gardens - board 508,42,real_sensor_board_508,20.954951606477238,0,normal
2015-02-27 00:35:00+00:00,24.8,Fitzroy Gardens,508,37.3,96.3,-37.8134078,144.9794923,ENV,REAL_508,Real sensor series - Fitzroy Gardens - board 508,42,real_sensor_board_508,21.60396128518179,1,weak_multivariate_excursion
2015-02-27 00:55:00+00:00,27.1,Fitzroy Gardens,508,32.8,96.3,-37.8134078,144.9794923,ENV,REAL_508,Real sensor series - Fitzroy Gardens - board 508,42,real_sensor_board_508,22.123169028145433,1,weak_multivariate_excursion
2015-02-27 01:15:00+00:00,26.1,Fitzroy Gardens,508,34.7,96.5,-37.8134078,144.9794923,ENV,REAL_508,Real sensor series - Fitzroy Gardens - board 508,42,real_sensor_board_508,22.538535222516348,1,weak_multivariate_excursion
2015-02-27 01:25:00+00:00,25.2,Fitzroy Gardens,508,36.2,96.4,-37.8134078,144.9794923,ENV,REAL_508,Real sensor series - Fitzroy Gardens - board 508,42,real_sensor_board_508,22.870828178013078,0,normal
2015-02-27 01:40:00+00:00,25.2,Fitzroy Gardens,508,35.8,96.4,-37.8134078,144.9794923,ENV,REAL_508,Real sensor series - Fitzroy Gardens - board 508,42,real_sensor_board_508,23.136662542410463,0,normal
2015-02-27 01:50:00+00:00,26.1,Fitzroy Gardens,508,33.9,96.4,-37.8134078,144.9794923,ENV,REAL_508,Real sensor series - Fitzroy Gardens - board 508,42,real_sensor_board_508,23.34933003392837,0,normal
2015-02-27 02:00:00+00:00,26.5,Fitzroy Gardens,508,32.4,96.4,-37.8134078,144.9794923,ENV,REAL_508,Real sensor series - Fitzroy Gardens - board 508,42,real_sensor_board_508,23.519464027142696,0,normal
2015-02-27 02:10:00+00:00,26.8,Fitzroy Gardens,508,32.2,96.5,-37.8134078,144.9794923,ENV,REAL_508,Real sensor series - Fitzroy Gardens - board 508,42,real_sensor_board_508,23.65557122171416,0,normal
2015-02-27 02:20:00+00:00,25.8,Fitzroy Gardens,508,31.0,96.5,-37.8134078,144.9794923,ENV,REAL_508,Real sensor series - Fitzroy Gardens - board 508,42,real_sensor_board_508,23.764456977371328,0,normal
2015-02-27 02:30:00+00:00,26.5,Fitzroy Gardens,508,32.4,96.5,-37.8134078,144.9794923,ENV,REAL_508,Real sensor series - Fitzroy Gardens - board 508,42,real_sensor_board_508,23.851565581897063,0,normal
2015-02-27 02:40:00+00:00,25.8,Fitzroy Gardens,508,32.8,96.5,-37.8134078,144.9794923,ENV,REAL_508,Real sensor series - Fitzroy Gardens - board 508,42,real_sensor_board_508,23.92125246551765,0,normal
2015-02-27 02:50:00+00:00,25.5,Fitzroy Gardens,508,32.8,96.3,-37.8134078,144.9794923,ENV,REAL_508,Real sensor series - Fitzroy Gardens - board 508,42,real_sensor_board_508,23.977001972414122,0,normal
2015-02-27 03:00:00+00:00,24.8,Fitzroy Gardens,508,33.8,96.2,-37.8134078,144.9794923,ENV,REAL_508,Real sensor series - Fitzroy Gardens - board 508,42,real_sensor_board_508,24.0216015779313,0,normal
2015-02-27 03:10:00+00:00,24.2,Fitzroy Gardens,508,33.5,95.5,-37.8134078,144.9794923,ENV,REAL_508,Real sensor series - Fitzroy Gardens - board 508,42,real_sensor_board_508,24.05728126234504,0,normal
2015-02-27 03:20:00+00:00,24.2,Fitzroy Gardens,508,35.2,95.4,-37.8134078,144.9794923,ENV,REAL_508,Real sensor series - Fitzroy Gardens - board 508,42,real_sensor_board_508,24.085825009876032,0,normal
2015-02-27 03:30:00+00:00,24.2,Fitzroy Gardens,508,34.3,94.9,-37.8134078,144.9794923,ENV,REAL_508,Real sensor series - Fitzroy Gardens - board 508,42,real_sensor_board_508,24.108660007900827,0,normal
2015-02-27 03:40:00+00:00,23.5,Fitzroy Gardens,508,35.4,95.2,-37.8134078,144.9794923,ENV,REAL_508,Real sensor series - Fitzroy Gardens - board 508,42,real_sensor_board_508,24.066928006320666,0,normal
2015-02-27 03:50:00+00:00,23.9,Fitzroy Gardens,508,34.6,94.1,-37.8134078,144.9794923,ENV,REAL_508,Real sensor series - Fitzroy Gardens - board 508,42,real_sensor_board_508,23.953542405056535,1,weak_multivariate_excursion
2015-02-27 13:05:00+00:00,17.7,Fitzroy Gardens,508,48.5,1.6,-37.8134078,144.9794923,ENV,REAL_508,Real sensor series - Fitzroy Gardens - board 508,42,real_sensor_board_508,22.702833924045226,1,weak_multivariate_excursion
2015-02-27 13:15:00+00:00,17.7,Fitzroy Gardens,508,48.1,1.6,-37.8134078,144.9794923,ENV,REAL_508,Real sensor series - Fitzroy Gardens - board 508,42,real_sensor_board_508,21.70226713923618,1,weak_multivariate_excursion
2015-02-27 13:25:00+00:00,17.7,Fitzroy Gardens,508,47.7,1.6,-37.8134078,144.9794923,ENV,REAL_508,Real sensor series - Fitzroy Gardens - board 508,42,real_sensor_board_508,20.901813711388943,0,normal
2015-02-27 13:35:00+00:00,17.7,Fitzroy Gardens,508,48.0,1.6,-37.8134078,144.9794923,ENV,REAL_508,Real sensor series - Fitzroy Gardens - board 508,42,real_sensor_board_508,20.261450969111156,0,normal
2015-02-27 13:45:00+00:00,17.7,Fitzroy Gardens,508,48.1,1.6,-37.8134078,144.9794923,ENV,REAL_508,Real sensor series - Fitzroy Gardens - board 508,42,real_sensor_board_508,19.749160775288924,0,normal
2015-02-27 14:05:00+00:00,17.4,Fitzroy Gardens,508,49.6,1.6,-37.8134078,144.9794923,ENV,REAL_508,Real sensor series - Fitzroy Gardens - board 508,42,real_sensor_board_508,19.27932862023114,0,normal
2015-02-27 14:15:00+00:00,17.4,Fitzroy Gardens,508,50.3,1.6,-37.8134078,144.9794923,ENV,REAL_508,Real sensor series - Fitzroy Gardens - board 508,42,real_sensor_board_508,18.903462896184912,0,normal
2015-02-27 14:30:00+00:00,17.1,Fitzroy Gardens,508,51.4,1.6,-37.8134078,144.9794923,ENV,REAL_508,Real sensor series - Fitzroy Gardens - board 508,42,real_sensor_board_508,18.60277031694793,0,normal
2015-02-27 14:40:00+00:00,17.1,Fitzroy Gardens,508,51.4,1.6,-37.8134078,144.9794923,ENV,REAL_508,Real sensor series - Fitzroy Gardens - board 508,42,real_sensor_board_508,18.362216253558344,0,normal
2015-02-27 14:50:00+00:00,17.1,Fitzroy Gardens,508,51.6,1.6,-37.8134078,144.9794923,ENV,REAL_508,Real sensor series - Fitzroy Gardens - board 508,42,real_sensor_board_508,18.169773002846675,0,normal
2015-02-27 15:00:00+00:00,17.1,Fitzroy Gardens,508,51.6,1.6,-37.8134078,144.9794923,ENV,REAL_508,Real sensor series - Fitzroy Gardens - board 508,42,real_sensor_board_508,18.01581840227734,0,normal
2015-02-27 15:10:00+00:00,16.8,Fitzroy Gardens,508,51.8,1.6,-37.8134078,144.9794923,ENV,REAL_508,Real sensor series - Fitzroy Gardens - board 508,42,real_sensor_board_508,17.892654721821874,0,normal
2015-02-27 15:20:00+00:00,16.8,Fitzroy Gardens,508,52.2,1.6,-37.8134078,144.9794923,ENV,REAL_508,Real sensor series - Fitzroy Gardens - board 508,42,real_sensor_board_508,17.7941237774575,0,normal
2015-02-27 15:30:00+00:00,16.8,Fitzroy Gardens,508,52.1,1.6,-37.8134078,144.9794923,ENV,REAL_508,Real sensor series - Fitzroy Gardens - board 508,42,real_sensor_board_508,17.715299021966,0,normal
2015-02-27 15:40:00+00:00,17.1,Fitzroy Gardens,508,52.2,1.6,-37.8134078,144.9794923,ENV,REAL_508,Real sensor series - Fitzroy Gardens - board 508,42,real_sensor_board_508,17.652239217572802,0,normal
2015-02-27 15:50:00+00:00,16.8,Fitzroy Gardens,508,52.2,1.6,-37.8134078,144.9794923,ENV,REAL_508,Real sensor series - Fitzroy Gardens - board 508,42,real_sensor_board_508,17.60179137405824,0,normal
2015-02-27 18:15:00+00:00,17.1,Fitzroy Gardens,508,53.0,1.6,-37.8134078,144.9794923,ENV,REAL_508,Real sensor series - Fitzroy Gardens - board 508,42,real_sensor_board_508,17.561433099246592,0,normal
2015-02-27 18:25:00+00:00,17.1,Fitzroy Gardens,508,52.9,1.6,-37.8134078,144.9794923,ENV,REAL_508,Real sensor series - Fitzroy Gardens - board 508,42,real_sensor_board_508,17.529146479397273,0,normal
2015-02-27 18:35:00+00:00,17.1,Fitzroy Gardens,508,52.4,1.6,-37.8134078,144.9794923,ENV,REAL_508,Real sensor series - Fitzroy Gardens - board 508,42,real_sensor_board_508,17.50331718351782,0,normal
2015-02-27 18:45:00+00:00,17.4,Fitzroy Gardens,508,51.9,1.6,-37.8134078,144.9794923,ENV,REAL_508,Real sensor series - Fitzroy Gardens - board 508,42,real_sensor_board_508,17.482653746814254,0,normal
2015-02-27 18:55:00+00:00,17.4,Fitzroy Gardens,508,51.0,1.5,-37.8134078,144.9794923,ENV,REAL_508,Real sensor series - Fitzroy Gardens - board 508,42,real_sensor_board_508,17.466122997451404,0,normal
2015-02-27 19:05:00+00:00,17.4,Fitzroy Gardens,508,51.1,1.5,-37.8134078,144.9794923,ENV,REAL_508,Real sensor series - Fitzroy Gardens - board 508,42,real_sensor_board_508,17.452898397961125,0,normal
2015-02-27 19:25:00+00:00,17.4,Fitzroy Gardens,508,52.2,1.6,-37.8134078,144.9794923,ENV,REAL_508,Real sensor series - Fitzroy Gardens - board 508,42,real_sensor_board_508,17.4423187183689,0,normal
2015-02-27 19:35:00+00:00,17.1,Fitzroy Gardens,508,52.2,2.2,-37.8134078,144.9794923,ENV,REAL_508,Real sensor series - Fitzroy Gardens - board 508,42,real_sensor_board_508,17.43385497469512,0,normal
2015-02-27 19:45:00+00:00,17.1,Fitzroy Gardens,508,52.2,6.7,-37.8134078,144.9794923,ENV,REAL_508,Real sensor series - Fitzroy Gardens - board 508,42,real_sensor_board_508,17.427083979756095,0,normal
2015-02-27 19:55:00+00:00,17.4,Fitzroy Gardens,508,52.1,19.3,-37.8134078,144.9794923,ENV,REAL_508,Real sensor series - Fitzroy Gardens - board 508,42,real_sensor_board_508,17.421667183804875,0,normal
2015-02-27 20:05:00+00:00,17.4,Fitzroy Gardens,508,51.6,34.9,-37.8134078,144.9794923,ENV,REAL_508,Real sensor series - Fitzroy Gardens - board 508,42,real_sensor_board_508,17.4173337470439,1,weak_multivariate_excursion
2015-02-27 23:00:00+00:00,20.3,Fitzroy Gardens,508,47.3,87.8,-37.8134078,144.9794923,ENV,REAL_508,Real sensor series - Fitzroy Gardens - board 508,42,real_sensor_board_508,17.993866997635124,1,weak_multivariate_excursion
2015-02-27 23:20:00+00:00,21.0,Fitzroy Gardens,508,47.0,90.6,-37.8134078,144.9794923,ENV,REAL_508,Real sensor series - Fitzroy Gardens - board 508,42,real_sensor_board_508,18.5950935981081,1,weak_multivariate_excursion
2015-02-27 23:30:00+00:00,21.9,Fitzroy Gardens,508,46.4,90.4,-37.8134078,144.9794923,ENV,REAL_508,Real sensor series - Fitzroy Gardens - board 508,42,real_sensor_board_508,19.25607487848648,0,normal
2015-02-27 23:40:00+00:00,22.3,Fitzroy Gardens,508,46.1,83.3,-37.8134078,144.9794923,ENV,REAL_508,Real sensor series - Fitzroy Gardens - board 508,42,real_sensor_board_508,19.864859902789185,0,normal
2015-02-27 23:50:00+00:00,22.6,Fitzroy Gardens,508,42.3,77.0,-37.8134078,144.9794923,ENV,REAL_508,Real sensor series - Fitzroy Gardens - board 508,42,real_sensor_board_508,20.411887922231347,0,normal
2015-02-28 00:45:00+00:00,22.6,Fitzroy Gardens,508,36.2,82.9,-37.8134078,144.9794923,ENV,REAL_508,Real sensor series - Fitzroy Gardens - board 508,42,real_sensor_board_508,20.849510337785077,0,normal
2015-02-28 00:55:00+00:00,22.9,Fitzroy Gardens,508,35.2,80.2,-37.8134078,144.9794923,ENV,REAL_508,Real sensor series - Fitzroy Gardens - board 508,42,real_sensor_board_508,21.259608270228064,0,normal
2015-02-28 01:15:00+00:00,23.2,Fitzroy Gardens,508,33.0,84.0,-37.8134078,144.9794923,ENV,REAL_508,Real sensor series - Fitzroy Gardens - board 508,42,real_sensor_board_508,21.64768661618245,0,normal
2015-02-28 01:25:00+00:00,23.5,Fitzroy Gardens,508,31.1,88.0,-37.8134078,144.9794923,ENV,REAL_508,Real sensor series - Fitzroy Gardens - board 508,42,real_sensor_board_508,22.01814929294596,0,normal
2015-02-28 01:35:00+00:00,23.9,Fitzroy Gardens,508,31.0,86.7,-37.8134078,144.9794923,ENV,REAL_508,Real sensor series - Fitzroy Gardens - board 508,42,real_sensor_board_508,22.39451943435677,0,normal
2015-02-28 01:45:00+00:00,23.9,Fitzroy Gardens,508,32.1,86.3,-37.8134078,144.9794923,ENV,REAL_508,Real sensor series - Fitzroy Gardens - board 508,42,real_sensor_board_508,22.695615547485417,0,normal
2015-02-28 01:55:00+00:00,24.8,Fitzroy Gardens,508,31.0,90.7,-37.8134078,144.9794923,ENV,REAL_508,Real sensor series - Fitzroy Gardens - board 508,42,real_sensor_board_508,23.116492437988335,0,normal
2015-02-28 02:05:00+00:00,24.8,Fitzroy Gardens,508,29.7,90.6,-37.8134078,144.9794923,ENV,REAL_508,Real sensor series - Fitzroy Gardens - board 508,42,real_sensor_board_508,23.45319395039067,0,normal
2015-02-28 02:15:00+00:00,25.2,Fitzroy Gardens,508,30.8,91.3,-37.8134078,144.9794923,ENV,REAL_508,Real sensor series - Fitzroy Gardens - board 508,42,real_sensor_board_508,23.802555160312536,0,normal
2015-02-28 02:25:00+00:00,25.5,Fitzroy Gardens,508,31.1,91.7,-37.8134078,144.9794923,ENV,REAL_508,Real sensor series - Fitzroy Gardens - board 508,42,real_sensor_board_508,24.14204412825003,0,normal
2015-02-28 02:35:00+00:00,26.1,Fitzroy Gardens,508,31.3,92.8,-37.8134078,144.9794923,ENV,REAL_508,Real sensor series - Fitzroy Gardens - board 508,42,real_sensor_board_508,24.533635302600025,0,normal
2015-02-28 02:55:00+00:00,27.1,Fitzroy Gardens,508,28.6,91.5,-37.8134078,144.9794923,ENV,REAL_508,Real sensor series - Fitzroy Gardens - board 508,42,real_sensor_board_508,24.98690824208002,0,normal
2015-02-28 03:05:00+00:00,26.8,Fitzroy Gardens,508,28.7,91.6,-37.8134078,144.9794923,ENV,REAL_508,Real sensor series - Fitzroy Gardens - board 508,42,real_sensor_board_508,25.40952659366402,1,weak_multivariate_excursion
2015-02-28 03:30:00+00:00,30.3,Fitzroy Gardens,508,26.2,94.9,-37.8134078,144.9794923,ENV,REAL_508,Real sensor series - Fitzroy Gardens - board 508,42,real_sensor_board_508,25.867621274931217,1,weak_multivariate_excursion
2015-02-28 03:40:00+00:00,29.4,Fitzroy Gardens,508,24.8,92.0,-37.8134078,144.9794923,ENV,REAL_508,Real sensor series - Fitzroy Gardens - board 508,42,real_sensor_board_508,26.234097019944976,1,weak_multivariate_excursion
2015-02-28 03:50:00+00:00,28.1,Fitzroy Gardens,508,27.0,79.9,-37.8134078,144.9794923,ENV,REAL_508,Real sensor series - Fitzroy Gardens - board 508,42,real_sensor_board_508,26.52727761595598,1,weak_multivariate_excursion
2015-02-28 04:00:00+00:00,27.7,Fitzroy Gardens,508,27.3,89.3,-37.8134078,144.9794923,ENV,REAL_508,Real sensor series - Fitzroy Gardens - board 508,42,real_sensor_board_508,26.761822092764785,1,weak_multivariate_excursion
2015-02-28 05:10:00+00:00,30.6,Fitzroy Gardens,508,24.2,95.6,-37.8134078,144.9794923,ENV,REAL_508,Real sensor series - Fitzroy Gardens - board 508,42,real_sensor_board_508,26.94945767421183,1,weak_multivariate_excursion
2015-02-28 05:30:00+00:00,30.0,Fitzroy Gardens,508,23.4,85.4,-37.8134078,144.9794923,ENV,REAL_508,Real sensor series - Fitzroy Gardens - board 508,42,real_sensor_board_508,27.099566139369465,1,weak_multivariate_excursion
2015-02-28 05:50:00+00:00,30.0,Fitzroy Gardens,508,23.5,89.5,-37.8134078,144.9794923,ENV,REAL_508,Real sensor series - Fitzroy Gardens - board 508,42,real_sensor_board_508,27.219652911495572,1,weak_multivariate_excursion
2015-02-28 06:10:00+00:00,31.9,Fitzroy Gardens,508,23.5,92.7,-37.8134078,144.9794923,ENV,REAL_508,Real sensor series - Fitzroy Gardens - board 508,42,real_sensor_board_508,27.315722329196458,1,weak_multivariate_excursion
2015-02-28 06:20:00+00:00,31.6,Fitzroy Gardens,508,22.1,90.9,-37.8134078,144.9794923,ENV,REAL_508,Real sensor series - Fitzroy Gardens - board 508,42,real_sensor_board_508,27.392577863357168,1,weak_multivariate_excursion
2015-02-28 06:35:00+00:00,31.6,Fitzroy Gardens,508,21.0,89.9,-37.8134078,144.9794923,ENV,REAL_508,Real sensor series - Fitzroy Gardens - board 508,42,real_sensor_board_508,27.454062290685734,0,normal
2015-02-28 06:45:00+00:00,31.6,Fitzroy Gardens,508,21.0,89.8,-37.8134078,144.9794923,ENV,REAL_508,Real sensor series - Fitzroy Gardens - board 508,42,real_sensor_board_508,27.503249832548587,0,normal
2015-02-28 06:55:00+00:00,31.3,Fitzroy Gardens,508,20.4,88.7,-37.8134078,144.9794923,ENV,REAL_508,Real sensor series - Fitzroy Gardens - board 508,42,real_sensor_board_508,27.54259986603887,0,normal
2015-02-28 07:25:00+00:00,31.3,Fitzroy Gardens,508,19.9,88.5,-37.8134078,144.9794923,ENV,REAL_508,Real sensor series - Fitzroy Gardens - board 508,42,real_sensor_board_508,27.574079892831097,0,normal
2015-02-28 07:35:00+00:00,31.0,Fitzroy Gardens,508,19.9,84.3,-37.8134078,144.9794923,ENV,REAL_508,Real sensor series - Fitzroy Gardens - board 508,42,real_sensor_board_508,27.599263914264878,0,normal
2015-02-28 07:45:00+00:00,30.6,Fitzroy Gardens,508,20.1,81.8,-37.8134078,144.9794923,ENV,REAL_508,Real sensor series - Fitzroy Gardens - board 508,42,real_sensor_board_508,27.6194111314119,0,normal
2015-02-28 08:25:00+00:00,29.7,Fitzroy Gardens,508,21.5,71.4,-37.8134078,144.9794923,ENV,REAL_508,Real sensor series - Fitzroy Gardens - board 508,42,real_sensor_board_508,27.635528905129522,1,weak_multivariate_excursion
2015-02-28 08:55:00+00:00,27.1,Fitzroy Gardens,508,25.7,30.7,-37.8134078,144.9794923,ENV,REAL_508,Real sensor series - Fitzroy Gardens - board 508,42,real_sensor_board_508,27.52842312410362,1,weak_multivariate_excursion
2015-02-28 09:15:00+00:00,26.8,Fitzroy Gardens,508,27.3,2.2,-37.8134078,144.9794923,ENV,REAL_508,Real sensor series - Fitzroy Gardens - board 508,42,real_sensor_board_508,27.382738499282897,1,weak_multivariate_excursion
2015-02-28 09:25:00+00:00,26.8,Fitzroy Gardens,508,33.0,1.5,-37.8134078,144.9794923,ENV,REAL_508,Real sensor series - Fitzroy Gardens - board 508,42,real_sensor_board_508,27.26619079942632,1,weak_multivariate_excursion
2015-02-28 09:40:00+00:00,19.7,Fitzroy Gardens,508,56.5,1.5,-37.8134078,144.9794923,ENV,REAL_508,Real sensor series - Fitzroy Gardens - board 508,42,real_sensor_board_508,25.752952639541057,1,weak_multivariate_excursion
2015-02-28 09:50:00+00:00,19.7,Fitzroy Gardens,508,56.8,1.5,-37.8134078,144.9794923,ENV,REAL_508,Real sensor series - Fitzroy Gardens - board 508,42,real_sensor_board_508,24.542362111632848,1,weak_multivariate_excursion
2015-02-28 10:00:00+00:00,19.0,Fitzroy Gardens,508,60.6,1.5,-37.8134078,144.9794923,ENV,REAL_508,Real sensor series - Fitzroy Gardens - board 508,42,real_sensor_board_508,23.43388968930628,0,normal
2015-02-28 10:10:00+00:00,18.7,Fitzroy Gardens,508,62.3,1.4,-37.8134078,144.9794923,ENV,REAL_508,Real sensor series - Fitzroy Gardens - board 508,42,real_sensor_board_508,22.547111751445026,0,normal
2015-02-28 10:20:00+00:00,19.0,Fitzroy Gardens,508,63.3,1.4,-37.8134078,144.9794923,ENV,REAL_508,Real sensor series - Fitzroy Gardens - board 508,42,real_sensor_board_508,21.837689401156023,0,normal
2015-02-28 10:30:00+00:00,19.0,Fitzroy Gardens,508,63.6,1.4,-37.8134078,144.9794923,ENV,REAL_508,Real sensor series - Fitzroy Gardens - board 508,42,real_sensor_board_508,21.27015152092482,0,normal
2015-02-28 10:40:00+00:00,19.0,Fitzroy Gardens,508,63.9,1.4,-37.8134078,144.9794923,ENV,REAL_508,Real sensor series - Fitzroy Gardens - board 508,42,real_sensor_board_508,20.756121216739857,0,normal
2015-02-28 10:50:00+00:00,18.7,Fitzroy Gardens,508,64.1,1.4,-37.8134078,144.9794923,ENV,REAL_508,Real sensor series - Fitzroy Gardens - board 508,42,real_sensor_board_508,20.344896973391883,0,normal
2015-02-28 11:00:00+00:00,18.7,Fitzroy Gardens,508,65.0,1.4,-37.8134078,144.9794923,ENV,REAL_508,Real sensor series - Fitzroy Gardens - board 508,42,real_sensor_board_508,20.015917578713506,0,normal
2015-02-28 11:10:00+00:00,18.7,Fitzroy Gardens,508,65.5,1.5,-37.8134078,144.9794923,ENV,REAL_508,Real sensor series - Fitzroy Gardens - board 508,42,real_sensor_board_508,19.752734062970802,0,normal
2015-02-28 11:20:00+00:00,18.7,Fitzroy Gardens,508,66.3,1.5,-37.8134078,144.9794923,ENV,REAL_508,Real sensor series - Fitzroy Gardens - board 508,42,real_sensor_board_508,19.542187250376642,0,normal
2015-02-28 11:30:00+00:00,18.7,Fitzroy Gardens,508,66.7,1.4,-37.8134078,144.9794923,ENV,REAL_508,Real sensor series - Fitzroy Gardens - board 508,42,real_sensor_board_508,19.373749800301315,0,normal
2015-02-28 11:40:00+00:00,18.4,Fitzroy Gardens,508,66.7,1.3,-37.8134078,144.9794923,ENV,REAL_508,Real sensor series - Fitzroy Gardens - board 508,42,real_sensor_board_508,19.178999840241055,0,normal
2015-02-28 11:50:00+00:00,18.4,Fitzroy Gardens,508,67.1,1.3,-37.8134078,144.9794923,ENV,REAL_508,Real sensor series - Fitzroy Gardens - board 508,42,real_sensor_board_508,19.023199872192844,0,normal
2015-02-28 13:15:00+00:00,18.4,Fitzroy Gardens,508,67.5,1.3,-37.8134078,144.9794923,ENV,REAL_508,Real sensor series - Fitzroy Gardens - board 508,42,real_sensor_board_508,18.898559897754275,0,normal
2015-02-28 13:25:00+00:00,18.4,Fitzroy Gardens,508,67.5,1.3,-37.8134078,144.9794923,ENV,REAL_508,Real sensor series - Fitzroy Gardens - board 508,42,real_sensor_board_508,18.79884791820342,0,normal
2015-02-28 13:35:00+00:00,18.4,Fitzroy Gardens,508,67.5,1.3,-37.8134078,144.9794923,ENV,REAL_508,Real sensor series - Fitzroy Gardens - board 508,42,real_sensor_board_508,18.719078334562738,0,normal
2015-02-28 13:55:00+00:00,18.1,Fitzroy Gardens,508,67.7,1.2,-37.8134078,144.9794923,ENV,REAL_508,Real sensor series - Fitzroy Gardens - board 508,42,real_sensor_board_508,18.595262667650193,0,normal
2015-02-28 14:15:00+00:00,18.1,Fitzroy Gardens,508,67.2,1.3,-37.8134078,144.9794923,ENV,REAL_508,Real sensor series - Fitzroy Gardens - board 508,42,real_sensor_board_508,18.496210134120155,0,normal
2015-02-28 14:25:00+00:00,17.4,Fitzroy Gardens,508,66.3,1.3,-37.8134078,144.9794923,ENV,REAL_508,Real sensor series - Fitzroy Gardens - board 508,42,real_sensor_board_508,18.276968107296124,0,normal
2015-02-28 14:35:00+00:00,17.4,Fitzroy Gardens,508,66.1,1.3,-37.8134078,144.9794923,ENV,REAL_508,Real sensor series - Fitzroy Gardens - board 508,42,real_sensor_board_508,18.1015744858369,0,normal
2015-02-28 14:45:00+00:00,17.1,Fitzroy Gardens,508,65.6,1.3,-37.8134078,144.9794923,ENV,REAL_508,Real sensor series - Fitzroy Gardens - board 508,42,real_sensor_board_508,17.90125958866952,0,normal
2015-02-28 14:55:00+00:00,16.8,Fitzroy Gardens,508,66.0,1.2,-37.8134078,144.9794923,ENV,REAL_508,Real sensor series - Fitzroy Gardens - board 508,42,real_sensor_board_508,17.74100767093562,0,normal
2015-02-28 15:05:00+00:00,16.8,Fitzroy Gardens,508,66.3,1.3,-37.8134078,144.9794923,ENV,REAL_508,Real sensor series - Fitzroy Gardens - board 508,42,real_sensor_board_508,17.612806136748496,0,normal
2015-02-28 15:15:00+00:00,16.8,Fitzroy Gardens,508,66.6,1.3,-37.8134078,144.9794923,ENV,REAL_508,Real sensor series - Fitzroy Gardens - board 508,42,real_sensor_board_508,17.5102449093988,0,normal
2015-02-28 15:25:00+00:00,16.1,Fitzroy Gardens,508,66.1,1.3,-37.8134078,144.9794923,ENV,REAL_508,Real sensor series - Fitzroy Gardens - board 508,42,real_sensor_board_508,17.42819592751904,0,normal
2015-02-28 15:35:00+00:00,16.5,Fitzroy Gardens,508,65.8,1.3,-37.8134078,144.9794923,ENV,REAL_508,Real sensor series - Fitzroy Gardens - board 508,42,real_sensor_board_508,17.362556742015236,0,normal
2015-02-28 15:55:00+00:00,16.1,Fitzroy Gardens,508,65.5,1.2,-37.8134078,144.9794923,ENV,REAL_508,Real sensor series - Fitzroy Gardens - board 508,42,real_sensor_board_508,17.310045393612192,0,normal
2015-02-28 17:00:00+00:00,15.8,Fitzroy Gardens,508,62.2,1.3,-37.8134078,144.9794923,ENV,REAL_508,Real sensor series - Fitzroy Gardens - board 508,42,real_sensor_board_508,17.268036314889756,0,normal
2015-02-28 17:10:00+00:00,16.1,Fitzroy Gardens,508,60.9,1.3,-37.8134078,144.9794923,ENV,REAL_508,Real sensor series - Fitzroy Gardens - board 508,42,real_sensor_board_508,17.234429051911807,0,normal
2015-02-28 18:10:00+00:00,15.8,Fitzroy Gardens,508,56.2,1.2,-37.8134078,144.9794923,ENV,REAL_508,Real sensor series - Fitzroy Gardens - board 508,42,real_sensor_board_508,17.207543241529446,0,normal
2015-02-28 18:20:00+00:00,15.8,Fitzroy Gardens,508,56.2,1.3,-37.8134078,144.9794923,ENV,REAL_508,Real sensor series - Fitzroy Gardens - board 508,42,real_sensor_board_508,17.18603459322356,1,weak_multivariate_excursion
2015-03-01 08:45:00+00:00,17.1,Fitzroy Gardens,508,45.1,62.3,-37.8134078,144.9794923,ENV,REAL_508,Real sensor series - Fitzroy Gardens - board 508,42,real_sensor_board_508,17.16882767457885,1,weak_multivariate_excursion
2015-03-01 13:00:00+00:00,15.5,Fitzroy Gardens,508,47.2,1.7,-37.8134078,144.9794923,ENV,REAL_508,Real sensor series - Fitzroy Gardens - board 508,42,real_sensor_board_508,17.15506213966308,1,weak_multivariate_excursion
2015-03-01 13:10:00+00:00,15.5,Fitzroy Gardens,508,46.1,1.6,-37.8134078,144.9794923,ENV,REAL_508,Real sensor series - Fitzroy Gardens - board 508,42,real_sensor_board_508,17.144049711730467,1,weak_multivariate_excursion
2015-03-01 13:20:00+00:00,15.2,Fitzroy Gardens,508,46.6,1.7,-37.8134078,144.9794923,ENV,REAL_508,Real sensor series - Fitzroy Gardens - board 508,42,real_sensor_board_508,17.135239769384377,1,weak_multivariate_excursion
2015-03-01 18:10:00+00:00,11.9,Fitzroy Gardens,508,53.7,1.7,-37.8134078,144.9794923,ENV,REAL_508,Real sensor series - Fitzroy Gardens - board 508,42,real_sensor_board_508,17.128191815507503,1,weak_multivariate_excursion
2015-03-01 20:00:00+00:00,10.3,Fitzroy Gardens,508,57.9,41.7,-37.8134078,144.9794923,ENV,REAL_508,Real sensor series - Fitzroy Gardens - board 508,42,real_sensor_board_508,17.122553452406002,1,weak_multivariate_excursion
2015-03-02 09:00:00+00:00,19.4,Fitzroy Gardens,508,38.5,17.2,-37.8134078,144.9794923,ENV,REAL_508,Real sensor series - Fitzroy Gardens - board 508,42,real_sensor_board_508,17.238042761924802,1,weak_multivariate_excursion
2015-03-02 09:20:00+00:00,19.0,Fitzroy Gardens,508,38.2,2.0,-37.8134078,144.9794923,ENV,REAL_508,Real sensor series - Fitzroy Gardens - board 508,42,real_sensor_board_508,17.330434209539842,1,weak_multivariate_excursion
2015-03-02 09:30:00+00:00,18.7,Fitzroy Gardens,508,40.4,1.6,-37.8134078,144.9794923,ENV,REAL_508,Real sensor series - Fitzroy Gardens - board 508,42,real_sensor_board_508,17.404347367631875,1,weak_multivariate_excursion
2015-03-02 09:40:00+00:00,18.4,Fitzroy Gardens,508,41.4,1.6,-37.8134078,144.9794923,ENV,REAL_508,Real sensor series - Fitzroy Gardens - board 508,42,real_sensor_board_508,17.4634778941055,0,normal
2015-03-02 09:55:00+00:00,18.4,Fitzroy Gardens,508,40.7,1.6,-37.8134078,144.9794923,ENV,REAL_508,Real sensor series - Fitzroy Gardens - board 508,42,real_sensor_board_508,17.510782315284402,0,normal
2015-03-02 10:05:00+00:00,18.7,Fitzroy Gardens,508,40.4,1.6,-37.8134078,144.9794923,ENV,REAL_508,Real sensor series - Fitzroy Gardens - board 508,42,real_sensor_board_508,17.548625852227524,0,normal
2015-03-02 10:15:00+00:00,19.0,Fitzroy Gardens,508,40.4,1.6,-37.8134078,144.9794923,ENV,REAL_508,Real sensor series - Fitzroy Gardens - board 508,42,real_sensor_board_508,17.57890068178202,0,normal
2015-03-02 10:25:00+00:00,18.7,Fitzroy Gardens,508,41.7,1.6,-37.8134078,144.9794923,ENV,REAL_508,Real sensor series - Fitzroy Gardens - board 508,42,real_sensor_board_508,17.603120545425618,0,normal
2015-03-02 10:35:00+00:00,18.1,Fitzroy Gardens,508,44.0,1.6,-37.8134078,144.9794923,ENV,REAL_508,Real sensor series - Fitzroy Gardens - board 508,42,real_sensor_board_508,17.622496436340494,0,normal
2015-03-02 10:45:00+00:00,18.4,Fitzroy Gardens,508,43.1,1.6,-37.8134078,144.9794923,ENV,REAL_508,Real sensor series - Fitzroy Gardens - board 508,42,real_sensor_board_508,17.637997149072397,0,normal
2015-03-02 10:55:00+00:00,17.7,Fitzroy Gardens,508,45.0,1.6,-37.8134078,144.9794923,ENV,REAL_508,Real sensor series - Fitzroy Gardens - board 508,42,real_sensor_board_508,17.650397719257917,0,normal
2015-03-02 11:05:00+00:00,18.1,Fitzroy Gardens,508,43.7,1.6,-37.8134078,144.9794923,ENV,REAL_508,Real sensor series - Fitzroy Gardens - board 508,42,real_sensor_board_508,17.660318175406335,0,normal
2015-03-02 11:15:00+00:00,18.7,Fitzroy Gardens,508,41.8,1.6,-37.8134078,144.9794923,ENV,REAL_508,Real sensor series - Fitzroy Gardens - board 508,42,real_sensor_board_508,17.748254540325068,0,normal
2015-03-02 11:25:00+00:00,18.1,Fitzroy Gardens,508,43.3,1.6,-37.8134078,144.9794923,ENV,REAL_508,Real sensor series - Fitzroy Gardens - board 508,42,real_sensor_board_508,17.818603632260054,0,normal
2015-03-02 11:35:00+00:00,18.1,Fitzroy Gardens,508,43.9,1.7,-37.8134078,144.9794923,ENV,REAL_508,Real sensor series - Fitzroy Gardens - board 508,42,real_sensor_board_508,17.874882905808043,0,normal
2015-03-02 11:45:00+00:00,18.4,Fitzroy Gardens,508,43.1,1.7,-37.8134078,144.9794923,ENV,REAL_508,Real sensor series - Fitzroy Gardens - board 508,42,real_sensor_board_508,17.919906324646437,0,normal
2015-03-02 12:15:00+00:00,17.7,Fitzroy Gardens,508,45.0,1.7,-37.8134078,144.9794923,ENV,REAL_508,Real sensor series - Fitzroy Gardens - board 508,42,real_sensor_board_508,17.87592505971715,0,normal
2015-03-02 13:10:00+00:00,17.1,Fitzroy Gardens,508,45.9,1.7,-37.8134078,144.9794923,ENV,REAL_508,Real sensor series - Fitzroy Gardens - board 508,42,real_sensor_board_508,17.84074004777372,0,normal
2015-03-02 13:20:00+00:00,16.8,Fitzroy Gardens,508,46.6,1.7,-37.8134078,144.9794923,ENV,REAL_508,Real sensor series - Fitzroy Gardens - board 508,42,real_sensor_board_508,17.812592038218977,0,normal
2015-03-02 13:30:00+00:00,16.8,Fitzroy Gardens,508,46.1,1.7,-37.8134078,144.9794923,ENV,REAL_508,Real sensor series - Fitzroy Gardens - board 508,42,real_sensor_board_508,17.790073630575183,0,normal
2015-03-02 13:40:00+00:00,16.8,Fitzroy Gardens,508,47.5,1.7,-37.8134078,144.9794923,ENV,REAL_508,Real sensor series - Fitzroy Gardens - board 508,42,real_sensor_board_508,17.772058904460145,0,normal
2015-03-02 13:50:00+00:00,16.5,Fitzroy Gardens,508,47.5,1.7,-37.8134078,144.9794923,ENV,REAL_508,Real sensor series - Fitzroy Gardens - board 508,42,real_sensor_board_508,17.757647123568116,0,normal
2015-03-02 14:00:00+00:00,16.8,Fitzroy Gardens,508,47.5,1.7,-37.8134078,144.9794923,ENV,REAL_508,Real sensor series - Fitzroy Gardens - board 508,42,real_sensor_board_508,17.686117698854492,0,normal
2015-03-02 14:10:00+00:00,16.8,Fitzroy Gardens,508,47.8,1.7,-37.8134078,144.9794923,ENV,REAL_508,Real sensor series - Fitzroy Gardens - board 508,42,real_sensor_board_508,17.628894159083593,0,normal
2015-03-02 14:20:00+00:00,16.5,Fitzroy Gardens,508,48.6,1.7,-37.8134078,144.9794923,ENV,REAL_508,Real sensor series - Fitzroy Gardens - board 508,42,real_sensor_board_508,17.583115327266874,0,normal
2015-03-02 14:30:00+00:00,16.8,Fitzroy Gardens,508,47.2,1.7,-37.8134078,144.9794923,ENV,REAL_508,Real sensor series - Fitzroy Gardens - board 508,42,real_sensor_board_508,17.5464922618135,0,normal
2015-03-02 14:40:00+00:00,17.7,Fitzroy Gardens,508,42.8,1.6,-37.8134078,144.9794923,ENV,REAL_508,Real sensor series - Fitzroy Gardens - board 508,42,real_sensor_board_508,17.457193809450803,0,normal
2015-03-02 14:50:00+00:00,18.1,Fitzroy Gardens,508,42.1,1.6,-37.8134078,144.9794923,ENV,REAL_508,Real sensor series - Fitzroy Gardens - board 508,42,real_sensor_board_508,17.385755047560643,0,normal
2015-03-02 15:00:00+00:00,17.7,Fitzroy Gardens,508,42.9,1.6,-37.8134078,144.9794923,ENV,REAL_508,Real sensor series - Fitzroy Gardens - board 508,42,real_sensor_board_508,17.328604038048518,0,normal
2015-03-02 15:10:00+00:00,17.7,Fitzroy Gardens,508,43.9,1.6,-37.8134078,144.9794923,ENV,REAL_508,Real sensor series - Fitzroy Gardens - board 508,42,real_sensor_board_508,17.282883230438816,0,normal
2015-03-02 15:20:00+00:00,17.1,Fitzroy Gardens,508,46.6,1.7,-37.8134078,144.9794923,ENV,REAL_508,Real sensor series - Fitzroy Gardens - board 508,42,real_sensor_board_508,17.246306584351053,0,normal
2015-03-02 15:30:00+00:00,17.7,Fitzroy Gardens,508,45.6,1.6,-37.8134078,144.9794923,ENV,REAL_508,Real sensor series - Fitzroy Gardens - board 508,42,real_sensor_board_508,17.217045267480845,0,normal
2015-03-02 15:40:00+00:00,17.1,Fitzroy Gardens,508,47.2,1.6,-37.8134078,144.9794923,ENV,REAL_508,Real sensor series - Fitzroy Gardens - board 508,42,real_sensor_board_508,17.19363621398468,0,normal
2015-03-02 15:50:00+00:00,16.8,Fitzroy Gardens,508,48.3,1.6,-37.8134078,144.9794923,ENV,REAL_508,Real sensor series - Fitzroy Gardens - board 508,42,real_sensor_board_508,17.174908971187744,0,normal
2015-03-02 17:05:00+00:00,17.1,Fitzroy Gardens,508,47.8,1.7,-37.8134078,144.9794923,ENV,REAL_508,Real sensor series - Fitzroy Gardens - board 508,42,real_sensor_board_508,17.159927176950198,0,normal
2015-03-02 17:15:00+00:00,17.1,Fitzroy Gardens,508,47.8,1.7,-37.8134078,144.9794923,ENV,REAL_508,Real sensor series - Fitzroy Gardens - board 508,42,real_sensor_board_508,17.20794174156016,0,normal
2015-03-02 17:25:00+00:00,17.4,Fitzroy Gardens,508,46.7,1.7,-37.8134078,144.9794923,ENV,REAL_508,Real sensor series - Fitzroy Gardens - board 508,42,real_sensor_board_508,17.24635339324813,0,normal
2015-03-02 17:35:00+00:00,17.4,Fitzroy Gardens,508,47.2,1.7,-37.8134078,144.9794923,ENV,REAL_508,Real sensor series - Fitzroy Gardens - board 508,42,real_sensor_board_508,17.277082714598503,0,normal
2015-03-02 17:45:00+00:00,17.4,Fitzroy Gardens,508,46.9,1.7,-37.8134078,144.9794923,ENV,REAL_508,Real sensor series - Fitzroy Gardens - board 508,42,real_sensor_board_508,17.301666171678804,0,normal
2015-03-02 17:55:00+00:00,17.4,Fitzroy Gardens,508,46.2,1.7,-37.8134078,144.9794923,ENV,REAL_508,Real sensor series - Fitzroy Gardens - board 508,42,real_sensor_board_508,17.381332937343043,1,weak_multivariate_excursion
2015-03-02 20:30:00+00:00,15.8,Fitzroy Gardens,508,51.6,55.1,-37.8134078,144.9794923,ENV,REAL_508,Real sensor series - Fitzroy Gardens - board 508,42,real_sensor_board_508,17.445066349874434,1,weak_multivariate_excursion
2015-03-02 20:40:00+00:00,15.8,Fitzroy Gardens,508,51.8,72.5,-37.8134078,144.9794923,ENV,REAL_508,Real sensor series - Fitzroy Gardens - board 508,42,real_sensor_board_508,17.496053079899546,1,weak_multivariate_excursion
2015-03-02 21:00:00+00:00,16.8,Fitzroy Gardens,508,50.0,81.0,-37.8134078,144.9794923,ENV,REAL_508,Real sensor series - Fitzroy Gardens - board 508,42,real_sensor_board_508,17.536842463919637,1,weak_multivariate_excursion
2015-03-02 21:10:00+00:00,17.1,Fitzroy Gardens,508,50.2,83.1,-37.8134078,144.9794923,ENV,REAL_508,Real sensor series - Fitzroy Gardens - board 508,42,real_sensor_board_508,17.56947397113571,0,normal
2015-03-02 21:20:00+00:00,17.7,Fitzroy Gardens,508,47.2,85.5,-37.8134078,144.9794923,ENV,REAL_508,Real sensor series - Fitzroy Gardens - board 508,42,real_sensor_board_508,17.59557917690857,0,normal
2015-03-02 21:30:00+00:00,17.7,Fitzroy Gardens,508,46.6,87.0,-37.8134078,144.9794923,ENV,REAL_508,Real sensor series - Fitzroy Gardens - board 508,42,real_sensor_board_508,17.616463341526856,0,normal
2015-03-02 21:40:00+00:00,18.1,Fitzroy Gardens,508,46.4,87.9,-37.8134078,144.9794923,ENV,REAL_508,Real sensor series - Fitzroy Gardens - board 508,42,real_sensor_board_508,17.713170673221487,0,normal
2015-03-02 21:50:00+00:00,18.4,Fitzroy Gardens,508,45.6,89.1,-37.8134078,144.9794923,ENV,REAL_508,Real sensor series - Fitzroy Gardens - board 508,42,real_sensor_board_508,17.850536538577188,0,normal
2015-03-02 22:10:00+00:00,19.0,Fitzroy Gardens,508,44.8,90.2,-37.8134078,144.9794923,ENV,REAL_508,Real sensor series - Fitzroy Gardens - board 508,42,real_sensor_board_508,18.08042923086175,0,normal
2015-03-02 22:20:00+00:00,19.0,Fitzroy Gardens,508,45.1,90.7,-37.8134078,144.9794923,ENV,REAL_508,Real sensor series - Fitzroy Gardens - board 508,42,real_sensor_board_508,18.2643433846894,0,normal
2015-03-02 22:30:00+00:00,19.4,Fitzroy Gardens,508,44.2,91.4,-37.8134078,144.9794923,ENV,REAL_508,Real sensor series - Fitzroy Gardens - board 508,42,real_sensor_board_508,18.41147470775152,0,normal
2015-03-02 22:45:00+00:00,19.0,Fitzroy Gardens,508,44.5,91.0,-37.8134078,144.9794923,ENV,REAL_508,Real sensor series - Fitzroy Gardens - board 508,42,real_sensor_board_508,18.529179766201217,0,normal
2015-03-02 23:05:00+00:00,19.0,Fitzroy Gardens,508,45.8,91.5,-37.8134078,144.9794923,ENV,REAL_508,Real sensor series - Fitzroy Gardens - board 508,42,real_sensor_board_508,18.623343812960975,0,normal
2015-03-02 23:15:00+00:00,19.0,Fitzroy Gardens,508,45.5,91.9,-37.8134078,144.9794923,ENV,REAL_508,Real sensor series - Fitzroy Gardens - board 508,42,real_sensor_board_508,18.77867505036878,0,normal
2015-03-02 23:25:00+00:00,19.4,Fitzroy Gardens,508,45.0,92.1,-37.8134078,144.9794923,ENV,REAL_508,Real sensor series - Fitzroy Gardens - board 508,42,real_sensor_board_508,18.902940040295025,0,normal
2015-03-02 23:35:00+00:00,20.3,Fitzroy Gardens,508,43.6,94.1,-37.8134078,144.9794923,ENV,REAL_508,Real sensor series - Fitzroy Gardens - board 508,42,real_sensor_board_508,19.002352032236022,0,normal
2015-03-02 23:45:00+00:00,19.4,Fitzroy Gardens,508,46.1,93.1,-37.8134078,144.9794923,ENV,REAL_508,Real sensor series - Fitzroy Gardens - board 508,42,real_sensor_board_508,19.20188162578882,0,normal
2015-03-02 23:55:00+00:00,20.3,Fitzroy Gardens,508,45.3,94.9,-37.8134078,144.9794923,ENV,REAL_508,Real sensor series - Fitzroy Gardens - board 508,42,real_sensor_board_508,19.421505300631054,0,normal
2015-03-03 00:25:00+00:00,20.0,Fitzroy Gardens,508,44.5,93.5,-37.8134078,144.9794923,ENV,REAL_508,Real sensor series - Fitzroy Gardens - board 508,42,real_sensor_board_508,19.597204240504844,1,weak_multivariate_excursion
2015-03-03 00:55:00+00:00,25.8,Fitzroy Gardens,508,36.0,96.4,-37.8134078,144.9794923,ENV,REAL_508,Real sensor series - Fitzroy Gardens - board 508,42,real_sensor_board_508,19.937763392403877,1,weak_multivariate_excursion
2015-03-03 01:05:00+00:00,23.2,Fitzroy Gardens,508,38.0,96.4,-37.8134078,144.9794923,ENV,REAL_508,Real sensor series - Fitzroy Gardens - board 508,42,real_sensor_board_508,20.270210713923102,1,weak_multivariate_excursion
2015-03-03 01:15:00+00:00,22.9,Fitzroy Gardens,508,38.5,96.4,-37.8134078,144.9794923,ENV,REAL_508,Real sensor series - Fitzroy Gardens - board 508,42,real_sensor_board_508,20.59616857113848,0,normal
2015-03-03 01:25:00+00:00,24.2,Fitzroy Gardens,508,37.9,96.4,-37.8134078,144.9794923,ENV,REAL_508,Real sensor series - Fitzroy Gardens - board 508,42,real_sensor_board_508,20.856934856910783,0,normal
2015-03-03 01:35:00+00:00,22.9,Fitzroy Gardens,508,39.6,96.4,-37.8134078,144.9794923,ENV,REAL_508,Real sensor series - Fitzroy Gardens - board 508,42,real_sensor_board_508,21.065547885528627,0,normal
2015-03-03 01:50:00+00:00,22.6,Fitzroy Gardens,508,38.8,96.4,-37.8134078,144.9794923,ENV,REAL_508,Real sensor series - Fitzroy Gardens - board 508,42,real_sensor_board_508,21.2324383084229,0,normal
2015-03-03 02:00:00+00:00,23.2,Fitzroy Gardens,508,37.9,96.4,-37.8134078,144.9794923,ENV,REAL_508,Real sensor series - Fitzroy Gardens - board 508,42,real_sensor_board_508,21.36595064673832,0,normal
2015-03-03 02:10:00+00:00,23.9,Fitzroy Gardens,508,37.9,96.4,-37.8134078,144.9794923,ENV,REAL_508,Real sensor series - Fitzroy Gardens - board 508,42,real_sensor_board_508,21.472760517390654,0,normal
2015-03-03 02:20:00+00:00,22.9,Fitzroy Gardens,508,38.0,96.3,-37.8134078,144.9794923,ENV,REAL_508,Real sensor series - Fitzroy Gardens - board 508,42,real_sensor_board_508,21.558208413912524,0,normal
2015-03-03 02:30:00+00:00,23.9,Fitzroy Gardens,508,35.5,96.4,-37.8134078,144.9794923,ENV,REAL_508,Real sensor series - Fitzroy Gardens - board 508,42,real_sensor_board_508,21.62656673113002,0,normal
2015-03-03 02:40:00+00:00,22.3,Fitzroy Gardens,508,37.3,96.1,-37.8134078,144.9794923,ENV,REAL_508,Real sensor series - Fitzroy Gardens - board 508,42,real_sensor_board_508,21.681253384904014,0,normal
2015-03-03 02:50:00+00:00,22.9,Fitzroy Gardens,508,36.9,96.2,-37.8134078,144.9794923,ENV,REAL_508,Real sensor series - Fitzroy Gardens - board 508,42,real_sensor_board_508,21.72500270792321,0,normal
2015-03-03 03:00:00+00:00,23.9,Fitzroy Gardens,508,35.8,96.3,-37.8134078,144.9794923,ENV,REAL_508,Real sensor series - Fitzroy Gardens - board 508,42,real_sensor_board_508,21.760002166338566,0,normal
2015-03-03 03:10:00+00:00,23.2,Fitzroy Gardens,508,34.4,95.7,-37.8134078,144.9794923,ENV,REAL_508,Real sensor series - Fitzroy Gardens - board 508,42,real_sensor_board_508,21.788001733070853,0,normal
2015-03-03 03:20:00+00:00,21.6,Fitzroy Gardens,508,39.2,95.2,-37.8134078,144.9794923,ENV,REAL_508,Real sensor series - Fitzroy Gardens - board 508,42,real_sensor_board_508,21.810401386456682,0,normal
2015-03-03 03:30:00+00:00,21.3,Fitzroy Gardens,508,38.0,95.1,-37.8134078,144.9794923,ENV,REAL_508,Real sensor series - Fitzroy Gardens - board 508,42,real_sensor_board_508,21.828321109165344,0,normal
2015-03-03 03:40:00+00:00,21.9,Fitzroy Gardens,508,38.0,95.2,-37.8134078,144.9794923,ENV,REAL_508,Real sensor series - Fitzroy Gardens - board 508,42,real_sensor_board_508,21.782656887332276,0,normal
2015-03-03 03:50:00+00:00,22.6,Fitzroy Gardens,508,35.1,95.2,-37.8134078,144.9794923,ENV,REAL_508,Real sensor series - Fitzroy Gardens - board 508,42,real_sensor_board_508,21.746125509865823,0,normal
2015-03-03 04:00:00+00:00,21.6,Fitzroy Gardens,508,37.3,94.7,-37.8134078,144.9794923,ENV,REAL_508,Real sensor series - Fitzroy Gardens - board 508,42,real_sensor_board_508,21.65690040789266,1,weak_multivariate_excursion
2015-03-03 18:15:00+00:00,15.5,Fitzroy Gardens,508,47.7,1.6,-37.8134078,144.9794923,ENV,REAL_508,Real sensor series - Fitzroy Gardens - board 508,42,real_sensor_board_508,21.38552032631413,1,weak_multivariate_excursion
2015-03-03 18:25:00+00:00,15.5,Fitzroy Gardens,508,47.8,1.6,-37.8134078,144.9794923,ENV,REAL_508,Real sensor series - Fitzroy Gardens - board 508,42,real_sensor_board_508,20.908416261051304,1,weak_multivariate_excursion
2015-03-03 18:35:00+00:00,15.5,Fitzroy Gardens,508,47.0,1.7,-37.8134078,144.9794923,ENV,REAL_508,Real sensor series - Fitzroy Gardens - board 508,42,real_sensor_board_508,20.526733008841045,1,weak_multivariate_excursion
2015-03-03 19:55:00+00:00,15.2,Fitzroy Gardens,508,46.7,20.8,-37.8134078,144.9794923,ENV,REAL_508,Real sensor series - Fitzroy Gardens - board 508,42,real_sensor_board_508,20.22138640707284,1,weak_multivariate_excursion
2015-03-03 23:00:00+00:00,19.0,Fitzroy Gardens,508,36.0,88.3,-37.8134078,144.9794923,ENV,REAL_508,Real sensor series - Fitzroy Gardens - board 508,42,real_sensor_board_508,19.91710912565827,1,weak_multivariate_excursion
2015-03-03 23:10:00+00:00,17.7,Fitzroy Gardens,508,38.5,95.3,-37.8134078,144.9794923,ENV,REAL_508,Real sensor series - Fitzroy Gardens - board 508,42,real_sensor_board_508,19.673687300526616,1,weak_multivariate_excursion
2015-03-03 23:20:00+00:00,19.0,Fitzroy Gardens,508,38.2,94.7,-37.8134078,144.9794923,ENV,REAL_508,Real sensor series - Fitzroy Gardens - board 508,42,real_sensor_board_508,19.478949840421294,0,normal
2015-03-03 23:30:00+00:00,18.7,Fitzroy Gardens,508,38.5,96.0,-37.8134078,144.9794923,ENV,REAL_508,Real sensor series - Fitzroy Gardens - board 508,42,real_sensor_board_508,19.323159872337037,0,normal
2015-03-03 23:40:00+00:00,18.7,Fitzroy Gardens,508,36.9,96.0,-37.8134078,144.9794923,ENV,REAL_508,Real sensor series - Fitzroy Gardens - board 508,42,real_sensor_board_508,19.19852789786963,0,normal
2015-03-03 23:50:00+00:00,18.7,Fitzroy Gardens,508,37.6,92.4,-37.8134078,144.9794923,ENV,REAL_508,Real sensor series - Fitzroy Gardens - board 508,42,real_sensor_board_508,18.978822318295705,1,weak_multivariate_excursion
2015-03-04 08:15:00+00:00,20.3,Fitzroy Gardens,508,40.3,71.6,-37.8134078,144.9794923,ENV,REAL_508,Real sensor series - Fitzroy Gardens - board 508,42,real_sensor_board_508,18.803057854636567,1,weak_multivariate_excursion
2015-03-04 13:00:00+00:00,18.7,Fitzroy Gardens,508,36.5,1.8,-37.8134078,144.9794923,ENV,REAL_508,Real sensor series - Fitzroy Gardens - board 508,42,real_sensor_board_508,18.662446283709254,1,weak_multivariate_excursion
2015-03-04 13:15:00+00:00,19.0,Fitzroy Gardens,508,36.3,1.7,-37.8134078,144.9794923,ENV,REAL_508,Real sensor series - Fitzroy Gardens - board 508,42,real_sensor_board_508,18.549957026967405,1,weak_multivariate_excursion
2015-03-04 13:25:00+00:00,18.7,Fitzroy Gardens,508,36.5,1.7,-37.8134078,144.9794923,ENV,REAL_508,Real sensor series - Fitzroy Gardens - board 508,42,real_sensor_board_508,18.459965621573925,0,normal
2015-03-04 13:35:00+00:00,18.1,Fitzroy Gardens,508,37.6,1.8,-37.8134078,144.9794923,ENV,REAL_508,Real sensor series - Fitzroy Gardens - board 508,42,real_sensor_board_508,18.387972497259142,0,normal
2015-03-04 13:45:00+00:00,18.1,Fitzroy Gardens,508,37.9,1.8,-37.8134078,144.9794923,ENV,REAL_508,Real sensor series - Fitzroy Gardens - board 508,42,real_sensor_board_508,18.330377997807314,0,normal
2015-03-04 13:55:00+00:00,18.1,Fitzroy Gardens,508,38.2,1.8,-37.8134078,144.9794923,ENV,REAL_508,Real sensor series - Fitzroy Gardens - board 508,42,real_sensor_board_508,18.284302398245853,0,normal
2015-03-04 14:05:00+00:00,18.1,Fitzroy Gardens,508,38.2,1.8,-37.8134078,144.9794923,ENV,REAL_508,Real sensor series - Fitzroy Gardens - board 508,42,real_sensor_board_508,18.24744191859668,0,normal
2015-03-04 14:15:00+00:00,18.1,Fitzroy Gardens,508,37.6,1.8,-37.8134078,144.9794923,ENV,REAL_508,Real sensor series - Fitzroy Gardens - board 508,42,real_sensor_board_508,18.217953534877346,0,normal
2015-03-04 14:25:00+00:00,18.1,Fitzroy Gardens,508,37.7,1.8,-37.8134078,144.9794923,ENV,REAL_508,Real sensor series - Fitzroy Gardens - board 508,42,real_sensor_board_508,18.194362827901877,0,normal
2015-03-04 14:35:00+00:00,18.1,Fitzroy Gardens,508,37.7,1.8,-37.8134078,144.9794923,ENV,REAL_508,Real sensor series - Fitzroy Gardens - board 508,42,real_sensor_board_508,18.175490262321503,0,normal
2015-03-04 14:45:00+00:00,18.1,Fitzroy Gardens,508,38.5,1.8,-37.8134078,144.9794923,ENV,REAL_508,Real sensor series - Fitzroy Gardens - board 508,42,real_sensor_board_508,18.160392209857203,0,normal
2015-03-04 14:55:00+00:00,17.7,Fitzroy Gardens,508,40.7,1.8,-37.8134078,144.9794923,ENV,REAL_508,Real sensor series - Fitzroy Gardens - board 508,42,real_sensor_board_508,18.148313767885764,0,normal
2015-03-04 15:05:00+00:00,16.1,Fitzroy Gardens,508,48.5,1.8,-37.8134078,144.9794923,ENV,REAL_508,Real sensor series - Fitzroy Gardens - board 508,42,real_sensor_board_508,18.058651014308612,0,normal
2015-03-04 15:15:00+00:00,16.5,Fitzroy Gardens,508,47.7,1.9,-37.8134078,144.9794923,ENV,REAL_508,Real sensor series - Fitzroy Gardens - board 508,42,real_sensor_board_508,17.866920811446892,0,normal
2015-03-04 15:25:00+00:00,15.2,Fitzroy Gardens,508,52.2,1.9,-37.8134078,144.9794923,ENV,REAL_508,Real sensor series - Fitzroy Gardens - board 508,42,real_sensor_board_508,17.653536649157516,0,normal
2015-03-04 15:35:00+00:00,14.8,Fitzroy Gardens,508,55.1,1.7,-37.8134078,144.9794923,ENV,REAL_508,Real sensor series - Fitzroy Gardens - board 508,42,real_sensor_board_508,17.482829319326015,1,weak_multivariate_excursion
2015-03-04 21:05:00+00:00,12.6,Fitzroy Gardens,508,38.2,81.9,-37.8134078,144.9794923,ENV,REAL_508,Real sensor series - Fitzroy Gardens - board 508,42,real_sensor_board_508,17.346263455460814,1,weak_multivariate_excursion
2015-03-04 23:00:00+00:00,15.5,Fitzroy Gardens,508,32.1,95.3,-37.8134078,144.9794923,ENV,REAL_508,Real sensor series - Fitzroy Gardens - board 508,42,real_sensor_board_508,17.177010764368653,1,weak_multivariate_excursion
2015-03-04 23:10:00+00:00,15.2,Fitzroy Gardens,508,33.8,95.1,-37.8134078,144.9794923,ENV,REAL_508,Real sensor series - Fitzroy Gardens - board 508,42,real_sensor_board_508,17.041608611494922,1,weak_multivariate_excursion
2015-03-05 09:05:00+00:00,16.1,Fitzroy Gardens,508,29.2,12.4,-37.8134078,144.9794923,ENV,REAL_508,Real sensor series - Fitzroy Gardens - board 508,42,real_sensor_board_508,16.933286889195937,1,weak_multivariate_excursion
2015-03-05 09:15:00+00:00,15.8,Fitzroy Gardens,508,32.7,3.4,-37.8134078,144.9794923,ENV,REAL_508,Real sensor series - Fitzroy Gardens - board 508,42,real_sensor_board_508,16.84662951135675,1,weak_multivariate_excursion
2015-03-05 18:10:00+00:00,14.2,Fitzroy Gardens,508,41.5,2.0,-37.8134078,144.9794923,ENV,REAL_508,Real sensor series - Fitzroy Gardens - board 508,42,real_sensor_board_508,16.697303609085402,1,weak_multivariate_excursion
2015-03-05 23:05:00+00:00,16.8,Fitzroy Gardens,508,48.0,86.8,-37.8134078,144.9794923,ENV,REAL_508,Real sensor series - Fitzroy Gardens - board 508,42,real_sensor_board_508,16.577842887268325,1,weak_multivariate_excursion
2015-03-06 00:15:00+00:00,18.1,Fitzroy Gardens,508,46.7,92.3,-37.8134078,144.9794923,ENV,REAL_508,Real sensor series - Fitzroy Gardens - board 508,42,real_sensor_board_508,16.482274309814663,1,weak_multivariate_excursion
2015-03-06 08:10:00+00:00,17.1,Fitzroy Gardens,508,52.6,64.4,-37.8134078,144.9794923,ENV,REAL_508,Real sensor series - Fitzroy Gardens - board 508,42,real_sensor_board_508,16.405819447851734,1,weak_multivariate_excursion
2015-03-06 16:25:00+00:00,15.5,Fitzroy Gardens,508,54.1,1.4,-37.8134078,144.9794923,ENV,REAL_508,Real sensor series - Fitzroy Gardens - board 508,42,real_sensor_board_508,16.34465555828139,1,weak_multivariate_excursion
2015-03-06 18:15:00+00:00,14.8,Fitzroy Gardens,508,57.1,1.4,-37.8134078,144.9794923,ENV,REAL_508,Real sensor series - Fitzroy Gardens - board 508,42,real_sensor_board_508,16.295724446625112,1,weak_multivariate_excursion
2015-03-06 18:25:00+00:00,15.2,Fitzroy Gardens,508,55.4,1.4,-37.8134078,144.9794923,ENV,REAL_508,Real sensor series - Fitzroy Gardens - board 508,42,real_sensor_board_508,16.256579557300093,0,normal
2015-03-07 17:30:00+00:00,16.8,Fitzroy Gardens,508,53.0,1.7,-37.8134078,144.9794923,ENV,REAL_508,Real sensor series - Fitzroy Gardens - board 508,42,real_sensor_board_508,16.225263645840073,0,normal
2015-03-07 17:40:00+00:00,16.8,Fitzroy Gardens,508,53.7,1.7,-37.8134078,144.9794923,ENV,REAL_508,Real sensor series - Fitzroy Gardens - board 508,42,real_sensor_board_508,16.20021091667206,0,normal
2015-03-07 18:15:00+00:00,16.5,Fitzroy Gardens,508,53.3,1.7,-37.8134078,144.9794923,ENV,REAL_508,Real sensor series - Fitzroy Gardens - board 508,42,real_sensor_board_508,16.18016873333765,0,normal
2015-03-07 18:25:00+00:00,16.5,Fitzroy Gardens,508,52.9,1.7,-37.8134078,144.9794923,ENV,REAL_508,Real sensor series - Fitzroy Gardens - board 508,42,real_sensor_board_508,16.16413498667012,0,normal
2015-03-07 18:35:00+00:00,16.5,Fitzroy Gardens,508,53.2,1.7,-37.8134078,144.9794923,ENV,REAL_508,Real sensor series - Fitzroy Gardens - board 508,42,real_sensor_board_508,16.151307989336097,0,normal
2015-03-07 18:45:00+00:00,16.1,Fitzroy Gardens,508,54.0,1.6,-37.8134078,144.9794923,ENV,REAL_508,Real sensor series - Fitzroy Gardens - board 508,42,real_sensor_board_508,16.221046391468878,0,normal
2015-03-07 18:55:00+00:00,16.1,Fitzroy Gardens,508,54.1,1.7,-37.8134078,144.9794923,ENV,REAL_508,Real sensor series - Fitzroy Gardens - board 508,42,real_sensor_board_508,16.2768371131751,0,normal
2015-03-07 19:15:00+00:00,16.1,Fitzroy Gardens,508,54.0,1.6,-37.8134078,144.9794923,ENV,REAL_508,Real sensor series - Fitzroy Gardens - board 508,42,real_sensor_board_508,16.32146969054008,0,normal
2015-03-07 19:25:00+00:00,16.1,Fitzroy Gardens,508,54.3,1.6,-37.8134078,144.9794923,ENV,REAL_508,Real sensor series - Fitzroy Gardens - board 508,42,real_sensor_board_508,16.357175752432067,0,normal
2015-03-07 19:35:00+00:00,16.1,Fitzroy Gardens,508,54.4,1.7,-37.8134078,144.9794923,ENV,REAL_508,Real sensor series - Fitzroy Gardens - board 508,42,real_sensor_board_508,16.445740601945655,0,normal
2015-03-07 19:45:00+00:00,16.1,Fitzroy Gardens,508,54.3,2.6,-37.8134078,144.9794923,ENV,REAL_508,Real sensor series - Fitzroy Gardens - board 508,42,real_sensor_board_508,16.516592481556525,1,weak_multivariate_excursion
2015-03-08 08:35:00+00:00,19.0,Fitzroy Gardens,508,45.8,59.3,-37.8134078,144.9794923,ENV,REAL_508,Real sensor series - Fitzroy Gardens - board 508,42,real_sensor_board_508,16.573273985245223,1,weak_multivariate_excursion
2015-03-08 11:50:00+00:00,16.5,Fitzroy Gardens,508,49.9,1.3,-37.8134078,144.9794923,ENV,REAL_508,Real sensor series - Fitzroy Gardens - board 508,42,real_sensor_board_508,16.618619188196178,1,weak_multivariate_excursion
2015-03-08 17:00:00+00:00,14.8,Fitzroy Gardens,508,57.0,1.3,-37.8134078,144.9794923,ENV,REAL_508,Real sensor series - Fitzroy Gardens - board 508,42,real_sensor_board_508,16.65489535055694,1,weak_multivariate_excursion
2015-03-08 20:15:00+00:00,14.5,Fitzroy Gardens,508,55.7,45.4,-37.8134078,144.9794923,ENV,REAL_508,Real sensor series - Fitzroy Gardens - board 508,42,real_sensor_board_508,17.00391628044555,1,weak_multivariate_excursion
2015-03-08 23:00:00+00:00,18.4,Fitzroy Gardens,508,46.1,95.4,-37.8134078,144.9794923,ENV,REAL_508,Real sensor series - Fitzroy Gardens - board 508,42,real_sensor_board_508,17.34313302435644,1,weak_multivariate_excursion
2015-03-08 23:10:00+00:00,18.7,Fitzroy Gardens,508,42.9,95.4,-37.8134078,144.9794923,ENV,REAL_508,Real sensor series - Fitzroy Gardens - board 508,42,real_sensor_board_508,17.67450641948515,1,weak_multivariate_excursion
2015-03-08 23:20:00+00:00,19.4,Fitzroy Gardens,508,42.3,90.8,-37.8134078,144.9794923,ENV,REAL_508,Real sensor series - Fitzroy Gardens - board 508,42,real_sensor_board_508,17.93960513558812,0,normal
2015-03-08 23:30:00+00:00,19.0,Fitzroy Gardens,508,43.9,90.0,-37.8134078,144.9794923,ENV,REAL_508,Real sensor series - Fitzroy Gardens - board 508,42,real_sensor_board_508,18.231684108470496,0,normal
2015-03-08 23:40:00+00:00,20.0,Fitzroy Gardens,508,42.9,96.0,-37.8134078,144.9794923,ENV,REAL_508,Real sensor series - Fitzroy Gardens - board 508,42,real_sensor_board_508,18.525347286776398,0,normal
2015-03-08 23:50:00+00:00,19.7,Fitzroy Gardens,508,42.1,91.6,-37.8134078,144.9794923,ENV,REAL_508,Real sensor series - Fitzroy Gardens - board 508,42,real_sensor_board_508,18.82027782942112,1,weak_multivariate_excursion
2015-03-09 01:00:00+00:00,25.2,Fitzroy Gardens,508,34.9,96.5,-37.8134078,144.9794923,ENV,REAL_508,Real sensor series - Fitzroy Gardens - board 508,42,real_sensor_board_508,19.176222263536896,1,weak_multivariate_excursion
2015-03-09 01:10:00+00:00,25.2,Fitzroy Gardens,508,33.6,96.3,-37.8134078,144.9794923,ENV,REAL_508,Real sensor series - Fitzroy Gardens - board 508,42,real_sensor_board_508,19.80097781082952,1,weak_multivariate_excursion
2015-03-09 01:20:00+00:00,22.6,Fitzroy Gardens,508,38.8,93.9,-37.8134078,144.9794923,ENV,REAL_508,Real sensor series - Fitzroy Gardens - board 508,42,real_sensor_board_508,20.360782248663615,0,normal
2015-03-09 01:30:00+00:00,20.6,Fitzroy Gardens,508,41.2,93.2,-37.8134078,144.9794923,ENV,REAL_508,Real sensor series - Fitzroy Gardens - board 508,42,real_sensor_board_508,20.80862579893089,0,normal
2015-03-09 01:40:00+00:00,22.6,Fitzroy Gardens,508,39.3,94.9,-37.8134078,144.9794923,ENV,REAL_508,Real sensor series - Fitzroy Gardens - board 508,42,real_sensor_board_508,21.166900639144714,1,weak_multivariate_excursion
2015-03-09 01:50:00+00:00,25.2,Fitzroy Gardens,508,35.5,96.6,-37.8134078,144.9794923,ENV,REAL_508,Real sensor series - Fitzroy Gardens - board 508,42,real_sensor_board_508,21.453520511315773,1,weak_multivariate_excursion
2015-03-09 02:00:00+00:00,25.2,Fitzroy Gardens,508,34.4,96.6,-37.8134078,144.9794923,ENV,REAL_508,Real sensor series - Fitzroy Gardens - board 508,42,real_sensor_board_508,21.68281640905262,1,weak_multivariate_excursion
2015-03-09 02:15:00+00:00,25.2,Fitzroy Gardens,508,32.7,96.6,-37.8134078,144.9794923,ENV,REAL_508,Real sensor series - Fitzroy Gardens - board 508,42,real_sensor_board_508,21.866253127242096,0,normal
2015-03-09 02:25:00+00:00,25.8,Fitzroy Gardens,508,31.7,96.7,-37.8134078,144.9794923,ENV,REAL_508,Real sensor series - Fitzroy Gardens - board 508,42,real_sensor_board_508,22.01300250179368,0,normal
2015-03-09 02:35:00+00:00,25.8,Fitzroy Gardens,508,31.1,96.6,-37.8134078,144.9794923,ENV,REAL_508,Real sensor series - Fitzroy Gardens - board 508,42,real_sensor_board_508,22.130402001434945,0,normal
2015-03-09 02:45:00+00:00,26.5,Fitzroy Gardens,508,30.3,96.6,-37.8134078,144.9794923,ENV,REAL_508,Real sensor series - Fitzroy Gardens - board 508,42,real_sensor_board_508,22.224321601147956,0,normal
2015-03-09 03:05:00+00:00,25.5,Fitzroy Gardens,508,30.8,96.5,-37.8134078,144.9794923,ENV,REAL_508,Real sensor series - Fitzroy Gardens - board 508,42,real_sensor_board_508,22.299457280918364,0,normal
2015-03-09 03:15:00+00:00,23.2,Fitzroy Gardens,508,33.8,95.8,-37.8134078,144.9794923,ENV,REAL_508,Real sensor series - Fitzroy Gardens - board 508,42,real_sensor_board_508,22.35956582473469,0,normal
2015-03-09 03:25:00+00:00,22.6,Fitzroy Gardens,508,33.5,93.7,-37.8134078,144.9794923,ENV,REAL_508,Real sensor series - Fitzroy Gardens - board 508,42,real_sensor_board_508,22.407652659787754,0,normal
2015-03-09 03:35:00+00:00,23.2,Fitzroy Gardens,508,35.4,95.9,-37.8134078,144.9794923,ENV,REAL_508,Real sensor series - Fitzroy Gardens - board 508,42,real_sensor_board_508,22.446122127830204,0,normal
2015-03-09 03:45:00+00:00,22.3,Fitzroy Gardens,508,34.4,93.5,-37.8134078,144.9794923,ENV,REAL_508,Real sensor series - Fitzroy Gardens - board 508,42,real_sensor_board_508,22.476897702264164,0,normal
2015-03-09 03:55:00+00:00,22.9,Fitzroy Gardens,508,34.3,93.7,-37.8134078,144.9794923,ENV,REAL_508,Real sensor series - Fitzroy Gardens - board 508,42,real_sensor_board_508,22.501518161811333,0,normal
2015-03-09 04:55:00+00:00,23.9,Fitzroy Gardens,508,31.3,93.7,-37.8134078,144.9794923,ENV,REAL_508,Real sensor series - Fitzroy Gardens - board 508,42,real_sensor_board_508,22.521214529449068,0,normal
2015-03-09 05:15:00+00:00,23.2,Fitzroy Gardens,508,31.0,92.6,-37.8134078,144.9794923,ENV,REAL_508,Real sensor series - Fitzroy Gardens - board 508,42,real_sensor_board_508,22.536971623559253,0,normal
2015-03-09 05:30:00+00:00,22.6,Fitzroy Gardens,508,30.6,91.5,-37.8134078,144.9794923,ENV,REAL_508,Real sensor series - Fitzroy Gardens - board 508,42,real_sensor_board_508,22.549577298847403,0,normal
2015-03-09 05:40:00+00:00,22.6,Fitzroy Gardens,508,32.4,91.9,-37.8134078,144.9794923,ENV,REAL_508,Real sensor series - Fitzroy Gardens - board 508,42,real_sensor_board_508,22.499661839077923,0,normal
2015-03-09 05:50:00+00:00,22.3,Fitzroy Gardens,508,32.7,91.4,-37.8134078,144.9794923,ENV,REAL_508,Real sensor series - Fitzroy Gardens - board 508,42,real_sensor_board_508,22.45972947126234,0,normal
2015-03-09 06:00:00+00:00,22.3,Fitzroy Gardens,508,32.8,90.6,-37.8134078,144.9794923,ENV,REAL_508,Real sensor series - Fitzroy Gardens - board 508,42,real_sensor_board_508,22.427783577009873,0,normal
2015-03-09 06:10:00+00:00,21.9,Fitzroy Gardens,508,34.1,90.5,-37.8134078,144.9794923,ENV,REAL_508,Real sensor series - Fitzroy Gardens - board 508,42,real_sensor_board_508,22.4022268616079,0,normal
2015-03-09 06:20:00+00:00,21.6,Fitzroy Gardens,508,33.9,90.0,-37.8134078,144.9794923,ENV,REAL_508,Real sensor series - Fitzroy Gardens - board 508,42,real_sensor_board_508,22.381781489286322,0,normal
2015-03-09 06:30:00+00:00,22.3,Fitzroy Gardens,508,33.3,89.3,-37.8134078,144.9794923,ENV,REAL_508,Real sensor series - Fitzroy Gardens - board 508,42,real_sensor_board_508,22.285425191429056,0,normal
2015-03-09 06:40:00+00:00,22.3,Fitzroy Gardens,508,33.8,91.3,-37.8134078,144.9794923,ENV,REAL_508,Real sensor series - Fitzroy Gardens - board 508,42,real_sensor_board_508,22.148340153143245,0,normal
2015-03-09 06:50:00+00:00,20.6,Fitzroy Gardens,508,41.2,89.0,-37.8134078,144.9794923,ENV,REAL_508,Real sensor series - Fitzroy Gardens - board 508,42,real_sensor_board_508,21.8386721225146,0,normal
2015-03-09 07:00:00+00:00,19.4,Fitzroy Gardens,508,49.6,84.4,-37.8134078,144.9794923,ENV,REAL_508,Real sensor series - Fitzroy Gardens - board 508,42,real_sensor_board_508,21.350937698011677,0,normal
2015-03-09 07:20:00+00:00,18.7,Fitzroy Gardens,508,51.0,86.0,-37.8134078,144.9794923,ENV,REAL_508,Real sensor series - Fitzroy Gardens - board 508,42,real_sensor_board_508,20.82075015840934,0,normal
2015-03-09 07:40:00+00:00,18.1,Fitzroy Gardens,508,51.0,80.0,-37.8134078,144.9794923,ENV,REAL_508,Real sensor series - Fitzroy Gardens - board 508,42,real_sensor_board_508,20.276600126727473,1,weak_multivariate_excursion
2015-03-09 08:55:00+00:00,17.1,Fitzroy Gardens,508,49.6,25.9,-37.8134078,144.9794923,ENV,REAL_508,Real sensor series - Fitzroy Gardens - board 508,42,real_sensor_board_508,19.64128010138198,1,weak_multivariate_excursion
2015-03-09 09:05:00+00:00,17.1,Fitzroy Gardens,508,48.6,7.3,-37.8134078,144.9794923,ENV,REAL_508,Real sensor series - Fitzroy Gardens - board 508,42,real_sensor_board_508,19.133024081105585,1,weak_multivariate_excursion
2015-03-09 09:15:00+00:00,17.1,Fitzroy Gardens,508,48.0,2.1,-37.8134078,144.9794923,ENV,REAL_508,Real sensor series - Fitzroy Gardens - board 508,42,real_sensor_board_508,18.72641926488447,1,weak_multivariate_excursion
2015-03-09 09:25:00+00:00,17.1,Fitzroy Gardens,508,47.0,1.8,-37.8134078,144.9794923,ENV,REAL_508,Real sensor series - Fitzroy Gardens - board 508,42,real_sensor_board_508,18.40113541190758,0,normal
2015-03-09 09:35:00+00:00,16.8,Fitzroy Gardens,508,47.0,1.8,-37.8134078,144.9794923,ENV,REAL_508,Real sensor series - Fitzroy Gardens - board 508,42,real_sensor_board_508,18.140908329526063,0,normal
2015-03-09 09:45:00+00:00,17.1,Fitzroy Gardens,508,47.2,1.8,-37.8134078,144.9794923,ENV,REAL_508,Real sensor series - Fitzroy Gardens - board 508,42,real_sensor_board_508,17.93272666362085,0,normal
2015-03-09 09:55:00+00:00,16.8,Fitzroy Gardens,508,48.1,1.8,-37.8134078,144.9794923,ENV,REAL_508,Real sensor series - Fitzroy Gardens - board 508,42,real_sensor_board_508,17.706181330896683,0,normal
2015-03-09 10:05:00+00:00,17.1,Fitzroy Gardens,508,47.5,1.8,-37.8134078,144.9794923,ENV,REAL_508,Real sensor series - Fitzroy Gardens - board 508,42,real_sensor_board_508,17.524945064717347,0,normal
2015-03-09 10:15:00+00:00,16.8,Fitzroy Gardens,508,47.7,1.8,-37.8134078,144.9794923,ENV,REAL_508,Real sensor series - Fitzroy Gardens - board 508,42,real_sensor_board_508,17.379956051773878,0,normal
2015-03-09 10:25:00+00:00,16.8,Fitzroy Gardens,508,47.8,1.8,-37.8134078,144.9794923,ENV,REAL_508,Real sensor series - Fitzroy Gardens - board 508,42,real_sensor_board_508,17.263964841419103,0,normal
2015-03-09 10:35:00+00:00,16.8,Fitzroy Gardens,508,48.3,1.8,-37.8134078,144.9794923,ENV,REAL_508,Real sensor series - Fitzroy Gardens - board 508,42,real_sensor_board_508,17.171171873135282,0,normal
2015-03-09 10:45:00+00:00,16.8,Fitzroy Gardens,508,48.0,1.7,-37.8134078,144.9794923,ENV,REAL_508,Real sensor series - Fitzroy Gardens - board 508,42,real_sensor_board_508,17.096937498508225,0,normal
2015-03-09 10:55:00+00:00,16.5,Fitzroy Gardens,508,47.7,1.7,-37.8134078,144.9794923,ENV,REAL_508,Real sensor series - Fitzroy Gardens - board 508,42,real_sensor_board_508,17.037549998806583,0,normal
2015-03-09 11:05:00+00:00,16.5,Fitzroy Gardens,508,47.5,1.7,-37.8134078,144.9794923,ENV,REAL_508,Real sensor series - Fitzroy Gardens - board 508,42,real_sensor_board_508,16.990039999045266,0,normal
2015-03-09 11:15:00+00:00,16.5,Fitzroy Gardens,508,47.0,1.7,-37.8134078,144.9794923,ENV,REAL_508,Real sensor series - Fitzroy Gardens - board 508,42,real_sensor_board_508,16.952031999236212,0,normal
2015-03-09 11:35:00+00:00,16.1,Fitzroy Gardens,508,46.9,1.7,-37.8134078,144.9794923,ENV,REAL_508,Real sensor series - Fitzroy Gardens - board 508,42,real_sensor_board_508,16.92162559938897,0,normal
2015-03-09 12:10:00+00:00,16.5,Fitzroy Gardens,508,46.9,1.8,-37.8134078,144.9794923,ENV,REAL_508,Real sensor series - Fitzroy Gardens - board 508,42,real_sensor_board_508,16.897300479511177,0,normal
2015-03-09 13:10:00+00:00,16.1,Fitzroy Gardens,508,47.2,1.8,-37.8134078,144.9794923,ENV,REAL_508,Real sensor series - Fitzroy Gardens - board 508,42,real_sensor_board_508,16.87784038360894,0,normal
2015-03-09 13:20:00+00:00,16.1,Fitzroy Gardens,508,47.2,1.8,-37.8134078,144.9794923,ENV,REAL_508,Real sensor series - Fitzroy Gardens - board 508,42,real_sensor_board_508,16.862272306887153,0,normal
2015-03-09 13:50:00+00:00,16.1,Fitzroy Gardens,508,47.0,1.8,-37.8134078,144.9794923,ENV,REAL_508,Real sensor series - Fitzroy Gardens - board 508,42,real_sensor_board_508,16.849817845509723,0,normal
2015-03-09 16:05:00+00:00,15.5,Fitzroy Gardens,508,45.8,1.8,-37.8134078,144.9794923,ENV,REAL_508,Real sensor series - Fitzroy Gardens - board 508,42,real_sensor_board_508,16.839854276407777,0,normal
2015-03-09 17:15:00+00:00,15.5,Fitzroy Gardens,508,45.3,1.9,-37.8134078,144.9794923,ENV,REAL_508,Real sensor series - Fitzroy Gardens - board 508,42,real_sensor_board_508,16.83188342112622,0,normal
2015-03-09 17:25:00+00:00,15.5,Fitzroy Gardens,508,45.0,1.9,-37.8134078,144.9794923,ENV,REAL_508,Real sensor series - Fitzroy Gardens - board 508,42,real_sensor_board_508,16.825506736900977,0,normal
2015-03-09 18:05:00+00:00,15.5,Fitzroy Gardens,508,44.4,1.8,-37.8134078,144.9794923,ENV,REAL_508,Real sensor series - Fitzroy Gardens - board 508,42,real_sensor_board_508,16.820405389520783,0,normal
2015-03-09 18:20:00+00:00,15.5,Fitzroy Gardens,508,44.5,1.8,-37.8134078,144.9794923,ENV,REAL_508,Real sensor series - Fitzroy Gardens - board 508,42,real_sensor_board_508,16.816324311616626,0,normal
2015-03-09 18:40:00+00:00,15.2,Fitzroy Gardens,508,44.4,1.9,-37.8134078,144.9794923,ENV,REAL_508,Real sensor series - Fitzroy Gardens - board 508,42,real_sensor_board_508,16.813059449293302,1,weak_multivariate_excursion
2015-03-09 23:05:00+00:00,18.7,Fitzroy Gardens,508,37.7,93.1,-37.8134078,144.9794923,ENV,REAL_508,Real sensor series - Fitzroy Gardens - board 508,42,real_sensor_board_508,17.130447559434643,1,weak_multivariate_excursion
2015-03-09 23:15:00+00:00,19.4,Fitzroy Gardens,508,37.3,93.7,-37.8134078,144.9794923,ENV,REAL_508,Real sensor series - Fitzroy Gardens - board 508,42,real_sensor_board_508,17.444358047547716,1,weak_multivariate_excursion
2015-03-09 23:25:00+00:00,20.6,Fitzroy Gardens,508,35.4,96.5,-37.8134078,144.9794923,ENV,REAL_508,Real sensor series - Fitzroy Gardens - board 508,42,real_sensor_board_508,17.755486438038172,0,normal
2015-03-09 23:35:00+00:00,19.7,Fitzroy Gardens,508,36.5,95.3,-37.8134078,144.9794923,ENV,REAL_508,Real sensor series - Fitzroy Gardens - board 508,42,real_sensor_board_508,18.08438915043054,0,normal
2015-03-09 23:45:00+00:00,19.0,Fitzroy Gardens,508,36.2,93.6,-37.8134078,144.9794923,ENV,REAL_508,Real sensor series - Fitzroy Gardens - board 508,42,real_sensor_board_508,18.407511320344433,0,normal
2015-03-09 23:55:00+00:00,18.4,Fitzroy Gardens,508,37.9,95.1,-37.8134078,144.9794923,ENV,REAL_508,Real sensor series - Fitzroy Gardens - board 508,42,real_sensor_board_508,18.84600905627555,1,weak_multivariate_excursion
2015-03-10 00:40:00+00:00,24.2,Fitzroy Gardens,508,30.5,96.5,-37.8134078,144.9794923,ENV,REAL_508,Real sensor series - Fitzroy Gardens - board 508,42,real_sensor_board_508,19.19680724502044,1,weak_multivariate_excursion
2015-03-10 01:00:00+00:00,25.2,Fitzroy Gardens,508,29.4,96.4,-37.8134078,144.9794923,ENV,REAL_508,Real sensor series - Fitzroy Gardens - board 508,42,real_sensor_board_508,19.477445796016355,1,weak_multivariate_excursion
2015-03-10 01:10:00+00:00,24.2,Fitzroy Gardens,508,30.2,96.4,-37.8134078,144.9794923,ENV,REAL_508,Real sensor series - Fitzroy Gardens - board 508,42,real_sensor_board_508,19.781956636813085,1,weak_multivariate_excursion
2015-03-10 01:20:00+00:00,24.8,Fitzroy Gardens,508,30.2,96.4,-37.8134078,144.9794923,ENV,REAL_508,Real sensor series - Fitzroy Gardens - board 508,42,real_sensor_board_508,20.025565309450467,0,normal
2015-03-10 01:30:00+00:00,25.2,Fitzroy Gardens,508,28.3,96.5,-37.8134078,144.9794923,ENV,REAL_508,Real sensor series - Fitzroy Gardens - board 508,42,real_sensor_board_508,20.220452247560374,0,normal
2015-03-10 01:40:00+00:00,23.9,Fitzroy Gardens,508,29.5,96.5,-37.8134078,144.9794923,ENV,REAL_508,Real sensor series - Fitzroy Gardens - board 508,42,real_sensor_board_508,20.3763617980483,0,normal
2015-03-10 01:50:00+00:00,24.8,Fitzroy Gardens,508,30.0,96.5,-37.8134078,144.9794923,ENV,REAL_508,Real sensor series - Fitzroy Gardens - board 508,42,real_sensor_board_508,20.50108943843864,0,normal
2015-03-10 02:00:00+00:00,23.5,Fitzroy Gardens,508,31.0,96.5,-37.8134078,144.9794923,ENV,REAL_508,Real sensor series - Fitzroy Gardens - board 508,42,real_sensor_board_508,20.600871550750913,0,normal
2015-03-10 02:10:00+00:00,23.5,Fitzroy Gardens,508,31.6,96.5,-37.8134078,144.9794923,ENV,REAL_508,Real sensor series - Fitzroy Gardens - board 508,42,real_sensor_board_508,20.68069724060073,0,normal
2015-03-10 02:20:00+00:00,24.2,Fitzroy Gardens,508,30.3,96.6,-37.8134078,144.9794923,ENV,REAL_508,Real sensor series - Fitzroy Gardens - board 508,42,real_sensor_board_508,20.744557792480585,0,normal
2015-03-10 02:30:00+00:00,23.9,Fitzroy Gardens,508,31.3,96.5,-37.8134078,144.9794923,ENV,REAL_508,Real sensor series - Fitzroy Gardens - board 508,42,real_sensor_board_508,20.795646233984467,0,normal
2015-03-10 02:40:00+00:00,24.5,Fitzroy Gardens,508,30.5,96.6,-37.8134078,144.9794923,ENV,REAL_508,Real sensor series - Fitzroy Gardens - board 508,42,real_sensor_board_508,20.836516987187572,0,normal
2015-03-10 02:50:00+00:00,23.9,Fitzroy Gardens,508,29.4,96.5,-37.8134078,144.9794923,ENV,REAL_508,Real sensor series - Fitzroy Gardens - board 508,42,real_sensor_board_508,20.869213589750057,0,normal
2015-03-10 03:00:00+00:00,24.2,Fitzroy Gardens,508,31.3,96.4,-37.8134078,144.9794923,ENV,REAL_508,Real sensor series - Fitzroy Gardens - board 508,42,real_sensor_board_508,20.895370871800047,0,normal
2015-03-10 03:10:00+00:00,22.3,Fitzroy Gardens,508,32.5,95.5,-37.8134078,144.9794923,ENV,REAL_508,Real sensor series - Fitzroy Gardens - board 508,42,real_sensor_board_508,20.91629669744004,0,normal
2015-03-10 03:20:00+00:00,20.6,Fitzroy Gardens,508,36.2,95.4,-37.8134078,144.9794923,ENV,REAL_508,Real sensor series - Fitzroy Gardens - board 508,42,real_sensor_board_508,20.93303735795203,0,normal
2015-03-10 03:30:00+00:00,20.3,Fitzroy Gardens,508,36.2,95.8,-37.8134078,144.9794923,ENV,REAL_508,Real sensor series - Fitzroy Gardens - board 508,42,real_sensor_board_508,20.866429886361626,0,normal
2015-03-10 03:40:00+00:00,21.0,Fitzroy Gardens,508,35.4,95.0,-37.8134078,144.9794923,ENV,REAL_508,Real sensor series - Fitzroy Gardens - board 508,42,real_sensor_board_508,20.813143909089302,0,normal
2015-03-10 03:55:00+00:00,20.6,Fitzroy Gardens,508,35.7,94.9,-37.8134078,144.9794923,ENV,REAL_508,Real sensor series - Fitzroy Gardens - board 508,42,real_sensor_board_508,20.710515127271442,0,normal
2015-03-10 05:05:00+00:00,20.3,Fitzroy Gardens,508,37.1,94.0,-37.8134078,144.9794923,ENV,REAL_508,Real sensor series - Fitzroy Gardens - board 508,42,real_sensor_board_508,20.628412101817155,0,normal
2015-03-10 05:15:00+00:00,19.7,Fitzroy Gardens,508,39.0,94.3,-37.8134078,144.9794923,ENV,REAL_508,Real sensor series - Fitzroy Gardens - board 508,42,real_sensor_board_508,20.562729681453725,0,normal
2015-03-10 05:25:00+00:00,19.4,Fitzroy Gardens,508,38.4,93.7,-37.8134078,144.9794923,ENV,REAL_508,Real sensor series - Fitzroy Gardens - board 508,42,real_sensor_board_508,20.390183745162982,0,normal
2015-03-10 05:35:00+00:00,19.7,Fitzroy Gardens,508,38.4,93.5,-37.8134078,144.9794923,ENV,REAL_508,Real sensor series - Fitzroy Gardens - board 508,42,real_sensor_board_508,20.25214699613039,0,normal
2015-03-10 05:55:00+00:00,19.7,Fitzroy Gardens,508,38.2,93.1,-37.8134078,144.9794923,ENV,REAL_508,Real sensor series - Fitzroy Gardens - board 508,42,real_sensor_board_508,20.141717596904314,0,normal
2015-03-10 06:05:00+00:00,20.3,Fitzroy Gardens,508,39.2,92.2,-37.8134078,144.9794923,ENV,REAL_508,Real sensor series - Fitzroy Gardens - board 508,42,real_sensor_board_508,20.053374077523454,0,normal
2015-03-10 06:15:00+00:00,19.7,Fitzroy Gardens,508,38.8,91.3,-37.8134078,144.9794923,ENV,REAL_508,Real sensor series - Fitzroy Gardens - board 508,42,real_sensor_board_508,19.982699262018766,0,normal
2015-03-10 06:25:00+00:00,19.7,Fitzroy Gardens,508,40.6,90.2,-37.8134078,144.9794923,ENV,REAL_508,Real sensor series - Fitzroy Gardens - board 508,42,real_sensor_board_508,19.926159409615014,0,normal
2015-03-10 06:35:00+00:00,19.7,Fitzroy Gardens,508,39.9,89.5,-37.8134078,144.9794923,ENV,REAL_508,Real sensor series - Fitzroy Gardens - board 508,42,real_sensor_board_508,19.880927527692013,0,normal
2015-03-10 06:55:00+00:00,19.4,Fitzroy Gardens,508,41.0,88.4,-37.8134078,144.9794923,ENV,REAL_508,Real sensor series - Fitzroy Gardens - board 508,42,real_sensor_board_508,19.84474202215361,0,normal
2015-03-10 07:10:00+00:00,19.7,Fitzroy Gardens,508,39.5,87.4,-37.8134078,144.9794923,ENV,REAL_508,Real sensor series - Fitzroy Gardens - board 508,42,real_sensor_board_508,19.81579361772289,0,normal
2015-03-10 07:20:00+00:00,19.7,Fitzroy Gardens,508,39.5,84.6,-37.8134078,144.9794923,ENV,REAL_508,Real sensor series - Fitzroy Gardens - board 508,42,real_sensor_board_508,19.792634894178313,0,normal
2015-03-10 07:30:00+00:00,19.7,Fitzroy Gardens,508,40.4,83.3,-37.8134078,144.9794923,ENV,REAL_508,Real sensor series - Fitzroy Gardens - board 508,42,real_sensor_board_508,19.71410791534265,0,normal
2015-03-10 07:40:00+00:00,19.7,Fitzroy Gardens,508,38.5,80.0,-37.8134078,144.9794923,ENV,REAL_508,Real sensor series - Fitzroy Gardens - board 508,42,real_sensor_board_508,19.651286332274122,1,weak_multivariate_excursion
2015-03-10 09:00:00+00:00,17.7,Fitzroy Gardens,508,39.5,11.7,-37.8134078,144.9794923,ENV,REAL_508,Real sensor series - Fitzroy Gardens - board 508,42,real_sensor_board_508,19.261029065819297,1,weak_multivariate_excursion
2015-03-10 09:10:00+00:00,17.4,Fitzroy Gardens,508,39.6,2.6,-37.8134078,144.9794923,ENV,REAL_508,Real sensor series - Fitzroy Gardens - board 508,42,real_sensor_board_508,18.88882325265544,1,weak_multivariate_excursion
2015-03-10 09:20:00+00:00,17.1,Fitzroy Gardens,508,40.3,1.8,-37.8134078,144.9794923,ENV,REAL_508,Real sensor series - Fitzroy Gardens - board 508,42,real_sensor_board_508,18.531058602124354,0,normal
2015-03-10 09:30:00+00:00,17.1,Fitzroy Gardens,508,41.0,1.7,-37.8134078,144.9794923,ENV,REAL_508,Real sensor series - Fitzroy Gardens - board 508,42,real_sensor_board_508,18.244846881699484,0,normal
2015-03-10 09:40:00+00:00,16.8,Fitzroy Gardens,508,40.9,1.7,-37.8134078,144.9794923,ENV,REAL_508,Real sensor series - Fitzroy Gardens - board 508,42,real_sensor_board_508,18.01587750535959,0,normal
2015-03-10 09:50:00+00:00,16.5,Fitzroy Gardens,508,41.0,1.7,-37.8134078,144.9794923,ENV,REAL_508,Real sensor series - Fitzroy Gardens - board 508,42,real_sensor_board_508,17.832702004287675,0,normal
2015-03-10 10:00:00+00:00,16.5,Fitzroy Gardens,508,40.9,1.7,-37.8134078,144.9794923,ENV,REAL_508,Real sensor series - Fitzroy Gardens - board 508,42,real_sensor_board_508,17.686161603430143,0,normal
2015-03-10 10:10:00+00:00,16.1,Fitzroy Gardens,508,42.1,1.7,-37.8134078,144.9794923,ENV,REAL_508,Real sensor series - Fitzroy Gardens - board 508,42,real_sensor_board_508,17.568929282744115,0,normal
2015-03-10 10:25:00+00:00,16.1,Fitzroy Gardens,508,42.1,1.7,-37.8134078,144.9794923,ENV,REAL_508,Real sensor series - Fitzroy Gardens - board 508,42,real_sensor_board_508,17.475143426195295,0,normal
2015-03-10 10:35:00+00:00,15.8,Fitzroy Gardens,508,42.6,1.7,-37.8134078,144.9794923,ENV,REAL_508,Real sensor series - Fitzroy Gardens - board 508,42,real_sensor_board_508,17.400114740956237,0,normal
2015-03-10 10:45:00+00:00,15.8,Fitzroy Gardens,508,44.0,1.7,-37.8134078,144.9794923,ENV,REAL_508,Real sensor series - Fitzroy Gardens - board 508,42,real_sensor_board_508,17.34009179276499,0,normal
2015-03-10 10:55:00+00:00,15.5,Fitzroy Gardens,508,44.2,1.7,-37.8134078,144.9794923,ENV,REAL_508,Real sensor series - Fitzroy Gardens - board 508,42,real_sensor_board_508,17.292073434211993,0,normal
2015-03-10 11:55:00+00:00,15.2,Fitzroy Gardens,508,45.5,1.5,-37.8134078,144.9794923,ENV,REAL_508,Real sensor series - Fitzroy Gardens - board 508,42,real_sensor_board_508,17.253658747369595,0,normal
2015-03-10 12:05:00+00:00,14.8,Fitzroy Gardens,508,46.1,1.5,-37.8134078,144.9794923,ENV,REAL_508,Real sensor series - Fitzroy Gardens - board 508,42,real_sensor_board_508,17.222926997895676,0,normal
2015-03-10 13:05:00+00:00,12.9,Fitzroy Gardens,508,51.8,1.5,-37.8134078,144.9794923,ENV,REAL_508,Real sensor series - Fitzroy Gardens - board 508,42,real_sensor_board_508,17.198341598316542,0,normal
2015-03-10 13:15:00+00:00,12.6,Fitzroy Gardens,508,52.6,1.5,-37.8134078,144.9794923,ENV,REAL_508,Real sensor series - Fitzroy Gardens - board 508,42,real_sensor_board_508,17.178673278653235,0,normal
2015-03-10 16:00:00+00:00,12.6,Fitzroy Gardens,508,53.3,1.5,-37.8134078,144.9794923,ENV,REAL_508,Real sensor series - Fitzroy Gardens - board 508,42,real_sensor_board_508,17.16293862292259,1,weak_multivariate_excursion
2015-03-10 20:20:00+00:00,10.0,Fitzroy Gardens,508,57.4,51.7,-37.8134078,144.9794923,ENV,REAL_508,Real sensor series - Fitzroy Gardens - board 508,42,real_sensor_board_508,17.150350898338072,1,weak_multivariate_excursion
2015-03-11 00:25:00+00:00,27.7,Fitzroy Gardens,508,22.4,96.6,-37.8134078,144.9794923,ENV,REAL_508,Real sensor series - Fitzroy Gardens - board 508,42,real_sensor_board_508,18.24028071867046,1,weak_multivariate_excursion
2015-03-11 00:45:00+00:00,26.5,Fitzroy Gardens,508,25.7,96.5,-37.8134078,144.9794923,ENV,REAL_508,Real sensor series - Fitzroy Gardens - board 508,42,real_sensor_board_508,19.112224574936366,1,weak_multivariate_excursion
2015-03-11 00:55:00+00:00,26.8,Fitzroy Gardens,508,26.5,96.5,-37.8134078,144.9794923,ENV,REAL_508,Real sensor series - Fitzroy Gardens - board 508,42,real_sensor_board_508,19.809779659949093,1,weak_multivariate_excursion
2015-03-11 01:05:00+00:00,24.8,Fitzroy Gardens,508,28.1,96.4,-37.8134078,144.9794923,ENV,REAL_508,Real sensor series - Fitzroy Gardens - board 508,42,real_sensor_board_508,20.367823727959276,1,weak_multivariate_excursion
2015-03-11 01:15:00+00:00,26.1,Fitzroy Gardens,508,28.6,96.4,-37.8134078,144.9794923,ENV,REAL_508,Real sensor series - Fitzroy Gardens - board 508,42,real_sensor_board_508,20.81425898236742,1,weak_multivariate_excursion
2015-03-11 01:25:00+00:00,25.2,Fitzroy Gardens,508,31.1,96.5,-37.8134078,144.9794923,ENV,REAL_508,Real sensor series - Fitzroy Gardens - board 508,42,real_sensor_board_508,21.171407185893937,0,normal
2015-03-11 01:35:00+00:00,24.5,Fitzroy Gardens,508,31.4,96.5,-37.8134078,144.9794923,ENV,REAL_508,Real sensor series - Fitzroy Gardens - board 508,42,real_sensor_board_508,21.45712574871515,0,normal
2015-03-11 01:45:00+00:00,24.5,Fitzroy Gardens,508,34.7,96.5,-37.8134078,144.9794923,ENV,REAL_508,Real sensor series - Fitzroy Gardens - board 508,42,real_sensor_board_508,21.68570059897212,0,normal
2015-03-11 01:55:00+00:00,23.2,Fitzroy Gardens,508,35.7,96.5,-37.8134078,144.9794923,ENV,REAL_508,Real sensor series - Fitzroy Gardens - board 508,42,real_sensor_board_508,21.868560479177695,0,normal
2015-03-11 02:05:00+00:00,25.2,Fitzroy Gardens,508,32.7,96.6,-37.8134078,144.9794923,ENV,REAL_508,Real sensor series - Fitzroy Gardens - board 508,42,real_sensor_board_508,22.014848383342155,0,normal
2015-03-11 02:20:00+00:00,24.5,Fitzroy Gardens,508,30.2,96.6,-37.8134078,144.9794923,ENV,REAL_508,Real sensor series - Fitzroy Gardens - board 508,42,real_sensor_board_508,22.131878706673724,0,normal
2015-03-11 02:30:00+00:00,22.9,Fitzroy Gardens,508,31.0,96.6,-37.8134078,144.9794923,ENV,REAL_508,Real sensor series - Fitzroy Gardens - board 508,42,real_sensor_board_508,22.22550296533898,0,normal
2015-03-11 02:40:00+00:00,22.6,Fitzroy Gardens,508,32.5,96.3,-37.8134078,144.9794923,ENV,REAL_508,Real sensor series - Fitzroy Gardens - board 508,42,real_sensor_board_508,22.300402372271183,0,normal
2015-03-11 02:50:00+00:00,24.2,Fitzroy Gardens,508,31.9,96.4,-37.8134078,144.9794923,ENV,REAL_508,Real sensor series - Fitzroy Gardens - board 508,42,real_sensor_board_508,22.360321897816945,0,normal
2015-03-11 03:00:00+00:00,24.2,Fitzroy Gardens,508,31.4,96.5,-37.8134078,144.9794923,ENV,REAL_508,Real sensor series - Fitzroy Gardens - board 508,42,real_sensor_board_508,22.408257518253556,0,normal
2015-03-11 03:10:00+00:00,23.2,Fitzroy Gardens,508,29.7,95.8,-37.8134078,144.9794923,ENV,REAL_508,Real sensor series - Fitzroy Gardens - board 508,42,real_sensor_board_508,22.446606014602846,0,normal
2015-03-11 03:20:00+00:00,21.6,Fitzroy Gardens,508,32.8,95.4,-37.8134078,144.9794923,ENV,REAL_508,Real sensor series - Fitzroy Gardens - board 508,42,real_sensor_board_508,22.477284811682278,0,normal
2015-03-11 03:30:00+00:00,22.6,Fitzroy Gardens,508,33.8,95.3,-37.8134078,144.9794923,ENV,REAL_508,Real sensor series - Fitzroy Gardens - board 508,42,real_sensor_board_508,22.501827849345823,0,normal
2015-03-11 03:40:00+00:00,22.6,Fitzroy Gardens,508,34.1,95.1,-37.8134078,144.9794923,ENV,REAL_508,Real sensor series - Fitzroy Gardens - board 508,42,real_sensor_board_508,22.381462279476658,0,normal
2015-03-11 03:50:00+00:00,21.6,Fitzroy Gardens,508,36.9,95.2,-37.8134078,144.9794923,ENV,REAL_508,Real sensor series - Fitzroy Gardens - board 508,42,real_sensor_board_508,22.22516982358133,0,normal
2015-03-11 04:00:00+00:00,21.6,Fitzroy Gardens,508,37.6,95.0,-37.8134078,144.9794923,ENV,REAL_508,Real sensor series - Fitzroy Gardens - board 508,42,real_sensor_board_508,22.100135858865062,1,weak_multivariate_excursion
2015-03-11 08:05:00+00:00,19.0,Fitzroy Gardens,508,38.4,73.5,-37.8134078,144.9794923,ENV,REAL_508,Real sensor series - Fitzroy Gardens - board 508,42,real_sensor_board_508,22.00010868709205,1,weak_multivariate_excursion
2015-03-12 00:40:00+00:00,18.4,Fitzroy Gardens,508,31.1,94.3,-37.8134078,144.9794923,ENV,REAL_508,Real sensor series - Fitzroy Gardens - board 508,42,real_sensor_board_508,21.80008694967364,1,weak_multivariate_excursion
2015-03-12 01:05:00+00:00,20.0,Fitzroy Gardens,508,30.0,95.0,-37.8134078,144.9794923,ENV,REAL_508,Real sensor series - Fitzroy Gardens - board 508,42,real_sensor_board_508,21.50006955973891,1,weak_multivariate_excursion
2015-03-12 01:15:00+00:00,19.0,Fitzroy Gardens,508,33.5,96.5,-37.8134078,144.9794923,ENV,REAL_508,Real sensor series - Fitzroy Gardens - board 508,42,real_sensor_board_508,21.260055647791127,0,normal
2015-03-12 01:25:00+00:00,19.0,Fitzroy Gardens,508,32.4,95.6,-37.8134078,144.9794923,ENV,REAL_508,Real sensor series - Fitzroy Gardens - board 508,42,real_sensor_board_508,21.008044518232904,0,normal
2015-03-12 01:35:00+00:00,18.7,Fitzroy Gardens,508,33.3,94.1,-37.8134078,144.9794923,ENV,REAL_508,Real sensor series - Fitzroy Gardens - board 508,42,real_sensor_board_508,20.806435614586324,0,normal
2015-03-12 01:45:00+00:00,20.0,Fitzroy Gardens,508,29.7,95.9,-37.8134078,144.9794923,ENV,REAL_508,Real sensor series - Fitzroy Gardens - board 508,42,real_sensor_board_508,20.645148491669058,0,normal
2015-03-12 01:55:00+00:00,21.9,Fitzroy Gardens,508,29.4,96.7,-37.8134078,144.9794923,ENV,REAL_508,Real sensor series - Fitzroy Gardens - board 508,42,real_sensor_board_508,20.51611879333525,0,normal
2015-03-12 02:05:00+00:00,21.0,Fitzroy Gardens,508,31.6,96.9,-37.8134078,144.9794923,ENV,REAL_508,Real sensor series - Fitzroy Gardens - board 508,42,real_sensor_board_508,20.2928950346682,0,normal
2015-03-12 02:15:00+00:00,18.4,Fitzroy Gardens,508,32.4,94.1,-37.8134078,144.9794923,ENV,REAL_508,Real sensor series - Fitzroy Gardens - board 508,42,real_sensor_board_508,20.03431602773456,0,normal
2015-03-12 02:25:00+00:00,20.0,Fitzroy Gardens,508,30.6,96.1,-37.8134078,144.9794923,ENV,REAL_508,Real sensor series - Fitzroy Gardens - board 508,42,real_sensor_board_508,19.827452822187652,0,normal
2015-03-12 02:35:00+00:00,19.0,Fitzroy Gardens,508,32.5,94.4,-37.8134078,144.9794923,ENV,REAL_508,Real sensor series - Fitzroy Gardens - board 508,42,real_sensor_board_508,19.661962257750123,0,normal
2015-03-12 02:45:00+00:00,19.4,Fitzroy Gardens,508,31.0,95.7,-37.8134078,144.9794923,ENV,REAL_508,Real sensor series - Fitzroy Gardens - board 508,42,real_sensor_board_508,19.529569806200097,0,normal
2015-03-12 02:55:00+00:00,20.0,Fitzroy Gardens,508,28.3,95.9,-37.8134078,144.9794923,ENV,REAL_508,Real sensor series - Fitzroy Gardens - board 508,42,real_sensor_board_508,19.423655844960077,0,normal
2015-03-12 03:05:00+00:00,20.3,Fitzroy Gardens,508,29.5,96.4,-37.8134078,144.9794923,ENV,REAL_508,Real sensor series - Fitzroy Gardens - board 508,42,real_sensor_board_508,19.338924675968062,0,normal
2015-03-12 03:15:00+00:00,19.0,Fitzroy Gardens,508,30.8,95.1,-37.8134078,144.9794923,ENV,REAL_508,Real sensor series - Fitzroy Gardens - board 508,42,real_sensor_board_508,19.27113974077445,0,normal
2015-03-12 03:25:00+00:00,19.0,Fitzroy Gardens,508,32.4,96.0,-37.8134078,144.9794923,ENV,REAL_508,Real sensor series - Fitzroy Gardens - board 508,42,real_sensor_board_508,19.15691179261956,0,normal
2015-03-12 03:35:00+00:00,20.3,Fitzroy Gardens,508,28.9,92.8,-37.8134078,144.9794923,ENV,REAL_508,Real sensor series - Fitzroy Gardens - board 508,42,real_sensor_board_508,19.06552943409565,0,normal
2015-03-12 04:00:00+00:00,19.0,Fitzroy Gardens,508,34.4,95.3,-37.8134078,144.9794923,ENV,REAL_508,Real sensor series - Fitzroy Gardens - board 508,42,real_sensor_board_508,18.992423547276523,1,weak_multivariate_excursion
2015-03-12 08:25:00+00:00,15.5,Fitzroy Gardens,508,36.2,64.5,-37.8134078,144.9794923,ENV,REAL_508,Real sensor series - Fitzroy Gardens - board 508,42,real_sensor_board_508,18.87393883782122,1,weak_multivariate_excursion
2015-03-12 13:00:00+00:00,15.2,Fitzroy Gardens,508,38.8,1.5,-37.8134078,144.9794923,ENV,REAL_508,Real sensor series - Fitzroy Gardens - board 508,42,real_sensor_board_508,18.77915107025698,1,weak_multivariate_excursion
2015-03-14 08:40:00+00:00,18.7,Fitzroy Gardens,508,50.7,12.0,-37.8134078,144.9794923,ENV,REAL_508,Real sensor series - Fitzroy Gardens - board 508,42,real_sensor_board_508,18.703320856205586,1,weak_multivariate_excursion
2015-03-14 09:00:00+00:00,18.4,Fitzroy Gardens,508,51.3,3.1,-37.8134078,144.9794923,ENV,REAL_508,Real sensor series - Fitzroy Gardens - board 508,42,real_sensor_board_508,18.64265668496447,1,weak_multivariate_excursion
2015-03-14 09:10:00+00:00,18.4,Fitzroy Gardens,508,51.1,1.9,-37.8134078,144.9794923,ENV,REAL_508,Real sensor series - Fitzroy Gardens - board 508,42,real_sensor_board_508,18.394125347971578,0,normal
2015-03-14 09:20:00+00:00,18.4,Fitzroy Gardens,508,52.1,1.9,-37.8134078,144.9794923,ENV,REAL_508,Real sensor series - Fitzroy Gardens - board 508,42,real_sensor_board_508,18.195300278377264,0,normal
2015-03-14 09:30:00+00:00,17.4,Fitzroy Gardens,508,55.1,1.7,-37.8134078,144.9794923,ENV,REAL_508,Real sensor series - Fitzroy Gardens - board 508,42,real_sensor_board_508,17.97624022270181,0,normal
2015-03-14 09:40:00+00:00,17.1,Fitzroy Gardens,508,57.8,1.7,-37.8134078,144.9794923,ENV,REAL_508,Real sensor series - Fitzroy Gardens - board 508,42,real_sensor_board_508,17.80099217816145,0,normal
2015-03-14 09:50:00+00:00,17.1,Fitzroy Gardens,508,55.1,1.8,-37.8134078,144.9794923,ENV,REAL_508,Real sensor series - Fitzroy Gardens - board 508,42,real_sensor_board_508,17.66079374252916,0,normal
2015-03-14 10:00:00+00:00,17.4,Fitzroy Gardens,508,47.2,1.8,-37.8134078,144.9794923,ENV,REAL_508,Real sensor series - Fitzroy Gardens - board 508,42,real_sensor_board_508,17.54863499402333,0,normal
2015-03-14 10:10:00+00:00,17.1,Fitzroy Gardens,508,51.3,1.9,-37.8134078,144.9794923,ENV,REAL_508,Real sensor series - Fitzroy Gardens - board 508,42,real_sensor_board_508,17.458907995218667,0,normal
2015-03-14 10:20:00+00:00,17.1,Fitzroy Gardens,508,54.9,1.8,-37.8134078,144.9794923,ENV,REAL_508,Real sensor series - Fitzroy Gardens - board 508,42,real_sensor_board_508,17.387126396174935,0,normal
2015-03-14 10:35:00+00:00,16.8,Fitzroy Gardens,508,55.7,1.8,-37.8134078,144.9794923,ENV,REAL_508,Real sensor series - Fitzroy Gardens - board 508,42,real_sensor_board_508,17.32970111693995,0,normal
2015-03-14 10:45:00+00:00,16.5,Fitzroy Gardens,508,58.9,1.6,-37.8134078,144.9794923,ENV,REAL_508,Real sensor series - Fitzroy Gardens - board 508,42,real_sensor_board_508,17.283760893551964,0,normal
2015-03-14 10:55:00+00:00,16.1,Fitzroy Gardens,508,60.3,1.6,-37.8134078,144.9794923,ENV,REAL_508,Real sensor series - Fitzroy Gardens - board 508,42,real_sensor_board_508,17.247008714841574,0,normal
2015-03-14 11:05:00+00:00,15.8,Fitzroy Gardens,508,59.2,1.6,-37.8134078,144.9794923,ENV,REAL_508,Real sensor series - Fitzroy Gardens - board 508,42,real_sensor_board_508,17.21760697187326,0,normal
2015-03-14 11:15:00+00:00,15.8,Fitzroy Gardens,508,55.2,1.7,-37.8134078,144.9794923,ENV,REAL_508,Real sensor series - Fitzroy Gardens - board 508,42,real_sensor_board_508,17.19408557749861,0,normal
2015-03-14 11:25:00+00:00,15.8,Fitzroy Gardens,508,56.3,1.7,-37.8134078,144.9794923,ENV,REAL_508,Real sensor series - Fitzroy Gardens - board 508,42,real_sensor_board_508,17.17526846199889,0,normal
2015-03-14 11:35:00+00:00,15.2,Fitzroy Gardens,508,58.5,1.7,-37.8134078,144.9794923,ENV,REAL_508,Real sensor series - Fitzroy Gardens - board 508,42,real_sensor_board_508,17.160214769599115,0,normal
2015-03-14 11:45:00+00:00,15.2,Fitzroy Gardens,508,59.6,1.8,-37.8134078,144.9794923,ENV,REAL_508,Real sensor series - Fitzroy Gardens - board 508,42,real_sensor_board_508,17.148171815679294,0,normal
2015-03-14 11:55:00+00:00,15.5,Fitzroy Gardens,508,59.3,1.7,-37.8134078,144.9794923,ENV,REAL_508,Real sensor series - Fitzroy Gardens - board 508,42,real_sensor_board_508,17.13853745254344,0,normal
2015-03-14 18:15:00+00:00,14.2,Fitzroy Gardens,508,39.3,1.8,-37.8134078,144.9794923,ENV,REAL_508,Real sensor series - Fitzroy Gardens - board 508,42,real_sensor_board_508,17.130829962034753,0,normal
2015-03-14 20:10:00+00:00,14.2,Fitzroy Gardens,508,39.2,11.7,-37.8134078,144.9794923,ENV,REAL_508,Real sensor series - Fitzroy Gardens - board 508,42,real_sensor_board_508,17.124663969627804,0,normal
2015-03-15 13:05:00+00:00,14.2,Fitzroy Gardens,508,50.8,1.8,-37.8134078,144.9794923,ENV,REAL_508,Real sensor series - Fitzroy Gardens - board 508,42,real_sensor_board_508,17.179731175702244,1,weak_multivariate_excursion
2015-03-16 00:20:00+00:00,21.6,Fitzroy Gardens,508,38.7,95.9,-37.8134078,144.9794923,ENV,REAL_508,Real sensor series - Fitzroy Gardens - board 508,42,real_sensor_board_508,18.063784940561796,1,weak_multivariate_excursion
2015-03-16 00:50:00+00:00,23.9,Fitzroy Gardens,508,33.0,95.9,-37.8134078,144.9794923,ENV,REAL_508,Real sensor series - Fitzroy Gardens - board 508,42,real_sensor_board_508,19.091027952449437,1,weak_multivariate_excursion
2015-03-16 01:05:00+00:00,26.5,Fitzroy Gardens,508,30.3,96.2,-37.8134078,144.9794923,ENV,REAL_508,Real sensor series - Fitzroy Gardens - board 508,42,real_sensor_board_508,19.91282236195955,1,weak_multivariate_excursion
2015-03-16 01:35:00+00:00,24.8,Fitzroy Gardens,508,29.2,94.7,-37.8134078,144.9794923,ENV,REAL_508,Real sensor series - Fitzroy Gardens - board 508,42,real_sensor_board_508,20.57025788956764,1,weak_multivariate_excursion
2015-03-16 01:45:00+00:00,26.1,Fitzroy Gardens,508,26.9,95.5,-37.8134078,144.9794923,ENV,REAL_508,Real sensor series - Fitzroy Gardens - board 508,42,real_sensor_board_508,21.15620631165411,1,weak_multivariate_excursion
2015-03-16 01:55:00+00:00,26.8,Fitzroy Gardens,508,25.0,95.8,-37.8134078,144.9794923,ENV,REAL_508,Real sensor series - Fitzroy Gardens - board 508,42,real_sensor_board_508,21.624965049323286,1,weak_multivariate_excursion
2015-03-16 02:05:00+00:00,24.5,Fitzroy Gardens,508,27.6,93.3,-37.8134078,144.9794923,ENV,REAL_508,Real sensor series - Fitzroy Gardens - board 508,42,real_sensor_board_508,21.99997203945863,0,normal
2015-03-16 02:15:00+00:00,24.2,Fitzroy Gardens,508,28.4,92.4,-37.8134078,144.9794923,ENV,REAL_508,Real sensor series - Fitzroy Gardens - board 508,42,real_sensor_board_508,22.379977631566906,0,normal
2015-03-16 02:25:00+00:00,23.5,Fitzroy Gardens,508,27.8,92.4,-37.8134078,144.9794923,ENV,REAL_508,Real sensor series - Fitzroy Gardens - board 508,42,real_sensor_board_508,22.683982105253527,0,normal
2015-03-16 02:35:00+00:00,23.5,Fitzroy Gardens,508,27.6,92.0,-37.8134078,144.9794923,ENV,REAL_508,Real sensor series - Fitzroy Gardens - board 508,42,real_sensor_board_508,22.927185684202822,0,normal
2015-03-16 02:45:00+00:00,23.5,Fitzroy Gardens,508,28.1,91.5,-37.8134078,144.9794923,ENV,REAL_508,Real sensor series - Fitzroy Gardens - board 508,42,real_sensor_board_508,23.181748547362258,0,normal
2015-03-16 02:55:00+00:00,23.2,Fitzroy Gardens,508,28.0,91.9,-37.8134078,144.9794923,ENV,REAL_508,Real sensor series - Fitzroy Gardens - board 508,42,real_sensor_board_508,23.385398837889806,0,normal
2015-03-16 03:05:00+00:00,23.2,Fitzroy Gardens,508,28.6,91.2,-37.8134078,144.9794923,ENV,REAL_508,Real sensor series - Fitzroy Gardens - board 508,42,real_sensor_board_508,23.548319070311845,0,normal
2015-03-16 03:15:00+00:00,23.2,Fitzroy Gardens,508,28.9,91.9,-37.8134078,144.9794923,ENV,REAL_508,Real sensor series - Fitzroy Gardens - board 508,42,real_sensor_board_508,23.678655256249478,0,normal
2015-03-16 03:35:00+00:00,23.9,Fitzroy Gardens,508,27.8,93.2,-37.8134078,144.9794923,ENV,REAL_508,Real sensor series - Fitzroy Gardens - board 508,42,real_sensor_board_508,23.78292420499958,0,normal
2015-03-16 03:45:00+00:00,23.9,Fitzroy Gardens,508,28.0,95.2,-37.8134078,144.9794923,ENV,REAL_508,Real sensor series - Fitzroy Gardens - board 508,42,real_sensor_board_508,23.866339363999664,0,normal
2015-03-16 03:55:00+00:00,24.8,Fitzroy Gardens,508,26.9,93.3,-37.8134078,144.9794923,ENV,REAL_508,Real sensor series - Fitzroy Gardens - board 508,42,real_sensor_board_508,23.933071491199733,0,normal
2015-03-16 04:50:00+00:00,24.8,Fitzroy Gardens,508,27.2,93.2,-37.8134078,144.9794923,ENV,REAL_508,Real sensor series - Fitzroy Gardens - board 508,42,real_sensor_board_508,23.986457192959787,0,normal
2015-03-16 05:00:00+00:00,24.2,Fitzroy Gardens,508,27.0,92.8,-37.8134078,144.9794923,ENV,REAL_508,Real sensor series - Fitzroy Gardens - board 508,42,real_sensor_board_508,23.969165754367832,0,normal
2015-03-16 05:20:00+00:00,25.2,Fitzroy Gardens,508,27.2,93.9,-37.8134078,144.9794923,ENV,REAL_508,Real sensor series - Fitzroy Gardens - board 508,42,real_sensor_board_508,23.955332603494266,0,normal
2015-03-16 05:30:00+00:00,24.5,Fitzroy Gardens,508,26.5,93.4,-37.8134078,144.9794923,ENV,REAL_508,Real sensor series - Fitzroy Gardens - board 508,42,real_sensor_board_508,23.944266082795416,0,normal
2015-03-16 05:40:00+00:00,25.2,Fitzroy Gardens,508,25.0,95.3,-37.8134078,144.9794923,ENV,REAL_508,Real sensor series - Fitzroy Gardens - board 508,42,real_sensor_board_508,23.855412866236332,0,normal
2015-03-16 05:50:00+00:00,25.5,Fitzroy Gardens,508,25.1,91.9,-37.8134078,144.9794923,ENV,REAL_508,Real sensor series - Fitzroy Gardens - board 508,42,real_sensor_board_508,23.784330292989065,0,normal
2015-03-16 06:10:00+00:00,24.2,Fitzroy Gardens,508,26.7,90.6,-37.8134078,144.9794923,ENV,REAL_508,Real sensor series - Fitzroy Gardens - board 508,42,real_sensor_board_508,23.727464234391253,0,normal
2015-03-16 06:20:00+00:00,24.2,Fitzroy Gardens,508,27.6,89.3,-37.8134078,144.9794923,ENV,REAL_508,Real sensor series - Fitzroy Gardens - board 508,42,real_sensor_board_508,23.681971387513002,0,normal
2015-03-16 06:30:00+00:00,24.2,Fitzroy Gardens,508,27.2,88.6,-37.8134078,144.9794923,ENV,REAL_508,Real sensor series - Fitzroy Gardens - board 508,42,real_sensor_board_508,23.6455771100104,0,normal
2015-03-16 06:40:00+00:00,23.9,Fitzroy Gardens,508,28.1,84.8,-37.8134078,144.9794923,ENV,REAL_508,Real sensor series - Fitzroy Gardens - board 508,42,real_sensor_board_508,23.61646168800832,0,normal
2015-03-16 06:50:00+00:00,23.5,Fitzroy Gardens,508,27.0,82.8,-37.8134078,144.9794923,ENV,REAL_508,Real sensor series - Fitzroy Gardens - board 508,42,real_sensor_board_508,23.593169350406658,0,normal
2015-03-16 07:00:00+00:00,23.5,Fitzroy Gardens,508,27.5,82.9,-37.8134078,144.9794923,ENV,REAL_508,Real sensor series - Fitzroy Gardens - board 508,42,real_sensor_board_508,23.574535480325327,0,normal
2015-03-16 07:10:00+00:00,23.5,Fitzroy Gardens,508,28.0,84.8,-37.8134078,144.9794923,ENV,REAL_508,Real sensor series - Fitzroy Gardens - board 508,42,real_sensor_board_508,23.55962838426026,0,normal
2015-03-16 07:20:00+00:00,23.5,Fitzroy Gardens,508,28.7,83.1,-37.8134078,144.9794923,ENV,REAL_508,Real sensor series - Fitzroy Gardens - board 508,42,real_sensor_board_508,23.54770270740821,0,normal
2015-03-16 07:35:00+00:00,23.5,Fitzroy Gardens,508,28.9,84.6,-37.8134078,144.9794923,ENV,REAL_508,Real sensor series - Fitzroy Gardens - board 508,42,real_sensor_board_508,23.53816216592657,0,normal
2015-03-16 07:45:00+00:00,23.2,Fitzroy Gardens,508,30.3,84.8,-37.8134078,144.9794923,ENV,REAL_508,Real sensor series - Fitzroy Gardens - board 508,42,real_sensor_board_508,23.470529732741255,0,normal
2015-03-16 07:55:00+00:00,23.2,Fitzroy Gardens,508,29.4,79.2,-37.8134078,144.9794923,ENV,REAL_508,Real sensor series - Fitzroy Gardens - board 508,42,real_sensor_board_508,23.416423786193004,1,weak_multivariate_excursion
2015-03-16 08:35:00+00:00,21.0,Fitzroy Gardens,508,34.6,41.0,-37.8134078,144.9794923,ENV,REAL_508,Real sensor series - Fitzroy Gardens - board 508,42,real_sensor_board_508,22.933139028954404,1,weak_multivariate_excursion
2015-03-16 09:25:00+00:00,19.7,Fitzroy Gardens,508,37.9,1.7,-37.8134078,144.9794923,ENV,REAL_508,Real sensor series - Fitzroy Gardens - board 508,42,real_sensor_board_508,22.406511223163527,1,weak_multivariate_excursion
2015-03-16 09:35:00+00:00,19.7,Fitzroy Gardens,508,37.1,1.7,-37.8134078,144.9794923,ENV,REAL_508,Real sensor series - Fitzroy Gardens - board 508,42,real_sensor_board_508,21.925208978530822,1,weak_multivariate_excursion
2015-03-16 09:45:00+00:00,19.0,Fitzroy Gardens,508,39.2,1.7,-37.8134078,144.9794923,ENV,REAL_508,Real sensor series - Fitzroy Gardens - board 508,42,real_sensor_board_508,21.540167182824657,0,normal
2015-03-16 09:55:00+00:00,19.0,Fitzroy Gardens,508,39.0,1.7,-37.8134078,144.9794923,ENV,REAL_508,Real sensor series - Fitzroy Gardens - board 508,42,real_sensor_board_508,21.17213374625973,0,normal
2015-03-16 10:05:00+00:00,19.0,Fitzroy Gardens,508,39.0,1.7,-37.8134078,144.9794923,ENV,REAL_508,Real sensor series - Fitzroy Gardens - board 508,42,real_sensor_board_508,20.877706997007785,0,normal
2015-03-16 10:15:00+00:00,19.0,Fitzroy Gardens,508,38.5,1.7,-37.8134078,144.9794923,ENV,REAL_508,Real sensor series - Fitzroy Gardens - board 508,42,real_sensor_board_508,20.64216559760623,0,normal
2015-03-16 10:25:00+00:00,18.7,Fitzroy Gardens,508,40.1,1.7,-37.8134078,144.9794923,ENV,REAL_508,Real sensor series - Fitzroy Gardens - board 508,42,real_sensor_board_508,20.453732478084987,0,normal
2015-03-16 10:40:00+00:00,18.7,Fitzroy Gardens,508,40.6,1.7,-37.8134078,144.9794923,ENV,REAL_508,Real sensor series - Fitzroy Gardens - board 508,42,real_sensor_board_508,20.24298598246799,0,normal
2015-03-16 10:50:00+00:00,19.0,Fitzroy Gardens,508,38.4,1.7,-37.8134078,144.9794923,ENV,REAL_508,Real sensor series - Fitzroy Gardens - board 508,42,real_sensor_board_508,19.994388785974394,0,normal
2015-03-16 11:00:00+00:00,19.7,Fitzroy Gardens,508,37.4,1.7,-37.8134078,144.9794923,ENV,REAL_508,Real sensor series - Fitzroy Gardens - board 508,42,real_sensor_board_508,19.795511028779515,0,normal
2015-03-16 11:10:00+00:00,20.0,Fitzroy Gardens,508,36.3,1.7,-37.8134078,144.9794923,ENV,REAL_508,Real sensor series - Fitzroy Gardens - board 508,42,real_sensor_board_508,19.63640882302361,0,normal
2015-03-16 11:20:00+00:00,20.3,Fitzroy Gardens,508,35.5,1.7,-37.8134078,144.9794923,ENV,REAL_508,Real sensor series - Fitzroy Gardens - board 508,42,real_sensor_board_508,19.50912705841889,0,normal
2015-03-16 11:30:00+00:00,20.0,Fitzroy Gardens,508,36.8,1.6,-37.8134078,144.9794923,ENV,REAL_508,Real sensor series - Fitzroy Gardens - board 508,42,real_sensor_board_508,19.407301646735114,0,normal
2015-03-16 11:40:00+00:00,19.7,Fitzroy Gardens,508,36.9,1.6,-37.8134078,144.9794923,ENV,REAL_508,Real sensor series - Fitzroy Gardens - board 508,42,real_sensor_board_508,19.265841317388094,0,normal
2015-03-16 11:50:00+00:00,19.4,Fitzroy Gardens,508,38.4,1.7,-37.8134078,144.9794923,ENV,REAL_508,Real sensor series - Fitzroy Gardens - board 508,42,real_sensor_board_508,19.152673053910476,0,normal
2015-03-16 13:00:00+00:00,18.7,Fitzroy Gardens,508,41.8,1.7,-37.8134078,144.9794923,ENV,REAL_508,Real sensor series - Fitzroy Gardens - board 508,42,real_sensor_board_508,19.062138443128383,0,normal
2015-03-16 13:10:00+00:00,18.7,Fitzroy Gardens,508,42.8,1.7,-37.8134078,144.9794923,ENV,REAL_508,Real sensor series - Fitzroy Gardens - board 508,42,real_sensor_board_508,18.98971075450271,0,normal
2015-03-16 13:20:00+00:00,18.4,Fitzroy Gardens,508,42.9,1.7,-37.8134078,144.9794923,ENV,REAL_508,Real sensor series - Fitzroy Gardens - board 508,42,real_sensor_board_508,18.93176860360217,0,normal
2015-03-16 13:30:00+00:00,18.7,Fitzroy Gardens,508,42.9,1.7,-37.8134078,144.9794923,ENV,REAL_508,Real sensor series - Fitzroy Gardens - board 508,42,real_sensor_board_508,18.825414882881738,0,normal
2015-03-16 13:40:00+00:00,18.4,Fitzroy Gardens,508,43.4,1.7,-37.8134078,144.9794923,ENV,REAL_508,Real sensor series - Fitzroy Gardens - board 508,42,real_sensor_board_508,18.740331906305393,0,normal
2015-03-16 13:55:00+00:00,18.4,Fitzroy Gardens,508,44.2,1.7,-37.8134078,144.9794923,ENV,REAL_508,Real sensor series - Fitzroy Gardens - board 508,42,real_sensor_board_508,18.672265525044317,0,normal
2015-03-16 14:05:00+00:00,18.1,Fitzroy Gardens,508,44.4,1.7,-37.8134078,144.9794923,ENV,REAL_508,Real sensor series - Fitzroy Gardens - board 508,42,real_sensor_board_508,18.557812420035454,0,normal
2015-03-16 14:15:00+00:00,17.7,Fitzroy Gardens,508,46.1,1.7,-37.8134078,144.9794923,ENV,REAL_508,Real sensor series - Fitzroy Gardens - board 508,42,real_sensor_board_508,18.386249936028364,0,normal
2015-03-16 14:25:00+00:00,17.4,Fitzroy Gardens,508,47.5,1.8,-37.8134078,144.9794923,ENV,REAL_508,Real sensor series - Fitzroy Gardens - board 508,42,real_sensor_board_508,18.18899994882269,0,normal
2015-03-16 14:35:00+00:00,17.4,Fitzroy Gardens,508,48.1,1.8,-37.8134078,144.9794923,ENV,REAL_508,Real sensor series - Fitzroy Gardens - board 508,42,real_sensor_board_508,18.031199959058153,0,normal
2015-03-16 14:45:00+00:00,17.1,Fitzroy Gardens,508,48.6,1.8,-37.8134078,144.9794923,ENV,REAL_508,Real sensor series - Fitzroy Gardens - board 508,42,real_sensor_board_508,17.844959967246524,0,normal
2015-03-16 14:55:00+00:00,17.1,Fitzroy Gardens,508,49.6,1.8,-37.8134078,144.9794923,ENV,REAL_508,Real sensor series - Fitzroy Gardens - board 508,42,real_sensor_board_508,17.69596797379722,0,normal
2015-03-16 15:05:00+00:00,16.8,Fitzroy Gardens,508,50.0,1.8,-37.8134078,144.9794923,ENV,REAL_508,Real sensor series - Fitzroy Gardens - board 508,42,real_sensor_board_508,17.57677437903778,0,normal
2015-03-16 15:15:00+00:00,16.8,Fitzroy Gardens,508,50.5,1.8,-37.8134078,144.9794923,ENV,REAL_508,Real sensor series - Fitzroy Gardens - board 508,42,real_sensor_board_508,17.481419503230224,0,normal
2015-03-16 15:35:00+00:00,16.5,Fitzroy Gardens,508,51.3,1.8,-37.8134078,144.9794923,ENV,REAL_508,Real sensor series - Fitzroy Gardens - board 508,42,real_sensor_board_508,17.40513560258418,0,normal
2015-03-16 15:45:00+00:00,16.5,Fitzroy Gardens,508,50.8,1.8,-37.8134078,144.9794923,ENV,REAL_508,Real sensor series - Fitzroy Gardens - board 508,42,real_sensor_board_508,17.344108482067348,0,normal
2015-03-16 18:10:00+00:00,15.8,Fitzroy Gardens,508,56.0,1.7,-37.8134078,144.9794923,ENV,REAL_508,Real sensor series - Fitzroy Gardens - board 508,42,real_sensor_board_508,17.29528678565388,0,normal
2015-03-16 18:20:00+00:00,15.8,Fitzroy Gardens,508,55.4,1.8,-37.8134078,144.9794923,ENV,REAL_508,Real sensor series - Fitzroy Gardens - board 508,42,real_sensor_board_508,17.256229428523106,0,normal
2015-03-16 18:30:00+00:00,15.5,Fitzroy Gardens,508,56.0,1.8,-37.8134078,144.9794923,ENV,REAL_508,Real sensor series - Fitzroy Gardens - board 508,42,real_sensor_board_508,17.224983542818485,0,normal
2015-03-16 18:40:00+00:00,15.8,Fitzroy Gardens,508,54.6,1.8,-37.8134078,144.9794923,ENV,REAL_508,Real sensor series - Fitzroy Gardens - board 508,42,real_sensor_board_508,17.19998683425479,0,normal
2015-03-16 18:50:00+00:00,16.1,Fitzroy Gardens,508,54.0,1.8,-37.8134078,144.9794923,ENV,REAL_508,Real sensor series - Fitzroy Gardens - board 508,42,real_sensor_board_508,17.179989467403836,0,normal
2015-03-16 19:00:00+00:00,16.1,Fitzroy Gardens,508,52.6,1.8,-37.8134078,144.9794923,ENV,REAL_508,Real sensor series - Fitzroy Gardens - board 508,42,real_sensor_board_508,17.16399157392307,0,normal
2015-03-16 19:10:00+00:00,16.5,Fitzroy Gardens,508,51.6,1.8,-37.8134078,144.9794923,ENV,REAL_508,Real sensor series - Fitzroy Gardens - board 508,42,real_sensor_board_508,17.15119325913846,0,normal
2015-03-16 19:20:00+00:00,16.1,Fitzroy Gardens,508,52.6,1.8,-37.8134078,144.9794923,ENV,REAL_508,Real sensor series - Fitzroy Gardens - board 508,42,real_sensor_board_508,17.140954607310768,0,normal
2015-03-16 19:30:00+00:00,16.1,Fitzroy Gardens,508,53.2,1.8,-37.8134078,144.9794923,ENV,REAL_508,Real sensor series - Fitzroy Gardens - board 508,42,real_sensor_board_508,17.132763685848616,0,normal
2015-03-16 19:40:00+00:00,16.1,Fitzroy Gardens,508,53.8,1.8,-37.8134078,144.9794923,ENV,REAL_508,Real sensor series - Fitzroy Gardens - board 508,42,real_sensor_board_508,17.126210948678896,0,normal
2015-03-16 20:15:00+00:00,16.5,Fitzroy Gardens,508,52.2,9.2,-37.8134078,144.9794923,ENV,REAL_508,Real sensor series - Fitzroy Gardens - board 508,42,real_sensor_board_508,17.120968758943118,1,weak_multivariate_excursion
2015-03-16 21:05:00+00:00,17.4,Fitzroy Gardens,508,49.7,71.0,-37.8134078,144.9794923,ENV,REAL_508,Real sensor series - Fitzroy Gardens - board 508,42,real_sensor_board_508,17.176775007154493,1,weak_multivariate_excursion
2015-03-16 21:15:00+00:00,17.7,Fitzroy Gardens,508,49.6,75.4,-37.8134078,144.9794923,ENV,REAL_508,Real sensor series - Fitzroy Gardens - board 508,42,real_sensor_board_508,17.281420005723596,1,weak_multivariate_excursion
2015-03-16 21:25:00+00:00,17.7,Fitzroy Gardens,508,48.8,80.4,-37.8134078,144.9794923,ENV,REAL_508,Real sensor series - Fitzroy Gardens - board 508,42,real_sensor_board_508,17.36513600457888,0,normal
2015-03-16 21:35:00+00:00,18.7,Fitzroy Gardens,508,44.5,78.9,-37.8134078,144.9794923,ENV,REAL_508,Real sensor series - Fitzroy Gardens - board 508,42,real_sensor_board_508,17.572108803663106,0,normal
2015-03-16 21:45:00+00:00,18.4,Fitzroy Gardens,508,46.2,82.5,-37.8134078,144.9794923,ENV,REAL_508,Real sensor series - Fitzroy Gardens - board 508,42,real_sensor_board_508,17.797687042930484,0,normal
2015-03-16 21:55:00+00:00,19.0,Fitzroy Gardens,508,45.0,85.0,-37.8134078,144.9794923,ENV,REAL_508,Real sensor series - Fitzroy Gardens - board 508,42,real_sensor_board_508,18.03814963434439,0,normal
2015-03-16 22:05:00+00:00,19.7,Fitzroy Gardens,508,39.8,84.4,-37.8134078,144.9794923,ENV,REAL_508,Real sensor series - Fitzroy Gardens - board 508,42,real_sensor_board_508,18.230519707475512,0,normal
2015-03-16 22:15:00+00:00,20.0,Fitzroy Gardens,508,38.5,85.1,-37.8134078,144.9794923,ENV,REAL_508,Real sensor series - Fitzroy Gardens - board 508,42,real_sensor_board_508,18.38441576598041,0,normal
2015-03-16 22:25:00+00:00,21.0,Fitzroy Gardens,508,38.2,89.6,-37.8134078,144.9794923,ENV,REAL_508,Real sensor series - Fitzroy Gardens - board 508,42,real_sensor_board_508,18.507532612784328,0,normal
2015-03-16 22:35:00+00:00,21.6,Fitzroy Gardens,508,31.3,89.5,-37.8134078,144.9794923,ENV,REAL_508,Real sensor series - Fitzroy Gardens - board 508,42,real_sensor_board_508,18.606026090227463,0,normal
2015-03-16 22:45:00+00:00,22.3,Fitzroy Gardens,508,27.8,88.3,-37.8134078,144.9794923,ENV,REAL_508,Real sensor series - Fitzroy Gardens - board 508,42,real_sensor_board_508,18.68482087218197,0,normal
2015-03-16 23:05:00+00:00,21.9,Fitzroy Gardens,508,28.3,88.0,-37.8134078,144.9794923,ENV,REAL_508,Real sensor series - Fitzroy Gardens - board 508,42,real_sensor_board_508,18.747856697745576,0,normal
2015-03-16 23:15:00+00:00,21.6,Fitzroy Gardens,508,30.3,88.3,-37.8134078,144.9794923,ENV,REAL_508,Real sensor series - Fitzroy Gardens - board 508,42,real_sensor_board_508,18.798285358196463,0,normal
2015-03-16 23:30:00+00:00,22.3,Fitzroy Gardens,508,28.7,91.1,-37.8134078,144.9794923,ENV,REAL_508,Real sensor series - Fitzroy Gardens - board 508,42,real_sensor_board_508,18.83862828655717,0,normal
2015-03-16 23:40:00+00:00,22.9,Fitzroy Gardens,508,27.8,91.2,-37.8134078,144.9794923,ENV,REAL_508,Real sensor series - Fitzroy Gardens - board 508,42,real_sensor_board_508,18.870902629245737,0,normal
2015-03-16 23:50:00+00:00,22.9,Fitzroy Gardens,508,27.2,89.6,-37.8134078,144.9794923,ENV,REAL_508,Real sensor series - Fitzroy Gardens - board 508,42,real_sensor_board_508,18.89672210339659,0,normal
2015-03-17 23:05:00+00:00,20.6,Fitzroy Gardens,508,46.9,89.1,-37.8134078,144.9794923,ENV,REAL_508,Real sensor series - Fitzroy Gardens - board 508,42,real_sensor_board_508,18.917377682717273,0,normal
2015-03-17 23:15:00+00:00,20.6,Fitzroy Gardens,508,46.9,88.5,-37.8134078,144.9794923,ENV,REAL_508,Real sensor series - Fitzroy Gardens - board 508,42,real_sensor_board_508,18.933902146173818,0,normal
2015-03-17 23:25:00+00:00,20.3,Fitzroy Gardens,508,47.3,89.2,-37.8134078,144.9794923,ENV,REAL_508,Real sensor series - Fitzroy Gardens - board 508,42,real_sensor_board_508,18.947121716939055,0,normal
2015-03-17 23:35:00+00:00,20.3,Fitzroy Gardens,508,47.5,88.6,-37.8134078,144.9794923,ENV,REAL_508,Real sensor series - Fitzroy Gardens - board 508,42,real_sensor_board_508,18.957697373551245,0,normal
2015-03-17 23:55:00+00:00,21.3,Fitzroy Gardens,508,45.9,90.2,-37.8134078,144.9794923,ENV,REAL_508,Real sensor series - Fitzroy Gardens - board 508,42,real_sensor_board_508,18.966157898840997,1,weak_multivariate_excursion
2015-03-18 08:40:00+00:00,18.7,Fitzroy Gardens,508,51.9,30.4,-37.8134078,144.9794923,ENV,REAL_508,Real sensor series - Fitzroy Gardens - board 508,42,real_sensor_board_508,18.9129263190728,1,weak_multivariate_excursion
2015-03-18 09:00:00+00:00,18.1,Fitzroy Gardens,508,53.8,2.4,-37.8134078,144.9794923,ENV,REAL_508,Real sensor series - Fitzroy Gardens - board 508,42,real_sensor_board_508,18.75034105525824,1,weak_multivariate_excursion
2015-03-18 09:10:00+00:00,18.1,Fitzroy Gardens,508,54.3,1.7,-37.8134078,144.9794923,ENV,REAL_508,Real sensor series - Fitzroy Gardens - board 508,42,real_sensor_board_508,18.620272844206593,1,weak_multivariate_excursion
2015-03-18 09:30:00+00:00,18.1,Fitzroy Gardens,508,55.2,1.6,-37.8134078,144.9794923,ENV,REAL_508,Real sensor series - Fitzroy Gardens - board 508,42,real_sensor_board_508,18.516218275365276,0,normal
2015-03-18 09:40:00+00:00,17.7,Fitzroy Gardens,508,55.9,1.7,-37.8134078,144.9794923,ENV,REAL_508,Real sensor series - Fitzroy Gardens - board 508,42,real_sensor_board_508,18.352974620292223,0,normal
2015-03-18 09:50:00+00:00,17.7,Fitzroy Gardens,508,56.8,1.6,-37.8134078,144.9794923,ENV,REAL_508,Real sensor series - Fitzroy Gardens - board 508,42,real_sensor_board_508,18.22237969623378,0,normal
2015-03-18 10:00:00+00:00,17.4,Fitzroy Gardens,508,57.4,1.6,-37.8134078,144.9794923,ENV,REAL_508,Real sensor series - Fitzroy Gardens - board 508,42,real_sensor_board_508,18.117903756987026,0,normal
2015-03-18 10:10:00+00:00,17.7,Fitzroy Gardens,508,57.4,1.6,-37.8134078,144.9794923,ENV,REAL_508,Real sensor series - Fitzroy Gardens - board 508,42,real_sensor_board_508,18.03432300558962,0,normal
2015-03-18 10:20:00+00:00,17.4,Fitzroy Gardens,508,57.1,1.6,-37.8134078,144.9794923,ENV,REAL_508,Real sensor series - Fitzroy Gardens - board 508,42,real_sensor_board_508,17.967458404471696,0,normal
2015-03-18 10:30:00+00:00,17.7,Fitzroy Gardens,508,56.8,1.6,-37.8134078,144.9794923,ENV,REAL_508,Real sensor series - Fitzroy Gardens - board 508,42,real_sensor_board_508,17.853966723577358,0,normal
2015-03-18 10:40:00+00:00,17.4,Fitzroy Gardens,508,57.1,1.6,-37.8134078,144.9794923,ENV,REAL_508,Real sensor series - Fitzroy Gardens - board 508,42,real_sensor_board_508,17.763173378861886,0,normal
2015-03-18 10:55:00+00:00,17.1,Fitzroy Gardens,508,58.1,1.6,-37.8134078,144.9794923,ENV,REAL_508,Real sensor series - Fitzroy Gardens - board 508,42,real_sensor_board_508,17.69053870308951,0,normal
2015-03-18 11:05:00+00:00,16.8,Fitzroy Gardens,508,58.5,1.4,-37.8134078,144.9794923,ENV,REAL_508,Real sensor series - Fitzroy Gardens - board 508,42,real_sensor_board_508,17.632430962471606,0,normal
2015-03-18 11:15:00+00:00,16.8,Fitzroy Gardens,508,60.0,1.2,-37.8134078,144.9794923,ENV,REAL_508,Real sensor series - Fitzroy Gardens - board 508,42,real_sensor_board_508,17.585944769977285,0,normal
2015-03-18 11:25:00+00:00,17.1,Fitzroy Gardens,508,60.4,1.3,-37.8134078,144.9794923,ENV,REAL_508,Real sensor series - Fitzroy Gardens - board 508,42,real_sensor_board_508,17.548755815981828,0,normal
2015-03-18 11:35:00+00:00,17.1,Fitzroy Gardens,508,61.9,1.3,-37.8134078,144.9794923,ENV,REAL_508,Real sensor series - Fitzroy Gardens - board 508,42,real_sensor_board_508,17.519004652785462,0,normal
2015-03-18 11:45:00+00:00,16.8,Fitzroy Gardens,508,61.9,1.3,-37.8134078,144.9794923,ENV,REAL_508,Real sensor series - Fitzroy Gardens - board 508,42,real_sensor_board_508,17.49520372222837,0,normal
2015-03-18 11:55:00+00:00,16.8,Fitzroy Gardens,508,63.1,1.3,-37.8134078,144.9794923,ENV,REAL_508,Real sensor series - Fitzroy Gardens - board 508,42,real_sensor_board_508,17.476162977782696,0,normal
2015-03-18 12:45:00+00:00,15.8,Fitzroy Gardens,508,63.1,1.3,-37.8134078,144.9794923,ENV,REAL_508,Real sensor series - Fitzroy Gardens - board 508,42,real_sensor_board_508,17.460930382226156,0,normal
2015-03-18 13:05:00+00:00,15.5,Fitzroy Gardens,508,62.8,1.2,-37.8134078,144.9794923,ENV,REAL_508,Real sensor series - Fitzroy Gardens - board 508,42,real_sensor_board_508,17.448744305780924,0,normal
2015-03-18 13:15:00+00:00,15.5,Fitzroy Gardens,508,63.4,1.2,-37.8134078,144.9794923,ENV,REAL_508,Real sensor series - Fitzroy Gardens - board 508,42,real_sensor_board_508,17.43899544462474,0,normal
2015-03-18 13:25:00+00:00,15.5,Fitzroy Gardens,508,62.6,1.2,-37.8134078,144.9794923,ENV,REAL_508,Real sensor series - Fitzroy Gardens - board 508,42,real_sensor_board_508,17.431196355699793,0,normal
2015-03-18 13:35:00+00:00,15.5,Fitzroy Gardens,508,62.5,1.3,-37.8134078,144.9794923,ENV,REAL_508,Real sensor series - Fitzroy Gardens - board 508,42,real_sensor_board_508,17.484957084559834,0,normal
2015-03-18 18:15:00+00:00,17.7,Fitzroy Gardens,508,48.0,1.2,-37.8134078,144.9794923,ENV,REAL_508,Real sensor series - Fitzroy Gardens - board 508,42,real_sensor_board_508,17.52796566764787,0,normal
2015-03-18 18:25:00+00:00,17.4,Fitzroy Gardens,508,48.5,1.2,-37.8134078,144.9794923,ENV,REAL_508,Real sensor series - Fitzroy Gardens - board 508,42,real_sensor_board_508,17.562372534118296,1,weak_multivariate_excursion
2015-03-18 23:00:00+00:00,25.2,Fitzroy Gardens,508,34.3,93.2,-37.8134078,144.9794923,ENV,REAL_508,Real sensor series - Fitzroy Gardens - board 508,42,real_sensor_board_508,18.949898027294637,1,weak_multivariate_excursion
2015-03-18 23:10:00+00:00,24.5,Fitzroy Gardens,508,36.3,96.7,-37.8134078,144.9794923,ENV,REAL_508,Real sensor series - Fitzroy Gardens - board 508,42,real_sensor_board_508,20.05991842183571,1,weak_multivariate_excursion
2015-03-18 23:20:00+00:00,25.8,Fitzroy Gardens,508,33.6,96.9,-37.8134078,144.9794923,ENV,REAL_508,Real sensor series - Fitzroy Gardens - board 508,42,real_sensor_board_508,21.00793473746857,0,normal
2015-03-18 23:30:00+00:00,25.5,Fitzroy Gardens,508,33.8,95.0,-37.8134078,144.9794923,ENV,REAL_508,Real sensor series - Fitzroy Gardens - board 508,42,real_sensor_board_508,21.846347789974857,0,normal
2015-03-18 23:45:00+00:00,24.8,Fitzroy Gardens,508,35.1,94.4,-37.8134078,144.9794923,ENV,REAL_508,Real sensor series - Fitzroy Gardens - board 508,42,real_sensor_board_508,22.577078231979886,0,normal
2015-03-18 23:55:00+00:00,24.5,Fitzroy Gardens,508,34.9,92.8,-37.8134078,144.9794923,ENV,REAL_508,Real sensor series - Fitzroy Gardens - board 508,42,real_sensor_board_508,23.22166258558391,1,weak_multivariate_excursion
2015-03-19 00:05:00+00:00,27.4,Fitzroy Gardens,508,32.4,97.1,-37.8134078,144.9794923,ENV,REAL_508,Real sensor series - Fitzroy Gardens - board 508,42,real_sensor_board_508,24.05733006846713,1,weak_multivariate_excursion
2015-03-19 00:55:00+00:00,30.3,Fitzroy Gardens,508,28.4,96.5,-37.8134078,144.9794923,ENV,REAL_508,Real sensor series - Fitzroy Gardens - board 508,42,real_sensor_board_508,25.305864054773707,1,weak_multivariate_excursion
2015-03-19 01:05:00+00:00,31.6,Fitzroy Gardens,508,26.5,96.8,-37.8134078,144.9794923,ENV,REAL_508,Real sensor series - Fitzroy Gardens - board 508,42,real_sensor_board_508,26.364691243818967,1,weak_multivariate_excursion
2015-03-19 01:15:00+00:00,31.6,Fitzroy Gardens,508,26.7,96.7,-37.8134078,144.9794923,ENV,REAL_508,Real sensor series - Fitzroy Gardens - board 508,42,real_sensor_board_508,27.291752995055173,1,weak_multivariate_excursion
2015-03-19 01:25:00+00:00,31.0,Fitzroy Gardens,508,26.2,96.8,-37.8134078,144.9794923,ENV,REAL_508,Real sensor series - Fitzroy Gardens - board 508,42,real_sensor_board_508,28.09340239604414,0,normal
2015-03-19 01:35:00+00:00,30.6,Fitzroy Gardens,508,26.5,96.1,-37.8134078,144.9794923,ENV,REAL_508,Real sensor series - Fitzroy Gardens - board 508,42,real_sensor_board_508,28.734721916835316,0,normal
2015-03-19 01:45:00+00:00,31.3,Fitzroy Gardens,508,26.2,96.9,-37.8134078,144.9794923,ENV,REAL_508,Real sensor series - Fitzroy Gardens - board 508,42,real_sensor_board_508,29.247777533468255,0,normal
2015-03-19 01:55:00+00:00,31.9,Fitzroy Gardens,508,25.4,96.8,-37.8134078,144.9794923,ENV,REAL_508,Real sensor series - Fitzroy Gardens - board 508,42,real_sensor_board_508,29.658222026774606,0,normal
2015-03-19 02:05:00+00:00,33.2,Fitzroy Gardens,508,24.3,96.8,-37.8134078,144.9794923,ENV,REAL_508,Real sensor series - Fitzroy Gardens - board 508,42,real_sensor_board_508,29.986577621419688,0,normal
2015-03-19 02:15:00+00:00,32.6,Fitzroy Gardens,508,23.9,97.0,-37.8134078,144.9794923,ENV,REAL_508,Real sensor series - Fitzroy Gardens - board 508,42,real_sensor_board_508,30.24926209713575,0,normal
2015-03-19 02:25:00+00:00,34.5,Fitzroy Gardens,508,24.5,97.0,-37.8134078,144.9794923,ENV,REAL_508,Real sensor series - Fitzroy Gardens - board 508,42,real_sensor_board_508,30.459409677708603,0,normal
2015-03-19 02:35:00+00:00,33.5,Fitzroy Gardens,508,24.0,97.0,-37.8134078,144.9794923,ENV,REAL_508,Real sensor series - Fitzroy Gardens - board 508,42,real_sensor_board_508,30.627527742166887,0,normal
2015-03-19 02:50:00+00:00,31.6,Fitzroy Gardens,508,25.0,97.0,-37.8134078,144.9794923,ENV,REAL_508,Real sensor series - Fitzroy Gardens - board 508,42,real_sensor_board_508,30.76202219373351,0,normal
2015-03-19 03:00:00+00:00,33.2,Fitzroy Gardens,508,23.4,96.5,-37.8134078,144.9794923,ENV,REAL_508,Real sensor series - Fitzroy Gardens - board 508,42,real_sensor_board_508,30.869617754986812,0,normal
2015-03-19 03:10:00+00:00,32.6,Fitzroy Gardens,508,23.5,96.5,-37.8134078,144.9794923,ENV,REAL_508,Real sensor series - Fitzroy Gardens - board 508,42,real_sensor_board_508,30.955694203989452,0,normal
2015-03-19 03:20:00+00:00,32.3,Fitzroy Gardens,508,24.5,96.3,-37.8134078,144.9794923,ENV,REAL_508,Real sensor series - Fitzroy Gardens - board 508,42,real_sensor_board_508,31.024555363191563,0,normal
2015-03-19 03:30:00+00:00,33.2,Fitzroy Gardens,508,23.9,96.2,-37.8134078,144.9794923,ENV,REAL_508,Real sensor series - Fitzroy Gardens - board 508,42,real_sensor_board_508,31.079644290553254,0,normal
2015-03-19 03:40:00+00:00,31.3,Fitzroy Gardens,508,25.0,95.6,-37.8134078,144.9794923,ENV,REAL_508,Real sensor series - Fitzroy Gardens - board 508,42,real_sensor_board_508,31.123715432442605,0,normal
2015-03-19 03:50:00+00:00,31.6,Fitzroy Gardens,508,25.0,95.7,-37.8134078,144.9794923,ENV,REAL_508,Real sensor series - Fitzroy Gardens - board 508,42,real_sensor_board_508,31.098972345954085,0,normal
2015-03-19 04:10:00+00:00,33.9,Fitzroy Gardens,508,23.1,96.5,-37.8134078,144.9794923,ENV,REAL_508,Real sensor series - Fitzroy Gardens - board 508,42,real_sensor_board_508,30.99917787676327,1,weak_multivariate_excursion
2015-03-19 08:45:00+00:00,19.0,Fitzroy Gardens,508,53.3,12.3,-37.8134078,144.9794923,ENV,REAL_508,Real sensor series - Fitzroy Gardens - board 508,42,real_sensor_board_508,28.59934230141062,1,weak_multivariate_excursion
2015-03-19 08:55:00+00:00,19.0,Fitzroy Gardens,508,53.3,3.4,-37.8134078,144.9794923,ENV,REAL_508,Real sensor series - Fitzroy Gardens - board 508,42,real_sensor_board_508,26.679473841128498,1,weak_multivariate_excursion
2015-03-19 09:05:00+00:00,18.7,Fitzroy Gardens,508,53.8,2.0,-37.8134078,144.9794923,ENV,REAL_508,Real sensor series - Fitzroy Gardens - board 508,42,real_sensor_board_508,25.1435790729028,1,weak_multivariate_excursion
2015-03-19 09:20:00+00:00,19.0,Fitzroy Gardens,508,53.2,2.0,-37.8134078,144.9794923,ENV,REAL_508,Real sensor series - Fitzroy Gardens - board 508,42,real_sensor_board_508,23.914863258322242,1,weak_multivariate_excursion
2015-03-19 09:30:00+00:00,19.0,Fitzroy Gardens,508,52.6,2.0,-37.8134078,144.9794923,ENV,REAL_508,Real sensor series - Fitzroy Gardens - board 508,42,real_sensor_board_508,22.871890606657793,0,normal
2015-03-19 09:40:00+00:00,18.7,Fitzroy Gardens,508,51.9,2.1,-37.8134078,144.9794923,ENV,REAL_508,Real sensor series - Fitzroy Gardens - board 508,42,real_sensor_board_508,22.037512485326232,0,normal
2015-03-19 09:50:00+00:00,18.7,Fitzroy Gardens,508,51.3,2.1,-37.8134078,144.9794923,ENV,REAL_508,Real sensor series - Fitzroy Gardens - board 508,42,real_sensor_board_508,21.37000998826099,0,normal
2015-03-19 10:00:00+00:00,18.4,Fitzroy Gardens,508,50.5,2.1,-37.8134078,144.9794923,ENV,REAL_508,Real sensor series - Fitzroy Gardens - board 508,42,real_sensor_board_508,20.776007990608793,0,normal
2015-03-19 10:10:00+00:00,18.4,Fitzroy Gardens,508,50.3,2.1,-37.8134078,144.9794923,ENV,REAL_508,Real sensor series - Fitzroy Gardens - board 508,42,real_sensor_board_508,20.300806392487036,0,normal
2015-03-19 10:20:00+00:00,18.4,Fitzroy Gardens,508,49.7,2.1,-37.8134078,144.9794923,ENV,REAL_508,Real sensor series - Fitzroy Gardens - board 508,42,real_sensor_board_508,19.92064511398963,0,normal
2015-03-19 10:30:00+00:00,18.4,Fitzroy Gardens,508,49.9,2.0,-37.8134078,144.9794923,ENV,REAL_508,Real sensor series - Fitzroy Gardens - board 508,42,real_sensor_board_508,19.616516091191706,0,normal
2015-03-19 10:40:00+00:00,18.4,Fitzroy Gardens,508,49.7,2.0,-37.8134078,144.9794923,ENV,REAL_508,Real sensor series - Fitzroy Gardens - board 508,42,real_sensor_board_508,19.373212872953367,0,normal
2015-03-19 10:50:00+00:00,18.4,Fitzroy Gardens,508,50.3,2.0,-37.8134078,144.9794923,ENV,REAL_508,Real sensor series - Fitzroy Gardens - board 508,42,real_sensor_board_508,19.178570298362693,0,normal
2015-03-19 11:00:00+00:00,18.4,Fitzroy Gardens,508,49.9,2.0,-37.8134078,144.9794923,ENV,REAL_508,Real sensor series - Fitzroy Gardens - board 508,42,real_sensor_board_508,19.022856238690153,0,normal
2015-03-19 11:10:00+00:00,18.1,Fitzroy Gardens,508,50.8,2.1,-37.8134078,144.9794923,ENV,REAL_508,Real sensor series - Fitzroy Gardens - board 508,42,real_sensor_board_508,18.89828499095212,0,normal
2015-03-19 11:20:00+00:00,18.4,Fitzroy Gardens,508,50.5,2.1,-37.8134078,144.9794923,ENV,REAL_508,Real sensor series - Fitzroy Gardens - board 508,42,real_sensor_board_508,18.798627992761695,0,normal
2015-03-19 11:30:00+00:00,18.1,Fitzroy Gardens,508,47.7,2.1,-37.8134078,144.9794923,ENV,REAL_508,Real sensor series - Fitzroy Gardens - board 508,42,real_sensor_board_508,18.71890239420936,0,normal
2015-03-19 11:40:00+00:00,18.4,Fitzroy Gardens,508,44.5,2.0,-37.8134078,144.9794923,ENV,REAL_508,Real sensor series - Fitzroy Gardens - board 508,42,real_sensor_board_508,18.655121915367488,0,normal
2015-03-19 12:10:00+00:00,18.1,Fitzroy Gardens,508,41.5,1.9,-37.8134078,144.9794923,ENV,REAL_508,Real sensor series - Fitzroy Gardens - board 508,42,real_sensor_board_508,18.60409753229399,0,normal
2015-03-19 13:05:00+00:00,17.7,Fitzroy Gardens,508,33.3,1.8,-37.8134078,144.9794923,ENV,REAL_508,Real sensor series - Fitzroy Gardens - board 508,42,real_sensor_board_508,18.563278025835196,0,normal
2015-03-19 13:15:00+00:00,17.7,Fitzroy Gardens,508,34.6,1.9,-37.8134078,144.9794923,ENV,REAL_508,Real sensor series - Fitzroy Gardens - board 508,42,real_sensor_board_508,18.53062242066816,0,normal
2015-03-19 13:25:00+00:00,17.4,Fitzroy Gardens,508,35.7,1.8,-37.8134078,144.9794923,ENV,REAL_508,Real sensor series - Fitzroy Gardens - board 508,42,real_sensor_board_508,18.504497936534527,0,normal
2015-03-19 13:35:00+00:00,17.1,Fitzroy Gardens,508,35.8,1.7,-37.8134078,144.9794923,ENV,REAL_508,Real sensor series - Fitzroy Gardens - board 508,42,real_sensor_board_508,18.48359834922762,0,normal
2015-03-19 13:45:00+00:00,17.1,Fitzroy Gardens,508,36.2,1.7,-37.8134078,144.9794923,ENV,REAL_508,Real sensor series - Fitzroy Gardens - board 508,42,real_sensor_board_508,18.4668786793821,0,normal
2015-03-19 13:55:00+00:00,16.8,Fitzroy Gardens,508,36.6,1.8,-37.8134078,144.9794923,ENV,REAL_508,Real sensor series - Fitzroy Gardens - board 508,42,real_sensor_board_508,18.45350294350568,0,normal
2015-03-19 14:05:00+00:00,16.8,Fitzroy Gardens,508,37.7,1.8,-37.8134078,144.9794923,ENV,REAL_508,Real sensor series - Fitzroy Gardens - board 508,42,real_sensor_board_508,18.44280235480454,0,normal
2015-03-19 14:15:00+00:00,16.8,Fitzroy Gardens,508,35.7,1.8,-37.8134078,144.9794923,ENV,REAL_508,Real sensor series - Fitzroy Gardens - board 508,42,real_sensor_board_508,18.434241883843633,0,normal
2015-03-19 14:25:00+00:00,16.5,Fitzroy Gardens,508,36.5,1.8,-37.8134078,144.9794923,ENV,REAL_508,Real sensor series - Fitzroy Gardens - board 508,42,real_sensor_board_508,18.367393507074908,0,normal
2015-03-19 14:35:00+00:00,15.2,Fitzroy Gardens,508,39.2,1.9,-37.8134078,144.9794923,ENV,REAL_508,Real sensor series - Fitzroy Gardens - board 508,42,real_sensor_board_508,18.313914805659927,0,normal
2015-03-19 14:45:00+00:00,15.8,Fitzroy Gardens,508,38.7,1.8,-37.8134078,144.9794923,ENV,REAL_508,Real sensor series - Fitzroy Gardens - board 508,42,real_sensor_board_508,18.271131844527943,0,normal
2015-03-19 14:55:00+00:00,15.2,Fitzroy Gardens,508,40.7,1.9,-37.8134078,144.9794923,ENV,REAL_508,Real sensor series - Fitzroy Gardens - board 508,42,real_sensor_board_508,18.236905475622354,1,weak_multivariate_excursion
2015-03-19 23:00:00+00:00,20.3,Fitzroy Gardens,508,36.3,96.3,-37.8134078,144.9794923,ENV,REAL_508,Real sensor series - Fitzroy Gardens - board 508,42,real_sensor_board_508,18.209524380497886,1,weak_multivariate_excursion
2015-03-20 00:00:00+00:00,20.6,Fitzroy Gardens,508,31.3,96.9,-37.8134078,144.9794923,ENV,REAL_508,Real sensor series - Fitzroy Gardens - board 508,42,real_sensor_board_508,18.18761950439831,1,weak_multivariate_excursion
2015-03-20 00:30:00+00:00,21.0,Fitzroy Gardens,508,29.5,96.7,-37.8134078,144.9794923,ENV,REAL_508,Real sensor series - Fitzroy Gardens - board 508,42,real_sensor_board_508,18.17009560351865,0,normal
2015-03-20 01:00:00+00:00,21.3,Fitzroy Gardens,508,28.9,96.7,-37.8134078,144.9794923,ENV,REAL_508,Real sensor series - Fitzroy Gardens - board 508,42,real_sensor_board_508,18.33607648281492,0,normal
2015-03-20 01:10:00+00:00,21.0,Fitzroy Gardens,508,29.4,96.6,-37.8134078,144.9794923,ENV,REAL_508,Real sensor series - Fitzroy Gardens - board 508,42,real_sensor_board_508,18.46886118625194,0,normal
2015-03-20 01:25:00+00:00,21.3,Fitzroy Gardens,508,29.2,96.6,-37.8134078,144.9794923,ENV,REAL_508,Real sensor series - Fitzroy Gardens - board 508,42,real_sensor_board_508,18.57508894900155,0,normal
2015-03-20 01:35:00+00:00,21.3,Fitzroy Gardens,508,28.9,96.7,-37.8134078,144.9794923,ENV,REAL_508,Real sensor series - Fitzroy Gardens - board 508,42,real_sensor_board_508,18.66007115920124,0,normal
2015-03-20 01:45:00+00:00,21.6,Fitzroy Gardens,508,28.9,96.7,-37.8134078,144.9794923,ENV,REAL_508,Real sensor series - Fitzroy Gardens - board 508,42,real_sensor_board_508,18.728056927360992,0,normal
2015-03-20 01:55:00+00:00,21.3,Fitzroy Gardens,508,29.8,96.7,-37.8134078,144.9794923,ENV,REAL_508,Real sensor series - Fitzroy Gardens - board 508,42,real_sensor_board_508,18.782445541888794,1,weak_multivariate_excursion
2015-03-20 02:05:00+00:00,23.5,Fitzroy Gardens,508,28.3,97.0,-37.8134078,144.9794923,ENV,REAL_508,Real sensor series - Fitzroy Gardens - board 508,42,real_sensor_board_508,18.825956433511035,1,weak_multivariate_excursion
2015-03-20 02:15:00+00:00,19.7,Fitzroy Gardens,508,31.3,92.6,-37.8134078,144.9794923,ENV,REAL_508,Real sensor series - Fitzroy Gardens - board 508,42,real_sensor_board_508,19.000765146808828,1,weak_multivariate_excursion
2015-03-20 02:25:00+00:00,17.4,Fitzroy Gardens,508,34.1,89.9,-37.8134078,144.9794923,ENV,REAL_508,Real sensor series - Fitzroy Gardens - board 508,42,real_sensor_board_508,19.140612117447063,0,normal
2015-03-20 02:35:00+00:00,17.4,Fitzroy Gardens,508,33.3,92.1,-37.8134078,144.9794923,ENV,REAL_508,Real sensor series - Fitzroy Gardens - board 508,42,real_sensor_board_508,19.372489693957654,0,normal
2015-03-20 02:45:00+00:00,18.1,Fitzroy Gardens,508,32.1,93.6,-37.8134078,144.9794923,ENV,REAL_508,Real sensor series - Fitzroy Gardens - board 508,42,real_sensor_board_508,19.557991755166125,0,normal
2015-03-20 02:55:00+00:00,21.0,Fitzroy Gardens,508,28.7,96.8,-37.8134078,144.9794923,ENV,REAL_508,Real sensor series - Fitzroy Gardens - board 508,42,real_sensor_board_508,19.766393404132902,0,normal
2015-03-20 03:05:00+00:00,21.3,Fitzroy Gardens,508,28.6,96.6,-37.8134078,144.9794923,ENV,REAL_508,Real sensor series - Fitzroy Gardens - board 508,42,real_sensor_board_508,20.013114723306323,0,normal
2015-03-20 03:15:00+00:00,20.3,Fitzroy Gardens,508,27.3,96.1,-37.8134078,144.9794923,ENV,REAL_508,Real sensor series - Fitzroy Gardens - board 508,42,real_sensor_board_508,20.210491778645057,0,normal
2015-03-20 03:25:00+00:00,19.7,Fitzroy Gardens,508,28.9,96.2,-37.8134078,144.9794923,ENV,REAL_508,Real sensor series - Fitzroy Gardens - board 508,42,real_sensor_board_508,20.368393422916046,0,normal
2015-03-20 03:35:00+00:00,19.0,Fitzroy Gardens,508,29.8,95.6,-37.8134078,144.9794923,ENV,REAL_508,Real sensor series - Fitzroy Gardens - board 508,42,real_sensor_board_508,20.49471473833284,0,normal
2015-03-20 03:45:00+00:00,19.0,Fitzroy Gardens,508,31.4,95.5,-37.8134078,144.9794923,ENV,REAL_508,Real sensor series - Fitzroy Gardens - board 508,42,real_sensor_board_508,20.59577179066627,1,weak_multivariate_excursion
2015-03-20 13:00:00+00:00,12.9,Fitzroy Gardens,508,38.4,1.5,-37.8134078,144.9794923,ENV,REAL_508,Real sensor series - Fitzroy Gardens - board 508,42,real_sensor_board_508,20.736617432533016,1,weak_multivariate_excursion
2015-03-20 16:45:00+00:00,12.9,Fitzroy Gardens,508,41.2,1.7,-37.8134078,144.9794923,ENV,REAL_508,Real sensor series - Fitzroy Gardens - board 508,42,real_sensor_board_508,20.849293946026414,1,weak_multivariate_excursion
2015-03-20 17:05:00+00:00,13.2,Fitzroy Gardens,508,40.4,1.7,-37.8134078,144.9794923,ENV,REAL_508,Real sensor series - Fitzroy Gardens - board 508,42,real_sensor_board_508,20.939435156821133,1,weak_multivariate_excursion
2015-03-20 18:10:00+00:00,11.6,Fitzroy Gardens,508,45.6,1.6,-37.8134078,144.9794923,ENV,REAL_508,Real sensor series - Fitzroy Gardens - board 508,42,real_sensor_board_508,21.01154812545691,1,weak_multivariate_excursion
2015-03-20 21:05:00+00:00,11.0,Fitzroy Gardens,508,43.4,76.2,-37.8134078,144.9794923,ENV,REAL_508,Real sensor series - Fitzroy Gardens - board 508,42,real_sensor_board_508,21.06923850036553,1,weak_multivariate_excursion
2015-03-20 23:05:00+00:00,21.0,Fitzroy Gardens,508,27.8,96.5,-37.8134078,144.9794923,ENV,REAL_508,Real sensor series - Fitzroy Gardens - board 508,42,real_sensor_board_508,21.115390800292424,1,weak_multivariate_excursion
2015-03-21 01:00:00+00:00,23.5,Fitzroy Gardens,508,24.5,96.7,-37.8134078,144.9794923,ENV,REAL_508,Real sensor series - Fitzroy Gardens - board 508,42,real_sensor_board_508,21.272312640233938,1,weak_multivariate_excursion
2015-03-21 01:10:00+00:00,23.9,Fitzroy Gardens,508,23.9,96.7,-37.8134078,144.9794923,ENV,REAL_508,Real sensor series - Fitzroy Gardens - board 508,42,real_sensor_board_508,21.477850112187152,0,normal
2015-03-21 01:20:00+00:00,23.5,Fitzroy Gardens,508,23.4,96.7,-37.8134078,144.9794923,ENV,REAL_508,Real sensor series - Fitzroy Gardens - board 508,42,real_sensor_board_508,21.82228008974972,0,normal
2015-03-21 01:30:00+00:00,23.5,Fitzroy Gardens,508,24.6,96.7,-37.8134078,144.9794923,ENV,REAL_508,Real sensor series - Fitzroy Gardens - board 508,42,real_sensor_board_508,22.097824071799778,0,normal
2015-03-21 01:40:00+00:00,24.8,Fitzroy Gardens,508,22.9,96.7,-37.8134078,144.9794923,ENV,REAL_508,Real sensor series - Fitzroy Gardens - board 508,42,real_sensor_board_508,22.318259257439824,0,normal
2015-03-21 01:50:00+00:00,25.2,Fitzroy Gardens,508,22.8,96.7,-37.8134078,144.9794923,ENV,REAL_508,Real sensor series - Fitzroy Gardens - board 508,42,real_sensor_board_508,22.49460740595186,0,normal
2015-03-21 02:00:00+00:00,24.2,Fitzroy Gardens,508,22.1,96.7,-37.8134078,144.9794923,ENV,REAL_508,Real sensor series - Fitzroy Gardens - board 508,42,real_sensor_board_508,22.63568592476149,0,normal
2015-03-21 02:10:00+00:00,25.5,Fitzroy Gardens,508,23.2,96.8,-37.8134078,144.9794923,ENV,REAL_508,Real sensor series - Fitzroy Gardens - board 508,42,real_sensor_board_508,22.74854873980919,0,normal
2015-03-21 02:20:00+00:00,25.8,Fitzroy Gardens,508,22.6,96.8,-37.8134078,144.9794923,ENV,REAL_508,Real sensor series - Fitzroy Gardens - board 508,42,real_sensor_board_508,22.838838991847354,0,normal
2015-03-21 02:30:00+00:00,25.8,Fitzroy Gardens,508,22.3,96.8,-37.8134078,144.9794923,ENV,REAL_508,Real sensor series - Fitzroy Gardens - board 508,42,real_sensor_board_508,22.911071193477884,0,normal
2015-03-21 02:40:00+00:00,25.2,Fitzroy Gardens,508,21.5,96.8,-37.8134078,144.9794923,ENV,REAL_508,Real sensor series - Fitzroy Gardens - board 508,42,real_sensor_board_508,22.968856954782307,0,normal
2015-03-21 02:50:00+00:00,26.1,Fitzroy Gardens,508,21.2,96.8,-37.8134078,144.9794923,ENV,REAL_508,Real sensor series - Fitzroy Gardens - board 508,42,real_sensor_board_508,23.015085563825846,0,normal
2015-03-21 03:05:00+00:00,23.2,Fitzroy Gardens,508,22.3,96.5,-37.8134078,144.9794923,ENV,REAL_508,Real sensor series - Fitzroy Gardens - board 508,42,real_sensor_board_508,23.052068451060677,0,normal
2015-03-21 03:15:00+00:00,25.8,Fitzroy Gardens,508,20.5,96.2,-37.8134078,144.9794923,ENV,REAL_508,Real sensor series - Fitzroy Gardens - board 508,42,real_sensor_board_508,23.081654760848544,0,normal
2015-03-21 03:25:00+00:00,21.9,Fitzroy Gardens,508,23.7,96.0,-37.8134078,144.9794923,ENV,REAL_508,Real sensor series - Fitzroy Gardens - board 508,42,real_sensor_board_508,23.105323808678836,0,normal
2015-03-21 03:35:00+00:00,22.3,Fitzroy Gardens,508,24.2,95.7,-37.8134078,144.9794923,ENV,REAL_508,Real sensor series - Fitzroy Gardens - board 508,42,real_sensor_board_508,23.12425904694307,0,normal
2015-03-21 03:45:00+00:00,23.2,Fitzroy Gardens,508,22.8,95.7,-37.8134078,144.9794923,ENV,REAL_508,Real sensor series - Fitzroy Gardens - board 508,42,real_sensor_board_508,22.95940723755446,0,normal
2015-03-21 03:55:00+00:00,23.2,Fitzroy Gardens,508,23.5,95.7,-37.8134078,144.9794923,ENV,REAL_508,Real sensor series - Fitzroy Gardens - board 508,42,real_sensor_board_508,22.747525790043568,0,normal
2015-03-21 04:55:00+00:00,21.6,Fitzroy Gardens,508,30.0,94.9,-37.8134078,144.9794923,ENV,REAL_508,Real sensor series - Fitzroy Gardens - board 508,42,real_sensor_board_508,22.518020632034855,0,normal
2015-03-21 05:05:00+00:00,21.0,Fitzroy Gardens,508,28.7,94.4,-37.8134078,144.9794923,ENV,REAL_508,Real sensor series - Fitzroy Gardens - board 508,42,real_sensor_board_508,22.214416505627884,0,normal
2015-03-21 05:15:00+00:00,21.0,Fitzroy Gardens,508,30.6,94.0,-37.8134078,144.9794923,ENV,REAL_508,Real sensor series - Fitzroy Gardens - board 508,42,real_sensor_board_508,21.971533204502308,0,normal
2015-03-21 05:25:00+00:00,20.0,Fitzroy Gardens,508,32.2,94.1,-37.8134078,144.9794923,ENV,REAL_508,Real sensor series - Fitzroy Gardens - board 508,42,real_sensor_board_508,21.777226563601847,0,normal
2015-03-21 05:35:00+00:00,20.3,Fitzroy Gardens,508,32.5,94.2,-37.8134078,144.9794923,ENV,REAL_508,Real sensor series - Fitzroy Gardens - board 508,42,real_sensor_board_508,21.621781250881476,0,normal
2015-03-21 05:45:00+00:00,20.3,Fitzroy Gardens,508,31.6,94.1,-37.8134078,144.9794923,ENV,REAL_508,Real sensor series - Fitzroy Gardens - board 508,42,real_sensor_board_508,21.49742500070518,0,normal
2015-03-21 05:55:00+00:00,20.0,Fitzroy Gardens,508,31.9,93.4,-37.8134078,144.9794923,ENV,REAL_508,Real sensor series - Fitzroy Gardens - board 508,42,real_sensor_board_508,21.397940000564144,0,normal
2015-03-21 06:10:00+00:00,20.0,Fitzroy Gardens,508,35.1,93.1,-37.8134078,144.9794923,ENV,REAL_508,Real sensor series - Fitzroy Gardens - board 508,42,real_sensor_board_508,21.318352000451316,0,normal
2015-03-21 06:20:00+00:00,19.7,Fitzroy Gardens,508,36.9,92.2,-37.8134078,144.9794923,ENV,REAL_508,Real sensor series - Fitzroy Gardens - board 508,42,real_sensor_board_508,21.254681600361053,0,normal
2015-03-21 06:30:00+00:00,19.4,Fitzroy Gardens,508,37.3,90.8,-37.8134078,144.9794923,ENV,REAL_508,Real sensor series - Fitzroy Gardens - board 508,42,real_sensor_board_508,21.203745280288842,0,normal
2015-03-21 06:40:00+00:00,19.7,Fitzroy Gardens,508,36.9,90.6,-37.8134078,144.9794923,ENV,REAL_508,Real sensor series - Fitzroy Gardens - board 508,42,real_sensor_board_508,21.162996224231073,0,normal
2015-03-21 06:50:00+00:00,19.4,Fitzroy Gardens,508,36.2,89.1,-37.8134078,144.9794923,ENV,REAL_508,Real sensor series - Fitzroy Gardens - board 508,42,real_sensor_board_508,21.13039697938486,0,normal
2015-03-21 07:00:00+00:00,19.0,Fitzroy Gardens,508,37.1,87.5,-37.8134078,144.9794923,ENV,REAL_508,Real sensor series - Fitzroy Gardens - board 508,42,real_sensor_board_508,21.104317583507886,0,normal
2015-03-21 07:10:00+00:00,19.0,Fitzroy Gardens,508,38.0,84.8,-37.8134078,144.9794923,ENV,REAL_508,Real sensor series - Fitzroy Gardens - board 508,42,real_sensor_board_508,21.00345406680631,0,normal
2015-03-21 07:20:00+00:00,18.4,Fitzroy Gardens,508,36.8,83.6,-37.8134078,144.9794923,ENV,REAL_508,Real sensor series - Fitzroy Gardens - board 508,42,real_sensor_board_508,20.862763253445046,0,normal
2015-03-21 07:30:00+00:00,18.4,Fitzroy Gardens,508,38.2,81.6,-37.8134078,144.9794923,ENV,REAL_508,Real sensor series - Fitzroy Gardens - board 508,42,real_sensor_board_508,20.750210602756034,0,normal
2015-03-21 07:40:00+00:00,18.1,Fitzroy Gardens,508,39.0,78.1,-37.8134078,144.9794923,ENV,REAL_508,Real sensor series - Fitzroy Gardens - board 508,42,real_sensor_board_508,20.66016848220483,0,normal
2015-03-21 07:50:00+00:00,18.1,Fitzroy Gardens,508,40.1,75.3,-37.8134078,144.9794923,ENV,REAL_508,Real sensor series - Fitzroy Gardens - board 508,42,real_sensor_board_508,20.588134785763863,1,weak_multivariate_excursion
2015-03-22 08:20:00+00:00,25.8,Fitzroy Gardens,508,23.9,64.5,-37.8134078,144.9794923,ENV,REAL_508,Real sensor series - Fitzroy Gardens - board 508,42,real_sensor_board_508,20.47050782861109,1,weak_multivariate_excursion
2015-03-22 09:00:00+00:00,24.5,Fitzroy Gardens,508,25.3,1.8,-37.8134078,144.9794923,ENV,REAL_508,Real sensor series - Fitzroy Gardens - board 508,42,real_sensor_board_508,20.376406262888874,1,weak_multivariate_excursion
2015-03-22 09:10:00+00:00,23.2,Fitzroy Gardens,508,26.7,1.7,-37.8134078,144.9794923,ENV,REAL_508,Real sensor series - Fitzroy Gardens - board 508,42,real_sensor_board_508,20.3011250103111,1,weak_multivariate_excursion
2015-03-22 09:20:00+00:00,22.6,Fitzroy Gardens,508,28.1,1.7,-37.8134078,144.9794923,ENV,REAL_508,Real sensor series - Fitzroy Gardens - board 508,42,real_sensor_board_508,20.240900008248882,0,normal
2015-03-22 09:30:00+00:00,22.6,Fitzroy Gardens,508,28.3,1.7,-37.8134078,144.9794923,ENV,REAL_508,Real sensor series - Fitzroy Gardens - board 508,42,real_sensor_board_508,20.132720006599108,0,normal
2015-03-22 09:40:00+00:00,21.9,Fitzroy Gardens,508,29.1,1.8,-37.8134078,144.9794923,ENV,REAL_508,Real sensor series - Fitzroy Gardens - board 508,42,real_sensor_board_508,20.04617600527929,0,normal
2015-03-22 09:50:00+00:00,21.6,Fitzroy Gardens,508,29.7,1.8,-37.8134078,144.9794923,ENV,REAL_508,Real sensor series - Fitzroy Gardens - board 508,42,real_sensor_board_508,19.97694080422343,0,normal
2015-03-22 10:00:00+00:00,21.3,Fitzroy Gardens,508,30.0,1.8,-37.8134078,144.9794923,ENV,REAL_508,Real sensor series - Fitzroy Gardens - board 508,42,real_sensor_board_508,19.921552643378746,0,normal
2015-03-22 10:10:00+00:00,21.3,Fitzroy Gardens,508,30.8,1.8,-37.8134078,144.9794923,ENV,REAL_508,Real sensor series - Fitzroy Gardens - board 508,42,real_sensor_board_508,19.817242114702996,0,normal
2015-03-22 10:20:00+00:00,21.3,Fitzroy Gardens,508,30.5,1.8,-37.8134078,144.9794923,ENV,REAL_508,Real sensor series - Fitzroy Gardens - board 508,42,real_sensor_board_508,19.733793691762397,0,normal
2015-03-22 10:30:00+00:00,20.6,Fitzroy Gardens,508,31.3,1.8,-37.8134078,144.9794923,ENV,REAL_508,Real sensor series - Fitzroy Gardens - board 508,42,real_sensor_board_508,19.667034953409917,0,normal
2015-03-22 10:40:00+00:00,20.3,Fitzroy Gardens,508,32.5,1.8,-37.8134078,144.9794923,ENV,REAL_508,Real sensor series - Fitzroy Gardens - board 508,42,real_sensor_board_508,19.613627962727936,0,normal
2015-03-22 10:50:00+00:00,20.3,Fitzroy Gardens,508,32.5,1.8,-37.8134078,144.9794923,ENV,REAL_508,Real sensor series - Fitzroy Gardens - board 508,42,real_sensor_board_508,19.57090237018235,0,normal
2015-03-22 11:05:00+00:00,20.0,Fitzroy Gardens,508,33.5,1.7,-37.8134078,144.9794923,ENV,REAL_508,Real sensor series - Fitzroy Gardens - board 508,42,real_sensor_board_508,19.53672189614588,0,normal
2015-03-22 11:15:00+00:00,19.7,Fitzroy Gardens,508,35.2,1.5,-37.8134078,144.9794923,ENV,REAL_508,Real sensor series - Fitzroy Gardens - board 508,42,real_sensor_board_508,19.509377516916704,0,normal
2015-03-22 11:25:00+00:00,19.4,Fitzroy Gardens,508,35.8,1.5,-37.8134078,144.9794923,ENV,REAL_508,Real sensor series - Fitzroy Gardens - board 508,42,real_sensor_board_508,19.487502013533362,0,normal
2015-03-22 11:35:00+00:00,19.0,Fitzroy Gardens,508,35.5,1.5,-37.8134078,144.9794923,ENV,REAL_508,Real sensor series - Fitzroy Gardens - board 508,42,real_sensor_board_508,19.39000161082669,0,normal
2015-03-22 11:45:00+00:00,19.0,Fitzroy Gardens,508,35.1,1.5,-37.8134078,144.9794923,ENV,REAL_508,Real sensor series - Fitzroy Gardens - board 508,42,real_sensor_board_508,19.312001288661353,0,normal
2015-03-22 11:55:00+00:00,18.7,Fitzroy Gardens,508,35.7,1.6,-37.8134078,144.9794923,ENV,REAL_508,Real sensor series - Fitzroy Gardens - board 508,42,real_sensor_board_508,19.24960103092908,0,normal
2015-03-22 12:25:00+00:00,17.7,Fitzroy Gardens,508,38.4,1.6,-37.8134078,144.9794923,ENV,REAL_508,Real sensor series - Fitzroy Gardens - board 508,42,real_sensor_board_508,19.199680824743265,0,normal
2015-03-22 12:45:00+00:00,18.1,Fitzroy Gardens,508,36.8,1.5,-37.8134078,144.9794923,ENV,REAL_508,Real sensor series - Fitzroy Gardens - board 508,42,real_sensor_board_508,19.15974465979461,0,normal
2015-03-22 13:05:00+00:00,18.4,Fitzroy Gardens,508,35.8,1.5,-37.8134078,144.9794923,ENV,REAL_508,Real sensor series - Fitzroy Gardens - board 508,42,real_sensor_board_508,19.12779572783569,0,normal
2015-03-22 13:15:00+00:00,18.1,Fitzroy Gardens,508,36.9,1.5,-37.8134078,144.9794923,ENV,REAL_508,Real sensor series - Fitzroy Gardens - board 508,42,real_sensor_board_508,19.102236582268553,0,normal
2015-03-22 13:25:00+00:00,17.4,Fitzroy Gardens,508,38.2,1.5,-37.8134078,144.9794923,ENV,REAL_508,Real sensor series - Fitzroy Gardens - board 508,42,real_sensor_board_508,19.081789265814844,0,normal
2015-03-22 13:35:00+00:00,17.1,Fitzroy Gardens,508,38.7,1.5,-37.8134078,144.9794923,ENV,REAL_508,Real sensor series - Fitzroy Gardens - board 508,42,real_sensor_board_508,19.065431412651876,0,normal
2015-03-22 13:45:00+00:00,17.1,Fitzroy Gardens,508,38.7,1.6,-37.8134078,144.9794923,ENV,REAL_508,Real sensor series - Fitzroy Gardens - board 508,42,real_sensor_board_508,19.052345130121502,0,normal
2015-03-22 13:55:00+00:00,16.8,Fitzroy Gardens,508,40.3,1.6,-37.8134078,144.9794923,ENV,REAL_508,Real sensor series - Fitzroy Gardens - board 508,42,real_sensor_board_508,19.041876104097202,0,normal
2015-03-22 14:05:00+00:00,16.5,Fitzroy Gardens,508,40.6,1.6,-37.8134078,144.9794923,ENV,REAL_508,Real sensor series - Fitzroy Gardens - board 508,42,real_sensor_board_508,19.033500883277764,0,normal
2015-03-22 14:20:00+00:00,16.1,Fitzroy Gardens,508,41.8,1.6,-37.8134078,144.9794923,ENV,REAL_508,Real sensor series - Fitzroy Gardens - board 508,42,real_sensor_board_508,19.02680070662221,0,normal
2015-03-22 15:50:00+00:00,18.4,Fitzroy Gardens,508,36.2,1.6,-37.8134078,144.9794923,ENV,REAL_508,Real sensor series - Fitzroy Gardens - board 508,42,real_sensor_board_508,19.02144056529777,0,normal
2015-03-22 16:00:00+00:00,18.4,Fitzroy Gardens,508,36.3,1.6,-37.8134078,144.9794923,ENV,REAL_508,Real sensor series - Fitzroy Gardens - board 508,42,real_sensor_board_508,19.017152452238218,0,normal
2015-03-22 16:10:00+00:00,18.1,Fitzroy Gardens,508,37.1,1.6,-37.8134078,144.9794923,ENV,REAL_508,Real sensor series - Fitzroy Gardens - board 508,42,real_sensor_board_508,19.013721961790576,0,normal
2015-03-22 18:15:00+00:00,19.4,Fitzroy Gardens,508,40.1,1.5,-37.8134078,144.9794923,ENV,REAL_508,Real sensor series - Fitzroy Gardens - board 508,42,real_sensor_board_508,19.09097756943246,0,normal
2015-03-22 18:25:00+00:00,21.3,Fitzroy Gardens,508,41.5,1.5,-37.8134078,144.9794923,ENV,REAL_508,Real sensor series - Fitzroy Gardens - board 508,42,real_sensor_board_508,19.39278205554597,0,normal
2015-03-22 18:35:00+00:00,21.9,Fitzroy Gardens,508,39.9,1.4,-37.8134078,144.9794923,ENV,REAL_508,Real sensor series - Fitzroy Gardens - board 508,42,real_sensor_board_508,19.634225644436775,0,normal
2015-03-22 18:45:00+00:00,22.3,Fitzroy Gardens,508,39.5,1.4,-37.8134078,144.9794923,ENV,REAL_508,Real sensor series - Fitzroy Gardens - board 508,42,real_sensor_board_508,19.82738051554942,0,normal
2015-03-22 18:55:00+00:00,22.6,Fitzroy Gardens,508,39.5,1.5,-37.8134078,144.9794923,ENV,REAL_508,Real sensor series - Fitzroy Gardens - board 508,42,real_sensor_board_508,19.981904412439537,0,normal
2015-03-22 19:05:00+00:00,22.6,Fitzroy Gardens,508,39.2,1.5,-37.8134078,144.9794923,ENV,REAL_508,Real sensor series - Fitzroy Gardens - board 508,42,real_sensor_board_508,20.18552352995163,0,normal
2015-03-22 19:15:00+00:00,22.6,Fitzroy Gardens,508,39.2,1.5,-37.8134078,144.9794923,ENV,REAL_508,Real sensor series - Fitzroy Gardens - board 508,42,real_sensor_board_508,20.348418823961303,0,normal
2015-03-22 19:25:00+00:00,22.9,Fitzroy Gardens,508,39.2,1.5,-37.8134078,144.9794923,ENV,REAL_508,Real sensor series - Fitzroy Gardens - board 508,42,real_sensor_board_508,20.538735059169046,0,normal
2015-03-22 19:35:00+00:00,22.6,Fitzroy Gardens,508,40.4,1.6,-37.8134078,144.9794923,ENV,REAL_508,Real sensor series - Fitzroy Gardens - board 508,42,real_sensor_board_508,20.810988047335236,0,normal
2015-03-22 19:45:00+00:00,22.6,Fitzroy Gardens,508,40.1,1.6,-37.8134078,144.9794923,ENV,REAL_508,Real sensor series - Fitzroy Gardens - board 508,42,real_sensor_board_508,21.02879043786819,0,normal
2015-03-22 19:55:00+00:00,22.6,Fitzroy Gardens,508,39.9,2.0,-37.8134078,144.9794923,ENV,REAL_508,Real sensor series - Fitzroy Gardens - board 508,42,real_sensor_board_508,21.28303235029455,1,weak_multivariate_excursion
2015-03-22 23:00:00+00:00,22.6,Fitzroy Gardens,508,40.6,77.1,-37.8134078,144.9794923,ENV,REAL_508,Real sensor series - Fitzroy Gardens - board 508,42,real_sensor_board_508,21.486425880235643,1,weak_multivariate_excursion
2015-03-22 23:10:00+00:00,22.6,Fitzroy Gardens,508,40.6,79.5,-37.8134078,144.9794923,ENV,REAL_508,Real sensor series - Fitzroy Gardens - board 508,42,real_sensor_board_508,21.709140704188513,1,weak_multivariate_excursion
2015-03-22 23:20:00+00:00,22.6,Fitzroy Gardens,508,40.9,76.9,-37.8134078,144.9794923,ENV,REAL_508,Real sensor series - Fitzroy Gardens - board 508,42,real_sensor_board_508,21.88731256335081,0,normal
2015-03-22 23:30:00+00:00,22.3,Fitzroy Gardens,508,43.3,76.0,-37.8134078,144.9794923,ENV,REAL_508,Real sensor series - Fitzroy Gardens - board 508,42,real_sensor_board_508,22.02985005068065,0,normal
2015-03-22 23:55:00+00:00,21.0,Fitzroy Gardens,508,49.7,79.5,-37.8134078,144.9794923,ENV,REAL_508,Real sensor series - Fitzroy Gardens - board 508,42,real_sensor_board_508,22.14388004054452,0,normal
2015-03-23 00:45:00+00:00,20.6,Fitzroy Gardens,508,49.4,76.8,-37.8134078,144.9794923,ENV,REAL_508,Real sensor series - Fitzroy Gardens - board 508,42,real_sensor_board_508,22.235104032435615,0,normal
2015-03-23 00:55:00+00:00,20.0,Fitzroy Gardens,508,53.2,80.2,-37.8134078,144.9794923,ENV,REAL_508,Real sensor series - Fitzroy Gardens - board 508,42,real_sensor_board_508,22.308083225948494,0,normal
2015-03-23 01:05:00+00:00,19.4,Fitzroy Gardens,508,56.8,84.7,-37.8134078,144.9794923,ENV,REAL_508,Real sensor series - Fitzroy Gardens - board 508,42,real_sensor_board_508,22.366466580758797,0,normal
2015-03-23 01:15:00+00:00,19.7,Fitzroy Gardens,508,56.7,83.2,-37.8134078,144.9794923,ENV,REAL_508,Real sensor series - Fitzroy Gardens - board 508,42,real_sensor_board_508,22.41317326460704,0,normal
2015-03-23 01:25:00+00:00,21.0,Fitzroy Gardens,508,48.5,85.2,-37.8134078,144.9794923,ENV,REAL_508,Real sensor series - Fitzroy Gardens - board 508,42,real_sensor_board_508,22.45053861168563,0,normal
2015-03-23 01:35:00+00:00,21.9,Fitzroy Gardens,508,40.7,89.4,-37.8134078,144.9794923,ENV,REAL_508,Real sensor series - Fitzroy Gardens - board 508,42,real_sensor_board_508,22.540430889348507,0,normal
2015-03-23 01:45:00+00:00,23.2,Fitzroy Gardens,508,35.4,89.1,-37.8134078,144.9794923,ENV,REAL_508,Real sensor series - Fitzroy Gardens - board 508,42,real_sensor_board_508,22.672344711478807,0,normal
2015-03-23 01:55:00+00:00,23.2,Fitzroy Gardens,508,35.7,89.6,-37.8134078,144.9794923,ENV,REAL_508,Real sensor series - Fitzroy Gardens - board 508,42,real_sensor_board_508,22.777875769183048,0,normal
2015-03-23 02:05:00+00:00,23.5,Fitzroy Gardens,508,33.8,89.3,-37.8134078,144.9794923,ENV,REAL_508,Real sensor series - Fitzroy Gardens - board 508,42,real_sensor_board_508,22.922300615346437,0,normal
2015-03-23 02:15:00+00:00,23.5,Fitzroy Gardens,508,29.2,86.1,-37.8134078,144.9794923,ENV,REAL_508,Real sensor series - Fitzroy Gardens - board 508,42,real_sensor_board_508,23.037840492277148,0,normal
2015-03-23 02:25:00+00:00,23.9,Fitzroy Gardens,508,28.9,84.7,-37.8134078,144.9794923,ENV,REAL_508,Real sensor series - Fitzroy Gardens - board 508,42,real_sensor_board_508,23.13027239382172,0,normal
2015-03-23 02:35:00+00:00,24.2,Fitzroy Gardens,508,27.6,82.0,-37.8134078,144.9794923,ENV,REAL_508,Real sensor series - Fitzroy Gardens - board 508,42,real_sensor_board_508,23.204217915057377,0,normal
2015-03-23 02:45:00+00:00,24.2,Fitzroy Gardens,508,28.0,84.9,-37.8134078,144.9794923,ENV,REAL_508,Real sensor series - Fitzroy Gardens - board 508,42,real_sensor_board_508,23.263374332045903,0,normal
2015-03-23 02:55:00+00:00,24.5,Fitzroy Gardens,508,30.0,85.9,-37.8134078,144.9794923,ENV,REAL_508,Real sensor series - Fitzroy Gardens - board 508,42,real_sensor_board_508,23.310699465636723,0,normal
2015-03-23 03:10:00+00:00,24.8,Fitzroy Gardens,508,29.7,90.0,-37.8134078,144.9794923,ENV,REAL_508,Real sensor series - Fitzroy Gardens - board 508,42,real_sensor_board_508,23.34855957250938,0,normal
2015-03-23 03:20:00+00:00,25.2,Fitzroy Gardens,508,30.6,91.3,-37.8134078,144.9794923,ENV,REAL_508,Real sensor series - Fitzroy Gardens - board 508,42,real_sensor_board_508,23.378847658007505,0,normal
2015-03-23 03:30:00+00:00,25.2,Fitzroy Gardens,508,31.1,84.4,-37.8134078,144.9794923,ENV,REAL_508,Real sensor series - Fitzroy Gardens - board 508,42,real_sensor_board_508,23.403078126406005,0,normal
2015-03-23 03:40:00+00:00,24.5,Fitzroy Gardens,508,33.3,85.8,-37.8134078,144.9794923,ENV,REAL_508,Real sensor series - Fitzroy Gardens - board 508,42,real_sensor_board_508,23.422462501124805,0,normal
2015-03-23 03:50:00+00:00,24.8,Fitzroy Gardens,508,30.8,87.1,-37.8134078,144.9794923,ENV,REAL_508,Real sensor series - Fitzroy Gardens - board 508,42,real_sensor_board_508,23.437970000899846,0,normal
2015-03-23 04:10:00+00:00,26.1,Fitzroy Gardens,508,30.0,91.8,-37.8134078,144.9794923,ENV,REAL_508,Real sensor series - Fitzroy Gardens - board 508,42,real_sensor_board_508,23.450376000719878,0,normal
2015-03-23 04:50:00+00:00,26.5,Fitzroy Gardens,508,33.5,92.4,-37.8134078,144.9794923,ENV,REAL_508,Real sensor series - Fitzroy Gardens - board 508,42,real_sensor_board_508,23.4603008005759,0,normal
2015-03-23 05:00:00+00:00,26.8,Fitzroy Gardens,508,32.7,91.9,-37.8134078,144.9794923,ENV,REAL_508,Real sensor series - Fitzroy Gardens - board 508,42,real_sensor_board_508,23.46824064046072,0,normal
2015-03-23 05:10:00+00:00,26.8,Fitzroy Gardens,508,32.4,92.9,-37.8134078,144.9794923,ENV,REAL_508,Real sensor series - Fitzroy Gardens - board 508,42,real_sensor_board_508,23.474592512368577,0,normal
2015-03-23 05:20:00+00:00,26.8,Fitzroy Gardens,508,32.2,91.9,-37.8134078,144.9794923,ENV,REAL_508,Real sensor series - Fitzroy Gardens - board 508,42,real_sensor_board_508,23.47967400989486,1,weak_multivariate_excursion
2015-03-23 05:30:00+00:00,23.5,Fitzroy Gardens,508,39.6,80.1,-37.8134078,144.9794923,ENV,REAL_508,Real sensor series - Fitzroy Gardens - board 508,42,real_sensor_board_508,23.48373920791589,1,weak_multivariate_excursion
2015-03-23 05:40:00+00:00,22.6,Fitzroy Gardens,508,42.3,83.2,-37.8134078,144.9794923,ENV,REAL_508,Real sensor series - Fitzroy Gardens - board 508,42,real_sensor_board_508,23.30699136633271,1,weak_multivariate_excursion
2015-03-23 05:50:00+00:00,22.3,Fitzroy Gardens,508,43.1,79.1,-37.8134078,144.9794923,ENV,REAL_508,Real sensor series - Fitzroy Gardens - board 508,42,real_sensor_board_508,23.165593093066168,0,normal
2015-03-23 06:00:00+00:00,21.9,Fitzroy Gardens,508,44.8,88.0,-37.8134078,144.9794923,ENV,REAL_508,Real sensor series - Fitzroy Gardens - board 508,42,real_sensor_board_508,22.992474474452937,0,normal
2015-03-23 06:10:00+00:00,21.6,Fitzroy Gardens,508,45.6,87.8,-37.8134078,144.9794923,ENV,REAL_508,Real sensor series - Fitzroy Gardens - board 508,42,real_sensor_board_508,22.77397957956235,0,normal
2015-03-23 06:25:00+00:00,21.9,Fitzroy Gardens,508,45.3,87.9,-37.8134078,144.9794923,ENV,REAL_508,Real sensor series - Fitzroy Gardens - board 508,42,real_sensor_board_508,22.59918366364988,0,normal
2015-03-23 06:35:00+00:00,21.6,Fitzroy Gardens,508,45.8,80.3,-37.8134078,144.9794923,ENV,REAL_508,Real sensor series - Fitzroy Gardens - board 508,42,real_sensor_board_508,22.459346930919907,0,normal
2015-03-23 06:45:00+00:00,22.6,Fitzroy Gardens,508,39.0,84.7,-37.8134078,144.9794923,ENV,REAL_508,Real sensor series - Fitzroy Gardens - board 508,42,real_sensor_board_508,22.287477544735925,0,normal
2015-03-23 06:55:00+00:00,21.9,Fitzroy Gardens,508,39.5,86.5,-37.8134078,144.9794923,ENV,REAL_508,Real sensor series - Fitzroy Gardens - board 508,42,real_sensor_board_508,22.149982035788742,0,normal
2015-03-23 07:05:00+00:00,21.6,Fitzroy Gardens,508,40.9,85.1,-37.8134078,144.9794923,ENV,REAL_508,Real sensor series - Fitzroy Gardens - board 508,42,real_sensor_board_508,22.039985628630994,0,normal
2015-03-23 07:15:00+00:00,21.3,Fitzroy Gardens,508,39.8,85.0,-37.8134078,144.9794923,ENV,REAL_508,Real sensor series - Fitzroy Gardens - board 508,42,real_sensor_board_508,21.8919885029048,0,normal
2015-03-23 07:25:00+00:00,21.0,Fitzroy Gardens,508,39.6,83.7,-37.8134078,144.9794923,ENV,REAL_508,Real sensor series - Fitzroy Gardens - board 508,42,real_sensor_board_508,21.71359080232384,0,normal
2015-03-23 07:35:00+00:00,21.0,Fitzroy Gardens,508,39.3,80.0,-37.8134078,144.9794923,ENV,REAL_508,Real sensor series - Fitzroy Gardens - board 508,42,real_sensor_board_508,21.570872641859072,0,normal
2015-03-23 07:45:00+00:00,21.0,Fitzroy Gardens,508,36.8,79.2,-37.8134078,144.9794923,ENV,REAL_508,Real sensor series - Fitzroy Gardens - board 508,42,real_sensor_board_508,21.456698113487256,0,normal
2015-03-23 07:55:00+00:00,21.0,Fitzroy Gardens,508,34.3,75.0,-37.8134078,144.9794923,ENV,REAL_508,Real sensor series - Fitzroy Gardens - board 508,42,real_sensor_board_508,21.365358490789806,1,weak_multivariate_excursion
2015-03-23 09:05:00+00:00,17.7,Fitzroy Gardens,508,53.0,2.1,-37.8134078,144.9794923,ENV,REAL_508,Real sensor series - Fitzroy Gardens - board 508,42,real_sensor_board_508,21.292286792631845,1,weak_multivariate_excursion
2015-03-23 09:15:00+00:00,17.7,Fitzroy Gardens,508,53.0,2.1,-37.8134078,144.9794923,ENV,REAL_508,Real sensor series - Fitzroy Gardens - board 508,42,real_sensor_board_508,21.09382943410548,1,weak_multivariate_excursion
2015-03-23 09:30:00+00:00,17.4,Fitzroy Gardens,508,52.4,2.0,-37.8134078,144.9794923,ENV,REAL_508,Real sensor series - Fitzroy Gardens - board 508,42,real_sensor_board_508,20.935063547284386,0,normal
2015-03-23 09:40:00+00:00,17.4,Fitzroy Gardens,508,52.2,2.1,-37.8134078,144.9794923,ENV,REAL_508,Real sensor series - Fitzroy Gardens - board 508,42,real_sensor_board_508,20.80805083782751,0,normal
2015-03-23 09:50:00+00:00,17.1,Fitzroy Gardens,508,51.9,2.1,-37.8134078,144.9794923,ENV,REAL_508,Real sensor series - Fitzroy Gardens - board 508,42,real_sensor_board_508,20.706440670262005,0,normal
2015-03-23 10:00:00+00:00,17.1,Fitzroy Gardens,508,52.1,2.1,-37.8134078,144.9794923,ENV,REAL_508,Real sensor series - Fitzroy Gardens - board 508,42,real_sensor_board_508,20.625152536209605,0,normal
2015-03-23 10:10:00+00:00,16.8,Fitzroy Gardens,508,51.4,2.2,-37.8134078,144.9794923,ENV,REAL_508,Real sensor series - Fitzroy Gardens - board 508,42,real_sensor_board_508,20.560122028967683,0,normal
2015-03-23 10:20:00+00:00,16.8,Fitzroy Gardens,508,51.0,2.1,-37.8134078,144.9794923,ENV,REAL_508,Real sensor series - Fitzroy Gardens - board 508,42,real_sensor_board_508,20.508097623174145,1,weak_multivariate_excursion
2015-03-24 00:30:00+00:00,14.2,Fitzroy Gardens,508,38.2,88.5,-37.8134078,144.9794923,ENV,REAL_508,Real sensor series - Fitzroy Gardens - board 508,42,real_sensor_board_508,20.46647809853932,1,weak_multivariate_excursion
2015-03-24 01:00:00+00:00,14.2,Fitzroy Gardens,508,39.3,88.1,-37.8134078,144.9794923,ENV,REAL_508,Real sensor series - Fitzroy Gardens - board 508,42,real_sensor_board_508,20.253182478831455,1,weak_multivariate_excursion
2015-03-24 04:05:00+00:00,14.2,Fitzroy Gardens,508,39.9,90.5,-37.8134078,144.9794923,ENV,REAL_508,Real sensor series - Fitzroy Gardens - board 508,42,real_sensor_board_508,20.082545983065163,1,weak_multivariate_excursion
2015-03-24 13:10:00+00:00,13.2,Fitzroy Gardens,508,43.9,1.7,-37.8134078,144.9794923,ENV,REAL_508,Real sensor series - Fitzroy Gardens - board 508,42,real_sensor_board_508,19.94603678645213,1,weak_multivariate_excursion
2015-03-25 08:30:00+00:00,16.1,Fitzroy Gardens,508,40.4,25.6,-37.8134078,144.9794923,ENV,REAL_508,Real sensor series - Fitzroy Gardens - board 508,42,real_sensor_board_508,19.836829429161703,1,weak_multivariate_excursion
2015-03-26 00:05:00+00:00,21.6,Fitzroy Gardens,508,24.3,96.8,-37.8134078,144.9794923,ENV,REAL_508,Real sensor series - Fitzroy Gardens - board 508,42,real_sensor_board_508,19.749463543329362,1,weak_multivariate_excursion
2015-03-26 00:35:00+00:00,19.4,Fitzroy Gardens,508,23.4,93.5,-37.8134078,144.9794923,ENV,REAL_508,Real sensor series - Fitzroy Gardens - board 508,42,real_sensor_board_508,19.539570834663493,1,weak_multivariate_excursion
2015-03-26 00:45:00+00:00,18.7,Fitzroy Gardens,508,23.2,97.1,-37.8134078,144.9794923,ENV,REAL_508,Real sensor series - Fitzroy Gardens - board 508,42,real_sensor_board_508,19.371656667730797,0,normal
2015-03-26 00:55:00+00:00,20.3,Fitzroy Gardens,508,22.6,96.6,-37.8134078,144.9794923,ENV,REAL_508,Real sensor series - Fitzroy Gardens - board 508,42,real_sensor_board_508,19.23732533418464,0,normal
2015-03-26 01:05:00+00:00,20.3,Fitzroy Gardens,508,21.8,92.5,-37.8134078,144.9794923,ENV,REAL_508,Real sensor series - Fitzroy Gardens - board 508,42,real_sensor_board_508,19.129860267347713,0,normal
2015-03-26 01:15:00+00:00,20.6,Fitzroy Gardens,508,21.8,96.3,-37.8134078,144.9794923,ENV,REAL_508,Real sensor series - Fitzroy Gardens - board 508,42,real_sensor_board_508,19.04388821387817,0,normal
2015-03-26 01:25:00+00:00,22.9,Fitzroy Gardens,508,20.5,96.8,-37.8134078,144.9794923,ENV,REAL_508,Real sensor series - Fitzroy Gardens - board 508,42,real_sensor_board_508,18.975110571102537,0,normal
2015-03-26 01:40:00+00:00,22.3,Fitzroy Gardens,508,19.4,96.9,-37.8134078,144.9794923,ENV,REAL_508,Real sensor series - Fitzroy Gardens - board 508,42,real_sensor_board_508,18.92008845688203,0,normal
2015-03-26 01:50:00+00:00,22.3,Fitzroy Gardens,508,19.4,93.5,-37.8134078,144.9794923,ENV,REAL_508,Real sensor series - Fitzroy Gardens - board 508,42,real_sensor_board_508,18.876070765505624,0,normal
2015-03-26 02:00:00+00:00,21.9,Fitzroy Gardens,508,20.9,96.9,-37.8134078,144.9794923,ENV,REAL_508,Real sensor series - Fitzroy Gardens - board 508,42,real_sensor_board_508,18.8408566124045,0,normal
2015-03-26 02:10:00+00:00,21.3,Fitzroy Gardens,508,20.2,93.9,-37.8134078,144.9794923,ENV,REAL_508,Real sensor series - Fitzroy Gardens - board 508,42,real_sensor_board_508,18.8126852899236,0,normal
2015-03-26 02:20:00+00:00,18.7,Fitzroy Gardens,508,20.9,97.0,-37.8134078,144.9794923,ENV,REAL_508,Real sensor series - Fitzroy Gardens - board 508,42,real_sensor_board_508,18.85014823193888,0,normal
2015-03-26 02:30:00+00:00,19.4,Fitzroy Gardens,508,18.5,96.9,-37.8134078,144.9794923,ENV,REAL_508,Real sensor series - Fitzroy Gardens - board 508,42,real_sensor_board_508,18.960118585551104,1,weak_multivariate_excursion
2015-03-26 02:40:00+00:00,22.3,Fitzroy Gardens,508,16.8,95.6,-37.8134078,144.9794923,ENV,REAL_508,Real sensor series - Fitzroy Gardens - board 508,42,real_sensor_board_508,19.048094868440884,1,weak_multivariate_excursion
2015-03-26 02:50:00+00:00,20.6,Fitzroy Gardens,508,19.8,97.1,-37.8134078,144.9794923,ENV,REAL_508,Real sensor series - Fitzroy Gardens - board 508,42,real_sensor_board_508,19.11847589475271,1,weak_multivariate_excursion
2015-03-26 03:00:00+00:00,21.3,Fitzroy Gardens,508,18.7,97.1,-37.8134078,144.9794923,ENV,REAL_508,Real sensor series - Fitzroy Gardens - board 508,42,real_sensor_board_508,19.174780715802168,0,normal
2015-03-26 03:10:00+00:00,17.7,Fitzroy Gardens,508,20.4,93.0,-37.8134078,144.9794923,ENV,REAL_508,Real sensor series - Fitzroy Gardens - board 508,42,real_sensor_board_508,19.219824572641734,0,normal
2015-03-26 03:20:00+00:00,17.1,Fitzroy Gardens,508,21.0,93.5,-37.8134078,144.9794923,ENV,REAL_508,Real sensor series - Fitzroy Gardens - board 508,42,real_sensor_board_508,19.17585965811339,0,normal
2015-03-26 03:30:00+00:00,18.4,Fitzroy Gardens,508,19.8,91.8,-37.8134078,144.9794923,ENV,REAL_508,Real sensor series - Fitzroy Gardens - board 508,42,real_sensor_board_508,19.14068772649071,0,normal
2015-03-26 03:40:00+00:00,19.0,Fitzroy Gardens,508,20.9,94.0,-37.8134078,144.9794923,ENV,REAL_508,Real sensor series - Fitzroy Gardens - board 508,42,real_sensor_board_508,19.052550181192572,0,normal
2015-03-26 03:50:00+00:00,18.1,Fitzroy Gardens,508,21.7,93.2,-37.8134078,144.9794923,ENV,REAL_508,Real sensor series - Fitzroy Gardens - board 508,42,real_sensor_board_508,18.98204014495406,0,normal
2015-03-26 23:00:00+00:00,16.8,Fitzroy Gardens,508,41.2,93.4,-37.8134078,144.9794923,ENV,REAL_508,Real sensor series - Fitzroy Gardens - board 508,42,real_sensor_board_508,18.865632115963248,0,normal
2015-03-27 00:15:00+00:00,16.1,Fitzroy Gardens,508,39.9,92.8,-37.8134078,144.9794923,ENV,REAL_508,Real sensor series - Fitzroy Gardens - board 508,42,real_sensor_board_508,18.7725056927706,1,weak_multivariate_excursion
2015-03-27 13:05:00+00:00,13.9,Fitzroy Gardens,508,43.4,1.9,-37.8134078,144.9794923,ENV,REAL_508,Real sensor series - Fitzroy Gardens - board 508,42,real_sensor_board_508,18.638004554216483,1,weak_multivariate_excursion
2015-03-28 01:00:00+00:00,15.8,Fitzroy Gardens,508,41.7,92.2,-37.8134078,144.9794923,ENV,REAL_508,Real sensor series - Fitzroy Gardens - board 508,42,real_sensor_board_508,18.530403643373187,1,weak_multivariate_excursion
2015-03-28 01:10:00+00:00,15.8,Fitzroy Gardens,508,40.4,92.1,-37.8134078,144.9794923,ENV,REAL_508,Real sensor series - Fitzroy Gardens - board 508,42,real_sensor_board_508,18.44432291469855,1,weak_multivariate_excursion
2015-03-28 03:55:00+00:00,20.3,Fitzroy Gardens,508,30.0,96.3,-37.8134078,144.9794923,ENV,REAL_508,Real sensor series - Fitzroy Gardens - board 508,42,real_sensor_board_508,18.37545833175884,1,weak_multivariate_excursion
2015-03-28 04:25:00+00:00,21.0,Fitzroy Gardens,508,32.5,96.2,-37.8134078,144.9794923,ENV,REAL_508,Real sensor series - Fitzroy Gardens - board 508,42,real_sensor_board_508,18.32036666540707,1,weak_multivariate_excursion
2015-03-28 04:45:00+00:00,21.9,Fitzroy Gardens,508,26.7,96.4,-37.8134078,144.9794923,ENV,REAL_508,Real sensor series - Fitzroy Gardens - board 508,42,real_sensor_board_508,18.276293332325658,0,normal
2015-03-28 05:10:00+00:00,18.7,Fitzroy Gardens,508,34.6,93.2,-37.8134078,144.9794923,ENV,REAL_508,Real sensor series - Fitzroy Gardens - board 508,42,real_sensor_board_508,18.24103466586053,0,normal
2015-03-28 05:20:00+00:00,18.1,Fitzroy Gardens,508,35.7,95.9,-37.8134078,144.9794923,ENV,REAL_508,Real sensor series - Fitzroy Gardens - board 508,42,real_sensor_board_508,18.132827732688423,0,normal
2015-03-28 05:30:00+00:00,18.1,Fitzroy Gardens,508,34.4,94.0,-37.8134078,144.9794923,ENV,REAL_508,Real sensor series - Fitzroy Gardens - board 508,42,real_sensor_board_508,18.046262186150738,0,normal
2015-03-28 05:40:00+00:00,18.4,Fitzroy Gardens,508,36.8,93.5,-37.8134078,144.9794923,ENV,REAL_508,Real sensor series - Fitzroy Gardens - board 508,42,real_sensor_board_508,17.97700974892059,0,normal
2015-03-28 05:50:00+00:00,17.7,Fitzroy Gardens,508,36.0,93.6,-37.8134078,144.9794923,ENV,REAL_508,Real sensor series - Fitzroy Gardens - board 508,42,real_sensor_board_508,17.921607799136474,0,normal
2015-03-28 06:00:00+00:00,17.4,Fitzroy Gardens,508,35.5,92.4,-37.8134078,144.9794923,ENV,REAL_508,Real sensor series - Fitzroy Gardens - board 508,42,real_sensor_board_508,17.81728623930918,0,normal
2015-03-28 06:10:00+00:00,17.4,Fitzroy Gardens,508,36.2,91.0,-37.8134078,144.9794923,ENV,REAL_508,Real sensor series - Fitzroy Gardens - board 508,42,real_sensor_board_508,17.733828991447343,0,normal
2015-03-28 06:20:00+00:00,17.4,Fitzroy Gardens,508,36.8,87.8,-37.8134078,144.9794923,ENV,REAL_508,Real sensor series - Fitzroy Gardens - board 508,42,real_sensor_board_508,17.667063193157876,0,normal
2015-03-28 06:30:00+00:00,16.8,Fitzroy Gardens,508,36.8,92.3,-37.8134078,144.9794923,ENV,REAL_508,Real sensor series - Fitzroy Gardens - board 508,42,real_sensor_board_508,17.613650554526302,0,normal
2015-03-28 06:40:00+00:00,17.1,Fitzroy Gardens,508,36.6,93.9,-37.8134078,144.9794923,ENV,REAL_508,Real sensor series - Fitzroy Gardens - board 508,42,real_sensor_board_508,17.57092044362104,1,weak_multivariate_excursion
2015-03-28 08:35:00+00:00,14.2,Fitzroy Gardens,508,44.5,13.3,-37.8134078,144.9794923,ENV,REAL_508,Real sensor series - Fitzroy Gardens - board 508,42,real_sensor_board_508,17.536736354896835,1,weak_multivariate_excursion
2015-03-29 08:10:00+00:00,18.1,Fitzroy Gardens,508,42.0,55.7,-37.8134078,144.9794923,ENV,REAL_508,Real sensor series - Fitzroy Gardens - board 508,42,real_sensor_board_508,17.50938908391747,1,weak_multivariate_excursion
2015-03-29 23:05:00+00:00,16.1,Fitzroy Gardens,508,45.0,93.3,-37.8134078,144.9794923,ENV,REAL_508,Real sensor series - Fitzroy Gardens - board 508,42,real_sensor_board_508,17.487511267133975,1,weak_multivariate_excursion
2015-03-29 23:55:00+00:00,23.2,Fitzroy Gardens,508,33.9,96.8,-37.8134078,144.9794923,ENV,REAL_508,Real sensor series - Fitzroy Gardens - board 508,42,real_sensor_board_508,17.41000901370718,1,weak_multivariate_excursion
2015-03-30 08:05:00+00:00,18.4,Fitzroy Gardens,508,42.1,57.6,-37.8134078,144.9794923,ENV,REAL_508,Real sensor series - Fitzroy Gardens - board 508,42,real_sensor_board_508,17.348007210965747,1,weak_multivariate_excursion
2015-03-30 08:20:00+00:00,18.4,Fitzroy Gardens,508,42.9,40.2,-37.8134078,144.9794923,ENV,REAL_508,Real sensor series - Fitzroy Gardens - board 508,42,real_sensor_board_508,17.2984057687726,1,weak_multivariate_excursion
2015-03-30 08:50:00+00:00,17.7,Fitzroy Gardens,508,47.7,1.7,-37.8134078,144.9794923,ENV,REAL_508,Real sensor series - Fitzroy Gardens - board 508,42,real_sensor_board_508,17.25872461501808,1,weak_multivariate_excursion
2015-03-30 09:00:00+00:00,17.1,Fitzroy Gardens,508,48.8,1.6,-37.8134078,144.9794923,ENV,REAL_508,Real sensor series - Fitzroy Gardens - board 508,42,real_sensor_board_508,17.226979692014467,1,weak_multivariate_excursion
2015-03-30 09:10:00+00:00,16.5,Fitzroy Gardens,508,51.1,1.6,-37.8134078,144.9794923,ENV,REAL_508,Real sensor series - Fitzroy Gardens - board 508,42,real_sensor_board_508,17.201583753611576,0,normal
2015-03-30 09:20:00+00:00,16.1,Fitzroy Gardens,508,52.9,1.6,-37.8134078,144.9794923,ENV,REAL_508,Real sensor series - Fitzroy Gardens - board 508,42,real_sensor_board_508,17.181267002889264,0,normal
2015-03-30 09:30:00+00:00,16.5,Fitzroy Gardens,508,50.3,1.5,-37.8134078,144.9794923,ENV,REAL_508,Real sensor series - Fitzroy Gardens - board 508,42,real_sensor_board_508,17.16501360231141,0,normal
2015-03-30 09:40:00+00:00,17.1,Fitzroy Gardens,508,44.2,1.5,-37.8134078,144.9794923,ENV,REAL_508,Real sensor series - Fitzroy Gardens - board 508,42,real_sensor_board_508,17.15201088184913,0,normal
2015-03-30 09:50:00+00:00,16.8,Fitzroy Gardens,508,44.8,1.5,-37.8134078,144.9794923,ENV,REAL_508,Real sensor series - Fitzroy Gardens - board 508,42,real_sensor_board_508,17.141608705479307,0,normal
2015-03-30 10:00:00+00:00,16.5,Fitzroy Gardens,508,45.3,1.5,-37.8134078,144.9794923,ENV,REAL_508,Real sensor series - Fitzroy Gardens - board 508,42,real_sensor_board_508,17.133286964383448,0,normal
2015-03-30 10:10:00+00:00,16.1,Fitzroy Gardens,508,46.1,1.5,-37.8134078,144.9794923,ENV,REAL_508,Real sensor series - Fitzroy Gardens - board 508,42,real_sensor_board_508,17.12662957150676,0,normal
2015-03-30 10:20:00+00:00,15.8,Fitzroy Gardens,508,47.3,1.5,-37.8134078,144.9794923,ENV,REAL_508,Real sensor series - Fitzroy Gardens - board 508,42,real_sensor_board_508,17.12130365720541,0,normal
2015-03-30 10:30:00+00:00,15.5,Fitzroy Gardens,508,48.1,1.5,-37.8134078,144.9794923,ENV,REAL_508,Real sensor series - Fitzroy Gardens - board 508,42,real_sensor_board_508,17.237042925764328,0,normal
2015-03-30 12:25:00+00:00,13.9,Fitzroy Gardens,508,52.9,1.4,-37.8134078,144.9794923,ENV,REAL_508,Real sensor series - Fitzroy Gardens - board 508,42,real_sensor_board_508,17.329634340611463,0,normal
2015-03-30 13:05:00+00:00,13.2,Fitzroy Gardens,508,54.4,1.4,-37.8134078,144.9794923,ENV,REAL_508,Real sensor series - Fitzroy Gardens - board 508,42,real_sensor_board_508,17.54370747248917,1,weak_multivariate_excursion
2015-03-30 16:20:00+00:00,11.9,Fitzroy Gardens,508,60.0,1.2,-37.8134078,144.9794923,ENV,REAL_508,Real sensor series - Fitzroy Gardens - board 508,42,real_sensor_board_508,17.714965977991337,1,weak_multivariate_excursion
2015-03-30 20:15:00+00:00,9.7,Fitzroy Gardens,508,61.7,16.3,-37.8134078,144.9794923,ENV,REAL_508,Real sensor series - Fitzroy Gardens - board 508,42,real_sensor_board_508,17.85197278239307,1,weak_multivariate_excursion
2015-03-31 00:10:00+00:00,24.2,Fitzroy Gardens,508,33.9,96.7,-37.8134078,144.9794923,ENV,REAL_508,Real sensor series - Fitzroy Gardens - board 508,42,real_sensor_board_508,19.061578225914456,1,weak_multivariate_excursion
2015-03-31 00:55:00+00:00,25.5,Fitzroy Gardens,508,30.2,96.8,-37.8134078,144.9794923,ENV,REAL_508,Real sensor series - Fitzroy Gardens - board 508,42,real_sensor_board_508,20.089262580731564,1,weak_multivariate_excursion
2015-03-31 01:05:00+00:00,25.5,Fitzroy Gardens,508,30.3,96.8,-37.8134078,144.9794923,ENV,REAL_508,Real sensor series - Fitzroy Gardens - board 508,42,real_sensor_board_508,20.91141006458525,1,weak_multivariate_excursion
2015-03-31 01:15:00+00:00,28.1,Fitzroy Gardens,508,28.9,96.8,-37.8134078,144.9794923,ENV,REAL_508,Real sensor series - Fitzroy Gardens - board 508,42,real_sensor_board_508,21.629128051668204,1,weak_multivariate_excursion
2015-03-31 01:25:00+00:00,27.4,Fitzroy Gardens,508,29.2,96.8,-37.8134078,144.9794923,ENV,REAL_508,Real sensor series - Fitzroy Gardens - board 508,42,real_sensor_board_508,22.203302441334564,1,weak_multivariate_excursion
2015-03-31 01:35:00+00:00,30.0,Fitzroy Gardens,508,28.3,96.8,-37.8134078,144.9794923,ENV,REAL_508,Real sensor series - Fitzroy Gardens - board 508,42,real_sensor_board_508,22.662641953067656,1,weak_multivariate_excursion
2015-03-31 01:45:00+00:00,28.1,Fitzroy Gardens,508,28.4,96.8,-37.8134078,144.9794923,ENV,REAL_508,Real sensor series - Fitzroy Gardens - board 508,42,real_sensor_board_508,23.030113562454126,1,weak_multivariate_excursion
2015-03-31 01:55:00+00:00,29.4,Fitzroy Gardens,508,27.6,96.9,-37.8134078,144.9794923,ENV,REAL_508,Real sensor series - Fitzroy Gardens - board 508,42,real_sensor_board_508,23.324090849963305,1,weak_multivariate_excursion
2015-03-31 02:05:00+00:00,29.4,Fitzroy Gardens,508,25.6,96.9,-37.8134078,144.9794923,ENV,REAL_508,Real sensor series - Fitzroy Gardens - board 508,42,real_sensor_board_508,23.559272679970647,1,weak_multivariate_excursion
2015-03-31 02:15:00+00:00,28.4,Fitzroy Gardens,508,25.9,96.9,-37.8134078,144.9794923,ENV,REAL_508,Real sensor series - Fitzroy Gardens - board 508,42,real_sensor_board_508,23.747418143976518,0,normal
2015-03-31 02:25:00+00:00,29.0,Fitzroy Gardens,508,25.6,96.9,-37.8134078,144.9794923,ENV,REAL_508,Real sensor series - Fitzroy Gardens - board 508,42,real_sensor_board_508,23.897934515181213,0,normal
2015-03-31 02:35:00+00:00,26.8,Fitzroy Gardens,508,32.5,96.9,-37.8134078,144.9794923,ENV,REAL_508,Real sensor series - Fitzroy Gardens - board 508,42,real_sensor_board_508,24.01834761214497,0,normal
2015-03-31 02:45:00+00:00,26.5,Fitzroy Gardens,508,34.3,96.9,-37.8134078,144.9794923,ENV,REAL_508,Real sensor series - Fitzroy Gardens - board 508,42,real_sensor_board_508,24.11467808971598,0,normal
2015-03-31 02:55:00+00:00,26.5,Fitzroy Gardens,508,34.3,96.9,-37.8134078,144.9794923,ENV,REAL_508,Real sensor series - Fitzroy Gardens - board 508,42,real_sensor_board_508,24.191742471772784,0,normal
2015-03-31 03:05:00+00:00,27.1,Fitzroy Gardens,508,32.2,96.3,-37.8134078,144.9794923,ENV,REAL_508,Real sensor series - Fitzroy Gardens - board 508,42,real_sensor_board_508,24.253393977418227,0,normal
2015-03-31 03:15:00+00:00,23.9,Fitzroy Gardens,508,37.1,95.9,-37.8134078,144.9794923,ENV,REAL_508,Real sensor series - Fitzroy Gardens - board 508,42,real_sensor_board_508,24.30271518193458,0,normal
2015-03-31 03:25:00+00:00,24.5,Fitzroy Gardens,508,34.4,96.0,-37.8134078,144.9794923,ENV,REAL_508,Real sensor series - Fitzroy Gardens - board 508,42,real_sensor_board_508,24.342172145547664,0,normal
2015-03-31 03:40:00+00:00,23.9,Fitzroy Gardens,508,37.9,96.3,-37.8134078,144.9794923,ENV,REAL_508,Real sensor series - Fitzroy Gardens - board 508,42,real_sensor_board_508,24.373737716438136,0,normal
2015-03-31 03:50:00+00:00,26.5,Fitzroy Gardens,508,35.1,96.8,-37.8134078,144.9794923,ENV,REAL_508,Real sensor series - Fitzroy Gardens - board 508,42,real_sensor_board_508,24.33899017315051,0,normal
2015-03-31 04:20:00+00:00,23.2,Fitzroy Gardens,508,37.4,95.6,-37.8134078,144.9794923,ENV,REAL_508,Real sensor series - Fitzroy Gardens - board 508,42,real_sensor_board_508,24.25119213852041,0,normal
2015-03-31 04:50:00+00:00,24.5,Fitzroy Gardens,508,34.3,96.0,-37.8134078,144.9794923,ENV,REAL_508,Real sensor series - Fitzroy Gardens - board 508,42,real_sensor_board_508,24.18095371081633,0,normal
2015-03-31 05:00:00+00:00,23.9,Fitzroy Gardens,508,36.0,94.8,-37.8134078,144.9794923,ENV,REAL_508,Real sensor series - Fitzroy Gardens - board 508,42,real_sensor_board_508,24.124762968653066,0,normal
2015-03-31 05:10:00+00:00,23.9,Fitzroy Gardens,508,36.2,94.5,-37.8134078,144.9794923,ENV,REAL_508,Real sensor series - Fitzroy Gardens - board 508,42,real_sensor_board_508,24.079810374922456,0,normal
2015-03-31 05:20:00+00:00,24.2,Fitzroy Gardens,508,35.2,95.0,-37.8134078,144.9794923,ENV,REAL_508,Real sensor series - Fitzroy Gardens - board 508,42,real_sensor_board_508,24.043848299937967,0,normal
2015-03-31 05:30:00+00:00,23.9,Fitzroy Gardens,508,37.3,93.8,-37.8134078,144.9794923,ENV,REAL_508,Real sensor series - Fitzroy Gardens - board 508,42,real_sensor_board_508,23.875078639950374,0,normal
2015-03-31 05:40:00+00:00,23.2,Fitzroy Gardens,508,38.0,93.6,-37.8134078,144.9794923,ENV,REAL_508,Real sensor series - Fitzroy Gardens - board 508,42,real_sensor_board_508,23.7400629119603,0,normal
2015-03-31 05:50:00+00:00,22.9,Fitzroy Gardens,508,37.7,95.1,-37.8134078,144.9794923,ENV,REAL_508,Real sensor series - Fitzroy Gardens - board 508,42,real_sensor_board_508,23.572050329568242,0,normal
2015-03-31 06:00:00+00:00,22.9,Fitzroy Gardens,508,37.7,94.4,-37.8134078,144.9794923,ENV,REAL_508,Real sensor series - Fitzroy Gardens - board 508,42,real_sensor_board_508,23.437640263654593,0,normal
2015-03-31 06:10:00+00:00,22.9,Fitzroy Gardens,508,37.7,94.6,-37.8134078,144.9794923,ENV,REAL_508,Real sensor series - Fitzroy Gardens - board 508,42,real_sensor_board_508,23.330112210923673,0,normal
2015-03-31 06:20:00+00:00,22.6,Fitzroy Gardens,508,40.6,91.0,-37.8134078,144.9794923,ENV,REAL_508,Real sensor series - Fitzroy Gardens - board 508,42,real_sensor_board_508,23.18408976873894,0,normal
2015-03-31 06:30:00+00:00,21.9,Fitzroy Gardens,508,42.8,90.7,-37.8134078,144.9794923,ENV,REAL_508,Real sensor series - Fitzroy Gardens - board 508,42,real_sensor_board_508,22.92727181499115,0,normal
2015-03-31 06:40:00+00:00,21.6,Fitzroy Gardens,508,42.1,92.2,-37.8134078,144.9794923,ENV,REAL_508,Real sensor series - Fitzroy Gardens - board 508,42,real_sensor_board_508,22.72181745199292,0,normal
2015-03-31 06:55:00+00:00,21.6,Fitzroy Gardens,508,40.6,92.8,-37.8134078,144.9794923,ENV,REAL_508,Real sensor series - Fitzroy Gardens - board 508,42,real_sensor_board_508,22.557453961594334,0,normal
2015-03-31 07:05:00+00:00,21.3,Fitzroy Gardens,508,40.6,88.3,-37.8134078,144.9794923,ENV,REAL_508,Real sensor series - Fitzroy Gardens - board 508,42,real_sensor_board_508,22.425963169275466,0,normal
2015-03-31 07:15:00+00:00,21.3,Fitzroy Gardens,508,41.7,86.2,-37.8134078,144.9794923,ENV,REAL_508,Real sensor series - Fitzroy Gardens - board 508,42,real_sensor_board_508,22.320770535420372,0,normal
2015-03-31 07:25:00+00:00,21.0,Fitzroy Gardens,508,41.4,82.4,-37.8134078,144.9794923,ENV,REAL_508,Real sensor series - Fitzroy Gardens - board 508,42,real_sensor_board_508,22.236616428336298,0,normal
2015-03-31 07:35:00+00:00,20.6,Fitzroy Gardens,508,40.7,78.4,-37.8134078,144.9794923,ENV,REAL_508,Real sensor series - Fitzroy Gardens - board 508,42,real_sensor_board_508,22.169293142669037,0,normal
2015-03-31 07:45:00+00:00,20.0,Fitzroy Gardens,508,46.4,74.2,-37.8134078,144.9794923,ENV,REAL_508,Real sensor series - Fitzroy Gardens - board 508,42,real_sensor_board_508,22.055434514135232,0,normal
2015-03-31 07:55:00+00:00,19.7,Fitzroy Gardens,508,48.5,69.1,-37.8134078,144.9794923,ENV,REAL_508,Real sensor series - Fitzroy Gardens - board 508,42,real_sensor_board_508,21.964347611308188,1,weak_multivariate_excursion
2015-03-31 13:00:00+00:00,16.1,Fitzroy Gardens,508,56.8,1.0,-37.8134078,144.9794923,ENV,REAL_508,Real sensor series - Fitzroy Gardens - board 508,42,real_sensor_board_508,21.831478089046552,1,weak_multivariate_excursion
2015-03-31 13:15:00+00:00,15.5,Fitzroy Gardens,508,56.7,1.0,-37.8134078,144.9794923,ENV,REAL_508,Real sensor series - Fitzroy Gardens - board 508,42,real_sensor_board_508,21.725182471237243,1,weak_multivariate_excursion
2015-03-31 13:25:00+00:00,15.5,Fitzroy Gardens,508,57.4,1.0,-37.8134078,144.9794923,ENV,REAL_508,Real sensor series - Fitzroy Gardens - board 508,42,real_sensor_board_508,21.640145976989796,1,weak_multivariate_excursion
2015-03-31 16:50:00+00:00,13.5,Fitzroy Gardens,508,54.0,1.0,-37.8134078,144.9794923,ENV,REAL_508,Real sensor series - Fitzroy Gardens - board 508,42,real_sensor_board_508,21.512116781591835,1,weak_multivariate_excursion
2015-03-31 18:10:00+00:00,13.9,Fitzroy Gardens,508,51.8,1.0,-37.8134078,144.9794923,ENV,REAL_508,Real sensor series - Fitzroy Gardens - board 508,42,real_sensor_board_508,21.409693425273467,1,weak_multivariate_excursion
2015-03-31 23:00:00+00:00,21.0,Fitzroy Gardens,508,37.6,90.9,-37.8134078,144.9794923,ENV,REAL_508,Real sensor series - Fitzroy Gardens - board 508,42,real_sensor_board_508,21.327754740218772,1,weak_multivariate_excursion
2015-03-31 23:10:00+00:00,21.3,Fitzroy Gardens,508,36.9,91.5,-37.8134078,144.9794923,ENV,REAL_508,Real sensor series - Fitzroy Gardens - board 508,42,real_sensor_board_508,21.18220379217502,1,weak_multivariate_excursion
2015-03-31 23:20:00+00:00,21.9,Fitzroy Gardens,508,36.8,91.8,-37.8134078,144.9794923,ENV,REAL_508,Real sensor series - Fitzroy Gardens - board 508,42,real_sensor_board_508,21.06576303374002,0,normal
2015-03-31 23:30:00+00:00,22.6,Fitzroy Gardens,508,35.7,93.9,-37.8134078,144.9794923,ENV,REAL_508,Real sensor series - Fitzroy Gardens - board 508,42,real_sensor_board_508,20.852610426992015,1,weak_multivariate_excursion
2015-03-31 23:40:00+00:00,25.2,Fitzroy Gardens,508,31.3,93.5,-37.8134078,144.9794923,ENV,REAL_508,Real sensor series - Fitzroy Gardens - board 508,42,real_sensor_board_508,20.682088341593612,1,weak_multivariate_excursion
2015-03-31 23:50:00+00:00,23.9,Fitzroy Gardens,508,33.8,92.9,-37.8134078,144.9794923,ENV,REAL_508,Real sensor series - Fitzroy Gardens - board 508,42,real_sensor_board_508,20.485670673274893,1,weak_multivariate_excursion
2015-04-01 00:10:00+00:00,27.4,Fitzroy Gardens,508,29.5,95.7,-37.8134078,144.9794923,ENV,REAL_508,Real sensor series - Fitzroy Gardens - board 508,42,real_sensor_board_508,20.328536538619915,1,weak_multivariate_excursion
2015-04-01 00:30:00+00:00,26.5,Fitzroy Gardens,508,30.6,95.5,-37.8134078,144.9794923,ENV,REAL_508,Real sensor series - Fitzroy Gardens - board 508,42,real_sensor_board_508,20.062829230895932,1,weak_multivariate_excursion
2015-04-01 13:00:00+00:00,21.0,Fitzroy Gardens,508,41.8,1.0,-37.8134078,144.9794923,ENV,REAL_508,Real sensor series - Fitzroy Gardens - board 508,42,real_sensor_board_508,19.790263384716745,1,weak_multivariate_excursion
2015-04-01 13:10:00+00:00,20.6,Fitzroy Gardens,508,43.4,1.0,-37.8134078,144.9794923,ENV,REAL_508,Real sensor series - Fitzroy Gardens - board 508,42,real_sensor_board_508,19.572210707773397,1,weak_multivariate_excursion
2015-04-01 13:20:00+00:00,20.0,Fitzroy Gardens,508,45.9,1.1,-37.8134078,144.9794923,ENV,REAL_508,Real sensor series - Fitzroy Gardens - board 508,42,real_sensor_board_508,19.39776856621872,0,normal
2015-04-01 13:30:00+00:00,19.7,Fitzroy Gardens,508,48.3,1.1,-37.8134078,144.9794923,ENV,REAL_508,Real sensor series - Fitzroy Gardens - board 508,42,real_sensor_board_508,19.258214852974977,0,normal
2015-04-01 13:40:00+00:00,19.0,Fitzroy Gardens,508,49.9,1.1,-37.8134078,144.9794923,ENV,REAL_508,Real sensor series - Fitzroy Gardens - board 508,42,real_sensor_board_508,19.14657188237998,0,normal
2015-04-01 13:50:00+00:00,18.7,Fitzroy Gardens,508,51.3,1.1,-37.8134078,144.9794923,ENV,REAL_508,Real sensor series - Fitzroy Gardens - board 508,42,real_sensor_board_508,19.057257505903983,0,normal
2015-04-01 14:00:00+00:00,18.7,Fitzroy Gardens,508,50.7,1.1,-37.8134078,144.9794923,ENV,REAL_508,Real sensor series - Fitzroy Gardens - board 508,42,real_sensor_board_508,18.985806004723187,0,normal
2015-04-01 14:10:00+00:00,18.7,Fitzroy Gardens,508,50.8,1.1,-37.8134078,144.9794923,ENV,REAL_508,Real sensor series - Fitzroy Gardens - board 508,42,real_sensor_board_508,18.928644803778553,0,normal
2015-04-01 14:20:00+00:00,18.7,Fitzroy Gardens,508,50.7,1.2,-37.8134078,144.9794923,ENV,REAL_508,Real sensor series - Fitzroy Gardens - board 508,42,real_sensor_board_508,18.882915843022843,0,normal
2015-04-01 14:40:00+00:00,18.7,Fitzroy Gardens,508,50.8,1.3,-37.8134078,144.9794923,ENV,REAL_508,Real sensor series - Fitzroy Gardens - board 508,42,real_sensor_board_508,18.846332674418278,0,normal
2015-04-01 14:55:00+00:00,18.4,Fitzroy Gardens,508,50.5,1.3,-37.8134078,144.9794923,ENV,REAL_508,Real sensor series - Fitzroy Gardens - board 508,42,real_sensor_board_508,18.817066139534624,0,normal
2015-04-01 15:05:00+00:00,17.7,Fitzroy Gardens,508,49.7,1.3,-37.8134078,144.9794923,ENV,REAL_508,Real sensor series - Fitzroy Gardens - board 508,42,real_sensor_board_508,18.793652911627703,0,normal
2015-04-01 15:15:00+00:00,17.1,Fitzroy Gardens,508,50.7,1.3,-37.8134078,144.9794923,ENV,REAL_508,Real sensor series - Fitzroy Gardens - board 508,42,real_sensor_board_508,18.774922329302164,0,normal
2015-04-01 15:25:00+00:00,16.8,Fitzroy Gardens,508,49.6,1.3,-37.8134078,144.9794923,ENV,REAL_508,Real sensor series - Fitzroy Gardens - board 508,42,real_sensor_board_508,18.759937863441735,0,normal
2015-04-01 15:35:00+00:00,16.5,Fitzroy Gardens,508,48.6,1.3,-37.8134078,144.9794923,ENV,REAL_508,Real sensor series - Fitzroy Gardens - board 508,42,real_sensor_board_508,18.747950290753387,0,normal
2015-04-01 15:45:00+00:00,16.1,Fitzroy Gardens,508,49.1,1.2,-37.8134078,144.9794923,ENV,REAL_508,Real sensor series - Fitzroy Gardens - board 508,42,real_sensor_board_508,18.73836023260271,0,normal
2015-04-01 15:55:00+00:00,16.1,Fitzroy Gardens,508,49.4,1.3,-37.8134078,144.9794923,ENV,REAL_508,Real sensor series - Fitzroy Gardens - board 508,42,real_sensor_board_508,18.73068818608217,0,normal
2015-04-01 16:55:00+00:00,14.5,Fitzroy Gardens,508,49.4,1.3,-37.8134078,144.9794923,ENV,REAL_508,Real sensor series - Fitzroy Gardens - board 508,42,real_sensor_board_508,18.724550548865736,0,normal
2015-04-01 18:10:00+00:00,13.9,Fitzroy Gardens,508,50.0,1.2,-37.8134078,144.9794923,ENV,REAL_508,Real sensor series - Fitzroy Gardens - board 508,42,real_sensor_board_508,18.71964043909259,0,normal
2015-04-01 18:20:00+00:00,13.9,Fitzroy Gardens,508,48.8,1.1,-37.8134078,144.9794923,ENV,REAL_508,Real sensor series - Fitzroy Gardens - board 508,42,real_sensor_board_508,18.71571235127407,1,weak_multivariate_excursion
2015-04-01 21:00:00+00:00,12.6,Fitzroy Gardens,508,39.5,73.2,-37.8134078,144.9794923,ENV,REAL_508,Real sensor series - Fitzroy Gardens - board 508,42,real_sensor_board_508,18.712569881019256,1,weak_multivariate_excursion
2015-04-02 00:30:00+00:00,19.7,Fitzroy Gardens,508,32.1,96.8,-37.8134078,144.9794923,ENV,REAL_508,Real sensor series - Fitzroy Gardens - board 508,42,real_sensor_board_508,18.650055904815403,1,weak_multivariate_excursion
2015-04-02 01:00:00+00:00,20.6,Fitzroy Gardens,508,30.0,96.8,-37.8134078,144.9794923,ENV,REAL_508,Real sensor series - Fitzroy Gardens - board 508,42,real_sensor_board_508,18.540044723852322,1,weak_multivariate_excursion
2015-04-02 01:10:00+00:00,17.7,Fitzroy Gardens,508,33.8,92.7,-37.8134078,144.9794923,ENV,REAL_508,Real sensor series - Fitzroy Gardens - board 508,42,real_sensor_board_508,18.452035779081857,0,normal
2015-04-02 01:20:00+00:00,18.1,Fitzroy Gardens,508,31.6,96.2,-37.8134078,144.9794923,ENV,REAL_508,Real sensor series - Fitzroy Gardens - board 508,42,real_sensor_board_508,18.381628623265488,0,normal
2015-04-02 01:30:00+00:00,18.1,Fitzroy Gardens,508,32.1,96.9,-37.8134078,144.9794923,ENV,REAL_508,Real sensor series - Fitzroy Gardens - board 508,42,real_sensor_board_508,18.325302898612392,0,normal
2015-04-02 01:40:00+00:00,19.0,Fitzroy Gardens,508,30.6,96.4,-37.8134078,144.9794923,ENV,REAL_508,Real sensor series - Fitzroy Gardens - board 508,42,real_sensor_board_508,18.280242318889915,0,normal
2015-04-02 01:50:00+00:00,18.7,Fitzroy Gardens,508,29.7,94.1,-37.8134078,144.9794923,ENV,REAL_508,Real sensor series - Fitzroy Gardens - board 508,42,real_sensor_board_508,18.244193855111934,0,normal
2015-04-02 02:00:00+00:00,18.7,Fitzroy Gardens,508,31.6,96.9,-37.8134078,144.9794923,ENV,REAL_508,Real sensor series - Fitzroy Gardens - board 508,42,real_sensor_board_508,18.33535508408955,0,normal
2015-04-02 02:10:00+00:00,20.0,Fitzroy Gardens,508,27.8,96.8,-37.8134078,144.9794923,ENV,REAL_508,Real sensor series - Fitzroy Gardens - board 508,42,real_sensor_board_508,18.40828406727164,0,normal
2015-04-02 02:20:00+00:00,20.3,Fitzroy Gardens,508,28.3,97.0,-37.8134078,144.9794923,ENV,REAL_508,Real sensor series - Fitzroy Gardens - board 508,42,real_sensor_board_508,18.466627253817315,0,normal
2015-04-02 02:30:00+00:00,18.7,Fitzroy Gardens,508,29.8,97.0,-37.8134078,144.9794923,ENV,REAL_508,Real sensor series - Fitzroy Gardens - board 508,42,real_sensor_board_508,18.57330180305385,0,normal
2015-04-02 02:40:00+00:00,20.3,Fitzroy Gardens,508,26.9,97.0,-37.8134078,144.9794923,ENV,REAL_508,Real sensor series - Fitzroy Gardens - board 508,42,real_sensor_board_508,18.65864144244308,0,normal
2015-04-02 02:50:00+00:00,20.0,Fitzroy Gardens,508,30.0,97.1,-37.8134078,144.9794923,ENV,REAL_508,Real sensor series - Fitzroy Gardens - board 508,42,real_sensor_board_508,18.866913153954467,0,normal
2015-04-02 03:00:00+00:00,19.0,Fitzroy Gardens,508,31.3,96.9,-37.8134078,144.9794923,ENV,REAL_508,Real sensor series - Fitzroy Gardens - board 508,42,real_sensor_board_508,19.033530523163574,0,normal
2015-04-02 03:10:00+00:00,17.1,Fitzroy Gardens,508,30.5,96.3,-37.8134078,144.9794923,ENV,REAL_508,Real sensor series - Fitzroy Gardens - board 508,42,real_sensor_board_508,19.16682441853086,0,normal
2015-04-02 03:30:00+00:00,16.5,Fitzroy Gardens,508,31.6,96.2,-37.8134078,144.9794923,ENV,REAL_508,Real sensor series - Fitzroy Gardens - board 508,42,real_sensor_board_508,19.273459534824692,0,normal
2015-04-02 03:45:00+00:00,18.1,Fitzroy Gardens,508,29.2,96.9,-37.8134078,144.9794923,ENV,REAL_508,Real sensor series - Fitzroy Gardens - board 508,42,real_sensor_board_508,19.358767627859756,1,weak_multivariate_excursion
2015-04-03 13:05:00+00:00,11.0,Fitzroy Gardens,508,54.3,1.1,-37.8134078,144.9794923,ENV,REAL_508,Real sensor series - Fitzroy Gardens - board 508,42,real_sensor_board_508,19.427014102287806,1,weak_multivariate_excursion
2015-04-04 00:55:00+00:00,25.2,Fitzroy Gardens,508,32.2,96.9,-37.8134078,144.9794923,ENV,REAL_508,Real sensor series - Fitzroy Gardens - board 508,42,real_sensor_board_508,19.481611281830247,1,weak_multivariate_excursion
2015-04-04 01:05:00+00:00,22.6,Fitzroy Gardens,508,34.7,95.2,-37.8134078,144.9794923,ENV,REAL_508,Real sensor series - Fitzroy Gardens - board 508,42,real_sensor_board_508,19.5252890254642,1,weak_multivariate_excursion
2015-04-04 01:15:00+00:00,22.3,Fitzroy Gardens,508,34.1,96.9,-37.8134078,144.9794923,ENV,REAL_508,Real sensor series - Fitzroy Gardens - board 508,42,real_sensor_board_508,19.62023122037136,1,weak_multivariate_excursion
2015-04-04 01:25:00+00:00,24.5,Fitzroy Gardens,508,31.3,96.2,-37.8134078,144.9794923,ENV,REAL_508,Real sensor series - Fitzroy Gardens - board 508,42,real_sensor_board_508,19.69618497629709,1,weak_multivariate_excursion
2015-04-04 01:35:00+00:00,25.2,Fitzroy Gardens,508,29.5,96.7,-37.8134078,144.9794923,ENV,REAL_508,Real sensor series - Fitzroy Gardens - board 508,42,real_sensor_board_508,19.756947981037673,1,weak_multivariate_excursion
2015-04-04 01:45:00+00:00,24.5,Fitzroy Gardens,508,31.7,96.7,-37.8134078,144.9794923,ENV,REAL_508,Real sensor series - Fitzroy Gardens - board 508,42,real_sensor_board_508,19.80555838483014,0,normal
2015-04-04 01:55:00+00:00,24.2,Fitzroy Gardens,508,30.5,95.6,-37.8134078,144.9794923,ENV,REAL_508,Real sensor series - Fitzroy Gardens - board 508,42,real_sensor_board_508,19.784446707864113,0,normal
2015-04-04 02:05:00+00:00,22.3,Fitzroy Gardens,508,31.6,94.6,-37.8134078,144.9794923,ENV,REAL_508,Real sensor series - Fitzroy Gardens - board 508,42,real_sensor_board_508,19.767557366291292,0,normal
2015-04-04 02:15:00+00:00,21.0,Fitzroy Gardens,508,35.8,93.5,-37.8134078,144.9794923,ENV,REAL_508,Real sensor series - Fitzroy Gardens - board 508,42,real_sensor_board_508,19.754045893033034,0,normal
2015-04-04 02:25:00+00:00,20.3,Fitzroy Gardens,508,38.5,93.5,-37.8134078,144.9794923,ENV,REAL_508,Real sensor series - Fitzroy Gardens - board 508,42,real_sensor_board_508,19.743236714426427,0,normal
2015-04-04 02:35:00+00:00,19.7,Fitzroy Gardens,508,40.6,94.0,-37.8134078,144.9794923,ENV,REAL_508,Real sensor series - Fitzroy Gardens - board 508,42,real_sensor_board_508,19.594589371541144,0,normal
2015-04-04 02:45:00+00:00,19.7,Fitzroy Gardens,508,40.7,93.6,-37.8134078,144.9794923,ENV,REAL_508,Real sensor series - Fitzroy Gardens - board 508,42,real_sensor_board_508,19.475671497232916,0,normal
2015-04-04 02:55:00+00:00,19.7,Fitzroy Gardens,508,40.9,93.6,-37.8134078,144.9794923,ENV,REAL_508,Real sensor series - Fitzroy Gardens - board 508,42,real_sensor_board_508,19.380537197786335,0,normal
2015-04-04 03:05:00+00:00,19.0,Fitzroy Gardens,508,42.1,93.7,-37.8134078,144.9794923,ENV,REAL_508,Real sensor series - Fitzroy Gardens - board 508,42,real_sensor_board_508,19.30442975822907,0,normal
2015-04-04 03:15:00+00:00,19.0,Fitzroy Gardens,508,42.6,93.5,-37.8134078,144.9794923,ENV,REAL_508,Real sensor series - Fitzroy Gardens - board 508,42,real_sensor_board_508,19.243543806583258,0,normal
2015-04-04 03:25:00+00:00,19.0,Fitzroy Gardens,508,43.4,95.5,-37.8134078,144.9794923,ENV,REAL_508,Real sensor series - Fitzroy Gardens - board 508,42,real_sensor_board_508,19.194835045266608,0,normal
2015-04-04 03:35:00+00:00,21.0,Fitzroy Gardens,508,40.6,95.8,-37.8134078,144.9794923,ENV,REAL_508,Real sensor series - Fitzroy Gardens - board 508,42,real_sensor_board_508,19.15586803621329,0,normal
2015-04-04 03:50:00+00:00,20.3,Fitzroy Gardens,508,42.1,95.5,-37.8134078,144.9794923,ENV,REAL_508,Real sensor series - Fitzroy Gardens - board 508,42,real_sensor_board_508,19.12469442897063,1,weak_multivariate_excursion
2015-04-04 08:55:00+00:00,16.5,Fitzroy Gardens,508,41.4,0.9,-37.8134078,144.9794923,ENV,REAL_508,Real sensor series - Fitzroy Gardens - board 508,42,real_sensor_board_508,18.719755543176507,1,weak_multivariate_excursion
2015-04-04 09:05:00+00:00,15.8,Fitzroy Gardens,508,43.7,0.9,-37.8134078,144.9794923,ENV,REAL_508,Real sensor series - Fitzroy Gardens - board 508,42,real_sensor_board_508,18.275804434541207,1,weak_multivariate_excursion
2015-04-04 09:15:00+00:00,15.5,Fitzroy Gardens,508,44.0,1.0,-37.8134078,144.9794923,ENV,REAL_508,Real sensor series - Fitzroy Gardens - board 508,42,real_sensor_board_508,17.920643547632967,0,normal
2015-04-04 09:25:00+00:00,15.5,Fitzroy Gardens,508,44.4,1.0,-37.8134078,144.9794923,ENV,REAL_508,Real sensor series - Fitzroy Gardens - board 508,42,real_sensor_board_508,17.636514838106375,0,normal
2015-04-04 09:35:00+00:00,15.2,Fitzroy Gardens,508,46.1,1.0,-37.8134078,144.9794923,ENV,REAL_508,Real sensor series - Fitzroy Gardens - board 508,42,real_sensor_board_508,17.4092118704851,0,normal
2015-04-04 09:45:00+00:00,15.2,Fitzroy Gardens,508,46.2,1.0,-37.8134078,144.9794923,ENV,REAL_508,Real sensor series - Fitzroy Gardens - board 508,42,real_sensor_board_508,17.227369496388082,0,normal
2015-04-04 09:55:00+00:00,15.2,Fitzroy Gardens,508,47.7,1.0,-37.8134078,144.9794923,ENV,REAL_508,Real sensor series - Fitzroy Gardens - board 508,42,real_sensor_board_508,17.081895597110467,0,normal
2015-04-04 12:30:00+00:00,14.2,Fitzroy Gardens,508,59.6,1.0,-37.8134078,144.9794923,ENV,REAL_508,Real sensor series - Fitzroy Gardens - board 508,42,real_sensor_board_508,16.965516477688375,1,weak_multivariate_excursion
2015-04-04 17:00:00+00:00,11.3,Fitzroy Gardens,508,56.7,1.1,-37.8134078,144.9794923,ENV,REAL_508,Real sensor series - Fitzroy Gardens - board 508,42,real_sensor_board_508,16.8724131821507,1,weak_multivariate_excursion
2015-04-05 12:00:00+00:00,13.9,Fitzroy Gardens,508,46.1,0.9,-37.8134078,144.9794923,ENV,REAL_508,Real sensor series - Fitzroy Gardens - board 508,42,real_sensor_board_508,16.79793054572056,1,weak_multivariate_excursion
2015-04-05 12:50:00+00:00,13.5,Fitzroy Gardens,508,46.4,1.0,-37.8134078,144.9794923,ENV,REAL_508,Real sensor series - Fitzroy Gardens - board 508,42,real_sensor_board_508,16.73834443657645,0,normal
2015-04-05 13:10:00+00:00,13.2,Fitzroy Gardens,508,46.7,1.0,-37.8134078,144.9794923,ENV,REAL_508,Real sensor series - Fitzroy Gardens - board 508,42,real_sensor_board_508,16.69067554926116,1,weak_multivariate_excursion
2015-04-06 00:40:00+00:00,17.1,Fitzroy Gardens,508,34.7,94.5,-37.8134078,144.9794923,ENV,REAL_508,Real sensor series - Fitzroy Gardens - board 508,42,real_sensor_board_508,16.65254043940893,1,weak_multivariate_excursion
2015-04-06 08:20:00+00:00,14.5,Fitzroy Gardens,508,35.1,8.7,-37.8134078,144.9794923,ENV,REAL_508,Real sensor series - Fitzroy Gardens - board 508,42,real_sensor_board_508,16.622032351527146,1,weak_multivariate_excursion
2015-04-07 23:00:00+00:00,14.5,Fitzroy Gardens,508,45.6,84.9,-37.8134078,144.9794923,ENV,REAL_508,Real sensor series - Fitzroy Gardens - board 508,42,real_sensor_board_508,16.597625881221717,1,weak_multivariate_excursion
2015-04-09 08:55:00+00:00,14.8,Fitzroy Gardens,508,45.6,0.8,-37.8134078,144.9794923,ENV,REAL_508,Real sensor series - Fitzroy Gardens - board 508,42,real_sensor_board_508,16.578100704977373,1,weak_multivariate_excursion
2015-04-10 21:10:00+00:00,11.3,Fitzroy Gardens,508,60.6,76.1,-37.8134078,144.9794923,ENV,REAL_508,Real sensor series - Fitzroy Gardens - board 508,42,real_sensor_board_508,16.6824805639819,1,weak_multivariate_excursion
2015-04-11 00:05:00+00:00,23.2,Fitzroy Gardens,508,39.9,96.4,-37.8134078,144.9794923,ENV,REAL_508,Real sensor series - Fitzroy Gardens - board 508,42,real_sensor_board_508,17.985984451185523,1,weak_multivariate_excursion
2015-04-11 00:55:00+00:00,23.5,Fitzroy Gardens,508,33.8,96.8,-37.8134078,144.9794923,ENV,REAL_508,Real sensor series - Fitzroy Gardens - board 508,42,real_sensor_board_508,19.08878756094842,1,weak_multivariate_excursion
2015-04-11 01:05:00+00:00,25.5,Fitzroy Gardens,508,31.9,96.7,-37.8134078,144.9794923,ENV,REAL_508,Real sensor series - Fitzroy Gardens - board 508,42,real_sensor_board_508,20.111030048758735,1,weak_multivariate_excursion
2015-04-11 01:15:00+00:00,24.2,Fitzroy Gardens,508,31.4,96.8,-37.8134078,144.9794923,ENV,REAL_508,Real sensor series - Fitzroy Gardens - board 508,42,real_sensor_board_508,20.988824039006992,1,weak_multivariate_excursion
2015-04-11 01:25:00+00:00,24.8,Fitzroy Gardens,508,30.5,96.8,-37.8134078,144.9794923,ENV,REAL_508,Real sensor series - Fitzroy Gardens - board 508,42,real_sensor_board_508,21.691059231205593,0,normal
2015-04-11 01:35:00+00:00,24.5,Fitzroy Gardens,508,31.7,96.6,-37.8134078,144.9794923,ENV,REAL_508,Real sensor series - Fitzroy Gardens - board 508,42,real_sensor_board_508,22.252847384964475,0,normal
2015-04-11 01:45:00+00:00,24.5,Fitzroy Gardens,508,30.2,96.8,-37.8134078,144.9794923,ENV,REAL_508,Real sensor series - Fitzroy Gardens - board 508,42,real_sensor_board_508,22.702277907971585,0,normal
2015-04-11 01:55:00+00:00,25.8,Fitzroy Gardens,508,29.1,96.8,-37.8134078,144.9794923,ENV,REAL_508,Real sensor series - Fitzroy Gardens - board 508,42,real_sensor_board_508,23.061822326377268,0,normal
2015-04-11 02:05:00+00:00,26.1,Fitzroy Gardens,508,27.8,96.8,-37.8134078,144.9794923,ENV,REAL_508,Real sensor series - Fitzroy Gardens - board 508,42,real_sensor_board_508,23.34945786110182,0,normal
2015-04-11 02:15:00+00:00,27.7,Fitzroy Gardens,508,27.5,97.0,-37.8134078,144.9794923,ENV,REAL_508,Real sensor series - Fitzroy Gardens - board 508,42,real_sensor_board_508,23.57956628888146,0,normal
2015-04-11 02:25:00+00:00,27.4,Fitzroy Gardens,508,25.7,96.9,-37.8134078,144.9794923,ENV,REAL_508,Real sensor series - Fitzroy Gardens - board 508,42,real_sensor_board_508,23.76365303110517,0,normal
2015-04-11 02:40:00+00:00,28.7,Fitzroy Gardens,508,24.0,97.0,-37.8134078,144.9794923,ENV,REAL_508,Real sensor series - Fitzroy Gardens - board 508,42,real_sensor_board_508,23.91092242488414,0,normal
2015-04-11 02:50:00+00:00,28.1,Fitzroy Gardens,508,24.5,96.9,-37.8134078,144.9794923,ENV,REAL_508,Real sensor series - Fitzroy Gardens - board 508,42,real_sensor_board_508,24.028737939907316,0,normal
2015-04-11 03:00:00+00:00,27.4,Fitzroy Gardens,508,24.0,96.8,-37.8134078,144.9794923,ENV,REAL_508,Real sensor series - Fitzroy Gardens - board 508,42,real_sensor_board_508,24.122990351925857,0,normal
2015-04-11 03:10:00+00:00,26.1,Fitzroy Gardens,508,25.6,97.0,-37.8134078,144.9794923,ENV,REAL_508,Real sensor series - Fitzroy Gardens - board 508,42,real_sensor_board_508,24.198392281540684,1,weak_multivariate_excursion
2015-04-11 03:20:00+00:00,29.0,Fitzroy Gardens,508,24.2,96.9,-37.8134078,144.9794923,ENV,REAL_508,Real sensor series - Fitzroy Gardens - board 508,42,real_sensor_board_508,24.258713825232547,1,weak_multivariate_excursion
2015-04-11 03:30:00+00:00,26.5,Fitzroy Gardens,508,25.1,96.7,-37.8134078,144.9794923,ENV,REAL_508,Real sensor series - Fitzroy Gardens - board 508,42,real_sensor_board_508,24.306971060186036,1,weak_multivariate_excursion
2015-04-11 03:40:00+00:00,26.1,Fitzroy Gardens,508,27.3,96.8,-37.8134078,144.9794923,ENV,REAL_508,Real sensor series - Fitzroy Gardens - board 508,42,real_sensor_board_508,24.34557684814883,0,normal
2015-04-11 03:50:00+00:00,24.5,Fitzroy Gardens,508,28.4,95.8,-37.8134078,144.9794923,ENV,REAL_508,Real sensor series - Fitzroy Gardens - board 508,42,real_sensor_board_508,24.37646147851907,0,normal
2015-04-11 04:30:00+00:00,24.8,Fitzroy Gardens,508,32.1,96.9,-37.8134078,144.9794923,ENV,REAL_508,Real sensor series - Fitzroy Gardens - board 508,42,real_sensor_board_508,24.40116918281526,0,normal
2015-04-11 04:50:00+00:00,21.9,Fitzroy Gardens,508,36.6,95.7,-37.8134078,144.9794923,ENV,REAL_508,Real sensor series - Fitzroy Gardens - board 508,42,real_sensor_board_508,23.900935346252208,0,normal
2015-04-11 05:00:00+00:00,21.9,Fitzroy Gardens,508,36.6,94.5,-37.8134078,144.9794923,ENV,REAL_508,Real sensor series - Fitzroy Gardens - board 508,42,real_sensor_board_508,23.500748277001765,0,normal
2015-04-11 05:10:00+00:00,20.6,Fitzroy Gardens,508,40.7,94.3,-37.8134078,144.9794923,ENV,REAL_508,Real sensor series - Fitzroy Gardens - board 508,42,real_sensor_board_508,22.920598621601414,0,normal
2015-04-11 05:20:00+00:00,20.3,Fitzroy Gardens,508,41.4,94.3,-37.8134078,144.9794923,ENV,REAL_508,Real sensor series - Fitzroy Gardens - board 508,42,real_sensor_board_508,22.396478897281135,0,normal
2015-04-11 05:30:00+00:00,20.3,Fitzroy Gardens,508,41.8,95.2,-37.8134078,144.9794923,ENV,REAL_508,Real sensor series - Fitzroy Gardens - board 508,42,real_sensor_board_508,21.977183117824907,0,normal
2015-04-11 05:40:00+00:00,20.3,Fitzroy Gardens,508,39.9,95.1,-37.8134078,144.9794923,ENV,REAL_508,Real sensor series - Fitzroy Gardens - board 508,42,real_sensor_board_508,21.641746494259927,0,normal
2015-04-11 05:55:00+00:00,20.3,Fitzroy Gardens,508,37.6,91.5,-37.8134078,144.9794923,ENV,REAL_508,Real sensor series - Fitzroy Gardens - board 508,42,real_sensor_board_508,21.37339719540794,0,normal
2015-04-11 06:05:00+00:00,19.7,Fitzroy Gardens,508,38.4,90.3,-37.8134078,144.9794923,ENV,REAL_508,Real sensor series - Fitzroy Gardens - board 508,42,real_sensor_board_508,21.038717756326353,0,normal
2015-04-11 06:15:00+00:00,19.0,Fitzroy Gardens,508,39.2,89.4,-37.8134078,144.9794923,ENV,REAL_508,Real sensor series - Fitzroy Gardens - board 508,42,real_sensor_board_508,20.630974205061083,0,normal
2015-04-11 06:25:00+00:00,18.4,Fitzroy Gardens,508,43.7,91.4,-37.8134078,144.9794923,ENV,REAL_508,Real sensor series - Fitzroy Gardens - board 508,42,real_sensor_board_508,20.184779364048868,0,normal
2015-04-11 06:35:00+00:00,18.1,Fitzroy Gardens,508,42.9,89.8,-37.8134078,144.9794923,ENV,REAL_508,Real sensor series - Fitzroy Gardens - board 508,42,real_sensor_board_508,19.767823491239096,0,normal
2015-04-11 06:45:00+00:00,18.1,Fitzroy Gardens,508,47.8,89.3,-37.8134078,144.9794923,ENV,REAL_508,Real sensor series - Fitzroy Gardens - board 508,42,real_sensor_board_508,19.434258792991276,0,normal
2015-04-11 06:55:00+00:00,17.1,Fitzroy Gardens,508,51.4,87.0,-37.8134078,144.9794923,ENV,REAL_508,Real sensor series - Fitzroy Gardens - board 508,42,real_sensor_board_508,19.167407034393023,0,normal
2015-04-11 07:05:00+00:00,16.8,Fitzroy Gardens,508,51.8,89.8,-37.8134078,144.9794923,ENV,REAL_508,Real sensor series - Fitzroy Gardens - board 508,42,real_sensor_board_508,18.95392562751442,0,normal
2015-04-11 07:15:00+00:00,17.1,Fitzroy Gardens,508,52.1,83.5,-37.8134078,144.9794923,ENV,REAL_508,Real sensor series - Fitzroy Gardens - board 508,42,real_sensor_board_508,18.783140502011538,0,normal
2015-04-11 07:25:00+00:00,17.1,Fitzroy Gardens,508,51.8,79.0,-37.8134078,144.9794923,ENV,REAL_508,Real sensor series - Fitzroy Gardens - board 508,42,real_sensor_board_508,18.646512401609233,0,normal
2015-04-11 07:35:00+00:00,17.1,Fitzroy Gardens,508,51.0,73.8,-37.8134078,144.9794923,ENV,REAL_508,Real sensor series - Fitzroy Gardens - board 508,42,real_sensor_board_508,18.53720992128739,0,normal
2015-04-11 07:45:00+00:00,17.1,Fitzroy Gardens,508,49.7,66.5,-37.8134078,144.9794923,ENV,REAL_508,Real sensor series - Fitzroy Gardens - board 508,42,real_sensor_board_508,18.44976793702991,1,weak_multivariate_excursion
2015-04-11 13:05:00+00:00,13.9,Fitzroy Gardens,508,48.9,1.0,-37.8134078,144.9794923,ENV,REAL_508,Real sensor series - Fitzroy Gardens - board 508,42,real_sensor_board_508,18.37981434962393,1,weak_multivariate_excursion
2015-04-11 18:10:00+00:00,13.5,Fitzroy Gardens,508,48.5,1.0,-37.8134078,144.9794923,ENV,REAL_508,Real sensor series - Fitzroy Gardens - board 508,42,real_sensor_board_508,18.323851479699147,1,weak_multivariate_excursion
2015-04-14 00:55:00+00:00,16.5,Fitzroy Gardens,508,50.7,90.5,-37.8134078,144.9794923,ENV,REAL_508,Real sensor series - Fitzroy Gardens - board 508,42,real_sensor_board_508,18.27908118375932,1,weak_multivariate_excursion
2015-04-14 01:10:00+00:00,17.1,Fitzroy Gardens,508,48.6,92.1,-37.8134078,144.9794923,ENV,REAL_508,Real sensor series - Fitzroy Gardens - board 508,42,real_sensor_board_508,18.243264947007457,1,weak_multivariate_excursion
2015-04-14 01:20:00+00:00,17.1,Fitzroy Gardens,508,46.9,90.5,-37.8134078,144.9794923,ENV,REAL_508,Real sensor series - Fitzroy Gardens - board 508,42,real_sensor_board_508,18.134611957605966,0,normal
2015-04-14 01:30:00+00:00,17.1,Fitzroy Gardens,508,48.5,90.0,-37.8134078,144.9794923,ENV,REAL_508,Real sensor series - Fitzroy Gardens - board 508,42,real_sensor_board_508,17.98768956608477,0,normal
2015-04-14 01:40:00+00:00,17.4,Fitzroy Gardens,508,47.5,89.8,-37.8134078,144.9794923,ENV,REAL_508,Real sensor series - Fitzroy Gardens - board 508,42,real_sensor_board_508,17.81015165286782,0,normal
2015-04-14 01:50:00+00:00,17.7,Fitzroy Gardens,508,47.8,90.6,-37.8134078,144.9794923,ENV,REAL_508,Real sensor series - Fitzroy Gardens - board 508,42,real_sensor_board_508,17.668121322294258,0,normal
2015-04-14 02:00:00+00:00,18.1,Fitzroy Gardens,508,47.7,91.6,-37.8134078,144.9794923,ENV,REAL_508,Real sensor series - Fitzroy Gardens - board 508,42,real_sensor_board_508,17.55449705783541,0,normal
2015-04-14 02:10:00+00:00,18.4,Fitzroy Gardens,508,47.3,89.6,-37.8134078,144.9794923,ENV,REAL_508,Real sensor series - Fitzroy Gardens - board 508,42,real_sensor_board_508,17.46359764626833,0,normal
2015-04-14 02:20:00+00:00,18.4,Fitzroy Gardens,508,47.7,91.3,-37.8134078,144.9794923,ENV,REAL_508,Real sensor series - Fitzroy Gardens - board 508,42,real_sensor_board_508,17.390878117014665,0,normal
2015-04-14 02:30:00+00:00,19.4,Fitzroy Gardens,508,45.9,92.9,-37.8134078,144.9794923,ENV,REAL_508,Real sensor series - Fitzroy Gardens - board 508,42,real_sensor_board_508,17.392702493611733,1,weak_multivariate_excursion
2015-04-14 02:40:00+00:00,22.3,Fitzroy Gardens,508,40.4,95.0,-37.8134078,144.9794923,ENV,REAL_508,Real sensor series - Fitzroy Gardens - board 508,42,real_sensor_board_508,17.394161994889387,1,weak_multivariate_excursion
2015-04-14 02:50:00+00:00,21.0,Fitzroy Gardens,508,41.5,93.7,-37.8134078,144.9794923,ENV,REAL_508,Real sensor series - Fitzroy Gardens - board 508,42,real_sensor_board_508,17.45532959591151,1,weak_multivariate_excursion
2015-04-14 03:00:00+00:00,21.6,Fitzroy Gardens,508,40.7,93.7,-37.8134078,144.9794923,ENV,REAL_508,Real sensor series - Fitzroy Gardens - board 508,42,real_sensor_board_508,17.50426367672921,0,normal
2015-04-14 03:10:00+00:00,21.6,Fitzroy Gardens,508,37.6,93.8,-37.8134078,144.9794923,ENV,REAL_508,Real sensor series - Fitzroy Gardens - board 508,42,real_sensor_board_508,17.543410941383367,0,normal
2015-04-14 03:20:00+00:00,21.6,Fitzroy Gardens,508,35.4,93.3,-37.8134078,144.9794923,ENV,REAL_508,Real sensor series - Fitzroy Gardens - board 508,42,real_sensor_board_508,17.574728753106694,0,normal
2015-04-14 03:30:00+00:00,21.6,Fitzroy Gardens,508,34.4,92.2,-37.8134078,144.9794923,ENV,REAL_508,Real sensor series - Fitzroy Gardens - board 508,42,real_sensor_board_508,17.599783002485356,1,weak_multivariate_excursion
2015-04-14 13:05:00+00:00,16.8,Fitzroy Gardens,508,48.3,0.8,-37.8134078,144.9794923,ENV,REAL_508,Real sensor series - Fitzroy Gardens - board 508,42,real_sensor_board_508,17.619826401988284,1,weak_multivariate_excursion
2015-04-14 13:15:00+00:00,17.1,Fitzroy Gardens,508,46.6,0.8,-37.8134078,144.9794923,ENV,REAL_508,Real sensor series - Fitzroy Gardens - board 508,42,real_sensor_board_508,17.63586112159063,1,weak_multivariate_excursion
2015-04-14 13:25:00+00:00,16.8,Fitzroy Gardens,508,47.0,0.8,-37.8134078,144.9794923,ENV,REAL_508,Real sensor series - Fitzroy Gardens - board 508,42,real_sensor_board_508,17.648688897272503,0,normal
2015-04-14 16:30:00+00:00,17.1,Fitzroy Gardens,508,49.2,0.8,-37.8134078,144.9794923,ENV,REAL_508,Real sensor series - Fitzroy Gardens - board 508,42,real_sensor_board_508,17.658951117818003,0,normal
2015-04-14 20:30:00+00:00,17.4,Fitzroy Gardens,508,49.2,5.7,-37.8134078,144.9794923,ENV,REAL_508,Real sensor series - Fitzroy Gardens - board 508,42,real_sensor_board_508,17.6671608942544,1,weak_multivariate_excursion
2015-04-14 21:00:00+00:00,16.1,Fitzroy Gardens,508,54.1,53.5,-37.8134078,144.9794923,ENV,REAL_508,Real sensor series - Fitzroy Gardens - board 508,42,real_sensor_board_508,17.61372871540352,1,weak_multivariate_excursion
2015-04-14 23:00:00+00:00,20.0,Fitzroy Gardens,508,53.8,93.0,-37.8134078,144.9794923,ENV,REAL_508,Real sensor series - Fitzroy Gardens - board 508,42,real_sensor_board_508,17.570982972322817,1,weak_multivariate_excursion
2015-04-15 00:05:00+00:00,23.5,Fitzroy Gardens,508,40.6,94.2,-37.8134078,144.9794923,ENV,REAL_508,Real sensor series - Fitzroy Gardens - board 508,42,real_sensor_board_508,17.536786377858252,1,weak_multivariate_excursion
2015-04-15 08:45:00+00:00,17.7,Fitzroy Gardens,508,53.0,0.9,-37.8134078,144.9794923,ENV,REAL_508,Real sensor series - Fitzroy Gardens - board 508,42,real_sensor_board_508,17.509429102286603,1,weak_multivariate_excursion
2015-04-15 08:55:00+00:00,17.7,Fitzroy Gardens,508,54.4,0.9,-37.8134078,144.9794923,ENV,REAL_508,Real sensor series - Fitzroy Gardens - board 508,42,real_sensor_board_508,17.487543281829282,1,weak_multivariate_excursion
2015-04-15 09:05:00+00:00,17.7,Fitzroy Gardens,508,54.6,0.9,-37.8134078,144.9794923,ENV,REAL_508,Real sensor series - Fitzroy Gardens - board 508,42,real_sensor_board_508,17.470034625463427,0,normal
2015-04-15 09:20:00+00:00,17.4,Fitzroy Gardens,508,54.6,0.9,-37.8134078,144.9794923,ENV,REAL_508,Real sensor series - Fitzroy Gardens - board 508,42,real_sensor_board_508,17.456027700370743,0,normal
2015-04-15 09:30:00+00:00,17.4,Fitzroy Gardens,508,54.9,0.9,-37.8134078,144.9794923,ENV,REAL_508,Real sensor series - Fitzroy Gardens - board 508,42,real_sensor_board_508,17.444822160296596,0,normal
2015-04-15 09:40:00+00:00,17.4,Fitzroy Gardens,508,55.1,1.0,-37.8134078,144.9794923,ENV,REAL_508,Real sensor series - Fitzroy Gardens - board 508,42,real_sensor_board_508,17.37585772823728,0,normal
2015-04-15 09:50:00+00:00,17.4,Fitzroy Gardens,508,55.7,1.0,-37.8134078,144.9794923,ENV,REAL_508,Real sensor series - Fitzroy Gardens - board 508,42,real_sensor_board_508,17.320686182589824,0,normal
2015-04-15 10:00:00+00:00,17.4,Fitzroy Gardens,508,56.3,1.0,-37.8134078,144.9794923,ENV,REAL_508,Real sensor series - Fitzroy Gardens - board 508,42,real_sensor_board_508,17.276548946071863,0,normal
2015-04-15 10:10:00+00:00,17.4,Fitzroy Gardens,508,56.7,1.0,-37.8134078,144.9794923,ENV,REAL_508,Real sensor series - Fitzroy Gardens - board 508,42,real_sensor_board_508,17.241239156857493,0,normal
2015-04-15 10:20:00+00:00,17.1,Fitzroy Gardens,508,56.7,1.0,-37.8134078,144.9794923,ENV,REAL_508,Real sensor series - Fitzroy Gardens - board 508,42,real_sensor_board_508,17.212991325485994,0,normal
2015-04-15 10:30:00+00:00,17.4,Fitzroy Gardens,508,57.1,1.1,-37.8134078,144.9794923,ENV,REAL_508,Real sensor series - Fitzroy Gardens - board 508,42,real_sensor_board_508,17.190393060388796,0,normal
2015-04-15 10:40:00+00:00,17.1,Fitzroy Gardens,508,57.3,0.9,-37.8134078,144.9794923,ENV,REAL_508,Real sensor series - Fitzroy Gardens - board 508,42,real_sensor_board_508,17.172314448311038,0,normal
2015-04-15 10:50:00+00:00,16.8,Fitzroy Gardens,508,57.9,0.9,-37.8134078,144.9794923,ENV,REAL_508,Real sensor series - Fitzroy Gardens - board 508,42,real_sensor_board_508,17.157851558648833,0,normal
2015-04-15 11:00:00+00:00,16.8,Fitzroy Gardens,508,58.2,0.9,-37.8134078,144.9794923,ENV,REAL_508,Real sensor series - Fitzroy Gardens - board 508,42,real_sensor_board_508,17.146281246919067,0,normal
2015-04-15 11:10:00+00:00,16.8,Fitzroy Gardens,508,58.2,0.9,-37.8134078,144.9794923,ENV,REAL_508,Real sensor series - Fitzroy Gardens - board 508,42,real_sensor_board_508,17.137024997535256,0,normal
2015-04-15 11:20:00+00:00,17.1,Fitzroy Gardens,508,57.9,1.0,-37.8134078,144.9794923,ENV,REAL_508,Real sensor series - Fitzroy Gardens - board 508,42,real_sensor_board_508,17.129619998028208,0,normal
2015-04-15 11:30:00+00:00,17.1,Fitzroy Gardens,508,57.9,1.1,-37.8134078,144.9794923,ENV,REAL_508,Real sensor series - Fitzroy Gardens - board 508,42,real_sensor_board_508,17.12369599842257,0,normal
2015-04-15 11:40:00+00:00,17.1,Fitzroy Gardens,508,57.8,1.2,-37.8134078,144.9794923,ENV,REAL_508,Real sensor series - Fitzroy Gardens - board 508,42,real_sensor_board_508,17.118956798738058,0,normal
2015-04-15 11:50:00+00:00,17.1,Fitzroy Gardens,508,58.4,1.2,-37.8134078,144.9794923,ENV,REAL_508,Real sensor series - Fitzroy Gardens - board 508,42,real_sensor_board_508,17.11516543899045,0,normal
2015-04-15 12:10:00+00:00,17.1,Fitzroy Gardens,508,58.5,1.2,-37.8134078,144.9794923,ENV,REAL_508,Real sensor series - Fitzroy Gardens - board 508,42,real_sensor_board_508,17.11213235119236,0,normal
2015-04-15 13:05:00+00:00,16.8,Fitzroy Gardens,508,59.2,1.2,-37.8134078,144.9794923,ENV,REAL_508,Real sensor series - Fitzroy Gardens - board 508,42,real_sensor_board_508,17.10970588095389,0,normal
2015-04-15 13:15:00+00:00,16.8,Fitzroy Gardens,508,59.6,1.2,-37.8134078,144.9794923,ENV,REAL_508,Real sensor series - Fitzroy Gardens - board 508,42,real_sensor_board_508,17.107764704763113,0,normal
2015-04-15 13:25:00+00:00,16.8,Fitzroy Gardens,508,59.3,1.2,-37.8134078,144.9794923,ENV,REAL_508,Real sensor series - Fitzroy Gardens - board 508,42,real_sensor_board_508,17.106211763810492,0,normal
2015-04-15 13:35:00+00:00,16.8,Fitzroy Gardens,508,59.5,1.2,-37.8134078,144.9794923,ENV,REAL_508,Real sensor series - Fitzroy Gardens - board 508,42,real_sensor_board_508,17.104969411048394,0,normal
2015-04-15 13:45:00+00:00,16.8,Fitzroy Gardens,508,59.2,1.2,-37.8134078,144.9794923,ENV,REAL_508,Real sensor series - Fitzroy Gardens - board 508,42,real_sensor_board_508,17.103975528838717,0,normal
2015-04-15 13:55:00+00:00,16.8,Fitzroy Gardens,508,59.5,1.2,-37.8134078,144.9794923,ENV,REAL_508,Real sensor series - Fitzroy Gardens - board 508,42,real_sensor_board_508,17.103180423070974,0,normal
2015-04-15 14:05:00+00:00,17.1,Fitzroy Gardens,508,58.9,1.2,-37.8134078,144.9794923,ENV,REAL_508,Real sensor series - Fitzroy Gardens - board 508,42,real_sensor_board_508,17.10254433845678,0,normal
2015-04-15 14:15:00+00:00,17.1,Fitzroy Gardens,508,56.0,1.1,-37.8134078,144.9794923,ENV,REAL_508,Real sensor series - Fitzroy Gardens - board 508,42,real_sensor_board_508,17.042035470765427,0,normal
2015-04-15 14:25:00+00:00,17.1,Fitzroy Gardens,508,54.4,1.2,-37.8134078,144.9794923,ENV,REAL_508,Real sensor series - Fitzroy Gardens - board 508,42,real_sensor_board_508,16.993628376612342,0,normal
2015-04-15 14:35:00+00:00,17.1,Fitzroy Gardens,508,53.7,1.1,-37.8134078,144.9794923,ENV,REAL_508,Real sensor series - Fitzroy Gardens - board 508,42,real_sensor_board_508,16.954902701289875,0,normal
2015-04-15 14:45:00+00:00,17.1,Fitzroy Gardens,508,53.8,1.1,-37.8134078,144.9794923,ENV,REAL_508,Real sensor series - Fitzroy Gardens - board 508,42,real_sensor_board_508,16.9239221610319,0,normal
2015-04-15 14:55:00+00:00,17.1,Fitzroy Gardens,508,52.7,1.0,-37.8134078,144.9794923,ENV,REAL_508,Real sensor series - Fitzroy Gardens - board 508,42,real_sensor_board_508,16.899137728825522,0,normal
2015-04-15 15:05:00+00:00,16.8,Fitzroy Gardens,508,52.9,1.0,-37.8134078,144.9794923,ENV,REAL_508,Real sensor series - Fitzroy Gardens - board 508,42,real_sensor_board_508,16.87931018306042,0,normal
2015-04-15 15:15:00+00:00,17.1,Fitzroy Gardens,508,52.4,1.0,-37.8134078,144.9794923,ENV,REAL_508,Real sensor series - Fitzroy Gardens - board 508,42,real_sensor_board_508,16.863448146448334,0,normal
2015-04-15 15:25:00+00:00,17.1,Fitzroy Gardens,508,52.1,1.0,-37.8134078,144.9794923,ENV,REAL_508,Real sensor series - Fitzroy Gardens - board 508,42,real_sensor_board_508,16.850758517158667,0,normal
2015-04-15 15:35:00+00:00,17.1,Fitzroy Gardens,508,51.3,1.0,-37.8134078,144.9794923,ENV,REAL_508,Real sensor series - Fitzroy Gardens - board 508,42,real_sensor_board_508,16.840606813726936,0,normal
2015-04-15 15:50:00+00:00,17.1,Fitzroy Gardens,508,51.6,1.0,-37.8134078,144.9794923,ENV,REAL_508,Real sensor series - Fitzroy Gardens - board 508,42,real_sensor_board_508,16.83248545098155,0,normal
2015-04-15 16:20:00+00:00,16.5,Fitzroy Gardens,508,54.8,1.1,-37.8134078,144.9794923,ENV,REAL_508,Real sensor series - Fitzroy Gardens - board 508,42,real_sensor_board_508,16.88598836078524,0,normal
2015-04-15 18:10:00+00:00,16.1,Fitzroy Gardens,508,54.6,0.9,-37.8134078,144.9794923,ENV,REAL_508,Real sensor series - Fitzroy Gardens - board 508,42,real_sensor_board_508,16.928790688628194,0,normal
2015-04-15 18:20:00+00:00,16.1,Fitzroy Gardens,508,54.6,0.9,-37.8134078,144.9794923,ENV,REAL_508,Real sensor series - Fitzroy Gardens - board 508,42,real_sensor_board_508,16.963032550902557,1,weak_multivariate_excursion
2015-04-15 20:45:00+00:00,15.5,Fitzroy Gardens,508,54.8,40.0,-37.8134078,144.9794923,ENV,REAL_508,Real sensor series - Fitzroy Gardens - board 508,42,real_sensor_board_508,16.99042604072205,1,weak_multivariate_excursion
2015-04-15 23:00:00+00:00,15.2,Fitzroy Gardens,508,55.5,87.1,-37.8134078,144.9794923,ENV,REAL_508,Real sensor series - Fitzroy Gardens - board 508,42,real_sensor_board_508,17.012340832577642,1,weak_multivariate_excursion
2015-04-16 00:00:00+00:00,15.8,Fitzroy Gardens,508,51.1,86.9,-37.8134078,144.9794923,ENV,REAL_508,Real sensor series - Fitzroy Gardens - board 508,42,real_sensor_board_508,17.029872666062115,1,weak_multivariate_excursion
2015-04-16 00:30:00+00:00,16.1,Fitzroy Gardens,508,49.6,88.3,-37.8134078,144.9794923,ENV,REAL_508,Real sensor series - Fitzroy Gardens - board 508,42,real_sensor_board_508,17.043898132849694,0,normal
2015-04-16 00:50:00+00:00,15.8,Fitzroy Gardens,508,46.9,89.9,-37.8134078,144.9794923,ENV,REAL_508,Real sensor series - Fitzroy Gardens - board 508,42,real_sensor_board_508,17.055118506279758,0,normal
2015-04-16 01:00:00+00:00,15.8,Fitzroy Gardens,508,47.3,89.3,-37.8134078,144.9794923,ENV,REAL_508,Real sensor series - Fitzroy Gardens - board 508,42,real_sensor_board_508,17.064094805023807,0,normal
2015-04-16 01:10:00+00:00,16.5,Fitzroy Gardens,508,44.7,93.1,-37.8134078,144.9794923,ENV,REAL_508,Real sensor series - Fitzroy Gardens - board 508,42,real_sensor_board_508,17.07127584401905,0,normal
2015-04-16 01:25:00+00:00,17.1,Fitzroy Gardens,508,42.5,93.9,-37.8134078,144.9794923,ENV,REAL_508,Real sensor series - Fitzroy Gardens - board 508,42,real_sensor_board_508,17.07702067521524,0,normal
2015-04-16 01:35:00+00:00,17.7,Fitzroy Gardens,508,41.7,96.2,-37.8134078,144.9794923,ENV,REAL_508,Real sensor series - Fitzroy Gardens - board 508,42,real_sensor_board_508,17.081616540172195,1,weak_multivariate_excursion
2015-04-16 01:45:00+00:00,20.3,Fitzroy Gardens,508,36.3,97.1,-37.8134078,144.9794923,ENV,REAL_508,Real sensor series - Fitzroy Gardens - board 508,42,real_sensor_board_508,17.085293232137758,1,weak_multivariate_excursion
2015-04-16 01:55:00+00:00,21.9,Fitzroy Gardens,508,34.4,97.1,-37.8134078,144.9794923,ENV,REAL_508,Real sensor series - Fitzroy Gardens - board 508,42,real_sensor_board_508,17.088234585710207,1,weak_multivariate_excursion
2015-04-16 02:05:00+00:00,20.0,Fitzroy Gardens,508,35.8,97.1,-37.8134078,144.9794923,ENV,REAL_508,Real sensor series - Fitzroy Gardens - board 508,42,real_sensor_board_508,17.09058766856817,1,weak_multivariate_excursion
2015-04-16 02:15:00+00:00,21.6,Fitzroy Gardens,508,35.2,97.2,-37.8134078,144.9794923,ENV,REAL_508,Real sensor series - Fitzroy Gardens - board 508,42,real_sensor_board_508,17.092470134854537,0,normal
2015-04-16 02:25:00+00:00,19.7,Fitzroy Gardens,508,36.5,97.2,-37.8134078,144.9794923,ENV,REAL_508,Real sensor series - Fitzroy Gardens - board 508,42,real_sensor_board_508,17.09397610788363,0,normal
2015-04-16 02:35:00+00:00,17.7,Fitzroy Gardens,508,39.3,93.7,-37.8134078,144.9794923,ENV,REAL_508,Real sensor series - Fitzroy Gardens - board 508,42,real_sensor_board_508,17.095180886306906,0,normal
2015-04-16 02:45:00+00:00,16.5,Fitzroy Gardens,508,41.7,92.9,-37.8134078,144.9794923,ENV,REAL_508,Real sensor series - Fitzroy Gardens - board 508,42,real_sensor_board_508,17.096144709045525,0,normal
2015-04-16 02:55:00+00:00,16.1,Fitzroy Gardens,508,41.0,93.5,-37.8134078,144.9794923,ENV,REAL_508,Real sensor series - Fitzroy Gardens - board 508,42,real_sensor_board_508,17.09691576723642,0,normal
2015-04-16 03:05:00+00:00,19.4,Fitzroy Gardens,508,38.2,95.5,-37.8134078,144.9794923,ENV,REAL_508,Real sensor series - Fitzroy Gardens - board 508,42,real_sensor_board_508,17.097532613789138,0,normal
2015-04-16 03:15:00+00:00,16.8,Fitzroy Gardens,508,39.2,94.1,-37.8134078,144.9794923,ENV,REAL_508,Real sensor series - Fitzroy Gardens - board 508,42,real_sensor_board_508,17.218026091031312,0,normal
2015-04-16 03:25:00+00:00,18.7,Fitzroy Gardens,508,36.6,96.1,-37.8134078,144.9794923,ENV,REAL_508,Real sensor series - Fitzroy Gardens - board 508,42,real_sensor_board_508,17.31442087282505,0,normal
2015-04-16 03:35:00+00:00,20.6,Fitzroy Gardens,508,34.1,96.8,-37.8134078,144.9794923,ENV,REAL_508,Real sensor series - Fitzroy Gardens - board 508,42,real_sensor_board_508,17.39153669826004,0,normal
2015-04-16 03:45:00+00:00,18.4,Fitzroy Gardens,508,35.7,96.9,-37.8134078,144.9794923,ENV,REAL_508,Real sensor series - Fitzroy Gardens - board 508,42,real_sensor_board_508,17.453229358608034,0,normal
2015-04-16 03:55:00+00:00,19.0,Fitzroy Gardens,508,35.8,96.9,-37.8134078,144.9794923,ENV,REAL_508,Real sensor series - Fitzroy Gardens - board 508,42,real_sensor_board_508,17.50258348688643,0,normal
2015-04-16 05:00:00+00:00,18.1,Fitzroy Gardens,508,37.1,95.0,-37.8134078,144.9794923,ENV,REAL_508,Real sensor series - Fitzroy Gardens - board 508,42,real_sensor_board_508,17.542066789509143,0,normal
2015-04-16 05:10:00+00:00,17.7,Fitzroy Gardens,508,37.6,94.6,-37.8134078,144.9794923,ENV,REAL_508,Real sensor series - Fitzroy Gardens - board 508,42,real_sensor_board_508,17.573653431607315,0,normal
2015-04-16 05:20:00+00:00,16.8,Fitzroy Gardens,508,38.8,93.0,-37.8134078,144.9794923,ENV,REAL_508,Real sensor series - Fitzroy Gardens - board 508,42,real_sensor_board_508,17.478922745285853,0,normal
2015-04-16 05:30:00+00:00,17.1,Fitzroy Gardens,508,38.5,93.4,-37.8134078,144.9794923,ENV,REAL_508,Real sensor series - Fitzroy Gardens - board 508,42,real_sensor_board_508,17.343138196228683,0,normal
2015-04-16 05:40:00+00:00,16.5,Fitzroy Gardens,508,40.6,92.5,-37.8134078,144.9794923,ENV,REAL_508,Real sensor series - Fitzroy Gardens - board 508,42,real_sensor_board_508,17.234510556982947,0,normal
2015-04-16 05:50:00+00:00,16.1,Fitzroy Gardens,508,41.2,91.1,-37.8134078,144.9794923,ENV,REAL_508,Real sensor series - Fitzroy Gardens - board 508,42,real_sensor_board_508,17.08760844558636,0,normal
2015-04-16 06:00:00+00:00,15.8,Fitzroy Gardens,508,40.4,89.7,-37.8134078,144.9794923,ENV,REAL_508,Real sensor series - Fitzroy Gardens - board 508,42,real_sensor_board_508,16.970086756469087,0,normal
2015-04-16 06:10:00+00:00,15.5,Fitzroy Gardens,508,41.2,89.3,-37.8134078,144.9794923,ENV,REAL_508,Real sensor series - Fitzroy Gardens - board 508,42,real_sensor_board_508,16.87606940517527,1,weak_multivariate_excursion
2015-04-16 12:20:00+00:00,12.6,Fitzroy Gardens,508,46.6,2.2,-37.8134078,144.9794923,ENV,REAL_508,Real sensor series - Fitzroy Gardens - board 508,42,real_sensor_board_508,16.860855524140216,1,weak_multivariate_excursion
2015-04-17 01:00:00+00:00,18.1,Fitzroy Gardens,508,35.1,95.5,-37.8134078,144.9794923,ENV,REAL_508,Real sensor series - Fitzroy Gardens - board 508,42,real_sensor_board_508,16.848684419312175,1,weak_multivariate_excursion
2015-04-17 01:10:00+00:00,18.4,Fitzroy Gardens,508,36.2,95.5,-37.8134078,144.9794923,ENV,REAL_508,Real sensor series - Fitzroy Gardens - board 508,42,real_sensor_board_508,16.83894753544974,1,weak_multivariate_excursion
2015-04-17 01:20:00+00:00,19.0,Fitzroy Gardens,508,37.7,95.8,-37.8134078,144.9794923,ENV,REAL_508,Real sensor series - Fitzroy Gardens - board 508,42,real_sensor_board_508,16.891158028359794,0,normal
2015-04-17 03:55:00+00:00,16.5,Fitzroy Gardens,508,38.8,86.5,-37.8134078,144.9794923,ENV,REAL_508,Real sensor series - Fitzroy Gardens - board 508,42,real_sensor_board_508,16.932926422687835,0,normal
2015-04-17 04:55:00+00:00,15.2,Fitzroy Gardens,508,45.9,81.3,-37.8134078,144.9794923,ENV,REAL_508,Real sensor series - Fitzroy Gardens - board 508,42,real_sensor_board_508,16.96634113815027,0,normal
2015-04-17 05:05:00+00:00,14.5,Fitzroy Gardens,508,48.8,80.7,-37.8134078,144.9794923,ENV,REAL_508,Real sensor series - Fitzroy Gardens - board 508,42,real_sensor_board_508,16.99307291052022,1,weak_multivariate_excursion
2015-04-17 17:05:00+00:00,13.2,Fitzroy Gardens,508,63.3,1.6,-37.8134078,144.9794923,ENV,REAL_508,Real sensor series - Fitzroy Gardens - board 508,42,real_sensor_board_508,17.014458328416175,1,weak_multivariate_excursion
2015-04-17 23:05:00+00:00,13.9,Fitzroy Gardens,508,57.6,72.6,-37.8134078,144.9794923,ENV,REAL_508,Real sensor series - Fitzroy Gardens - board 508,42,real_sensor_board_508,17.031566662732942,1,weak_multivariate_excursion
2015-04-18 01:05:00+00:00,15.8,Fitzroy Gardens,508,53.2,86.2,-37.8134078,144.9794923,ENV,REAL_508,Real sensor series - Fitzroy Gardens - board 508,42,real_sensor_board_508,17.045253330186355,1,weak_multivariate_excursion
2015-04-18 01:15:00+00:00,15.8,Fitzroy Gardens,508,51.8,86.6,-37.8134078,144.9794923,ENV,REAL_508,Real sensor series - Fitzroy Gardens - board 508,42,real_sensor_board_508,17.256202664149086,1,weak_multivariate_excursion
2015-04-18 01:30:00+00:00,16.1,Fitzroy Gardens,508,51.6,87.4,-37.8134078,144.9794923,ENV,REAL_508,Real sensor series - Fitzroy Gardens - board 508,42,real_sensor_board_508,17.48496213131927,0,normal
2015-04-18 01:40:00+00:00,16.5,Fitzroy Gardens,508,50.5,90.3,-37.8134078,144.9794923,ENV,REAL_508,Real sensor series - Fitzroy Gardens - board 508,42,real_sensor_board_508,17.787969705055417,1,weak_multivariate_excursion
2015-04-18 03:50:00+00:00,23.2,Fitzroy Gardens,508,28.3,96.8,-37.8134078,144.9794923,ENV,REAL_508,Real sensor series - Fitzroy Gardens - board 508,42,real_sensor_board_508,18.110375764044335,1,weak_multivariate_excursion
2015-04-18 04:30:00+00:00,24.2,Fitzroy Gardens,508,23.5,97.2,-37.8134078,144.9794923,ENV,REAL_508,Real sensor series - Fitzroy Gardens - board 508,42,real_sensor_board_508,18.36830061123547,1,weak_multivariate_excursion
2015-04-18 04:55:00+00:00,22.6,Fitzroy Gardens,508,23.4,96.2,-37.8134078,144.9794923,ENV,REAL_508,Real sensor series - Fitzroy Gardens - board 508,42,real_sensor_board_508,18.574640488988376,1,weak_multivariate_excursion
2015-04-18 05:05:00+00:00,21.0,Fitzroy Gardens,508,25.3,90.9,-37.8134078,144.9794923,ENV,REAL_508,Real sensor series - Fitzroy Gardens - board 508,42,real_sensor_board_508,18.7397123911907,0,normal
2015-04-18 05:15:00+00:00,20.3,Fitzroy Gardens,508,28.1,91.8,-37.8134078,144.9794923,ENV,REAL_508,Real sensor series - Fitzroy Gardens - board 508,42,real_sensor_board_508,18.871769912952562,0,normal
2015-04-18 05:25:00+00:00,20.6,Fitzroy Gardens,508,27.2,96.9,-37.8134078,144.9794923,ENV,REAL_508,Real sensor series - Fitzroy Gardens - board 508,42,real_sensor_board_508,18.97741593036205,0,normal
2015-04-18 05:35:00+00:00,21.0,Fitzroy Gardens,508,26.2,94.6,-37.8134078,144.9794923,ENV,REAL_508,Real sensor series - Fitzroy Gardens - board 508,42,real_sensor_board_508,19.06193274428964,0,normal
2015-04-18 05:45:00+00:00,21.6,Fitzroy Gardens,508,26.5,91.9,-37.8134078,144.9794923,ENV,REAL_508,Real sensor series - Fitzroy Gardens - board 508,42,real_sensor_board_508,19.12954619543171,0,normal
2015-04-18 05:55:00+00:00,20.6,Fitzroy Gardens,508,29.5,91.2,-37.8134078,144.9794923,ENV,REAL_508,Real sensor series - Fitzroy Gardens - board 508,42,real_sensor_board_508,19.18363695634537,0,normal
2015-04-18 06:05:00+00:00,20.6,Fitzroy Gardens,508,29.7,89.4,-37.8134078,144.9794923,ENV,REAL_508,Real sensor series - Fitzroy Gardens - board 508,42,real_sensor_board_508,19.226909565076298,0,normal
2015-04-18 06:15:00+00:00,20.6,Fitzroy Gardens,508,29.1,91.8,-37.8134078,144.9794923,ENV,REAL_508,Real sensor series - Fitzroy Gardens - board 508,42,real_sensor_board_508,19.261527652061037,0,normal
2015-04-18 06:25:00+00:00,20.3,Fitzroy Gardens,508,31.0,86.4,-37.8134078,144.9794923,ENV,REAL_508,Real sensor series - Fitzroy Gardens - board 508,42,real_sensor_board_508,19.28922212164883,0,normal
2015-04-18 06:35:00+00:00,20.3,Fitzroy Gardens,508,30.2,84.0,-37.8134078,144.9794923,ENV,REAL_508,Real sensor series - Fitzroy Gardens - board 508,42,real_sensor_board_508,19.311377697319063,0,normal
2015-04-18 06:45:00+00:00,20.0,Fitzroy Gardens,508,30.8,80.0,-37.8134078,144.9794923,ENV,REAL_508,Real sensor series - Fitzroy Gardens - board 508,42,real_sensor_board_508,19.32910215785525,0,normal
2015-04-18 06:55:00+00:00,20.0,Fitzroy Gardens,508,31.1,78.3,-37.8134078,144.9794923,ENV,REAL_508,Real sensor series - Fitzroy Gardens - board 508,42,real_sensor_board_508,19.3432817262842,0,normal
2015-04-18 07:05:00+00:00,19.4,Fitzroy Gardens,508,32.1,75.0,-37.8134078,144.9794923,ENV,REAL_508,Real sensor series - Fitzroy Gardens - board 508,42,real_sensor_board_508,19.35462538102736,0,normal
2015-04-18 07:15:00+00:00,19.4,Fitzroy Gardens,508,33.2,69.8,-37.8134078,144.9794923,ENV,REAL_508,Real sensor series - Fitzroy Gardens - board 508,42,real_sensor_board_508,19.36370030482189,0,normal
2015-04-18 07:25:00+00:00,19.4,Fitzroy Gardens,508,32.7,66.4,-37.8134078,144.9794923,ENV,REAL_508,Real sensor series - Fitzroy Gardens - board 508,42,real_sensor_board_508,19.370960243857514,1,weak_multivariate_excursion
2015-04-18 07:35:00+00:00,18.4,Fitzroy Gardens,508,35.2,49.7,-37.8134078,144.9794923,ENV,REAL_508,Real sensor series - Fitzroy Gardens - board 508,42,real_sensor_board_508,19.176768195086012,1,weak_multivariate_excursion
2015-04-18 07:45:00+00:00,18.1,Fitzroy Gardens,508,35.7,33.1,-37.8134078,144.9794923,ENV,REAL_508,Real sensor series - Fitzroy Gardens - board 508,42,real_sensor_board_508,18.96141455606881,1,weak_multivariate_excursion
2015-04-18 08:00:00+00:00,17.7,Fitzroy Gardens,508,36.5,14.3,-37.8134078,144.9794923,ENV,REAL_508,Real sensor series - Fitzroy Gardens - board 508,42,real_sensor_board_508,18.70913164485505,1,weak_multivariate_excursion
2015-04-20 04:50:00+00:00,14.8,Fitzroy Gardens,508,31.4,87.0,-37.8134078,144.9794923,ENV,REAL_508,Real sensor series - Fitzroy Gardens - board 508,42,real_sensor_board_508,18.50730531588404,1,weak_multivariate_excursion
2015-04-20 05:00:00+00:00,14.8,Fitzroy Gardens,508,32.1,93.5,-37.8134078,144.9794923,ENV,REAL_508,Real sensor series - Fitzroy Gardens - board 508,42,real_sensor_board_508,18.105844252707232,1,weak_multivariate_excursion
2015-04-22 00:05:00+00:00,17.7,Fitzroy Gardens,508,44.0,93.7,-37.8134078,144.9794923,ENV,REAL_508,Real sensor series - Fitzroy Gardens - board 508,42,real_sensor_board_508,17.784675402165785,1,weak_multivariate_excursion
2015-04-22 13:15:00+00:00,14.5,Fitzroy Gardens,508,56.8,2.3,-37.8134078,144.9794923,ENV,REAL_508,Real sensor series - Fitzroy Gardens - board 508,42,real_sensor_board_508,17.52774032173263,1,weak_multivariate_excursion
2015-04-22 16:40:00+00:00,13.2,Fitzroy Gardens,508,59.8,2.1,-37.8134078,144.9794923,ENV,REAL_508,Real sensor series - Fitzroy Gardens - board 508,42,real_sensor_board_508,17.322192257386103,1,weak_multivariate_excursion
2015-04-22 23:15:00+00:00,14.5,Fitzroy Gardens,508,56.8,2.3,-37.8134078,144.9794923,ENV,REAL_508,Real sensor series - Fitzroy Gardens - board 508,42,real_sensor_board_508,17.077753805908884,0,normal
2015-04-23 02:40:00+00:00,13.2,Fitzroy Gardens,508,59.8,2.1,-37.8134078,144.9794923,ENV,REAL_508,Real sensor series - Fitzroy Gardens - board 508,42,real_sensor_board_508,16.882203044727106,1,weak_multivariate_excursion
2015-04-23 09:00:00+00:00,15.2,Fitzroy Gardens,508,54.0,90.7,-37.8134078,144.9794923,ENV,REAL_508,Real sensor series - Fitzroy Gardens - board 508,42,real_sensor_board_508,16.725762435781686,1,weak_multivariate_excursion
2015-04-23 09:10:00+00:00,16.1,Fitzroy Gardens,508,52.6,93.0,-37.8134078,144.9794923,ENV,REAL_508,Real sensor series - Fitzroy Gardens - board 508,42,real_sensor_board_508,16.54060994862535,1,weak_multivariate_excursion
2015-04-23 09:20:00+00:00,15.8,Fitzroy Gardens,508,53.0,91.7,-37.8134078,144.9794923,ENV,REAL_508,Real sensor series - Fitzroy Gardens - board 508,42,real_sensor_board_508,16.39248795890028,1,weak_multivariate_excursion
2015-04-23 18:55:00+00:00,16.5,Fitzroy Gardens,508,55.4,2.2,-37.8134078,144.9794923,ENV,REAL_508,Real sensor series - Fitzroy Gardens - board 508,42,real_sensor_board_508,16.273990367120224,1,weak_multivariate_excursion
2015-04-23 19:05:00+00:00,16.5,Fitzroy Gardens,508,56.0,2.2,-37.8134078,144.9794923,ENV,REAL_508,Real sensor series - Fitzroy Gardens - board 508,42,real_sensor_board_508,16.17919229369618,1,weak_multivariate_excursion
2015-04-23 19:15:00+00:00,16.5,Fitzroy Gardens,508,56.2,2.1,-37.8134078,144.9794923,ENV,REAL_508,Real sensor series - Fitzroy Gardens - board 508,42,real_sensor_board_508,16.043353834956946,0,normal
2015-04-23 19:25:00+00:00,16.5,Fitzroy Gardens,508,55.9,2.2,-37.8134078,144.9794923,ENV,REAL_508,Real sensor series - Fitzroy Gardens - board 508,42,real_sensor_board_508,15.934683067965556,0,normal
2015-04-23 19:35:00+00:00,16.1,Fitzroy Gardens,508,56.0,2.1,-37.8134078,144.9794923,ENV,REAL_508,Real sensor series - Fitzroy Gardens - board 508,42,real_sensor_board_508,15.847746454372446,0,normal
2015-04-23 19:50:00+00:00,16.1,Fitzroy Gardens,508,56.7,2.1,-37.8134078,144.9794923,ENV,REAL_508,Real sensor series - Fitzroy Gardens - board 508,42,real_sensor_board_508,15.778197163497957,0,normal
2015-04-23 20:00:00+00:00,15.8,Fitzroy Gardens,508,56.5,2.0,-37.8134078,144.9794923,ENV,REAL_508,Real sensor series - Fitzroy Gardens - board 508,42,real_sensor_board_508,15.722557730798366,0,normal
2015-04-23 20:10:00+00:00,15.8,Fitzroy Gardens,508,57.1,2.0,-37.8134078,144.9794923,ENV,REAL_508,Real sensor series - Fitzroy Gardens - board 508,42,real_sensor_board_508,15.678046184638694,0,normal
2015-04-23 20:20:00+00:00,15.8,Fitzroy Gardens,508,56.7,2.0,-37.8134078,144.9794923,ENV,REAL_508,Real sensor series - Fitzroy Gardens - board 508,42,real_sensor_board_508,15.642436947710955,0,normal
2015-04-23 20:30:00+00:00,15.5,Fitzroy Gardens,508,57.3,2.0,-37.8134078,144.9794923,ENV,REAL_508,Real sensor series - Fitzroy Gardens - board 508,42,real_sensor_board_508,15.613949558168764,0,normal
2015-04-23 20:40:00+00:00,15.5,Fitzroy Gardens,508,57.8,2.0,-37.8134078,144.9794923,ENV,REAL_508,Real sensor series - Fitzroy Gardens - board 508,42,real_sensor_board_508,15.651159646535012,0,normal
2015-04-23 20:50:00+00:00,15.2,Fitzroy Gardens,508,58.1,2.1,-37.8134078,144.9794923,ENV,REAL_508,Real sensor series - Fitzroy Gardens - board 508,42,real_sensor_board_508,15.68092771722801,0,normal
2015-04-23 21:00:00+00:00,15.5,Fitzroy Gardens,508,57.9,2.1,-37.8134078,144.9794923,ENV,REAL_508,Real sensor series - Fitzroy Gardens - board 508,42,real_sensor_board_508,15.70474217378241,0,normal
2015-04-23 21:10:00+00:00,15.5,Fitzroy Gardens,508,57.9,2.2,-37.8134078,144.9794923,ENV,REAL_508,Real sensor series - Fitzroy Gardens - board 508,42,real_sensor_board_508,15.723793739025929,0,normal
2015-04-23 21:20:00+00:00,15.5,Fitzroy Gardens,508,58.1,2.1,-37.8134078,144.9794923,ENV,REAL_508,Real sensor series - Fitzroy Gardens - board 508,42,real_sensor_board_508,15.739034991220745,0,normal
2015-04-23 21:30:00+00:00,15.2,Fitzroy Gardens,508,58.2,2.1,-37.8134078,144.9794923,ENV,REAL_508,Real sensor series - Fitzroy Gardens - board 508,42,real_sensor_board_508,15.751227992976597,0,normal
2015-04-23 21:40:00+00:00,15.2,Fitzroy Gardens,508,59.0,2.0,-37.8134078,144.9794923,ENV,REAL_508,Real sensor series - Fitzroy Gardens - board 508,42,real_sensor_board_508,15.760982394381278,0,normal
2015-04-23 23:05:00+00:00,14.2,Fitzroy Gardens,508,61.5,2.0,-37.8134078,144.9794923,ENV,REAL_508,Real sensor series - Fitzroy Gardens - board 508,42,real_sensor_board_508,15.768785915505024,0,normal
2015-04-24 04:10:00+00:00,14.2,Fitzroy Gardens,508,61.7,1.8,-37.8134078,144.9794923,ENV,REAL_508,Real sensor series - Fitzroy Gardens - board 508,42,real_sensor_board_508,15.77502873240402,1,weak_multivariate_excursion
2015-04-25 14:15:00+00:00,13.5,Fitzroy Gardens,508,58.4,73.8,-37.8134078,144.9794923,ENV,REAL_508,Real sensor series - Fitzroy Gardens - board 508,42,real_sensor_board_508,15.780022985923218,1,weak_multivariate_excursion
2015-04-28 10:20:00+00:00,14.8,Fitzroy Gardens,508,51.8,95.6,-37.8134078,144.9794923,ENV,REAL_508,Real sensor series - Fitzroy Gardens - board 508,42,real_sensor_board_508,15.784018388738575,1,weak_multivariate_excursion
2015-04-28 14:25:00+00:00,17.4,Fitzroy Gardens,508,34.1,95.2,-37.8134078,144.9794923,ENV,REAL_508,Real sensor series - Fitzroy Gardens - board 508,42,real_sensor_board_508,15.787214710990861,1,weak_multivariate_excursion
2015-04-29 14:15:00+00:00,18.7,Fitzroy Gardens,508,31.6,95.2,-37.8134078,144.9794923,ENV,REAL_508,Real sensor series - Fitzroy Gardens - board 508,42,real_sensor_board_508,16.04977176879269,0,normal
2015-04-29 14:55:00+00:00,15.8,Fitzroy Gardens,508,38.5,89.7,-37.8134078,144.9794923,ENV,REAL_508,Real sensor series - Fitzroy Gardens - board 508,42,real_sensor_board_508,16.259817415034156,1,weak_multivariate_excursion
2015-04-30 11:25:00+00:00,22.6,Fitzroy Gardens,508,30.5,96.8,-37.8134078,144.9794923,ENV,REAL_508,Real sensor series - Fitzroy Gardens - board 508,42,real_sensor_board_508,16.487853932027324,1,weak_multivariate_excursion
2015-04-30 11:35:00+00:00,23.2,Fitzroy Gardens,508,32.1,96.9,-37.8134078,144.9794923,ENV,REAL_508,Real sensor series - Fitzroy Gardens - board 508,42,real_sensor_board_508,16.67028314562186,1,weak_multivariate_excursion
2015-04-30 14:00:00+00:00,21.3,Fitzroy Gardens,508,33.5,97.0,-37.8134078,144.9794923,ENV,REAL_508,Real sensor series - Fitzroy Gardens - board 508,42,real_sensor_board_508,16.816226516497487,1,weak_multivariate_excursion
2015-04-30 14:10:00+00:00,21.3,Fitzroy Gardens,508,34.3,97.0,-37.8134078,144.9794923,ENV,REAL_508,Real sensor series - Fitzroy Gardens - board 508,42,real_sensor_board_508,16.93298121319799,1,weak_multivariate_excursion
2015-04-30 14:30:00+00:00,20.6,Fitzroy Gardens,508,35.5,96.9,-37.8134078,144.9794923,ENV,REAL_508,Real sensor series - Fitzroy Gardens - board 508,42,real_sensor_board_508,17.026384970558393,0,normal
2015-04-30 14:50:00+00:00,17.1,Fitzroy Gardens,508,42.8,90.2,-37.8134078,144.9794923,ENV,REAL_508,Real sensor series - Fitzroy Gardens - board 508,42,real_sensor_board_508,17.101107976446716,0,normal
2015-04-30 15:00:00+00:00,17.1,Fitzroy Gardens,508,43.3,89.7,-37.8134078,144.9794923,ENV,REAL_508,Real sensor series - Fitzroy Gardens - board 508,42,real_sensor_board_508,17.160886381157372,0,normal
2015-04-30 15:10:00+00:00,17.4,Fitzroy Gardens,508,41.7,92.4,-37.8134078,144.9794923,ENV,REAL_508,Real sensor series - Fitzroy Gardens - board 508,42,real_sensor_board_508,17.208709104925898,0,normal
2015-04-30 15:20:00+00:00,17.7,Fitzroy Gardens,508,40.1,91.4,-37.8134078,144.9794923,ENV,REAL_508,Real sensor series - Fitzroy Gardens - board 508,42,real_sensor_board_508,17.24696728394072,0,normal
2015-04-30 15:35:00+00:00,18.1,Fitzroy Gardens,508,37.6,94.1,-37.8134078,144.9794923,ENV,REAL_508,Real sensor series - Fitzroy Gardens - board 508,42,real_sensor_board_508,17.277573827152576,0,normal
2015-04-30 15:45:00+00:00,18.4,Fitzroy Gardens,508,35.4,92.8,-37.8134078,144.9794923,ENV,REAL_508,Real sensor series - Fitzroy Gardens - board 508,42,real_sensor_board_508,17.36205906172206,0,normal
2015-04-30 15:55:00+00:00,18.7,Fitzroy Gardens,508,30.2,93.7,-37.8134078,144.9794923,ENV,REAL_508,Real sensor series - Fitzroy Gardens - board 508,42,real_sensor_board_508,17.42964724937765,0,normal
2015-04-30 16:05:00+00:00,18.4,Fitzroy Gardens,508,30.2,85.5,-37.8134078,144.9794923,ENV,REAL_508,Real sensor series - Fitzroy Gardens - board 508,42,real_sensor_board_508,17.48371779950212,0,normal
2015-04-30 16:15:00+00:00,18.1,Fitzroy Gardens,508,31.4,83.1,-37.8134078,144.9794923,ENV,REAL_508,Real sensor series - Fitzroy Gardens - board 508,42,real_sensor_board_508,17.526974239601696,0,normal
2015-04-30 16:25:00+00:00,17.7,Fitzroy Gardens,508,33.3,82.7,-37.8134078,144.9794923,ENV,REAL_508,Real sensor series - Fitzroy Gardens - board 508,42,real_sensor_board_508,17.561579391681356,0,normal
2015-04-30 16:35:00+00:00,17.4,Fitzroy Gardens,508,34.1,78.8,-37.8134078,144.9794923,ENV,REAL_508,Real sensor series - Fitzroy Gardens - board 508,42,real_sensor_board_508,17.589263513345085,0,normal
2015-04-30 16:45:00+00:00,17.4,Fitzroy Gardens,508,33.3,77.2,-37.8134078,144.9794923,ENV,REAL_508,Real sensor series - Fitzroy Gardens - board 508,42,real_sensor_board_508,17.61141081067607,0,normal
2015-04-30 16:55:00+00:00,17.1,Fitzroy Gardens,508,33.5,74.8,-37.8134078,144.9794923,ENV,REAL_508,Real sensor series - Fitzroy Gardens - board 508,42,real_sensor_board_508,17.629128648540856,0,normal
2015-04-30 17:05:00+00:00,16.1,Fitzroy Gardens,508,34.7,70.5,-37.8134078,144.9794923,ENV,REAL_508,Real sensor series - Fitzroy Gardens - board 508,42,real_sensor_board_508,17.583302918832686,1,weak_multivariate_excursion
2015-04-30 18:15:00+00:00,12.9,Fitzroy Gardens,508,49.7,1.9,-37.8134078,144.9794923,ENV,REAL_508,Real sensor series - Fitzroy Gardens - board 508,42,real_sensor_board_508,17.54664233506615,1,weak_multivariate_excursion
2015-05-01 14:20:00+00:00,26.5,Fitzroy Gardens,508,22.4,97.2,-37.8134078,144.9794923,ENV,REAL_508,Real sensor series - Fitzroy Gardens - board 508,42,real_sensor_board_508,17.51731386805292,1,weak_multivariate_excursion
2015-05-01 14:30:00+00:00,24.8,Fitzroy Gardens,508,23.2,97.1,-37.8134078,144.9794923,ENV,REAL_508,Real sensor series - Fitzroy Gardens - board 508,42,real_sensor_board_508,17.493851094442338,1,weak_multivariate_excursion
2015-05-02 04:10:00+00:00,11.9,Fitzroy Gardens,508,50.0,1.9,-37.8134078,144.9794923,ENV,REAL_508,Real sensor series - Fitzroy Gardens - board 508,42,real_sensor_board_508,17.47508087555387,1,weak_multivariate_excursion
2015-05-02 06:05:00+00:00,13.5,Fitzroy Gardens,508,47.5,1.8,-37.8134078,144.9794923,ENV,REAL_508,Real sensor series - Fitzroy Gardens - board 508,42,real_sensor_board_508,17.460064700443098,1,weak_multivariate_excursion
2015-05-02 09:30:00+00:00,16.5,Fitzroy Gardens,508,43.9,82.8,-37.8134078,144.9794923,ENV,REAL_508,Real sensor series - Fitzroy Gardens - board 508,42,real_sensor_board_508,17.448051760354478,1,weak_multivariate_excursion
2015-05-02 18:30:00+00:00,19.0,Fitzroy Gardens,508,40.1,1.7,-37.8134078,144.9794923,ENV,REAL_508,Real sensor series - Fitzroy Gardens - board 508,42,real_sensor_board_508,17.378441408283585,1,weak_multivariate_excursion
2015-05-02 19:05:00+00:00,18.1,Fitzroy Gardens,508,42.8,1.7,-37.8134078,144.9794923,ENV,REAL_508,Real sensor series - Fitzroy Gardens - board 508,42,real_sensor_board_508,17.32275312662687,1,weak_multivariate_excursion
2015-05-02 19:15:00+00:00,17.7,Fitzroy Gardens,508,42.5,1.8,-37.8134078,144.9794923,ENV,REAL_508,Real sensor series - Fitzroy Gardens - board 508,42,real_sensor_board_508,17.2782025013015,0,normal
2015-05-02 19:25:00+00:00,17.7,Fitzroy Gardens,508,42.8,1.8,-37.8134078,144.9794923,ENV,REAL_508,Real sensor series - Fitzroy Gardens - board 508,42,real_sensor_board_508,17.1825620010412,0,normal
2015-05-02 19:35:00+00:00,17.4,Fitzroy Gardens,508,43.4,1.8,-37.8134078,144.9794923,ENV,REAL_508,Real sensor series - Fitzroy Gardens - board 508,42,real_sensor_board_508,17.10604960083296,0,normal
2015-05-02 19:45:00+00:00,17.1,Fitzroy Gardens,508,44.4,1.8,-37.8134078,144.9794923,ENV,REAL_508,Real sensor series - Fitzroy Gardens - board 508,42,real_sensor_board_508,17.04483968066637,0,normal
2015-05-02 19:55:00+00:00,16.5,Fitzroy Gardens,508,45.1,1.8,-37.8134078,144.9794923,ENV,REAL_508,Real sensor series - Fitzroy Gardens - board 508,42,real_sensor_board_508,16.9358717445331,0,normal
2015-05-02 20:05:00+00:00,16.5,Fitzroy Gardens,508,45.9,1.9,-37.8134078,144.9794923,ENV,REAL_508,Real sensor series - Fitzroy Gardens - board 508,42,real_sensor_board_508,16.84869739562648,0,normal
2015-05-02 20:15:00+00:00,17.1,Fitzroy Gardens,508,44.4,1.8,-37.8134078,144.9794923,ENV,REAL_508,Real sensor series - Fitzroy Gardens - board 508,42,real_sensor_board_508,16.778957916501184,0,normal
2015-05-02 20:25:00+00:00,16.8,Fitzroy Gardens,508,45.3,1.8,-37.8134078,144.9794923,ENV,REAL_508,Real sensor series - Fitzroy Gardens - board 508,42,real_sensor_board_508,16.723166333200947,0,normal
2015-05-02 20:35:00+00:00,16.8,Fitzroy Gardens,508,45.1,1.8,-37.8134078,144.9794923,ENV,REAL_508,Real sensor series - Fitzroy Gardens - board 508,42,real_sensor_board_508,16.73853306656076,0,normal
2015-05-02 20:45:00+00:00,17.4,Fitzroy Gardens,508,43.6,1.8,-37.8134078,144.9794923,ENV,REAL_508,Real sensor series - Fitzroy Gardens - board 508,42,real_sensor_board_508,16.750826453248607,0,normal
2015-05-02 20:55:00+00:00,16.8,Fitzroy Gardens,508,45.3,1.8,-37.8134078,144.9794923,ENV,REAL_508,Real sensor series - Fitzroy Gardens - board 508,42,real_sensor_board_508,16.760661162598886,0,normal
2015-05-02 21:05:00+00:00,16.5,Fitzroy Gardens,508,46.7,1.8,-37.8134078,144.9794923,ENV,REAL_508,Real sensor series - Fitzroy Gardens - board 508,42,real_sensor_board_508,16.76852893007911,0,normal
2015-05-02 21:15:00+00:00,15.2,Fitzroy Gardens,508,57.1,1.9,-37.8134078,144.9794923,ENV,REAL_508,Real sensor series - Fitzroy Gardens - board 508,42,real_sensor_board_508,16.77482314406329,0,normal
2015-05-02 21:25:00+00:00,14.8,Fitzroy Gardens,508,58.7,1.9,-37.8134078,144.9794923,ENV,REAL_508,Real sensor series - Fitzroy Gardens - board 508,42,real_sensor_board_508,16.779858515250634,0,normal
2015-05-02 21:35:00+00:00,14.8,Fitzroy Gardens,508,59.8,1.9,-37.8134078,144.9794923,ENV,REAL_508,Real sensor series - Fitzroy Gardens - board 508,42,real_sensor_board_508,16.783886812200507,0,normal
2015-05-02 21:45:00+00:00,14.8,Fitzroy Gardens,508,59.8,1.9,-37.8134078,144.9794923,ENV,REAL_508,Real sensor series - Fitzroy Gardens - board 508,42,real_sensor_board_508,16.727109449760405,0,normal
2015-05-02 22:20:00+00:00,13.9,Fitzroy Gardens,508,60.8,1.9,-37.8134078,144.9794923,ENV,REAL_508,Real sensor series - Fitzroy Gardens - board 508,42,real_sensor_board_508,16.681687559808324,0,normal
2015-05-02 23:10:00+00:00,12.9,Fitzroy Gardens,508,62.3,1.9,-37.8134078,144.9794923,ENV,REAL_508,Real sensor series - Fitzroy Gardens - board 508,42,real_sensor_board_508,16.64535004784666,1,weak_multivariate_excursion
2015-05-03 03:05:00+00:00,11.0,Fitzroy Gardens,508,61.5,1.8,-37.8134078,144.9794923,ENV,REAL_508,Real sensor series - Fitzroy Gardens - board 508,42,real_sensor_board_508,16.616280038277328,1,weak_multivariate_excursion
2015-05-03 18:50:00+00:00,11.6,Fitzroy Gardens,508,59.6,1.8,-37.8134078,144.9794923,ENV,REAL_508,Real sensor series - Fitzroy Gardens - board 508,42,real_sensor_board_508,16.593024030621862,1,weak_multivariate_excursion
2015-05-04 10:15:00+00:00,13.2,Fitzroy Gardens,508,53.7,93.5,-37.8134078,144.9794923,ENV,REAL_508,Real sensor series - Fitzroy Gardens - board 508,42,real_sensor_board_508,16.57441922449749,1,weak_multivariate_excursion
2015-05-04 18:45:00+00:00,18.4,Fitzroy Gardens,508,32.8,1.6,-37.8134078,144.9794923,ENV,REAL_508,Real sensor series - Fitzroy Gardens - board 508,42,real_sensor_board_508,16.559535379597992,1,weak_multivariate_excursion
2015-05-04 19:10:00+00:00,18.1,Fitzroy Gardens,508,33.6,1.6,-37.8134078,144.9794923,ENV,REAL_508,Real sensor series - Fitzroy Gardens - board 508,42,real_sensor_board_508,16.547628303678394,1,weak_multivariate_excursion
2015-05-04 19:20:00+00:00,18.4,Fitzroy Gardens,508,33.3,1.7,-37.8134078,144.9794923,ENV,REAL_508,Real sensor series - Fitzroy Gardens - board 508,42,real_sensor_board_508,16.538102642942714,0,normal
2015-05-04 19:30:00+00:00,18.4,Fitzroy Gardens,508,33.8,1.7,-37.8134078,144.9794923,ENV,REAL_508,Real sensor series - Fitzroy Gardens - board 508,42,real_sensor_board_508,16.53048211435417,0,normal
2015-05-04 19:40:00+00:00,18.4,Fitzroy Gardens,508,33.6,1.7,-37.8134078,144.9794923,ENV,REAL_508,Real sensor series - Fitzroy Gardens - board 508,42,real_sensor_board_508,16.52438569148334,0,normal
2015-05-05 04:10:00+00:00,16.8,Fitzroy Gardens,508,33.3,1.9,-37.8134078,144.9794923,ENV,REAL_508,Real sensor series - Fitzroy Gardens - board 508,42,real_sensor_board_508,16.51950855318667,0,normal
2015-05-05 04:20:00+00:00,16.5,Fitzroy Gardens,508,33.8,1.9,-37.8134078,144.9794923,ENV,REAL_508,Real sensor series - Fitzroy Gardens - board 508,42,real_sensor_board_508,16.51560684254934,0,normal
2015-05-05 04:35:00+00:00,16.5,Fitzroy Gardens,508,34.3,1.9,-37.8134078,144.9794923,ENV,REAL_508,Real sensor series - Fitzroy Gardens - board 508,42,real_sensor_board_508,16.512485474039472,1,weak_multivariate_excursion
2015-05-05 09:00:00+00:00,13.9,Fitzroy Gardens,508,50.3,86.1,-37.8134078,144.9794923,ENV,REAL_508,Real sensor series - Fitzroy Gardens - board 508,42,real_sensor_board_508,16.50998837923158,1,weak_multivariate_excursion
2015-05-06 14:25:00+00:00,14.5,Fitzroy Gardens,508,45.8,91.1,-37.8134078,144.9794923,ENV,REAL_508,Real sensor series - Fitzroy Gardens - board 508,42,real_sensor_board_508,16.567990703385263,1,weak_multivariate_excursion
2015-05-08 18:25:00+00:00,14.5,Fitzroy Gardens,508,39.9,1.9,-37.8134078,144.9794923,ENV,REAL_508,Real sensor series - Fitzroy Gardens - board 508,42,real_sensor_board_508,16.79439256270821,1,weak_multivariate_excursion
2015-05-08 18:45:00+00:00,14.2,Fitzroy Gardens,508,40.9,1.8,-37.8134078,144.9794923,ENV,REAL_508,Real sensor series - Fitzroy Gardens - board 508,42,real_sensor_board_508,16.97551405016657,1,weak_multivariate_excursion
2015-05-09 03:00:00+00:00,13.2,Fitzroy Gardens,508,43.7,1.8,-37.8134078,144.9794923,ENV,REAL_508,Real sensor series - Fitzroy Gardens - board 508,42,real_sensor_board_508,17.200411240133256,0,normal
2015-05-09 06:05:00+00:00,12.6,Fitzroy Gardens,508,46.7,1.7,-37.8134078,144.9794923,ENV,REAL_508,Real sensor series - Fitzroy Gardens - board 508,42,real_sensor_board_508,17.380328992106605,1,weak_multivariate_excursion
2015-05-09 10:00:00+00:00,16.5,Fitzroy Gardens,508,40.1,93.9,-37.8134078,144.9794923,ENV,REAL_508,Real sensor series - Fitzroy Gardens - board 508,42,real_sensor_board_508,17.524263193685286,1,weak_multivariate_excursion
2015-05-09 10:50:00+00:00,19.7,Fitzroy Gardens,508,33.9,93.6,-37.8134078,144.9794923,ENV,REAL_508,Real sensor series - Fitzroy Gardens - board 508,42,real_sensor_board_508,17.63941055494823,1,weak_multivariate_excursion
2015-05-09 11:00:00+00:00,19.4,Fitzroy Gardens,508,33.8,94.4,-37.8134078,144.9794923,ENV,REAL_508,Real sensor series - Fitzroy Gardens - board 508,42,real_sensor_board_508,17.731528443958585,0,normal
2015-05-09 11:15:00+00:00,20.3,Fitzroy Gardens,508,36.0,96.5,-37.8134078,144.9794923,ENV,REAL_508,Real sensor series - Fitzroy Gardens - board 508,42,real_sensor_board_508,17.80522275516687,0,normal
2015-05-09 11:25:00+00:00,20.3,Fitzroy Gardens,508,34.1,97.2,-37.8134078,144.9794923,ENV,REAL_508,Real sensor series - Fitzroy Gardens - board 508,42,real_sensor_board_508,17.8641782041335,0,normal
2015-05-09 11:35:00+00:00,21.0,Fitzroy Gardens,508,30.3,97.0,-37.8134078,144.9794923,ENV,REAL_508,Real sensor series - Fitzroy Gardens - board 508,42,real_sensor_board_508,17.831342563306798,0,normal
2015-05-09 11:45:00+00:00,19.4,Fitzroy Gardens,508,33.0,94.9,-37.8134078,144.9794923,ENV,REAL_508,Real sensor series - Fitzroy Gardens - board 508,42,real_sensor_board_508,17.805074050645437,0,normal
2015-05-09 11:55:00+00:00,19.7,Fitzroy Gardens,508,34.3,93.4,-37.8134078,144.9794923,ENV,REAL_508,Real sensor series - Fitzroy Gardens - board 508,42,real_sensor_board_508,17.78405924051635,0,normal
2015-05-09 12:05:00+00:00,18.4,Fitzroy Gardens,508,36.3,93.8,-37.8134078,144.9794923,ENV,REAL_508,Real sensor series - Fitzroy Gardens - board 508,42,real_sensor_board_508,17.76724739241308,0,normal
2015-05-09 12:15:00+00:00,18.1,Fitzroy Gardens,508,36.0,91.9,-37.8134078,144.9794923,ENV,REAL_508,Real sensor series - Fitzroy Gardens - board 508,42,real_sensor_board_508,17.753797913930462,0,normal
2015-05-09 12:25:00+00:00,18.4,Fitzroy Gardens,508,34.3,91.6,-37.8134078,144.9794923,ENV,REAL_508,Real sensor series - Fitzroy Gardens - board 508,42,real_sensor_board_508,17.74303833114437,0,normal
2015-05-09 12:35:00+00:00,17.7,Fitzroy Gardens,508,35.2,91.1,-37.8134078,144.9794923,ENV,REAL_508,Real sensor series - Fitzroy Gardens - board 508,42,real_sensor_board_508,17.734430664915497,0,normal
2015-05-09 12:55:00+00:00,17.7,Fitzroy Gardens,508,34.3,91.9,-37.8134078,144.9794923,ENV,REAL_508,Real sensor series - Fitzroy Gardens - board 508,42,real_sensor_board_508,17.7275445319324,0,normal
2015-05-09 13:05:00+00:00,18.4,Fitzroy Gardens,508,34.4,95.6,-37.8134078,144.9794923,ENV,REAL_508,Real sensor series - Fitzroy Gardens - board 508,42,real_sensor_board_508,17.72203562554592,0,normal
2015-05-09 13:15:00+00:00,20.0,Fitzroy Gardens,508,33.9,92.9,-37.8134078,144.9794923,ENV,REAL_508,Real sensor series - Fitzroy Gardens - board 508,42,real_sensor_board_508,17.71762850043674,0,normal
2015-05-09 13:25:00+00:00,18.1,Fitzroy Gardens,508,34.3,89.1,-37.8134078,144.9794923,ENV,REAL_508,Real sensor series - Fitzroy Gardens - board 508,42,real_sensor_board_508,17.794102800349393,0,normal
2015-05-09 13:35:00+00:00,17.7,Fitzroy Gardens,508,34.6,89.3,-37.8134078,144.9794923,ENV,REAL_508,Real sensor series - Fitzroy Gardens - board 508,42,real_sensor_board_508,17.855282240279514,0,normal
2015-05-09 13:45:00+00:00,17.7,Fitzroy Gardens,508,34.9,90.4,-37.8134078,144.9794923,ENV,REAL_508,Real sensor series - Fitzroy Gardens - board 508,42,real_sensor_board_508,17.904225792223613,0,normal
2015-05-09 13:55:00+00:00,18.7,Fitzroy Gardens,508,33.5,96.1,-37.8134078,144.9794923,ENV,REAL_508,Real sensor series - Fitzroy Gardens - board 508,42,real_sensor_board_508,17.90338063377889,1,weak_multivariate_excursion
2015-05-09 18:45:00+00:00,15.2,Fitzroy Gardens,508,46.7,1.7,-37.8134078,144.9794923,ENV,REAL_508,Real sensor series - Fitzroy Gardens - board 508,42,real_sensor_board_508,17.862704507023114,1,weak_multivariate_excursion
2015-05-09 19:05:00+00:00,15.2,Fitzroy Gardens,508,45.6,1.7,-37.8134078,144.9794923,ENV,REAL_508,Real sensor series - Fitzroy Gardens - board 508,42,real_sensor_board_508,17.83016360561849,1,weak_multivariate_excursion
2015-05-11 02:25:00+00:00,13.9,Fitzroy Gardens,508,47.5,1.7,-37.8134078,144.9794923,ENV,REAL_508,Real sensor series - Fitzroy Gardens - board 508,42,real_sensor_board_508,17.804130884494793,0,normal
2015-05-12 02:00:00+00:00,14.2,Fitzroy Gardens,508,45.0,1.6,-37.8134078,144.9794923,ENV,REAL_508,Real sensor series - Fitzroy Gardens - board 508,42,real_sensor_board_508,17.783304707595835,0,normal
2015-05-12 02:40:00+00:00,14.5,Fitzroy Gardens,508,41.2,1.6,-37.8134078,144.9794923,ENV,REAL_508,Real sensor series - Fitzroy Gardens - board 508,42,real_sensor_board_508,17.76664376607667,1,weak_multivariate_excursion
2015-05-14 11:00:00+00:00,16.8,Fitzroy Gardens,508,45.3,94.4,-37.8134078,144.9794923,ENV,REAL_508,Real sensor series - Fitzroy Gardens - board 508,42,real_sensor_board_508,17.753315012861336,1,weak_multivariate_excursion
2015-05-14 14:25:00+00:00,13.9,Fitzroy Gardens,508,53.5,91.8,-37.8134078,144.9794923,ENV,REAL_508,Real sensor series - Fitzroy Gardens - board 508,42,real_sensor_board_508,17.74265201028907,1,weak_multivariate_excursion
2015-05-20 11:05:00+00:00,17.7,Fitzroy Gardens,508,36.6,91.9,-37.8134078,144.9794923,ENV,REAL_508,Real sensor series - Fitzroy Gardens - board 508,42,real_sensor_board_508,17.734121608231256,1,weak_multivariate_excursion
2015-05-20 11:15:00+00:00,21.0,Fitzroy Gardens,508,34.9,96.8,-37.8134078,144.9794923,ENV,REAL_508,Real sensor series - Fitzroy Gardens - board 508,42,real_sensor_board_508,17.727297286585006,1,weak_multivariate_excursion
2015-05-20 14:50:00+00:00,16.1,Fitzroy Gardens,508,40.3,76.6,-37.8134078,144.9794923,ENV,REAL_508,Real sensor series - Fitzroy Gardens - board 508,42,real_sensor_board_508,17.631837829268004,1,weak_multivariate_excursion
2015-05-22 11:00:00+00:00,14.5,Fitzroy Gardens,508,40.3,93.3,-37.8134078,144.9794923,ENV,REAL_508,Real sensor series - Fitzroy Gardens - board 508,42,real_sensor_board_508,17.465470263414403,1,weak_multivariate_excursion
2015-05-28 14:20:00+00:00,20.3,Fitzroy Gardens,508,36.8,97.3,-37.8134078,144.9794923,ENV,REAL_508,Real sensor series - Fitzroy Gardens - board 508,42,real_sensor_board_508,17.262376210731524,1,weak_multivariate_excursion
