timestamp,temp_observed,location,boardid,humidity_avg,light_avg,latitude,longitude,model,scenario_id,scenario_name,seed,dataset_name,temp_clean,is_anomaly,anomaly_type
2014-12-15 03:55:00+00:00,23.5,Docklands Library,511,43.1,96.3,-37.8195002,144.9418888,ENV,REAL_511,Real sensor series - Docklands Library - board 511,42,real_sensor_board_511,21.3,0,normal
2014-12-15 04:05:00+00:00,22.9,Docklands Library,511,42.9,98.0,-37.8195002,144.9418888,ENV,REAL_511,Real sensor series - Docklands Library - board 511,42,real_sensor_board_511,21.3,0,normal
2014-12-15 04:55:00+00:00,22.6,Docklands Library,511,45.9,97.8,-37.8195002,144.9418888,ENV,REAL_511,Real sensor series - Docklands Library - board 511,42,real_sensor_board_511,21.3,0,normal
2014-12-15 05:40:00+00:00,21.3,Docklands Library,511,48.1,95.7,-37.8195002,144.9418888,ENV,REAL_511,Real sensor series - Docklands Library - board 511,42,real_sensor_board_511,21.3,0,normal
2014-12-15 05:50:00+00:00,21.0,Docklands Library,511,49.4,95.6,-37.8195002,144.9418888,ENV,REAL_511,Real sensor series - Docklands Library - board 511,42,real_sensor_board_511,21.270000000000003,0,normal
2014-12-15 06:10:00+00:00,21.3,Docklands Library,511,48.5,96.8,-37.8195002,144.9418888,ENV,REAL_511,Real sensor series - Docklands Library - board 511,42,real_sensor_board_511,21.216,1,weak_multivariate_excursion
2014-12-15 06:40:00+00:00,25.5,Docklands Library,511,39.0,98.7,-37.8195002,144.9418888,ENV,REAL_511,Real sensor series - Docklands Library - board 511,42,real_sensor_board_511,21.172800000000002,1,weak_multivariate_excursion
2014-12-15 06:50:00+00:00,24.5,Docklands Library,511,39.8,98.1,-37.8195002,144.9418888,ENV,REAL_511,Real sensor series - Docklands Library - board 511,42,real_sensor_board_511,21.138240000000003,1,weak_multivariate_excursion
2014-12-15 07:00:00+00:00,23.9,Docklands Library,511,41.5,98.4,-37.8195002,144.9418888,ENV,REAL_511,Real sensor series - Docklands Library - board 511,42,real_sensor_board_511,20.880592000000007,0,normal
2014-12-15 07:30:00+00:00,21.0,Docklands Library,511,46.1,96.4,-37.8195002,144.9418888,ENV,REAL_511,Real sensor series - Docklands Library - board 511,42,real_sensor_board_511,20.44447360000001,0,normal
2014-12-15 07:40:00+00:00,21.3,Docklands Library,511,46.2,96.7,-37.8195002,144.9418888,ENV,REAL_511,Real sensor series - Docklands Library - board 511,42,real_sensor_board_511,20.035578880000006,0,normal
2014-12-15 08:00:00+00:00,22.6,Docklands Library,511,43.7,98.5,-37.8195002,144.9418888,ENV,REAL_511,Real sensor series - Docklands Library - board 511,42,real_sensor_board_511,19.648463104000008,1,weak_multivariate_excursion
2014-12-15 08:45:00+00:00,18.7,Docklands Library,511,52.6,93.4,-37.8195002,144.9418888,ENV,REAL_511,Real sensor series - Docklands Library - board 511,42,real_sensor_board_511,19.29877048320001,1,weak_multivariate_excursion
2014-12-15 09:15:00+00:00,18.1,Docklands Library,511,55.7,81.8,-37.8195002,144.9418888,ENV,REAL_511,Real sensor series - Docklands Library - board 511,42,real_sensor_board_511,18.97901638656001,1,weak_multivariate_excursion
2014-12-15 09:35:00+00:00,17.7,Docklands Library,511,56.3,69.8,-37.8195002,144.9418888,ENV,REAL_511,Real sensor series - Docklands Library - board 511,42,real_sensor_board_511,18.723213109248007,1,weak_multivariate_excursion
2014-12-15 10:25:00+00:00,17.7,Docklands Library,511,56.8,13.4,-37.8195002,144.9418888,ENV,REAL_511,Real sensor series - Docklands Library - board 511,42,real_sensor_board_511,18.518570487398406,1,weak_multivariate_excursion
2014-12-15 11:05:00+00:00,17.7,Docklands Library,511,57.0,13.1,-37.8195002,144.9418888,ENV,REAL_511,Real sensor series - Docklands Library - board 511,42,real_sensor_board_511,18.354856389918726,1,weak_multivariate_excursion
2014-12-15 11:15:00+00:00,17.7,Docklands Library,511,57.4,13.5,-37.8195002,144.9418888,ENV,REAL_511,Real sensor series - Docklands Library - board 511,42,real_sensor_board_511,18.223885111934983,0,normal
2014-12-15 11:35:00+00:00,17.7,Docklands Library,511,57.9,13.2,-37.8195002,144.9418888,ENV,REAL_511,Real sensor series - Docklands Library - board 511,42,real_sensor_board_511,18.119108089547986,0,normal
2014-12-15 12:00:00+00:00,17.4,Docklands Library,511,58.5,12.2,-37.8195002,144.9418888,ENV,REAL_511,Real sensor series - Docklands Library - board 511,42,real_sensor_board_511,18.03528647163839,0,normal
2014-12-15 12:30:00+00:00,17.7,Docklands Library,511,59.5,13.1,-37.8195002,144.9418888,ENV,REAL_511,Real sensor series - Docklands Library - board 511,42,real_sensor_board_511,17.96822917731071,0,normal
2014-12-15 12:40:00+00:00,17.4,Docklands Library,511,59.5,12.5,-37.8195002,144.9418888,ENV,REAL_511,Real sensor series - Docklands Library - board 511,42,real_sensor_board_511,17.91458334184857,0,normal
2014-12-15 12:50:00+00:00,17.7,Docklands Library,511,59.5,12.5,-37.8195002,144.9418888,ENV,REAL_511,Real sensor series - Docklands Library - board 511,42,real_sensor_board_511,17.871666673478856,0,normal
2014-12-15 13:00:00+00:00,17.7,Docklands Library,511,59.5,12.9,-37.8195002,144.9418888,ENV,REAL_511,Real sensor series - Docklands Library - board 511,42,real_sensor_board_511,17.837333338783086,0,normal
2014-12-15 13:10:00+00:00,17.7,Docklands Library,511,59.6,12.7,-37.8195002,144.9418888,ENV,REAL_511,Real sensor series - Docklands Library - board 511,42,real_sensor_board_511,17.80986667102647,0,normal
2014-12-15 13:40:00+00:00,17.7,Docklands Library,511,60.1,13.3,-37.8195002,144.9418888,ENV,REAL_511,Real sensor series - Docklands Library - board 511,42,real_sensor_board_511,17.787893336821178,0,normal
2014-12-15 13:50:00+00:00,17.7,Docklands Library,511,60.1,13.0,-37.8195002,144.9418888,ENV,REAL_511,Real sensor series - Docklands Library - board 511,42,real_sensor_board_511,17.770314669456944,0,normal
2014-12-15 14:00:00+00:00,17.7,Docklands Library,511,60.0,12.9,-37.8195002,144.9418888,ENV,REAL_511,Real sensor series - Docklands Library - board 511,42,real_sensor_board_511,17.756251735565556,0,normal
2014-12-15 14:20:00+00:00,17.7,Docklands Library,511,60.4,13.0,-37.8195002,144.9418888,ENV,REAL_511,Real sensor series - Docklands Library - board 511,42,real_sensor_board_511,17.745001388452444,0,normal
2014-12-15 14:30:00+00:00,17.7,Docklands Library,511,60.8,13.0,-37.8195002,144.9418888,ENV,REAL_511,Real sensor series - Docklands Library - board 511,42,real_sensor_board_511,17.736001110761954,0,normal
2014-12-15 14:40:00+00:00,17.4,Docklands Library,511,60.9,13.0,-37.8195002,144.9418888,ENV,REAL_511,Real sensor series - Docklands Library - board 511,42,real_sensor_board_511,17.728800888609562,0,normal
2014-12-15 14:50:00+00:00,17.4,Docklands Library,511,61.7,13.0,-37.8195002,144.9418888,ENV,REAL_511,Real sensor series - Docklands Library - board 511,42,real_sensor_board_511,17.66304071088765,0,normal
2014-12-15 15:00:00+00:00,17.4,Docklands Library,511,61.4,13.1,-37.8195002,144.9418888,ENV,REAL_511,Real sensor series - Docklands Library - board 511,42,real_sensor_board_511,17.61043256871012,0,normal
2014-12-15 15:15:00+00:00,17.4,Docklands Library,511,61.7,13.0,-37.8195002,144.9418888,ENV,REAL_511,Real sensor series - Docklands Library - board 511,42,real_sensor_board_511,17.568346054968096,0,normal
2014-12-15 15:25:00+00:00,17.7,Docklands Library,511,62.0,12.9,-37.8195002,144.9418888,ENV,REAL_511,Real sensor series - Docklands Library - board 511,42,real_sensor_board_511,17.534676843974477,0,normal
2014-12-15 15:35:00+00:00,17.7,Docklands Library,511,61.7,13.0,-37.8195002,144.9418888,ENV,REAL_511,Real sensor series - Docklands Library - board 511,42,real_sensor_board_511,17.507741475179582,0,normal
2014-12-15 15:45:00+00:00,17.7,Docklands Library,511,61.5,12.9,-37.8195002,144.9418888,ENV,REAL_511,Real sensor series - Docklands Library - board 511,42,real_sensor_board_511,17.486193180143665,0,normal
2014-12-15 15:55:00+00:00,17.4,Docklands Library,511,60.3,12.6,-37.8195002,144.9418888,ENV,REAL_511,Real sensor series - Docklands Library - board 511,42,real_sensor_board_511,17.468954544114933,0,normal
2014-12-15 16:05:00+00:00,17.4,Docklands Library,511,61.2,12.7,-37.8195002,144.9418888,ENV,REAL_511,Real sensor series - Docklands Library - board 511,42,real_sensor_board_511,17.455163635291946,0,normal
2014-12-15 16:15:00+00:00,17.4,Docklands Library,511,60.9,12.8,-37.8195002,144.9418888,ENV,REAL_511,Real sensor series - Docklands Library - board 511,42,real_sensor_board_511,17.444130908233557,0,normal
2014-12-15 16:25:00+00:00,17.4,Docklands Library,511,61.1,12.3,-37.8195002,144.9418888,ENV,REAL_511,Real sensor series - Docklands Library - board 511,42,real_sensor_board_511,17.435304726586846,0,normal
2014-12-15 16:35:00+00:00,17.4,Docklands Library,511,61.7,12.2,-37.8195002,144.9418888,ENV,REAL_511,Real sensor series - Docklands Library - board 511,42,real_sensor_board_511,17.428243781269476,0,normal
2014-12-15 16:45:00+00:00,17.1,Docklands Library,511,60.9,12.3,-37.8195002,144.9418888,ENV,REAL_511,Real sensor series - Docklands Library - board 511,42,real_sensor_board_511,17.422595025015582,0,normal
2014-12-15 16:55:00+00:00,17.1,Docklands Library,511,60.9,12.3,-37.8195002,144.9418888,ENV,REAL_511,Real sensor series - Docklands Library - board 511,42,real_sensor_board_511,17.418076020012467,0,normal
2014-12-15 17:05:00+00:00,17.1,Docklands Library,511,60.1,12.8,-37.8195002,144.9418888,ENV,REAL_511,Real sensor series - Docklands Library - board 511,42,real_sensor_board_511,17.414460816009974,0,normal
2014-12-15 17:15:00+00:00,16.5,Docklands Library,511,60.3,12.4,-37.8195002,144.9418888,ENV,REAL_511,Real sensor series - Docklands Library - board 511,42,real_sensor_board_511,17.41156865280798,0,normal
2014-12-15 17:25:00+00:00,16.5,Docklands Library,511,60.9,12.7,-37.8195002,144.9418888,ENV,REAL_511,Real sensor series - Docklands Library - board 511,42,real_sensor_board_511,17.409254922246383,0,normal
2014-12-15 17:35:00+00:00,16.5,Docklands Library,511,60.9,12.7,-37.8195002,144.9418888,ENV,REAL_511,Real sensor series - Docklands Library - board 511,42,real_sensor_board_511,17.407403937797106,0,normal
2014-12-15 17:45:00+00:00,16.5,Docklands Library,511,61.1,12.6,-37.8195002,144.9418888,ENV,REAL_511,Real sensor series - Docklands Library - board 511,42,real_sensor_board_511,17.405923150237687,0,normal
2014-12-15 18:05:00+00:00,16.1,Docklands Library,511,61.5,12.9,-37.8195002,144.9418888,ENV,REAL_511,Real sensor series - Docklands Library - board 511,42,real_sensor_board_511,17.40473852019015,0,normal
2014-12-15 18:30:00+00:00,16.1,Docklands Library,511,62.2,18.6,-37.8195002,144.9418888,ENV,REAL_511,Real sensor series - Docklands Library - board 511,42,real_sensor_board_511,17.40379081615212,1,weak_multivariate_excursion
2014-12-15 19:00:00+00:00,15.8,Docklands Library,511,62.3,80.4,-37.8195002,144.9418888,ENV,REAL_511,Real sensor series - Docklands Library - board 511,42,real_sensor_board_511,17.4030326529217,1,weak_multivariate_excursion
2014-12-15 20:40:00+00:00,16.5,Docklands Library,511,61.1,94.1,-37.8195002,144.9418888,ENV,REAL_511,Real sensor series - Docklands Library - board 511,42,real_sensor_board_511,17.40242612233736,1,weak_multivariate_excursion
2014-12-15 20:50:00+00:00,16.8,Docklands Library,511,60.9,94.1,-37.8195002,144.9418888,ENV,REAL_511,Real sensor series - Docklands Library - board 511,42,real_sensor_board_511,17.40194089786989,1,weak_multivariate_excursion
2014-12-15 21:10:00+00:00,17.4,Docklands Library,511,58.7,94.3,-37.8195002,144.9418888,ENV,REAL_511,Real sensor series - Docklands Library - board 511,42,real_sensor_board_511,17.40155271829591,0,normal
2014-12-15 21:20:00+00:00,17.4,Docklands Library,511,57.9,94.5,-37.8195002,144.9418888,ENV,REAL_511,Real sensor series - Docklands Library - board 511,42,real_sensor_board_511,17.401242174636728,0,normal
2014-12-15 21:30:00+00:00,17.7,Docklands Library,511,57.8,94.6,-37.8195002,144.9418888,ENV,REAL_511,Real sensor series - Docklands Library - board 511,42,real_sensor_board_511,17.460993739709384,0,normal
2014-12-15 21:40:00+00:00,18.1,Docklands Library,511,57.1,94.8,-37.8195002,144.9418888,ENV,REAL_511,Real sensor series - Docklands Library - board 511,42,real_sensor_board_511,17.588794991767507,0,normal
2014-12-15 22:05:00+00:00,18.4,Docklands Library,511,57.8,95.4,-37.8195002,144.9418888,ENV,REAL_511,Real sensor series - Docklands Library - board 511,42,real_sensor_board_511,17.751035993414007,0,normal
2014-12-15 22:15:00+00:00,18.4,Docklands Library,511,57.8,95.4,-37.8195002,144.9418888,ENV,REAL_511,Real sensor series - Docklands Library - board 511,42,real_sensor_board_511,17.880828794731208,0,normal
2014-12-15 22:55:00+00:00,19.0,Docklands Library,511,55.9,95.2,-37.8195002,144.9418888,ENV,REAL_511,Real sensor series - Docklands Library - board 511,42,real_sensor_board_511,18.104663035784966,0,normal
2014-12-15 23:35:00+00:00,21.0,Docklands Library,511,51.1,97.2,-37.8195002,144.9418888,ENV,REAL_511,Real sensor series - Docklands Library - board 511,42,real_sensor_board_511,18.683730428627975,1,weak_multivariate_excursion
2014-12-15 23:45:00+00:00,25.8,Docklands Library,511,43.4,97.8,-37.8195002,144.9418888,ENV,REAL_511,Real sensor series - Docklands Library - board 511,42,real_sensor_board_511,20.10698434290238,1,weak_multivariate_excursion
2014-12-16 00:05:00+00:00,25.8,Docklands Library,511,41.0,97.9,-37.8195002,144.9418888,ENV,REAL_511,Real sensor series - Docklands Library - board 511,42,real_sensor_board_511,21.245587474321905,1,weak_multivariate_excursion
2014-12-16 00:15:00+00:00,26.5,Docklands Library,511,39.9,97.9,-37.8195002,144.9418888,ENV,REAL_511,Real sensor series - Docklands Library - board 511,42,real_sensor_board_511,22.296469979457527,0,normal
2014-12-16 00:45:00+00:00,27.7,Docklands Library,511,38.7,98.0,-37.8195002,144.9418888,ENV,REAL_511,Real sensor series - Docklands Library - board 511,42,real_sensor_board_511,23.257175983566025,0,normal
2014-12-16 00:55:00+00:00,27.1,Docklands Library,511,39.3,98.0,-37.8195002,144.9418888,ENV,REAL_511,Real sensor series - Docklands Library - board 511,42,real_sensor_board_511,24.14574078685282,1,weak_multivariate_excursion
2014-12-16 02:00:00+00:00,30.0,Docklands Library,511,31.6,98.1,-37.8195002,144.9418888,ENV,REAL_511,Real sensor series - Docklands Library - board 511,42,real_sensor_board_511,25.196592629482257,1,weak_multivariate_excursion
2014-12-16 02:30:00+00:00,31.6,Docklands Library,511,12.7,97.5,-37.8195002,144.9418888,ENV,REAL_511,Real sensor series - Docklands Library - board 511,42,real_sensor_board_511,26.037274103585805,1,weak_multivariate_excursion
2014-12-16 02:50:00+00:00,32.3,Docklands Library,511,12.2,98.4,-37.8195002,144.9418888,ENV,REAL_511,Real sensor series - Docklands Library - board 511,42,real_sensor_board_511,26.709819282868644,1,weak_multivariate_excursion
2014-12-16 03:00:00+00:00,32.3,Docklands Library,511,11.4,97.4,-37.8195002,144.9418888,ENV,REAL_511,Real sensor series - Docklands Library - board 511,42,real_sensor_board_511,27.247855426294915,1,weak_multivariate_excursion
2014-12-16 03:20:00+00:00,31.3,Docklands Library,511,12.8,97.9,-37.8195002,144.9418888,ENV,REAL_511,Real sensor series - Docklands Library - board 511,42,real_sensor_board_511,27.678284341035933,0,normal
2014-12-16 03:30:00+00:00,32.3,Docklands Library,511,13.0,97.5,-37.8195002,144.9418888,ENV,REAL_511,Real sensor series - Docklands Library - board 511,42,real_sensor_board_511,28.02262747282875,0,normal
2014-12-16 03:50:00+00:00,31.9,Docklands Library,511,11.4,98.6,-37.8195002,144.9418888,ENV,REAL_511,Real sensor series - Docklands Library - board 511,42,real_sensor_board_511,28.298101978263,0,normal
2014-12-16 04:00:00+00:00,32.6,Docklands Library,511,11.4,97.4,-37.8195002,144.9418888,ENV,REAL_511,Real sensor series - Docklands Library - board 511,42,real_sensor_board_511,28.5184815826104,0,normal
2014-12-16 04:10:00+00:00,31.9,Docklands Library,511,11.6,98.6,-37.8195002,144.9418888,ENV,REAL_511,Real sensor series - Docklands Library - board 511,42,real_sensor_board_511,28.69478526608832,0,normal
2014-12-16 04:25:00+00:00,31.3,Docklands Library,511,11.7,96.7,-37.8195002,144.9418888,ENV,REAL_511,Real sensor series - Docklands Library - board 511,42,real_sensor_board_511,28.835828212870656,0,normal
2014-12-16 04:35:00+00:00,31.3,Docklands Library,511,11.9,97.0,-37.8195002,144.9418888,ENV,REAL_511,Real sensor series - Docklands Library - board 511,42,real_sensor_board_511,28.948662570296523,0,normal
2014-12-16 04:45:00+00:00,31.0,Docklands Library,511,12.2,97.2,-37.8195002,144.9418888,ENV,REAL_511,Real sensor series - Docklands Library - board 511,42,real_sensor_board_511,29.03893005623722,0,normal
2014-12-16 04:55:00+00:00,30.3,Docklands Library,511,11.6,96.5,-37.8195002,144.9418888,ENV,REAL_511,Real sensor series - Docklands Library - board 511,42,real_sensor_board_511,29.111144044989775,0,normal
2014-12-16 05:05:00+00:00,30.3,Docklands Library,511,11.7,97.1,-37.8195002,144.9418888,ENV,REAL_511,Real sensor series - Docklands Library - board 511,42,real_sensor_board_511,29.168915235991822,0,normal
2014-12-16 05:15:00+00:00,30.0,Docklands Library,511,11.2,96.9,-37.8195002,144.9418888,ENV,REAL_511,Real sensor series - Docklands Library - board 511,42,real_sensor_board_511,29.215132188793458,0,normal
2014-12-16 05:25:00+00:00,29.4,Docklands Library,511,11.9,96.4,-37.8195002,144.9418888,ENV,REAL_511,Real sensor series - Docklands Library - board 511,42,real_sensor_board_511,29.252105751034765,0,normal
2014-12-16 05:35:00+00:00,28.7,Docklands Library,511,13.3,96.7,-37.8195002,144.9418888,ENV,REAL_511,Real sensor series - Docklands Library - board 511,42,real_sensor_board_511,29.141684600827816,1,weak_multivariate_excursion
2014-12-16 05:45:00+00:00,23.5,Docklands Library,511,34.6,96.6,-37.8195002,144.9418888,ENV,REAL_511,Real sensor series - Docklands Library - board 511,42,real_sensor_board_511,28.013347680662253,1,weak_multivariate_excursion
2014-12-16 05:55:00+00:00,22.6,Docklands Library,511,37.6,97.6,-37.8195002,144.9418888,ENV,REAL_511,Real sensor series - Docklands Library - board 511,42,real_sensor_board_511,26.930678144529804,1,weak_multivariate_excursion
2014-12-16 06:25:00+00:00,20.6,Docklands Library,511,43.1,97.1,-37.8195002,144.9418888,ENV,REAL_511,Real sensor series - Docklands Library - board 511,42,real_sensor_board_511,26.064542515623845,1,weak_multivariate_excursion
2014-12-16 06:35:00+00:00,21.0,Docklands Library,511,39.6,98.1,-37.8195002,144.9418888,ENV,REAL_511,Real sensor series - Docklands Library - board 511,42,real_sensor_board_511,25.311634012499077,1,weak_multivariate_excursion
2014-12-16 06:45:00+00:00,22.3,Docklands Library,511,33.3,98.7,-37.8195002,144.9418888,ENV,REAL_511,Real sensor series - Docklands Library - board 511,42,real_sensor_board_511,24.569307209999263,0,normal
2014-12-16 06:55:00+00:00,22.6,Docklands Library,511,31.4,98.6,-37.8195002,144.9418888,ENV,REAL_511,Real sensor series - Docklands Library - board 511,42,real_sensor_board_511,23.91544576799941,0,normal
2014-12-16 07:05:00+00:00,21.6,Docklands Library,511,35.2,96.6,-37.8195002,144.9418888,ENV,REAL_511,Real sensor series - Docklands Library - board 511,42,real_sensor_board_511,23.33235661439953,0,normal
2014-12-16 07:15:00+00:00,21.3,Docklands Library,511,36.8,98.6,-37.8195002,144.9418888,ENV,REAL_511,Real sensor series - Docklands Library - board 511,42,real_sensor_board_511,22.785885291519627,0,normal
2014-12-16 07:25:00+00:00,20.3,Docklands Library,511,35.2,97.8,-37.8195002,144.9418888,ENV,REAL_511,Real sensor series - Docklands Library - board 511,42,real_sensor_board_511,22.2887082332157,0,normal
2014-12-16 07:40:00+00:00,20.0,Docklands Library,511,34.3,97.0,-37.8195002,144.9418888,ENV,REAL_511,Real sensor series - Docklands Library - board 511,42,real_sensor_board_511,21.83096658657256,0,normal
2014-12-16 08:00:00+00:00,19.4,Docklands Library,511,35.8,96.9,-37.8195002,144.9418888,ENV,REAL_511,Real sensor series - Docklands Library - board 511,42,real_sensor_board_511,21.40477326925805,1,weak_multivariate_excursion
2014-12-16 08:10:00+00:00,17.4,Docklands Library,511,41.4,95.0,-37.8195002,144.9418888,ENV,REAL_511,Real sensor series - Docklands Library - board 511,42,real_sensor_board_511,21.00381861540644,1,weak_multivariate_excursion
2014-12-16 08:20:00+00:00,17.7,Docklands Library,511,35.1,94.7,-37.8195002,144.9418888,ENV,REAL_511,Real sensor series - Docklands Library - board 511,42,real_sensor_board_511,20.483054892325153,1,weak_multivariate_excursion
2014-12-16 08:30:00+00:00,18.1,Docklands Library,511,33.6,98.3,-37.8195002,144.9418888,ENV,REAL_511,Real sensor series - Docklands Library - board 511,42,real_sensor_board_511,20.006443913860124,0,normal
2014-12-16 08:40:00+00:00,19.7,Docklands Library,511,30.6,98.2,-37.8195002,144.9418888,ENV,REAL_511,Real sensor series - Docklands Library - board 511,42,real_sensor_board_511,19.6251551310881,0,normal
2014-12-16 09:00:00+00:00,18.4,Docklands Library,511,34.3,94.4,-37.8195002,144.9418888,ENV,REAL_511,Real sensor series - Docklands Library - board 511,42,real_sensor_board_511,19.32012410487048,0,normal
2014-12-16 09:10:00+00:00,18.1,Docklands Library,511,29.7,90.7,-37.8195002,144.9418888,ENV,REAL_511,Real sensor series - Docklands Library - board 511,42,real_sensor_board_511,18.996099283896385,0,normal
2014-12-16 09:20:00+00:00,18.1,Docklands Library,511,27.0,88.7,-37.8195002,144.9418888,ENV,REAL_511,Real sensor series - Docklands Library - board 511,42,real_sensor_board_511,18.73687942711711,0,normal
2014-12-16 09:30:00+00:00,17.7,Docklands Library,511,29.2,82.1,-37.8195002,144.9418888,ENV,REAL_511,Real sensor series - Docklands Library - board 511,42,real_sensor_board_511,18.52950354169369,1,weak_multivariate_excursion
2014-12-16 09:40:00+00:00,17.7,Docklands Library,511,31.9,67.8,-37.8195002,144.9418888,ENV,REAL_511,Real sensor series - Docklands Library - board 511,42,real_sensor_board_511,18.30360283335495,1,weak_multivariate_excursion
2014-12-16 10:00:00+00:00,16.8,Docklands Library,511,32.2,25.8,-37.8195002,144.9418888,ENV,REAL_511,Real sensor series - Docklands Library - board 511,42,real_sensor_board_511,18.00288226668396,1,weak_multivariate_excursion
2014-12-16 10:10:00+00:00,16.5,Docklands Library,511,32.7,16.0,-37.8195002,144.9418888,ENV,REAL_511,Real sensor series - Docklands Library - board 511,42,real_sensor_board_511,17.70230581334717,1,weak_multivariate_excursion
2014-12-16 10:20:00+00:00,16.5,Docklands Library,511,34.6,15.1,-37.8195002,144.9418888,ENV,REAL_511,Real sensor series - Docklands Library - board 511,42,real_sensor_board_511,17.461844650677737,0,normal
2014-12-16 10:40:00+00:00,15.8,Docklands Library,511,33.6,14.0,-37.8195002,144.9418888,ENV,REAL_511,Real sensor series - Docklands Library - board 511,42,real_sensor_board_511,17.12947572054219,0,normal
2014-12-16 10:55:00+00:00,15.8,Docklands Library,511,33.9,14.2,-37.8195002,144.9418888,ENV,REAL_511,Real sensor series - Docklands Library - board 511,42,real_sensor_board_511,16.86358057643375,0,normal
2014-12-16 11:15:00+00:00,15.5,Docklands Library,511,34.6,14.2,-37.8195002,144.9418888,ENV,REAL_511,Real sensor series - Docklands Library - board 511,42,real_sensor_board_511,16.590864461147003,0,normal
2014-12-16 11:25:00+00:00,15.2,Docklands Library,511,36.2,14.0,-37.8195002,144.9418888,ENV,REAL_511,Real sensor series - Docklands Library - board 511,42,real_sensor_board_511,16.312691568917604,0,normal
2014-12-16 11:35:00+00:00,15.2,Docklands Library,511,36.2,13.9,-37.8195002,144.9418888,ENV,REAL_511,Real sensor series - Docklands Library - board 511,42,real_sensor_board_511,16.090153255134084,0,normal
2014-12-16 11:45:00+00:00,15.2,Docklands Library,511,37.3,14.8,-37.8195002,144.9418888,ENV,REAL_511,Real sensor series - Docklands Library - board 511,42,real_sensor_board_511,15.912122604107267,0,normal
2014-12-16 11:55:00+00:00,14.8,Docklands Library,511,36.3,14.6,-37.8195002,144.9418888,ENV,REAL_511,Real sensor series - Docklands Library - board 511,42,real_sensor_board_511,15.689698083285815,0,normal
2014-12-16 12:25:00+00:00,14.8,Docklands Library,511,37.1,14.3,-37.8195002,144.9418888,ENV,REAL_511,Real sensor series - Docklands Library - board 511,42,real_sensor_board_511,15.511758466628654,0,normal
2014-12-16 12:35:00+00:00,14.5,Docklands Library,511,38.5,14.7,-37.8195002,144.9418888,ENV,REAL_511,Real sensor series - Docklands Library - board 511,42,real_sensor_board_511,15.309406773302925,0,normal
2014-12-16 12:45:00+00:00,14.5,Docklands Library,511,38.2,14.1,-37.8195002,144.9418888,ENV,REAL_511,Real sensor series - Docklands Library - board 511,42,real_sensor_board_511,15.14752541864234,0,normal
2014-12-16 12:55:00+00:00,14.2,Docklands Library,511,39.2,12.6,-37.8195002,144.9418888,ENV,REAL_511,Real sensor series - Docklands Library - board 511,42,real_sensor_board_511,14.958020334913872,0,normal
2014-12-16 13:05:00+00:00,14.2,Docklands Library,511,39.9,12.9,-37.8195002,144.9418888,ENV,REAL_511,Real sensor series - Docklands Library - board 511,42,real_sensor_board_511,14.806416267931098,0,normal
2014-12-16 13:15:00+00:00,13.9,Docklands Library,511,39.5,12.9,-37.8195002,144.9418888,ENV,REAL_511,Real sensor series - Docklands Library - board 511,42,real_sensor_board_511,14.625133014344879,0,normal
2014-12-16 13:25:00+00:00,13.9,Docklands Library,511,39.9,12.9,-37.8195002,144.9418888,ENV,REAL_511,Real sensor series - Docklands Library - board 511,42,real_sensor_board_511,14.480106411475905,0,normal
2014-12-16 13:35:00+00:00,13.9,Docklands Library,511,41.0,13.1,-37.8195002,144.9418888,ENV,REAL_511,Real sensor series - Docklands Library - board 511,42,real_sensor_board_511,14.364085129180726,0,normal
2014-12-16 13:45:00+00:00,13.9,Docklands Library,511,42.8,13.3,-37.8195002,144.9418888,ENV,REAL_511,Real sensor series - Docklands Library - board 511,42,real_sensor_board_511,14.271268103344582,0,normal
2014-12-16 14:20:00+00:00,13.9,Docklands Library,511,42.9,12.8,-37.8195002,144.9418888,ENV,REAL_511,Real sensor series - Docklands Library - board 511,42,real_sensor_board_511,14.197014482675666,0,normal
2014-12-16 14:30:00+00:00,13.9,Docklands Library,511,43.9,13.0,-37.8195002,144.9418888,ENV,REAL_511,Real sensor series - Docklands Library - board 511,42,real_sensor_board_511,14.137611586140533,0,normal
2014-12-16 14:40:00+00:00,13.2,Docklands Library,511,43.1,13.0,-37.8195002,144.9418888,ENV,REAL_511,Real sensor series - Docklands Library - board 511,42,real_sensor_board_511,13.950089268912429,0,normal
2014-12-16 14:50:00+00:00,13.2,Docklands Library,511,43.3,13.0,-37.8195002,144.9418888,ENV,REAL_511,Real sensor series - Docklands Library - board 511,42,real_sensor_board_511,13.800071415129944,0,normal
2014-12-16 15:00:00+00:00,12.9,Docklands Library,511,44.0,12.9,-37.8195002,144.9418888,ENV,REAL_511,Real sensor series - Docklands Library - board 511,42,real_sensor_board_511,13.680057132103956,0,normal
2014-12-16 15:10:00+00:00,13.2,Docklands Library,511,44.8,12.5,-37.8195002,144.9418888,ENV,REAL_511,Real sensor series - Docklands Library - board 511,42,real_sensor_board_511,13.524045705683166,0,normal
2014-12-16 15:20:00+00:00,12.9,Docklands Library,511,46.1,12.7,-37.8195002,144.9418888,ENV,REAL_511,Real sensor series - Docklands Library - board 511,42,real_sensor_board_511,13.399236564546534,0,normal
2014-12-16 15:30:00+00:00,12.9,Docklands Library,511,45.8,12.7,-37.8195002,144.9418888,ENV,REAL_511,Real sensor series - Docklands Library - board 511,42,real_sensor_board_511,13.299389251637228,0,normal
2014-12-16 15:40:00+00:00,12.6,Docklands Library,511,46.2,12.8,-37.8195002,144.9418888,ENV,REAL_511,Real sensor series - Docklands Library - board 511,42,real_sensor_board_511,13.159511401309782,0,normal
2014-12-16 15:50:00+00:00,12.6,Docklands Library,511,46.1,12.9,-37.8195002,144.9418888,ENV,REAL_511,Real sensor series - Docklands Library - board 511,42,real_sensor_board_511,13.047609121047826,0,normal
2014-12-16 16:00:00+00:00,12.6,Docklands Library,511,46.4,12.8,-37.8195002,144.9418888,ENV,REAL_511,Real sensor series - Docklands Library - board 511,42,real_sensor_board_511,12.958087296838261,0,normal
2014-12-16 16:30:00+00:00,12.6,Docklands Library,511,48.1,12.5,-37.8195002,144.9418888,ENV,REAL_511,Real sensor series - Docklands Library - board 511,42,real_sensor_board_511,12.88646983747061,0,normal
2014-12-16 16:40:00+00:00,12.6,Docklands Library,511,47.8,12.6,-37.8195002,144.9418888,ENV,REAL_511,Real sensor series - Docklands Library - board 511,42,real_sensor_board_511,12.829175869976488,0,normal
2014-12-16 16:50:00+00:00,12.3,Docklands Library,511,48.1,12.7,-37.8195002,144.9418888,ENV,REAL_511,Real sensor series - Docklands Library - board 511,42,real_sensor_board_511,12.783340695981192,0,normal
2014-12-16 17:25:00+00:00,12.6,Docklands Library,511,48.3,12.2,-37.8195002,144.9418888,ENV,REAL_511,Real sensor series - Docklands Library - board 511,42,real_sensor_board_511,12.746672556784954,0,normal
2014-12-16 17:35:00+00:00,12.3,Docklands Library,511,48.0,12.4,-37.8195002,144.9418888,ENV,REAL_511,Real sensor series - Docklands Library - board 511,42,real_sensor_board_511,12.717338045427963,0,normal
2014-12-16 17:55:00+00:00,11.9,Docklands Library,511,48.3,12.6,-37.8195002,144.9418888,ENV,REAL_511,Real sensor series - Docklands Library - board 511,42,real_sensor_board_511,12.69387043634237,0,normal
2014-12-16 18:05:00+00:00,11.9,Docklands Library,511,48.8,12.8,-37.8195002,144.9418888,ENV,REAL_511,Real sensor series - Docklands Library - board 511,42,real_sensor_board_511,12.675096349073897,1,weak_multivariate_excursion
2014-12-16 18:45:00+00:00,11.9,Docklands Library,511,48.1,61.8,-37.8195002,144.9418888,ENV,REAL_511,Real sensor series - Docklands Library - board 511,42,real_sensor_board_511,12.660077079259118,1,weak_multivariate_excursion
2014-12-16 18:55:00+00:00,11.9,Docklands Library,511,48.5,77.4,-37.8195002,144.9418888,ENV,REAL_511,Real sensor series - Docklands Library - board 511,42,real_sensor_board_511,12.648061663407294,1,weak_multivariate_excursion
2014-12-16 19:05:00+00:00,11.6,Docklands Library,511,48.5,84.6,-37.8195002,144.9418888,ENV,REAL_511,Real sensor series - Docklands Library - board 511,42,real_sensor_board_511,12.638449330725836,1,weak_multivariate_excursion
2014-12-16 19:15:00+00:00,11.9,Docklands Library,511,48.3,88.3,-37.8195002,144.9418888,ENV,REAL_511,Real sensor series - Docklands Library - board 511,42,real_sensor_board_511,12.630759464580668,0,normal
2014-12-16 19:35:00+00:00,11.9,Docklands Library,511,48.1,91.4,-37.8195002,144.9418888,ENV,REAL_511,Real sensor series - Docklands Library - board 511,42,real_sensor_board_511,12.624607571664535,0,normal
2014-12-16 19:45:00+00:00,11.9,Docklands Library,511,48.1,92.1,-37.8195002,144.9418888,ENV,REAL_511,Real sensor series - Docklands Library - board 511,42,real_sensor_board_511,12.619686057331629,0,normal
2014-12-16 20:25:00+00:00,12.6,Docklands Library,511,46.1,93.4,-37.8195002,144.9418888,ENV,REAL_511,Real sensor series - Docklands Library - board 511,42,real_sensor_board_511,12.615748845865303,0,normal
2014-12-16 20:40:00+00:00,12.6,Docklands Library,511,46.7,93.5,-37.8195002,144.9418888,ENV,REAL_511,Real sensor series - Docklands Library - board 511,42,real_sensor_board_511,12.612599076692243,0,normal
2014-12-16 20:50:00+00:00,13.2,Docklands Library,511,46.1,93.6,-37.8195002,144.9418888,ENV,REAL_511,Real sensor series - Docklands Library - board 511,42,real_sensor_board_511,12.730079261353795,0,normal
2014-12-16 21:00:00+00:00,13.5,Docklands Library,511,45.1,93.7,-37.8195002,144.9418888,ENV,REAL_511,Real sensor series - Docklands Library - board 511,42,real_sensor_board_511,12.884063409083037,0,normal
2014-12-16 21:20:00+00:00,13.9,Docklands Library,511,43.9,94.0,-37.8195002,144.9418888,ENV,REAL_511,Real sensor series - Docklands Library - board 511,42,real_sensor_board_511,13.08725072726643,0,normal
2014-12-16 21:30:00+00:00,14.2,Docklands Library,511,42.5,94.3,-37.8195002,144.9418888,ENV,REAL_511,Real sensor series - Docklands Library - board 511,42,real_sensor_board_511,13.309800581813144,0,normal
2014-12-16 22:00:00+00:00,14.8,Docklands Library,511,37.4,95.3,-37.8195002,144.9418888,ENV,REAL_511,Real sensor series - Docklands Library - board 511,42,real_sensor_board_511,13.607840465450517,0,normal
2014-12-16 22:10:00+00:00,14.8,Docklands Library,511,37.1,95.7,-37.8195002,144.9418888,ENV,REAL_511,Real sensor series - Docklands Library - board 511,42,real_sensor_board_511,13.846272372360415,0,normal
2014-12-16 22:30:00+00:00,16.1,Docklands Library,511,36.5,96.0,-37.8195002,144.9418888,ENV,REAL_511,Real sensor series - Docklands Library - board 511,42,real_sensor_board_511,14.297017897888333,0,normal
2014-12-16 22:50:00+00:00,16.5,Docklands Library,511,33.8,96.3,-37.8195002,144.9418888,ENV,REAL_511,Real sensor series - Docklands Library - board 511,42,real_sensor_board_511,14.737614318310667,0,normal
2014-12-16 23:00:00+00:00,16.5,Docklands Library,511,34.7,96.4,-37.8195002,144.9418888,ENV,REAL_511,Real sensor series - Docklands Library - board 511,42,real_sensor_board_511,15.090091454648535,0,normal
2014-12-16 23:20:00+00:00,17.1,Docklands Library,511,33.9,96.6,-37.8195002,144.9418888,ENV,REAL_511,Real sensor series - Docklands Library - board 511,42,real_sensor_board_511,15.492073163718828,0,normal
2014-12-16 23:30:00+00:00,17.7,Docklands Library,511,33.2,97.3,-37.8195002,144.9418888,ENV,REAL_511,Real sensor series - Docklands Library - board 511,42,real_sensor_board_511,15.933658530975062,1,weak_multivariate_excursion
2014-12-16 23:40:00+00:00,21.6,Docklands Library,511,31.1,97.9,-37.8195002,144.9418888,ENV,REAL_511,Real sensor series - Docklands Library - board 511,42,real_sensor_board_511,16.686926824780052,1,weak_multivariate_excursion
2014-12-17 00:15:00+00:00,21.0,Docklands Library,511,27.3,97.9,-37.8195002,144.9418888,ENV,REAL_511,Real sensor series - Docklands Library - board 511,42,real_sensor_board_511,17.54954145982404,1,weak_multivariate_excursion
2014-12-17 00:45:00+00:00,21.6,Docklands Library,511,25.4,98.0,-37.8195002,144.9418888,ENV,REAL_511,Real sensor series - Docklands Library - board 511,42,real_sensor_board_511,18.299633167859234,0,normal
2014-12-17 00:55:00+00:00,19.7,Docklands Library,511,29.1,97.1,-37.8195002,144.9418888,ENV,REAL_511,Real sensor series - Docklands Library - board 511,42,real_sensor_board_511,18.95970653428739,0,normal
2014-12-17 01:05:00+00:00,21.6,Docklands Library,511,25.7,98.1,-37.8195002,144.9418888,ENV,REAL_511,Real sensor series - Docklands Library - board 511,42,real_sensor_board_511,19.48776522742991,0,normal
2014-12-17 01:55:00+00:00,21.6,Docklands Library,511,24.8,98.1,-37.8195002,144.9418888,ENV,REAL_511,Real sensor series - Docklands Library - board 511,42,real_sensor_board_511,19.91021218194393,0,normal
2014-12-17 02:35:00+00:00,21.6,Docklands Library,511,27.2,98.1,-37.8195002,144.9418888,ENV,REAL_511,Real sensor series - Docklands Library - board 511,42,real_sensor_board_511,20.248169745555145,0,normal
2014-12-17 02:45:00+00:00,21.3,Docklands Library,511,28.0,98.1,-37.8195002,144.9418888,ENV,REAL_511,Real sensor series - Docklands Library - board 511,42,real_sensor_board_511,20.518535796444116,0,normal
2014-12-17 04:00:00+00:00,22.6,Docklands Library,511,25.7,98.3,-37.8195002,144.9418888,ENV,REAL_511,Real sensor series - Docklands Library - board 511,42,real_sensor_board_511,20.734828637155292,0,normal
2014-12-17 04:10:00+00:00,22.6,Docklands Library,511,27.2,98.3,-37.8195002,144.9418888,ENV,REAL_511,Real sensor series - Docklands Library - board 511,42,real_sensor_board_511,20.907862909724233,0,normal
2014-12-17 04:30:00+00:00,22.6,Docklands Library,511,26.2,98.4,-37.8195002,144.9418888,ENV,REAL_511,Real sensor series - Docklands Library - board 511,42,real_sensor_board_511,21.04629032777939,0,normal
2014-12-17 04:40:00+00:00,23.5,Docklands Library,511,26.5,98.4,-37.8195002,144.9418888,ENV,REAL_511,Real sensor series - Docklands Library - board 511,42,real_sensor_board_511,21.157032262223513,0,normal
2014-12-17 04:50:00+00:00,23.2,Docklands Library,511,26.2,98.4,-37.8195002,144.9418888,ENV,REAL_511,Real sensor series - Docklands Library - board 511,42,real_sensor_board_511,21.24562580977881,0,normal
2014-12-17 05:20:00+00:00,23.2,Docklands Library,511,25.0,98.5,-37.8195002,144.9418888,ENV,REAL_511,Real sensor series - Docklands Library - board 511,42,real_sensor_board_511,21.31650064782305,0,normal
2014-12-17 05:50:00+00:00,24.5,Docklands Library,511,24.5,98.5,-37.8195002,144.9418888,ENV,REAL_511,Real sensor series - Docklands Library - board 511,42,real_sensor_board_511,21.373200518258443,0,normal
2014-12-17 06:35:00+00:00,24.5,Docklands Library,511,25.4,98.6,-37.8195002,144.9418888,ENV,REAL_511,Real sensor series - Docklands Library - board 511,42,real_sensor_board_511,21.418560414606755,0,normal
2014-12-17 06:55:00+00:00,22.9,Docklands Library,511,29.5,98.5,-37.8195002,144.9418888,ENV,REAL_511,Real sensor series - Docklands Library - board 511,42,real_sensor_board_511,21.454848331685405,0,normal
2014-12-17 07:15:00+00:00,24.2,Docklands Library,511,28.4,98.5,-37.8195002,144.9418888,ENV,REAL_511,Real sensor series - Docklands Library - board 511,42,real_sensor_board_511,21.483878665348325,0,normal
2014-12-17 07:25:00+00:00,24.5,Docklands Library,511,28.9,98.6,-37.8195002,144.9418888,ENV,REAL_511,Real sensor series - Docklands Library - board 511,42,real_sensor_board_511,21.50710293227866,0,normal
2014-12-17 07:35:00+00:00,23.5,Docklands Library,511,29.7,98.5,-37.8195002,144.9418888,ENV,REAL_511,Real sensor series - Docklands Library - board 511,42,real_sensor_board_511,21.52568234582293,0,normal
2014-12-17 07:45:00+00:00,23.5,Docklands Library,511,30.2,98.5,-37.8195002,144.9418888,ENV,REAL_511,Real sensor series - Docklands Library - board 511,42,real_sensor_board_511,21.540545876658346,0,normal
2014-12-17 08:15:00+00:00,22.3,Docklands Library,511,31.4,98.4,-37.8195002,144.9418888,ENV,REAL_511,Real sensor series - Docklands Library - board 511,42,real_sensor_board_511,21.492436701326678,0,normal
2014-12-17 08:25:00+00:00,21.3,Docklands Library,511,33.5,98.1,-37.8195002,144.9418888,ENV,REAL_511,Real sensor series - Docklands Library - board 511,42,real_sensor_board_511,21.453949361061344,0,normal
2014-12-17 08:45:00+00:00,20.6,Docklands Library,511,30.8,97.9,-37.8195002,144.9418888,ENV,REAL_511,Real sensor series - Docklands Library - board 511,42,real_sensor_board_511,21.283159488849076,1,weak_multivariate_excursion
2014-12-17 09:25:00+00:00,18.1,Docklands Library,511,34.3,86.2,-37.8195002,144.9418888,ENV,REAL_511,Real sensor series - Docklands Library - board 511,42,real_sensor_board_511,20.646527591079263,1,weak_multivariate_excursion
2014-12-17 09:35:00+00:00,17.4,Docklands Library,511,34.9,76.5,-37.8195002,144.9418888,ENV,REAL_511,Real sensor series - Docklands Library - board 511,42,real_sensor_board_511,19.997222072863412,1,weak_multivariate_excursion
2014-12-17 10:20:00+00:00,16.8,Docklands Library,511,37.1,13.5,-37.8195002,144.9418888,ENV,REAL_511,Real sensor series - Docklands Library - board 511,42,real_sensor_board_511,19.35777765829073,1,weak_multivariate_excursion
2014-12-17 11:00:00+00:00,15.8,Docklands Library,511,39.6,13.6,-37.8195002,144.9418888,ENV,REAL_511,Real sensor series - Docklands Library - board 511,42,real_sensor_board_511,18.646222126632583,1,weak_multivariate_excursion
2014-12-17 11:10:00+00:00,15.5,Docklands Library,511,40.4,12.7,-37.8195002,144.9418888,ENV,REAL_511,Real sensor series - Docklands Library - board 511,42,real_sensor_board_511,18.016977701306068,0,normal
2014-12-17 11:20:00+00:00,15.5,Docklands Library,511,40.6,12.7,-37.8195002,144.9418888,ENV,REAL_511,Real sensor series - Docklands Library - board 511,42,real_sensor_board_511,17.513582161044855,0,normal
2014-12-17 12:10:00+00:00,15.2,Docklands Library,511,41.5,13.0,-37.8195002,144.9418888,ENV,REAL_511,Real sensor series - Docklands Library - board 511,42,real_sensor_board_511,17.050865728835884,0,normal
2014-12-17 12:30:00+00:00,15.2,Docklands Library,511,39.6,12.9,-37.8195002,144.9418888,ENV,REAL_511,Real sensor series - Docklands Library - board 511,42,real_sensor_board_511,16.68069258306871,0,normal
2014-12-17 12:50:00+00:00,15.2,Docklands Library,511,38.8,12.5,-37.8195002,144.9418888,ENV,REAL_511,Real sensor series - Docklands Library - board 511,42,real_sensor_board_511,16.384554066454967,0,normal
2014-12-17 13:45:00+00:00,14.8,Docklands Library,511,39.5,12.4,-37.8195002,144.9418888,ENV,REAL_511,Real sensor series - Docklands Library - board 511,42,real_sensor_board_511,16.067643253163975,0,normal
2014-12-17 14:05:00+00:00,14.5,Docklands Library,511,40.1,12.8,-37.8195002,144.9418888,ENV,REAL_511,Real sensor series - Docklands Library - board 511,42,real_sensor_board_511,15.754114602531182,0,normal
2014-12-17 14:35:00+00:00,14.2,Docklands Library,511,41.5,12.9,-37.8195002,144.9418888,ENV,REAL_511,Real sensor series - Docklands Library - board 511,42,real_sensor_board_511,15.503291682024946,0,normal
2014-12-17 15:15:00+00:00,13.9,Docklands Library,511,42.1,13.1,-37.8195002,144.9418888,ENV,REAL_511,Real sensor series - Docklands Library - board 511,42,real_sensor_board_511,15.302633345619958,0,normal
2014-12-17 15:45:00+00:00,13.5,Docklands Library,511,42.3,12.9,-37.8195002,144.9418888,ENV,REAL_511,Real sensor series - Docklands Library - board 511,42,real_sensor_board_511,15.142106676495967,0,normal
2014-12-17 16:05:00+00:00,13.2,Docklands Library,511,43.3,13.2,-37.8195002,144.9418888,ENV,REAL_511,Real sensor series - Docklands Library - board 511,42,real_sensor_board_511,15.013685341196775,0,normal
2014-12-17 16:30:00+00:00,12.6,Docklands Library,511,46.9,13.3,-37.8195002,144.9418888,ENV,REAL_511,Real sensor series - Docklands Library - board 511,42,real_sensor_board_511,14.910948272957421,0,normal
2014-12-17 17:30:00+00:00,11.9,Docklands Library,511,48.9,13.2,-37.8195002,144.9418888,ENV,REAL_511,Real sensor series - Docklands Library - board 511,42,real_sensor_board_511,14.828758618365939,0,normal
2014-12-17 18:00:00+00:00,12.3,Docklands Library,511,47.8,12.9,-37.8195002,144.9418888,ENV,REAL_511,Real sensor series - Docklands Library - board 511,42,real_sensor_board_511,14.763006894692753,1,weak_multivariate_excursion
2014-12-17 18:30:00+00:00,12.3,Docklands Library,511,46.7,23.9,-37.8195002,144.9418888,ENV,REAL_511,Real sensor series - Docklands Library - board 511,42,real_sensor_board_511,14.710405515754204,1,weak_multivariate_excursion
2014-12-17 18:40:00+00:00,12.3,Docklands Library,511,46.7,48.1,-37.8195002,144.9418888,ENV,REAL_511,Real sensor series - Docklands Library - board 511,42,real_sensor_board_511,14.668324412603363,1,weak_multivariate_excursion
2014-12-17 19:00:00+00:00,12.3,Docklands Library,511,47.0,82.5,-37.8195002,144.9418888,ENV,REAL_511,Real sensor series - Docklands Library - board 511,42,real_sensor_board_511,14.634659530082692,1,weak_multivariate_excursion
2014-12-17 19:10:00+00:00,12.3,Docklands Library,511,47.3,86.7,-37.8195002,144.9418888,ENV,REAL_511,Real sensor series - Docklands Library - board 511,42,real_sensor_board_511,14.607727624066154,1,weak_multivariate_excursion
2014-12-17 19:40:00+00:00,12.3,Docklands Library,511,47.8,92.4,-37.8195002,144.9418888,ENV,REAL_511,Real sensor series - Docklands Library - board 511,42,real_sensor_board_511,14.586182099252925,0,normal
2014-12-17 20:05:00+00:00,12.9,Docklands Library,511,46.7,93.1,-37.8195002,144.9418888,ENV,REAL_511,Real sensor series - Docklands Library - board 511,42,real_sensor_board_511,14.568945679402342,0,normal
2014-12-17 20:25:00+00:00,13.5,Docklands Library,511,45.3,93.8,-37.8195002,144.9418888,ENV,REAL_511,Real sensor series - Docklands Library - board 511,42,real_sensor_board_511,14.555156543521875,0,normal
2014-12-17 20:35:00+00:00,14.2,Docklands Library,511,45.3,94.0,-37.8195002,144.9418888,ENV,REAL_511,Real sensor series - Docklands Library - board 511,42,real_sensor_board_511,14.544125234817502,0,normal
2014-12-17 20:45:00+00:00,14.5,Docklands Library,511,43.4,94.2,-37.8195002,144.9418888,ENV,REAL_511,Real sensor series - Docklands Library - board 511,42,real_sensor_board_511,14.535300187854002,0,normal
2014-12-17 21:05:00+00:00,14.8,Docklands Library,511,42.0,94.1,-37.8195002,144.9418888,ENV,REAL_511,Real sensor series - Docklands Library - board 511,42,real_sensor_board_511,14.588240150283204,0,normal
2014-12-17 21:15:00+00:00,15.2,Docklands Library,511,41.5,94.0,-37.8195002,144.9418888,ENV,REAL_511,Real sensor series - Docklands Library - board 511,42,real_sensor_board_511,14.710592120226565,0,normal
2014-12-17 21:45:00+00:00,16.5,Docklands Library,511,37.1,94.4,-37.8195002,144.9418888,ENV,REAL_511,Real sensor series - Docklands Library - board 511,42,real_sensor_board_511,15.068473696181254,0,normal
2014-12-17 22:05:00+00:00,17.4,Docklands Library,511,35.8,95.1,-37.8195002,144.9418888,ENV,REAL_511,Real sensor series - Docklands Library - board 511,42,real_sensor_board_511,15.534778956945004,0,normal
2014-12-17 22:35:00+00:00,19.0,Docklands Library,511,30.8,94.7,-37.8195002,144.9418888,ENV,REAL_511,Real sensor series - Docklands Library - board 511,42,real_sensor_board_511,16.227823165556003,0,normal
2014-12-17 22:45:00+00:00,20.0,Docklands Library,511,28.4,95.0,-37.8195002,144.9418888,ENV,REAL_511,Real sensor series - Docklands Library - board 511,42,real_sensor_board_511,16.982258532444803,0,normal
2014-12-17 22:55:00+00:00,20.6,Docklands Library,511,28.4,95.8,-37.8195002,144.9418888,ENV,REAL_511,Real sensor series - Docklands Library - board 511,42,real_sensor_board_511,17.585806825955842,0,normal
2014-12-17 23:10:00+00:00,21.3,Docklands Library,511,26.7,96.2,-37.8195002,144.9418888,ENV,REAL_511,Real sensor series - Docklands Library - board 511,42,real_sensor_board_511,18.068645460764674,0,normal
2014-12-17 23:20:00+00:00,21.6,Docklands Library,511,26.7,96.5,-37.8195002,144.9418888,ENV,REAL_511,Real sensor series - Docklands Library - board 511,42,real_sensor_board_511,18.45491636861174,0,normal
2014-12-17 23:40:00+00:00,23.2,Docklands Library,511,26.1,97.6,-37.8195002,144.9418888,ENV,REAL_511,Real sensor series - Docklands Library - board 511,42,real_sensor_board_511,18.763933094889396,1,weak_multivariate_excursion
2014-12-17 23:50:00+00:00,24.8,Docklands Library,511,25.0,97.8,-37.8195002,144.9418888,ENV,REAL_511,Real sensor series - Docklands Library - board 511,42,real_sensor_board_511,19.011146475911517,1,weak_multivariate_excursion
2014-12-18 00:00:00+00:00,24.2,Docklands Library,511,27.2,97.9,-37.8195002,144.9418888,ENV,REAL_511,Real sensor series - Docklands Library - board 511,42,real_sensor_board_511,19.208917180729216,1,weak_multivariate_excursion
2014-12-18 01:40:00+00:00,23.5,Docklands Library,511,24.8,97.8,-37.8195002,144.9418888,ENV,REAL_511,Real sensor series - Docklands Library - board 511,42,real_sensor_board_511,19.367133744583374,0,normal
2014-12-18 02:00:00+00:00,23.9,Docklands Library,511,23.4,97.8,-37.8195002,144.9418888,ENV,REAL_511,Real sensor series - Docklands Library - board 511,42,real_sensor_board_511,19.4937069956667,0,normal
2014-12-18 02:25:00+00:00,23.9,Docklands Library,511,23.9,97.9,-37.8195002,144.9418888,ENV,REAL_511,Real sensor series - Docklands Library - board 511,42,real_sensor_board_511,19.59496559653336,0,normal
2014-12-18 02:35:00+00:00,24.2,Docklands Library,511,22.9,98.0,-37.8195002,144.9418888,ENV,REAL_511,Real sensor series - Docklands Library - board 511,42,real_sensor_board_511,19.675972477226686,0,normal
2014-12-18 03:05:00+00:00,25.2,Docklands Library,511,21.8,97.9,-37.8195002,144.9418888,ENV,REAL_511,Real sensor series - Docklands Library - board 511,42,real_sensor_board_511,19.74077798178135,0,normal
2014-12-18 03:15:00+00:00,24.2,Docklands Library,511,22.0,97.6,-37.8195002,144.9418888,ENV,REAL_511,Real sensor series - Docklands Library - board 511,42,real_sensor_board_511,19.79262238542508,0,normal
2014-12-18 03:35:00+00:00,25.2,Docklands Library,511,20.9,97.5,-37.8195002,144.9418888,ENV,REAL_511,Real sensor series - Docklands Library - board 511,42,real_sensor_board_511,19.834097908340063,0,normal
2014-12-18 03:45:00+00:00,24.2,Docklands Library,511,22.4,97.0,-37.8195002,144.9418888,ENV,REAL_511,Real sensor series - Docklands Library - board 511,42,real_sensor_board_511,19.86727832667205,0,normal
2014-12-18 03:55:00+00:00,22.6,Docklands Library,511,30.0,96.4,-37.8195002,144.9418888,ENV,REAL_511,Real sensor series - Docklands Library - board 511,42,real_sensor_board_511,19.89382266133764,1,weak_multivariate_excursion
2014-12-18 04:25:00+00:00,16.8,Docklands Library,511,47.2,93.5,-37.8195002,144.9418888,ENV,REAL_511,Real sensor series - Docklands Library - board 511,42,real_sensor_board_511,19.275058129070114,1,weak_multivariate_excursion
2014-12-18 04:35:00+00:00,16.8,Docklands Library,511,48.9,95.6,-37.8195002,144.9418888,ENV,REAL_511,Real sensor series - Docklands Library - board 511,42,real_sensor_board_511,18.78004650325609,1,weak_multivariate_excursion
2014-12-18 05:15:00+00:00,14.5,Docklands Library,511,55.9,91.3,-37.8195002,144.9418888,ENV,REAL_511,Real sensor series - Docklands Library - board 511,42,real_sensor_board_511,18.384037202604873,1,weak_multivariate_excursion
2014-12-18 05:35:00+00:00,13.9,Docklands Library,511,60.4,94.7,-37.8195002,144.9418888,ENV,REAL_511,Real sensor series - Docklands Library - board 511,42,real_sensor_board_511,18.067229762083898,1,weak_multivariate_excursion
2014-12-18 06:00:00+00:00,15.2,Docklands Library,511,54.6,92.2,-37.8195002,144.9418888,ENV,REAL_511,Real sensor series - Docklands Library - board 511,42,real_sensor_board_511,17.75378380966712,1,weak_multivariate_excursion
2014-12-18 06:30:00+00:00,16.1,Docklands Library,511,55.9,97.2,-37.8195002,144.9418888,ENV,REAL_511,Real sensor series - Docklands Library - board 511,42,real_sensor_board_511,17.423027047733697,0,normal
2014-12-18 07:10:00+00:00,16.8,Docklands Library,511,49.7,96.3,-37.8195002,144.9418888,ENV,REAL_511,Real sensor series - Docklands Library - board 511,42,real_sensor_board_511,17.158421638186958,0,normal
2014-12-18 07:30:00+00:00,16.8,Docklands Library,511,46.7,92.9,-37.8195002,144.9418888,ENV,REAL_511,Real sensor series - Docklands Library - board 511,42,real_sensor_board_511,16.946737310549565,0,normal
2014-12-18 07:40:00+00:00,16.5,Docklands Library,511,48.9,92.6,-37.8195002,144.9418888,ENV,REAL_511,Real sensor series - Docklands Library - board 511,42,real_sensor_board_511,16.777389848439654,0,normal
2014-12-18 08:00:00+00:00,15.8,Docklands Library,511,56.7,95.7,-37.8195002,144.9418888,ENV,REAL_511,Real sensor series - Docklands Library - board 511,42,real_sensor_board_511,16.581911878751725,0,normal
2014-12-18 08:10:00+00:00,16.1,Docklands Library,511,54.8,95.4,-37.8195002,144.9418888,ENV,REAL_511,Real sensor series - Docklands Library - board 511,42,real_sensor_board_511,16.425529503001382,0,normal
2014-12-18 08:30:00+00:00,16.1,Docklands Library,511,54.8,94.3,-37.8195002,144.9418888,ENV,REAL_511,Real sensor series - Docklands Library - board 511,42,real_sensor_board_511,16.300423602401107,1,weak_multivariate_excursion
2014-12-18 09:35:00+00:00,15.8,Docklands Library,511,50.3,65.2,-37.8195002,144.9418888,ENV,REAL_511,Real sensor series - Docklands Library - board 511,42,real_sensor_board_511,16.080338881920888,1,weak_multivariate_excursion
2014-12-18 10:15:00+00:00,15.8,Docklands Library,511,52.9,13.6,-37.8195002,144.9418888,ENV,REAL_511,Real sensor series - Docklands Library - board 511,42,real_sensor_board_511,15.76427110553671,1,weak_multivariate_excursion
2014-12-18 10:35:00+00:00,16.1,Docklands Library,511,50.8,13.3,-37.8195002,144.9418888,ENV,REAL_511,Real sensor series - Docklands Library - board 511,42,real_sensor_board_511,15.391416884429368,1,weak_multivariate_excursion
2014-12-18 13:30:00+00:00,13.5,Docklands Library,511,45.1,13.1,-37.8195002,144.9418888,ENV,REAL_511,Real sensor series - Docklands Library - board 511,42,real_sensor_board_511,15.013133507543497,0,normal
2014-12-18 13:50:00+00:00,13.2,Docklands Library,511,46.9,13.1,-37.8195002,144.9418888,ENV,REAL_511,Real sensor series - Docklands Library - board 511,42,real_sensor_board_511,14.650506806034798,0,normal
2014-12-18 14:10:00+00:00,12.9,Docklands Library,511,49.7,12.5,-37.8195002,144.9418888,ENV,REAL_511,Real sensor series - Docklands Library - board 511,42,real_sensor_board_511,14.30040544482784,0,normal
2014-12-18 14:20:00+00:00,12.6,Docklands Library,511,49.1,12.5,-37.8195002,144.9418888,ENV,REAL_511,Real sensor series - Docklands Library - board 511,42,real_sensor_board_511,13.960324355862273,0,normal
2014-12-18 15:30:00+00:00,12.3,Docklands Library,511,51.0,12.6,-37.8195002,144.9418888,ENV,REAL_511,Real sensor series - Docklands Library - board 511,42,real_sensor_board_511,13.68825948468982,0,normal
2014-12-18 16:05:00+00:00,11.9,Docklands Library,511,51.8,12.5,-37.8195002,144.9418888,ENV,REAL_511,Real sensor series - Docklands Library - board 511,42,real_sensor_board_511,13.470607587751855,0,normal
2014-12-18 16:35:00+00:00,11.9,Docklands Library,511,52.2,12.4,-37.8195002,144.9418888,ENV,REAL_511,Real sensor series - Docklands Library - board 511,42,real_sensor_board_511,13.296486070201485,0,normal
2014-12-18 16:55:00+00:00,11.6,Docklands Library,511,52.2,12.5,-37.8195002,144.9418888,ENV,REAL_511,Real sensor series - Docklands Library - board 511,42,real_sensor_board_511,13.157188856161188,0,normal
2014-12-18 17:45:00+00:00,11.3,Docklands Library,511,53.5,12.6,-37.8195002,144.9418888,ENV,REAL_511,Real sensor series - Docklands Library - board 511,42,real_sensor_board_511,13.04575108492895,0,normal
2014-12-18 17:55:00+00:00,11.0,Docklands Library,511,54.4,12.7,-37.8195002,144.9418888,ENV,REAL_511,Real sensor series - Docklands Library - board 511,42,real_sensor_board_511,12.95660086794316,0,normal
2014-12-18 18:15:00+00:00,11.0,Docklands Library,511,54.1,12.4,-37.8195002,144.9418888,ENV,REAL_511,Real sensor series - Docklands Library - board 511,42,real_sensor_board_511,12.88528069435453,1,weak_multivariate_excursion
2014-12-18 18:35:00+00:00,11.0,Docklands Library,511,54.8,38.0,-37.8195002,144.9418888,ENV,REAL_511,Real sensor series - Docklands Library - board 511,42,real_sensor_board_511,12.828224555483624,1,weak_multivariate_excursion
2014-12-18 18:55:00+00:00,10.6,Docklands Library,511,54.6,78.4,-37.8195002,144.9418888,ENV,REAL_511,Real sensor series - Docklands Library - board 511,42,real_sensor_board_511,12.7825796443869,1,weak_multivariate_excursion
2014-12-18 19:40:00+00:00,11.3,Docklands Library,511,54.9,91.0,-37.8195002,144.9418888,ENV,REAL_511,Real sensor series - Docklands Library - board 511,42,real_sensor_board_511,12.74606371550952,1,weak_multivariate_excursion
2014-12-18 19:50:00+00:00,11.3,Docklands Library,511,54.3,91.2,-37.8195002,144.9418888,ENV,REAL_511,Real sensor series - Docklands Library - board 511,42,real_sensor_board_511,12.716850972407617,1,weak_multivariate_excursion
2014-12-18 20:10:00+00:00,11.3,Docklands Library,511,54.3,92.4,-37.8195002,144.9418888,ENV,REAL_511,Real sensor series - Docklands Library - board 511,42,real_sensor_board_511,12.693480777926094,0,normal
2014-12-18 20:20:00+00:00,11.3,Docklands Library,511,54.8,93.2,-37.8195002,144.9418888,ENV,REAL_511,Real sensor series - Docklands Library - board 511,42,real_sensor_board_511,12.674784622340876,0,normal
2014-12-18 20:30:00+00:00,11.9,Docklands Library,511,53.2,93.5,-37.8195002,144.9418888,ENV,REAL_511,Real sensor series - Docklands Library - board 511,42,real_sensor_board_511,12.659827697872702,0,normal
2014-12-18 20:40:00+00:00,12.6,Docklands Library,511,52.2,93.5,-37.8195002,144.9418888,ENV,REAL_511,Real sensor series - Docklands Library - board 511,42,real_sensor_board_511,12.647862158298162,0,normal
2014-12-18 20:50:00+00:00,12.6,Docklands Library,511,51.4,93.7,-37.8195002,144.9418888,ENV,REAL_511,Real sensor series - Docklands Library - board 511,42,real_sensor_board_511,12.63828972663853,0,normal
2014-12-18 21:00:00+00:00,12.9,Docklands Library,511,49.7,93.8,-37.8195002,144.9418888,ENV,REAL_511,Real sensor series - Docklands Library - board 511,42,real_sensor_board_511,12.690631781310824,0,normal
2014-12-18 21:10:00+00:00,13.2,Docklands Library,511,49.4,93.9,-37.8195002,144.9418888,ENV,REAL_511,Real sensor series - Docklands Library - board 511,42,real_sensor_board_511,12.79250542504866,0,normal
2014-12-18 21:30:00+00:00,13.9,Docklands Library,511,46.2,94.6,-37.8195002,144.9418888,ENV,REAL_511,Real sensor series - Docklands Library - board 511,42,real_sensor_board_511,13.01400434003893,0,normal
2014-12-18 21:40:00+00:00,13.9,Docklands Library,511,44.2,94.8,-37.8195002,144.9418888,ENV,REAL_511,Real sensor series - Docklands Library - board 511,42,real_sensor_board_511,13.191203472031145,0,normal
2014-12-18 22:10:00+00:00,15.8,Docklands Library,511,43.6,96.8,-37.8195002,144.9418888,ENV,REAL_511,Real sensor series - Docklands Library - board 511,42,real_sensor_board_511,13.712962777624917,0,normal
2014-12-18 22:35:00+00:00,16.1,Docklands Library,511,43.6,97.3,-37.8195002,144.9418888,ENV,REAL_511,Real sensor series - Docklands Library - board 511,42,real_sensor_board_511,14.190370222099935,0,normal
2014-12-18 22:45:00+00:00,16.5,Docklands Library,511,44.8,97.0,-37.8195002,144.9418888,ENV,REAL_511,Real sensor series - Docklands Library - board 511,42,real_sensor_board_511,14.572296177679949,0,normal
2014-12-18 22:55:00+00:00,16.1,Docklands Library,511,43.9,97.0,-37.8195002,144.9418888,ENV,REAL_511,Real sensor series - Docklands Library - board 511,42,real_sensor_board_511,14.95783694214396,0,normal
2014-12-18 23:05:00+00:00,16.8,Docklands Library,511,43.6,97.3,-37.8195002,144.9418888,ENV,REAL_511,Real sensor series - Docklands Library - board 511,42,real_sensor_board_511,15.326269553715168,0,normal
2014-12-18 23:15:00+00:00,16.8,Docklands Library,511,41.5,97.3,-37.8195002,144.9418888,ENV,REAL_511,Real sensor series - Docklands Library - board 511,42,real_sensor_board_511,15.621015642972136,0,normal
2014-12-18 23:55:00+00:00,17.4,Docklands Library,511,39.9,97.7,-37.8195002,144.9418888,ENV,REAL_511,Real sensor series - Docklands Library - board 511,42,real_sensor_board_511,15.976812514377709,0,normal
2014-12-19 00:05:00+00:00,18.4,Docklands Library,511,39.3,97.8,-37.8195002,144.9418888,ENV,REAL_511,Real sensor series - Docklands Library - board 511,42,real_sensor_board_511,16.261450011502166,0,normal
2014-12-19 00:15:00+00:00,20.6,Docklands Library,511,35.7,97.8,-37.8195002,144.9418888,ENV,REAL_511,Real sensor series - Docklands Library - board 511,42,real_sensor_board_511,16.629160009201733,0,normal
2014-12-19 00:45:00+00:00,17.4,Docklands Library,511,37.9,97.3,-37.8195002,144.9418888,ENV,REAL_511,Real sensor series - Docklands Library - board 511,42,real_sensor_board_511,16.983328007361386,0,normal
2014-12-19 00:55:00+00:00,18.1,Docklands Library,511,37.7,97.5,-37.8195002,144.9418888,ENV,REAL_511,Real sensor series - Docklands Library - board 511,42,real_sensor_board_511,17.586662405889108,0,normal
2014-12-19 01:05:00+00:00,20.0,Docklands Library,511,35.8,97.4,-37.8195002,144.9418888,ENV,REAL_511,Real sensor series - Docklands Library - board 511,42,real_sensor_board_511,18.069329924711287,0,normal
2014-12-19 01:15:00+00:00,21.6,Docklands Library,511,34.1,98.1,-37.8195002,144.9418888,ENV,REAL_511,Real sensor series - Docklands Library - board 511,42,real_sensor_board_511,18.455463939769032,0,normal
2014-12-19 01:40:00+00:00,21.0,Docklands Library,511,33.6,98.0,-37.8195002,144.9418888,ENV,REAL_511,Real sensor series - Docklands Library - board 511,42,real_sensor_board_511,18.764371151815226,0,normal
2014-12-19 01:50:00+00:00,23.2,Docklands Library,511,32.2,98.4,-37.8195002,144.9418888,ENV,REAL_511,Real sensor series - Docklands Library - board 511,42,real_sensor_board_511,19.01149692145218,0,normal
2014-12-19 02:00:00+00:00,20.6,Docklands Library,511,32.2,97.9,-37.8195002,144.9418888,ENV,REAL_511,Real sensor series - Docklands Library - board 511,42,real_sensor_board_511,19.269197537161745,0,normal
2014-12-19 02:30:00+00:00,20.3,Docklands Library,511,33.3,98.2,-37.8195002,144.9418888,ENV,REAL_511,Real sensor series - Docklands Library - board 511,42,real_sensor_board_511,19.4753580297294,0,normal
2014-12-19 02:50:00+00:00,21.0,Docklands Library,511,33.8,98.1,-37.8195002,144.9418888,ENV,REAL_511,Real sensor series - Docklands Library - board 511,42,real_sensor_board_511,19.64028642378352,0,normal
2014-12-19 03:00:00+00:00,20.0,Docklands Library,511,33.0,98.1,-37.8195002,144.9418888,ENV,REAL_511,Real sensor series - Docklands Library - board 511,42,real_sensor_board_511,19.77222913902682,0,normal
2014-12-19 03:10:00+00:00,20.3,Docklands Library,511,33.0,98.2,-37.8195002,144.9418888,ENV,REAL_511,Real sensor series - Docklands Library - board 511,42,real_sensor_board_511,19.937783311221455,0,normal
2014-12-19 03:20:00+00:00,20.0,Docklands Library,511,32.7,98.4,-37.8195002,144.9418888,ENV,REAL_511,Real sensor series - Docklands Library - board 511,42,real_sensor_board_511,20.070226648977165,0,normal
2014-12-19 03:30:00+00:00,20.3,Docklands Library,511,31.6,97.6,-37.8195002,144.9418888,ENV,REAL_511,Real sensor series - Docklands Library - board 511,42,real_sensor_board_511,20.176181319181733,0,normal
2014-12-19 03:40:00+00:00,20.0,Docklands Library,511,33.0,98.2,-37.8195002,144.9418888,ENV,REAL_511,Real sensor series - Docklands Library - board 511,42,real_sensor_board_511,20.340945055345387,0,normal
2014-12-19 03:50:00+00:00,20.3,Docklands Library,511,32.8,98.3,-37.8195002,144.9418888,ENV,REAL_511,Real sensor series - Docklands Library - board 511,42,real_sensor_board_511,20.47275604427631,0,normal
2014-12-19 04:00:00+00:00,20.0,Docklands Library,511,32.5,98.3,-37.8195002,144.9418888,ENV,REAL_511,Real sensor series - Docklands Library - board 511,42,real_sensor_board_511,20.578204835421047,0,normal
2014-12-19 04:55:00+00:00,21.0,Docklands Library,511,30.0,98.5,-37.8195002,144.9418888,ENV,REAL_511,Real sensor series - Docklands Library - board 511,42,real_sensor_board_511,20.66256386833684,0,normal
2014-12-19 05:15:00+00:00,21.6,Docklands Library,511,29.8,98.5,-37.8195002,144.9418888,ENV,REAL_511,Real sensor series - Docklands Library - board 511,42,real_sensor_board_511,20.73005109466947,0,normal
2014-12-19 05:25:00+00:00,20.6,Docklands Library,511,30.8,98.5,-37.8195002,144.9418888,ENV,REAL_511,Real sensor series - Docklands Library - board 511,42,real_sensor_board_511,20.784040875735577,0,normal
2014-12-19 05:55:00+00:00,22.9,Docklands Library,511,30.5,98.6,-37.8195002,144.9418888,ENV,REAL_511,Real sensor series - Docklands Library - board 511,42,real_sensor_board_511,20.747232700588462,0,normal
2014-12-19 06:05:00+00:00,21.9,Docklands Library,511,30.3,98.6,-37.8195002,144.9418888,ENV,REAL_511,Real sensor series - Docklands Library - board 511,42,real_sensor_board_511,20.717786160470773,0,normal
2014-12-19 06:35:00+00:00,22.3,Docklands Library,511,30.3,98.6,-37.8195002,144.9418888,ENV,REAL_511,Real sensor series - Docklands Library - board 511,42,real_sensor_board_511,20.69422892837662,0,normal
2014-12-19 06:45:00+00:00,21.9,Docklands Library,511,30.2,98.6,-37.8195002,144.9418888,ENV,REAL_511,Real sensor series - Docklands Library - board 511,42,real_sensor_board_511,20.615383142701297,0,normal
2014-12-19 07:05:00+00:00,22.3,Docklands Library,511,31.9,98.6,-37.8195002,144.9418888,ENV,REAL_511,Real sensor series - Docklands Library - board 511,42,real_sensor_board_511,20.55230651416104,0,normal
2014-12-19 07:15:00+00:00,21.9,Docklands Library,511,30.5,98.6,-37.8195002,144.9418888,ENV,REAL_511,Real sensor series - Docklands Library - board 511,42,real_sensor_board_511,20.501845211328835,0,normal
2014-12-19 07:25:00+00:00,21.3,Docklands Library,511,30.8,97.2,-37.8195002,144.9418888,ENV,REAL_511,Real sensor series - Docklands Library - board 511,42,real_sensor_board_511,20.46147616906307,0,normal
2014-12-19 07:35:00+00:00,21.9,Docklands Library,511,30.8,98.6,-37.8195002,144.9418888,ENV,REAL_511,Real sensor series - Docklands Library - board 511,42,real_sensor_board_511,20.429180935250457,0,normal
2014-12-19 07:55:00+00:00,21.9,Docklands Library,511,31.1,98.5,-37.8195002,144.9418888,ENV,REAL_511,Real sensor series - Docklands Library - board 511,42,real_sensor_board_511,20.403344748200368,0,normal
2014-12-19 08:10:00+00:00,21.0,Docklands Library,511,31.9,98.5,-37.8195002,144.9418888,ENV,REAL_511,Real sensor series - Docklands Library - board 511,42,real_sensor_board_511,20.322675798560294,0,normal
2014-12-19 08:20:00+00:00,20.6,Docklands Library,511,31.9,98.4,-37.8195002,144.9418888,ENV,REAL_511,Real sensor series - Docklands Library - board 511,42,real_sensor_board_511,20.258140638848236,0,normal
2014-12-19 08:30:00+00:00,19.4,Docklands Library,511,33.6,98.3,-37.8195002,144.9418888,ENV,REAL_511,Real sensor series - Docklands Library - board 511,42,real_sensor_board_511,20.08651251107859,0,normal
2014-12-19 08:40:00+00:00,18.1,Docklands Library,511,35.5,97.0,-37.8195002,144.9418888,ENV,REAL_511,Real sensor series - Docklands Library - board 511,42,real_sensor_board_511,19.689210008862872,0,normal
2014-12-19 08:50:00+00:00,16.8,Docklands Library,511,37.3,95.9,-37.8195002,144.9418888,ENV,REAL_511,Real sensor series - Docklands Library - board 511,42,real_sensor_board_511,19.1113680070903,1,weak_multivariate_excursion
2014-12-19 10:20:00+00:00,15.8,Docklands Library,511,42.3,12.6,-37.8195002,144.9418888,ENV,REAL_511,Real sensor series - Docklands Library - board 511,42,real_sensor_board_511,18.44909440567224,1,weak_multivariate_excursion
2014-12-19 10:40:00+00:00,15.8,Docklands Library,511,41.8,12.8,-37.8195002,144.9418888,ENV,REAL_511,Real sensor series - Docklands Library - board 511,42,real_sensor_board_511,17.919275524537795,1,weak_multivariate_excursion
2014-12-19 11:00:00+00:00,15.8,Docklands Library,511,43.3,12.8,-37.8195002,144.9418888,ENV,REAL_511,Real sensor series - Docklands Library - board 511,42,real_sensor_board_511,17.495420419630236,0,normal
2014-12-19 13:15:00+00:00,15.8,Docklands Library,511,43.3,12.7,-37.8195002,144.9418888,ENV,REAL_511,Real sensor series - Docklands Library - board 511,42,real_sensor_board_511,17.15633633570419,0,normal
2014-12-19 13:35:00+00:00,15.5,Docklands Library,511,43.7,12.5,-37.8195002,144.9418888,ENV,REAL_511,Real sensor series - Docklands Library - board 511,42,real_sensor_board_511,16.82506906856335,0,normal
2014-12-19 14:05:00+00:00,15.5,Docklands Library,511,42.6,12.5,-37.8195002,144.9418888,ENV,REAL_511,Real sensor series - Docklands Library - board 511,42,real_sensor_board_511,16.56005525485068,0,normal
2014-12-19 14:15:00+00:00,15.5,Docklands Library,511,43.4,12.6,-37.8195002,144.9418888,ENV,REAL_511,Real sensor series - Docklands Library - board 511,42,real_sensor_board_511,16.348044203880548,0,normal
2014-12-19 14:25:00+00:00,14.8,Docklands Library,511,40.7,13.9,-37.8195002,144.9418888,ENV,REAL_511,Real sensor series - Docklands Library - board 511,42,real_sensor_board_511,16.03843536310444,0,normal
2014-12-19 15:10:00+00:00,13.9,Docklands Library,511,43.4,13.9,-37.8195002,144.9418888,ENV,REAL_511,Real sensor series - Docklands Library - board 511,42,real_sensor_board_511,15.610748290483553,0,normal
2014-12-19 15:20:00+00:00,13.5,Docklands Library,511,45.5,13.9,-37.8195002,144.9418888,ENV,REAL_511,Real sensor series - Docklands Library - board 511,42,real_sensor_board_511,15.188598632386842,0,normal
2014-12-19 15:40:00+00:00,13.5,Docklands Library,511,46.4,13.9,-37.8195002,144.9418888,ENV,REAL_511,Real sensor series - Docklands Library - board 511,42,real_sensor_board_511,14.850878905909475,0,normal
2014-12-19 16:10:00+00:00,13.2,Docklands Library,511,47.3,13.9,-37.8195002,144.9418888,ENV,REAL_511,Real sensor series - Docklands Library - board 511,42,real_sensor_board_511,14.580703124727581,0,normal
2014-12-19 16:20:00+00:00,13.2,Docklands Library,511,46.4,13.9,-37.8195002,144.9418888,ENV,REAL_511,Real sensor series - Docklands Library - board 511,42,real_sensor_board_511,14.364562499782064,0,normal
2014-12-19 16:30:00+00:00,12.9,Docklands Library,511,45.6,14.0,-37.8195002,144.9418888,ENV,REAL_511,Real sensor series - Docklands Library - board 511,42,real_sensor_board_511,14.191649999825653,0,normal
2014-12-19 16:40:00+00:00,12.9,Docklands Library,511,46.1,14.0,-37.8195002,144.9418888,ENV,REAL_511,Real sensor series - Docklands Library - board 511,42,real_sensor_board_511,14.053319999860523,0,normal
2014-12-19 16:50:00+00:00,12.9,Docklands Library,511,47.7,13.9,-37.8195002,144.9418888,ENV,REAL_511,Real sensor series - Docklands Library - board 511,42,real_sensor_board_511,13.94265599988842,0,normal
2014-12-19 17:00:00+00:00,12.9,Docklands Library,511,48.0,14.0,-37.8195002,144.9418888,ENV,REAL_511,Real sensor series - Docklands Library - board 511,42,real_sensor_board_511,13.854124799910736,0,normal
2014-12-19 17:10:00+00:00,12.9,Docklands Library,511,48.1,14.0,-37.8195002,144.9418888,ENV,REAL_511,Real sensor series - Docklands Library - board 511,42,real_sensor_board_511,13.783299839928588,0,normal
2014-12-19 17:50:00+00:00,12.3,Docklands Library,511,49.1,14.0,-37.8195002,144.9418888,ENV,REAL_511,Real sensor series - Docklands Library - board 511,42,real_sensor_board_511,13.726639871942872,0,normal
2014-12-19 18:05:00+00:00,12.6,Docklands Library,511,49.9,14.0,-37.8195002,144.9418888,ENV,REAL_511,Real sensor series - Docklands Library - board 511,42,real_sensor_board_511,13.681311897554298,1,weak_multivariate_excursion
2014-12-19 18:35:00+00:00,11.9,Docklands Library,511,48.8,29.5,-37.8195002,144.9418888,ENV,REAL_511,Real sensor series - Docklands Library - board 511,42,real_sensor_board_511,13.64504951804344,1,weak_multivariate_excursion
2014-12-19 19:15:00+00:00,11.9,Docklands Library,511,49.6,88.1,-37.8195002,144.9418888,ENV,REAL_511,Real sensor series - Docklands Library - board 511,42,real_sensor_board_511,13.61603961443475,1,weak_multivariate_excursion
2014-12-19 19:25:00+00:00,11.9,Docklands Library,511,49.7,90.2,-37.8195002,144.9418888,ENV,REAL_511,Real sensor series - Docklands Library - board 511,42,real_sensor_board_511,13.5928316915478,1,weak_multivariate_excursion
2014-12-19 19:35:00+00:00,11.9,Docklands Library,511,50.2,91.4,-37.8195002,144.9418888,ENV,REAL_511,Real sensor series - Docklands Library - board 511,42,real_sensor_board_511,13.574265353238243,0,normal
2014-12-19 19:45:00+00:00,11.9,Docklands Library,511,50.0,92.2,-37.8195002,144.9418888,ENV,REAL_511,Real sensor series - Docklands Library - board 511,42,real_sensor_board_511,13.559412282590596,0,normal
2014-12-19 21:05:00+00:00,13.5,Docklands Library,511,49.7,93.9,-37.8195002,144.9418888,ENV,REAL_511,Real sensor series - Docklands Library - board 511,42,real_sensor_board_511,13.547529826072477,0,normal
2014-12-19 21:15:00+00:00,13.5,Docklands Library,511,48.0,94.1,-37.8195002,144.9418888,ENV,REAL_511,Real sensor series - Docklands Library - board 511,42,real_sensor_board_511,13.538023860857983,0,normal
2014-12-19 22:10:00+00:00,15.5,Docklands Library,511,44.8,95.6,-37.8195002,144.9418888,ENV,REAL_511,Real sensor series - Docklands Library - board 511,42,real_sensor_board_511,13.930419088686387,0,normal
2014-12-19 22:20:00+00:00,15.8,Docklands Library,511,44.4,95.7,-37.8195002,144.9418888,ENV,REAL_511,Real sensor series - Docklands Library - board 511,42,real_sensor_board_511,14.30433527094911,0,normal
2014-12-19 22:40:00+00:00,16.5,Docklands Library,511,42.8,96.0,-37.8195002,144.9418888,ENV,REAL_511,Real sensor series - Docklands Library - board 511,42,real_sensor_board_511,14.74346821675929,0,normal
2014-12-19 23:00:00+00:00,17.1,Docklands Library,511,40.4,96.0,-37.8195002,144.9418888,ENV,REAL_511,Real sensor series - Docklands Library - board 511,42,real_sensor_board_511,15.214774573407432,0,normal
2014-12-19 23:10:00+00:00,17.1,Docklands Library,511,40.1,96.5,-37.8195002,144.9418888,ENV,REAL_511,Real sensor series - Docklands Library - board 511,42,real_sensor_board_511,15.591819658725946,0,normal
2014-12-19 23:20:00+00:00,17.7,Docklands Library,511,40.9,96.5,-37.8195002,144.9418888,ENV,REAL_511,Real sensor series - Docklands Library - board 511,42,real_sensor_board_511,16.01345572698076,0,normal
2014-12-19 23:50:00+00:00,19.7,Docklands Library,511,39.9,97.7,-37.8195002,144.9418888,ENV,REAL_511,Real sensor series - Docklands Library - board 511,42,real_sensor_board_511,16.350764581584606,1,weak_multivariate_excursion
2014-12-20 00:20:00+00:00,21.6,Docklands Library,511,36.9,97.9,-37.8195002,144.9418888,ENV,REAL_511,Real sensor series - Docklands Library - board 511,42,real_sensor_board_511,16.620611665267685,1,weak_multivariate_excursion
2014-12-20 01:15:00+00:00,22.9,Docklands Library,511,35.7,97.9,-37.8195002,144.9418888,ENV,REAL_511,Real sensor series - Docklands Library - board 511,42,real_sensor_board_511,16.83648933221415,1,weak_multivariate_excursion
2014-12-20 01:45:00+00:00,22.6,Docklands Library,511,36.8,98.0,-37.8195002,144.9418888,ENV,REAL_511,Real sensor series - Docklands Library - board 511,42,real_sensor_board_511,17.00919146577132,1,weak_multivariate_excursion
2014-12-20 02:05:00+00:00,21.6,Docklands Library,511,36.6,98.0,-37.8195002,144.9418888,ENV,REAL_511,Real sensor series - Docklands Library - board 511,42,real_sensor_board_511,17.147353172617056,0,normal
2014-12-20 03:25:00+00:00,22.3,Docklands Library,511,34.7,98.1,-37.8195002,144.9418888,ENV,REAL_511,Real sensor series - Docklands Library - board 511,42,real_sensor_board_511,17.257882538093646,1,weak_multivariate_excursion
2014-12-20 06:00:00+00:00,25.2,Docklands Library,511,33.2,98.6,-37.8195002,144.9418888,ENV,REAL_511,Real sensor series - Docklands Library - board 511,42,real_sensor_board_511,17.346306030474917,1,weak_multivariate_excursion
2014-12-20 06:10:00+00:00,25.2,Docklands Library,511,33.6,98.6,-37.8195002,144.9418888,ENV,REAL_511,Real sensor series - Docklands Library - board 511,42,real_sensor_board_511,17.417044824379936,1,weak_multivariate_excursion
2014-12-20 06:20:00+00:00,25.2,Docklands Library,511,34.4,98.6,-37.8195002,144.9418888,ENV,REAL_511,Real sensor series - Docklands Library - board 511,42,real_sensor_board_511,17.47363585950395,1,weak_multivariate_excursion
2014-12-20 06:40:00+00:00,24.8,Docklands Library,511,37.3,98.6,-37.8195002,144.9418888,ENV,REAL_511,Real sensor series - Docklands Library - board 511,42,real_sensor_board_511,17.51890868760316,1,weak_multivariate_excursion
2014-12-20 06:50:00+00:00,24.2,Docklands Library,511,38.0,98.6,-37.8195002,144.9418888,ENV,REAL_511,Real sensor series - Docklands Library - board 511,42,real_sensor_board_511,17.55512695008253,1,weak_multivariate_excursion
2014-12-20 08:05:00+00:00,22.9,Docklands Library,511,40.4,98.5,-37.8195002,144.9418888,ENV,REAL_511,Real sensor series - Docklands Library - board 511,42,real_sensor_board_511,17.584101560066024,1,weak_multivariate_excursion
2014-12-20 09:15:00+00:00,18.4,Docklands Library,511,49.7,92.0,-37.8195002,144.9418888,ENV,REAL_511,Real sensor series - Docklands Library - board 511,42,real_sensor_board_511,17.60728124805282,1,weak_multivariate_excursion
2014-12-20 09:45:00+00:00,17.7,Docklands Library,511,51.9,67.9,-37.8195002,144.9418888,ENV,REAL_511,Real sensor series - Docklands Library - board 511,42,real_sensor_board_511,17.62582499844226,1,weak_multivariate_excursion
2014-12-20 10:05:00+00:00,17.7,Docklands Library,511,51.3,20.1,-37.8195002,144.9418888,ENV,REAL_511,Real sensor series - Docklands Library - board 511,42,real_sensor_board_511,17.640659998753808,1,weak_multivariate_excursion
2014-12-20 12:10:00+00:00,16.5,Docklands Library,511,51.0,12.9,-37.8195002,144.9418888,ENV,REAL_511,Real sensor series - Docklands Library - board 511,42,real_sensor_board_511,17.412527999003046,1,weak_multivariate_excursion
2014-12-20 12:20:00+00:00,16.5,Docklands Library,511,51.1,13.0,-37.8195002,144.9418888,ENV,REAL_511,Real sensor series - Docklands Library - board 511,42,real_sensor_board_511,17.230022399202436,0,normal
2014-12-20 13:50:00+00:00,15.8,Docklands Library,511,55.1,13.0,-37.8195002,144.9418888,ENV,REAL_511,Real sensor series - Docklands Library - board 511,42,real_sensor_board_511,16.94401791936195,0,normal
2014-12-20 14:35:00+00:00,15.5,Docklands Library,511,54.9,13.1,-37.8195002,144.9418888,ENV,REAL_511,Real sensor series - Docklands Library - board 511,42,real_sensor_board_511,16.715214335489563,0,normal
2014-12-20 16:05:00+00:00,15.2,Docklands Library,511,57.1,13.0,-37.8195002,144.9418888,ENV,REAL_511,Real sensor series - Docklands Library - board 511,42,real_sensor_board_511,16.532171468391653,0,normal
2014-12-20 16:25:00+00:00,14.8,Docklands Library,511,57.4,13.0,-37.8195002,144.9418888,ENV,REAL_511,Real sensor series - Docklands Library - board 511,42,real_sensor_board_511,16.385737174713324,0,normal
2014-12-20 16:35:00+00:00,14.8,Docklands Library,511,57.6,13.0,-37.8195002,144.9418888,ENV,REAL_511,Real sensor series - Docklands Library - board 511,42,real_sensor_board_511,16.26858973977066,0,normal
2014-12-20 17:05:00+00:00,14.5,Docklands Library,511,59.0,13.0,-37.8195002,144.9418888,ENV,REAL_511,Real sensor series - Docklands Library - board 511,42,real_sensor_board_511,16.17487179181653,0,normal
2014-12-20 17:40:00+00:00,13.9,Docklands Library,511,59.0,13.0,-37.8195002,144.9418888,ENV,REAL_511,Real sensor series - Docklands Library - board 511,42,real_sensor_board_511,16.099897433453222,0,normal
2014-12-20 17:50:00+00:00,13.9,Docklands Library,511,59.0,13.0,-37.8195002,144.9418888,ENV,REAL_511,Real sensor series - Docklands Library - board 511,42,real_sensor_board_511,16.03991794676258,0,normal
2014-12-20 18:20:00+00:00,13.5,Docklands Library,511,59.0,14.5,-37.8195002,144.9418888,ENV,REAL_511,Real sensor series - Docklands Library - board 511,42,real_sensor_board_511,15.991934357410063,1,weak_multivariate_excursion
2014-12-20 18:50:00+00:00,13.5,Docklands Library,511,60.0,70.7,-37.8195002,144.9418888,ENV,REAL_511,Real sensor series - Docklands Library - board 511,42,real_sensor_board_511,15.953547485928052,1,weak_multivariate_excursion
2014-12-20 19:00:00+00:00,13.9,Docklands Library,511,59.3,82.4,-37.8195002,144.9418888,ENV,REAL_511,Real sensor series - Docklands Library - board 511,42,real_sensor_board_511,15.922837988742442,1,weak_multivariate_excursion
2014-12-20 19:20:00+00:00,13.9,Docklands Library,511,59.2,89.6,-37.8195002,144.9418888,ENV,REAL_511,Real sensor series - Docklands Library - board 511,42,real_sensor_board_511,15.898270390993954,1,weak_multivariate_excursion
2014-12-20 19:30:00+00:00,13.9,Docklands Library,511,59.0,91.0,-37.8195002,144.9418888,ENV,REAL_511,Real sensor series - Docklands Library - board 511,42,real_sensor_board_511,15.878616312795163,0,normal
2014-12-20 19:50:00+00:00,13.9,Docklands Library,511,58.9,92.4,-37.8195002,144.9418888,ENV,REAL_511,Real sensor series - Docklands Library - board 511,42,real_sensor_board_511,15.862893050236131,0,normal
2014-12-20 20:10:00+00:00,14.5,Docklands Library,511,58.1,93.1,-37.8195002,144.9418888,ENV,REAL_511,Real sensor series - Docklands Library - board 511,42,real_sensor_board_511,15.850314440188907,0,normal
2014-12-20 20:55:00+00:00,15.5,Docklands Library,511,55.9,93.7,-37.8195002,144.9418888,ENV,REAL_511,Real sensor series - Docklands Library - board 511,42,real_sensor_board_511,15.840251552151127,0,normal
2014-12-20 21:25:00+00:00,15.8,Docklands Library,511,54.4,94.1,-37.8195002,144.9418888,ENV,REAL_511,Real sensor series - Docklands Library - board 511,42,real_sensor_board_511,15.832201241720902,0,normal
2014-12-20 22:15:00+00:00,18.1,Docklands Library,511,48.6,95.2,-37.8195002,144.9418888,ENV,REAL_511,Real sensor series - Docklands Library - board 511,42,real_sensor_board_511,16.285760993376723,0,normal
2014-12-20 22:25:00+00:00,18.4,Docklands Library,511,48.6,94.8,-37.8195002,144.9418888,ENV,REAL_511,Real sensor series - Docklands Library - board 511,42,real_sensor_board_511,16.708608794701377,0,normal
2014-12-20 22:35:00+00:00,18.7,Docklands Library,511,48.0,94.7,-37.8195002,144.9418888,ENV,REAL_511,Real sensor series - Docklands Library - board 511,42,real_sensor_board_511,17.106887035761105,0,normal
2014-12-20 23:25:00+00:00,20.6,Docklands Library,511,45.5,95.8,-37.8195002,144.9418888,ENV,REAL_511,Real sensor series - Docklands Library - board 511,42,real_sensor_board_511,17.805509628608885,1,weak_multivariate_excursion
2014-12-21 00:20:00+00:00,27.4,Docklands Library,511,37.6,97.8,-37.8195002,144.9418888,ENV,REAL_511,Real sensor series - Docklands Library - board 511,42,real_sensor_board_511,18.36440770288711,1,weak_multivariate_excursion
2014-12-21 00:30:00+00:00,27.7,Docklands Library,511,37.6,97.9,-37.8195002,144.9418888,ENV,REAL_511,Real sensor series - Docklands Library - board 511,42,real_sensor_board_511,18.81152616230969,1,weak_multivariate_excursion
2014-12-21 00:40:00+00:00,28.1,Docklands Library,511,38.2,97.9,-37.8195002,144.9418888,ENV,REAL_511,Real sensor series - Docklands Library - board 511,42,real_sensor_board_511,19.169220929847754,1,weak_multivariate_excursion
2014-12-21 00:50:00+00:00,28.1,Docklands Library,511,37.3,97.9,-37.8195002,144.9418888,ENV,REAL_511,Real sensor series - Docklands Library - board 511,42,real_sensor_board_511,19.455376743878205,1,weak_multivariate_excursion
2014-12-21 01:10:00+00:00,30.0,Docklands Library,511,35.8,98.0,-37.8195002,144.9418888,ENV,REAL_511,Real sensor series - Docklands Library - board 511,42,real_sensor_board_511,19.684301395102565,1,weak_multivariate_excursion
2014-12-21 02:00:00+00:00,27.7,Docklands Library,511,39.8,98.1,-37.8195002,144.9418888,ENV,REAL_511,Real sensor series - Docklands Library - board 511,42,real_sensor_board_511,19.867441116082052,1,weak_multivariate_excursion
2014-12-21 04:45:00+00:00,34.2,Docklands Library,511,22.9,98.4,-37.8195002,144.9418888,ENV,REAL_511,Real sensor series - Docklands Library - board 511,42,real_sensor_board_511,20.013952892865642,1,weak_multivariate_excursion
2014-12-21 05:25:00+00:00,34.8,Docklands Library,511,21.5,98.6,-37.8195002,144.9418888,ENV,REAL_511,Real sensor series - Docklands Library - board 511,42,real_sensor_board_511,20.131162314292517,1,weak_multivariate_excursion
2014-12-21 07:00:00+00:00,26.8,Docklands Library,511,41.0,97.3,-37.8195002,144.9418888,ENV,REAL_511,Real sensor series - Docklands Library - board 511,42,real_sensor_board_511,20.224929851434016,1,weak_multivariate_excursion
2014-12-21 07:20:00+00:00,27.4,Docklands Library,511,42.5,97.3,-37.8195002,144.9418888,ENV,REAL_511,Real sensor series - Docklands Library - board 511,42,real_sensor_board_511,20.299943881147215,1,weak_multivariate_excursion
2014-12-21 07:50:00+00:00,27.1,Docklands Library,511,39.2,97.1,-37.8195002,144.9418888,ENV,REAL_511,Real sensor series - Docklands Library - board 511,42,real_sensor_board_511,20.359955104917773,1,weak_multivariate_excursion
2014-12-21 10:05:00+00:00,23.2,Docklands Library,511,46.6,24.2,-37.8195002,144.9418888,ENV,REAL_511,Real sensor series - Docklands Library - board 511,42,real_sensor_board_511,20.40796408393422,1,weak_multivariate_excursion
2014-12-21 10:25:00+00:00,21.9,Docklands Library,511,50.5,13.4,-37.8195002,144.9418888,ENV,REAL_511,Real sensor series - Docklands Library - board 511,42,real_sensor_board_511,20.446371267147377,1,weak_multivariate_excursion
2014-12-21 10:55:00+00:00,21.6,Docklands Library,511,52.6,12.6,-37.8195002,144.9418888,ENV,REAL_511,Real sensor series - Docklands Library - board 511,42,real_sensor_board_511,20.477097013717902,1,weak_multivariate_excursion
2014-12-21 11:25:00+00:00,21.0,Docklands Library,511,51.8,13.0,-37.8195002,144.9418888,ENV,REAL_511,Real sensor series - Docklands Library - board 511,42,real_sensor_board_511,20.58167761097432,0,normal
2014-12-21 12:25:00+00:00,19.4,Docklands Library,511,58.4,12.5,-37.8195002,144.9418888,ENV,REAL_511,Real sensor series - Docklands Library - board 511,42,real_sensor_board_511,20.665342088779457,0,normal
2014-12-21 12:45:00+00:00,19.0,Docklands Library,511,58.4,12.8,-37.8195002,144.9418888,ENV,REAL_511,Real sensor series - Docklands Library - board 511,42,real_sensor_board_511,20.732273671023567,0,normal
2014-12-21 12:55:00+00:00,19.0,Docklands Library,511,58.2,11.0,-37.8195002,144.9418888,ENV,REAL_511,Real sensor series - Docklands Library - board 511,42,real_sensor_board_511,20.785818936818853,0,normal
2014-12-21 13:30:00+00:00,18.7,Docklands Library,511,59.6,11.6,-37.8195002,144.9418888,ENV,REAL_511,Real sensor series - Docklands Library - board 511,42,real_sensor_board_511,20.82865514945508,0,normal
2014-12-21 13:50:00+00:00,18.4,Docklands Library,511,61.5,12.1,-37.8195002,144.9418888,ENV,REAL_511,Real sensor series - Docklands Library - board 511,42,real_sensor_board_511,20.862924119564063,0,normal
2014-12-21 18:25:00+00:00,17.1,Docklands Library,511,61.4,13.9,-37.8195002,144.9418888,ENV,REAL_511,Real sensor series - Docklands Library - board 511,42,real_sensor_board_511,20.890339295651252,1,weak_multivariate_excursion
2014-12-21 18:55:00+00:00,17.1,Docklands Library,511,61.2,64.4,-37.8195002,144.9418888,ENV,REAL_511,Real sensor series - Docklands Library - board 511,42,real_sensor_board_511,20.912271436521003,1,weak_multivariate_excursion
2014-12-21 20:10:00+00:00,18.1,Docklands Library,511,58.4,90.5,-37.8195002,144.9418888,ENV,REAL_511,Real sensor series - Docklands Library - board 511,42,real_sensor_board_511,20.929817149216802,1,weak_multivariate_excursion
2014-12-21 20:20:00+00:00,18.1,Docklands Library,511,58.1,91.1,-37.8195002,144.9418888,ENV,REAL_511,Real sensor series - Docklands Library - board 511,42,real_sensor_board_511,20.943853719373443,1,weak_multivariate_excursion
2014-12-21 20:30:00+00:00,18.1,Docklands Library,511,58.4,92.4,-37.8195002,144.9418888,ENV,REAL_511,Real sensor series - Docklands Library - board 511,42,real_sensor_board_511,20.955082975498755,0,normal
2014-12-21 20:40:00+00:00,18.4,Docklands Library,511,58.2,93.6,-37.8195002,144.9418888,ENV,REAL_511,Real sensor series - Docklands Library - board 511,42,real_sensor_board_511,20.964066380399004,0,normal
2014-12-21 20:50:00+00:00,18.7,Docklands Library,511,57.9,94.5,-37.8195002,144.9418888,ENV,REAL_511,Real sensor series - Docklands Library - board 511,42,real_sensor_board_511,20.971253104319203,0,normal
2014-12-21 21:30:00+00:00,19.7,Docklands Library,511,54.8,95.7,-37.8195002,144.9418888,ENV,REAL_511,Real sensor series - Docklands Library - board 511,42,real_sensor_board_511,20.97700248345536,0,normal
2014-12-21 21:40:00+00:00,20.0,Docklands Library,511,54.8,96.3,-37.8195002,144.9418888,ENV,REAL_511,Real sensor series - Docklands Library - board 511,42,real_sensor_board_511,20.98160198676429,0,normal
2014-12-21 21:50:00+00:00,21.0,Docklands Library,511,53.2,96.8,-37.8195002,144.9418888,ENV,REAL_511,Real sensor series - Docklands Library - board 511,42,real_sensor_board_511,20.985281589411432,0,normal
2014-12-21 22:20:00+00:00,20.6,Docklands Library,511,53.5,96.9,-37.8195002,144.9418888,ENV,REAL_511,Real sensor series - Docklands Library - board 511,42,real_sensor_board_511,20.988225271529146,0,normal
2014-12-21 22:40:00+00:00,21.0,Docklands Library,511,52.7,96.9,-37.8195002,144.9418888,ENV,REAL_511,Real sensor series - Docklands Library - board 511,42,real_sensor_board_511,20.990580217223318,0,normal
2014-12-21 23:10:00+00:00,21.6,Docklands Library,511,51.6,97.3,-37.8195002,144.9418888,ENV,REAL_511,Real sensor series - Docklands Library - board 511,42,real_sensor_board_511,21.112464173778655,0,normal
2014-12-21 23:35:00+00:00,21.6,Docklands Library,511,51.3,97.4,-37.8195002,144.9418888,ENV,REAL_511,Real sensor series - Docklands Library - board 511,42,real_sensor_board_511,21.209971339022925,0,normal
2014-12-21 23:45:00+00:00,22.3,Docklands Library,511,50.7,97.8,-37.8195002,144.9418888,ENV,REAL_511,Real sensor series - Docklands Library - board 511,42,real_sensor_board_511,21.347977071218338,0,normal
2014-12-21 23:55:00+00:00,24.5,Docklands Library,511,47.3,98.0,-37.8195002,144.9418888,ENV,REAL_511,Real sensor series - Docklands Library - board 511,42,real_sensor_board_511,21.45838165697467,0,normal
2014-12-22 00:25:00+00:00,24.5,Docklands Library,511,47.5,98.1,-37.8195002,144.9418888,ENV,REAL_511,Real sensor series - Docklands Library - board 511,42,real_sensor_board_511,21.546705325579737,0,normal
2014-12-22 01:25:00+00:00,24.5,Docklands Library,511,48.9,98.2,-37.8195002,144.9418888,ENV,REAL_511,Real sensor series - Docklands Library - board 511,42,real_sensor_board_511,21.617364260463788,0,normal
2014-12-22 02:50:00+00:00,24.8,Docklands Library,511,48.6,97.9,-37.8195002,144.9418888,ENV,REAL_511,Real sensor series - Docklands Library - board 511,42,real_sensor_board_511,21.753891408371032,0,normal
2014-12-22 03:10:00+00:00,23.9,Docklands Library,511,50.0,97.9,-37.8195002,144.9418888,ENV,REAL_511,Real sensor series - Docklands Library - board 511,42,real_sensor_board_511,21.863113126696827,0,normal
2014-12-22 03:30:00+00:00,24.2,Docklands Library,511,50.0,97.8,-37.8195002,144.9418888,ENV,REAL_511,Real sensor series - Docklands Library - board 511,42,real_sensor_board_511,21.950490501357464,0,normal
2014-12-22 03:50:00+00:00,24.5,Docklands Library,511,49.9,97.3,-37.8195002,144.9418888,ENV,REAL_511,Real sensor series - Docklands Library - board 511,42,real_sensor_board_511,22.020392401085974,0,normal
2014-12-22 04:40:00+00:00,24.2,Docklands Library,511,49.6,97.5,-37.8195002,144.9418888,ENV,REAL_511,Real sensor series - Docklands Library - board 511,42,real_sensor_board_511,22.07631392086878,0,normal
2014-12-22 06:35:00+00:00,22.6,Docklands Library,511,52.9,95.5,-37.8195002,144.9418888,ENV,REAL_511,Real sensor series - Docklands Library - board 511,42,real_sensor_board_511,22.121051136695026,0,normal
2014-12-22 06:45:00+00:00,22.6,Docklands Library,511,53.0,94.7,-37.8195002,144.9418888,ENV,REAL_511,Real sensor series - Docklands Library - board 511,42,real_sensor_board_511,22.156840909356024,0,normal
2014-12-22 07:15:00+00:00,22.6,Docklands Library,511,52.6,94.9,-37.8195002,144.9418888,ENV,REAL_511,Real sensor series - Docklands Library - board 511,42,real_sensor_board_511,22.18547272748482,0,normal
2014-12-22 07:45:00+00:00,22.3,Docklands Library,511,52.6,93.5,-37.8195002,144.9418888,ENV,REAL_511,Real sensor series - Docklands Library - board 511,42,real_sensor_board_511,22.208378181987857,0,normal
2014-12-22 08:05:00+00:00,21.9,Docklands Library,511,53.8,89.6,-37.8195002,144.9418888,ENV,REAL_511,Real sensor series - Docklands Library - board 511,42,real_sensor_board_511,22.22670254559029,0,normal
2014-12-22 08:35:00+00:00,21.9,Docklands Library,511,54.1,84.9,-37.8195002,144.9418888,ENV,REAL_511,Real sensor series - Docklands Library - board 511,42,real_sensor_board_511,22.241362036472232,0,normal
2014-12-22 08:45:00+00:00,21.9,Docklands Library,511,53.8,83.3,-37.8195002,144.9418888,ENV,REAL_511,Real sensor series - Docklands Library - board 511,42,real_sensor_board_511,22.253089629177786,0,normal
2014-12-22 08:55:00+00:00,21.9,Docklands Library,511,53.5,81.0,-37.8195002,144.9418888,ENV,REAL_511,Real sensor series - Docklands Library - board 511,42,real_sensor_board_511,22.262471703342232,1,weak_multivariate_excursion
2014-12-22 10:10:00+00:00,22.3,Docklands Library,511,53.5,12.5,-37.8195002,144.9418888,ENV,REAL_511,Real sensor series - Docklands Library - board 511,42,real_sensor_board_511,22.26997736267379,1,weak_multivariate_excursion
2014-12-22 11:00:00+00:00,22.9,Docklands Library,511,52.2,11.5,-37.8195002,144.9418888,ENV,REAL_511,Real sensor series - Docklands Library - board 511,42,real_sensor_board_511,22.275981890139033,1,weak_multivariate_excursion
2014-12-22 11:20:00+00:00,23.2,Docklands Library,511,51.4,11.5,-37.8195002,144.9418888,ENV,REAL_511,Real sensor series - Docklands Library - board 511,42,real_sensor_board_511,22.280785512111226,0,normal
2014-12-22 13:05:00+00:00,24.8,Docklands Library,511,44.4,11.0,-37.8195002,144.9418888,ENV,REAL_511,Real sensor series - Docklands Library - board 511,42,real_sensor_board_511,22.20462840968898,0,normal
2014-12-22 13:35:00+00:00,23.5,Docklands Library,511,51.8,11.0,-37.8195002,144.9418888,ENV,REAL_511,Real sensor series - Docklands Library - board 511,42,real_sensor_board_511,22.143702727751183,0,normal
2014-12-22 14:05:00+00:00,22.3,Docklands Library,511,58.5,10.5,-37.8195002,144.9418888,ENV,REAL_511,Real sensor series - Docklands Library - board 511,42,real_sensor_board_511,22.094962182200945,0,normal
2014-12-22 14:15:00+00:00,22.3,Docklands Library,511,57.9,10.7,-37.8195002,144.9418888,ENV,REAL_511,Real sensor series - Docklands Library - board 511,42,real_sensor_board_511,22.055969745760756,0,normal
2014-12-22 14:25:00+00:00,21.6,Docklands Library,511,61.4,9.4,-37.8195002,144.9418888,ENV,REAL_511,Real sensor series - Docklands Library - board 511,42,real_sensor_board_511,21.964775796608606,0,normal
2014-12-22 14:35:00+00:00,21.3,Docklands Library,511,62.3,9.6,-37.8195002,144.9418888,ENV,REAL_511,Real sensor series - Docklands Library - board 511,42,real_sensor_board_511,21.891820637286887,0,normal
2014-12-22 14:45:00+00:00,21.6,Docklands Library,511,61.1,9.4,-37.8195002,144.9418888,ENV,REAL_511,Real sensor series - Docklands Library - board 511,42,real_sensor_board_511,21.83345650982951,0,normal
2014-12-22 14:55:00+00:00,21.3,Docklands Library,511,61.4,9.4,-37.8195002,144.9418888,ENV,REAL_511,Real sensor series - Docklands Library - board 511,42,real_sensor_board_511,21.72676520786361,0,normal
2014-12-22 15:05:00+00:00,21.3,Docklands Library,511,60.8,9.3,-37.8195002,144.9418888,ENV,REAL_511,Real sensor series - Docklands Library - board 511,42,real_sensor_board_511,21.64141216629089,0,normal
2014-12-22 15:15:00+00:00,21.3,Docklands Library,511,61.4,9.3,-37.8195002,144.9418888,ENV,REAL_511,Real sensor series - Docklands Library - board 511,42,real_sensor_board_511,21.573129733032715,0,normal
2014-12-22 15:25:00+00:00,21.6,Docklands Library,511,57.3,9.3,-37.8195002,144.9418888,ENV,REAL_511,Real sensor series - Docklands Library - board 511,42,real_sensor_board_511,21.518503786426173,0,normal
2014-12-22 15:35:00+00:00,21.3,Docklands Library,511,58.1,9.3,-37.8195002,144.9418888,ENV,REAL_511,Real sensor series - Docklands Library - board 511,42,real_sensor_board_511,21.47480302914094,0,normal
2014-12-22 16:00:00+00:00,21.3,Docklands Library,511,57.3,9.2,-37.8195002,144.9418888,ENV,REAL_511,Real sensor series - Docklands Library - board 511,42,real_sensor_board_511,21.439842423312754,0,normal
2014-12-22 16:20:00+00:00,21.3,Docklands Library,511,57.3,9.2,-37.8195002,144.9418888,ENV,REAL_511,Real sensor series - Docklands Library - board 511,42,real_sensor_board_511,21.411873938650206,0,normal
2014-12-22 16:50:00+00:00,21.3,Docklands Library,511,61.1,9.4,-37.8195002,144.9418888,ENV,REAL_511,Real sensor series - Docklands Library - board 511,42,real_sensor_board_511,21.389499150920166,0,normal
2014-12-22 17:00:00+00:00,21.3,Docklands Library,511,61.2,9.3,-37.8195002,144.9418888,ENV,REAL_511,Real sensor series - Docklands Library - board 511,42,real_sensor_board_511,21.371599320736134,0,normal
2014-12-22 17:10:00+00:00,21.3,Docklands Library,511,62.8,9.3,-37.8195002,144.9418888,ENV,REAL_511,Real sensor series - Docklands Library - board 511,42,real_sensor_board_511,21.35727945658891,0,normal
2014-12-22 17:20:00+00:00,21.0,Docklands Library,511,62.2,9.3,-37.8195002,144.9418888,ENV,REAL_511,Real sensor series - Docklands Library - board 511,42,real_sensor_board_511,21.34582356527113,0,normal
2014-12-22 17:30:00+00:00,21.0,Docklands Library,511,62.8,9.3,-37.8195002,144.9418888,ENV,REAL_511,Real sensor series - Docklands Library - board 511,42,real_sensor_board_511,21.336658852216907,0,normal
2014-12-22 17:50:00+00:00,21.0,Docklands Library,511,64.2,9.4,-37.8195002,144.9418888,ENV,REAL_511,Real sensor series - Docklands Library - board 511,42,real_sensor_board_511,21.329327081773528,0,normal
2014-12-22 18:00:00+00:00,20.6,Docklands Library,511,63.0,9.5,-37.8195002,144.9418888,ENV,REAL_511,Real sensor series - Docklands Library - board 511,42,real_sensor_board_511,21.323461665418826,0,normal
2014-12-22 18:10:00+00:00,20.6,Docklands Library,511,63.1,9.4,-37.8195002,144.9418888,ENV,REAL_511,Real sensor series - Docklands Library - board 511,42,real_sensor_board_511,21.318769332335062,0,normal
2014-12-22 18:30:00+00:00,21.0,Docklands Library,511,59.6,10.4,-37.8195002,144.9418888,ENV,REAL_511,Real sensor series - Docklands Library - board 511,42,real_sensor_board_511,21.31501546586805,0,normal
2014-12-22 18:40:00+00:00,21.0,Docklands Library,511,60.0,17.1,-37.8195002,144.9418888,ENV,REAL_511,Real sensor series - Docklands Library - board 511,42,real_sensor_board_511,21.312012372694443,1,weak_multivariate_excursion
2014-12-22 19:25:00+00:00,21.3,Docklands Library,511,56.7,83.1,-37.8195002,144.9418888,ENV,REAL_511,Real sensor series - Docklands Library - board 511,42,real_sensor_board_511,21.309609898155557,1,weak_multivariate_excursion
2014-12-22 19:35:00+00:00,21.3,Docklands Library,511,55.7,86.7,-37.8195002,144.9418888,ENV,REAL_511,Real sensor series - Docklands Library - board 511,42,real_sensor_board_511,21.367687918524446,1,weak_multivariate_excursion
2014-12-22 19:45:00+00:00,21.6,Docklands Library,511,54.4,91.6,-37.8195002,144.9418888,ENV,REAL_511,Real sensor series - Docklands Library - board 511,42,real_sensor_board_511,21.414150334819556,0,normal
2014-12-22 19:55:00+00:00,21.6,Docklands Library,511,54.3,92.7,-37.8195002,144.9418888,ENV,REAL_511,Real sensor series - Docklands Library - board 511,42,real_sensor_board_511,21.451320267855646,0,normal
2014-12-22 20:05:00+00:00,21.9,Docklands Library,511,52.9,92.7,-37.8195002,144.9418888,ENV,REAL_511,Real sensor series - Docklands Library - board 511,42,real_sensor_board_511,21.541056214284517,0,normal
2014-12-22 20:15:00+00:00,22.3,Docklands Library,511,51.3,93.5,-37.8195002,144.9418888,ENV,REAL_511,Real sensor series - Docklands Library - board 511,42,real_sensor_board_511,21.692844971427615,0,normal
2014-12-22 20:25:00+00:00,22.3,Docklands Library,511,51.6,93.1,-37.8195002,144.9418888,ENV,REAL_511,Real sensor series - Docklands Library - board 511,42,real_sensor_board_511,21.814275977142092,0,normal
2014-12-22 20:35:00+00:00,22.3,Docklands Library,511,52.1,91.4,-37.8195002,144.9418888,ENV,REAL_511,Real sensor series - Docklands Library - board 511,42,real_sensor_board_511,21.911420781713677,0,normal
2014-12-22 20:55:00+00:00,22.3,Docklands Library,511,50.8,91.8,-37.8195002,144.9418888,ENV,REAL_511,Real sensor series - Docklands Library - board 511,42,real_sensor_board_511,21.989136625370943,0,normal
2014-12-22 21:05:00+00:00,22.3,Docklands Library,511,50.8,93.4,-37.8195002,144.9418888,ENV,REAL_511,Real sensor series - Docklands Library - board 511,42,real_sensor_board_511,22.051309300296754,0,normal
2014-12-22 21:15:00+00:00,22.6,Docklands Library,511,50.7,93.5,-37.8195002,144.9418888,ENV,REAL_511,Real sensor series - Docklands Library - board 511,42,real_sensor_board_511,22.161047440237404,0,normal
2014-12-22 21:25:00+00:00,22.6,Docklands Library,511,49.2,94.7,-37.8195002,144.9418888,ENV,REAL_511,Real sensor series - Docklands Library - board 511,42,real_sensor_board_511,22.248837952189923,0,normal
2014-12-22 21:45:00+00:00,22.9,Docklands Library,511,46.9,95.2,-37.8195002,144.9418888,ENV,REAL_511,Real sensor series - Docklands Library - board 511,42,real_sensor_board_511,22.379070361751943,0,normal
2014-12-22 22:05:00+00:00,24.2,Docklands Library,511,45.0,96.8,-37.8195002,144.9418888,ENV,REAL_511,Real sensor series - Docklands Library - board 511,42,real_sensor_board_511,22.743256289401554,0,normal
2014-12-22 22:50:00+00:00,24.8,Docklands Library,511,42.9,97.0,-37.8195002,144.9418888,ENV,REAL_511,Real sensor series - Docklands Library - board 511,42,real_sensor_board_511,23.034605031521245,0,normal
2014-12-22 23:00:00+00:00,25.8,Docklands Library,511,41.5,97.1,-37.8195002,144.9418888,ENV,REAL_511,Real sensor series - Docklands Library - board 511,42,real_sensor_board_511,23.267684025216997,0,normal
2014-12-22 23:10:00+00:00,26.5,Docklands Library,511,40.3,97.6,-37.8195002,144.9418888,ENV,REAL_511,Real sensor series - Docklands Library - board 511,42,real_sensor_board_511,23.4541472201736,0,normal
2014-12-22 23:20:00+00:00,27.1,Docklands Library,511,39.6,97.6,-37.8195002,144.9418888,ENV,REAL_511,Real sensor series - Docklands Library - board 511,42,real_sensor_board_511,23.60331777613888,0,normal
2014-12-22 23:40:00+00:00,26.8,Docklands Library,511,39.0,97.4,-37.8195002,144.9418888,ENV,REAL_511,Real sensor series - Docklands Library - board 511,42,real_sensor_board_511,23.722654220911103,0,normal
2014-12-22 23:50:00+00:00,24.8,Docklands Library,511,46.7,97.0,-37.8195002,144.9418888,ENV,REAL_511,Real sensor series - Docklands Library - board 511,42,real_sensor_board_511,23.818123376728884,0,normal
2014-12-23 00:10:00+00:00,25.2,Docklands Library,511,45.3,96.9,-37.8195002,144.9418888,ENV,REAL_511,Real sensor series - Docklands Library - board 511,42,real_sensor_board_511,23.894498701383107,0,normal
2014-12-23 00:20:00+00:00,24.5,Docklands Library,511,46.6,96.6,-37.8195002,144.9418888,ENV,REAL_511,Real sensor series - Docklands Library - board 511,42,real_sensor_board_511,23.955598961106485,0,normal
2014-12-23 00:30:00+00:00,25.5,Docklands Library,511,44.4,97.6,-37.8195002,144.9418888,ENV,REAL_511,Real sensor series - Docklands Library - board 511,42,real_sensor_board_511,24.00447916888519,0,normal
2014-12-23 00:40:00+00:00,26.5,Docklands Library,511,42.6,97.5,-37.8195002,144.9418888,ENV,REAL_511,Real sensor series - Docklands Library - board 511,42,real_sensor_board_511,24.043583335108153,0,normal
2014-12-23 01:10:00+00:00,24.8,Docklands Library,511,44.4,96.8,-37.8195002,144.9418888,ENV,REAL_511,Real sensor series - Docklands Library - board 511,42,real_sensor_board_511,24.074866668086525,0,normal
2014-12-23 01:40:00+00:00,26.5,Docklands Library,511,44.8,98.4,-37.8195002,144.9418888,ENV,REAL_511,Real sensor series - Docklands Library - board 511,42,real_sensor_board_511,24.099893334469222,0,normal
2014-12-23 02:05:00+00:00,25.2,Docklands Library,511,43.3,97.1,-37.8195002,144.9418888,ENV,REAL_511,Real sensor series - Docklands Library - board 511,42,real_sensor_board_511,24.11991466757538,0,normal
2014-12-23 02:15:00+00:00,25.8,Docklands Library,511,42.3,97.6,-37.8195002,144.9418888,ENV,REAL_511,Real sensor series - Docklands Library - board 511,42,real_sensor_board_511,24.135931734060303,0,normal
2014-12-23 02:25:00+00:00,24.8,Docklands Library,511,42.8,97.0,-37.8195002,144.9418888,ENV,REAL_511,Real sensor series - Docklands Library - board 511,42,real_sensor_board_511,24.148745387248244,0,normal
2014-12-23 02:45:00+00:00,24.2,Docklands Library,511,46.4,95.1,-37.8195002,144.9418888,ENV,REAL_511,Real sensor series - Docklands Library - board 511,42,real_sensor_board_511,24.158996309798596,0,normal
2014-12-23 03:15:00+00:00,23.9,Docklands Library,511,49.6,96.6,-37.8195002,144.9418888,ENV,REAL_511,Real sensor series - Docklands Library - board 511,42,real_sensor_board_511,24.10719704783888,0,normal
2014-12-23 03:25:00+00:00,23.2,Docklands Library,511,49.9,94.0,-37.8195002,144.9418888,ENV,REAL_511,Real sensor series - Docklands Library - board 511,42,real_sensor_board_511,23.985757638271107,0,normal
2014-12-23 03:35:00+00:00,22.6,Docklands Library,511,51.9,96.0,-37.8195002,144.9418888,ENV,REAL_511,Real sensor series - Docklands Library - board 511,42,real_sensor_board_511,23.828606110616885,0,normal
2014-12-23 03:55:00+00:00,22.3,Docklands Library,511,54.1,97.5,-37.8195002,144.9418888,ENV,REAL_511,Real sensor series - Docklands Library - board 511,42,real_sensor_board_511,23.70288488849351,0,normal
2014-12-23 04:05:00+00:00,21.9,Docklands Library,511,58.9,97.5,-37.8195002,144.9418888,ENV,REAL_511,Real sensor series - Docklands Library - board 511,42,real_sensor_board_511,23.54230791079481,0,normal
2014-12-23 04:25:00+00:00,22.9,Docklands Library,511,54.6,97.7,-37.8195002,144.9418888,ENV,REAL_511,Real sensor series - Docklands Library - board 511,42,real_sensor_board_511,23.35384632863585,0,normal
2014-12-23 04:35:00+00:00,23.2,Docklands Library,511,52.7,98.1,-37.8195002,144.9418888,ENV,REAL_511,Real sensor series - Docklands Library - board 511,42,real_sensor_board_511,23.14307706290868,0,normal
2014-12-23 05:20:00+00:00,23.5,Docklands Library,511,50.0,97.8,-37.8195002,144.9418888,ENV,REAL_511,Real sensor series - Docklands Library - board 511,42,real_sensor_board_511,22.894461650326946,0,normal
2014-12-23 05:30:00+00:00,21.9,Docklands Library,511,54.0,95.5,-37.8195002,144.9418888,ENV,REAL_511,Real sensor series - Docklands Library - board 511,42,real_sensor_board_511,22.695569320261555,0,normal
2014-12-23 05:40:00+00:00,20.6,Docklands Library,511,55.4,95.1,-37.8195002,144.9418888,ENV,REAL_511,Real sensor series - Docklands Library - board 511,42,real_sensor_board_511,22.276455456209245,0,normal
2014-12-23 06:00:00+00:00,20.0,Docklands Library,511,55.1,96.2,-37.8195002,144.9418888,ENV,REAL_511,Real sensor series - Docklands Library - board 511,42,real_sensor_board_511,21.821164364967398,0,normal
2014-12-23 06:10:00+00:00,19.7,Docklands Library,511,55.4,94.4,-37.8195002,144.9418888,ENV,REAL_511,Real sensor series - Docklands Library - board 511,42,real_sensor_board_511,21.39693149197392,0,normal
2014-12-23 06:20:00+00:00,19.4,Docklands Library,511,56.0,93.4,-37.8195002,144.9418888,ENV,REAL_511,Real sensor series - Docklands Library - board 511,42,real_sensor_board_511,20.997545193579136,0,normal
2014-12-23 07:30:00+00:00,18.4,Docklands Library,511,55.7,94.2,-37.8195002,144.9418888,ENV,REAL_511,Real sensor series - Docklands Library - board 511,42,real_sensor_board_511,20.538036154863306,0,normal
2014-12-23 07:40:00+00:00,18.7,Docklands Library,511,54.9,95.1,-37.8195002,144.9418888,ENV,REAL_511,Real sensor series - Docklands Library - board 511,42,real_sensor_board_511,20.110428923890645,0,normal
2014-12-23 08:10:00+00:00,17.7,Docklands Library,511,54.1,87.4,-37.8195002,144.9418888,ENV,REAL_511,Real sensor series - Docklands Library - board 511,42,real_sensor_board_511,19.708343139112518,0,normal
2014-12-23 08:25:00+00:00,18.1,Docklands Library,511,54.4,80.5,-37.8195002,144.9418888,ENV,REAL_511,Real sensor series - Docklands Library - board 511,42,real_sensor_board_511,19.306674511290016,0,normal
2014-12-23 08:35:00+00:00,17.7,Docklands Library,511,53.7,79.1,-37.8195002,144.9418888,ENV,REAL_511,Real sensor series - Docklands Library - board 511,42,real_sensor_board_511,18.985339609032014,0,normal
2014-12-23 08:45:00+00:00,17.7,Docklands Library,511,54.8,75.2,-37.8195002,144.9418888,ENV,REAL_511,Real sensor series - Docklands Library - board 511,42,real_sensor_board_511,18.72827168722561,0,normal
2014-12-23 08:55:00+00:00,17.7,Docklands Library,511,56.0,64.7,-37.8195002,144.9418888,ENV,REAL_511,Real sensor series - Docklands Library - board 511,42,real_sensor_board_511,18.52261734978049,0,normal
2014-12-23 09:25:00+00:00,17.4,Docklands Library,511,54.0,60.7,-37.8195002,144.9418888,ENV,REAL_511,Real sensor series - Docklands Library - board 511,42,real_sensor_board_511,18.298093879824393,0,normal
2014-12-23 09:35:00+00:00,17.4,Docklands Library,511,53.5,49.8,-37.8195002,144.9418888,ENV,REAL_511,Real sensor series - Docklands Library - board 511,42,real_sensor_board_511,18.118475103859513,1,weak_multivariate_excursion
2014-12-23 09:45:00+00:00,17.4,Docklands Library,511,52.1,36.5,-37.8195002,144.9418888,ENV,REAL_511,Real sensor series - Docklands Library - board 511,42,real_sensor_board_511,17.974780083087612,1,weak_multivariate_excursion
2014-12-23 10:25:00+00:00,17.1,Docklands Library,511,53.2,12.3,-37.8195002,144.9418888,ENV,REAL_511,Real sensor series - Docklands Library - board 511,42,real_sensor_board_511,17.79982406647009,1,weak_multivariate_excursion
2014-12-23 10:45:00+00:00,17.1,Docklands Library,511,52.4,12.8,-37.8195002,144.9418888,ENV,REAL_511,Real sensor series - Docklands Library - board 511,42,real_sensor_board_511,17.659859253176073,1,weak_multivariate_excursion
2014-12-23 11:05:00+00:00,16.8,Docklands Library,511,51.4,12.0,-37.8195002,144.9418888,ENV,REAL_511,Real sensor series - Docklands Library - board 511,42,real_sensor_board_511,17.48788740254086,0,normal
2014-12-23 11:50:00+00:00,16.8,Docklands Library,511,49.2,11.4,-37.8195002,144.9418888,ENV,REAL_511,Real sensor series - Docklands Library - board 511,42,real_sensor_board_511,17.35030992203269,0,normal
2014-12-23 12:10:00+00:00,16.5,Docklands Library,511,48.5,12.3,-37.8195002,144.9418888,ENV,REAL_511,Real sensor series - Docklands Library - board 511,42,real_sensor_board_511,17.180247937626152,0,normal
2014-12-23 12:40:00+00:00,16.5,Docklands Library,511,48.1,11.7,-37.8195002,144.9418888,ENV,REAL_511,Real sensor series - Docklands Library - board 511,42,real_sensor_board_511,17.044198350100924,0,normal
2014-12-23 13:00:00+00:00,16.5,Docklands Library,511,46.1,10.2,-37.8195002,144.9418888,ENV,REAL_511,Real sensor series - Docklands Library - board 511,42,real_sensor_board_511,16.93535868008074,0,normal
2014-12-23 13:10:00+00:00,16.5,Docklands Library,511,44.2,10.3,-37.8195002,144.9418888,ENV,REAL_511,Real sensor series - Docklands Library - board 511,42,real_sensor_board_511,16.848286944064593,0,normal
2014-12-23 13:50:00+00:00,16.5,Docklands Library,511,45.5,10.2,-37.8195002,144.9418888,ENV,REAL_511,Real sensor series - Docklands Library - board 511,42,real_sensor_board_511,16.778629555251676,0,normal
2014-12-23 14:30:00+00:00,16.1,Docklands Library,511,46.7,10.5,-37.8195002,144.9418888,ENV,REAL_511,Real sensor series - Docklands Library - board 511,42,real_sensor_board_511,16.64290364420134,0,normal
2014-12-23 14:50:00+00:00,15.8,Docklands Library,511,47.3,10.8,-37.8195002,144.9418888,ENV,REAL_511,Real sensor series - Docklands Library - board 511,42,real_sensor_board_511,16.534322915361074,0,normal
2014-12-23 15:05:00+00:00,15.8,Docklands Library,511,46.7,10.1,-37.8195002,144.9418888,ENV,REAL_511,Real sensor series - Docklands Library - board 511,42,real_sensor_board_511,16.38745833228886,0,normal
2014-12-23 15:15:00+00:00,15.8,Docklands Library,511,46.2,9.9,-37.8195002,144.9418888,ENV,REAL_511,Real sensor series - Docklands Library - board 511,42,real_sensor_board_511,16.269966665831088,0,normal
2014-12-23 15:35:00+00:00,15.8,Docklands Library,511,45.9,10.3,-37.8195002,144.9418888,ENV,REAL_511,Real sensor series - Docklands Library - board 511,42,real_sensor_board_511,16.17597333266487,0,normal
2014-12-23 16:05:00+00:00,15.8,Docklands Library,511,47.2,9.8,-37.8195002,144.9418888,ENV,REAL_511,Real sensor series - Docklands Library - board 511,42,real_sensor_board_511,16.100778666131898,0,normal
2014-12-23 16:15:00+00:00,16.1,Docklands Library,511,46.6,10.2,-37.8195002,144.9418888,ENV,REAL_511,Real sensor series - Docklands Library - board 511,42,real_sensor_board_511,16.04062293290552,0,normal
2014-12-23 17:05:00+00:00,15.2,Docklands Library,511,51.8,11.1,-37.8195002,144.9418888,ENV,REAL_511,Real sensor series - Docklands Library - board 511,42,real_sensor_board_511,15.932498346324417,0,normal
2014-12-23 17:15:00+00:00,15.2,Docklands Library,511,51.1,11.0,-37.8195002,144.9418888,ENV,REAL_511,Real sensor series - Docklands Library - board 511,42,real_sensor_board_511,15.845998677059534,0,normal
2014-12-23 17:35:00+00:00,15.5,Docklands Library,511,51.6,10.9,-37.8195002,144.9418888,ENV,REAL_511,Real sensor series - Docklands Library - board 511,42,real_sensor_board_511,15.776798941647627,0,normal
2014-12-23 17:45:00+00:00,15.5,Docklands Library,511,52.4,10.2,-37.8195002,144.9418888,ENV,REAL_511,Real sensor series - Docklands Library - board 511,42,real_sensor_board_511,15.721439153318101,0,normal
2014-12-23 18:30:00+00:00,14.8,Docklands Library,511,52.7,12.4,-37.8195002,144.9418888,ENV,REAL_511,Real sensor series - Docklands Library - board 511,42,real_sensor_board_511,15.677151322654481,0,normal
2014-12-23 18:40:00+00:00,15.2,Docklands Library,511,53.2,21.9,-37.8195002,144.9418888,ENV,REAL_511,Real sensor series - Docklands Library - board 511,42,real_sensor_board_511,15.641721058123585,1,weak_multivariate_excursion
2014-12-23 18:50:00+00:00,15.2,Docklands Library,511,53.0,43.3,-37.8195002,144.9418888,ENV,REAL_511,Real sensor series - Docklands Library - board 511,42,real_sensor_board_511,15.613376846498868,1,weak_multivariate_excursion
2014-12-23 19:20:00+00:00,15.5,Docklands Library,511,50.8,87.6,-37.8195002,144.9418888,ENV,REAL_511,Real sensor series - Docklands Library - board 511,42,real_sensor_board_511,15.590701477199095,1,weak_multivariate_excursion
2014-12-23 19:30:00+00:00,15.2,Docklands Library,511,51.1,89.8,-37.8195002,144.9418888,ENV,REAL_511,Real sensor series - Docklands Library - board 511,42,real_sensor_board_511,15.572561181759276,1,weak_multivariate_excursion
2014-12-23 19:40:00+00:00,15.2,Docklands Library,511,51.8,91.1,-37.8195002,144.9418888,ENV,REAL_511,Real sensor series - Docklands Library - board 511,42,real_sensor_board_511,15.558048945407421,0,normal
2014-12-23 19:50:00+00:00,14.8,Docklands Library,511,50.8,91.8,-37.8195002,144.9418888,ENV,REAL_511,Real sensor series - Docklands Library - board 511,42,real_sensor_board_511,15.546439156325937,0,normal
2014-12-23 20:10:00+00:00,15.2,Docklands Library,511,51.4,93.0,-37.8195002,144.9418888,ENV,REAL_511,Real sensor series - Docklands Library - board 511,42,real_sensor_board_511,15.53715132506075,0,normal
2014-12-23 20:20:00+00:00,15.2,Docklands Library,511,51.3,93.3,-37.8195002,144.9418888,ENV,REAL_511,Real sensor series - Docklands Library - board 511,42,real_sensor_board_511,15.5297210600486,0,normal
2014-12-23 20:30:00+00:00,15.2,Docklands Library,511,50.8,93.5,-37.8195002,144.9418888,ENV,REAL_511,Real sensor series - Docklands Library - board 511,42,real_sensor_board_511,15.52377684803888,0,normal
2014-12-23 20:40:00+00:00,15.2,Docklands Library,511,50.5,93.4,-37.8195002,144.9418888,ENV,REAL_511,Real sensor series - Docklands Library - board 511,42,real_sensor_board_511,15.519021478431105,0,normal
2014-12-23 20:50:00+00:00,15.5,Docklands Library,511,50.5,93.8,-37.8195002,144.9418888,ENV,REAL_511,Real sensor series - Docklands Library - board 511,42,real_sensor_board_511,15.515217182744884,0,normal
2014-12-23 21:00:00+00:00,15.5,Docklands Library,511,51.3,93.9,-37.8195002,144.9418888,ENV,REAL_511,Real sensor series - Docklands Library - board 511,42,real_sensor_board_511,15.512173746195907,0,normal
2014-12-23 21:10:00+00:00,15.8,Docklands Library,511,50.3,94.1,-37.8195002,144.9418888,ENV,REAL_511,Real sensor series - Docklands Library - board 511,42,real_sensor_board_511,15.569738996956726,0,normal
2014-12-23 21:20:00+00:00,15.8,Docklands Library,511,49.7,94.4,-37.8195002,144.9418888,ENV,REAL_511,Real sensor series - Docklands Library - board 511,42,real_sensor_board_511,15.615791197565382,0,normal
2014-12-23 21:35:00+00:00,16.1,Docklands Library,511,49.1,94.5,-37.8195002,144.9418888,ENV,REAL_511,Real sensor series - Docklands Library - board 511,42,real_sensor_board_511,15.712632958052307,0,normal
2014-12-23 21:45:00+00:00,16.5,Docklands Library,511,45.8,94.7,-37.8195002,144.9418888,ENV,REAL_511,Real sensor series - Docklands Library - board 511,42,real_sensor_board_511,15.870106366441847,0,normal
2014-12-23 22:05:00+00:00,16.8,Docklands Library,511,43.4,95.6,-37.8195002,144.9418888,ENV,REAL_511,Real sensor series - Docklands Library - board 511,42,real_sensor_board_511,16.056085093153477,0,normal
2014-12-23 22:15:00+00:00,17.4,Docklands Library,511,43.6,96.3,-37.8195002,144.9418888,ENV,REAL_511,Real sensor series - Docklands Library - board 511,42,real_sensor_board_511,16.324868074522783,0,normal
2014-12-23 22:25:00+00:00,18.1,Docklands Library,511,44.4,96.6,-37.8195002,144.9418888,ENV,REAL_511,Real sensor series - Docklands Library - board 511,42,real_sensor_board_511,16.599894459618227,0,normal
2014-12-23 22:35:00+00:00,17.7,Docklands Library,511,44.5,96.6,-37.8195002,144.9418888,ENV,REAL_511,Real sensor series - Docklands Library - board 511,42,real_sensor_board_511,16.819915567694583,0,normal
2014-12-23 23:05:00+00:00,17.7,Docklands Library,511,42.6,96.7,-37.8195002,144.9418888,ENV,REAL_511,Real sensor series - Docklands Library - board 511,42,real_sensor_board_511,17.075932454155666,0,normal
2014-12-23 23:35:00+00:00,19.0,Docklands Library,511,42.5,97.6,-37.8195002,144.9418888,ENV,REAL_511,Real sensor series - Docklands Library - board 511,42,real_sensor_board_511,17.460745963324534,0,normal
2014-12-24 00:05:00+00:00,21.3,Docklands Library,511,38.5,98.1,-37.8195002,144.9418888,ENV,REAL_511,Real sensor series - Docklands Library - board 511,42,real_sensor_board_511,18.228596770659628,0,normal
2014-12-24 00:15:00+00:00,21.9,Docklands Library,511,37.6,97.9,-37.8195002,144.9418888,ENV,REAL_511,Real sensor series - Docklands Library - board 511,42,real_sensor_board_511,18.9028774165277,0,normal
2014-12-24 00:50:00+00:00,22.6,Docklands Library,511,37.1,97.9,-37.8195002,144.9418888,ENV,REAL_511,Real sensor series - Docklands Library - board 511,42,real_sensor_board_511,19.44230193322216,0,normal
2014-12-24 01:00:00+00:00,22.3,Docklands Library,511,37.4,98.1,-37.8195002,144.9418888,ENV,REAL_511,Real sensor series - Docklands Library - board 511,42,real_sensor_board_511,19.933841546577728,0,normal
2014-12-24 01:30:00+00:00,22.6,Docklands Library,511,36.5,98.0,-37.8195002,144.9418888,ENV,REAL_511,Real sensor series - Docklands Library - board 511,42,real_sensor_board_511,20.327073237262184,0,normal
2014-12-24 01:40:00+00:00,23.2,Docklands Library,511,36.6,98.0,-37.8195002,144.9418888,ENV,REAL_511,Real sensor series - Docklands Library - board 511,42,real_sensor_board_511,20.641658589809747,0,normal
2014-12-24 02:00:00+00:00,21.9,Docklands Library,511,39.8,98.0,-37.8195002,144.9418888,ENV,REAL_511,Real sensor series - Docklands Library - board 511,42,real_sensor_board_511,20.893326871847798,0,normal
2014-12-24 02:50:00+00:00,21.6,Docklands Library,511,39.9,98.1,-37.8195002,144.9418888,ENV,REAL_511,Real sensor series - Docklands Library - board 511,42,real_sensor_board_511,21.17466149747824,0,normal
2014-12-24 03:20:00+00:00,21.9,Docklands Library,511,40.6,98.1,-37.8195002,144.9418888,ENV,REAL_511,Real sensor series - Docklands Library - board 511,42,real_sensor_board_511,21.399729197982595,0,normal
2014-12-24 03:50:00+00:00,21.6,Docklands Library,511,40.1,98.3,-37.8195002,144.9418888,ENV,REAL_511,Real sensor series - Docklands Library - board 511,42,real_sensor_board_511,21.579783358386077,0,normal
2014-12-24 04:25:00+00:00,22.3,Docklands Library,511,39.6,98.4,-37.8195002,144.9418888,ENV,REAL_511,Real sensor series - Docklands Library - board 511,42,real_sensor_board_511,21.723826686708865,0,normal
2014-12-24 04:35:00+00:00,21.9,Docklands Library,511,38.8,98.4,-37.8195002,144.9418888,ENV,REAL_511,Real sensor series - Docklands Library - board 511,42,real_sensor_board_511,21.839061349367093,0,normal
2014-12-24 05:05:00+00:00,22.6,Docklands Library,511,38.8,98.5,-37.8195002,144.9418888,ENV,REAL_511,Real sensor series - Docklands Library - board 511,42,real_sensor_board_511,21.931249079493675,0,normal
2014-12-24 05:15:00+00:00,22.6,Docklands Library,511,38.2,98.2,-37.8195002,144.9418888,ENV,REAL_511,Real sensor series - Docklands Library - board 511,42,real_sensor_board_511,22.004999263594943,0,normal
2014-12-24 05:35:00+00:00,24.2,Docklands Library,511,36.9,98.4,-37.8195002,144.9418888,ENV,REAL_511,Real sensor series - Docklands Library - board 511,42,real_sensor_board_511,22.063999410875955,0,normal
2014-12-24 05:45:00+00:00,24.5,Docklands Library,511,34.9,98.6,-37.8195002,144.9418888,ENV,REAL_511,Real sensor series - Docklands Library - board 511,42,real_sensor_board_511,22.111199528700766,0,normal
2014-12-24 06:05:00+00:00,24.2,Docklands Library,511,36.2,98.6,-37.8195002,144.9418888,ENV,REAL_511,Real sensor series - Docklands Library - board 511,42,real_sensor_board_511,22.148959622960614,0,normal
2014-12-24 06:15:00+00:00,23.5,Docklands Library,511,36.0,98.4,-37.8195002,144.9418888,ENV,REAL_511,Real sensor series - Docklands Library - board 511,42,real_sensor_board_511,22.17916769836849,0,normal
2014-12-24 06:45:00+00:00,24.2,Docklands Library,511,34.7,98.7,-37.8195002,144.9418888,ENV,REAL_511,Real sensor series - Docklands Library - board 511,42,real_sensor_board_511,22.203334158694794,0,normal
2014-12-24 06:55:00+00:00,24.5,Docklands Library,511,33.2,98.3,-37.8195002,144.9418888,ENV,REAL_511,Real sensor series - Docklands Library - board 511,42,real_sensor_board_511,22.142667326955834,0,normal
2014-12-24 07:15:00+00:00,23.2,Docklands Library,511,37.4,98.6,-37.8195002,144.9418888,ENV,REAL_511,Real sensor series - Docklands Library - board 511,42,real_sensor_board_511,22.094133861564668,0,normal
2014-12-24 07:50:00+00:00,24.2,Docklands Library,511,37.1,98.6,-37.8195002,144.9418888,ENV,REAL_511,Real sensor series - Docklands Library - board 511,42,real_sensor_board_511,22.055307089251734,0,normal
2014-12-24 08:00:00+00:00,22.9,Docklands Library,511,37.7,98.3,-37.8195002,144.9418888,ENV,REAL_511,Real sensor series - Docklands Library - board 511,42,real_sensor_board_511,21.96424567140139,0,normal
2014-12-24 08:10:00+00:00,22.6,Docklands Library,511,38.5,98.5,-37.8195002,144.9418888,ENV,REAL_511,Real sensor series - Docklands Library - board 511,42,real_sensor_board_511,21.891396537121114,1,weak_multivariate_excursion
2014-12-24 08:30:00+00:00,19.4,Docklands Library,511,43.9,95.5,-37.8195002,144.9418888,ENV,REAL_511,Real sensor series - Docklands Library - board 511,42,real_sensor_board_511,21.513117229696892,1,weak_multivariate_excursion
2014-12-24 08:40:00+00:00,20.0,Docklands Library,511,42.3,97.1,-37.8195002,144.9418888,ENV,REAL_511,Real sensor series - Docklands Library - board 511,42,real_sensor_board_511,21.090493783757513,1,weak_multivariate_excursion
2014-12-24 08:50:00+00:00,19.0,Docklands Library,511,45.1,96.2,-37.8195002,144.9418888,ENV,REAL_511,Real sensor series - Docklands Library - board 511,42,real_sensor_board_511,20.67239502700601,0,normal
2014-12-24 09:00:00+00:00,18.7,Docklands Library,511,44.8,95.1,-37.8195002,144.9418888,ENV,REAL_511,Real sensor series - Docklands Library - board 511,42,real_sensor_board_511,20.27791602160481,1,weak_multivariate_excursion
2014-12-24 11:35:00+00:00,16.5,Docklands Library,511,49.2,12.0,-37.8195002,144.9418888,ENV,REAL_511,Real sensor series - Docklands Library - board 511,42,real_sensor_board_511,19.84233281728385,1,weak_multivariate_excursion
2014-12-24 16:40:00+00:00,15.2,Docklands Library,511,54.3,12.5,-37.8195002,144.9418888,ENV,REAL_511,Real sensor series - Docklands Library - board 511,42,real_sensor_board_511,19.493866253827083,1,weak_multivariate_excursion
2014-12-24 20:05:00+00:00,14.2,Docklands Library,511,57.0,93.2,-37.8195002,144.9418888,ENV,REAL_511,Real sensor series - Docklands Library - board 511,42,real_sensor_board_511,19.215093003061668,1,weak_multivariate_excursion
2014-12-24 20:25:00+00:00,14.2,Docklands Library,511,56.7,93.8,-37.8195002,144.9418888,ENV,REAL_511,Real sensor series - Docklands Library - board 511,42,real_sensor_board_511,18.992074402449337,1,weak_multivariate_excursion
2014-12-24 20:35:00+00:00,14.5,Docklands Library,511,56.7,94.0,-37.8195002,144.9418888,ENV,REAL_511,Real sensor series - Docklands Library - board 511,42,real_sensor_board_511,18.81365952195947,0,normal
2014-12-24 20:45:00+00:00,14.8,Docklands Library,511,56.8,94.6,-37.8195002,144.9418888,ENV,REAL_511,Real sensor series - Docklands Library - board 511,42,real_sensor_board_511,18.670927617567575,0,normal
2014-12-24 21:00:00+00:00,15.2,Docklands Library,511,55.4,94.8,-37.8195002,144.9418888,ENV,REAL_511,Real sensor series - Docklands Library - board 511,42,real_sensor_board_511,18.556742094054062,0,normal
2014-12-24 21:10:00+00:00,15.5,Docklands Library,511,55.2,94.9,-37.8195002,144.9418888,ENV,REAL_511,Real sensor series - Docklands Library - board 511,42,real_sensor_board_511,18.465393675243252,0,normal
2014-12-24 21:20:00+00:00,15.8,Docklands Library,511,54.4,95.6,-37.8195002,144.9418888,ENV,REAL_511,Real sensor series - Docklands Library - board 511,42,real_sensor_board_511,18.392314940194602,0,normal
2014-12-24 21:40:00+00:00,16.5,Docklands Library,511,52.6,95.3,-37.8195002,144.9418888,ENV,REAL_511,Real sensor series - Docklands Library - board 511,42,real_sensor_board_511,18.333851952155683,0,normal
2014-12-24 21:50:00+00:00,16.8,Docklands Library,511,50.8,95.4,-37.8195002,144.9418888,ENV,REAL_511,Real sensor series - Docklands Library - board 511,42,real_sensor_board_511,18.28708156172455,0,normal
2014-12-24 22:00:00+00:00,16.8,Docklands Library,511,49.7,95.6,-37.8195002,144.9418888,ENV,REAL_511,Real sensor series - Docklands Library - board 511,42,real_sensor_board_511,18.24966524937964,0,normal
2014-12-24 22:10:00+00:00,17.1,Docklands Library,511,49.2,95.8,-37.8195002,144.9418888,ENV,REAL_511,Real sensor series - Docklands Library - board 511,42,real_sensor_board_511,18.219732199503714,0,normal
2014-12-24 22:20:00+00:00,17.4,Docklands Library,511,47.5,95.8,-37.8195002,144.9418888,ENV,REAL_511,Real sensor series - Docklands Library - board 511,42,real_sensor_board_511,18.195785759602973,0,normal
2014-12-24 22:40:00+00:00,17.7,Docklands Library,511,45.9,95.1,-37.8195002,144.9418888,ENV,REAL_511,Real sensor series - Docklands Library - board 511,42,real_sensor_board_511,18.176628607682378,0,normal
2014-12-24 22:50:00+00:00,18.1,Docklands Library,511,45.5,95.0,-37.8195002,144.9418888,ENV,REAL_511,Real sensor series - Docklands Library - board 511,42,real_sensor_board_511,18.161302886145904,0,normal
2014-12-24 23:20:00+00:00,19.4,Docklands Library,511,41.5,95.6,-37.8195002,144.9418888,ENV,REAL_511,Real sensor series - Docklands Library - board 511,42,real_sensor_board_511,18.409042308916725,1,weak_multivariate_excursion
2014-12-25 00:15:00+00:00,26.5,Docklands Library,511,31.9,97.9,-37.8195002,144.9418888,ENV,REAL_511,Real sensor series - Docklands Library - board 511,42,real_sensor_board_511,19.18723384713338,1,weak_multivariate_excursion
2014-12-25 00:35:00+00:00,25.2,Docklands Library,511,36.0,97.9,-37.8195002,144.9418888,ENV,REAL_511,Real sensor series - Docklands Library - board 511,42,real_sensor_board_511,19.869787077706707,1,weak_multivariate_excursion
2014-12-25 01:15:00+00:00,23.9,Docklands Library,511,41.0,98.0,-37.8195002,144.9418888,ENV,REAL_511,Real sensor series - Docklands Library - board 511,42,real_sensor_board_511,20.41582966216537,0,normal
2014-12-25 02:35:00+00:00,22.3,Docklands Library,511,43.3,98.1,-37.8195002,144.9418888,ENV,REAL_511,Real sensor series - Docklands Library - board 511,42,real_sensor_board_511,20.852663729732296,0,normal
2014-12-25 02:55:00+00:00,22.6,Docklands Library,511,43.3,98.1,-37.8195002,144.9418888,ENV,REAL_511,Real sensor series - Docklands Library - board 511,42,real_sensor_board_511,21.262130983785838,0,normal
2014-12-25 03:15:00+00:00,22.6,Docklands Library,511,42.3,97.9,-37.8195002,144.9418888,ENV,REAL_511,Real sensor series - Docklands Library - board 511,42,real_sensor_board_511,21.64970478702867,0,normal
2014-12-25 03:40:00+00:00,22.9,Docklands Library,511,41.4,98.2,-37.8195002,144.9418888,ENV,REAL_511,Real sensor series - Docklands Library - board 511,42,real_sensor_board_511,21.95976382962294,0,normal
2014-12-25 03:50:00+00:00,22.6,Docklands Library,511,40.3,98.3,-37.8195002,144.9418888,ENV,REAL_511,Real sensor series - Docklands Library - board 511,42,real_sensor_board_511,22.207811063698355,0,normal
2014-12-25 04:10:00+00:00,23.5,Docklands Library,511,38.7,98.4,-37.8195002,144.9418888,ENV,REAL_511,Real sensor series - Docklands Library - board 511,42,real_sensor_board_511,22.406248850958686,0,normal
2014-12-25 04:20:00+00:00,23.5,Docklands Library,511,37.3,98.4,-37.8195002,144.9418888,ENV,REAL_511,Real sensor series - Docklands Library - board 511,42,real_sensor_board_511,22.56499908076695,0,normal
2014-12-25 04:30:00+00:00,23.9,Docklands Library,511,37.3,98.4,-37.8195002,144.9418888,ENV,REAL_511,Real sensor series - Docklands Library - board 511,42,real_sensor_board_511,22.69199926461356,0,normal
2014-12-25 05:00:00+00:00,24.2,Docklands Library,511,33.6,98.5,-37.8195002,144.9418888,ENV,REAL_511,Real sensor series - Docklands Library - board 511,42,real_sensor_board_511,22.79359941169085,0,normal
2014-12-25 05:20:00+00:00,25.5,Docklands Library,511,31.9,98.6,-37.8195002,144.9418888,ENV,REAL_511,Real sensor series - Docklands Library - board 511,42,real_sensor_board_511,22.87487952935268,0,normal
2014-12-25 05:40:00+00:00,25.2,Docklands Library,511,32.7,98.6,-37.8195002,144.9418888,ENV,REAL_511,Real sensor series - Docklands Library - board 511,42,real_sensor_board_511,22.939903623482145,0,normal
2014-12-25 05:50:00+00:00,25.5,Docklands Library,511,32.2,98.6,-37.8195002,144.9418888,ENV,REAL_511,Real sensor series - Docklands Library - board 511,42,real_sensor_board_511,22.991922898785717,0,normal
2014-12-25 06:30:00+00:00,25.8,Docklands Library,511,34.6,98.6,-37.8195002,144.9418888,ENV,REAL_511,Real sensor series - Docklands Library - board 511,42,real_sensor_board_511,23.033538319028576,0,normal
2014-12-25 07:05:00+00:00,24.5,Docklands Library,511,34.3,98.6,-37.8195002,144.9418888,ENV,REAL_511,Real sensor series - Docklands Library - board 511,42,real_sensor_board_511,23.006830655222863,0,normal
2014-12-25 07:25:00+00:00,24.2,Docklands Library,511,36.0,98.6,-37.8195002,144.9418888,ENV,REAL_511,Real sensor series - Docklands Library - board 511,42,real_sensor_board_511,22.92546452417829,0,normal
2014-12-25 07:35:00+00:00,23.5,Docklands Library,511,34.9,98.6,-37.8195002,144.9418888,ENV,REAL_511,Real sensor series - Docklands Library - board 511,42,real_sensor_board_511,22.860371619342633,0,normal
2014-12-25 07:45:00+00:00,23.5,Docklands Library,511,36.8,98.6,-37.8195002,144.9418888,ENV,REAL_511,Real sensor series - Docklands Library - board 511,42,real_sensor_board_511,22.808297295474105,0,normal
2014-12-25 07:55:00+00:00,23.2,Docklands Library,511,38.7,98.6,-37.8195002,144.9418888,ENV,REAL_511,Real sensor series - Docklands Library - board 511,42,real_sensor_board_511,22.766637836379285,0,normal
2014-12-25 08:35:00+00:00,20.0,Docklands Library,511,40.4,98.3,-37.8195002,144.9418888,ENV,REAL_511,Real sensor series - Docklands Library - board 511,42,real_sensor_board_511,22.213310269103427,0,normal
2014-12-25 08:45:00+00:00,18.7,Docklands Library,511,45.9,98.1,-37.8195002,144.9418888,ENV,REAL_511,Real sensor series - Docklands Library - board 511,42,real_sensor_board_511,21.510648215282743,1,weak_multivariate_excursion
2014-12-25 08:55:00+00:00,17.4,Docklands Library,511,47.7,93.2,-37.8195002,144.9418888,ENV,REAL_511,Real sensor series - Docklands Library - board 511,42,real_sensor_board_511,20.688518572226194,1,weak_multivariate_excursion
2014-12-25 15:15:00+00:00,12.9,Docklands Library,511,54.0,12.6,-37.8195002,144.9418888,ENV,REAL_511,Real sensor series - Docklands Library - board 511,42,real_sensor_board_511,20.030814857780957,1,weak_multivariate_excursion
2014-12-25 20:00:00+00:00,10.6,Docklands Library,511,52.9,92.5,-37.8195002,144.9418888,ENV,REAL_511,Real sensor series - Docklands Library - board 511,42,real_sensor_board_511,19.504651886224767,1,weak_multivariate_excursion
2014-12-25 20:10:00+00:00,10.6,Docklands Library,511,52.2,92.9,-37.8195002,144.9418888,ENV,REAL_511,Real sensor series - Docklands Library - board 511,42,real_sensor_board_511,19.083721508979814,1,weak_multivariate_excursion
2014-12-25 20:35:00+00:00,11.3,Docklands Library,511,51.3,93.4,-37.8195002,144.9418888,ENV,REAL_511,Real sensor series - Docklands Library - board 511,42,real_sensor_board_511,18.74697720718385,1,weak_multivariate_excursion
2014-12-25 20:45:00+00:00,11.3,Docklands Library,511,50.8,93.5,-37.8195002,144.9418888,ENV,REAL_511,Real sensor series - Docklands Library - board 511,42,real_sensor_board_511,18.47758176574708,1,weak_multivariate_excursion
2014-12-25 20:55:00+00:00,11.6,Docklands Library,511,49.4,93.6,-37.8195002,144.9418888,ENV,REAL_511,Real sensor series - Docklands Library - board 511,42,real_sensor_board_511,18.262065412597664,0,normal
2014-12-25 21:05:00+00:00,11.9,Docklands Library,511,49.6,93.7,-37.8195002,144.9418888,ENV,REAL_511,Real sensor series - Docklands Library - board 511,42,real_sensor_board_511,18.08965233007813,0,normal
2014-12-25 21:25:00+00:00,12.3,Docklands Library,511,48.6,94.0,-37.8195002,144.9418888,ENV,REAL_511,Real sensor series - Docklands Library - board 511,42,real_sensor_board_511,17.951721864062506,0,normal
2014-12-25 21:35:00+00:00,12.6,Docklands Library,511,48.6,94.4,-37.8195002,144.9418888,ENV,REAL_511,Real sensor series - Docklands Library - board 511,42,real_sensor_board_511,17.841377491250004,0,normal
2014-12-25 21:55:00+00:00,13.9,Docklands Library,511,44.5,96.4,-37.8195002,144.9418888,ENV,REAL_511,Real sensor series - Docklands Library - board 511,42,real_sensor_board_511,17.753101993000005,0,normal
2014-12-25 22:05:00+00:00,14.2,Docklands Library,511,43.9,96.2,-37.8195002,144.9418888,ENV,REAL_511,Real sensor series - Docklands Library - board 511,42,real_sensor_board_511,17.682481594400006,0,normal
2014-12-25 22:35:00+00:00,14.5,Docklands Library,511,40.9,95.2,-37.8195002,144.9418888,ENV,REAL_511,Real sensor series - Docklands Library - board 511,42,real_sensor_board_511,17.625985275520005,0,normal
2014-12-25 22:55:00+00:00,14.8,Docklands Library,511,39.6,96.1,-37.8195002,144.9418888,ENV,REAL_511,Real sensor series - Docklands Library - board 511,42,real_sensor_board_511,17.580788220416004,0,normal
2014-12-25 23:15:00+00:00,15.5,Docklands Library,511,39.8,96.5,-37.8195002,144.9418888,ENV,REAL_511,Real sensor series - Docklands Library - board 511,42,real_sensor_board_511,17.544630576332803,0,normal
2014-12-25 23:25:00+00:00,16.1,Docklands Library,511,40.1,96.5,-37.8195002,144.9418888,ENV,REAL_511,Real sensor series - Docklands Library - board 511,42,real_sensor_board_511,17.515704461066242,0,normal
2014-12-25 23:50:00+00:00,19.0,Docklands Library,511,36.6,98.1,-37.8195002,144.9418888,ENV,REAL_511,Real sensor series - Docklands Library - board 511,42,real_sensor_board_511,17.632563568852994,0,normal
2014-12-26 00:00:00+00:00,20.3,Docklands Library,511,35.4,98.0,-37.8195002,144.9418888,ENV,REAL_511,Real sensor series - Docklands Library - board 511,42,real_sensor_board_511,17.906050855082395,0,normal
2014-12-26 00:30:00+00:00,20.0,Docklands Library,511,34.7,98.1,-37.8195002,144.9418888,ENV,REAL_511,Real sensor series - Docklands Library - board 511,42,real_sensor_board_511,18.124840684065916,0,normal
2014-12-26 00:40:00+00:00,21.0,Docklands Library,511,34.3,98.2,-37.8195002,144.9418888,ENV,REAL_511,Real sensor series - Docklands Library - board 511,42,real_sensor_board_511,18.379872547252734,0,normal
2014-12-26 00:50:00+00:00,21.3,Docklands Library,511,34.1,98.2,-37.8195002,144.9418888,ENV,REAL_511,Real sensor series - Docklands Library - board 511,42,real_sensor_board_511,18.643898037802188,0,normal
2014-12-26 01:00:00+00:00,20.0,Docklands Library,511,34.4,98.1,-37.8195002,144.9418888,ENV,REAL_511,Real sensor series - Docklands Library - board 511,42,real_sensor_board_511,18.855118430241752,0,normal
2014-12-26 01:10:00+00:00,20.3,Docklands Library,511,33.6,97.0,-37.8195002,144.9418888,ENV,REAL_511,Real sensor series - Docklands Library - board 511,42,real_sensor_board_511,19.024094744193402,0,normal
2014-12-26 01:20:00+00:00,19.7,Docklands Library,511,33.3,97.8,-37.8195002,144.9418888,ENV,REAL_511,Real sensor series - Docklands Library - board 511,42,real_sensor_board_511,19.159275795354723,0,normal
2014-12-26 01:40:00+00:00,18.1,Docklands Library,511,36.6,97.7,-37.8195002,144.9418888,ENV,REAL_511,Real sensor series - Docklands Library - board 511,42,real_sensor_board_511,19.32742063628378,0,normal
2014-12-26 02:00:00+00:00,20.0,Docklands Library,511,37.6,98.1,-37.8195002,144.9418888,ENV,REAL_511,Real sensor series - Docklands Library - board 511,42,real_sensor_board_511,19.461936509027026,0,normal
2014-12-26 02:10:00+00:00,19.7,Docklands Library,511,36.2,98.1,-37.8195002,144.9418888,ENV,REAL_511,Real sensor series - Docklands Library - board 511,42,real_sensor_board_511,19.56954920722162,0,normal
2014-12-26 02:20:00+00:00,19.0,Docklands Library,511,33.6,98.1,-37.8195002,144.9418888,ENV,REAL_511,Real sensor series - Docklands Library - board 511,42,real_sensor_board_511,19.655639365777297,0,normal
2014-12-26 02:30:00+00:00,19.4,Docklands Library,511,34.9,98.1,-37.8195002,144.9418888,ENV,REAL_511,Real sensor series - Docklands Library - board 511,42,real_sensor_board_511,19.724511492621836,0,normal
2014-12-26 02:40:00+00:00,19.7,Docklands Library,511,34.9,98.1,-37.8195002,144.9418888,ENV,REAL_511,Real sensor series - Docklands Library - board 511,42,real_sensor_board_511,19.779609194097468,0,normal
2014-12-26 02:55:00+00:00,19.7,Docklands Library,511,36.0,98.1,-37.8195002,144.9418888,ENV,REAL_511,Real sensor series - Docklands Library - board 511,42,real_sensor_board_511,19.883687355277978,0,normal
2014-12-26 03:15:00+00:00,20.0,Docklands Library,511,34.7,98.1,-37.8195002,144.9418888,ENV,REAL_511,Real sensor series - Docklands Library - board 511,42,real_sensor_board_511,19.966949884222384,0,normal
2014-12-26 03:25:00+00:00,20.3,Docklands Library,511,34.9,98.2,-37.8195002,144.9418888,ENV,REAL_511,Real sensor series - Docklands Library - board 511,42,real_sensor_board_511,20.033559907377906,0,normal
2014-12-26 03:45:00+00:00,20.0,Docklands Library,511,33.5,98.2,-37.8195002,144.9418888,ENV,REAL_511,Real sensor series - Docklands Library - board 511,42,real_sensor_board_511,20.226847925902327,0,normal
2014-12-26 04:05:00+00:00,20.0,Docklands Library,511,34.7,98.4,-37.8195002,144.9418888,ENV,REAL_511,Real sensor series - Docklands Library - board 511,42,real_sensor_board_511,20.381478340721863,0,normal
2014-12-26 04:25:00+00:00,21.0,Docklands Library,511,33.2,98.4,-37.8195002,144.9418888,ENV,REAL_511,Real sensor series - Docklands Library - board 511,42,real_sensor_board_511,20.50518267257749,0,normal
2014-12-26 04:35:00+00:00,21.0,Docklands Library,511,33.2,98.4,-37.8195002,144.9418888,ENV,REAL_511,Real sensor series - Docklands Library - board 511,42,real_sensor_board_511,20.604146138061992,0,normal
2014-12-26 05:05:00+00:00,21.0,Docklands Library,511,31.7,98.5,-37.8195002,144.9418888,ENV,REAL_511,Real sensor series - Docklands Library - board 511,42,real_sensor_board_511,20.683316910449594,0,normal
2014-12-26 05:15:00+00:00,21.6,Docklands Library,511,31.3,98.5,-37.8195002,144.9418888,ENV,REAL_511,Real sensor series - Docklands Library - board 511,42,real_sensor_board_511,20.746653528359676,0,normal
2014-12-26 05:25:00+00:00,21.3,Docklands Library,511,30.8,98.5,-37.8195002,144.9418888,ENV,REAL_511,Real sensor series - Docklands Library - board 511,42,real_sensor_board_511,20.79732282268774,0,normal
2014-12-26 05:45:00+00:00,22.3,Docklands Library,511,29.7,98.6,-37.8195002,144.9418888,ENV,REAL_511,Real sensor series - Docklands Library - board 511,42,real_sensor_board_511,20.83785825815019,0,normal
2014-12-26 05:55:00+00:00,22.9,Docklands Library,511,29.7,98.6,-37.8195002,144.9418888,ENV,REAL_511,Real sensor series - Docklands Library - board 511,42,real_sensor_board_511,20.870286606520153,0,normal
2014-12-26 06:20:00+00:00,22.6,Docklands Library,511,27.0,98.6,-37.8195002,144.9418888,ENV,REAL_511,Real sensor series - Docklands Library - board 511,42,real_sensor_board_511,20.896229285216123,0,normal
2014-12-26 06:30:00+00:00,23.5,Docklands Library,511,28.7,98.6,-37.8195002,144.9418888,ENV,REAL_511,Real sensor series - Docklands Library - board 511,42,real_sensor_board_511,20.916983428172898,0,normal
2014-12-26 06:40:00+00:00,22.9,Docklands Library,511,28.7,98.6,-37.8195002,144.9418888,ENV,REAL_511,Real sensor series - Docklands Library - board 511,42,real_sensor_board_511,20.933586742538317,0,normal
2014-12-26 06:50:00+00:00,23.5,Docklands Library,511,28.7,98.6,-37.8195002,144.9418888,ENV,REAL_511,Real sensor series - Docklands Library - board 511,42,real_sensor_board_511,20.946869394030653,0,normal
2014-12-26 07:00:00+00:00,22.3,Docklands Library,511,29.7,98.7,-37.8195002,144.9418888,ENV,REAL_511,Real sensor series - Docklands Library - board 511,42,real_sensor_board_511,20.957495515224522,0,normal
2014-12-26 07:30:00+00:00,22.6,Docklands Library,511,30.2,98.6,-37.8195002,144.9418888,ENV,REAL_511,Real sensor series - Docklands Library - board 511,42,real_sensor_board_511,20.965996412179617,0,normal
2014-12-26 07:40:00+00:00,23.2,Docklands Library,511,30.0,98.6,-37.8195002,144.9418888,ENV,REAL_511,Real sensor series - Docklands Library - board 511,42,real_sensor_board_511,20.972797129743693,0,normal
2014-12-26 07:50:00+00:00,21.9,Docklands Library,511,28.1,98.6,-37.8195002,144.9418888,ENV,REAL_511,Real sensor series - Docklands Library - board 511,42,real_sensor_board_511,20.978237703794953,0,normal
2014-12-26 08:00:00+00:00,21.9,Docklands Library,511,30.0,98.6,-37.8195002,144.9418888,ENV,REAL_511,Real sensor series - Docklands Library - board 511,42,real_sensor_board_511,21.042590163035964,0,normal
2014-12-26 08:10:00+00:00,20.3,Docklands Library,511,32.2,98.4,-37.8195002,144.9418888,ENV,REAL_511,Real sensor series - Docklands Library - board 511,42,real_sensor_board_511,21.094072130428774,0,normal
2014-12-26 08:20:00+00:00,21.3,Docklands Library,511,33.0,98.5,-37.8195002,144.9418888,ENV,REAL_511,Real sensor series - Docklands Library - board 511,42,real_sensor_board_511,21.19525770434302,0,normal
2014-12-26 08:30:00+00:00,19.7,Docklands Library,511,34.3,98.4,-37.8195002,144.9418888,ENV,REAL_511,Real sensor series - Docklands Library - board 511,42,real_sensor_board_511,21.276206163474416,1,weak_multivariate_excursion
2014-12-26 12:15:00+00:00,15.5,Docklands Library,511,41.2,12.7,-37.8195002,144.9418888,ENV,REAL_511,Real sensor series - Docklands Library - board 511,42,real_sensor_board_511,21.340964930779535,1,weak_multivariate_excursion
2014-12-26 17:25:00+00:00,13.2,Docklands Library,511,47.7,12.9,-37.8195002,144.9418888,ENV,REAL_511,Real sensor series - Docklands Library - board 511,42,real_sensor_board_511,21.39277194462363,1,weak_multivariate_excursion
2014-12-26 22:00:00+00:00,14.2,Docklands Library,511,45.0,95.0,-37.8195002,144.9418888,ENV,REAL_511,Real sensor series - Docklands Library - board 511,42,real_sensor_board_511,21.434217555698904,1,weak_multivariate_excursion
2014-12-26 22:20:00+00:00,14.5,Docklands Library,511,43.3,95.1,-37.8195002,144.9418888,ENV,REAL_511,Real sensor series - Docklands Library - board 511,42,real_sensor_board_511,21.467374044559126,1,weak_multivariate_excursion
2014-12-26 22:50:00+00:00,15.8,Docklands Library,511,42.5,94.7,-37.8195002,144.9418888,ENV,REAL_511,Real sensor series - Docklands Library - board 511,42,real_sensor_board_511,21.4938992356473,1,weak_multivariate_excursion
2014-12-26 23:05:00+00:00,15.5,Docklands Library,511,42.1,94.9,-37.8195002,144.9418888,ENV,REAL_511,Real sensor series - Docklands Library - board 511,42,real_sensor_board_511,21.515119388517842,1,weak_multivariate_excursion
2014-12-26 23:15:00+00:00,15.8,Docklands Library,511,42.1,95.2,-37.8195002,144.9418888,ENV,REAL_511,Real sensor series - Docklands Library - board 511,42,real_sensor_board_511,21.532095510814276,0,normal
2014-12-26 23:35:00+00:00,16.8,Docklands Library,511,40.3,96.2,-37.8195002,144.9418888,ENV,REAL_511,Real sensor series - Docklands Library - board 511,42,real_sensor_board_511,21.54567640865142,0,normal
2014-12-26 23:45:00+00:00,18.1,Docklands Library,511,38.7,97.7,-37.8195002,144.9418888,ENV,REAL_511,Real sensor series - Docklands Library - board 511,42,real_sensor_board_511,21.556541126921136,0,normal
2014-12-26 23:55:00+00:00,21.0,Docklands Library,511,34.1,97.8,-37.8195002,144.9418888,ENV,REAL_511,Real sensor series - Docklands Library - board 511,42,real_sensor_board_511,21.56523290153691,0,normal
2014-12-27 00:05:00+00:00,21.6,Docklands Library,511,33.2,97.8,-37.8195002,144.9418888,ENV,REAL_511,Real sensor series - Docklands Library - board 511,42,real_sensor_board_511,21.572186321229527,0,normal
2014-12-27 00:45:00+00:00,21.6,Docklands Library,511,31.1,97.9,-37.8195002,144.9418888,ENV,REAL_511,Real sensor series - Docklands Library - board 511,42,real_sensor_board_511,21.577749056983624,0,normal
2014-12-27 00:55:00+00:00,22.3,Docklands Library,511,32.4,97.9,-37.8195002,144.9418888,ENV,REAL_511,Real sensor series - Docklands Library - board 511,42,real_sensor_board_511,21.5821992455869,0,normal
2014-12-27 01:05:00+00:00,21.9,Docklands Library,511,31.3,98.0,-37.8195002,144.9418888,ENV,REAL_511,Real sensor series - Docklands Library - board 511,42,real_sensor_board_511,21.58575939646952,0,normal
2014-12-27 03:00:00+00:00,20.6,Docklands Library,511,32.1,98.1,-37.8195002,144.9418888,ENV,REAL_511,Real sensor series - Docklands Library - board 511,42,real_sensor_board_511,21.588607517175618,0,normal
2014-12-27 03:50:00+00:00,21.9,Docklands Library,511,35.1,98.3,-37.8195002,144.9418888,ENV,REAL_511,Real sensor series - Docklands Library - board 511,42,real_sensor_board_511,21.590886013740494,0,normal
2014-12-27 05:30:00+00:00,23.9,Docklands Library,511,31.1,98.5,-37.8195002,144.9418888,ENV,REAL_511,Real sensor series - Docklands Library - board 511,42,real_sensor_board_511,21.592708810992395,0,normal
2014-12-27 05:45:00+00:00,24.5,Docklands Library,511,29.2,98.6,-37.8195002,144.9418888,ENV,REAL_511,Real sensor series - Docklands Library - board 511,42,real_sensor_board_511,21.594167048793917,0,normal
2014-12-27 05:55:00+00:00,24.8,Docklands Library,511,29.2,98.6,-37.8195002,144.9418888,ENV,REAL_511,Real sensor series - Docklands Library - board 511,42,real_sensor_board_511,21.595333639035136,0,normal
2014-12-27 06:05:00+00:00,25.5,Docklands Library,511,28.4,98.6,-37.8195002,144.9418888,ENV,REAL_511,Real sensor series - Docklands Library - board 511,42,real_sensor_board_511,21.59626691122811,0,normal
2014-12-27 06:15:00+00:00,24.8,Docklands Library,511,31.0,98.6,-37.8195002,144.9418888,ENV,REAL_511,Real sensor series - Docklands Library - board 511,42,real_sensor_board_511,21.59701352898249,0,normal
2014-12-27 06:25:00+00:00,24.8,Docklands Library,511,31.3,98.6,-37.8195002,144.9418888,ENV,REAL_511,Real sensor series - Docklands Library - board 511,42,real_sensor_board_511,21.597610823185992,0,normal
2014-12-27 06:35:00+00:00,24.5,Docklands Library,511,31.4,98.6,-37.8195002,144.9418888,ENV,REAL_511,Real sensor series - Docklands Library - board 511,42,real_sensor_board_511,21.598088658548793,0,normal
2014-12-27 06:55:00+00:00,25.8,Docklands Library,511,31.0,98.7,-37.8195002,144.9418888,ENV,REAL_511,Real sensor series - Docklands Library - board 511,42,real_sensor_board_511,21.598470926839035,0,normal
2014-12-27 08:15:00+00:00,23.9,Docklands Library,511,31.7,98.6,-37.8195002,144.9418888,ENV,REAL_511,Real sensor series - Docklands Library - board 511,42,real_sensor_board_511,21.59877674147123,0,normal
2014-12-27 08:25:00+00:00,24.2,Docklands Library,511,32.7,98.5,-37.8195002,144.9418888,ENV,REAL_511,Real sensor series - Docklands Library - board 511,42,real_sensor_board_511,21.599021393176987,0,normal
2014-12-27 08:35:00+00:00,22.6,Docklands Library,511,32.2,98.5,-37.8195002,144.9418888,ENV,REAL_511,Real sensor series - Docklands Library - board 511,42,real_sensor_board_511,21.399217114541592,1,weak_multivariate_excursion
2014-12-27 09:10:00+00:00,19.4,Docklands Library,511,36.5,93.2,-37.8195002,144.9418888,ENV,REAL_511,Real sensor series - Docklands Library - board 511,42,real_sensor_board_511,20.999373691633274,1,weak_multivariate_excursion
2014-12-27 09:20:00+00:00,19.4,Docklands Library,511,38.7,91.6,-37.8195002,144.9418888,ENV,REAL_511,Real sensor series - Docklands Library - board 511,42,real_sensor_board_511,20.67949895330662,1,weak_multivariate_excursion
2014-12-27 09:50:00+00:00,19.0,Docklands Library,511,38.5,70.5,-37.8195002,144.9418888,ENV,REAL_511,Real sensor series - Docklands Library - board 511,42,real_sensor_board_511,20.343599162645297,1,weak_multivariate_excursion
2014-12-27 10:00:00+00:00,18.7,Docklands Library,511,38.4,47.4,-37.8195002,144.9418888,ENV,REAL_511,Real sensor series - Docklands Library - board 511,42,real_sensor_board_511,20.014879330116237,1,weak_multivariate_excursion
2014-12-27 10:20:00+00:00,18.1,Docklands Library,511,37.3,14.8,-37.8195002,144.9418888,ENV,REAL_511,Real sensor series - Docklands Library - board 511,42,real_sensor_board_511,19.631903464092993,1,weak_multivariate_excursion
2014-12-27 10:30:00+00:00,18.1,Docklands Library,511,38.4,13.1,-37.8195002,144.9418888,ENV,REAL_511,Real sensor series - Docklands Library - board 511,42,real_sensor_board_511,19.325522771274397,1,weak_multivariate_excursion
2014-12-27 10:40:00+00:00,17.7,Docklands Library,511,40.1,12.9,-37.8195002,144.9418888,ENV,REAL_511,Real sensor series - Docklands Library - board 511,42,real_sensor_board_511,19.00041821701952,0,normal
2014-12-27 10:50:00+00:00,17.4,Docklands Library,511,41.8,12.9,-37.8195002,144.9418888,ENV,REAL_511,Real sensor series - Docklands Library - board 511,42,real_sensor_board_511,18.680334573615614,0,normal
2014-12-27 11:00:00+00:00,17.1,Docklands Library,511,43.7,13.2,-37.8195002,144.9418888,ENV,REAL_511,Real sensor series - Docklands Library - board 511,42,real_sensor_board_511,18.364267658892494,0,normal
2014-12-27 11:10:00+00:00,17.1,Docklands Library,511,43.6,13.2,-37.8195002,144.9418888,ENV,REAL_511,Real sensor series - Docklands Library - board 511,42,real_sensor_board_511,18.111414127113996,0,normal
2014-12-27 11:20:00+00:00,16.8,Docklands Library,511,44.2,13.9,-37.8195002,144.9418888,ENV,REAL_511,Real sensor series - Docklands Library - board 511,42,real_sensor_board_511,17.849131301691198,0,normal
2014-12-27 11:40:00+00:00,16.5,Docklands Library,511,45.3,12.7,-37.8195002,144.9418888,ENV,REAL_511,Real sensor series - Docklands Library - board 511,42,real_sensor_board_511,17.57930504135296,0,normal
2014-12-27 11:50:00+00:00,16.5,Docklands Library,511,45.6,13.0,-37.8195002,144.9418888,ENV,REAL_511,Real sensor series - Docklands Library - board 511,42,real_sensor_board_511,17.36344403308237,0,normal
2014-12-27 12:00:00+00:00,16.5,Docklands Library,511,46.4,12.9,-37.8195002,144.9418888,ENV,REAL_511,Real sensor series - Docklands Library - board 511,42,real_sensor_board_511,17.190755226465896,0,normal
2014-12-27 12:35:00+00:00,16.1,Docklands Library,511,47.7,12.8,-37.8195002,144.9418888,ENV,REAL_511,Real sensor series - Docklands Library - board 511,42,real_sensor_board_511,16.97260418117272,0,normal
2014-12-27 12:45:00+00:00,15.8,Docklands Library,511,48.0,12.8,-37.8195002,144.9418888,ENV,REAL_511,Real sensor series - Docklands Library - board 511,42,real_sensor_board_511,16.738083344938175,0,normal
2014-12-27 13:15:00+00:00,15.8,Docklands Library,511,48.0,12.7,-37.8195002,144.9418888,ENV,REAL_511,Real sensor series - Docklands Library - board 511,42,real_sensor_board_511,16.550466675950542,0,normal
2014-12-27 13:35:00+00:00,15.8,Docklands Library,511,48.1,12.8,-37.8195002,144.9418888,ENV,REAL_511,Real sensor series - Docklands Library - board 511,42,real_sensor_board_511,16.400373340760435,0,normal
2014-12-27 13:45:00+00:00,15.8,Docklands Library,511,48.8,12.6,-37.8195002,144.9418888,ENV,REAL_511,Real sensor series - Docklands Library - board 511,42,real_sensor_board_511,16.28029867260835,0,normal
2014-12-27 14:15:00+00:00,15.5,Docklands Library,511,50.8,12.5,-37.8195002,144.9418888,ENV,REAL_511,Real sensor series - Docklands Library - board 511,42,real_sensor_board_511,16.12423893808668,0,normal
2014-12-27 14:25:00+00:00,15.5,Docklands Library,511,50.7,12.8,-37.8195002,144.9418888,ENV,REAL_511,Real sensor series - Docklands Library - board 511,42,real_sensor_board_511,15.999391150469345,0,normal
2014-12-27 15:05:00+00:00,14.8,Docklands Library,511,51.9,12.8,-37.8195002,144.9418888,ENV,REAL_511,Real sensor series - Docklands Library - board 511,42,real_sensor_board_511,15.759512920375478,0,normal
2014-12-27 15:15:00+00:00,14.8,Docklands Library,511,52.1,12.8,-37.8195002,144.9418888,ENV,REAL_511,Real sensor series - Docklands Library - board 511,42,real_sensor_board_511,15.567610336300383,0,normal
2014-12-27 15:30:00+00:00,14.8,Docklands Library,511,51.4,12.8,-37.8195002,144.9418888,ENV,REAL_511,Real sensor series - Docklands Library - board 511,42,real_sensor_board_511,15.414088269040308,0,normal
2014-12-27 15:40:00+00:00,14.8,Docklands Library,511,51.9,12.8,-37.8195002,144.9418888,ENV,REAL_511,Real sensor series - Docklands Library - board 511,42,real_sensor_board_511,15.291270615232248,0,normal
2014-12-27 16:20:00+00:00,14.5,Docklands Library,511,51.8,12.8,-37.8195002,144.9418888,ENV,REAL_511,Real sensor series - Docklands Library - board 511,42,real_sensor_board_511,15.1330164921858,0,normal
2014-12-27 16:30:00+00:00,14.5,Docklands Library,511,52.1,12.8,-37.8195002,144.9418888,ENV,REAL_511,Real sensor series - Docklands Library - board 511,42,real_sensor_board_511,15.00641319374864,0,normal
2014-12-27 16:40:00+00:00,14.5,Docklands Library,511,52.2,12.8,-37.8195002,144.9418888,ENV,REAL_511,Real sensor series - Docklands Library - board 511,42,real_sensor_board_511,14.905130554998914,0,normal
2014-12-27 17:00:00+00:00,14.2,Docklands Library,511,52.9,12.8,-37.8195002,144.9418888,ENV,REAL_511,Real sensor series - Docklands Library - board 511,42,real_sensor_board_511,14.764104443999132,0,normal
2014-12-27 17:20:00+00:00,14.2,Docklands Library,511,54.3,12.7,-37.8195002,144.9418888,ENV,REAL_511,Real sensor series - Docklands Library - board 511,42,real_sensor_board_511,14.651283555199306,0,normal
2014-12-27 17:30:00+00:00,13.5,Docklands Library,511,54.9,12.8,-37.8195002,144.9418888,ENV,REAL_511,Real sensor series - Docklands Library - board 511,42,real_sensor_board_511,14.561026844159446,0,normal
2014-12-27 17:40:00+00:00,13.5,Docklands Library,511,55.2,12.8,-37.8195002,144.9418888,ENV,REAL_511,Real sensor series - Docklands Library - board 511,42,real_sensor_board_511,14.488821475327558,0,normal
2014-12-27 18:00:00+00:00,13.2,Docklands Library,511,55.7,12.8,-37.8195002,144.9418888,ENV,REAL_511,Real sensor series - Docklands Library - board 511,42,real_sensor_board_511,14.431057180262048,0,normal
2014-12-27 18:10:00+00:00,12.9,Docklands Library,511,55.5,13.1,-37.8195002,144.9418888,ENV,REAL_511,Real sensor series - Docklands Library - board 511,42,real_sensor_board_511,14.384845744209638,0,normal
2014-12-27 18:20:00+00:00,12.9,Docklands Library,511,56.5,13.9,-37.8195002,144.9418888,ENV,REAL_511,Real sensor series - Docklands Library - board 511,42,real_sensor_board_511,14.347876595367712,1,weak_multivariate_excursion
2014-12-27 18:45:00+00:00,12.9,Docklands Library,511,56.7,42.4,-37.8195002,144.9418888,ENV,REAL_511,Real sensor series - Docklands Library - board 511,42,real_sensor_board_511,14.31830127629417,1,weak_multivariate_excursion
2014-12-27 18:55:00+00:00,12.6,Docklands Library,511,56.2,66.4,-37.8195002,144.9418888,ENV,REAL_511,Real sensor series - Docklands Library - board 511,42,real_sensor_board_511,14.294641021035336,1,weak_multivariate_excursion
2014-12-27 19:05:00+00:00,12.6,Docklands Library,511,56.2,80.1,-37.8195002,144.9418888,ENV,REAL_511,Real sensor series - Docklands Library - board 511,42,real_sensor_board_511,14.27571281682827,1,weak_multivariate_excursion
2014-12-27 19:15:00+00:00,12.6,Docklands Library,511,56.2,86.5,-37.8195002,144.9418888,ENV,REAL_511,Real sensor series - Docklands Library - board 511,42,real_sensor_board_511,14.260570253462616,1,weak_multivariate_excursion
2014-12-27 19:35:00+00:00,12.9,Docklands Library,511,56.0,90.9,-37.8195002,144.9418888,ENV,REAL_511,Real sensor series - Docklands Library - board 511,42,real_sensor_board_511,14.248456202770093,0,normal
2014-12-27 19:45:00+00:00,12.9,Docklands Library,511,55.9,92.0,-37.8195002,144.9418888,ENV,REAL_511,Real sensor series - Docklands Library - board 511,42,real_sensor_board_511,14.238764962216075,0,normal
2014-12-27 20:05:00+00:00,13.2,Docklands Library,511,56.0,92.9,-37.8195002,144.9418888,ENV,REAL_511,Real sensor series - Docklands Library - board 511,42,real_sensor_board_511,14.231011969772862,0,normal
2014-12-27 20:25:00+00:00,13.5,Docklands Library,511,54.8,93.5,-37.8195002,144.9418888,ENV,REAL_511,Real sensor series - Docklands Library - board 511,42,real_sensor_board_511,14.22480957581829,0,normal
2014-12-27 20:35:00+00:00,13.9,Docklands Library,511,54.9,93.6,-37.8195002,144.9418888,ENV,REAL_511,Real sensor series - Docklands Library - board 511,42,real_sensor_board_511,14.219847660654633,0,normal
2014-12-27 20:45:00+00:00,14.2,Docklands Library,511,54.8,93.8,-37.8195002,144.9418888,ENV,REAL_511,Real sensor series - Docklands Library - board 511,42,real_sensor_board_511,14.215878128523707,0,normal
2014-12-27 20:55:00+00:00,14.5,Docklands Library,511,54.6,93.9,-37.8195002,144.9418888,ENV,REAL_511,Real sensor series - Docklands Library - board 511,42,real_sensor_board_511,14.272702502818968,0,normal
2014-12-27 21:15:00+00:00,14.8,Docklands Library,511,54.1,94.1,-37.8195002,144.9418888,ENV,REAL_511,Real sensor series - Docklands Library - board 511,42,real_sensor_board_511,14.378162002255175,0,normal
2014-12-27 21:25:00+00:00,15.2,Docklands Library,511,53.2,94.3,-37.8195002,144.9418888,ENV,REAL_511,Real sensor series - Docklands Library - board 511,42,real_sensor_board_511,14.54252960180414,0,normal
2014-12-27 21:35:00+00:00,15.5,Docklands Library,511,52.9,94.5,-37.8195002,144.9418888,ENV,REAL_511,Real sensor series - Docklands Library - board 511,42,real_sensor_board_511,14.734023681443313,0,normal
2014-12-27 23:00:00+00:00,18.4,Docklands Library,511,48.0,95.4,-37.8195002,144.9418888,ENV,REAL_511,Real sensor series - Docklands Library - board 511,42,real_sensor_board_511,15.46721894515465,1,weak_multivariate_excursion
2014-12-27 23:30:00+00:00,21.0,Docklands Library,511,43.3,96.6,-37.8195002,144.9418888,ENV,REAL_511,Real sensor series - Docklands Library - board 511,42,real_sensor_board_511,16.05377515612372,1,weak_multivariate_excursion
2014-12-27 23:40:00+00:00,22.6,Docklands Library,511,41.5,97.2,-37.8195002,144.9418888,ENV,REAL_511,Real sensor series - Docklands Library - board 511,42,real_sensor_board_511,16.523020124898977,1,weak_multivariate_excursion
2014-12-27 23:50:00+00:00,27.4,Docklands Library,511,35.4,97.8,-37.8195002,144.9418888,ENV,REAL_511,Real sensor series - Docklands Library - board 511,42,real_sensor_board_511,16.89841609991918,1,weak_multivariate_excursion
2014-12-28 00:00:00+00:00,28.7,Docklands Library,511,32.7,97.9,-37.8195002,144.9418888,ENV,REAL_511,Real sensor series - Docklands Library - board 511,42,real_sensor_board_511,17.198732879935346,1,weak_multivariate_excursion
2014-12-28 00:30:00+00:00,29.0,Docklands Library,511,34.1,98.0,-37.8195002,144.9418888,ENV,REAL_511,Real sensor series - Docklands Library - board 511,42,real_sensor_board_511,17.438986303948276,1,weak_multivariate_excursion
2014-12-28 00:40:00+00:00,28.4,Docklands Library,511,33.9,97.9,-37.8195002,144.9418888,ENV,REAL_511,Real sensor series - Docklands Library - board 511,42,real_sensor_board_511,17.63118904315862,1,weak_multivariate_excursion
2014-12-28 01:25:00+00:00,28.4,Docklands Library,511,36.2,98.1,-37.8195002,144.9418888,ENV,REAL_511,Real sensor series - Docklands Library - board 511,42,real_sensor_board_511,17.844951234526896,1,weak_multivariate_excursion
2014-12-28 02:55:00+00:00,26.5,Docklands Library,511,38.4,98.2,-37.8195002,144.9418888,ENV,REAL_511,Real sensor series - Docklands Library - board 511,42,real_sensor_board_511,18.155960987621516,1,weak_multivariate_excursion
2014-12-28 03:15:00+00:00,26.5,Docklands Library,511,36.6,97.3,-37.8195002,144.9418888,ENV,REAL_511,Real sensor series - Docklands Library - board 511,42,real_sensor_board_511,18.524768790097212,1,weak_multivariate_excursion
2014-12-28 04:25:00+00:00,30.6,Docklands Library,511,27.8,98.5,-37.8195002,144.9418888,ENV,REAL_511,Real sensor series - Docklands Library - board 511,42,real_sensor_board_511,19.01981503207777,1,weak_multivariate_excursion
2014-12-28 06:10:00+00:00,34.5,Docklands Library,511,22.4,98.7,-37.8195002,144.9418888,ENV,REAL_511,Real sensor series - Docklands Library - board 511,42,real_sensor_board_511,19.535852025662216,1,weak_multivariate_excursion
2014-12-28 07:10:00+00:00,32.6,Docklands Library,511,26.4,98.7,-37.8195002,144.9418888,ENV,REAL_511,Real sensor series - Docklands Library - board 511,42,real_sensor_board_511,19.948681620529776,1,weak_multivariate_excursion
2014-12-28 07:40:00+00:00,27.4,Docklands Library,511,31.9,96.9,-37.8195002,144.9418888,ENV,REAL_511,Real sensor series - Docklands Library - board 511,42,real_sensor_board_511,20.41894529642382,1,weak_multivariate_excursion
2014-12-28 11:15:00+00:00,24.8,Docklands Library,511,36.9,12.2,-37.8195002,144.9418888,ENV,REAL_511,Real sensor series - Docklands Library - board 511,42,real_sensor_board_511,20.855156237139056,1,weak_multivariate_excursion
2014-12-28 12:50:00+00:00,19.4,Docklands Library,511,57.4,13.9,-37.8195002,144.9418888,ENV,REAL_511,Real sensor series - Docklands Library - board 511,42,real_sensor_board_511,21.204124989711246,1,weak_multivariate_excursion
2014-12-28 14:30:00+00:00,18.1,Docklands Library,511,59.0,12.0,-37.8195002,144.9418888,ENV,REAL_511,Real sensor series - Docklands Library - board 511,42,real_sensor_board_511,21.543299991768997,1,weak_multivariate_excursion
2014-12-28 14:40:00+00:00,18.1,Docklands Library,511,58.1,12.1,-37.8195002,144.9418888,ENV,REAL_511,Real sensor series - Docklands Library - board 511,42,real_sensor_board_511,21.874639993415197,1,weak_multivariate_excursion
2014-12-28 15:25:00+00:00,18.1,Docklands Library,511,56.3,11.5,-37.8195002,144.9418888,ENV,REAL_511,Real sensor series - Docklands Library - board 511,42,real_sensor_board_511,22.13971199473216,0,normal
2014-12-28 15:35:00+00:00,17.7,Docklands Library,511,55.2,11.6,-37.8195002,144.9418888,ENV,REAL_511,Real sensor series - Docklands Library - board 511,42,real_sensor_board_511,22.35176959578573,0,normal
2014-12-28 15:45:00+00:00,17.7,Docklands Library,511,55.7,11.7,-37.8195002,144.9418888,ENV,REAL_511,Real sensor series - Docklands Library - board 511,42,real_sensor_board_511,22.521415676628585,0,normal
2014-12-28 16:45:00+00:00,18.1,Docklands Library,511,55.7,10.7,-37.8195002,144.9418888,ENV,REAL_511,Real sensor series - Docklands Library - board 511,42,real_sensor_board_511,22.657132541302868,1,weak_multivariate_excursion
2014-12-28 19:40:00+00:00,18.7,Docklands Library,511,39.3,92.3,-37.8195002,144.9418888,ENV,REAL_511,Real sensor series - Docklands Library - board 511,42,real_sensor_board_511,22.765706033042296,1,weak_multivariate_excursion
2014-12-28 19:50:00+00:00,20.0,Docklands Library,511,30.0,91.7,-37.8195002,144.9418888,ENV,REAL_511,Real sensor series - Docklands Library - board 511,42,real_sensor_board_511,22.852564826433838,1,weak_multivariate_excursion
2014-12-28 20:30:00+00:00,21.6,Docklands Library,511,22.1,94.0,-37.8195002,144.9418888,ENV,REAL_511,Real sensor series - Docklands Library - board 511,42,real_sensor_board_511,22.92205186114707,0,normal
2014-12-28 20:40:00+00:00,21.6,Docklands Library,511,21.5,93.9,-37.8195002,144.9418888,ENV,REAL_511,Real sensor series - Docklands Library - board 511,42,real_sensor_board_511,22.97764148891766,0,normal
2014-12-28 21:00:00+00:00,22.3,Docklands Library,511,21.0,94.3,-37.8195002,144.9418888,ENV,REAL_511,Real sensor series - Docklands Library - board 511,42,real_sensor_board_511,23.022113191134128,0,normal
2014-12-28 21:10:00+00:00,22.6,Docklands Library,511,20.7,94.8,-37.8195002,144.9418888,ENV,REAL_511,Real sensor series - Docklands Library - board 511,42,real_sensor_board_511,23.057690552907303,0,normal
2014-12-28 21:20:00+00:00,22.9,Docklands Library,511,20.9,95.3,-37.8195002,144.9418888,ENV,REAL_511,Real sensor series - Docklands Library - board 511,42,real_sensor_board_511,23.026152442325845,0,normal
2014-12-28 21:35:00+00:00,23.2,Docklands Library,511,20.4,95.2,-37.8195002,144.9418888,ENV,REAL_511,Real sensor series - Docklands Library - board 511,42,real_sensor_board_511,22.940921953860677,0,normal
2014-12-28 21:55:00+00:00,23.2,Docklands Library,511,20.5,94.9,-37.8195002,144.9418888,ENV,REAL_511,Real sensor series - Docklands Library - board 511,42,real_sensor_board_511,22.812737563088543,0,normal
2014-12-28 22:05:00+00:00,23.5,Docklands Library,511,20.7,94.9,-37.8195002,144.9418888,ENV,REAL_511,Real sensor series - Docklands Library - board 511,42,real_sensor_board_511,22.710190050470835,0,normal
2014-12-28 22:15:00+00:00,23.5,Docklands Library,511,21.5,95.9,-37.8195002,144.9418888,ENV,REAL_511,Real sensor series - Docklands Library - board 511,42,real_sensor_board_511,22.62815204037667,0,normal
2014-12-28 22:25:00+00:00,23.9,Docklands Library,511,20.9,96.1,-37.8195002,144.9418888,ENV,REAL_511,Real sensor series - Docklands Library - board 511,42,real_sensor_board_511,22.562521632301337,0,normal
2014-12-28 22:45:00+00:00,23.9,Docklands Library,511,20.9,96.2,-37.8195002,144.9418888,ENV,REAL_511,Real sensor series - Docklands Library - board 511,42,real_sensor_board_511,22.51001730584107,0,normal
2014-12-28 23:05:00+00:00,24.5,Docklands Library,511,21.2,96.6,-37.8195002,144.9418888,ENV,REAL_511,Real sensor series - Docklands Library - board 511,42,real_sensor_board_511,22.468013844672857,0,normal
2014-12-28 23:15:00+00:00,25.2,Docklands Library,511,20.5,97.1,-37.8195002,144.9418888,ENV,REAL_511,Real sensor series - Docklands Library - board 511,42,real_sensor_board_511,22.434411075738286,0,normal
2014-12-28 23:45:00+00:00,25.8,Docklands Library,511,21.5,96.5,-37.8195002,144.9418888,ENV,REAL_511,Real sensor series - Docklands Library - board 511,42,real_sensor_board_511,22.40752886059063,0,normal
2014-12-29 00:25:00+00:00,25.5,Docklands Library,511,22.8,96.5,-37.8195002,144.9418888,ENV,REAL_511,Real sensor series - Docklands Library - board 511,42,real_sensor_board_511,22.386023088472506,0,normal
2014-12-29 00:35:00+00:00,25.5,Docklands Library,511,23.4,97.8,-37.8195002,144.9418888,ENV,REAL_511,Real sensor series - Docklands Library - board 511,42,real_sensor_board_511,22.368818470778006,0,normal
2014-12-29 00:50:00+00:00,25.2,Docklands Library,511,23.2,97.1,-37.8195002,144.9418888,ENV,REAL_511,Real sensor series - Docklands Library - board 511,42,real_sensor_board_511,22.355054776622406,0,normal
2014-12-29 01:00:00+00:00,27.1,Docklands Library,511,22.8,97.8,-37.8195002,144.9418888,ENV,REAL_511,Real sensor series - Docklands Library - board 511,42,real_sensor_board_511,22.344043821297927,1,weak_multivariate_excursion
2014-12-29 02:00:00+00:00,19.7,Docklands Library,511,39.0,96.0,-37.8195002,144.9418888,ENV,REAL_511,Real sensor series - Docklands Library - board 511,42,real_sensor_board_511,22.25523505703834,1,weak_multivariate_excursion
2014-12-29 02:30:00+00:00,15.5,Docklands Library,511,54.0,95.0,-37.8195002,144.9418888,ENV,REAL_511,Real sensor series - Docklands Library - board 511,42,real_sensor_board_511,22.184188045630673,1,weak_multivariate_excursion
2014-12-29 02:50:00+00:00,15.2,Docklands Library,511,58.4,95.9,-37.8195002,144.9418888,ENV,REAL_511,Real sensor series - Docklands Library - board 511,42,real_sensor_board_511,22.00735043650454,1,weak_multivariate_excursion
2014-12-29 03:00:00+00:00,16.1,Docklands Library,511,55.5,96.2,-37.8195002,144.9418888,ENV,REAL_511,Real sensor series - Docklands Library - board 511,42,real_sensor_board_511,21.865880349203636,1,weak_multivariate_excursion
2014-12-29 03:20:00+00:00,16.8,Docklands Library,511,50.8,97.3,-37.8195002,144.9418888,ENV,REAL_511,Real sensor series - Docklands Library - board 511,42,real_sensor_board_511,21.692704279362907,1,weak_multivariate_excursion
2014-12-29 03:30:00+00:00,17.7,Docklands Library,511,47.3,97.4,-37.8195002,144.9418888,ENV,REAL_511,Real sensor series - Docklands Library - board 511,42,real_sensor_board_511,21.41416342349033,1,weak_multivariate_excursion
2014-12-29 03:50:00+00:00,21.0,Docklands Library,511,38.0,98.3,-37.8195002,144.9418888,ENV,REAL_511,Real sensor series - Docklands Library - board 511,42,real_sensor_board_511,21.191330738792267,0,normal
2014-12-29 04:05:00+00:00,21.9,Docklands Library,511,35.2,98.4,-37.8195002,144.9418888,ENV,REAL_511,Real sensor series - Docklands Library - board 511,42,real_sensor_board_511,21.013064591033817,0,normal
2014-12-29 04:15:00+00:00,19.0,Docklands Library,511,36.6,95.8,-37.8195002,144.9418888,ENV,REAL_511,Real sensor series - Docklands Library - board 511,42,real_sensor_board_511,20.870451672827052,0,normal
2014-12-29 04:25:00+00:00,20.0,Docklands Library,511,35.7,96.5,-37.8195002,144.9418888,ENV,REAL_511,Real sensor series - Docklands Library - board 511,42,real_sensor_board_511,20.696361338261642,0,normal
2014-12-29 04:45:00+00:00,20.0,Docklands Library,511,30.5,97.6,-37.8195002,144.9418888,ENV,REAL_511,Real sensor series - Docklands Library - board 511,42,real_sensor_board_511,20.557089070609315,0,normal
2014-12-29 04:55:00+00:00,20.3,Docklands Library,511,33.0,97.2,-37.8195002,144.9418888,ENV,REAL_511,Real sensor series - Docklands Library - board 511,42,real_sensor_board_511,20.445671256487454,0,normal
2014-12-29 05:55:00+00:00,21.3,Docklands Library,511,28.4,97.0,-37.8195002,144.9418888,ENV,REAL_511,Real sensor series - Docklands Library - board 511,42,real_sensor_board_511,20.296537005189965,0,normal
2014-12-29 06:05:00+00:00,20.3,Docklands Library,511,30.6,95.5,-37.8195002,144.9418888,ENV,REAL_511,Real sensor series - Docklands Library - board 511,42,real_sensor_board_511,20.037229604151975,0,normal
2014-12-29 06:15:00+00:00,20.3,Docklands Library,511,30.3,96.9,-37.8195002,144.9418888,ENV,REAL_511,Real sensor series - Docklands Library - board 511,42,real_sensor_board_511,19.82978368332158,0,normal
2014-12-29 06:25:00+00:00,21.3,Docklands Library,511,29.2,98.7,-37.8195002,144.9418888,ENV,REAL_511,Real sensor series - Docklands Library - board 511,42,real_sensor_board_511,19.603826946657264,0,normal
2014-12-29 06:35:00+00:00,22.9,Docklands Library,511,27.3,98.7,-37.8195002,144.9418888,ENV,REAL_511,Real sensor series - Docklands Library - board 511,42,real_sensor_board_511,19.423061557325813,0,normal
2014-12-29 07:20:00+00:00,20.0,Docklands Library,511,30.0,96.3,-37.8195002,144.9418888,ENV,REAL_511,Real sensor series - Docklands Library - board 511,42,real_sensor_board_511,19.27844924586065,0,normal
2014-12-29 07:30:00+00:00,20.3,Docklands Library,511,29.5,96.0,-37.8195002,144.9418888,ENV,REAL_511,Real sensor series - Docklands Library - board 511,42,real_sensor_board_511,19.16275939668852,0,normal
2014-12-29 07:50:00+00:00,18.1,Docklands Library,511,35.8,94.1,-37.8195002,144.9418888,ENV,REAL_511,Real sensor series - Docklands Library - board 511,42,real_sensor_board_511,19.070207517350816,0,normal
2014-12-29 08:00:00+00:00,18.7,Docklands Library,511,33.2,98.2,-37.8195002,144.9418888,ENV,REAL_511,Real sensor series - Docklands Library - board 511,42,real_sensor_board_511,18.996166013880654,0,normal
2014-12-29 08:20:00+00:00,19.0,Docklands Library,511,33.5,98.1,-37.8195002,144.9418888,ENV,REAL_511,Real sensor series - Docklands Library - board 511,42,real_sensor_board_511,18.936932811104526,0,normal
2014-12-29 08:30:00+00:00,18.7,Docklands Library,511,33.2,94.3,-37.8195002,144.9418888,ENV,REAL_511,Real sensor series - Docklands Library - board 511,42,real_sensor_board_511,18.76954624888362,0,normal
2014-12-29 08:40:00+00:00,17.1,Docklands Library,511,41.2,93.7,-37.8195002,144.9418888,ENV,REAL_511,Real sensor series - Docklands Library - board 511,42,real_sensor_board_511,18.635636999106897,0,normal
2014-12-29 09:00:00+00:00,17.1,Docklands Library,511,42.3,93.4,-37.8195002,144.9418888,ENV,REAL_511,Real sensor series - Docklands Library - board 511,42,real_sensor_board_511,18.528509599285517,1,weak_multivariate_excursion
2014-12-29 15:50:00+00:00,13.2,Docklands Library,511,43.6,14.2,-37.8195002,144.9418888,ENV,REAL_511,Real sensor series - Docklands Library - board 511,42,real_sensor_board_511,18.442807679428416,1,weak_multivariate_excursion
2014-12-29 16:20:00+00:00,12.9,Docklands Library,511,42.5,13.4,-37.8195002,144.9418888,ENV,REAL_511,Real sensor series - Docklands Library - board 511,42,real_sensor_board_511,18.374246143542734,1,weak_multivariate_excursion
2014-12-29 16:50:00+00:00,12.9,Docklands Library,511,42.8,13.4,-37.8195002,144.9418888,ENV,REAL_511,Real sensor series - Docklands Library - board 511,42,real_sensor_board_511,18.31939691483419,0,normal
2014-12-29 17:10:00+00:00,13.2,Docklands Library,511,41.8,13.4,-37.8195002,144.9418888,ENV,REAL_511,Real sensor series - Docklands Library - board 511,42,real_sensor_board_511,18.275517531867354,1,weak_multivariate_excursion
2014-12-29 19:05:00+00:00,13.9,Docklands Library,511,40.6,79.1,-37.8195002,144.9418888,ENV,REAL_511,Real sensor series - Docklands Library - board 511,42,real_sensor_board_511,18.240414025493884,1,weak_multivariate_excursion
2014-12-29 20:05:00+00:00,14.8,Docklands Library,511,41.8,92.2,-37.8195002,144.9418888,ENV,REAL_511,Real sensor series - Docklands Library - board 511,42,real_sensor_board_511,18.212331220395107,1,weak_multivariate_excursion
2014-12-29 20:15:00+00:00,15.5,Docklands Library,511,41.2,91.1,-37.8195002,144.9418888,ENV,REAL_511,Real sensor series - Docklands Library - board 511,42,real_sensor_board_511,18.189864976316088,1,weak_multivariate_excursion
2014-12-29 20:35:00+00:00,16.1,Docklands Library,511,41.4,94.4,-37.8195002,144.9418888,ENV,REAL_511,Real sensor series - Docklands Library - board 511,42,real_sensor_board_511,18.17189198105287,0,normal
2014-12-29 21:00:00+00:00,16.1,Docklands Library,511,42.1,94.9,-37.8195002,144.9418888,ENV,REAL_511,Real sensor series - Docklands Library - board 511,42,real_sensor_board_511,18.157513584842295,0,normal
2014-12-29 21:10:00+00:00,16.5,Docklands Library,511,42.0,95.8,-37.8195002,144.9418888,ENV,REAL_511,Real sensor series - Docklands Library - board 511,42,real_sensor_board_511,18.146010867873837,0,normal
2014-12-29 21:30:00+00:00,16.5,Docklands Library,511,42.5,94.9,-37.8195002,144.9418888,ENV,REAL_511,Real sensor series - Docklands Library - board 511,42,real_sensor_board_511,18.25680869429907,0,normal
2014-12-29 23:20:00+00:00,15.5,Docklands Library,511,54.8,97.0,-37.8195002,144.9418888,ENV,REAL_511,Real sensor series - Docklands Library - board 511,42,real_sensor_board_511,18.345446955439257,0,normal
2014-12-29 23:30:00+00:00,18.1,Docklands Library,511,48.8,97.0,-37.8195002,144.9418888,ENV,REAL_511,Real sensor series - Docklands Library - board 511,42,real_sensor_board_511,18.416357564351408,0,normal
2014-12-30 00:05:00+00:00,20.3,Docklands Library,511,40.3,97.5,-37.8195002,144.9418888,ENV,REAL_511,Real sensor series - Docklands Library - board 511,42,real_sensor_board_511,18.793086051481126,0,normal
2014-12-30 00:15:00+00:00,20.3,Docklands Library,511,39.3,97.4,-37.8195002,144.9418888,ENV,REAL_511,Real sensor series - Docklands Library - board 511,42,real_sensor_board_511,19.094468841184902,0,normal
2014-12-30 00:35:00+00:00,22.3,Docklands Library,511,40.9,98.0,-37.8195002,144.9418888,ENV,REAL_511,Real sensor series - Docklands Library - board 511,42,real_sensor_board_511,19.475575072947922,0,normal
2014-12-30 00:55:00+00:00,21.0,Docklands Library,511,37.7,97.2,-37.8195002,144.9418888,ENV,REAL_511,Real sensor series - Docklands Library - board 511,42,real_sensor_board_511,19.90046005835834,0,normal
2014-12-30 02:25:00+00:00,23.2,Docklands Library,511,28.1,98.1,-37.8195002,144.9418888,ENV,REAL_511,Real sensor series - Docklands Library - board 511,42,real_sensor_board_511,20.240368046686676,0,normal
2014-12-30 03:30:00+00:00,24.2,Docklands Library,511,25.7,98.1,-37.8195002,144.9418888,ENV,REAL_511,Real sensor series - Docklands Library - board 511,42,real_sensor_board_511,20.572294437349342,0,normal
2014-12-30 03:40:00+00:00,23.9,Docklands Library,511,24.3,97.6,-37.8195002,144.9418888,ENV,REAL_511,Real sensor series - Docklands Library - board 511,42,real_sensor_board_511,20.837835549879472,0,normal
2014-12-30 03:50:00+00:00,23.9,Docklands Library,511,24.8,97.8,-37.8195002,144.9418888,ENV,REAL_511,Real sensor series - Docklands Library - board 511,42,real_sensor_board_511,21.050268439903576,0,normal
2014-12-30 04:00:00+00:00,24.2,Docklands Library,511,25.0,98.5,-37.8195002,144.9418888,ENV,REAL_511,Real sensor series - Docklands Library - board 511,42,real_sensor_board_511,21.22021475192286,0,normal
2014-12-30 04:20:00+00:00,22.6,Docklands Library,511,28.4,98.1,-37.8195002,144.9418888,ENV,REAL_511,Real sensor series - Docklands Library - board 511,42,real_sensor_board_511,21.356171801538288,0,normal
2014-12-30 04:40:00+00:00,22.3,Docklands Library,511,30.3,98.2,-37.8195002,144.9418888,ENV,REAL_511,Real sensor series - Docklands Library - board 511,42,real_sensor_board_511,21.46493744123063,0,normal
2014-12-30 04:50:00+00:00,22.3,Docklands Library,511,29.8,98.3,-37.8195002,144.9418888,ENV,REAL_511,Real sensor series - Docklands Library - board 511,42,real_sensor_board_511,21.551949952984504,0,normal
2014-12-30 05:00:00+00:00,21.9,Docklands Library,511,37.3,97.9,-37.8195002,144.9418888,ENV,REAL_511,Real sensor series - Docklands Library - board 511,42,real_sensor_board_511,21.621559962387604,0,normal
2014-12-30 05:10:00+00:00,21.6,Docklands Library,511,38.8,98.6,-37.8195002,144.9418888,ENV,REAL_511,Real sensor series - Docklands Library - board 511,42,real_sensor_board_511,21.677247969910084,0,normal
2014-12-30 05:50:00+00:00,23.5,Docklands Library,511,34.6,98.7,-37.8195002,144.9418888,ENV,REAL_511,Real sensor series - Docklands Library - board 511,42,real_sensor_board_511,21.721798375928067,0,normal
2014-12-30 06:10:00+00:00,21.6,Docklands Library,511,36.3,98.7,-37.8195002,144.9418888,ENV,REAL_511,Real sensor series - Docklands Library - board 511,42,real_sensor_board_511,21.757438700742455,0,normal
2014-12-30 06:20:00+00:00,22.9,Docklands Library,511,36.8,97.9,-37.8195002,144.9418888,ENV,REAL_511,Real sensor series - Docklands Library - board 511,42,real_sensor_board_511,21.785950960593965,0,normal
2014-12-30 06:30:00+00:00,22.9,Docklands Library,511,37.3,98.7,-37.8195002,144.9418888,ENV,REAL_511,Real sensor series - Docklands Library - board 511,42,real_sensor_board_511,21.80876076847517,0,normal
2014-12-30 06:45:00+00:00,23.5,Docklands Library,511,34.7,98.7,-37.8195002,144.9418888,ENV,REAL_511,Real sensor series - Docklands Library - board 511,42,real_sensor_board_511,21.76700861478014,0,normal
2014-12-30 06:55:00+00:00,22.9,Docklands Library,511,35.4,98.7,-37.8195002,144.9418888,ENV,REAL_511,Real sensor series - Docklands Library - board 511,42,real_sensor_board_511,21.733606891824113,0,normal
2014-12-30 07:15:00+00:00,22.3,Docklands Library,511,36.2,98.0,-37.8195002,144.9418888,ENV,REAL_511,Real sensor series - Docklands Library - board 511,42,real_sensor_board_511,21.70688551345929,0,normal
2014-12-30 07:35:00+00:00,19.0,Docklands Library,511,42.0,97.2,-37.8195002,144.9418888,ENV,REAL_511,Real sensor series - Docklands Library - board 511,42,real_sensor_board_511,21.165508410767433,0,normal
2014-12-30 08:45:00+00:00,18.4,Docklands Library,511,40.4,98.0,-37.8195002,144.9418888,ENV,REAL_511,Real sensor series - Docklands Library - board 511,42,real_sensor_board_511,20.612406728613948,1,weak_multivariate_excursion
2014-12-30 10:50:00+00:00,16.5,Docklands Library,511,40.4,13.8,-37.8195002,144.9418888,ENV,REAL_511,Real sensor series - Docklands Library - board 511,42,real_sensor_board_511,19.96992538289116,1,weak_multivariate_excursion
2014-12-30 20:15:00+00:00,11.6,Docklands Library,511,52.2,92.3,-37.8195002,144.9418888,ENV,REAL_511,Real sensor series - Docklands Library - board 511,42,real_sensor_board_511,19.45594030631293,1,weak_multivariate_excursion
2014-12-30 20:35:00+00:00,11.9,Docklands Library,511,51.8,93.5,-37.8195002,144.9418888,ENV,REAL_511,Real sensor series - Docklands Library - board 511,42,real_sensor_board_511,19.044752245050343,1,weak_multivariate_excursion
2014-12-30 20:55:00+00:00,12.6,Docklands Library,511,50.8,93.9,-37.8195002,144.9418888,ENV,REAL_511,Real sensor series - Docklands Library - board 511,42,real_sensor_board_511,18.715801796040274,1,weak_multivariate_excursion
2014-12-30 21:05:00+00:00,12.9,Docklands Library,511,50.2,94.0,-37.8195002,144.9418888,ENV,REAL_511,Real sensor series - Docklands Library - board 511,42,real_sensor_board_511,18.45264143683222,0,normal
2014-12-30 21:15:00+00:00,13.2,Docklands Library,511,49.9,94.1,-37.8195002,144.9418888,ENV,REAL_511,Real sensor series - Docklands Library - board 511,42,real_sensor_board_511,18.242113149465776,0,normal
2014-12-30 21:35:00+00:00,13.9,Docklands Library,511,48.9,94.6,-37.8195002,144.9418888,ENV,REAL_511,Real sensor series - Docklands Library - board 511,42,real_sensor_board_511,18.073690519572622,0,normal
2014-12-30 21:45:00+00:00,14.2,Docklands Library,511,47.8,94.8,-37.8195002,144.9418888,ENV,REAL_511,Real sensor series - Docklands Library - board 511,42,real_sensor_board_511,17.938952415658097,0,normal
2014-12-30 21:55:00+00:00,14.8,Docklands Library,511,46.9,95.0,-37.8195002,144.9418888,ENV,REAL_511,Real sensor series - Docklands Library - board 511,42,real_sensor_board_511,17.831161932526477,0,normal
2014-12-30 22:05:00+00:00,15.5,Docklands Library,511,45.5,95.2,-37.8195002,144.9418888,ENV,REAL_511,Real sensor series - Docklands Library - board 511,42,real_sensor_board_511,17.744929546021183,0,normal
2014-12-30 22:25:00+00:00,15.8,Docklands Library,511,45.5,95.4,-37.8195002,144.9418888,ENV,REAL_511,Real sensor series - Docklands Library - board 511,42,real_sensor_board_511,17.675943636816946,0,normal
2014-12-30 22:45:00+00:00,16.1,Docklands Library,511,45.9,95.7,-37.8195002,144.9418888,ENV,REAL_511,Real sensor series - Docklands Library - board 511,42,real_sensor_board_511,17.620754909453556,0,normal
2014-12-30 22:55:00+00:00,16.1,Docklands Library,511,43.1,95.8,-37.8195002,144.9418888,ENV,REAL_511,Real sensor series - Docklands Library - board 511,42,real_sensor_board_511,17.576603927562847,0,normal
2014-12-30 23:15:00+00:00,16.8,Docklands Library,511,45.8,96.6,-37.8195002,144.9418888,ENV,REAL_511,Real sensor series - Docklands Library - board 511,42,real_sensor_board_511,17.54128314205028,0,normal
2014-12-30 23:25:00+00:00,17.4,Docklands Library,511,45.0,96.6,-37.8195002,144.9418888,ENV,REAL_511,Real sensor series - Docklands Library - board 511,42,real_sensor_board_511,17.513026513640224,0,normal
2014-12-30 23:40:00+00:00,16.8,Docklands Library,511,45.0,96.1,-37.8195002,144.9418888,ENV,REAL_511,Real sensor series - Docklands Library - board 511,42,real_sensor_board_511,17.490421210912178,0,normal
2014-12-30 23:50:00+00:00,20.3,Docklands Library,511,41.5,97.8,-37.8195002,144.9418888,ENV,REAL_511,Real sensor series - Docklands Library - board 511,42,real_sensor_board_511,18.052336968729744,0,normal
2014-12-31 00:10:00+00:00,21.9,Docklands Library,511,39.3,97.9,-37.8195002,144.9418888,ENV,REAL_511,Real sensor series - Docklands Library - board 511,42,real_sensor_board_511,18.821869574983797,0,normal
2014-12-31 00:40:00+00:00,21.9,Docklands Library,511,37.9,98.0,-37.8195002,144.9418888,ENV,REAL_511,Real sensor series - Docklands Library - board 511,42,real_sensor_board_511,19.43749565998704,0,normal
2014-12-31 00:50:00+00:00,22.6,Docklands Library,511,37.3,98.0,-37.8195002,144.9418888,ENV,REAL_511,Real sensor series - Docklands Library - board 511,42,real_sensor_board_511,19.929996527989633,0,normal
2014-12-31 02:00:00+00:00,21.9,Docklands Library,511,34.3,98.0,-37.8195002,144.9418888,ENV,REAL_511,Real sensor series - Docklands Library - board 511,42,real_sensor_board_511,20.40399722239171,0,normal
2014-12-31 02:30:00+00:00,22.6,Docklands Library,511,31.7,98.0,-37.8195002,144.9418888,ENV,REAL_511,Real sensor series - Docklands Library - board 511,42,real_sensor_board_511,20.843197777913367,0,normal
2014-12-31 02:40:00+00:00,22.3,Docklands Library,511,31.7,98.1,-37.8195002,144.9418888,ENV,REAL_511,Real sensor series - Docklands Library - board 511,42,real_sensor_board_511,21.194558222330695,0,normal
2014-12-31 03:25:00+00:00,22.9,Docklands Library,511,30.3,98.1,-37.8195002,144.9418888,ENV,REAL_511,Real sensor series - Docklands Library - board 511,42,real_sensor_board_511,21.535646577864554,0,normal
2014-12-31 03:35:00+00:00,23.2,Docklands Library,511,30.3,98.1,-37.8195002,144.9418888,ENV,REAL_511,Real sensor series - Docklands Library - board 511,42,real_sensor_board_511,21.808517262291645,0,normal
2014-12-31 03:45:00+00:00,23.2,Docklands Library,511,31.0,98.2,-37.8195002,144.9418888,ENV,REAL_511,Real sensor series - Docklands Library - board 511,42,real_sensor_board_511,22.026813809833314,0,normal
2014-12-31 04:15:00+00:00,23.9,Docklands Library,511,29.1,98.4,-37.8195002,144.9418888,ENV,REAL_511,Real sensor series - Docklands Library - board 511,42,real_sensor_board_511,22.201451047866655,0,normal
2014-12-31 04:45:00+00:00,24.2,Docklands Library,511,28.9,98.4,-37.8195002,144.9418888,ENV,REAL_511,Real sensor series - Docklands Library - board 511,42,real_sensor_board_511,22.341160838293327,0,normal
2014-12-31 05:05:00+00:00,25.2,Docklands Library,511,28.7,98.5,-37.8195002,144.9418888,ENV,REAL_511,Real sensor series - Docklands Library - board 511,42,real_sensor_board_511,22.452928670634662,0,normal
2014-12-31 05:25:00+00:00,26.5,Docklands Library,511,27.0,98.5,-37.8195002,144.9418888,ENV,REAL_511,Real sensor series - Docklands Library - board 511,42,real_sensor_board_511,22.54234293650773,0,normal
2014-12-31 05:45:00+00:00,27.7,Docklands Library,511,26.2,98.6,-37.8195002,144.9418888,ENV,REAL_511,Real sensor series - Docklands Library - board 511,42,real_sensor_board_511,22.613874349206185,0,normal
2014-12-31 05:55:00+00:00,27.1,Docklands Library,511,25.4,98.6,-37.8195002,144.9418888,ENV,REAL_511,Real sensor series - Docklands Library - board 511,42,real_sensor_board_511,22.671099479364948,0,normal
2014-12-31 06:10:00+00:00,27.7,Docklands Library,511,26.1,98.6,-37.8195002,144.9418888,ENV,REAL_511,Real sensor series - Docklands Library - board 511,42,real_sensor_board_511,22.71687958349196,0,normal
2014-12-31 06:40:00+00:00,27.4,Docklands Library,511,28.0,98.7,-37.8195002,144.9418888,ENV,REAL_511,Real sensor series - Docklands Library - board 511,42,real_sensor_board_511,22.75350366679357,0,normal
2014-12-31 06:50:00+00:00,26.8,Docklands Library,511,28.7,98.6,-37.8195002,144.9418888,ENV,REAL_511,Real sensor series - Docklands Library - board 511,42,real_sensor_board_511,22.78280293343486,0,normal
2014-12-31 07:00:00+00:00,26.8,Docklands Library,511,28.3,98.7,-37.8195002,144.9418888,ENV,REAL_511,Real sensor series - Docklands Library - board 511,42,real_sensor_board_511,22.806242346747887,0,normal
2014-12-31 07:10:00+00:00,26.8,Docklands Library,511,28.4,98.6,-37.8195002,144.9418888,ENV,REAL_511,Real sensor series - Docklands Library - board 511,42,real_sensor_board_511,22.824993877398313,0,normal
2014-12-31 07:20:00+00:00,25.5,Docklands Library,511,28.0,98.7,-37.8195002,144.9418888,ENV,REAL_511,Real sensor series - Docklands Library - board 511,42,real_sensor_board_511,22.839995101918653,0,normal
2014-12-31 07:50:00+00:00,24.2,Docklands Library,511,32.7,98.4,-37.8195002,144.9418888,ENV,REAL_511,Real sensor series - Docklands Library - board 511,42,real_sensor_board_511,22.85199608153492,0,normal
2014-12-31 08:00:00+00:00,22.3,Docklands Library,511,36.8,97.9,-37.8195002,144.9418888,ENV,REAL_511,Real sensor series - Docklands Library - board 511,42,real_sensor_board_511,22.741596865227937,0,normal
2014-12-31 08:30:00+00:00,21.3,Docklands Library,511,42.1,97.4,-37.8195002,144.9418888,ENV,REAL_511,Real sensor series - Docklands Library - board 511,42,real_sensor_board_511,22.45327749218235,1,weak_multivariate_excursion
2014-12-31 14:10:00+00:00,15.8,Docklands Library,511,50.3,13.1,-37.8195002,144.9418888,ENV,REAL_511,Real sensor series - Docklands Library - board 511,42,real_sensor_board_511,21.44262199374588,1,weak_multivariate_excursion
2014-12-31 15:40:00+00:00,15.5,Docklands Library,511,51.3,13.0,-37.8195002,144.9418888,ENV,REAL_511,Real sensor series - Docklands Library - board 511,42,real_sensor_board_511,20.634097594996707,1,weak_multivariate_excursion
2014-12-31 16:15:00+00:00,14.8,Docklands Library,511,53.8,13.2,-37.8195002,144.9418888,ENV,REAL_511,Real sensor series - Docklands Library - board 511,42,real_sensor_board_511,19.987278075997366,0,normal
2014-12-31 16:25:00+00:00,14.5,Docklands Library,511,53.5,13.1,-37.8195002,144.9418888,ENV,REAL_511,Real sensor series - Docklands Library - board 511,42,real_sensor_board_511,19.469822460797893,0,normal
2014-12-31 16:55:00+00:00,14.2,Docklands Library,511,53.0,13.2,-37.8195002,144.9418888,ENV,REAL_511,Real sensor series - Docklands Library - board 511,42,real_sensor_board_511,19.055857968638314,0,normal
2014-12-31 17:15:00+00:00,13.9,Docklands Library,511,54.1,13.2,-37.8195002,144.9418888,ENV,REAL_511,Real sensor series - Docklands Library - board 511,42,real_sensor_board_511,18.72468637491065,0,normal
2014-12-31 18:25:00+00:00,13.9,Docklands Library,511,53.7,13.6,-37.8195002,144.9418888,ENV,REAL_511,Real sensor series - Docklands Library - board 511,42,real_sensor_board_511,18.45974909992852,0,normal
2014-12-31 18:35:00+00:00,13.9,Docklands Library,511,53.5,17.5,-37.8195002,144.9418888,ENV,REAL_511,Real sensor series - Docklands Library - board 511,42,real_sensor_board_511,18.247799279942814,1,weak_multivariate_excursion
2014-12-31 18:45:00+00:00,13.9,Docklands Library,511,53.3,35.7,-37.8195002,144.9418888,ENV,REAL_511,Real sensor series - Docklands Library - board 511,42,real_sensor_board_511,18.07823942395425,1,weak_multivariate_excursion
2014-12-31 19:05:00+00:00,13.9,Docklands Library,511,54.4,73.4,-37.8195002,144.9418888,ENV,REAL_511,Real sensor series - Docklands Library - board 511,42,real_sensor_board_511,17.942591539163402,1,weak_multivariate_excursion
2014-12-31 20:20:00+00:00,14.8,Docklands Library,511,53.5,94.4,-37.8195002,144.9418888,ENV,REAL_511,Real sensor series - Docklands Library - board 511,42,real_sensor_board_511,17.834073231330724,1,weak_multivariate_excursion
2014-12-31 20:30:00+00:00,15.2,Docklands Library,511,53.5,94.5,-37.8195002,144.9418888,ENV,REAL_511,Real sensor series - Docklands Library - board 511,42,real_sensor_board_511,17.74725858506458,1,weak_multivariate_excursion
2014-12-31 20:40:00+00:00,15.2,Docklands Library,511,52.9,94.1,-37.8195002,144.9418888,ENV,REAL_511,Real sensor series - Docklands Library - board 511,42,real_sensor_board_511,17.677806868051665,0,normal
2014-12-31 20:50:00+00:00,15.5,Docklands Library,511,53.5,94.5,-37.8195002,144.9418888,ENV,REAL_511,Real sensor series - Docklands Library - board 511,42,real_sensor_board_511,17.622245494441334,0,normal
2014-12-31 21:40:00+00:00,17.4,Docklands Library,511,49.1,96.3,-37.8195002,144.9418888,ENV,REAL_511,Real sensor series - Docklands Library - board 511,42,real_sensor_board_511,17.57779639555307,0,normal
2014-12-31 22:00:00+00:00,17.4,Docklands Library,511,51.8,96.7,-37.8195002,144.9418888,ENV,REAL_511,Real sensor series - Docklands Library - board 511,42,real_sensor_board_511,17.542237116442454,0,normal
2014-12-31 22:10:00+00:00,17.7,Docklands Library,511,50.8,97.0,-37.8195002,144.9418888,ENV,REAL_511,Real sensor series - Docklands Library - board 511,42,real_sensor_board_511,17.573789693153962,0,normal
2014-12-31 22:20:00+00:00,18.4,Docklands Library,511,50.3,97.1,-37.8195002,144.9418888,ENV,REAL_511,Real sensor series - Docklands Library - board 511,42,real_sensor_board_511,17.739031754523168,0,normal
2014-12-31 22:55:00+00:00,19.4,Docklands Library,511,50.5,97.3,-37.8195002,144.9418888,ENV,REAL_511,Real sensor series - Docklands Library - board 511,42,real_sensor_board_511,17.931225403618534,0,normal
2014-12-31 23:05:00+00:00,19.0,Docklands Library,511,51.0,97.3,-37.8195002,144.9418888,ENV,REAL_511,Real sensor series - Docklands Library - board 511,42,real_sensor_board_511,18.144980322894828,0,normal
2014-12-31 23:25:00+00:00,19.0,Docklands Library,511,50.5,97.2,-37.8195002,144.9418888,ENV,REAL_511,Real sensor series - Docklands Library - board 511,42,real_sensor_board_511,18.31598425831586,0,normal
2014-12-31 23:35:00+00:00,18.7,Docklands Library,511,50.3,97.0,-37.8195002,144.9418888,ENV,REAL_511,Real sensor series - Docklands Library - board 511,42,real_sensor_board_511,18.45278740665269,0,normal
2014-12-31 23:45:00+00:00,19.4,Docklands Library,511,49.9,97.5,-37.8195002,144.9418888,ENV,REAL_511,Real sensor series - Docklands Library - board 511,42,real_sensor_board_511,18.562229925322153,0,normal
2015-01-01 00:05:00+00:00,20.6,Docklands Library,511,46.9,97.8,-37.8195002,144.9418888,ENV,REAL_511,Real sensor series - Docklands Library - board 511,42,real_sensor_board_511,18.72978394025772,0,normal
2015-01-01 00:25:00+00:00,19.0,Docklands Library,511,47.7,96.5,-37.8195002,144.9418888,ENV,REAL_511,Real sensor series - Docklands Library - board 511,42,real_sensor_board_511,18.863827152206177,0,normal
2015-01-01 00:35:00+00:00,19.0,Docklands Library,511,48.9,96.9,-37.8195002,144.9418888,ENV,REAL_511,Real sensor series - Docklands Library - board 511,42,real_sensor_board_511,18.971061721764944,0,normal
2015-01-01 00:45:00+00:00,19.4,Docklands Library,511,47.8,97.1,-37.8195002,144.9418888,ENV,REAL_511,Real sensor series - Docklands Library - board 511,42,real_sensor_board_511,19.056849377411954,0,normal
2015-01-01 00:55:00+00:00,19.4,Docklands Library,511,48.5,97.3,-37.8195002,144.9418888,ENV,REAL_511,Real sensor series - Docklands Library - board 511,42,real_sensor_board_511,19.365479501929563,0,normal
2015-01-01 01:25:00+00:00,20.6,Docklands Library,511,45.9,97.8,-37.8195002,144.9418888,ENV,REAL_511,Real sensor series - Docklands Library - board 511,42,real_sensor_board_511,19.61238360154365,0,normal
2015-01-01 01:45:00+00:00,21.9,Docklands Library,511,45.5,98.1,-37.8195002,144.9418888,ENV,REAL_511,Real sensor series - Docklands Library - board 511,42,real_sensor_board_511,20.06990688123492,0,normal
2015-01-01 01:55:00+00:00,22.6,Docklands Library,511,44.2,98.3,-37.8195002,144.9418888,ENV,REAL_511,Real sensor series - Docklands Library - board 511,42,real_sensor_board_511,20.435925504987935,0,normal
2015-01-01 02:40:00+00:00,21.9,Docklands Library,511,42.5,98.2,-37.8195002,144.9418888,ENV,REAL_511,Real sensor series - Docklands Library - board 511,42,real_sensor_board_511,20.868740403990348,0,normal
2015-01-01 03:20:00+00:00,23.9,Docklands Library,511,36.5,98.3,-37.8195002,144.9418888,ENV,REAL_511,Real sensor series - Docklands Library - board 511,42,real_sensor_board_511,21.334992323192278,0,normal
2015-01-01 04:00:00+00:00,25.2,Docklands Library,511,32.2,97.8,-37.8195002,144.9418888,ENV,REAL_511,Real sensor series - Docklands Library - board 511,42,real_sensor_board_511,21.847993858553824,0,normal
2015-01-01 04:20:00+00:00,25.8,Docklands Library,511,31.7,97.8,-37.8195002,144.9418888,ENV,REAL_511,Real sensor series - Docklands Library - board 511,42,real_sensor_board_511,22.258395086843063,1,weak_multivariate_excursion
2015-01-01 04:30:00+00:00,27.7,Docklands Library,511,30.0,98.3,-37.8195002,144.9418888,ENV,REAL_511,Real sensor series - Docklands Library - board 511,42,real_sensor_board_511,22.586716069474452,1,weak_multivariate_excursion
2015-01-01 04:40:00+00:00,25.5,Docklands Library,511,31.7,96.6,-37.8195002,144.9418888,ENV,REAL_511,Real sensor series - Docklands Library - board 511,42,real_sensor_board_511,22.849372855579563,1,weak_multivariate_excursion
2015-01-01 04:50:00+00:00,28.4,Docklands Library,511,28.6,98.5,-37.8195002,144.9418888,ENV,REAL_511,Real sensor series - Docklands Library - board 511,42,real_sensor_board_511,23.059498284463654,1,weak_multivariate_excursion
2015-01-01 05:10:00+00:00,26.1,Docklands Library,511,36.2,98.4,-37.8195002,144.9418888,ENV,REAL_511,Real sensor series - Docklands Library - board 511,42,real_sensor_board_511,23.227598627570924,1,weak_multivariate_excursion
2015-01-01 05:25:00+00:00,23.2,Docklands Library,511,40.3,98.5,-37.8195002,144.9418888,ENV,REAL_511,Real sensor series - Docklands Library - board 511,42,real_sensor_board_511,23.36207890205674,0,normal
2015-01-01 05:35:00+00:00,25.8,Docklands Library,511,36.6,98.6,-37.8195002,144.9418888,ENV,REAL_511,Real sensor series - Docklands Library - board 511,42,real_sensor_board_511,23.469663121645393,0,normal
2015-01-01 06:35:00+00:00,26.1,Docklands Library,511,37.7,98.6,-37.8195002,144.9418888,ENV,REAL_511,Real sensor series - Docklands Library - board 511,42,real_sensor_board_511,23.555730497316315,0,normal
2015-01-01 06:55:00+00:00,26.8,Docklands Library,511,37.9,98.6,-37.8195002,144.9418888,ENV,REAL_511,Real sensor series - Docklands Library - board 511,42,real_sensor_board_511,23.624584397853052,0,normal
2015-01-01 07:05:00+00:00,26.8,Docklands Library,511,37.4,98.7,-37.8195002,144.9418888,ENV,REAL_511,Real sensor series - Docklands Library - board 511,42,real_sensor_board_511,23.679667518282443,0,normal
2015-01-01 07:15:00+00:00,26.8,Docklands Library,511,38.2,98.6,-37.8195002,144.9418888,ENV,REAL_511,Real sensor series - Docklands Library - board 511,42,real_sensor_board_511,23.723734014625958,0,normal
2015-01-01 07:25:00+00:00,26.1,Docklands Library,511,39.5,98.6,-37.8195002,144.9418888,ENV,REAL_511,Real sensor series - Docklands Library - board 511,42,real_sensor_board_511,23.758987211700767,0,normal
2015-01-01 07:45:00+00:00,25.5,Docklands Library,511,42.1,98.6,-37.8195002,144.9418888,ENV,REAL_511,Real sensor series - Docklands Library - board 511,42,real_sensor_board_511,23.787189769360616,0,normal
2015-01-01 08:05:00+00:00,25.2,Docklands Library,511,42.0,98.5,-37.8195002,144.9418888,ENV,REAL_511,Real sensor series - Docklands Library - board 511,42,real_sensor_board_511,23.809751815488493,0,normal
2015-01-01 08:15:00+00:00,25.5,Docklands Library,511,42.8,98.5,-37.8195002,144.9418888,ENV,REAL_511,Real sensor series - Docklands Library - board 511,42,real_sensor_board_511,23.827801452390798,0,normal
2015-01-01 09:00:00+00:00,23.9,Docklands Library,511,44.4,97.9,-37.8195002,144.9418888,ENV,REAL_511,Real sensor series - Docklands Library - board 511,42,real_sensor_board_511,23.70224116191264,1,weak_multivariate_excursion
2015-01-01 10:00:00+00:00,20.3,Docklands Library,511,47.0,39.4,-37.8195002,144.9418888,ENV,REAL_511,Real sensor series - Docklands Library - board 511,42,real_sensor_board_511,23.021792929530115,1,weak_multivariate_excursion
2015-01-01 10:40:00+00:00,19.0,Docklands Library,511,50.3,13.3,-37.8195002,144.9418888,ENV,REAL_511,Real sensor series - Docklands Library - board 511,42,real_sensor_board_511,22.21743434362409,1,weak_multivariate_excursion
2015-01-01 11:20:00+00:00,18.4,Docklands Library,511,54.1,13.4,-37.8195002,144.9418888,ENV,REAL_511,Real sensor series - Docklands Library - board 511,42,real_sensor_board_511,21.453947474899273,1,weak_multivariate_excursion
2015-01-01 11:30:00+00:00,18.1,Docklands Library,511,54.8,13.4,-37.8195002,144.9418888,ENV,REAL_511,Real sensor series - Docklands Library - board 511,42,real_sensor_board_511,20.78315797991942,0,normal
2015-01-01 14:05:00+00:00,17.1,Docklands Library,511,57.4,11.7,-37.8195002,144.9418888,ENV,REAL_511,Real sensor series - Docklands Library - board 511,42,real_sensor_board_511,20.04652638393554,0,normal
2015-01-01 15:40:00+00:00,16.5,Docklands Library,511,58.5,11.0,-37.8195002,144.9418888,ENV,REAL_511,Real sensor series - Docklands Library - board 511,42,real_sensor_board_511,19.457221107148435,0,normal
2015-01-01 16:00:00+00:00,16.5,Docklands Library,511,58.5,11.4,-37.8195002,144.9418888,ENV,REAL_511,Real sensor series - Docklands Library - board 511,42,real_sensor_board_511,18.98577688571875,0,normal
2015-01-01 16:20:00+00:00,16.5,Docklands Library,511,60.0,11.4,-37.8195002,144.9418888,ENV,REAL_511,Real sensor series - Docklands Library - board 511,42,real_sensor_board_511,18.608621508575002,0,normal
2015-01-01 17:10:00+00:00,15.8,Docklands Library,511,60.3,11.4,-37.8195002,144.9418888,ENV,REAL_511,Real sensor series - Docklands Library - board 511,42,real_sensor_board_511,18.306897206860004,0,normal
2015-01-01 17:50:00+00:00,15.5,Docklands Library,511,61.5,10.9,-37.8195002,144.9418888,ENV,REAL_511,Real sensor series - Docklands Library - board 511,42,real_sensor_board_511,18.065517765488003,0,normal
2015-01-01 18:00:00+00:00,15.5,Docklands Library,511,61.5,11.0,-37.8195002,144.9418888,ENV,REAL_511,Real sensor series - Docklands Library - board 511,42,real_sensor_board_511,17.872414212390403,0,normal
2015-01-01 18:10:00+00:00,15.8,Docklands Library,511,61.1,11.3,-37.8195002,144.9418888,ENV,REAL_511,Real sensor series - Docklands Library - board 511,42,real_sensor_board_511,17.717931369912325,0,normal
2015-01-01 18:20:00+00:00,15.8,Docklands Library,511,60.9,11.5,-37.8195002,144.9418888,ENV,REAL_511,Real sensor series - Docklands Library - board 511,42,real_sensor_board_511,17.59434509592986,1,weak_multivariate_excursion
2015-01-01 19:15:00+00:00,15.8,Docklands Library,511,60.9,76.1,-37.8195002,144.9418888,ENV,REAL_511,Real sensor series - Docklands Library - board 511,42,real_sensor_board_511,17.49547607674389,1,weak_multivariate_excursion
2015-01-01 19:25:00+00:00,16.1,Docklands Library,511,60.8,80.4,-37.8195002,144.9418888,ENV,REAL_511,Real sensor series - Docklands Library - board 511,42,real_sensor_board_511,17.416380861395115,1,weak_multivariate_excursion
2015-01-01 19:45:00+00:00,16.5,Docklands Library,511,60.0,87.5,-37.8195002,144.9418888,ENV,REAL_511,Real sensor series - Docklands Library - board 511,42,real_sensor_board_511,17.353104689116094,0,normal
2015-01-01 20:05:00+00:00,16.5,Docklands Library,511,60.3,91.1,-37.8195002,144.9418888,ENV,REAL_511,Real sensor series - Docklands Library - board 511,42,real_sensor_board_511,17.302483751292876,0,normal
2015-01-01 20:35:00+00:00,17.1,Docklands Library,511,59.3,93.7,-37.8195002,144.9418888,ENV,REAL_511,Real sensor series - Docklands Library - board 511,42,real_sensor_board_511,17.261987001034303,0,normal
2015-01-01 20:45:00+00:00,16.8,Docklands Library,511,59.3,93.4,-37.8195002,144.9418888,ENV,REAL_511,Real sensor series - Docklands Library - board 511,42,real_sensor_board_511,17.229589600827445,0,normal
2015-01-01 20:55:00+00:00,16.8,Docklands Library,511,59.8,94.1,-37.8195002,144.9418888,ENV,REAL_511,Real sensor series - Docklands Library - board 511,42,real_sensor_board_511,17.20367168066196,0,normal
2015-01-01 21:05:00+00:00,17.1,Docklands Library,511,59.5,94.2,-37.8195002,144.9418888,ENV,REAL_511,Real sensor series - Docklands Library - board 511,42,real_sensor_board_511,17.18293734452957,0,normal
2015-01-01 21:45:00+00:00,18.4,Docklands Library,511,54.3,95.5,-37.8195002,144.9418888,ENV,REAL_511,Real sensor series - Docklands Library - board 511,42,real_sensor_board_511,17.426349875623657,0,normal
2015-01-01 21:55:00+00:00,19.0,Docklands Library,511,53.5,94.7,-37.8195002,144.9418888,ENV,REAL_511,Real sensor series - Docklands Library - board 511,42,real_sensor_board_511,17.741079900498928,0,normal
2015-01-01 22:10:00+00:00,19.4,Docklands Library,511,53.3,95.4,-37.8195002,144.9418888,ENV,REAL_511,Real sensor series - Docklands Library - board 511,42,real_sensor_board_511,18.072863920399143,0,normal
2015-01-01 22:30:00+00:00,21.0,Docklands Library,511,49.4,96.2,-37.8195002,144.9418888,ENV,REAL_511,Real sensor series - Docklands Library - board 511,42,real_sensor_board_511,18.658291136319317,0,normal
2015-01-01 22:40:00+00:00,22.3,Docklands Library,511,45.1,96.9,-37.8195002,144.9418888,ENV,REAL_511,Real sensor series - Docklands Library - board 511,42,real_sensor_board_511,19.386632909055454,0,normal
2015-01-01 22:50:00+00:00,23.2,Docklands Library,511,43.6,96.8,-37.8195002,144.9418888,ENV,REAL_511,Real sensor series - Docklands Library - board 511,42,real_sensor_board_511,20.149306327244364,0,normal
2015-01-01 23:00:00+00:00,23.2,Docklands Library,511,42.8,96.9,-37.8195002,144.9418888,ENV,REAL_511,Real sensor series - Docklands Library - board 511,42,real_sensor_board_511,20.759445061795493,0,normal
2015-01-01 23:10:00+00:00,23.5,Docklands Library,511,42.3,96.6,-37.8195002,144.9418888,ENV,REAL_511,Real sensor series - Docklands Library - board 511,42,real_sensor_board_511,21.307556049436393,0,normal
2015-01-01 23:30:00+00:00,24.8,Docklands Library,511,39.8,96.6,-37.8195002,144.9418888,ENV,REAL_511,Real sensor series - Docklands Library - board 511,42,real_sensor_board_511,22.006044839549116,0,normal
2015-01-01 23:40:00+00:00,25.8,Docklands Library,511,38.8,97.1,-37.8195002,144.9418888,ENV,REAL_511,Real sensor series - Docklands Library - board 511,42,real_sensor_board_511,22.764835871639292,1,weak_multivariate_excursion
2015-01-01 23:50:00+00:00,31.6,Docklands Library,511,34.9,97.9,-37.8195002,144.9418888,ENV,REAL_511,Real sensor series - Docklands Library - board 511,42,real_sensor_board_511,24.531868697311435,1,weak_multivariate_excursion
2015-01-02 00:00:00+00:00,32.6,Docklands Library,511,32.7,97.9,-37.8195002,144.9418888,ENV,REAL_511,Real sensor series - Docklands Library - board 511,42,real_sensor_board_511,26.14549495784915,1,weak_multivariate_excursion
2015-01-02 00:30:00+00:00,34.2,Docklands Library,511,22.1,98.0,-37.8195002,144.9418888,ENV,REAL_511,Real sensor series - Docklands Library - board 511,42,real_sensor_board_511,27.75639596627932,1,weak_multivariate_excursion
2015-01-02 00:40:00+00:00,35.5,Docklands Library,511,19.4,98.0,-37.8195002,144.9418888,ENV,REAL_511,Real sensor series - Docklands Library - board 511,42,real_sensor_board_511,29.30511677302346,1,weak_multivariate_excursion
2015-01-02 00:50:00+00:00,36.8,Docklands Library,511,19.9,98.1,-37.8195002,144.9418888,ENV,REAL_511,Real sensor series - Docklands Library - board 511,42,real_sensor_board_511,30.60409341841877,1,weak_multivariate_excursion
2015-01-02 01:00:00+00:00,35.8,Docklands Library,511,18.3,98.1,-37.8195002,144.9418888,ENV,REAL_511,Real sensor series - Docklands Library - board 511,42,real_sensor_board_511,31.84327473473502,1,weak_multivariate_excursion
2015-01-02 02:55:00+00:00,37.1,Docklands Library,511,15.7,97.7,-37.8195002,144.9418888,ENV,REAL_511,Real sensor series - Docklands Library - board 511,42,real_sensor_board_511,32.834619787788014,0,normal
2015-01-02 03:05:00+00:00,36.8,Docklands Library,511,14.7,97.6,-37.8195002,144.9418888,ENV,REAL_511,Real sensor series - Docklands Library - board 511,42,real_sensor_board_511,33.68769583023041,0,normal
2015-01-02 03:15:00+00:00,37.7,Docklands Library,511,15.8,97.7,-37.8195002,144.9418888,ENV,REAL_511,Real sensor series - Docklands Library - board 511,42,real_sensor_board_511,34.49015666418433,0,normal
2015-01-02 03:25:00+00:00,37.7,Docklands Library,511,14.6,97.8,-37.8195002,144.9418888,ENV,REAL_511,Real sensor series - Docklands Library - board 511,42,real_sensor_board_511,35.13212533134747,0,normal
2015-01-02 03:35:00+00:00,39.4,Docklands Library,511,15.0,98.6,-37.8195002,144.9418888,ENV,REAL_511,Real sensor series - Docklands Library - board 511,42,real_sensor_board_511,35.84570026507797,0,normal
2015-01-02 04:05:00+00:00,40.6,Docklands Library,511,12.2,98.5,-37.8195002,144.9418888,ENV,REAL_511,Real sensor series - Docklands Library - board 511,42,real_sensor_board_511,36.41656021206238,0,normal
2015-01-02 04:15:00+00:00,40.6,Docklands Library,511,12.2,98.6,-37.8195002,144.9418888,ENV,REAL_511,Real sensor series - Docklands Library - board 511,42,real_sensor_board_511,36.9332481696499,0,normal
2015-01-02 04:25:00+00:00,40.6,Docklands Library,511,12.2,97.8,-37.8195002,144.9418888,ENV,REAL_511,Real sensor series - Docklands Library - board 511,42,real_sensor_board_511,37.34659853571992,0,normal
2015-01-02 04:40:00+00:00,38.7,Docklands Library,511,12.0,98.3,-37.8195002,144.9418888,ENV,REAL_511,Real sensor series - Docklands Library - board 511,42,real_sensor_board_511,37.677278828575936,0,normal
2015-01-02 04:50:00+00:00,40.3,Docklands Library,511,12.0,98.5,-37.8195002,144.9418888,ENV,REAL_511,Real sensor series - Docklands Library - board 511,42,real_sensor_board_511,37.94182306286075,1,weak_multivariate_excursion
2015-01-02 05:20:00+00:00,43.9,Docklands Library,511,11.7,98.6,-37.8195002,144.9418888,ENV,REAL_511,Real sensor series - Docklands Library - board 511,42,real_sensor_board_511,38.153458450288596,1,weak_multivariate_excursion
2015-01-02 05:40:00+00:00,40.6,Docklands Library,511,11.1,98.4,-37.8195002,144.9418888,ENV,REAL_511,Real sensor series - Docklands Library - board 511,42,real_sensor_board_511,38.32276676023088,1,weak_multivariate_excursion
2015-01-02 05:50:00+00:00,41.6,Docklands Library,511,11.1,97.9,-37.8195002,144.9418888,ENV,REAL_511,Real sensor series - Docklands Library - board 511,42,real_sensor_board_511,38.458213408184704,0,normal
2015-01-02 06:00:00+00:00,39.0,Docklands Library,511,11.7,97.1,-37.8195002,144.9418888,ENV,REAL_511,Real sensor series - Docklands Library - board 511,42,real_sensor_board_511,38.566570726547766,0,normal
2015-01-02 06:10:00+00:00,39.7,Docklands Library,511,11.4,98.2,-37.8195002,144.9418888,ENV,REAL_511,Real sensor series - Docklands Library - board 511,42,real_sensor_board_511,38.65325658123821,0,normal
2015-01-02 06:20:00+00:00,41.3,Docklands Library,511,10.9,98.7,-37.8195002,144.9418888,ENV,REAL_511,Real sensor series - Docklands Library - board 511,42,real_sensor_board_511,38.72260526499057,0,normal
2015-01-02 06:40:00+00:00,39.0,Docklands Library,511,11.1,96.9,-37.8195002,144.9418888,ENV,REAL_511,Real sensor series - Docklands Library - board 511,42,real_sensor_board_511,38.77808421199246,1,weak_multivariate_excursion
2015-01-02 06:50:00+00:00,42.9,Docklands Library,511,10.5,97.4,-37.8195002,144.9418888,ENV,REAL_511,Real sensor series - Docklands Library - board 511,42,real_sensor_board_511,38.822467369593966,1,weak_multivariate_excursion
2015-01-02 07:00:00+00:00,40.0,Docklands Library,511,9.8,96.7,-37.8195002,144.9418888,ENV,REAL_511,Real sensor series - Docklands Library - board 511,42,real_sensor_board_511,38.85797389567517,1,weak_multivariate_excursion
2015-01-02 07:10:00+00:00,39.7,Docklands Library,511,10.8,98.7,-37.8195002,144.9418888,ENV,REAL_511,Real sensor series - Docklands Library - board 511,42,real_sensor_board_511,38.88637911654014,0,normal
2015-01-02 07:20:00+00:00,38.7,Docklands Library,511,10.6,96.6,-37.8195002,144.9418888,ENV,REAL_511,Real sensor series - Docklands Library - board 511,42,real_sensor_board_511,38.909103293232114,0,normal
2015-01-02 07:40:00+00:00,39.7,Docklands Library,511,10.0,97.8,-37.8195002,144.9418888,ENV,REAL_511,Real sensor series - Docklands Library - board 511,42,real_sensor_board_511,38.86728263458569,0,normal
2015-01-02 07:55:00+00:00,39.4,Docklands Library,511,10.0,97.6,-37.8195002,144.9418888,ENV,REAL_511,Real sensor series - Docklands Library - board 511,42,real_sensor_board_511,38.83382610766856,0,normal
2015-01-02 08:55:00+00:00,37.7,Docklands Library,511,10.9,94.1,-37.8195002,144.9418888,ENV,REAL_511,Real sensor series - Docklands Library - board 511,42,real_sensor_board_511,38.607060886134846,0,normal
2015-01-02 09:05:00+00:00,37.1,Docklands Library,511,11.6,94.4,-37.8195002,144.9418888,ENV,REAL_511,Real sensor series - Docklands Library - board 511,42,real_sensor_board_511,38.30564870890788,0,normal
2015-01-02 09:15:00+00:00,36.8,Docklands Library,511,12.3,92.8,-37.8195002,144.9418888,ENV,REAL_511,Real sensor series - Docklands Library - board 511,42,real_sensor_board_511,38.0045189671263,0,normal
2015-01-02 09:25:00+00:00,36.1,Docklands Library,511,12.0,89.7,-37.8195002,144.9418888,ENV,REAL_511,Real sensor series - Docklands Library - board 511,42,real_sensor_board_511,37.62361517370104,1,weak_multivariate_excursion
2015-01-02 10:45:00+00:00,33.5,Docklands Library,511,14.9,11.5,-37.8195002,144.9418888,ENV,REAL_511,Real sensor series - Docklands Library - board 511,42,real_sensor_board_511,36.79889213896084,1,weak_multivariate_excursion
2015-01-02 11:05:00+00:00,32.9,Docklands Library,511,15.5,11.7,-37.8195002,144.9418888,ENV,REAL_511,Real sensor series - Docklands Library - board 511,42,real_sensor_board_511,36.01911371116867,1,weak_multivariate_excursion
2015-01-02 11:30:00+00:00,32.6,Docklands Library,511,15.3,11.8,-37.8195002,144.9418888,ENV,REAL_511,Real sensor series - Docklands Library - board 511,42,real_sensor_board_511,35.33529096893494,0,normal
2015-01-02 11:40:00+00:00,32.3,Docklands Library,511,15.7,11.8,-37.8195002,144.9418888,ENV,REAL_511,Real sensor series - Docklands Library - board 511,42,real_sensor_board_511,34.72823277514795,0,normal
2015-01-02 12:00:00+00:00,32.3,Docklands Library,511,15.5,11.7,-37.8195002,144.9418888,ENV,REAL_511,Real sensor series - Docklands Library - board 511,42,real_sensor_board_511,34.24258622011836,0,normal
2015-01-02 12:30:00+00:00,32.3,Docklands Library,511,14.7,12.1,-37.8195002,144.9418888,ENV,REAL_511,Real sensor series - Docklands Library - board 511,42,real_sensor_board_511,33.85406897609469,0,normal
2015-01-02 12:50:00+00:00,32.3,Docklands Library,511,14.6,11.7,-37.8195002,144.9418888,ENV,REAL_511,Real sensor series - Docklands Library - board 511,42,real_sensor_board_511,33.543255180875754,0,normal
2015-01-02 13:00:00+00:00,31.9,Docklands Library,511,15.2,12.2,-37.8195002,144.9418888,ENV,REAL_511,Real sensor series - Docklands Library - board 511,42,real_sensor_board_511,33.29460414470061,0,normal
2015-01-02 13:10:00+00:00,31.6,Docklands Library,511,14.9,12.1,-37.8195002,144.9418888,ENV,REAL_511,Real sensor series - Docklands Library - board 511,42,real_sensor_board_511,33.09568331576049,0,normal
2015-01-02 13:20:00+00:00,32.3,Docklands Library,511,14.1,11.9,-37.8195002,144.9418888,ENV,REAL_511,Real sensor series - Docklands Library - board 511,42,real_sensor_board_511,32.856546652608394,0,normal
2015-01-02 13:30:00+00:00,32.3,Docklands Library,511,13.6,11.6,-37.8195002,144.9418888,ENV,REAL_511,Real sensor series - Docklands Library - board 511,42,real_sensor_board_511,32.66523732208672,0,normal
2015-01-02 13:40:00+00:00,31.9,Docklands Library,511,13.9,12.2,-37.8195002,144.9418888,ENV,REAL_511,Real sensor series - Docklands Library - board 511,42,real_sensor_board_511,32.51218985766938,0,normal
2015-01-02 13:50:00+00:00,31.9,Docklands Library,511,13.9,12.0,-37.8195002,144.9418888,ENV,REAL_511,Real sensor series - Docklands Library - board 511,42,real_sensor_board_511,32.38975188613551,0,normal
2015-01-02 14:00:00+00:00,31.9,Docklands Library,511,13.5,11.9,-37.8195002,144.9418888,ENV,REAL_511,Real sensor series - Docklands Library - board 511,42,real_sensor_board_511,32.29180150890841,0,normal
2015-01-02 14:10:00+00:00,31.9,Docklands Library,511,13.3,11.9,-37.8195002,144.9418888,ENV,REAL_511,Real sensor series - Docklands Library - board 511,42,real_sensor_board_511,32.21344120712673,0,normal
2015-01-02 14:20:00+00:00,31.6,Docklands Library,511,13.6,12.5,-37.8195002,144.9418888,ENV,REAL_511,Real sensor series - Docklands Library - board 511,42,real_sensor_board_511,32.090752965701384,0,normal
2015-01-02 14:35:00+00:00,31.3,Docklands Library,511,13.9,11.9,-37.8195002,144.9418888,ENV,REAL_511,Real sensor series - Docklands Library - board 511,42,real_sensor_board_511,31.99260237256111,0,normal
2015-01-02 14:55:00+00:00,31.6,Docklands Library,511,15.0,14.1,-37.8195002,144.9418888,ENV,REAL_511,Real sensor series - Docklands Library - board 511,42,real_sensor_board_511,31.914081898048888,0,normal
2015-01-02 15:05:00+00:00,31.9,Docklands Library,511,16.8,11.9,-37.8195002,144.9418888,ENV,REAL_511,Real sensor series - Docklands Library - board 511,42,real_sensor_board_511,31.851265518439114,0,normal
2015-01-02 15:15:00+00:00,31.6,Docklands Library,511,18.0,12.1,-37.8195002,144.9418888,ENV,REAL_511,Real sensor series - Docklands Library - board 511,42,real_sensor_board_511,31.741012414751292,0,normal
2015-01-02 15:25:00+00:00,31.0,Docklands Library,511,19.3,11.3,-37.8195002,144.9418888,ENV,REAL_511,Real sensor series - Docklands Library - board 511,42,real_sensor_board_511,31.592809931801035,0,normal
2015-01-02 15:35:00+00:00,31.0,Docklands Library,511,20.9,13.4,-37.8195002,144.9418888,ENV,REAL_511,Real sensor series - Docklands Library - board 511,42,real_sensor_board_511,31.47424794544083,0,normal
2015-01-02 15:55:00+00:00,30.3,Docklands Library,511,23.5,13.1,-37.8195002,144.9418888,ENV,REAL_511,Real sensor series - Docklands Library - board 511,42,real_sensor_board_511,31.239398356352666,0,normal
2015-01-02 16:05:00+00:00,30.3,Docklands Library,511,23.2,14.1,-37.8195002,144.9418888,ENV,REAL_511,Real sensor series - Docklands Library - board 511,42,real_sensor_board_511,31.051518685082137,0,normal
2015-01-02 16:15:00+00:00,30.0,Docklands Library,511,23.4,12.0,-37.8195002,144.9418888,ENV,REAL_511,Real sensor series - Docklands Library - board 511,42,real_sensor_board_511,30.841214948065712,0,normal
2015-01-02 16:25:00+00:00,29.7,Docklands Library,511,23.5,13.3,-37.8195002,144.9418888,ENV,REAL_511,Real sensor series - Docklands Library - board 511,42,real_sensor_board_511,30.612971958452572,0,normal
2015-01-02 16:45:00+00:00,29.4,Docklands Library,511,23.7,12.6,-37.8195002,144.9418888,ENV,REAL_511,Real sensor series - Docklands Library - board 511,42,real_sensor_board_511,30.43037756676206,0,normal
2015-01-02 16:55:00+00:00,29.4,Docklands Library,511,24.0,12.1,-37.8195002,144.9418888,ENV,REAL_511,Real sensor series - Docklands Library - board 511,42,real_sensor_board_511,30.28430205340965,0,normal
2015-01-02 17:05:00+00:00,29.7,Docklands Library,511,23.4,13.3,-37.8195002,144.9418888,ENV,REAL_511,Real sensor series - Docklands Library - board 511,42,real_sensor_board_511,30.167441642727724,0,normal
2015-01-02 17:15:00+00:00,29.7,Docklands Library,511,23.5,12.6,-37.8195002,144.9418888,ENV,REAL_511,Real sensor series - Docklands Library - board 511,42,real_sensor_board_511,30.013953314182178,0,normal
2015-01-02 17:35:00+00:00,29.7,Docklands Library,511,23.7,12.6,-37.8195002,144.9418888,ENV,REAL_511,Real sensor series - Docklands Library - board 511,42,real_sensor_board_511,29.89116265134574,0,normal
2015-01-02 17:50:00+00:00,29.4,Docklands Library,511,25.3,12.9,-37.8195002,144.9418888,ENV,REAL_511,Real sensor series - Docklands Library - board 511,42,real_sensor_board_511,29.792930121076594,0,normal
2015-01-02 18:00:00+00:00,29.4,Docklands Library,511,26.5,12.0,-37.8195002,144.9418888,ENV,REAL_511,Real sensor series - Docklands Library - board 511,42,real_sensor_board_511,29.714344096861275,0,normal
2015-01-02 18:10:00+00:00,29.4,Docklands Library,511,26.5,12.3,-37.8195002,144.9418888,ENV,REAL_511,Real sensor series - Docklands Library - board 511,42,real_sensor_board_511,29.65147527748902,0,normal
2015-01-02 18:20:00+00:00,29.4,Docklands Library,511,27.2,12.3,-37.8195002,144.9418888,ENV,REAL_511,Real sensor series - Docklands Library - board 511,42,real_sensor_board_511,29.601180221991218,0,normal
2015-01-02 18:30:00+00:00,29.0,Docklands Library,511,27.2,13.5,-37.8195002,144.9418888,ENV,REAL_511,Real sensor series - Docklands Library - board 511,42,real_sensor_board_511,29.560944177592976,1,weak_multivariate_excursion
2015-01-02 18:50:00+00:00,29.0,Docklands Library,511,27.2,46.7,-37.8195002,144.9418888,ENV,REAL_511,Real sensor series - Docklands Library - board 511,42,real_sensor_board_511,29.52875534207438,1,weak_multivariate_excursion
2015-01-02 19:00:00+00:00,28.7,Docklands Library,511,26.9,70.5,-37.8195002,144.9418888,ENV,REAL_511,Real sensor series - Docklands Library - board 511,42,real_sensor_board_511,29.503004273659503,1,weak_multivariate_excursion
2015-01-02 19:10:00+00:00,28.4,Docklands Library,511,28.0,82.1,-37.8195002,144.9418888,ENV,REAL_511,Real sensor series - Docklands Library - board 511,42,real_sensor_board_511,29.482403418927603,1,weak_multivariate_excursion
2015-01-02 19:20:00+00:00,28.4,Docklands Library,511,28.0,86.9,-37.8195002,144.9418888,ENV,REAL_511,Real sensor series - Docklands Library - board 511,42,real_sensor_board_511,29.465922735142083,1,weak_multivariate_excursion
2015-01-02 19:30:00+00:00,28.4,Docklands Library,511,28.4,89.2,-37.8195002,144.9418888,ENV,REAL_511,Real sensor series - Docklands Library - board 511,42,real_sensor_board_511,29.452738188113667,0,normal
2015-01-02 19:40:00+00:00,28.4,Docklands Library,511,28.4,90.8,-37.8195002,144.9418888,ENV,REAL_511,Real sensor series - Docklands Library - board 511,42,real_sensor_board_511,29.442190550490935,0,normal
2015-01-02 19:50:00+00:00,28.4,Docklands Library,511,28.7,92.1,-37.8195002,144.9418888,ENV,REAL_511,Real sensor series - Docklands Library - board 511,42,real_sensor_board_511,29.433752440392748,0,normal
2015-01-02 20:00:00+00:00,28.4,Docklands Library,511,28.7,92.7,-37.8195002,144.9418888,ENV,REAL_511,Real sensor series - Docklands Library - board 511,42,real_sensor_board_511,29.4270019523142,0,normal
2015-01-02 20:10:00+00:00,28.1,Docklands Library,511,29.4,93.2,-37.8195002,144.9418888,ENV,REAL_511,Real sensor series - Docklands Library - board 511,42,real_sensor_board_511,29.42160156185136,0,normal
2015-01-02 20:20:00+00:00,28.4,Docklands Library,511,29.1,93.6,-37.8195002,144.9418888,ENV,REAL_511,Real sensor series - Docklands Library - board 511,42,real_sensor_board_511,29.41728124948109,0,normal
2015-01-02 20:30:00+00:00,28.4,Docklands Library,511,28.9,93.9,-37.8195002,144.9418888,ENV,REAL_511,Real sensor series - Docklands Library - board 511,42,real_sensor_board_511,29.41382499958487,0,normal
2015-01-02 20:55:00+00:00,28.7,Docklands Library,511,29.2,94.5,-37.8195002,144.9418888,ENV,REAL_511,Real sensor series - Docklands Library - board 511,42,real_sensor_board_511,29.4110599996679,0,normal
2015-01-02 21:15:00+00:00,29.0,Docklands Library,511,29.2,94.9,-37.8195002,144.9418888,ENV,REAL_511,Real sensor series - Docklands Library - board 511,42,real_sensor_board_511,29.40884799973432,0,normal
2015-01-02 21:25:00+00:00,29.4,Docklands Library,511,28.7,95.1,-37.8195002,144.9418888,ENV,REAL_511,Real sensor series - Docklands Library - board 511,42,real_sensor_board_511,29.407078399787455,0,normal
2015-01-02 21:35:00+00:00,29.7,Docklands Library,511,29.1,95.2,-37.8195002,144.9418888,ENV,REAL_511,Real sensor series - Docklands Library - board 511,42,real_sensor_board_511,29.465662719829968,0,normal
2015-01-02 21:45:00+00:00,29.7,Docklands Library,511,28.9,95.3,-37.8195002,144.9418888,ENV,REAL_511,Real sensor series - Docklands Library - board 511,42,real_sensor_board_511,29.512530175863976,0,normal
2015-01-02 22:05:00+00:00,30.0,Docklands Library,511,28.4,95.6,-37.8195002,144.9418888,ENV,REAL_511,Real sensor series - Docklands Library - board 511,42,real_sensor_board_511,29.61002414069118,0,normal
2015-01-02 22:15:00+00:00,30.0,Docklands Library,511,28.3,95.7,-37.8195002,144.9418888,ENV,REAL_511,Real sensor series - Docklands Library - board 511,42,real_sensor_board_511,29.688019312552946,0,normal
2015-01-02 22:25:00+00:00,30.6,Docklands Library,511,27.8,95.6,-37.8195002,144.9418888,ENV,REAL_511,Real sensor series - Docklands Library - board 511,42,real_sensor_board_511,29.87041545004236,0,normal
2015-01-02 22:35:00+00:00,30.6,Docklands Library,511,28.1,95.5,-37.8195002,144.9418888,ENV,REAL_511,Real sensor series - Docklands Library - board 511,42,real_sensor_board_511,30.01633236003389,0,normal
2015-01-02 22:45:00+00:00,30.6,Docklands Library,511,28.1,95.4,-37.8195002,144.9418888,ENV,REAL_511,Real sensor series - Docklands Library - board 511,42,real_sensor_board_511,30.133065888027115,0,normal
2015-01-02 22:55:00+00:00,30.6,Docklands Library,511,27.8,95.4,-37.8195002,144.9418888,ENV,REAL_511,Real sensor series - Docklands Library - board 511,42,real_sensor_board_511,30.226452710421693,0,normal
2015-01-02 23:05:00+00:00,31.0,Docklands Library,511,26.9,95.5,-37.8195002,144.9418888,ENV,REAL_511,Real sensor series - Docklands Library - board 511,42,real_sensor_board_511,30.381162168337355,0,normal
2015-01-02 23:15:00+00:00,31.0,Docklands Library,511,26.9,95.7,-37.8195002,144.9418888,ENV,REAL_511,Real sensor series - Docklands Library - board 511,42,real_sensor_board_511,30.504929734669883,0,normal
2015-01-02 23:25:00+00:00,31.3,Docklands Library,511,26.7,95.9,-37.8195002,144.9418888,ENV,REAL_511,Real sensor series - Docklands Library - board 511,42,real_sensor_board_511,30.66394378773591,0,normal
2015-01-02 23:35:00+00:00,31.6,Docklands Library,511,26.2,96.6,-37.8195002,144.9418888,ENV,REAL_511,Real sensor series - Docklands Library - board 511,42,real_sensor_board_511,30.79115503018873,0,normal
2015-01-02 23:45:00+00:00,32.9,Docklands Library,511,25.3,97.8,-37.8195002,144.9418888,ENV,REAL_511,Real sensor series - Docklands Library - board 511,42,real_sensor_board_511,30.892924024150986,0,normal
2015-01-02 23:55:00+00:00,33.2,Docklands Library,511,24.8,97.9,-37.8195002,144.9418888,ENV,REAL_511,Real sensor series - Docklands Library - board 511,42,real_sensor_board_511,30.974339219320793,0,normal
2015-01-03 00:10:00+00:00,34.5,Docklands Library,511,24.2,97.8,-37.8195002,144.9418888,ENV,REAL_511,Real sensor series - Docklands Library - board 511,42,real_sensor_board_511,31.03947137545664,0,normal
2015-01-03 00:40:00+00:00,35.5,Docklands Library,511,23.2,97.9,-37.8195002,144.9418888,ENV,REAL_511,Real sensor series - Docklands Library - board 511,42,real_sensor_board_511,31.091577100365313,0,normal
2015-01-03 00:50:00+00:00,34.8,Docklands Library,511,22.9,98.0,-37.8195002,144.9418888,ENV,REAL_511,Real sensor series - Docklands Library - board 511,42,real_sensor_board_511,31.133261680292254,0,normal
2015-01-03 01:00:00+00:00,35.5,Docklands Library,511,22.8,98.0,-37.8195002,144.9418888,ENV,REAL_511,Real sensor series - Docklands Library - board 511,42,real_sensor_board_511,31.166609344233805,0,normal
2015-01-03 01:10:00+00:00,36.1,Docklands Library,511,22.4,98.0,-37.8195002,144.9418888,ENV,REAL_511,Real sensor series - Docklands Library - board 511,42,real_sensor_board_511,31.19328747538705,0,normal
2015-01-03 01:20:00+00:00,37.1,Docklands Library,511,21.8,98.1,-37.8195002,144.9418888,ENV,REAL_511,Real sensor series - Docklands Library - board 511,42,real_sensor_board_511,31.214629980309642,0,normal
2015-01-03 01:50:00+00:00,36.8,Docklands Library,511,20.9,98.0,-37.8195002,144.9418888,ENV,REAL_511,Real sensor series - Docklands Library - board 511,42,real_sensor_board_511,31.231703984247716,1,weak_multivariate_excursion
2015-01-03 03:45:00+00:00,37.7,Docklands Library,511,19.8,98.0,-37.8195002,144.9418888,ENV,REAL_511,Real sensor series - Docklands Library - board 511,42,real_sensor_board_511,31.245363187398176,1,weak_multivariate_excursion
2015-01-03 04:35:00+00:00,39.0,Docklands Library,511,18.2,98.2,-37.8195002,144.9418888,ENV,REAL_511,Real sensor series - Docklands Library - board 511,42,real_sensor_board_511,31.256290549918543,1,weak_multivariate_excursion
2015-01-03 05:35:00+00:00,38.1,Docklands Library,511,18.2,97.5,-37.8195002,144.9418888,ENV,REAL_511,Real sensor series - Docklands Library - board 511,42,real_sensor_board_511,31.26503243993484,1,weak_multivariate_excursion
2015-01-03 06:15:00+00:00,37.4,Docklands Library,511,17.7,96.6,-37.8195002,144.9418888,ENV,REAL_511,Real sensor series - Docklands Library - board 511,42,real_sensor_board_511,31.272025951947874,1,weak_multivariate_excursion
2015-01-03 06:35:00+00:00,37.4,Docklands Library,511,17.4,95.7,-37.8195002,144.9418888,ENV,REAL_511,Real sensor series - Docklands Library - board 511,42,real_sensor_board_511,31.277620761558303,1,weak_multivariate_excursion
2015-01-03 08:50:00+00:00,24.2,Docklands Library,511,52.9,76.4,-37.8195002,144.9418888,ENV,REAL_511,Real sensor series - Docklands Library - board 511,42,real_sensor_board_511,30.242096609246644,1,weak_multivariate_excursion
2015-01-03 11:15:00+00:00,25.2,Docklands Library,511,50.5,13.1,-37.8195002,144.9418888,ENV,REAL_511,Real sensor series - Docklands Library - board 511,42,real_sensor_board_511,29.353677287397318,1,weak_multivariate_excursion
2015-01-03 11:25:00+00:00,25.2,Docklands Library,511,50.8,13.7,-37.8195002,144.9418888,ENV,REAL_511,Real sensor series - Docklands Library - board 511,42,real_sensor_board_511,28.582941829917857,1,weak_multivariate_excursion
2015-01-04 01:05:00+00:00,23.5,Docklands Library,511,42.0,98.2,-37.8195002,144.9418888,ENV,REAL_511,Real sensor series - Docklands Library - board 511,42,real_sensor_board_511,27.96635346393429,1,weak_multivariate_excursion
2015-01-04 01:15:00+00:00,23.5,Docklands Library,511,42.8,98.0,-37.8195002,144.9418888,ENV,REAL_511,Real sensor series - Docklands Library - board 511,42,real_sensor_board_511,27.413082771147433,1,weak_multivariate_excursion
2015-01-04 03:20:00+00:00,22.3,Docklands Library,511,40.4,98.1,-37.8195002,144.9418888,ENV,REAL_511,Real sensor series - Docklands Library - board 511,42,real_sensor_board_511,26.97046621691795,0,normal
2015-01-04 03:30:00+00:00,22.3,Docklands Library,511,40.6,98.1,-37.8195002,144.9418888,ENV,REAL_511,Real sensor series - Docklands Library - board 511,42,real_sensor_board_511,26.61637297353436,0,normal
2015-01-04 05:20:00+00:00,23.9,Docklands Library,511,36.8,98.5,-37.8195002,144.9418888,ENV,REAL_511,Real sensor series - Docklands Library - board 511,42,real_sensor_board_511,26.13309837882749,0,normal
2015-01-04 05:30:00+00:00,24.2,Docklands Library,511,36.0,98.5,-37.8195002,144.9418888,ENV,REAL_511,Real sensor series - Docklands Library - board 511,42,real_sensor_board_511,25.746478703061992,0,normal
2015-01-04 05:40:00+00:00,25.2,Docklands Library,511,35.5,98.5,-37.8195002,144.9418888,ENV,REAL_511,Real sensor series - Docklands Library - board 511,42,real_sensor_board_511,25.377182962449595,0,normal
2015-01-04 05:50:00+00:00,26.1,Docklands Library,511,33.8,98.6,-37.8195002,144.9418888,ENV,REAL_511,Real sensor series - Docklands Library - board 511,42,real_sensor_board_511,25.001746369959676,0,normal
2015-01-04 06:25:00+00:00,25.8,Docklands Library,511,32.7,98.6,-37.8195002,144.9418888,ENV,REAL_511,Real sensor series - Docklands Library - board 511,42,real_sensor_board_511,24.701397095967742,0,normal
2015-01-04 06:55:00+00:00,25.5,Docklands Library,511,35.2,98.6,-37.8195002,144.9418888,ENV,REAL_511,Real sensor series - Docklands Library - board 511,42,real_sensor_board_511,24.221117676774195,0,normal
2015-01-04 07:15:00+00:00,25.5,Docklands Library,511,36.0,98.6,-37.8195002,144.9418888,ENV,REAL_511,Real sensor series - Docklands Library - board 511,42,real_sensor_board_511,23.836894141419357,1,weak_multivariate_excursion
2015-01-04 09:05:00+00:00,20.3,Docklands Library,511,36.2,96.9,-37.8195002,144.9418888,ENV,REAL_511,Real sensor series - Docklands Library - board 511,42,real_sensor_board_511,23.129515313135485,1,weak_multivariate_excursion
2015-01-04 09:25:00+00:00,18.7,Docklands Library,511,32.4,90.2,-37.8195002,144.9418888,ENV,REAL_511,Real sensor series - Docklands Library - board 511,42,real_sensor_board_511,22.24361225050839,1,weak_multivariate_excursion
2015-01-04 09:50:00+00:00,18.4,Docklands Library,511,37.1,72.6,-37.8195002,144.9418888,ENV,REAL_511,Real sensor series - Docklands Library - board 511,42,real_sensor_board_511,21.474889800406714,1,weak_multivariate_excursion
2015-01-04 12:40:00+00:00,16.5,Docklands Library,511,46.7,12.6,-37.8195002,144.9418888,ENV,REAL_511,Real sensor series - Docklands Library - board 511,42,real_sensor_board_511,20.53991184032537,1,weak_multivariate_excursion
2015-01-04 13:15:00+00:00,16.1,Docklands Library,511,50.0,10.6,-37.8195002,144.9418888,ENV,REAL_511,Real sensor series - Docklands Library - board 511,42,real_sensor_board_511,19.791929472260296,1,weak_multivariate_excursion
2015-01-04 13:45:00+00:00,15.8,Docklands Library,511,50.7,11.4,-37.8195002,144.9418888,ENV,REAL_511,Real sensor series - Docklands Library - board 511,42,real_sensor_board_511,19.19354357780824,0,normal
2015-01-04 14:15:00+00:00,15.8,Docklands Library,511,50.8,10.6,-37.8195002,144.9418888,ENV,REAL_511,Real sensor series - Docklands Library - board 511,42,real_sensor_board_511,18.71483486224659,0,normal
2015-01-04 16:15:00+00:00,15.8,Docklands Library,511,51.4,11.1,-37.8195002,144.9418888,ENV,REAL_511,Real sensor series - Docklands Library - board 511,42,real_sensor_board_511,18.331867889797273,0,normal
2015-01-04 16:50:00+00:00,15.8,Docklands Library,511,52.1,10.6,-37.8195002,144.9418888,ENV,REAL_511,Real sensor series - Docklands Library - board 511,42,real_sensor_board_511,18.025494311837818,0,normal
2015-01-04 17:10:00+00:00,15.8,Docklands Library,511,52.6,10.7,-37.8195002,144.9418888,ENV,REAL_511,Real sensor series - Docklands Library - board 511,42,real_sensor_board_511,17.780395449470255,0,normal
2015-01-04 17:20:00+00:00,15.5,Docklands Library,511,53.0,10.7,-37.8195002,144.9418888,ENV,REAL_511,Real sensor series - Docklands Library - board 511,42,real_sensor_board_511,17.584316359576206,0,normal
2015-01-04 17:30:00+00:00,15.5,Docklands Library,511,53.8,10.8,-37.8195002,144.9418888,ENV,REAL_511,Real sensor series - Docklands Library - board 511,42,real_sensor_board_511,17.427453087660965,0,normal
2015-01-04 17:40:00+00:00,15.5,Docklands Library,511,53.7,10.5,-37.8195002,144.9418888,ENV,REAL_511,Real sensor series - Docklands Library - board 511,42,real_sensor_board_511,17.30196247012877,1,weak_multivariate_excursion
2015-01-04 18:50:00+00:00,15.8,Docklands Library,511,51.3,32.3,-37.8195002,144.9418888,ENV,REAL_511,Real sensor series - Docklands Library - board 511,42,real_sensor_board_511,17.201569976103016,1,weak_multivariate_excursion
2015-01-04 19:20:00+00:00,16.1,Docklands Library,511,50.8,75.3,-37.8195002,144.9418888,ENV,REAL_511,Real sensor series - Docklands Library - board 511,42,real_sensor_board_511,17.121255980882413,1,weak_multivariate_excursion
2015-01-04 20:05:00+00:00,16.1,Docklands Library,511,50.0,91.2,-37.8195002,144.9418888,ENV,REAL_511,Real sensor series - Docklands Library - board 511,42,real_sensor_board_511,17.05700478470593,1,weak_multivariate_excursion
2015-01-04 20:15:00+00:00,16.5,Docklands Library,511,50.0,92.1,-37.8195002,144.9418888,ENV,REAL_511,Real sensor series - Docklands Library - board 511,42,real_sensor_board_511,17.005603827764745,1,weak_multivariate_excursion
2015-01-04 20:25:00+00:00,16.8,Docklands Library,511,49.9,93.4,-37.8195002,144.9418888,ENV,REAL_511,Real sensor series - Docklands Library - board 511,42,real_sensor_board_511,16.964483062211798,0,normal
2015-01-04 20:35:00+00:00,16.8,Docklands Library,511,49.7,93.8,-37.8195002,144.9418888,ENV,REAL_511,Real sensor series - Docklands Library - board 511,42,real_sensor_board_511,16.93158644976944,0,normal
2015-01-04 20:45:00+00:00,17.1,Docklands Library,511,48.8,94.4,-37.8195002,144.9418888,ENV,REAL_511,Real sensor series - Docklands Library - board 511,42,real_sensor_board_511,16.965269159815556,0,normal
2015-01-04 21:15:00+00:00,18.1,Docklands Library,511,48.3,95.8,-37.8195002,144.9418888,ENV,REAL_511,Real sensor series - Docklands Library - board 511,42,real_sensor_board_511,17.192215327852445,0,normal
2015-01-04 22:05:00+00:00,19.4,Docklands Library,511,48.0,96.8,-37.8195002,144.9418888,ENV,REAL_511,Real sensor series - Docklands Library - board 511,42,real_sensor_board_511,17.493772262281958,0,normal
2015-01-04 23:10:00+00:00,18.7,Docklands Library,511,48.5,96.4,-37.8195002,144.9418888,ENV,REAL_511,Real sensor series - Docklands Library - board 511,42,real_sensor_board_511,17.875017809825568,0,normal
2015-01-04 23:20:00+00:00,19.4,Docklands Library,511,47.7,96.8,-37.8195002,144.9418888,ENV,REAL_511,Real sensor series - Docklands Library - board 511,42,real_sensor_board_511,18.180014247860456,1,weak_multivariate_excursion
2015-01-05 00:00:00+00:00,23.9,Docklands Library,511,42.8,97.9,-37.8195002,144.9418888,ENV,REAL_511,Real sensor series - Docklands Library - board 511,42,real_sensor_board_511,19.124011398288367,1,weak_multivariate_excursion
2015-01-05 01:00:00+00:00,23.2,Docklands Library,511,43.1,97.9,-37.8195002,144.9418888,ENV,REAL_511,Real sensor series - Docklands Library - board 511,42,real_sensor_board_511,19.939209118630693,1,weak_multivariate_excursion
2015-01-05 01:10:00+00:00,23.2,Docklands Library,511,43.6,98.1,-37.8195002,144.9418888,ENV,REAL_511,Real sensor series - Docklands Library - board 511,42,real_sensor_board_511,20.591367294904554,0,normal
2015-01-05 03:55:00+00:00,23.5,Docklands Library,511,45.5,98.3,-37.8195002,144.9418888,ENV,REAL_511,Real sensor series - Docklands Library - board 511,42,real_sensor_board_511,21.113093835923646,0,normal
2015-01-05 04:05:00+00:00,23.2,Docklands Library,511,45.5,98.4,-37.8195002,144.9418888,ENV,REAL_511,Real sensor series - Docklands Library - board 511,42,real_sensor_board_511,21.53047506873892,0,normal
2015-01-05 04:15:00+00:00,23.2,Docklands Library,511,46.2,98.4,-37.8195002,144.9418888,ENV,REAL_511,Real sensor series - Docklands Library - board 511,42,real_sensor_board_511,21.864380054991138,0,normal
2015-01-05 05:40:00+00:00,22.9,Docklands Library,511,44.8,98.0,-37.8195002,144.9418888,ENV,REAL_511,Real sensor series - Docklands Library - board 511,42,real_sensor_board_511,22.131504043992912,0,normal
2015-01-05 06:10:00+00:00,25.2,Docklands Library,511,42.6,98.6,-37.8195002,144.9418888,ENV,REAL_511,Real sensor series - Docklands Library - board 511,42,real_sensor_board_511,22.34520323519433,0,normal
2015-01-05 06:30:00+00:00,24.8,Docklands Library,511,40.9,98.6,-37.8195002,144.9418888,ENV,REAL_511,Real sensor series - Docklands Library - board 511,42,real_sensor_board_511,22.516162588155463,0,normal
2015-01-05 06:50:00+00:00,24.8,Docklands Library,511,42.0,98.6,-37.8195002,144.9418888,ENV,REAL_511,Real sensor series - Docklands Library - board 511,42,real_sensor_board_511,22.652930070524373,0,normal
2015-01-05 07:00:00+00:00,23.5,Docklands Library,511,42.3,98.6,-37.8195002,144.9418888,ENV,REAL_511,Real sensor series - Docklands Library - board 511,42,real_sensor_board_511,22.7623440564195,0,normal
2015-01-05 07:20:00+00:00,24.8,Docklands Library,511,40.3,98.6,-37.8195002,144.9418888,ENV,REAL_511,Real sensor series - Docklands Library - board 511,42,real_sensor_board_511,22.849875245135603,0,normal
2015-01-05 07:30:00+00:00,26.1,Docklands Library,511,39.2,98.6,-37.8195002,144.9418888,ENV,REAL_511,Real sensor series - Docklands Library - board 511,42,real_sensor_board_511,22.919900196108483,0,normal
2015-01-05 07:40:00+00:00,24.5,Docklands Library,511,41.0,98.6,-37.8195002,144.9418888,ENV,REAL_511,Real sensor series - Docklands Library - board 511,42,real_sensor_board_511,22.975920156886787,0,normal
2015-01-05 07:50:00+00:00,23.5,Docklands Library,511,41.8,98.6,-37.8195002,144.9418888,ENV,REAL_511,Real sensor series - Docklands Library - board 511,42,real_sensor_board_511,23.02073612550943,0,normal
2015-01-05 08:00:00+00:00,23.9,Docklands Library,511,42.1,98.5,-37.8195002,144.9418888,ENV,REAL_511,Real sensor series - Docklands Library - board 511,42,real_sensor_board_511,23.056588900407544,0,normal
2015-01-05 08:10:00+00:00,23.2,Docklands Library,511,42.9,98.5,-37.8195002,144.9418888,ENV,REAL_511,Real sensor series - Docklands Library - board 511,42,real_sensor_board_511,23.085271120326038,0,normal
2015-01-05 08:30:00+00:00,23.2,Docklands Library,511,41.4,98.4,-37.8195002,144.9418888,ENV,REAL_511,Real sensor series - Docklands Library - board 511,42,real_sensor_board_511,23.048216896260833,0,normal
2015-01-05 08:40:00+00:00,21.6,Docklands Library,511,42.8,97.8,-37.8195002,144.9418888,ENV,REAL_511,Real sensor series - Docklands Library - board 511,42,real_sensor_board_511,22.758573517008667,0,normal
2015-01-05 08:55:00+00:00,21.3,Docklands Library,511,44.7,98.1,-37.8195002,144.9418888,ENV,REAL_511,Real sensor series - Docklands Library - board 511,42,real_sensor_board_511,22.466858813606937,1,weak_multivariate_excursion
2015-01-05 09:55:00+00:00,18.4,Docklands Library,511,46.1,55.2,-37.8195002,144.9418888,ENV,REAL_511,Real sensor series - Docklands Library - board 511,42,real_sensor_board_511,22.033487050885547,1,weak_multivariate_excursion
2015-01-05 12:30:00+00:00,18.1,Docklands Library,511,58.4,12.1,-37.8195002,144.9418888,ENV,REAL_511,Real sensor series - Docklands Library - board 511,42,real_sensor_board_511,21.68678964070844,1,weak_multivariate_excursion
2015-01-05 15:00:00+00:00,19.0,Docklands Library,511,58.2,12.3,-37.8195002,144.9418888,ENV,REAL_511,Real sensor series - Docklands Library - board 511,42,real_sensor_board_511,21.40943171256675,1,weak_multivariate_excursion
2015-01-05 15:10:00+00:00,18.7,Docklands Library,511,58.5,12.3,-37.8195002,144.9418888,ENV,REAL_511,Real sensor series - Docklands Library - board 511,42,real_sensor_board_511,21.1875453700534,0,normal
2015-01-05 15:30:00+00:00,18.7,Docklands Library,511,58.1,12.3,-37.8195002,144.9418888,ENV,REAL_511,Real sensor series - Docklands Library - board 511,42,real_sensor_board_511,21.01003629604272,0,normal
2015-01-05 17:55:00+00:00,17.7,Docklands Library,511,57.0,12.1,-37.8195002,144.9418888,ENV,REAL_511,Real sensor series - Docklands Library - board 511,42,real_sensor_board_511,20.86802903683418,0,normal
2015-01-05 18:15:00+00:00,17.7,Docklands Library,511,57.0,12.2,-37.8195002,144.9418888,ENV,REAL_511,Real sensor series - Docklands Library - board 511,42,real_sensor_board_511,20.754423229467342,1,weak_multivariate_excursion
2015-01-05 20:10:00+00:00,18.7,Docklands Library,511,56.2,93.0,-37.8195002,144.9418888,ENV,REAL_511,Real sensor series - Docklands Library - board 511,42,real_sensor_board_511,20.663538583573875,1,weak_multivariate_excursion
2015-01-05 20:20:00+00:00,18.7,Docklands Library,511,55.4,93.7,-37.8195002,144.9418888,ENV,REAL_511,Real sensor series - Docklands Library - board 511,42,real_sensor_board_511,20.5908308668591,1,weak_multivariate_excursion
2015-01-05 20:40:00+00:00,19.0,Docklands Library,511,54.3,94.3,-37.8195002,144.9418888,ENV,REAL_511,Real sensor series - Docklands Library - board 511,42,real_sensor_board_511,20.532664693487284,0,normal
2015-01-05 20:50:00+00:00,19.4,Docklands Library,511,53.8,95.1,-37.8195002,144.9418888,ENV,REAL_511,Real sensor series - Docklands Library - board 511,42,real_sensor_board_511,20.48613175478983,0,normal
2015-01-05 21:00:00+00:00,20.0,Docklands Library,511,52.7,95.6,-37.8195002,144.9418888,ENV,REAL_511,Real sensor series - Docklands Library - board 511,42,real_sensor_board_511,20.448905403831866,0,normal
2015-01-05 21:10:00+00:00,20.3,Docklands Library,511,51.4,95.8,-37.8195002,144.9418888,ENV,REAL_511,Real sensor series - Docklands Library - board 511,42,real_sensor_board_511,20.419124323065496,0,normal
2015-01-05 21:30:00+00:00,20.3,Docklands Library,511,51.8,96.0,-37.8195002,144.9418888,ENV,REAL_511,Real sensor series - Docklands Library - board 511,42,real_sensor_board_511,20.3952994584524,0,normal
2015-01-05 21:40:00+00:00,20.0,Docklands Library,511,51.3,95.3,-37.8195002,144.9418888,ENV,REAL_511,Real sensor series - Docklands Library - board 511,42,real_sensor_board_511,20.31623956676192,0,normal
2015-01-05 22:00:00+00:00,20.3,Docklands Library,511,51.4,95.9,-37.8195002,144.9418888,ENV,REAL_511,Real sensor series - Docklands Library - board 511,42,real_sensor_board_511,20.252991653409534,0,normal
2015-01-05 22:25:00+00:00,19.7,Docklands Library,511,51.6,95.2,-37.8195002,144.9418888,ENV,REAL_511,Real sensor series - Docklands Library - board 511,42,real_sensor_board_511,20.202393322727627,0,normal
2015-01-05 22:35:00+00:00,20.0,Docklands Library,511,51.3,95.4,-37.8195002,144.9418888,ENV,REAL_511,Real sensor series - Docklands Library - board 511,42,real_sensor_board_511,20.161914658182102,0,normal
2015-01-05 23:05:00+00:00,20.6,Docklands Library,511,49.9,95.5,-37.8195002,144.9418888,ENV,REAL_511,Real sensor series - Docklands Library - board 511,42,real_sensor_board_511,20.129531726545682,0,normal
2015-01-05 23:15:00+00:00,21.0,Docklands Library,511,48.9,95.7,-37.8195002,144.9418888,ENV,REAL_511,Real sensor series - Docklands Library - board 511,42,real_sensor_board_511,20.103625381236547,1,weak_multivariate_excursion
2015-01-06 00:05:00+00:00,26.1,Docklands Library,511,42.0,97.8,-37.8195002,144.9418888,ENV,REAL_511,Real sensor series - Docklands Library - board 511,42,real_sensor_board_511,20.082900304989238,1,weak_multivariate_excursion
2015-01-06 01:50:00+00:00,26.1,Docklands Library,511,42.0,98.0,-37.8195002,144.9418888,ENV,REAL_511,Real sensor series - Docklands Library - board 511,42,real_sensor_board_511,20.06632024399139,1,weak_multivariate_excursion
2015-01-06 03:50:00+00:00,27.1,Docklands Library,511,43.3,98.3,-37.8195002,144.9418888,ENV,REAL_511,Real sensor series - Docklands Library - board 511,42,real_sensor_board_511,20.053056195193115,1,weak_multivariate_excursion
2015-01-06 07:45:00+00:00,28.1,Docklands Library,511,44.7,98.6,-37.8195002,144.9418888,ENV,REAL_511,Real sensor series - Docklands Library - board 511,42,real_sensor_board_511,20.042444956154494,1,weak_multivariate_excursion
2015-01-06 07:55:00+00:00,26.8,Docklands Library,511,45.1,98.5,-37.8195002,144.9418888,ENV,REAL_511,Real sensor series - Docklands Library - board 511,42,real_sensor_board_511,20.033955964923596,1,weak_multivariate_excursion
2015-01-06 08:05:00+00:00,26.8,Docklands Library,511,46.1,98.5,-37.8195002,144.9418888,ENV,REAL_511,Real sensor series - Docklands Library - board 511,42,real_sensor_board_511,20.027164771938878,1,weak_multivariate_excursion
2015-01-06 08:15:00+00:00,26.5,Docklands Library,511,47.3,98.5,-37.8195002,144.9418888,ENV,REAL_511,Real sensor series - Docklands Library - board 511,42,real_sensor_board_511,20.021731817551103,0,normal
2015-01-06 08:30:00+00:00,25.8,Docklands Library,511,48.5,98.4,-37.8195002,144.9418888,ENV,REAL_511,Real sensor series - Docklands Library - board 511,42,real_sensor_board_511,20.017385454040884,1,weak_multivariate_excursion
2015-01-06 09:20:00+00:00,22.6,Docklands Library,511,57.9,92.6,-37.8195002,144.9418888,ENV,REAL_511,Real sensor series - Docklands Library - board 511,42,real_sensor_board_511,20.01390836323271,1,weak_multivariate_excursion
2015-01-06 13:55:00+00:00,18.7,Docklands Library,511,65.2,11.2,-37.8195002,144.9418888,ENV,REAL_511,Real sensor series - Docklands Library - board 511,42,real_sensor_board_511,20.011126690586167,1,weak_multivariate_excursion
2015-01-06 14:25:00+00:00,18.7,Docklands Library,511,66.4,10.8,-37.8195002,144.9418888,ENV,REAL_511,Real sensor series - Docklands Library - board 511,42,real_sensor_board_511,20.068901352468934,1,weak_multivariate_excursion
2015-01-06 14:45:00+00:00,18.4,Docklands Library,511,66.3,10.9,-37.8195002,144.9418888,ENV,REAL_511,Real sensor series - Docklands Library - board 511,42,real_sensor_board_511,20.115121081975147,0,normal
2015-01-06 15:30:00+00:00,18.4,Docklands Library,511,67.1,10.6,-37.8195002,144.9418888,ENV,REAL_511,Real sensor series - Docklands Library - board 511,42,real_sensor_board_511,20.21209686558012,0,normal
2015-01-06 15:40:00+00:00,18.4,Docklands Library,511,67.1,10.7,-37.8195002,144.9418888,ENV,REAL_511,Real sensor series - Docklands Library - board 511,42,real_sensor_board_511,20.289677492464097,0,normal
2015-01-06 16:10:00+00:00,18.4,Docklands Library,511,66.6,10.9,-37.8195002,144.9418888,ENV,REAL_511,Real sensor series - Docklands Library - board 511,42,real_sensor_board_511,20.43174199397128,0,normal
2015-01-06 16:20:00+00:00,18.4,Docklands Library,511,66.9,10.9,-37.8195002,144.9418888,ENV,REAL_511,Real sensor series - Docklands Library - board 511,42,real_sensor_board_511,20.865393595177025,0,normal
2015-01-06 17:50:00+00:00,18.7,Docklands Library,511,65.6,10.4,-37.8195002,144.9418888,ENV,REAL_511,Real sensor series - Docklands Library - board 511,42,real_sensor_board_511,21.21231487614162,1,weak_multivariate_excursion
2015-01-06 19:05:00+00:00,18.7,Docklands Library,511,66.4,67.4,-37.8195002,144.9418888,ENV,REAL_511,Real sensor series - Docklands Library - board 511,42,real_sensor_board_511,21.489851900913294,1,weak_multivariate_excursion
2015-01-06 20:05:00+00:00,19.0,Docklands Library,511,67.1,92.1,-37.8195002,144.9418888,ENV,REAL_511,Real sensor series - Docklands Library - board 511,42,real_sensor_board_511,21.711881520730635,1,weak_multivariate_excursion
2015-01-06 20:15:00+00:00,19.0,Docklands Library,511,67.1,93.2,-37.8195002,144.9418888,ENV,REAL_511,Real sensor series - Docklands Library - board 511,42,real_sensor_board_511,21.88950521658451,1,weak_multivariate_excursion
2015-01-06 20:45:00+00:00,19.7,Docklands Library,511,65.5,93.9,-37.8195002,144.9418888,ENV,REAL_511,Real sensor series - Docklands Library - board 511,42,real_sensor_board_511,22.03160417326761,0,normal
2015-01-06 20:55:00+00:00,20.0,Docklands Library,511,65.3,94.0,-37.8195002,144.9418888,ENV,REAL_511,Real sensor series - Docklands Library - board 511,42,real_sensor_board_511,22.14528333861409,0,normal
2015-01-06 21:05:00+00:00,20.3,Docklands Library,511,64.2,94.1,-37.8195002,144.9418888,ENV,REAL_511,Real sensor series - Docklands Library - board 511,42,real_sensor_board_511,22.23622667089127,0,normal
2015-01-06 21:15:00+00:00,20.6,Docklands Library,511,63.7,94.2,-37.8195002,144.9418888,ENV,REAL_511,Real sensor series - Docklands Library - board 511,42,real_sensor_board_511,22.308981336713018,0,normal
2015-01-06 22:20:00+00:00,23.9,Docklands Library,511,55.1,95.3,-37.8195002,144.9418888,ENV,REAL_511,Real sensor series - Docklands Library - board 511,42,real_sensor_board_511,22.627185069370416,1,weak_multivariate_excursion
2015-01-07 03:45:00+00:00,28.1,Docklands Library,511,45.9,96.3,-37.8195002,144.9418888,ENV,REAL_511,Real sensor series - Docklands Library - board 511,42,real_sensor_board_511,23.261748055496334,1,weak_multivariate_excursion
2015-01-07 04:50:00+00:00,26.1,Docklands Library,511,44.5,97.1,-37.8195002,144.9418888,ENV,REAL_511,Real sensor series - Docklands Library - board 511,42,real_sensor_board_511,23.76939844439707,1,weak_multivariate_excursion
2015-01-07 05:00:00+00:00,29.0,Docklands Library,511,40.9,98.4,-37.8195002,144.9418888,ENV,REAL_511,Real sensor series - Docklands Library - board 511,42,real_sensor_board_511,24.175518755517658,1,weak_multivariate_excursion
2015-01-07 05:20:00+00:00,35.2,Docklands Library,511,32.7,98.6,-37.8195002,144.9418888,ENV,REAL_511,Real sensor series - Docklands Library - board 511,42,real_sensor_board_511,24.560415004414125,1,weak_multivariate_excursion
2015-01-07 06:00:00+00:00,39.7,Docklands Library,511,27.3,98.6,-37.8195002,144.9418888,ENV,REAL_511,Real sensor series - Docklands Library - board 511,42,real_sensor_board_511,24.948332003531302,1,weak_multivariate_excursion
2015-01-07 06:10:00+00:00,40.6,Docklands Library,511,26.7,98.6,-37.8195002,144.9418888,ENV,REAL_511,Real sensor series - Docklands Library - board 511,42,real_sensor_board_511,25.258665602825044,1,weak_multivariate_excursion
2015-01-07 06:40:00+00:00,40.3,Docklands Library,511,26.9,98.7,-37.8195002,144.9418888,ENV,REAL_511,Real sensor series - Docklands Library - board 511,42,real_sensor_board_511,25.566932482260036,1,weak_multivariate_excursion
2015-01-07 07:00:00+00:00,39.7,Docklands Library,511,27.2,98.7,-37.8195002,144.9418888,ENV,REAL_511,Real sensor series - Docklands Library - board 511,42,real_sensor_board_511,25.81354598580803,1,weak_multivariate_excursion
2015-01-07 07:20:00+00:00,38.7,Docklands Library,511,26.9,98.7,-37.8195002,144.9418888,ENV,REAL_511,Real sensor series - Docklands Library - board 511,42,real_sensor_board_511,26.010836788646426,1,weak_multivariate_excursion
2015-01-07 08:15:00+00:00,31.6,Docklands Library,511,31.3,94.7,-37.8195002,144.9418888,ENV,REAL_511,Real sensor series - Docklands Library - board 511,42,real_sensor_board_511,26.16866943091714,1,weak_multivariate_excursion
2015-01-07 08:35:00+00:00,31.9,Docklands Library,511,29.4,90.9,-37.8195002,144.9418888,ENV,REAL_511,Real sensor series - Docklands Library - board 511,42,real_sensor_board_511,26.294935544733715,1,weak_multivariate_excursion
2015-01-07 08:55:00+00:00,31.9,Docklands Library,511,28.9,84.4,-37.8195002,144.9418888,ENV,REAL_511,Real sensor series - Docklands Library - board 511,42,real_sensor_board_511,26.395948435786973,1,weak_multivariate_excursion
2015-01-07 09:05:00+00:00,29.4,Docklands Library,511,39.0,76.1,-37.8195002,144.9418888,ENV,REAL_511,Real sensor series - Docklands Library - board 511,42,real_sensor_board_511,26.476758748629578,1,weak_multivariate_excursion
2015-01-07 09:25:00+00:00,26.8,Docklands Library,511,47.0,70.1,-37.8195002,144.9418888,ENV,REAL_511,Real sensor series - Docklands Library - board 511,42,real_sensor_board_511,26.541406998903664,1,weak_multivariate_excursion
2015-01-07 09:45:00+00:00,26.5,Docklands Library,511,47.7,38.5,-37.8195002,144.9418888,ENV,REAL_511,Real sensor series - Docklands Library - board 511,42,real_sensor_board_511,26.59312559912293,1,weak_multivariate_excursion
2015-01-07 10:05:00+00:00,25.8,Docklands Library,511,51.1,13.9,-37.8195002,144.9418888,ENV,REAL_511,Real sensor series - Docklands Library - board 511,42,real_sensor_board_511,26.634500479298346,1,weak_multivariate_excursion
2015-01-07 10:25:00+00:00,25.5,Docklands Library,511,50.5,11.4,-37.8195002,144.9418888,ENV,REAL_511,Real sensor series - Docklands Library - board 511,42,real_sensor_board_511,26.66760038343868,1,weak_multivariate_excursion
2015-01-07 10:35:00+00:00,25.8,Docklands Library,511,49.4,11.3,-37.8195002,144.9418888,ENV,REAL_511,Real sensor series - Docklands Library - board 511,42,real_sensor_board_511,26.694080306750944,0,normal
2015-01-07 10:55:00+00:00,26.8,Docklands Library,511,47.3,11.2,-37.8195002,144.9418888,ENV,REAL_511,Real sensor series - Docklands Library - board 511,42,real_sensor_board_511,26.65526424540076,0,normal
2015-01-07 11:20:00+00:00,26.5,Docklands Library,511,45.9,10.7,-37.8195002,144.9418888,ENV,REAL_511,Real sensor series - Docklands Library - board 511,42,real_sensor_board_511,26.624211396320607,0,normal
2015-01-07 11:30:00+00:00,26.8,Docklands Library,511,45.0,10.0,-37.8195002,144.9418888,ENV,REAL_511,Real sensor series - Docklands Library - board 511,42,real_sensor_board_511,26.599369117056487,0,normal
2015-01-07 11:50:00+00:00,26.8,Docklands Library,511,44.7,10.3,-37.8195002,144.9418888,ENV,REAL_511,Real sensor series - Docklands Library - board 511,42,real_sensor_board_511,26.49949529364519,0,normal
2015-01-07 12:00:00+00:00,26.5,Docklands Library,511,46.6,10.2,-37.8195002,144.9418888,ENV,REAL_511,Real sensor series - Docklands Library - board 511,42,real_sensor_board_511,26.419596234916156,0,normal
2015-01-07 12:10:00+00:00,26.8,Docklands Library,511,44.2,10.2,-37.8195002,144.9418888,ENV,REAL_511,Real sensor series - Docklands Library - board 511,42,real_sensor_board_511,26.355676987932924,0,normal
2015-01-07 12:50:00+00:00,26.1,Docklands Library,511,49.6,9.6,-37.8195002,144.9418888,ENV,REAL_511,Real sensor series - Docklands Library - board 511,42,real_sensor_board_511,26.24454159034634,0,normal
2015-01-07 13:00:00+00:00,26.1,Docklands Library,511,49.2,10.7,-37.8195002,144.9418888,ENV,REAL_511,Real sensor series - Docklands Library - board 511,42,real_sensor_board_511,26.155633272277075,0,normal
2015-01-07 13:10:00+00:00,26.1,Docklands Library,511,49.1,10.9,-37.8195002,144.9418888,ENV,REAL_511,Real sensor series - Docklands Library - board 511,42,real_sensor_board_511,26.024506617821665,0,normal
2015-01-07 13:20:00+00:00,25.5,Docklands Library,511,49.7,11.2,-37.8195002,144.9418888,ENV,REAL_511,Real sensor series - Docklands Library - board 511,42,real_sensor_board_511,25.919605294257334,0,normal
2015-01-07 13:40:00+00:00,24.8,Docklands Library,511,50.7,11.7,-37.8195002,144.9418888,ENV,REAL_511,Real sensor series - Docklands Library - board 511,42,real_sensor_board_511,25.83568423540587,0,normal
2015-01-07 14:25:00+00:00,23.2,Docklands Library,511,58.9,10.1,-37.8195002,144.9418888,ENV,REAL_511,Real sensor series - Docklands Library - board 511,42,real_sensor_board_511,25.708547388324696,0,normal
2015-01-07 14:45:00+00:00,24.2,Docklands Library,511,54.6,10.0,-37.8195002,144.9418888,ENV,REAL_511,Real sensor series - Docklands Library - board 511,42,real_sensor_board_511,25.526837910659758,0,normal
2015-01-07 15:25:00+00:00,25.5,Docklands Library,511,49.2,9.7,-37.8195002,144.9418888,ENV,REAL_511,Real sensor series - Docklands Library - board 511,42,real_sensor_board_511,25.381470328527808,0,normal
2015-01-07 15:35:00+00:00,24.2,Docklands Library,511,57.9,9.5,-37.8195002,144.9418888,ENV,REAL_511,Real sensor series - Docklands Library - board 511,42,real_sensor_board_511,25.20517626282225,0,normal
2015-01-07 15:45:00+00:00,23.9,Docklands Library,511,58.9,9.9,-37.8195002,144.9418888,ENV,REAL_511,Real sensor series - Docklands Library - board 511,42,real_sensor_board_511,25.0641410102578,0,normal
2015-01-07 15:55:00+00:00,24.2,Docklands Library,511,55.5,10.1,-37.8195002,144.9418888,ENV,REAL_511,Real sensor series - Docklands Library - board 511,42,real_sensor_board_511,24.89131280820624,0,normal
2015-01-07 16:05:00+00:00,25.2,Docklands Library,511,50.7,9.8,-37.8195002,144.9418888,ENV,REAL_511,Real sensor series - Docklands Library - board 511,42,real_sensor_board_511,24.753050246564992,0,normal
2015-01-07 16:15:00+00:00,24.8,Docklands Library,511,52.2,9.8,-37.8195002,144.9418888,ENV,REAL_511,Real sensor series - Docklands Library - board 511,42,real_sensor_board_511,24.642440197251997,0,normal
2015-01-07 16:35:00+00:00,24.5,Docklands Library,511,53.7,9.9,-37.8195002,144.9418888,ENV,REAL_511,Real sensor series - Docklands Library - board 511,42,real_sensor_board_511,24.5539521578016,0,normal
2015-01-07 16:45:00+00:00,24.5,Docklands Library,511,54.9,10.4,-37.8195002,144.9418888,ENV,REAL_511,Real sensor series - Docklands Library - board 511,42,real_sensor_board_511,24.48316172624128,0,normal
2015-01-07 16:55:00+00:00,24.2,Docklands Library,511,54.8,10.6,-37.8195002,144.9418888,ENV,REAL_511,Real sensor series - Docklands Library - board 511,42,real_sensor_board_511,24.426529380993028,0,normal
2015-01-07 17:05:00+00:00,24.2,Docklands Library,511,55.2,10.3,-37.8195002,144.9418888,ENV,REAL_511,Real sensor series - Docklands Library - board 511,42,real_sensor_board_511,24.381223504794423,0,normal
2015-01-07 17:25:00+00:00,24.2,Docklands Library,511,54.1,9.8,-37.8195002,144.9418888,ENV,REAL_511,Real sensor series - Docklands Library - board 511,42,real_sensor_board_511,24.34497880383554,0,normal
2015-01-07 17:50:00+00:00,24.2,Docklands Library,511,55.4,9.8,-37.8195002,144.9418888,ENV,REAL_511,Real sensor series - Docklands Library - board 511,42,real_sensor_board_511,24.255983043068436,0,normal
2015-01-07 18:00:00+00:00,23.9,Docklands Library,511,55.7,10.2,-37.8195002,144.9418888,ENV,REAL_511,Real sensor series - Docklands Library - board 511,42,real_sensor_board_511,24.18478643445475,0,normal
2015-01-07 18:10:00+00:00,24.2,Docklands Library,511,55.2,10.4,-37.8195002,144.9418888,ENV,REAL_511,Real sensor series - Docklands Library - board 511,42,real_sensor_board_511,24.1278291475638,0,normal
2015-01-07 18:20:00+00:00,23.9,Docklands Library,511,55.7,10.1,-37.8195002,144.9418888,ENV,REAL_511,Real sensor series - Docklands Library - board 511,42,real_sensor_board_511,24.082263318051044,0,normal
2015-01-07 18:30:00+00:00,23.9,Docklands Library,511,56.0,10.5,-37.8195002,144.9418888,ENV,REAL_511,Real sensor series - Docklands Library - board 511,42,real_sensor_board_511,24.04581065444084,0,normal
2015-01-07 18:40:00+00:00,23.5,Docklands Library,511,57.6,12.5,-37.8195002,144.9418888,ENV,REAL_511,Real sensor series - Docklands Library - board 511,42,real_sensor_board_511,24.016648523552675,0,normal
2015-01-07 18:50:00+00:00,23.2,Docklands Library,511,59.6,22.7,-37.8195002,144.9418888,ENV,REAL_511,Real sensor series - Docklands Library - board 511,42,real_sensor_board_511,23.99331881884214,1,weak_multivariate_excursion
2015-01-07 19:00:00+00:00,22.9,Docklands Library,511,61.1,43.2,-37.8195002,144.9418888,ENV,REAL_511,Real sensor series - Docklands Library - board 511,42,real_sensor_board_511,23.974655055073715,1,weak_multivariate_excursion
2015-01-07 19:10:00+00:00,22.9,Docklands Library,511,61.1,64.6,-37.8195002,144.9418888,ENV,REAL_511,Real sensor series - Docklands Library - board 511,42,real_sensor_board_511,23.959724044058973,1,weak_multivariate_excursion
2015-01-07 19:20:00+00:00,22.9,Docklands Library,511,61.2,80.2,-37.8195002,144.9418888,ENV,REAL_511,Real sensor series - Docklands Library - board 511,42,real_sensor_board_511,23.94777923524718,1,weak_multivariate_excursion
2015-01-07 19:30:00+00:00,23.2,Docklands Library,511,60.1,86.5,-37.8195002,144.9418888,ENV,REAL_511,Real sensor series - Docklands Library - board 511,42,real_sensor_board_511,23.938223388197745,1,weak_multivariate_excursion
2015-01-07 19:40:00+00:00,22.9,Docklands Library,511,61.4,89.3,-37.8195002,144.9418888,ENV,REAL_511,Real sensor series - Docklands Library - board 511,42,real_sensor_board_511,23.930578710558198,0,normal
2015-01-07 19:50:00+00:00,23.2,Docklands Library,511,60.0,90.7,-37.8195002,144.9418888,ENV,REAL_511,Real sensor series - Docklands Library - board 511,42,real_sensor_board_511,23.92446296844656,0,normal
2015-01-07 20:00:00+00:00,23.2,Docklands Library,511,60.0,91.1,-37.8195002,144.9418888,ENV,REAL_511,Real sensor series - Docklands Library - board 511,42,real_sensor_board_511,23.91957037475725,0,normal
2015-01-07 20:10:00+00:00,23.5,Docklands Library,511,59.0,91.7,-37.8195002,144.9418888,ENV,REAL_511,Real sensor series - Docklands Library - board 511,42,real_sensor_board_511,23.9156562998058,0,normal
2015-01-07 20:20:00+00:00,23.5,Docklands Library,511,58.5,92.5,-37.8195002,144.9418888,ENV,REAL_511,Real sensor series - Docklands Library - board 511,42,real_sensor_board_511,23.912525039844642,0,normal
2015-01-07 20:30:00+00:00,23.9,Docklands Library,511,57.1,93.2,-37.8195002,144.9418888,ENV,REAL_511,Real sensor series - Docklands Library - board 511,42,real_sensor_board_511,23.910020031875714,0,normal
2015-01-07 20:40:00+00:00,23.9,Docklands Library,511,56.5,93.5,-37.8195002,144.9418888,ENV,REAL_511,Real sensor series - Docklands Library - board 511,42,real_sensor_board_511,23.96801602550057,0,normal
2015-01-07 21:05:00+00:00,25.5,Docklands Library,511,51.0,95.5,-37.8195002,144.9418888,ENV,REAL_511,Real sensor series - Docklands Library - board 511,42,real_sensor_board_511,24.01441282040046,0,normal
2015-01-07 21:15:00+00:00,24.8,Docklands Library,511,54.3,93.9,-37.8195002,144.9418888,ENV,REAL_511,Real sensor series - Docklands Library - board 511,42,real_sensor_board_511,24.05153025632037,0,normal
2015-01-07 21:55:00+00:00,26.5,Docklands Library,511,45.6,94.1,-37.8195002,144.9418888,ENV,REAL_511,Real sensor series - Docklands Library - board 511,42,real_sensor_board_511,24.081224205056298,0,normal
2015-01-07 22:35:00+00:00,25.8,Docklands Library,511,49.1,96.5,-37.8195002,144.9418888,ENV,REAL_511,Real sensor series - Docklands Library - board 511,42,real_sensor_board_511,24.10497936404504,0,normal
2015-01-07 22:45:00+00:00,26.1,Docklands Library,511,48.8,96.9,-37.8195002,144.9418888,ENV,REAL_511,Real sensor series - Docklands Library - board 511,42,real_sensor_board_511,24.123983491236032,0,normal
2015-01-07 22:55:00+00:00,26.5,Docklands Library,511,48.6,96.9,-37.8195002,144.9418888,ENV,REAL_511,Real sensor series - Docklands Library - board 511,42,real_sensor_board_511,24.139186792988827,0,normal
2015-01-07 23:15:00+00:00,26.8,Docklands Library,511,47.8,97.1,-37.8195002,144.9418888,ENV,REAL_511,Real sensor series - Docklands Library - board 511,42,real_sensor_board_511,24.15134943439106,0,normal
2015-01-07 23:35:00+00:00,27.7,Docklands Library,511,45.8,97.5,-37.8195002,144.9418888,ENV,REAL_511,Real sensor series - Docklands Library - board 511,42,real_sensor_board_511,24.161079547512852,0,normal
2015-01-07 23:45:00+00:00,27.4,Docklands Library,511,45.9,97.5,-37.8195002,144.9418888,ENV,REAL_511,Real sensor series - Docklands Library - board 511,42,real_sensor_board_511,24.168863638010283,1,weak_multivariate_excursion
2015-01-08 01:30:00+00:00,29.7,Docklands Library,511,44.8,98.1,-37.8195002,144.9418888,ENV,REAL_511,Real sensor series - Docklands Library - board 511,42,real_sensor_board_511,24.175090910408226,1,weak_multivariate_excursion
2015-01-08 02:50:00+00:00,27.4,Docklands Library,511,48.3,97.7,-37.8195002,144.9418888,ENV,REAL_511,Real sensor series - Docklands Library - board 511,42,real_sensor_board_511,24.180072728326582,1,weak_multivariate_excursion
2015-01-08 06:05:00+00:00,24.2,Docklands Library,511,57.1,95.8,-37.8195002,144.9418888,ENV,REAL_511,Real sensor series - Docklands Library - board 511,42,real_sensor_board_511,24.184058182661268,0,normal
2015-01-08 06:35:00+00:00,24.2,Docklands Library,511,55.5,94.2,-37.8195002,144.9418888,ENV,REAL_511,Real sensor series - Docklands Library - board 511,42,real_sensor_board_511,24.187246546129014,0,normal
2015-01-08 07:00:00+00:00,24.5,Docklands Library,511,56.2,95.3,-37.8195002,144.9418888,ENV,REAL_511,Real sensor series - Docklands Library - board 511,42,real_sensor_board_511,24.189797236903214,0,normal
2015-01-08 07:30:00+00:00,24.8,Docklands Library,511,50.7,96.3,-37.8195002,144.9418888,ENV,REAL_511,Real sensor series - Docklands Library - board 511,42,real_sensor_board_511,24.191837789522573,0,normal
2015-01-08 07:50:00+00:00,24.5,Docklands Library,511,49.9,94.3,-37.8195002,144.9418888,ENV,REAL_511,Real sensor series - Docklands Library - board 511,42,real_sensor_board_511,24.19347023161806,0,normal
2015-01-08 08:10:00+00:00,24.5,Docklands Library,511,49.2,94.2,-37.8195002,144.9418888,ENV,REAL_511,Real sensor series - Docklands Library - board 511,42,real_sensor_board_511,24.19477618529445,0,normal
2015-01-08 08:40:00+00:00,24.2,Docklands Library,511,46.7,90.2,-37.8195002,144.9418888,ENV,REAL_511,Real sensor series - Docklands Library - board 511,42,real_sensor_board_511,24.19582094823556,0,normal
2015-01-08 08:50:00+00:00,23.9,Docklands Library,511,46.4,87.9,-37.8195002,144.9418888,ENV,REAL_511,Real sensor series - Docklands Library - board 511,42,real_sensor_board_511,24.19665675858845,0,normal
2015-01-08 09:10:00+00:00,24.2,Docklands Library,511,47.8,82.9,-37.8195002,144.9418888,ENV,REAL_511,Real sensor series - Docklands Library - board 511,42,real_sensor_board_511,24.13732540687076,1,weak_multivariate_excursion
2015-01-08 09:40:00+00:00,23.5,Docklands Library,511,51.6,57.9,-37.8195002,144.9418888,ENV,REAL_511,Real sensor series - Docklands Library - board 511,42,real_sensor_board_511,24.00986032549661,1,weak_multivariate_excursion
2015-01-08 10:15:00+00:00,23.5,Docklands Library,511,54.1,13.2,-37.8195002,144.9418888,ENV,REAL_511,Real sensor series - Docklands Library - board 511,42,real_sensor_board_511,23.90788826039729,1,weak_multivariate_excursion
2015-01-08 10:25:00+00:00,23.5,Docklands Library,511,53.8,12.4,-37.8195002,144.9418888,ENV,REAL_511,Real sensor series - Docklands Library - board 511,42,real_sensor_board_511,23.826310608317833,1,weak_multivariate_excursion
2015-01-08 10:35:00+00:00,23.5,Docklands Library,511,53.7,12.3,-37.8195002,144.9418888,ENV,REAL_511,Real sensor series - Docklands Library - board 511,42,real_sensor_board_511,23.761048486654268,0,normal
2015-01-08 10:45:00+00:00,23.5,Docklands Library,511,55.5,11.9,-37.8195002,144.9418888,ENV,REAL_511,Real sensor series - Docklands Library - board 511,42,real_sensor_board_511,23.708838789323416,0,normal
2015-01-08 11:05:00+00:00,22.9,Docklands Library,511,60.3,12.2,-37.8195002,144.9418888,ENV,REAL_511,Real sensor series - Docklands Library - board 511,42,real_sensor_board_511,23.547071031458735,0,normal
2015-01-08 11:15:00+00:00,22.9,Docklands Library,511,60.0,12.2,-37.8195002,144.9418888,ENV,REAL_511,Real sensor series - Docklands Library - board 511,42,real_sensor_board_511,23.417656825166986,0,normal
2015-01-08 11:25:00+00:00,22.9,Docklands Library,511,59.3,12.2,-37.8195002,144.9418888,ENV,REAL_511,Real sensor series - Docklands Library - board 511,42,real_sensor_board_511,23.31412546013359,0,normal
2015-01-08 11:45:00+00:00,22.6,Docklands Library,511,59.3,10.3,-37.8195002,144.9418888,ENV,REAL_511,Real sensor series - Docklands Library - board 511,42,real_sensor_board_511,23.17130036810687,0,normal
2015-01-08 12:15:00+00:00,22.6,Docklands Library,511,58.2,10.5,-37.8195002,144.9418888,ENV,REAL_511,Real sensor series - Docklands Library - board 511,42,real_sensor_board_511,23.057040294485496,0,normal
2015-01-08 12:45:00+00:00,21.0,Docklands Library,511,63.9,8.9,-37.8195002,144.9418888,ENV,REAL_511,Real sensor series - Docklands Library - board 511,42,real_sensor_board_511,22.645632235588398,0,normal
2015-01-08 13:15:00+00:00,20.6,Docklands Library,511,64.7,9.8,-37.8195002,144.9418888,ENV,REAL_511,Real sensor series - Docklands Library - board 511,42,real_sensor_board_511,22.23650578847072,0,normal
2015-01-08 13:30:00+00:00,20.6,Docklands Library,511,64.9,9.8,-37.8195002,144.9418888,ENV,REAL_511,Real sensor series - Docklands Library - board 511,42,real_sensor_board_511,21.90920463077658,0,normal
2015-01-08 13:40:00+00:00,20.6,Docklands Library,511,64.5,11.5,-37.8195002,144.9418888,ENV,REAL_511,Real sensor series - Docklands Library - board 511,42,real_sensor_board_511,21.647363704621263,0,normal
2015-01-08 13:50:00+00:00,20.3,Docklands Library,511,64.7,10.9,-37.8195002,144.9418888,ENV,REAL_511,Real sensor series - Docklands Library - board 511,42,real_sensor_board_511,21.377890963697013,0,normal
2015-01-08 14:10:00+00:00,20.0,Docklands Library,511,64.5,11.2,-37.8195002,144.9418888,ENV,REAL_511,Real sensor series - Docklands Library - board 511,42,real_sensor_board_511,21.10231277095761,0,normal
2015-01-08 14:20:00+00:00,20.0,Docklands Library,511,64.1,11.2,-37.8195002,144.9418888,ENV,REAL_511,Real sensor series - Docklands Library - board 511,42,real_sensor_board_511,20.88185021676609,0,normal
2015-01-08 14:30:00+00:00,20.0,Docklands Library,511,62.5,11.1,-37.8195002,144.9418888,ENV,REAL_511,Real sensor series - Docklands Library - board 511,42,real_sensor_board_511,20.705480173412873,0,normal
2015-01-08 14:40:00+00:00,20.0,Docklands Library,511,63.3,11.6,-37.8195002,144.9418888,ENV,REAL_511,Real sensor series - Docklands Library - board 511,42,real_sensor_board_511,20.5643841387303,0,normal
2015-01-08 15:10:00+00:00,19.7,Docklands Library,511,62.6,10.7,-37.8195002,144.9418888,ENV,REAL_511,Real sensor series - Docklands Library - board 511,42,real_sensor_board_511,20.39150731098424,0,normal
2015-01-08 15:40:00+00:00,19.4,Docklands Library,511,62.8,10.9,-37.8195002,144.9418888,ENV,REAL_511,Real sensor series - Docklands Library - board 511,42,real_sensor_board_511,20.193205848787393,0,normal
2015-01-08 15:50:00+00:00,19.0,Docklands Library,511,63.0,10.9,-37.8195002,144.9418888,ENV,REAL_511,Real sensor series - Docklands Library - board 511,42,real_sensor_board_511,19.954564679029914,0,normal
2015-01-08 16:00:00+00:00,19.0,Docklands Library,511,62.5,11.5,-37.8195002,144.9418888,ENV,REAL_511,Real sensor series - Docklands Library - board 511,42,real_sensor_board_511,19.76365174322393,0,normal
2015-01-08 16:30:00+00:00,18.7,Docklands Library,511,60.6,11.0,-37.8195002,144.9418888,ENV,REAL_511,Real sensor series - Docklands Library - board 511,42,real_sensor_board_511,19.55092139457915,0,normal
2015-01-08 17:05:00+00:00,18.4,Docklands Library,511,60.9,11.2,-37.8195002,144.9418888,ENV,REAL_511,Real sensor series - Docklands Library - board 511,42,real_sensor_board_511,19.32073711566332,0,normal
2015-01-08 17:15:00+00:00,17.7,Docklands Library,511,63.7,11.6,-37.8195002,144.9418888,ENV,REAL_511,Real sensor series - Docklands Library - board 511,42,real_sensor_board_511,19.076589692530657,0,normal
2015-01-08 17:25:00+00:00,18.1,Docklands Library,511,63.7,10.7,-37.8195002,144.9418888,ENV,REAL_511,Real sensor series - Docklands Library - board 511,42,real_sensor_board_511,18.881271754024528,0,normal
2015-01-08 17:35:00+00:00,18.1,Docklands Library,511,62.3,10.8,-37.8195002,144.9418888,ENV,REAL_511,Real sensor series - Docklands Library - board 511,42,real_sensor_board_511,18.725017403219624,0,normal
2015-01-08 17:45:00+00:00,18.1,Docklands Library,511,62.5,11.1,-37.8195002,144.9418888,ENV,REAL_511,Real sensor series - Docklands Library - board 511,42,real_sensor_board_511,18.6000139225757,0,normal
2015-01-08 17:55:00+00:00,18.1,Docklands Library,511,61.9,10.3,-37.8195002,144.9418888,ENV,REAL_511,Real sensor series - Docklands Library - board 511,42,real_sensor_board_511,18.50001113806056,0,normal
2015-01-08 18:05:00+00:00,18.1,Docklands Library,511,62.0,10.5,-37.8195002,144.9418888,ENV,REAL_511,Real sensor series - Docklands Library - board 511,42,real_sensor_board_511,18.42000891044845,0,normal
2015-01-08 18:15:00+00:00,18.1,Docklands Library,511,63.1,10.4,-37.8195002,144.9418888,ENV,REAL_511,Real sensor series - Docklands Library - board 511,42,real_sensor_board_511,18.35600712835876,0,normal
2015-01-08 18:25:00+00:00,18.1,Docklands Library,511,62.8,10.4,-37.8195002,144.9418888,ENV,REAL_511,Real sensor series - Docklands Library - board 511,42,real_sensor_board_511,18.224805702687007,0,normal
2015-01-08 18:35:00+00:00,17.7,Docklands Library,511,63.9,12.1,-37.8195002,144.9418888,ENV,REAL_511,Real sensor series - Docklands Library - board 511,42,real_sensor_board_511,18.119844562149606,0,normal
2015-01-08 18:55:00+00:00,17.4,Docklands Library,511,66.1,15.7,-37.8195002,144.9418888,ENV,REAL_511,Real sensor series - Docklands Library - board 511,42,real_sensor_board_511,17.975875649719686,0,normal
2015-01-08 19:05:00+00:00,17.1,Docklands Library,511,68.5,20.5,-37.8195002,144.9418888,ENV,REAL_511,Real sensor series - Docklands Library - board 511,42,real_sensor_board_511,17.800700519775752,0,normal
2015-01-08 19:15:00+00:00,17.1,Docklands Library,511,69.6,25.9,-37.8195002,144.9418888,ENV,REAL_511,Real sensor series - Docklands Library - board 511,42,real_sensor_board_511,17.660560415820605,1,weak_multivariate_excursion
2015-01-08 19:45:00+00:00,17.1,Docklands Library,511,70.1,63.6,-37.8195002,144.9418888,ENV,REAL_511,Real sensor series - Docklands Library - board 511,42,real_sensor_board_511,17.548448332656484,1,weak_multivariate_excursion
2015-01-08 19:55:00+00:00,17.1,Docklands Library,511,70.1,69.3,-37.8195002,144.9418888,ENV,REAL_511,Real sensor series - Docklands Library - board 511,42,real_sensor_board_511,17.45875866612519,1,weak_multivariate_excursion
2015-01-08 20:05:00+00:00,16.8,Docklands Library,511,69.7,77.6,-37.8195002,144.9418888,ENV,REAL_511,Real sensor series - Docklands Library - board 511,42,real_sensor_board_511,17.387006932900153,0,normal
2015-01-08 20:20:00+00:00,16.8,Docklands Library,511,68.8,83.9,-37.8195002,144.9418888,ENV,REAL_511,Real sensor series - Docklands Library - board 511,42,real_sensor_board_511,17.329605546320124,0,normal
2015-01-08 20:30:00+00:00,17.1,Docklands Library,511,68.8,87.8,-37.8195002,144.9418888,ENV,REAL_511,Real sensor series - Docklands Library - board 511,42,real_sensor_board_511,17.283684437056102,0,normal
2015-01-08 20:40:00+00:00,17.1,Docklands Library,511,69.1,81.2,-37.8195002,144.9418888,ENV,REAL_511,Real sensor series - Docklands Library - board 511,42,real_sensor_board_511,17.246947549644883,0,normal
2015-01-08 20:50:00+00:00,16.8,Docklands Library,511,69.4,85.8,-37.8195002,144.9418888,ENV,REAL_511,Real sensor series - Docklands Library - board 511,42,real_sensor_board_511,17.217558039715907,0,normal
2015-01-08 21:00:00+00:00,16.8,Docklands Library,511,69.6,91.0,-37.8195002,144.9418888,ENV,REAL_511,Real sensor series - Docklands Library - board 511,42,real_sensor_board_511,17.194046431772726,0,normal
2015-01-08 21:30:00+00:00,16.5,Docklands Library,511,70.1,82.3,-37.8195002,144.9418888,ENV,REAL_511,Real sensor series - Docklands Library - board 511,42,real_sensor_board_511,17.175237145418183,0,normal
2015-01-08 21:40:00+00:00,16.5,Docklands Library,511,70.2,91.4,-37.8195002,144.9418888,ENV,REAL_511,Real sensor series - Docklands Library - board 511,42,real_sensor_board_511,17.16018971633455,0,normal
2015-01-08 21:50:00+00:00,16.1,Docklands Library,511,69.7,89.7,-37.8195002,144.9418888,ENV,REAL_511,Real sensor series - Docklands Library - board 511,42,real_sensor_board_511,17.148151773067642,0,normal
2015-01-08 22:00:00+00:00,16.5,Docklands Library,511,70.2,94.1,-37.8195002,144.9418888,ENV,REAL_511,Real sensor series - Docklands Library - board 511,42,real_sensor_board_511,17.138521418454115,0,normal
2015-01-08 22:10:00+00:00,16.5,Docklands Library,511,69.9,89.8,-37.8195002,144.9418888,ENV,REAL_511,Real sensor series - Docklands Library - board 511,42,real_sensor_board_511,17.130817134763294,0,normal
2015-01-08 22:20:00+00:00,16.5,Docklands Library,511,69.3,93.8,-37.8195002,144.9418888,ENV,REAL_511,Real sensor series - Docklands Library - board 511,42,real_sensor_board_511,17.124653707810637,0,normal
2015-01-08 23:00:00+00:00,16.5,Docklands Library,511,67.7,94.8,-37.8195002,144.9418888,ENV,REAL_511,Real sensor series - Docklands Library - board 511,42,real_sensor_board_511,17.11972296624851,0,normal
2015-01-08 23:10:00+00:00,17.1,Docklands Library,511,66.4,96.3,-37.8195002,144.9418888,ENV,REAL_511,Real sensor series - Docklands Library - board 511,42,real_sensor_board_511,17.11577837299881,0,normal
2015-01-08 23:20:00+00:00,16.8,Docklands Library,511,66.9,94.4,-37.8195002,144.9418888,ENV,REAL_511,Real sensor series - Docklands Library - board 511,42,real_sensor_board_511,17.11262269839905,0,normal
2015-01-08 23:55:00+00:00,17.4,Docklands Library,511,64.1,96.0,-37.8195002,144.9418888,ENV,REAL_511,Real sensor series - Docklands Library - board 511,42,real_sensor_board_511,17.110098158719243,0,normal
2015-01-09 00:05:00+00:00,17.4,Docklands Library,511,62.3,96.2,-37.8195002,144.9418888,ENV,REAL_511,Real sensor series - Docklands Library - board 511,42,real_sensor_board_511,17.108078526975397,0,normal
2015-01-09 00:15:00+00:00,17.4,Docklands Library,511,61.5,96.2,-37.8195002,144.9418888,ENV,REAL_511,Real sensor series - Docklands Library - board 511,42,real_sensor_board_511,17.166462821580318,0,normal
2015-01-09 00:25:00+00:00,17.1,Docklands Library,511,60.9,95.5,-37.8195002,144.9418888,ENV,REAL_511,Real sensor series - Docklands Library - board 511,42,real_sensor_board_511,17.213170257264256,0,normal
2015-01-09 00:35:00+00:00,17.4,Docklands Library,511,60.1,95.9,-37.8195002,144.9418888,ENV,REAL_511,Real sensor series - Docklands Library - board 511,42,real_sensor_board_511,17.250536205811404,0,normal
2015-01-09 00:45:00+00:00,17.7,Docklands Library,511,59.8,96.2,-37.8195002,144.9418888,ENV,REAL_511,Real sensor series - Docklands Library - board 511,42,real_sensor_board_511,17.280428964649122,0,normal
2015-01-09 00:55:00+00:00,17.1,Docklands Library,511,60.9,96.0,-37.8195002,144.9418888,ENV,REAL_511,Real sensor series - Docklands Library - board 511,42,real_sensor_board_511,17.3043431717193,0,normal
2015-01-09 01:05:00+00:00,17.4,Docklands Library,511,60.1,96.0,-37.8195002,144.9418888,ENV,REAL_511,Real sensor series - Docklands Library - board 511,42,real_sensor_board_511,17.32347453737544,0,normal
2015-01-09 01:15:00+00:00,17.4,Docklands Library,511,59.2,95.9,-37.8195002,144.9418888,ENV,REAL_511,Real sensor series - Docklands Library - board 511,42,real_sensor_board_511,17.33877962990035,0,normal
2015-01-09 01:55:00+00:00,17.7,Docklands Library,511,58.2,95.5,-37.8195002,144.9418888,ENV,REAL_511,Real sensor series - Docklands Library - board 511,42,real_sensor_board_511,17.35102370392028,0,normal
2015-01-09 02:05:00+00:00,18.1,Docklands Library,511,57.1,95.8,-37.8195002,144.9418888,ENV,REAL_511,Real sensor series - Docklands Library - board 511,42,real_sensor_board_511,17.360818963136225,0,normal
2015-01-09 02:15:00+00:00,17.4,Docklands Library,511,57.3,95.1,-37.8195002,144.9418888,ENV,REAL_511,Real sensor series - Docklands Library - board 511,42,real_sensor_board_511,17.36865517050898,0,normal
2015-01-09 02:25:00+00:00,17.7,Docklands Library,511,57.3,95.8,-37.8195002,144.9418888,ENV,REAL_511,Real sensor series - Docklands Library - board 511,42,real_sensor_board_511,17.374924136407184,0,normal
2015-01-09 02:35:00+00:00,17.4,Docklands Library,511,56.7,95.2,-37.8195002,144.9418888,ENV,REAL_511,Real sensor series - Docklands Library - board 511,42,real_sensor_board_511,17.37993930912575,0,normal
2015-01-09 02:45:00+00:00,17.7,Docklands Library,511,56.8,95.4,-37.8195002,144.9418888,ENV,REAL_511,Real sensor series - Docklands Library - board 511,42,real_sensor_board_511,17.3839514473006,0,normal
2015-01-09 03:10:00+00:00,17.4,Docklands Library,511,57.1,95.0,-37.8195002,144.9418888,ENV,REAL_511,Real sensor series - Docklands Library - board 511,42,real_sensor_board_511,17.38716115784048,0,normal
2015-01-09 03:20:00+00:00,17.7,Docklands Library,511,56.3,95.3,-37.8195002,144.9418888,ENV,REAL_511,Real sensor series - Docklands Library - board 511,42,real_sensor_board_511,17.389728926272387,0,normal
2015-01-09 03:50:00+00:00,17.7,Docklands Library,511,56.0,95.3,-37.8195002,144.9418888,ENV,REAL_511,Real sensor series - Docklands Library - board 511,42,real_sensor_board_511,17.39178314101791,0,normal
2015-01-09 04:00:00+00:00,18.1,Docklands Library,511,55.9,95.6,-37.8195002,144.9418888,ENV,REAL_511,Real sensor series - Docklands Library - board 511,42,real_sensor_board_511,17.39342651281433,0,normal
2015-01-09 04:10:00+00:00,18.1,Docklands Library,511,54.9,96.5,-37.8195002,144.9418888,ENV,REAL_511,Real sensor series - Docklands Library - board 511,42,real_sensor_board_511,17.394741210251464,0,normal
2015-01-09 04:20:00+00:00,18.4,Docklands Library,511,54.1,96.3,-37.8195002,144.9418888,ENV,REAL_511,Real sensor series - Docklands Library - board 511,42,real_sensor_board_511,17.39579296820117,0,normal
2015-01-09 04:30:00+00:00,18.4,Docklands Library,511,54.1,95.5,-37.8195002,144.9418888,ENV,REAL_511,Real sensor series - Docklands Library - board 511,42,real_sensor_board_511,17.396634374560936,0,normal
2015-01-09 04:40:00+00:00,17.7,Docklands Library,511,55.2,94.0,-37.8195002,144.9418888,ENV,REAL_511,Real sensor series - Docklands Library - board 511,42,real_sensor_board_511,17.39730749964875,0,normal
2015-01-09 05:00:00+00:00,17.4,Docklands Library,511,56.8,93.5,-37.8195002,144.9418888,ENV,REAL_511,Real sensor series - Docklands Library - board 511,42,real_sensor_board_511,17.397845999719,0,normal
2015-01-09 05:40:00+00:00,17.4,Docklands Library,511,57.1,91.9,-37.8195002,144.9418888,ENV,REAL_511,Real sensor series - Docklands Library - board 511,42,real_sensor_board_511,17.3982767997752,0,normal
2015-01-09 06:00:00+00:00,17.1,Docklands Library,511,55.9,92.0,-37.8195002,144.9418888,ENV,REAL_511,Real sensor series - Docklands Library - board 511,42,real_sensor_board_511,17.338621439820162,0,normal
2015-01-09 06:45:00+00:00,17.1,Docklands Library,511,54.9,91.9,-37.8195002,144.9418888,ENV,REAL_511,Real sensor series - Docklands Library - board 511,42,real_sensor_board_511,17.290897151856132,0,normal
2015-01-09 06:55:00+00:00,17.1,Docklands Library,511,54.3,91.8,-37.8195002,144.9418888,ENV,REAL_511,Real sensor series - Docklands Library - board 511,42,real_sensor_board_511,17.252717721484906,0,normal
2015-01-09 07:25:00+00:00,16.8,Docklands Library,511,55.7,89.1,-37.8195002,144.9418888,ENV,REAL_511,Real sensor series - Docklands Library - board 511,42,real_sensor_board_511,17.162174177187925,0,normal
2015-01-09 07:35:00+00:00,16.5,Docklands Library,511,55.9,90.2,-37.8195002,144.9418888,ENV,REAL_511,Real sensor series - Docklands Library - board 511,42,real_sensor_board_511,17.02973934175034,0,normal
2015-01-09 07:45:00+00:00,15.8,Docklands Library,511,57.1,91.3,-37.8195002,144.9418888,ENV,REAL_511,Real sensor series - Docklands Library - board 511,42,real_sensor_board_511,16.843791473400273,0,normal
2015-01-09 08:05:00+00:00,16.1,Docklands Library,511,57.0,87.9,-37.8195002,144.9418888,ENV,REAL_511,Real sensor series - Docklands Library - board 511,42,real_sensor_board_511,16.63503317872022,0,normal
2015-01-09 08:25:00+00:00,15.8,Docklands Library,511,54.6,85.0,-37.8195002,144.9418888,ENV,REAL_511,Real sensor series - Docklands Library - board 511,42,real_sensor_board_511,16.468026542976176,0,normal
2015-01-09 08:35:00+00:00,15.8,Docklands Library,511,53.5,84.8,-37.8195002,144.9418888,ENV,REAL_511,Real sensor series - Docklands Library - board 511,42,real_sensor_board_511,16.33442123438094,0,normal
2015-01-09 08:45:00+00:00,15.8,Docklands Library,511,53.3,83.0,-37.8195002,144.9418888,ENV,REAL_511,Real sensor series - Docklands Library - board 511,42,real_sensor_board_511,16.227536987504752,0,normal
2015-01-09 09:05:00+00:00,15.8,Docklands Library,511,54.8,71.0,-37.8195002,144.9418888,ENV,REAL_511,Real sensor series - Docklands Library - board 511,42,real_sensor_board_511,16.1420295900038,0,normal
2015-01-09 09:15:00+00:00,15.5,Docklands Library,511,56.0,67.2,-37.8195002,144.9418888,ENV,REAL_511,Real sensor series - Docklands Library - board 511,42,real_sensor_board_511,16.013623672003042,0,normal
2015-01-09 09:25:00+00:00,15.2,Docklands Library,511,56.0,55.6,-37.8195002,144.9418888,ENV,REAL_511,Real sensor series - Docklands Library - board 511,42,real_sensor_board_511,15.850898937602434,1,weak_multivariate_excursion
2015-01-09 09:35:00+00:00,15.2,Docklands Library,511,55.7,34.4,-37.8195002,144.9418888,ENV,REAL_511,Real sensor series - Docklands Library - board 511,42,real_sensor_board_511,15.720719150081948,1,weak_multivariate_excursion
2015-01-09 09:50:00+00:00,14.8,Docklands Library,511,56.7,24.5,-37.8195002,144.9418888,ENV,REAL_511,Real sensor series - Docklands Library - board 511,42,real_sensor_board_511,15.536575320065559,1,weak_multivariate_excursion
2015-01-09 10:00:00+00:00,14.2,Docklands Library,511,60.4,13.6,-37.8195002,144.9418888,ENV,REAL_511,Real sensor series - Docklands Library - board 511,42,real_sensor_board_511,15.329260256052448,1,weak_multivariate_excursion
2015-01-09 10:10:00+00:00,13.9,Docklands Library,511,60.9,10.3,-37.8195002,144.9418888,ENV,REAL_511,Real sensor series - Docklands Library - board 511,42,real_sensor_board_511,15.163408204841959,1,weak_multivariate_excursion
2015-01-09 10:20:00+00:00,14.2,Docklands Library,511,60.6,9.7,-37.8195002,144.9418888,ENV,REAL_511,Real sensor series - Docklands Library - board 511,42,real_sensor_board_511,15.030726563873568,0,normal
2015-01-09 10:30:00+00:00,14.2,Docklands Library,511,60.3,9.6,-37.8195002,144.9418888,ENV,REAL_511,Real sensor series - Docklands Library - board 511,42,real_sensor_board_511,14.924581251098855,0,normal
2015-01-09 10:40:00+00:00,14.2,Docklands Library,511,60.8,9.6,-37.8195002,144.9418888,ENV,REAL_511,Real sensor series - Docklands Library - board 511,42,real_sensor_board_511,14.839665000879085,0,normal
2015-01-09 10:50:00+00:00,14.5,Docklands Library,511,61.1,9.5,-37.8195002,144.9418888,ENV,REAL_511,Real sensor series - Docklands Library - board 511,42,real_sensor_board_511,14.771732000703269,0,normal
2015-01-09 11:00:00+00:00,14.2,Docklands Library,511,61.1,9.4,-37.8195002,144.9418888,ENV,REAL_511,Real sensor series - Docklands Library - board 511,42,real_sensor_board_511,14.717385600562617,0,normal
2015-01-09 11:10:00+00:00,13.9,Docklands Library,511,63.3,9.3,-37.8195002,144.9418888,ENV,REAL_511,Real sensor series - Docklands Library - board 511,42,real_sensor_board_511,14.673908480450095,0,normal
2015-01-09 11:40:00+00:00,13.2,Docklands Library,511,65.3,9.4,-37.8195002,144.9418888,ENV,REAL_511,Real sensor series - Docklands Library - board 511,42,real_sensor_board_511,14.639126784360077,0,normal
2015-01-09 12:20:00+00:00,14.2,Docklands Library,511,64.2,9.4,-37.8195002,144.9418888,ENV,REAL_511,Real sensor series - Docklands Library - board 511,42,real_sensor_board_511,14.611301427488062,0,normal
2015-01-09 12:30:00+00:00,14.2,Docklands Library,511,64.1,9.4,-37.8195002,144.9418888,ENV,REAL_511,Real sensor series - Docklands Library - board 511,42,real_sensor_board_511,14.589041141990451,0,normal
2015-01-09 12:40:00+00:00,14.2,Docklands Library,511,63.6,9.3,-37.8195002,144.9418888,ENV,REAL_511,Real sensor series - Docklands Library - board 511,42,real_sensor_board_511,14.571232913592363,0,normal
2015-01-09 12:50:00+00:00,14.2,Docklands Library,511,63.9,9.2,-37.8195002,144.9418888,ENV,REAL_511,Real sensor series - Docklands Library - board 511,42,real_sensor_board_511,14.496986330873892,0,normal
2015-01-09 13:15:00+00:00,14.2,Docklands Library,511,63.9,9.2,-37.8195002,144.9418888,ENV,REAL_511,Real sensor series - Docklands Library - board 511,42,real_sensor_board_511,14.437589064699115,0,normal
2015-01-09 13:35:00+00:00,14.2,Docklands Library,511,60.6,9.2,-37.8195002,144.9418888,ENV,REAL_511,Real sensor series - Docklands Library - board 511,42,real_sensor_board_511,14.390071251759291,0,normal
2015-01-09 13:45:00+00:00,14.2,Docklands Library,511,59.6,9.1,-37.8195002,144.9418888,ENV,REAL_511,Real sensor series - Docklands Library - board 511,42,real_sensor_board_511,14.352057001407434,0,normal
2015-01-09 13:55:00+00:00,14.5,Docklands Library,511,60.3,9.2,-37.8195002,144.9418888,ENV,REAL_511,Real sensor series - Docklands Library - board 511,42,real_sensor_board_511,14.321645601125947,0,normal
2015-01-09 14:15:00+00:00,14.5,Docklands Library,511,60.6,9.3,-37.8195002,144.9418888,ENV,REAL_511,Real sensor series - Docklands Library - board 511,42,real_sensor_board_511,14.297316480900758,0,normal
2015-01-09 14:55:00+00:00,14.5,Docklands Library,511,61.9,9.4,-37.8195002,144.9418888,ENV,REAL_511,Real sensor series - Docklands Library - board 511,42,real_sensor_board_511,14.277853184720607,0,normal
2015-01-09 15:05:00+00:00,14.5,Docklands Library,511,61.9,9.2,-37.8195002,144.9418888,ENV,REAL_511,Real sensor series - Docklands Library - board 511,42,real_sensor_board_511,14.262282547776486,0,normal
2015-01-09 15:15:00+00:00,14.8,Docklands Library,511,59.6,9.2,-37.8195002,144.9418888,ENV,REAL_511,Real sensor series - Docklands Library - board 511,42,real_sensor_board_511,14.24982603822119,0,normal
2015-01-09 15:25:00+00:00,15.2,Docklands Library,511,59.8,9.1,-37.8195002,144.9418888,ENV,REAL_511,Real sensor series - Docklands Library - board 511,42,real_sensor_board_511,14.239860830576953,0,normal
2015-01-09 15:35:00+00:00,14.8,Docklands Library,511,57.8,9.2,-37.8195002,144.9418888,ENV,REAL_511,Real sensor series - Docklands Library - board 511,42,real_sensor_board_511,14.231888664461563,0,normal
2015-01-09 15:55:00+00:00,14.8,Docklands Library,511,58.5,9.2,-37.8195002,144.9418888,ENV,REAL_511,Real sensor series - Docklands Library - board 511,42,real_sensor_board_511,14.22551093156925,0,normal
2015-01-09 16:05:00+00:00,14.8,Docklands Library,511,57.9,9.1,-37.8195002,144.9418888,ENV,REAL_511,Real sensor series - Docklands Library - board 511,42,real_sensor_board_511,14.220408745255401,0,normal
2015-01-09 16:40:00+00:00,14.8,Docklands Library,511,60.8,9.2,-37.8195002,144.9418888,ENV,REAL_511,Real sensor series - Docklands Library - board 511,42,real_sensor_board_511,14.216326996204321,0,normal
2015-01-09 16:50:00+00:00,14.5,Docklands Library,511,62.3,9.2,-37.8195002,144.9418888,ENV,REAL_511,Real sensor series - Docklands Library - board 511,42,real_sensor_board_511,14.213061596963458,0,normal
2015-01-09 17:10:00+00:00,14.2,Docklands Library,511,63.4,9.2,-37.8195002,144.9418888,ENV,REAL_511,Real sensor series - Docklands Library - board 511,42,real_sensor_board_511,14.270449277570767,0,normal
2015-01-09 17:20:00+00:00,14.5,Docklands Library,511,63.9,9.3,-37.8195002,144.9418888,ENV,REAL_511,Real sensor series - Docklands Library - board 511,42,real_sensor_board_511,14.316359422056616,0,normal
2015-01-09 17:40:00+00:00,14.2,Docklands Library,511,64.1,9.0,-37.8195002,144.9418888,ENV,REAL_511,Real sensor series - Docklands Library - board 511,42,real_sensor_board_511,14.353087537645294,0,normal
2015-01-09 17:50:00+00:00,13.9,Docklands Library,511,64.2,9.1,-37.8195002,144.9418888,ENV,REAL_511,Real sensor series - Docklands Library - board 511,42,real_sensor_board_511,14.382470030116236,0,normal
2015-01-09 18:00:00+00:00,14.2,Docklands Library,511,64.4,9.2,-37.8195002,144.9418888,ENV,REAL_511,Real sensor series - Docklands Library - board 511,42,real_sensor_board_511,14.40597602409299,0,normal
2015-01-09 18:10:00+00:00,14.2,Docklands Library,511,63.7,9.1,-37.8195002,144.9418888,ENV,REAL_511,Real sensor series - Docklands Library - board 511,42,real_sensor_board_511,14.424780819274392,0,normal
2015-01-09 18:30:00+00:00,14.2,Docklands Library,511,64.5,9.3,-37.8195002,144.9418888,ENV,REAL_511,Real sensor series - Docklands Library - board 511,42,real_sensor_board_511,14.439824655419516,0,normal
2015-01-09 18:40:00+00:00,14.2,Docklands Library,511,64.9,9.5,-37.8195002,144.9418888,ENV,REAL_511,Real sensor series - Docklands Library - board 511,42,real_sensor_board_511,14.451859724335614,0,normal
2015-01-09 19:00:00+00:00,14.2,Docklands Library,511,64.7,14.1,-37.8195002,144.9418888,ENV,REAL_511,Real sensor series - Docklands Library - board 511,42,real_sensor_board_511,14.521487779468494,1,weak_multivariate_excursion
2015-01-09 19:40:00+00:00,14.2,Docklands Library,511,64.2,64.7,-37.8195002,144.9418888,ENV,REAL_511,Real sensor series - Docklands Library - board 511,42,real_sensor_board_511,14.577190223574796,1,weak_multivariate_excursion
2015-01-09 19:55:00+00:00,14.2,Docklands Library,511,64.7,70.8,-37.8195002,144.9418888,ENV,REAL_511,Real sensor series - Docklands Library - board 511,42,real_sensor_board_511,14.621752178859838,1,weak_multivariate_excursion
2015-01-09 20:05:00+00:00,14.2,Docklands Library,511,63.9,73.5,-37.8195002,144.9418888,ENV,REAL_511,Real sensor series - Docklands Library - board 511,42,real_sensor_board_511,14.657401743087872,0,normal
2015-01-09 20:15:00+00:00,14.5,Docklands Library,511,64.2,76.2,-37.8195002,144.9418888,ENV,REAL_511,Real sensor series - Docklands Library - board 511,42,real_sensor_board_511,14.685921394470299,0,normal
2015-01-09 20:25:00+00:00,14.5,Docklands Library,511,64.4,79.0,-37.8195002,144.9418888,ENV,REAL_511,Real sensor series - Docklands Library - board 511,42,real_sensor_board_511,14.708737115576241,0,normal
2015-01-09 20:55:00+00:00,14.8,Docklands Library,511,64.9,87.4,-37.8195002,144.9418888,ENV,REAL_511,Real sensor series - Docklands Library - board 511,42,real_sensor_board_511,14.726989692460995,0,normal
2015-01-09 21:15:00+00:00,14.8,Docklands Library,511,63.7,89.2,-37.8195002,144.9418888,ENV,REAL_511,Real sensor series - Docklands Library - board 511,42,real_sensor_board_511,14.741591753968798,0,normal
2015-01-09 21:25:00+00:00,14.8,Docklands Library,511,63.3,90.4,-37.8195002,144.9418888,ENV,REAL_511,Real sensor series - Docklands Library - board 511,42,real_sensor_board_511,14.75327340317504,0,normal
2015-01-09 21:35:00+00:00,14.8,Docklands Library,511,63.9,90.4,-37.8195002,144.9418888,ENV,REAL_511,Real sensor series - Docklands Library - board 511,42,real_sensor_board_511,14.762618722540033,0,normal
2015-01-09 22:05:00+00:00,15.2,Docklands Library,511,63.4,91.9,-37.8195002,144.9418888,ENV,REAL_511,Real sensor series - Docklands Library - board 511,42,real_sensor_board_511,14.850094978032025,0,normal
2015-01-09 22:15:00+00:00,15.5,Docklands Library,511,62.5,92.4,-37.8195002,144.9418888,ENV,REAL_511,Real sensor series - Docklands Library - board 511,42,real_sensor_board_511,14.980075982425621,0,normal
2015-01-09 22:25:00+00:00,15.5,Docklands Library,511,62.3,94.1,-37.8195002,144.9418888,ENV,REAL_511,Real sensor series - Docklands Library - board 511,42,real_sensor_board_511,15.084060785940498,0,normal
2015-01-09 22:35:00+00:00,16.5,Docklands Library,511,60.3,94.9,-37.8195002,144.9418888,ENV,REAL_511,Real sensor series - Docklands Library - board 511,42,real_sensor_board_511,15.2872486287524,0,normal
2015-01-09 22:45:00+00:00,16.5,Docklands Library,511,60.0,95.2,-37.8195002,144.9418888,ENV,REAL_511,Real sensor series - Docklands Library - board 511,42,real_sensor_board_511,15.529798903001922,0,normal
2015-01-09 22:55:00+00:00,16.1,Docklands Library,511,60.1,95.4,-37.8195002,144.9418888,ENV,REAL_511,Real sensor series - Docklands Library - board 511,42,real_sensor_board_511,15.72383912240154,0,normal
2015-01-09 23:05:00+00:00,16.5,Docklands Library,511,58.7,95.6,-37.8195002,144.9418888,ENV,REAL_511,Real sensor series - Docklands Library - board 511,42,real_sensor_board_511,15.879071297921232,0,normal
2015-01-09 23:20:00+00:00,16.5,Docklands Library,511,59.2,95.5,-37.8195002,144.9418888,ENV,REAL_511,Real sensor series - Docklands Library - board 511,42,real_sensor_board_511,16.003257038336987,0,normal
2015-01-10 01:40:00+00:00,18.4,Docklands Library,511,51.6,96.4,-37.8195002,144.9418888,ENV,REAL_511,Real sensor series - Docklands Library - board 511,42,real_sensor_board_511,16.48260563066959,0,normal
2015-01-10 02:00:00+00:00,19.0,Docklands Library,511,50.8,96.6,-37.8195002,144.9418888,ENV,REAL_511,Real sensor series - Docklands Library - board 511,42,real_sensor_board_511,16.86608450453567,0,normal
2015-01-10 02:10:00+00:00,18.7,Docklands Library,511,51.3,96.5,-37.8195002,144.9418888,ENV,REAL_511,Real sensor series - Docklands Library - board 511,42,real_sensor_board_511,17.17286760362854,0,normal
2015-01-10 02:20:00+00:00,19.4,Docklands Library,511,50.8,96.8,-37.8195002,144.9418888,ENV,REAL_511,Real sensor series - Docklands Library - board 511,42,real_sensor_board_511,17.418294082902833,0,normal
2015-01-10 03:35:00+00:00,20.0,Docklands Library,511,49.9,97.5,-37.8195002,144.9418888,ENV,REAL_511,Real sensor series - Docklands Library - board 511,42,real_sensor_board_511,17.614635266322267,0,normal
2015-01-10 04:15:00+00:00,19.4,Docklands Library,511,50.5,96.5,-37.8195002,144.9418888,ENV,REAL_511,Real sensor series - Docklands Library - board 511,42,real_sensor_board_511,17.771708213057813,0,normal
2015-01-10 04:45:00+00:00,19.0,Docklands Library,511,50.7,96.6,-37.8195002,144.9418888,ENV,REAL_511,Real sensor series - Docklands Library - board 511,42,real_sensor_board_511,17.897366570446252,0,normal
2015-01-10 05:15:00+00:00,19.0,Docklands Library,511,50.8,95.5,-37.8195002,144.9418888,ENV,REAL_511,Real sensor series - Docklands Library - board 511,42,real_sensor_board_511,17.997893256357003,0,normal
2015-01-10 05:25:00+00:00,18.7,Docklands Library,511,52.6,95.3,-37.8195002,144.9418888,ENV,REAL_511,Real sensor series - Docklands Library - board 511,42,real_sensor_board_511,18.078314605085602,0,normal
2015-01-10 05:45:00+00:00,18.4,Docklands Library,511,52.1,95.5,-37.8195002,144.9418888,ENV,REAL_511,Real sensor series - Docklands Library - board 511,42,real_sensor_board_511,18.142651684068483,0,normal
2015-01-10 05:55:00+00:00,18.7,Docklands Library,511,52.7,95.2,-37.8195002,144.9418888,ENV,REAL_511,Real sensor series - Docklands Library - board 511,42,real_sensor_board_511,18.194121347254786,0,normal
2015-01-10 06:10:00+00:00,18.4,Docklands Library,511,52.6,94.3,-37.8195002,144.9418888,ENV,REAL_511,Real sensor series - Docklands Library - board 511,42,real_sensor_board_511,18.23529707780383,0,normal
2015-01-10 06:30:00+00:00,19.0,Docklands Library,511,51.6,96.2,-37.8195002,144.9418888,ENV,REAL_511,Real sensor series - Docklands Library - board 511,42,real_sensor_board_511,18.268237662243063,0,normal
2015-01-10 06:50:00+00:00,18.4,Docklands Library,511,52.7,94.4,-37.8195002,144.9418888,ENV,REAL_511,Real sensor series - Docklands Library - board 511,42,real_sensor_board_511,18.29459012979445,0,normal
2015-01-10 07:00:00+00:00,18.7,Docklands Library,511,51.8,95.7,-37.8195002,144.9418888,ENV,REAL_511,Real sensor series - Docklands Library - board 511,42,real_sensor_board_511,18.31567210383556,0,normal
2015-01-10 07:10:00+00:00,18.7,Docklands Library,511,52.4,93.9,-37.8195002,144.9418888,ENV,REAL_511,Real sensor series - Docklands Library - board 511,42,real_sensor_board_511,18.33253768306845,0,normal
2015-01-10 07:20:00+00:00,18.4,Docklands Library,511,53.0,92.3,-37.8195002,144.9418888,ENV,REAL_511,Real sensor series - Docklands Library - board 511,42,real_sensor_board_511,18.34603014645476,0,normal
2015-01-10 08:00:00+00:00,18.7,Docklands Library,511,52.9,91.8,-37.8195002,144.9418888,ENV,REAL_511,Real sensor series - Docklands Library - board 511,42,real_sensor_board_511,18.356824117163807,0,normal
2015-01-10 08:10:00+00:00,18.7,Docklands Library,511,52.7,90.5,-37.8195002,144.9418888,ENV,REAL_511,Real sensor series - Docklands Library - board 511,42,real_sensor_board_511,18.365459293731046,0,normal
2015-01-10 08:20:00+00:00,18.7,Docklands Library,511,54.8,90.2,-37.8195002,144.9418888,ENV,REAL_511,Real sensor series - Docklands Library - board 511,42,real_sensor_board_511,18.372367434984838,0,normal
2015-01-10 08:30:00+00:00,18.4,Docklands Library,511,54.8,87.9,-37.8195002,144.9418888,ENV,REAL_511,Real sensor series - Docklands Library - board 511,42,real_sensor_board_511,18.37789394798787,0,normal
2015-01-10 08:40:00+00:00,18.4,Docklands Library,511,54.6,86.5,-37.8195002,144.9418888,ENV,REAL_511,Real sensor series - Docklands Library - board 511,42,real_sensor_board_511,18.3823151583903,0,normal
2015-01-10 09:10:00+00:00,18.4,Docklands Library,511,53.7,76.3,-37.8195002,144.9418888,ENV,REAL_511,Real sensor series - Docklands Library - board 511,42,real_sensor_board_511,18.385852126712237,0,normal
2015-01-10 09:25:00+00:00,18.4,Docklands Library,511,53.5,76.1,-37.8195002,144.9418888,ENV,REAL_511,Real sensor series - Docklands Library - board 511,42,real_sensor_board_511,18.38868170136979,0,normal
2015-01-10 09:35:00+00:00,18.4,Docklands Library,511,53.3,67.4,-37.8195002,144.9418888,ENV,REAL_511,Real sensor series - Docklands Library - board 511,42,real_sensor_board_511,18.39094536109583,0,normal
2015-01-10 09:45:00+00:00,18.4,Docklands Library,511,53.5,59.3,-37.8195002,144.9418888,ENV,REAL_511,Real sensor series - Docklands Library - board 511,42,real_sensor_board_511,18.392756288876665,1,weak_multivariate_excursion
2015-01-10 09:55:00+00:00,18.4,Docklands Library,511,53.8,34.4,-37.8195002,144.9418888,ENV,REAL_511,Real sensor series - Docklands Library - board 511,42,real_sensor_board_511,18.394205031101333,1,weak_multivariate_excursion
2015-01-10 10:15:00+00:00,18.4,Docklands Library,511,52.9,11.7,-37.8195002,144.9418888,ENV,REAL_511,Real sensor series - Docklands Library - board 511,42,real_sensor_board_511,18.39536402488107,1,weak_multivariate_excursion
2015-01-10 10:35:00+00:00,18.1,Docklands Library,511,52.9,10.7,-37.8195002,144.9418888,ENV,REAL_511,Real sensor series - Docklands Library - board 511,42,real_sensor_board_511,18.396291219904853,1,weak_multivariate_excursion
2015-01-10 10:45:00+00:00,18.1,Docklands Library,511,53.5,10.7,-37.8195002,144.9418888,ENV,REAL_511,Real sensor series - Docklands Library - board 511,42,real_sensor_board_511,18.397032975923885,0,normal
2015-01-10 11:15:00+00:00,18.1,Docklands Library,511,54.8,10.9,-37.8195002,144.9418888,ENV,REAL_511,Real sensor series - Docklands Library - board 511,42,real_sensor_board_511,18.39762638073911,0,normal
2015-01-10 11:45:00+00:00,18.1,Docklands Library,511,55.5,10.9,-37.8195002,144.9418888,ENV,REAL_511,Real sensor series - Docklands Library - board 511,42,real_sensor_board_511,18.33810110459129,0,normal
2015-01-10 11:55:00+00:00,18.4,Docklands Library,511,56.0,10.8,-37.8195002,144.9418888,ENV,REAL_511,Real sensor series - Docklands Library - board 511,42,real_sensor_board_511,18.29048088367303,0,normal
2015-01-10 12:15:00+00:00,18.4,Docklands Library,511,57.1,10.9,-37.8195002,144.9418888,ENV,REAL_511,Real sensor series - Docklands Library - board 511,42,real_sensor_board_511,18.252384706938425,0,normal
2015-01-10 12:50:00+00:00,18.1,Docklands Library,511,58.9,10.8,-37.8195002,144.9418888,ENV,REAL_511,Real sensor series - Docklands Library - board 511,42,real_sensor_board_511,18.221907765550743,0,normal
2015-01-10 13:10:00+00:00,18.4,Docklands Library,511,59.3,10.8,-37.8195002,144.9418888,ENV,REAL_511,Real sensor series - Docklands Library - board 511,42,real_sensor_board_511,18.197526212440597,0,normal
2015-01-10 13:30:00+00:00,18.1,Docklands Library,511,61.1,10.9,-37.8195002,144.9418888,ENV,REAL_511,Real sensor series - Docklands Library - board 511,42,real_sensor_board_511,18.178020969952478,0,normal
2015-01-10 14:00:00+00:00,17.7,Docklands Library,511,64.9,10.9,-37.8195002,144.9418888,ENV,REAL_511,Real sensor series - Docklands Library - board 511,42,real_sensor_board_511,18.162416775961983,0,normal
2015-01-10 14:20:00+00:00,17.4,Docklands Library,511,66.6,10.8,-37.8195002,144.9418888,ENV,REAL_511,Real sensor series - Docklands Library - board 511,42,real_sensor_board_511,18.14993342076959,0,normal
2015-01-10 14:40:00+00:00,17.7,Docklands Library,511,65.8,10.9,-37.8195002,144.9418888,ENV,REAL_511,Real sensor series - Docklands Library - board 511,42,real_sensor_board_511,18.139946736615673,0,normal
2015-01-10 14:50:00+00:00,17.7,Docklands Library,511,64.9,10.9,-37.8195002,144.9418888,ENV,REAL_511,Real sensor series - Docklands Library - board 511,42,real_sensor_board_511,18.13195738929254,0,normal
2015-01-10 15:00:00+00:00,18.1,Docklands Library,511,64.2,10.9,-37.8195002,144.9418888,ENV,REAL_511,Real sensor series - Docklands Library - board 511,42,real_sensor_board_511,18.125565911434034,0,normal
2015-01-10 15:10:00+00:00,18.1,Docklands Library,511,63.3,10.6,-37.8195002,144.9418888,ENV,REAL_511,Real sensor series - Docklands Library - board 511,42,real_sensor_board_511,18.120452729147228,0,normal
2015-01-10 15:20:00+00:00,18.1,Docklands Library,511,63.4,10.8,-37.8195002,144.9418888,ENV,REAL_511,Real sensor series - Docklands Library - board 511,42,real_sensor_board_511,18.116362183317783,0,normal
2015-01-10 15:30:00+00:00,18.1,Docklands Library,511,63.0,10.7,-37.8195002,144.9418888,ENV,REAL_511,Real sensor series - Docklands Library - board 511,42,real_sensor_board_511,18.11308974665423,0,normal
2015-01-10 15:50:00+00:00,18.1,Docklands Library,511,62.5,10.9,-37.8195002,144.9418888,ENV,REAL_511,Real sensor series - Docklands Library - board 511,42,real_sensor_board_511,18.110471797323385,0,normal
2015-01-10 16:25:00+00:00,18.1,Docklands Library,511,61.4,10.7,-37.8195002,144.9418888,ENV,REAL_511,Real sensor series - Docklands Library - board 511,42,real_sensor_board_511,18.10837743785871,0,normal
2015-01-10 16:35:00+00:00,18.1,Docklands Library,511,61.9,10.8,-37.8195002,144.9418888,ENV,REAL_511,Real sensor series - Docklands Library - board 511,42,real_sensor_board_511,18.10670195028697,0,normal
2015-01-10 16:45:00+00:00,18.1,Docklands Library,511,61.5,10.9,-37.8195002,144.9418888,ENV,REAL_511,Real sensor series - Docklands Library - board 511,42,real_sensor_board_511,18.105361560229575,0,normal
2015-01-10 16:55:00+00:00,18.1,Docklands Library,511,61.5,10.8,-37.8195002,144.9418888,ENV,REAL_511,Real sensor series - Docklands Library - board 511,42,real_sensor_board_511,18.10428924818366,0,normal
2015-01-10 17:05:00+00:00,18.1,Docklands Library,511,61.7,10.6,-37.8195002,144.9418888,ENV,REAL_511,Real sensor series - Docklands Library - board 511,42,real_sensor_board_511,18.10343139854693,0,normal
2015-01-10 17:15:00+00:00,17.7,Docklands Library,511,62.3,10.7,-37.8195002,144.9418888,ENV,REAL_511,Real sensor series - Docklands Library - board 511,42,real_sensor_board_511,18.102745118837547,0,normal
2015-01-10 17:25:00+00:00,17.7,Docklands Library,511,62.0,10.7,-37.8195002,144.9418888,ENV,REAL_511,Real sensor series - Docklands Library - board 511,42,real_sensor_board_511,18.10219609507004,0,normal
2015-01-10 17:45:00+00:00,17.7,Docklands Library,511,62.5,10.9,-37.8195002,144.9418888,ENV,REAL_511,Real sensor series - Docklands Library - board 511,42,real_sensor_board_511,18.101756876056033,0,normal
2015-01-10 17:55:00+00:00,17.7,Docklands Library,511,62.2,10.7,-37.8195002,144.9418888,ENV,REAL_511,Real sensor series - Docklands Library - board 511,42,real_sensor_board_511,18.101405500844827,0,normal
2015-01-10 18:05:00+00:00,17.7,Docklands Library,511,62.3,10.9,-37.8195002,144.9418888,ENV,REAL_511,Real sensor series - Docklands Library - board 511,42,real_sensor_board_511,18.10112440067586,0,normal
2015-01-10 18:15:00+00:00,17.7,Docklands Library,511,62.0,10.9,-37.8195002,144.9418888,ENV,REAL_511,Real sensor series - Docklands Library - board 511,42,real_sensor_board_511,18.10089952054069,0,normal
2015-01-10 18:35:00+00:00,18.1,Docklands Library,511,61.5,11.8,-37.8195002,144.9418888,ENV,REAL_511,Real sensor series - Docklands Library - board 511,42,real_sensor_board_511,18.100719616432553,0,normal
2015-01-10 18:45:00+00:00,18.1,Docklands Library,511,61.5,19.9,-37.8195002,144.9418888,ENV,REAL_511,Real sensor series - Docklands Library - board 511,42,real_sensor_board_511,18.100575693146045,1,weak_multivariate_excursion
2015-01-10 18:55:00+00:00,18.1,Docklands Library,511,61.4,38.5,-37.8195002,144.9418888,ENV,REAL_511,Real sensor series - Docklands Library - board 511,42,real_sensor_board_511,18.100460554516836,1,weak_multivariate_excursion
2015-01-10 19:05:00+00:00,18.1,Docklands Library,511,61.5,64.0,-37.8195002,144.9418888,ENV,REAL_511,Real sensor series - Docklands Library - board 511,42,real_sensor_board_511,18.10036844361347,1,weak_multivariate_excursion
2015-01-10 19:15:00+00:00,17.7,Docklands Library,511,61.4,78.5,-37.8195002,144.9418888,ENV,REAL_511,Real sensor series - Docklands Library - board 511,42,real_sensor_board_511,18.100294754890776,1,weak_multivariate_excursion
2015-01-10 19:25:00+00:00,17.7,Docklands Library,511,61.9,87.0,-37.8195002,144.9418888,ENV,REAL_511,Real sensor series - Docklands Library - board 511,42,real_sensor_board_511,18.10023580391262,1,weak_multivariate_excursion
2015-01-10 19:40:00+00:00,17.7,Docklands Library,511,61.9,90.2,-37.8195002,144.9418888,ENV,REAL_511,Real sensor series - Docklands Library - board 511,42,real_sensor_board_511,18.1001886431301,0,normal
2015-01-10 19:50:00+00:00,18.1,Docklands Library,511,61.4,91.7,-37.8195002,144.9418888,ENV,REAL_511,Real sensor series - Docklands Library - board 511,42,real_sensor_board_511,18.10015091450408,0,normal
2015-01-10 20:00:00+00:00,18.1,Docklands Library,511,61.4,92.6,-37.8195002,144.9418888,ENV,REAL_511,Real sensor series - Docklands Library - board 511,42,real_sensor_board_511,18.100120731603266,0,normal
2015-01-10 20:30:00+00:00,18.4,Docklands Library,511,60.0,93.7,-37.8195002,144.9418888,ENV,REAL_511,Real sensor series - Docklands Library - board 511,42,real_sensor_board_511,18.160096585282613,0,normal
2015-01-10 20:40:00+00:00,18.7,Docklands Library,511,58.7,93.7,-37.8195002,144.9418888,ENV,REAL_511,Real sensor series - Docklands Library - board 511,42,real_sensor_board_511,18.268077268226094,0,normal
2015-01-10 20:50:00+00:00,18.7,Docklands Library,511,58.1,93.9,-37.8195002,144.9418888,ENV,REAL_511,Real sensor series - Docklands Library - board 511,42,real_sensor_board_511,18.354461814580876,0,normal
2015-01-10 21:00:00+00:00,19.0,Docklands Library,511,58.1,93.8,-37.8195002,144.9418888,ENV,REAL_511,Real sensor series - Docklands Library - board 511,42,real_sensor_board_511,18.483569451664703,0,normal
2015-01-10 21:20:00+00:00,19.4,Docklands Library,511,57.0,94.4,-37.8195002,144.9418888,ENV,REAL_511,Real sensor series - Docklands Library - board 511,42,real_sensor_board_511,18.66685556133176,0,normal
2015-01-10 21:30:00+00:00,19.7,Docklands Library,511,56.3,95.1,-37.8195002,144.9418888,ENV,REAL_511,Real sensor series - Docklands Library - board 511,42,real_sensor_board_511,18.873484449065412,0,normal
2015-01-10 21:40:00+00:00,19.7,Docklands Library,511,56.5,95.0,-37.8195002,144.9418888,ENV,REAL_511,Real sensor series - Docklands Library - board 511,42,real_sensor_board_511,19.03878755925233,0,normal
2015-01-10 21:50:00+00:00,20.0,Docklands Library,511,55.5,95.1,-37.8195002,144.9418888,ENV,REAL_511,Real sensor series - Docklands Library - board 511,42,real_sensor_board_511,19.231030047401866,0,normal
2015-01-10 22:00:00+00:00,20.0,Docklands Library,511,55.5,95.5,-37.8195002,144.9418888,ENV,REAL_511,Real sensor series - Docklands Library - board 511,42,real_sensor_board_511,19.384824037921494,0,normal
2015-01-10 22:10:00+00:00,20.0,Docklands Library,511,54.9,96.0,-37.8195002,144.9418888,ENV,REAL_511,Real sensor series - Docklands Library - board 511,42,real_sensor_board_511,19.507859230337196,0,normal
2015-01-10 22:20:00+00:00,20.6,Docklands Library,511,54.3,96.0,-37.8195002,144.9418888,ENV,REAL_511,Real sensor series - Docklands Library - board 511,42,real_sensor_board_511,19.726287384269757,0,normal
2015-01-10 22:30:00+00:00,21.0,Docklands Library,511,53.5,96.4,-37.8195002,144.9418888,ENV,REAL_511,Real sensor series - Docklands Library - board 511,42,real_sensor_board_511,19.981029907415806,0,normal
2015-01-10 22:55:00+00:00,21.3,Docklands Library,511,52.9,96.2,-37.8195002,144.9418888,ENV,REAL_511,Real sensor series - Docklands Library - board 511,42,real_sensor_board_511,20.244823925932646,0,normal
2015-01-10 23:25:00+00:00,22.3,Docklands Library,511,51.3,97.1,-37.8195002,144.9418888,ENV,REAL_511,Real sensor series - Docklands Library - board 511,42,real_sensor_board_511,20.65585914074612,0,normal
2015-01-10 23:35:00+00:00,22.6,Docklands Library,511,49.2,97.1,-37.8195002,144.9418888,ENV,REAL_511,Real sensor series - Docklands Library - board 511,42,real_sensor_board_511,21.044687312596896,0,normal
2015-01-10 23:45:00+00:00,22.6,Docklands Library,511,49.7,97.3,-37.8195002,144.9418888,ENV,REAL_511,Real sensor series - Docklands Library - board 511,42,real_sensor_board_511,21.355749850077515,0,normal
2015-01-10 23:55:00+00:00,22.9,Docklands Library,511,48.9,97.3,-37.8195002,144.9418888,ENV,REAL_511,Real sensor series - Docklands Library - board 511,42,real_sensor_board_511,21.664599880062013,0,normal
2015-01-11 00:15:00+00:00,24.5,Docklands Library,511,45.1,98.2,-37.8195002,144.9418888,ENV,REAL_511,Real sensor series - Docklands Library - board 511,42,real_sensor_board_511,22.231679904049614,0,normal
2015-01-11 00:25:00+00:00,25.5,Docklands Library,511,45.0,97.5,-37.8195002,144.9418888,ENV,REAL_511,Real sensor series - Docklands Library - board 511,42,real_sensor_board_511,22.88534392323969,0,normal
2015-01-11 00:35:00+00:00,27.1,Docklands Library,511,44.4,98.2,-37.8195002,144.9418888,ENV,REAL_511,Real sensor series - Docklands Library - board 511,42,real_sensor_board_511,23.408275138591755,0,normal
2015-01-11 01:15:00+00:00,27.1,Docklands Library,511,43.1,97.9,-37.8195002,144.9418888,ENV,REAL_511,Real sensor series - Docklands Library - board 511,42,real_sensor_board_511,23.826620110873407,0,normal
2015-01-11 01:55:00+00:00,27.7,Docklands Library,511,42.6,97.8,-37.8195002,144.9418888,ENV,REAL_511,Real sensor series - Docklands Library - board 511,42,real_sensor_board_511,24.161296088698727,0,normal
2015-01-11 02:05:00+00:00,27.4,Docklands Library,511,41.7,97.8,-37.8195002,144.9418888,ENV,REAL_511,Real sensor series - Docklands Library - board 511,42,real_sensor_board_511,24.429036870958985,0,normal
2015-01-11 02:40:00+00:00,27.4,Docklands Library,511,40.7,98.3,-37.8195002,144.9418888,ENV,REAL_511,Real sensor series - Docklands Library - board 511,42,real_sensor_board_511,24.64322949676719,0,normal
2015-01-11 04:00:00+00:00,28.1,Docklands Library,511,40.4,98.3,-37.8195002,144.9418888,ENV,REAL_511,Real sensor series - Docklands Library - board 511,42,real_sensor_board_511,24.814583597413755,0,normal
2015-01-11 06:25:00+00:00,29.4,Docklands Library,511,39.0,98.6,-37.8195002,144.9418888,ENV,REAL_511,Real sensor series - Docklands Library - board 511,42,real_sensor_board_511,24.951666877931007,0,normal
2015-01-11 06:35:00+00:00,29.4,Docklands Library,511,38.7,98.6,-37.8195002,144.9418888,ENV,REAL_511,Real sensor series - Docklands Library - board 511,42,real_sensor_board_511,25.06133350234481,0,normal
2015-01-11 06:45:00+00:00,28.7,Docklands Library,511,39.8,98.6,-37.8195002,144.9418888,ENV,REAL_511,Real sensor series - Docklands Library - board 511,42,real_sensor_board_511,25.14906680187585,0,normal
2015-01-11 06:55:00+00:00,29.0,Docklands Library,511,38.7,98.6,-37.8195002,144.9418888,ENV,REAL_511,Real sensor series - Docklands Library - board 511,42,real_sensor_board_511,25.219253441500683,0,normal
2015-01-11 07:05:00+00:00,29.4,Docklands Library,511,38.2,98.6,-37.8195002,144.9418888,ENV,REAL_511,Real sensor series - Docklands Library - board 511,42,real_sensor_board_511,25.27540275320055,0,normal
2015-01-11 07:15:00+00:00,28.4,Docklands Library,511,38.4,98.6,-37.8195002,144.9418888,ENV,REAL_511,Real sensor series - Docklands Library - board 511,42,real_sensor_board_511,25.32032220256044,0,normal
2015-01-11 07:55:00+00:00,27.7,Docklands Library,511,39.2,98.6,-37.8195002,144.9418888,ENV,REAL_511,Real sensor series - Docklands Library - board 511,42,real_sensor_board_511,25.356257762048354,0,normal
2015-01-11 08:25:00+00:00,27.4,Docklands Library,511,39.0,98.5,-37.8195002,144.9418888,ENV,REAL_511,Real sensor series - Docklands Library - board 511,42,real_sensor_board_511,25.385006209638686,0,normal
2015-01-11 08:35:00+00:00,27.1,Docklands Library,511,39.0,98.5,-37.8195002,144.9418888,ENV,REAL_511,Real sensor series - Docklands Library - board 511,42,real_sensor_board_511,25.40800496771095,1,weak_multivariate_excursion
2015-01-11 09:30:00+00:00,22.6,Docklands Library,511,47.2,89.2,-37.8195002,144.9418888,ENV,REAL_511,Real sensor series - Docklands Library - board 511,42,real_sensor_board_511,24.846403974168762,1,weak_multivariate_excursion
2015-01-11 09:50:00+00:00,21.9,Docklands Library,511,48.1,71.8,-37.8195002,144.9418888,ENV,REAL_511,Real sensor series - Docklands Library - board 511,42,real_sensor_board_511,24.25712317933501,1,weak_multivariate_excursion
2015-01-11 10:00:00+00:00,21.6,Docklands Library,511,48.8,49.8,-37.8195002,144.9418888,ENV,REAL_511,Real sensor series - Docklands Library - board 511,42,real_sensor_board_511,23.72569854346801,1,weak_multivariate_excursion
2015-01-11 10:10:00+00:00,21.3,Docklands Library,511,49.4,23.5,-37.8195002,144.9418888,ENV,REAL_511,Real sensor series - Docklands Library - board 511,42,real_sensor_board_511,23.24055883477441,1,weak_multivariate_excursion
2015-01-11 10:20:00+00:00,21.3,Docklands Library,511,49.6,12.4,-37.8195002,144.9418888,ENV,REAL_511,Real sensor series - Docklands Library - board 511,42,real_sensor_board_511,22.852447067819533,1,weak_multivariate_excursion
2015-01-11 10:40:00+00:00,20.6,Docklands Library,511,49.7,10.2,-37.8195002,144.9418888,ENV,REAL_511,Real sensor series - Docklands Library - board 511,42,real_sensor_board_511,22.40195765425563,0,normal
2015-01-11 11:10:00+00:00,20.3,Docklands Library,511,50.2,11.1,-37.8195002,144.9418888,ENV,REAL_511,Real sensor series - Docklands Library - board 511,42,real_sensor_board_511,21.981566123404505,0,normal
2015-01-11 11:30:00+00:00,20.0,Docklands Library,511,51.0,10.2,-37.8195002,144.9418888,ENV,REAL_511,Real sensor series - Docklands Library - board 511,42,real_sensor_board_511,21.585252898723606,0,normal
2015-01-11 11:40:00+00:00,20.0,Docklands Library,511,51.6,10.3,-37.8195002,144.9418888,ENV,REAL_511,Real sensor series - Docklands Library - board 511,42,real_sensor_board_511,21.268202318978886,0,normal
2015-01-11 11:50:00+00:00,19.7,Docklands Library,511,51.3,10.4,-37.8195002,144.9418888,ENV,REAL_511,Real sensor series - Docklands Library - board 511,42,real_sensor_board_511,20.954561855183112,0,normal
2015-01-11 12:00:00+00:00,19.7,Docklands Library,511,51.4,10.8,-37.8195002,144.9418888,ENV,REAL_511,Real sensor series - Docklands Library - board 511,42,real_sensor_board_511,20.703649484146492,0,normal
2015-01-11 12:55:00+00:00,19.0,Docklands Library,511,53.3,10.5,-37.8195002,144.9418888,ENV,REAL_511,Real sensor series - Docklands Library - board 511,42,real_sensor_board_511,20.362919587317194,0,normal
2015-01-11 13:05:00+00:00,19.0,Docklands Library,511,53.2,10.6,-37.8195002,144.9418888,ENV,REAL_511,Real sensor series - Docklands Library - board 511,42,real_sensor_board_511,20.090335669853758,0,normal
2015-01-11 13:35:00+00:00,18.7,Docklands Library,511,54.3,10.6,-37.8195002,144.9418888,ENV,REAL_511,Real sensor series - Docklands Library - board 511,42,real_sensor_board_511,19.812268535883007,0,normal
2015-01-11 14:05:00+00:00,18.7,Docklands Library,511,54.3,10.3,-37.8195002,144.9418888,ENV,REAL_511,Real sensor series - Docklands Library - board 511,42,real_sensor_board_511,19.58981482870641,0,normal
2015-01-11 14:15:00+00:00,18.4,Docklands Library,511,54.1,10.4,-37.8195002,144.9418888,ENV,REAL_511,Real sensor series - Docklands Library - board 511,42,real_sensor_board_511,19.351851862965127,0,normal
2015-01-11 14:35:00+00:00,18.4,Docklands Library,511,54.6,10.4,-37.8195002,144.9418888,ENV,REAL_511,Real sensor series - Docklands Library - board 511,42,real_sensor_board_511,19.161481490372104,0,normal
2015-01-11 15:15:00+00:00,18.4,Docklands Library,511,55.2,10.4,-37.8195002,144.9418888,ENV,REAL_511,Real sensor series - Docklands Library - board 511,42,real_sensor_board_511,19.009185192297686,0,normal
2015-01-11 15:25:00+00:00,18.4,Docklands Library,511,55.7,10.4,-37.8195002,144.9418888,ENV,REAL_511,Real sensor series - Docklands Library - board 511,42,real_sensor_board_511,18.887348153838147,0,normal
2015-01-11 15:50:00+00:00,18.1,Docklands Library,511,54.9,10.4,-37.8195002,144.9418888,ENV,REAL_511,Real sensor series - Docklands Library - board 511,42,real_sensor_board_511,18.729878523070518,0,normal
2015-01-11 16:00:00+00:00,18.1,Docklands Library,511,55.7,10.4,-37.8195002,144.9418888,ENV,REAL_511,Real sensor series - Docklands Library - board 511,42,real_sensor_board_511,18.603902818456415,0,normal
2015-01-11 16:20:00+00:00,18.1,Docklands Library,511,55.7,10.5,-37.8195002,144.9418888,ENV,REAL_511,Real sensor series - Docklands Library - board 511,42,real_sensor_board_511,18.503122254765135,0,normal
2015-01-11 16:40:00+00:00,17.4,Docklands Library,511,59.2,10.6,-37.8195002,144.9418888,ENV,REAL_511,Real sensor series - Docklands Library - board 511,42,real_sensor_board_511,18.28249780381211,0,normal
2015-01-11 16:50:00+00:00,17.1,Docklands Library,511,60.1,10.6,-37.8195002,144.9418888,ENV,REAL_511,Real sensor series - Docklands Library - board 511,42,real_sensor_board_511,18.045998243049688,0,normal
2015-01-11 17:00:00+00:00,17.1,Docklands Library,511,59.8,10.6,-37.8195002,144.9418888,ENV,REAL_511,Real sensor series - Docklands Library - board 511,42,real_sensor_board_511,17.856798594439752,0,normal
2015-01-11 17:20:00+00:00,16.8,Docklands Library,511,60.9,10.6,-37.8195002,144.9418888,ENV,REAL_511,Real sensor series - Docklands Library - board 511,42,real_sensor_board_511,17.705438875551803,0,normal
2015-01-11 17:30:00+00:00,16.8,Docklands Library,511,60.9,10.6,-37.8195002,144.9418888,ENV,REAL_511,Real sensor series - Docklands Library - board 511,42,real_sensor_board_511,17.584351100441445,0,normal
2015-01-11 17:40:00+00:00,16.8,Docklands Library,511,61.7,10.6,-37.8195002,144.9418888,ENV,REAL_511,Real sensor series - Docklands Library - board 511,42,real_sensor_board_511,17.487480880353157,0,normal
2015-01-11 17:50:00+00:00,16.5,Docklands Library,511,61.9,10.6,-37.8195002,144.9418888,ENV,REAL_511,Real sensor series - Docklands Library - board 511,42,real_sensor_board_511,17.40998470428253,0,normal
2015-01-11 18:10:00+00:00,16.5,Docklands Library,511,61.5,10.6,-37.8195002,144.9418888,ENV,REAL_511,Real sensor series - Docklands Library - board 511,42,real_sensor_board_511,17.347987763426026,0,normal
2015-01-11 18:30:00+00:00,16.5,Docklands Library,511,61.5,11.2,-37.8195002,144.9418888,ENV,REAL_511,Real sensor series - Docklands Library - board 511,42,real_sensor_board_511,17.298390210740823,0,normal
2015-01-11 18:40:00+00:00,16.1,Docklands Library,511,61.7,15.2,-37.8195002,144.9418888,ENV,REAL_511,Real sensor series - Docklands Library - board 511,42,real_sensor_board_511,17.25871216859266,1,weak_multivariate_excursion
2015-01-11 18:55:00+00:00,16.1,Docklands Library,511,61.9,34.9,-37.8195002,144.9418888,ENV,REAL_511,Real sensor series - Docklands Library - board 511,42,real_sensor_board_511,17.226969734874128,1,weak_multivariate_excursion
2015-01-11 19:05:00+00:00,16.1,Docklands Library,511,61.7,63.6,-37.8195002,144.9418888,ENV,REAL_511,Real sensor series - Docklands Library - board 511,42,real_sensor_board_511,17.201575787899305,1,weak_multivariate_excursion
2015-01-11 19:15:00+00:00,16.1,Docklands Library,511,62.0,79.2,-37.8195002,144.9418888,ENV,REAL_511,Real sensor series - Docklands Library - board 511,42,real_sensor_board_511,17.181260630319446,1,weak_multivariate_excursion
2015-01-11 19:35:00+00:00,16.5,Docklands Library,511,61.2,88.9,-37.8195002,144.9418888,ENV,REAL_511,Real sensor series - Docklands Library - board 511,42,real_sensor_board_511,17.16500850425556,1,weak_multivariate_excursion
2015-01-11 19:45:00+00:00,16.5,Docklands Library,511,61.4,90.6,-37.8195002,144.9418888,ENV,REAL_511,Real sensor series - Docklands Library - board 511,42,real_sensor_board_511,17.15200680340445,0,normal
2015-01-11 20:05:00+00:00,16.8,Docklands Library,511,61.2,92.2,-37.8195002,144.9418888,ENV,REAL_511,Real sensor series - Docklands Library - board 511,42,real_sensor_board_511,17.141605442723563,0,normal
2015-01-11 20:15:00+00:00,16.8,Docklands Library,511,60.8,92.6,-37.8195002,144.9418888,ENV,REAL_511,Real sensor series - Docklands Library - board 511,42,real_sensor_board_511,17.13328435417885,0,normal
2015-01-11 20:25:00+00:00,17.1,Docklands Library,511,60.9,92.9,-37.8195002,144.9418888,ENV,REAL_511,Real sensor series - Docklands Library - board 511,42,real_sensor_board_511,17.126627483343082,0,normal
2015-01-11 20:35:00+00:00,17.1,Docklands Library,511,60.1,93.2,-37.8195002,144.9418888,ENV,REAL_511,Real sensor series - Docklands Library - board 511,42,real_sensor_board_511,17.121301986674467,0,normal
2015-01-11 20:55:00+00:00,17.4,Docklands Library,511,60.0,93.5,-37.8195002,144.9418888,ENV,REAL_511,Real sensor series - Docklands Library - board 511,42,real_sensor_board_511,17.177041589339574,0,normal
2015-01-11 21:15:00+00:00,18.1,Docklands Library,511,58.9,93.7,-37.8195002,144.9418888,ENV,REAL_511,Real sensor series - Docklands Library - board 511,42,real_sensor_board_511,17.36163327147166,0,normal
2015-01-11 21:25:00+00:00,18.4,Docklands Library,511,58.4,93.9,-37.8195002,144.9418888,ENV,REAL_511,Real sensor series - Docklands Library - board 511,42,real_sensor_board_511,17.56930661717733,0,normal
2015-01-11 21:35:00+00:00,18.4,Docklands Library,511,58.4,94.1,-37.8195002,144.9418888,ENV,REAL_511,Real sensor series - Docklands Library - board 511,42,real_sensor_board_511,17.73544529374186,0,normal
2015-01-11 21:45:00+00:00,18.7,Docklands Library,511,57.6,94.3,-37.8195002,144.9418888,ENV,REAL_511,Real sensor series - Docklands Library - board 511,42,real_sensor_board_511,17.92835623499349,0,normal
2015-01-11 21:55:00+00:00,19.4,Docklands Library,511,57.0,94.4,-37.8195002,144.9418888,ENV,REAL_511,Real sensor series - Docklands Library - board 511,42,real_sensor_board_511,18.222684987994793,0,normal
2015-01-11 22:10:00+00:00,19.4,Docklands Library,511,55.9,94.6,-37.8195002,144.9418888,ENV,REAL_511,Real sensor series - Docklands Library - board 511,42,real_sensor_board_511,18.458147990395833,0,normal
2015-01-11 22:40:00+00:00,20.3,Docklands Library,511,53.3,94.7,-37.8195002,144.9418888,ENV,REAL_511,Real sensor series - Docklands Library - board 511,42,real_sensor_board_511,18.826518392316668,0,normal
2015-01-11 22:50:00+00:00,20.6,Docklands Library,511,53.3,94.6,-37.8195002,144.9418888,ENV,REAL_511,Real sensor series - Docklands Library - board 511,42,real_sensor_board_511,19.181214713853336,0,normal
2015-01-11 23:00:00+00:00,21.0,Docklands Library,511,53.2,94.7,-37.8195002,144.9418888,ENV,REAL_511,Real sensor series - Docklands Library - board 511,42,real_sensor_board_511,19.54497177108267,0,normal
2015-01-11 23:10:00+00:00,21.3,Docklands Library,511,52.2,94.9,-37.8195002,144.9418888,ENV,REAL_511,Real sensor series - Docklands Library - board 511,42,real_sensor_board_511,19.895977416866135,0,normal
2015-01-11 23:20:00+00:00,21.6,Docklands Library,511,52.1,95.0,-37.8195002,144.9418888,ENV,REAL_511,Real sensor series - Docklands Library - board 511,42,real_sensor_board_511,20.236781933492907,1,weak_multivariate_excursion
2015-01-12 00:00:00+00:00,26.5,Docklands Library,511,45.1,97.8,-37.8195002,144.9418888,ENV,REAL_511,Real sensor series - Docklands Library - board 511,42,real_sensor_board_511,21.489425546794326,1,weak_multivariate_excursion
2015-01-12 00:20:00+00:00,27.7,Docklands Library,511,43.9,97.8,-37.8195002,144.9418888,ENV,REAL_511,Real sensor series - Docklands Library - board 511,42,real_sensor_board_511,22.67154043743546,1,weak_multivariate_excursion
2015-01-12 00:30:00+00:00,27.7,Docklands Library,511,43.3,97.8,-37.8195002,144.9418888,ENV,REAL_511,Real sensor series - Docklands Library - board 511,42,real_sensor_board_511,23.67723234994837,0,normal
2015-01-12 02:05:00+00:00,28.7,Docklands Library,511,42.9,98.0,-37.8195002,144.9418888,ENV,REAL_511,Real sensor series - Docklands Library - board 511,42,real_sensor_board_511,24.481785879958696,0,normal
2015-01-12 02:25:00+00:00,27.4,Docklands Library,511,42.8,98.0,-37.8195002,144.9418888,ENV,REAL_511,Real sensor series - Docklands Library - board 511,42,real_sensor_board_511,25.125428703966957,0,normal
2015-01-12 02:45:00+00:00,27.7,Docklands Library,511,41.7,98.0,-37.8195002,144.9418888,ENV,REAL_511,Real sensor series - Docklands Library - board 511,42,real_sensor_board_511,25.640342963173566,0,normal
2015-01-12 03:05:00+00:00,28.1,Docklands Library,511,40.3,98.0,-37.8195002,144.9418888,ENV,REAL_511,Real sensor series - Docklands Library - board 511,42,real_sensor_board_511,26.052274370538854,0,normal
2015-01-12 03:45:00+00:00,29.4,Docklands Library,511,37.9,98.2,-37.8195002,144.9418888,ENV,REAL_511,Real sensor series - Docklands Library - board 511,42,real_sensor_board_511,26.381819496431085,0,normal
2015-01-12 04:25:00+00:00,30.6,Docklands Library,511,34.7,98.4,-37.8195002,144.9418888,ENV,REAL_511,Real sensor series - Docklands Library - board 511,42,real_sensor_board_511,26.645455597144867,0,normal
2015-01-12 04:35:00+00:00,31.0,Docklands Library,511,34.4,98.4,-37.8195002,144.9418888,ENV,REAL_511,Real sensor series - Docklands Library - board 511,42,real_sensor_board_511,26.856364477715893,0,normal
2015-01-12 04:50:00+00:00,31.6,Docklands Library,511,32.8,98.4,-37.8195002,144.9418888,ENV,REAL_511,Real sensor series - Docklands Library - board 511,42,real_sensor_board_511,27.025091582172713,0,normal
2015-01-12 05:10:00+00:00,32.3,Docklands Library,511,32.4,98.5,-37.8195002,144.9418888,ENV,REAL_511,Real sensor series - Docklands Library - board 511,42,real_sensor_board_511,27.16007326573817,0,normal
2015-01-12 05:20:00+00:00,32.6,Docklands Library,511,31.9,98.5,-37.8195002,144.9418888,ENV,REAL_511,Real sensor series - Docklands Library - board 511,42,real_sensor_board_511,27.268058612590536,0,normal
2015-01-12 05:40:00+00:00,33.2,Docklands Library,511,31.6,98.5,-37.8195002,144.9418888,ENV,REAL_511,Real sensor series - Docklands Library - board 511,42,real_sensor_board_511,27.35444689007243,1,weak_multivariate_excursion
2015-01-12 06:40:00+00:00,34.8,Docklands Library,511,25.4,98.6,-37.8195002,144.9418888,ENV,REAL_511,Real sensor series - Docklands Library - board 511,42,real_sensor_board_511,27.423557512057947,1,weak_multivariate_excursion
2015-01-12 06:50:00+00:00,34.8,Docklands Library,511,25.7,98.6,-37.8195002,144.9418888,ENV,REAL_511,Real sensor series - Docklands Library - board 511,42,real_sensor_board_511,27.478846009646357,1,weak_multivariate_excursion
2015-01-12 08:15:00+00:00,32.9,Docklands Library,511,26.7,98.6,-37.8195002,144.9418888,ENV,REAL_511,Real sensor series - Docklands Library - board 511,42,real_sensor_board_511,27.523076807717086,1,weak_multivariate_excursion
2015-01-12 08:35:00+00:00,31.6,Docklands Library,511,27.5,98.4,-37.8195002,144.9418888,ENV,REAL_511,Real sensor series - Docklands Library - board 511,42,real_sensor_board_511,27.49846144617367,1,weak_multivariate_excursion
2015-01-12 09:25:00+00:00,27.1,Docklands Library,511,37.7,88.6,-37.8195002,144.9418888,ENV,REAL_511,Real sensor series - Docklands Library - board 511,42,real_sensor_board_511,27.41876915693894,1,weak_multivariate_excursion
2015-01-12 09:35:00+00:00,26.5,Docklands Library,511,38.8,81.4,-37.8195002,144.9418888,ENV,REAL_511,Real sensor series - Docklands Library - board 511,42,real_sensor_board_511,27.235015325551153,1,weak_multivariate_excursion
2015-01-12 09:55:00+00:00,25.8,Docklands Library,511,41.4,48.6,-37.8195002,144.9418888,ENV,REAL_511,Real sensor series - Docklands Library - board 511,42,real_sensor_board_511,26.948012260440922,1,weak_multivariate_excursion
2015-01-12 10:05:00+00:00,25.5,Docklands Library,511,41.4,21.0,-37.8195002,144.9418888,ENV,REAL_511,Real sensor series - Docklands Library - board 511,42,real_sensor_board_511,26.65840980835274,1,weak_multivariate_excursion
2015-01-12 10:15:00+00:00,25.2,Docklands Library,511,41.8,11.9,-37.8195002,144.9418888,ENV,REAL_511,Real sensor series - Docklands Library - board 511,42,real_sensor_board_511,26.366727846682192,1,weak_multivariate_excursion
2015-01-12 10:25:00+00:00,24.8,Docklands Library,511,42.5,10.3,-37.8195002,144.9418888,ENV,REAL_511,Real sensor series - Docklands Library - board 511,42,real_sensor_board_511,26.053382277345754,0,normal
2015-01-12 10:35:00+00:00,24.8,Docklands Library,511,42.9,10.1,-37.8195002,144.9418888,ENV,REAL_511,Real sensor series - Docklands Library - board 511,42,real_sensor_board_511,25.802705821876607,0,normal
2015-01-12 10:45:00+00:00,24.5,Docklands Library,511,43.3,10.1,-37.8195002,144.9418888,ENV,REAL_511,Real sensor series - Docklands Library - board 511,42,real_sensor_board_511,25.54216465750129,0,normal
2015-01-12 10:55:00+00:00,24.5,Docklands Library,511,43.9,10.1,-37.8195002,144.9418888,ENV,REAL_511,Real sensor series - Docklands Library - board 511,42,real_sensor_board_511,25.333731726001034,0,normal
2015-01-12 11:30:00+00:00,24.2,Docklands Library,511,43.7,9.1,-37.8195002,144.9418888,ENV,REAL_511,Real sensor series - Docklands Library - board 511,42,real_sensor_board_511,25.10698538080083,0,normal
2015-01-12 12:20:00+00:00,24.2,Docklands Library,511,44.8,9.2,-37.8195002,144.9418888,ENV,REAL_511,Real sensor series - Docklands Library - board 511,42,real_sensor_board_511,24.925588304640666,0,normal
2015-01-12 12:30:00+00:00,24.2,Docklands Library,511,44.4,9.2,-37.8195002,144.9418888,ENV,REAL_511,Real sensor series - Docklands Library - board 511,42,real_sensor_board_511,24.780470643712533,0,normal
2015-01-12 12:40:00+00:00,24.2,Docklands Library,511,44.5,8.6,-37.8195002,144.9418888,ENV,REAL_511,Real sensor series - Docklands Library - board 511,42,real_sensor_board_511,24.664376514970026,0,normal
2015-01-12 13:10:00+00:00,22.9,Docklands Library,511,49.7,9.1,-37.8195002,144.9418888,ENV,REAL_511,Real sensor series - Docklands Library - board 511,42,real_sensor_board_511,24.511501211976025,0,normal
2015-01-12 13:20:00+00:00,22.9,Docklands Library,511,49.6,9.2,-37.8195002,144.9418888,ENV,REAL_511,Real sensor series - Docklands Library - board 511,42,real_sensor_board_511,24.389200969580823,0,normal
2015-01-12 14:10:00+00:00,22.6,Docklands Library,511,51.8,8.7,-37.8195002,144.9418888,ENV,REAL_511,Real sensor series - Docklands Library - board 511,42,real_sensor_board_511,24.29136077566466,0,normal
2015-01-12 14:30:00+00:00,22.3,Docklands Library,511,51.8,8.9,-37.8195002,144.9418888,ENV,REAL_511,Real sensor series - Docklands Library - board 511,42,real_sensor_board_511,24.21308862053173,0,normal
2015-01-12 15:05:00+00:00,22.6,Docklands Library,511,51.6,8.8,-37.8195002,144.9418888,ENV,REAL_511,Real sensor series - Docklands Library - board 511,42,real_sensor_board_511,24.15047089642539,0,normal
2015-01-12 15:25:00+00:00,22.3,Docklands Library,511,51.6,9.0,-37.8195002,144.9418888,ENV,REAL_511,Real sensor series - Docklands Library - board 511,42,real_sensor_board_511,24.100376717140314,0,normal
2015-01-12 15:45:00+00:00,22.3,Docklands Library,511,50.5,9.4,-37.8195002,144.9418888,ENV,REAL_511,Real sensor series - Docklands Library - board 511,42,real_sensor_board_511,24.060301373712253,0,normal
2015-01-12 15:55:00+00:00,22.3,Docklands Library,511,50.5,9.4,-37.8195002,144.9418888,ENV,REAL_511,Real sensor series - Docklands Library - board 511,42,real_sensor_board_511,24.028241098969804,0,normal
2015-01-12 16:15:00+00:00,22.3,Docklands Library,511,52.4,8.6,-37.8195002,144.9418888,ENV,REAL_511,Real sensor series - Docklands Library - board 511,42,real_sensor_board_511,24.002592879175847,0,normal
2015-01-12 16:55:00+00:00,22.9,Docklands Library,511,48.6,8.9,-37.8195002,144.9418888,ENV,REAL_511,Real sensor series - Docklands Library - board 511,42,real_sensor_board_511,23.98207430334068,0,normal
2015-01-12 17:05:00+00:00,23.2,Docklands Library,511,49.1,9.0,-37.8195002,144.9418888,ENV,REAL_511,Real sensor series - Docklands Library - board 511,42,real_sensor_board_511,23.965659442672546,0,normal
2015-01-12 17:15:00+00:00,23.2,Docklands Library,511,48.6,9.1,-37.8195002,144.9418888,ENV,REAL_511,Real sensor series - Docklands Library - board 511,42,real_sensor_board_511,23.95252755413804,0,normal
2015-01-12 17:35:00+00:00,23.9,Docklands Library,511,45.0,9.2,-37.8195002,144.9418888,ENV,REAL_511,Real sensor series - Docklands Library - board 511,42,real_sensor_board_511,23.942022043310434,0,normal
2015-01-12 18:20:00+00:00,23.2,Docklands Library,511,46.9,9.7,-37.8195002,144.9418888,ENV,REAL_511,Real sensor series - Docklands Library - board 511,42,real_sensor_board_511,23.79361763464835,0,normal
2015-01-12 18:30:00+00:00,23.2,Docklands Library,511,47.0,9.8,-37.8195002,144.9418888,ENV,REAL_511,Real sensor series - Docklands Library - board 511,42,real_sensor_board_511,23.674894107718682,0,normal
2015-01-12 18:40:00+00:00,23.9,Docklands Library,511,44.2,10.3,-37.8195002,144.9418888,ENV,REAL_511,Real sensor series - Docklands Library - board 511,42,real_sensor_board_511,23.57991528617495,0,normal
2015-01-12 18:50:00+00:00,23.9,Docklands Library,511,44.0,13.7,-37.8195002,144.9418888,ENV,REAL_511,Real sensor series - Docklands Library - board 511,42,real_sensor_board_511,23.50393222893996,1,weak_multivariate_excursion
2015-01-12 19:00:00+00:00,24.2,Docklands Library,511,43.1,31.6,-37.8195002,144.9418888,ENV,REAL_511,Real sensor series - Docklands Library - board 511,42,real_sensor_board_511,23.44314578315197,1,weak_multivariate_excursion
2015-01-12 19:30:00+00:00,24.2,Docklands Library,511,42.0,78.5,-37.8195002,144.9418888,ENV,REAL_511,Real sensor series - Docklands Library - board 511,42,real_sensor_board_511,23.394516626521575,1,weak_multivariate_excursion
2015-01-12 19:40:00+00:00,24.2,Docklands Library,511,42.0,87.9,-37.8195002,144.9418888,ENV,REAL_511,Real sensor series - Docklands Library - board 511,42,real_sensor_board_511,23.35561330121726,1,weak_multivariate_excursion
2015-01-12 20:10:00+00:00,24.2,Docklands Library,511,41.7,86.4,-37.8195002,144.9418888,ENV,REAL_511,Real sensor series - Docklands Library - board 511,42,real_sensor_board_511,23.32449064097381,0,normal
2015-01-12 20:20:00+00:00,24.2,Docklands Library,511,41.0,86.8,-37.8195002,144.9418888,ENV,REAL_511,Real sensor series - Docklands Library - board 511,42,real_sensor_board_511,23.29959251277905,0,normal
2015-01-12 20:30:00+00:00,24.5,Docklands Library,511,39.6,91.7,-37.8195002,144.9418888,ENV,REAL_511,Real sensor series - Docklands Library - board 511,42,real_sensor_board_511,23.279674010223243,0,normal
2015-01-12 21:00:00+00:00,24.5,Docklands Library,511,39.3,93.1,-37.8195002,144.9418888,ENV,REAL_511,Real sensor series - Docklands Library - board 511,42,real_sensor_board_511,23.263739208178595,0,normal
2015-01-12 21:25:00+00:00,24.5,Docklands Library,511,39.3,94.3,-37.8195002,144.9418888,ENV,REAL_511,Real sensor series - Docklands Library - board 511,42,real_sensor_board_511,23.250991366542877,0,normal
2015-01-12 21:35:00+00:00,24.2,Docklands Library,511,40.6,92.2,-37.8195002,144.9418888,ENV,REAL_511,Real sensor series - Docklands Library - board 511,42,real_sensor_board_511,23.240793093234302,0,normal
2015-01-12 21:45:00+00:00,24.5,Docklands Library,511,39.0,91.6,-37.8195002,144.9418888,ENV,REAL_511,Real sensor series - Docklands Library - board 511,42,real_sensor_board_511,23.232634474587442,0,normal
2015-01-12 22:25:00+00:00,21.3,Docklands Library,511,49.7,90.8,-37.8195002,144.9418888,ENV,REAL_511,Real sensor series - Docklands Library - board 511,42,real_sensor_board_511,23.046107579669954,0,normal
2015-01-12 22:35:00+00:00,19.7,Docklands Library,511,54.6,88.3,-37.8195002,144.9418888,ENV,REAL_511,Real sensor series - Docklands Library - board 511,42,real_sensor_board_511,22.696886063735967,0,normal
2015-01-12 22:45:00+00:00,19.0,Docklands Library,511,60.8,89.1,-37.8195002,144.9418888,ENV,REAL_511,Real sensor series - Docklands Library - board 511,42,real_sensor_board_511,22.417508850988774,0,normal
2015-01-12 22:55:00+00:00,19.4,Docklands Library,511,58.7,89.8,-37.8195002,144.9418888,ENV,REAL_511,Real sensor series - Docklands Library - board 511,42,real_sensor_board_511,22.19400708079102,0,normal
2015-01-12 23:05:00+00:00,19.0,Docklands Library,511,60.6,88.2,-37.8195002,144.9418888,ENV,REAL_511,Real sensor series - Docklands Library - board 511,42,real_sensor_board_511,22.01520566463282,0,normal
2015-01-12 23:25:00+00:00,19.4,Docklands Library,511,61.2,89.9,-37.8195002,144.9418888,ENV,REAL_511,Real sensor series - Docklands Library - board 511,42,real_sensor_board_511,21.872164531706257,0,normal
2015-01-12 23:35:00+00:00,19.7,Docklands Library,511,60.0,92.6,-37.8195002,144.9418888,ENV,REAL_511,Real sensor series - Docklands Library - board 511,42,real_sensor_board_511,21.757731625365007,0,normal
2015-01-12 23:45:00+00:00,20.3,Docklands Library,511,58.9,93.0,-37.8195002,144.9418888,ENV,REAL_511,Real sensor series - Docklands Library - board 511,42,real_sensor_board_511,21.666185300292007,0,normal
2015-01-12 23:55:00+00:00,20.6,Docklands Library,511,57.1,92.5,-37.8195002,144.9418888,ENV,REAL_511,Real sensor series - Docklands Library - board 511,42,real_sensor_board_511,21.592948240233607,0,normal
2015-01-13 01:20:00+00:00,22.3,Docklands Library,511,55.9,96.0,-37.8195002,144.9418888,ENV,REAL_511,Real sensor series - Docklands Library - board 511,42,real_sensor_board_511,21.534358592186887,0,normal
2015-01-13 02:20:00+00:00,20.3,Docklands Library,511,60.6,95.1,-37.8195002,144.9418888,ENV,REAL_511,Real sensor series - Docklands Library - board 511,42,real_sensor_board_511,21.48748687374951,0,normal
2015-01-13 02:30:00+00:00,20.0,Docklands Library,511,64.1,95.7,-37.8195002,144.9418888,ENV,REAL_511,Real sensor series - Docklands Library - board 511,42,real_sensor_board_511,21.44998949899961,0,normal
2015-01-13 02:40:00+00:00,19.0,Docklands Library,511,66.9,94.9,-37.8195002,144.9418888,ENV,REAL_511,Real sensor series - Docklands Library - board 511,42,real_sensor_board_511,21.41999159919969,0,normal
2015-01-13 03:00:00+00:00,19.0,Docklands Library,511,67.2,94.5,-37.8195002,144.9418888,ENV,REAL_511,Real sensor series - Docklands Library - board 511,42,real_sensor_board_511,21.395993279359754,0,normal
2015-01-13 03:20:00+00:00,20.0,Docklands Library,511,63.7,95.3,-37.8195002,144.9418888,ENV,REAL_511,Real sensor series - Docklands Library - board 511,42,real_sensor_board_511,21.376794623487804,0,normal
2015-01-13 03:30:00+00:00,20.0,Docklands Library,511,63.9,95.9,-37.8195002,144.9418888,ENV,REAL_511,Real sensor series - Docklands Library - board 511,42,real_sensor_board_511,21.361435698790245,0,normal
2015-01-13 03:55:00+00:00,20.0,Docklands Library,511,64.9,97.1,-37.8195002,144.9418888,ENV,REAL_511,Real sensor series - Docklands Library - board 511,42,real_sensor_board_511,21.209148559032197,0,normal
2015-01-13 04:05:00+00:00,21.9,Docklands Library,511,63.4,97.8,-37.8195002,144.9418888,ENV,REAL_511,Real sensor series - Docklands Library - board 511,42,real_sensor_board_511,21.167318847225758,0,normal
2015-01-13 04:15:00+00:00,23.5,Docklands Library,511,57.3,98.2,-37.8195002,144.9418888,ENV,REAL_511,Real sensor series - Docklands Library - board 511,42,real_sensor_board_511,21.193855077780608,0,normal
2015-01-13 04:35:00+00:00,23.5,Docklands Library,511,55.1,96.7,-37.8195002,144.9418888,ENV,REAL_511,Real sensor series - Docklands Library - board 511,42,real_sensor_board_511,21.275084062224487,0,normal
2015-01-13 05:05:00+00:00,23.5,Docklands Library,511,57.1,98.0,-37.8195002,144.9418888,ENV,REAL_511,Real sensor series - Docklands Library - board 511,42,real_sensor_board_511,21.34006724977959,0,normal
2015-01-13 05:15:00+00:00,25.2,Docklands Library,511,53.5,97.8,-37.8195002,144.9418888,ENV,REAL_511,Real sensor series - Docklands Library - board 511,42,real_sensor_board_511,21.392053799823675,0,normal
2015-01-13 05:25:00+00:00,25.5,Docklands Library,511,51.9,97.5,-37.8195002,144.9418888,ENV,REAL_511,Real sensor series - Docklands Library - board 511,42,real_sensor_board_511,21.43364303985894,0,normal
2015-01-13 05:35:00+00:00,24.5,Docklands Library,511,51.3,97.0,-37.8195002,144.9418888,ENV,REAL_511,Real sensor series - Docklands Library - board 511,42,real_sensor_board_511,21.46691443188715,0,normal
2015-01-13 05:55:00+00:00,21.3,Docklands Library,511,62.8,95.1,-37.8195002,144.9418888,ENV,REAL_511,Real sensor series - Docklands Library - board 511,42,real_sensor_board_511,21.493531545509722,1,weak_multivariate_excursion
2015-01-13 06:45:00+00:00,25.5,Docklands Library,511,51.0,97.2,-37.8195002,144.9418888,ENV,REAL_511,Real sensor series - Docklands Library - board 511,42,real_sensor_board_511,21.514825236407777,1,weak_multivariate_excursion
2015-01-13 07:40:00+00:00,28.7,Docklands Library,511,45.0,98.6,-37.8195002,144.9418888,ENV,REAL_511,Real sensor series - Docklands Library - board 511,42,real_sensor_board_511,21.531860189126224,1,weak_multivariate_excursion
2015-01-13 08:10:00+00:00,29.4,Docklands Library,511,43.4,98.6,-37.8195002,144.9418888,ENV,REAL_511,Real sensor series - Docklands Library - board 511,42,real_sensor_board_511,21.54548815130098,1,weak_multivariate_excursion
2015-01-13 09:00:00+00:00,24.2,Docklands Library,511,55.1,90.1,-37.8195002,144.9418888,ENV,REAL_511,Real sensor series - Docklands Library - board 511,42,real_sensor_board_511,21.556390521040786,1,weak_multivariate_excursion
2015-01-13 09:10:00+00:00,24.2,Docklands Library,511,55.5,90.3,-37.8195002,144.9418888,ENV,REAL_511,Real sensor series - Docklands Library - board 511,42,real_sensor_board_511,21.56511241683263,1,weak_multivariate_excursion
2015-01-13 10:35:00+00:00,22.6,Docklands Library,511,60.0,9.7,-37.8195002,144.9418888,ENV,REAL_511,Real sensor series - Docklands Library - board 511,42,real_sensor_board_511,21.572089933466106,1,weak_multivariate_excursion
2015-01-13 11:05:00+00:00,20.0,Docklands Library,511,64.7,8.9,-37.8195002,144.9418888,ENV,REAL_511,Real sensor series - Docklands Library - board 511,42,real_sensor_board_511,21.577671946772885,1,weak_multivariate_excursion
2015-01-13 11:25:00+00:00,21.0,Docklands Library,511,59.8,8.2,-37.8195002,144.9418888,ENV,REAL_511,Real sensor series - Docklands Library - board 511,42,real_sensor_board_511,21.58213755741831,0,normal
2015-01-13 12:05:00+00:00,21.6,Docklands Library,511,56.0,8.8,-37.8195002,144.9418888,ENV,REAL_511,Real sensor series - Docklands Library - board 511,42,real_sensor_board_511,21.58571004593465,0,normal
2015-01-13 12:45:00+00:00,21.6,Docklands Library,511,56.8,8.9,-37.8195002,144.9418888,ENV,REAL_511,Real sensor series - Docklands Library - board 511,42,real_sensor_board_511,21.58856803674772,0,normal
2015-01-13 13:05:00+00:00,21.6,Docklands Library,511,57.8,8.9,-37.8195002,144.9418888,ENV,REAL_511,Real sensor series - Docklands Library - board 511,42,real_sensor_board_511,21.53085442939818,0,normal
2015-01-13 13:15:00+00:00,21.6,Docklands Library,511,58.2,9.0,-37.8195002,144.9418888,ENV,REAL_511,Real sensor series - Docklands Library - board 511,42,real_sensor_board_511,21.424683543518544,0,normal
2015-01-13 13:25:00+00:00,21.6,Docklands Library,511,57.1,9.0,-37.8195002,144.9418888,ENV,REAL_511,Real sensor series - Docklands Library - board 511,42,real_sensor_board_511,21.19974683481484,0,normal
2015-01-13 13:35:00+00:00,20.3,Docklands Library,511,61.1,9.2,-37.8195002,144.9418888,ENV,REAL_511,Real sensor series - Docklands Library - board 511,42,real_sensor_board_511,20.95979746785187,0,normal
2015-01-13 13:50:00+00:00,20.0,Docklands Library,511,64.4,8.9,-37.8195002,144.9418888,ENV,REAL_511,Real sensor series - Docklands Library - board 511,42,real_sensor_board_511,20.7678379742815,0,normal
2015-01-13 14:10:00+00:00,19.7,Docklands Library,511,67.8,8.7,-37.8195002,144.9418888,ENV,REAL_511,Real sensor series - Docklands Library - board 511,42,real_sensor_board_511,20.5542703794252,0,normal
2015-01-13 14:20:00+00:00,19.7,Docklands Library,511,67.4,8.8,-37.8195002,144.9418888,ENV,REAL_511,Real sensor series - Docklands Library - board 511,42,real_sensor_board_511,20.383416303540162,0,normal
2015-01-13 14:30:00+00:00,19.7,Docklands Library,511,67.2,8.7,-37.8195002,144.9418888,ENV,REAL_511,Real sensor series - Docklands Library - board 511,42,real_sensor_board_511,20.246733042832133,0,normal
2015-01-13 14:40:00+00:00,19.7,Docklands Library,511,66.4,8.8,-37.8195002,144.9418888,ENV,REAL_511,Real sensor series - Docklands Library - board 511,42,real_sensor_board_511,20.137386434265707,0,normal
2015-01-13 14:50:00+00:00,19.4,Docklands Library,511,66.3,8.8,-37.8195002,144.9418888,ENV,REAL_511,Real sensor series - Docklands Library - board 511,42,real_sensor_board_511,19.989909147412565,0,normal
2015-01-13 15:00:00+00:00,18.7,Docklands Library,511,69.4,8.7,-37.8195002,144.9418888,ENV,REAL_511,Real sensor series - Docklands Library - board 511,42,real_sensor_board_511,19.87192731793005,0,normal
2015-01-13 15:20:00+00:00,19.0,Docklands Library,511,68.0,9.2,-37.8195002,144.9418888,ENV,REAL_511,Real sensor series - Docklands Library - board 511,42,real_sensor_board_511,19.77754185434404,0,normal
2015-01-13 15:40:00+00:00,18.4,Docklands Library,511,70.5,8.8,-37.8195002,144.9418888,ENV,REAL_511,Real sensor series - Docklands Library - board 511,42,real_sensor_board_511,19.702033483475233,0,normal
2015-01-13 16:10:00+00:00,19.0,Docklands Library,511,67.1,8.6,-37.8195002,144.9418888,ENV,REAL_511,Real sensor series - Docklands Library - board 511,42,real_sensor_board_511,19.561626786780188,0,normal
2015-01-13 16:20:00+00:00,19.4,Docklands Library,511,66.6,8.5,-37.8195002,144.9418888,ENV,REAL_511,Real sensor series - Docklands Library - board 511,42,real_sensor_board_511,19.44930142942415,0,normal
2015-01-13 16:40:00+00:00,19.0,Docklands Library,511,66.6,8.6,-37.8195002,144.9418888,ENV,REAL_511,Real sensor series - Docklands Library - board 511,42,real_sensor_board_511,19.35944114353932,0,normal
2015-01-13 16:50:00+00:00,19.0,Docklands Library,511,66.3,8.7,-37.8195002,144.9418888,ENV,REAL_511,Real sensor series - Docklands Library - board 511,42,real_sensor_board_511,19.28755291483146,0,normal
2015-01-13 17:05:00+00:00,19.0,Docklands Library,511,66.1,8.9,-37.8195002,144.9418888,ENV,REAL_511,Real sensor series - Docklands Library - board 511,42,real_sensor_board_511,19.230042331865167,0,normal
2015-01-13 17:15:00+00:00,19.0,Docklands Library,511,65.3,8.7,-37.8195002,144.9418888,ENV,REAL_511,Real sensor series - Docklands Library - board 511,42,real_sensor_board_511,19.184033865492136,0,normal
2015-01-13 17:25:00+00:00,19.0,Docklands Library,511,64.9,8.5,-37.8195002,144.9418888,ENV,REAL_511,Real sensor series - Docklands Library - board 511,42,real_sensor_board_511,19.14722709239371,0,normal
2015-01-13 17:35:00+00:00,19.0,Docklands Library,511,64.7,8.8,-37.8195002,144.9418888,ENV,REAL_511,Real sensor series - Docklands Library - board 511,42,real_sensor_board_511,19.11778167391497,0,normal
2015-01-13 17:45:00+00:00,19.0,Docklands Library,511,64.4,8.9,-37.8195002,144.9418888,ENV,REAL_511,Real sensor series - Docklands Library - board 511,42,real_sensor_board_511,19.094225339131977,0,normal
2015-01-13 18:05:00+00:00,19.0,Docklands Library,511,63.6,10.2,-37.8195002,144.9418888,ENV,REAL_511,Real sensor series - Docklands Library - board 511,42,real_sensor_board_511,19.075380271305583,0,normal
2015-01-13 18:15:00+00:00,19.4,Docklands Library,511,63.6,10.0,-37.8195002,144.9418888,ENV,REAL_511,Real sensor series - Docklands Library - board 511,42,real_sensor_board_511,19.060304217044468,0,normal
2015-01-13 18:35:00+00:00,19.4,Docklands Library,511,64.2,9.0,-37.8195002,144.9418888,ENV,REAL_511,Real sensor series - Docklands Library - board 511,42,real_sensor_board_511,19.048243373635575,0,normal
2015-01-13 18:45:00+00:00,18.7,Docklands Library,511,68.3,10.5,-37.8195002,144.9418888,ENV,REAL_511,Real sensor series - Docklands Library - board 511,42,real_sensor_board_511,19.03859469890846,1,weak_multivariate_excursion
2015-01-13 19:05:00+00:00,18.1,Docklands Library,511,71.0,28.4,-37.8195002,144.9418888,ENV,REAL_511,Real sensor series - Docklands Library - board 511,42,real_sensor_board_511,19.03087575912677,1,weak_multivariate_excursion
2015-01-13 20:05:00+00:00,17.7,Docklands Library,511,69.9,75.4,-37.8195002,144.9418888,ENV,REAL_511,Real sensor series - Docklands Library - board 511,42,real_sensor_board_511,19.024700607301416,1,weak_multivariate_excursion
2015-01-13 20:30:00+00:00,18.4,Docklands Library,511,66.4,83.6,-37.8195002,144.9418888,ENV,REAL_511,Real sensor series - Docklands Library - board 511,42,real_sensor_board_511,19.019760485841132,1,weak_multivariate_excursion
2015-01-13 20:40:00+00:00,18.1,Docklands Library,511,67.4,81.1,-37.8195002,144.9418888,ENV,REAL_511,Real sensor series - Docklands Library - board 511,42,real_sensor_board_511,19.015808388672905,0,normal
2015-01-13 20:50:00+00:00,18.4,Docklands Library,511,67.7,87.2,-37.8195002,144.9418888,ENV,REAL_511,Real sensor series - Docklands Library - board 511,42,real_sensor_board_511,19.012646710938323,0,normal
2015-01-13 21:00:00+00:00,18.7,Docklands Library,511,66.4,90.6,-37.8195002,144.9418888,ENV,REAL_511,Real sensor series - Docklands Library - board 511,42,real_sensor_board_511,19.01011736875066,0,normal
2015-01-13 21:10:00+00:00,19.0,Docklands Library,511,65.8,94.0,-37.8195002,144.9418888,ENV,REAL_511,Real sensor series - Docklands Library - board 511,42,real_sensor_board_511,19.08809389500053,0,normal
2015-01-13 21:20:00+00:00,19.0,Docklands Library,511,64.7,94.5,-37.8195002,144.9418888,ENV,REAL_511,Real sensor series - Docklands Library - board 511,42,real_sensor_board_511,19.150475116000425,0,normal
2015-01-13 21:40:00+00:00,19.7,Docklands Library,511,63.0,95.7,-37.8195002,144.9418888,ENV,REAL_511,Real sensor series - Docklands Library - board 511,42,real_sensor_board_511,19.260380092800343,0,normal
2015-01-13 21:50:00+00:00,20.3,Docklands Library,511,61.9,96.1,-37.8195002,144.9418888,ENV,REAL_511,Real sensor series - Docklands Library - board 511,42,real_sensor_board_511,19.348304074240275,0,normal
2015-01-13 22:30:00+00:00,20.6,Docklands Library,511,58.5,96.6,-37.8195002,144.9418888,ENV,REAL_511,Real sensor series - Docklands Library - board 511,42,real_sensor_board_511,19.47864325939222,0,normal
2015-01-13 23:20:00+00:00,20.6,Docklands Library,511,56.7,94.3,-37.8195002,144.9418888,ENV,REAL_511,Real sensor series - Docklands Library - board 511,42,real_sensor_board_511,19.58291460751378,0,normal
2015-01-13 23:55:00+00:00,21.3,Docklands Library,511,55.7,96.6,-37.8195002,144.9418888,ENV,REAL_511,Real sensor series - Docklands Library - board 511,42,real_sensor_board_511,19.666331686011024,0,normal
2015-01-14 00:05:00+00:00,21.0,Docklands Library,511,59.0,93.4,-37.8195002,144.9418888,ENV,REAL_511,Real sensor series - Docklands Library - board 511,42,real_sensor_board_511,19.73306534880882,0,normal
2015-01-14 00:45:00+00:00,21.9,Docklands Library,511,52.7,97.2,-37.8195002,144.9418888,ENV,REAL_511,Real sensor series - Docklands Library - board 511,42,real_sensor_board_511,19.786452279047058,1,weak_multivariate_excursion
2015-01-14 01:05:00+00:00,24.2,Docklands Library,511,50.7,97.9,-37.8195002,144.9418888,ENV,REAL_511,Real sensor series - Docklands Library - board 511,42,real_sensor_board_511,19.829161823237648,1,weak_multivariate_excursion
2015-01-14 01:15:00+00:00,22.3,Docklands Library,511,50.7,96.8,-37.8195002,144.9418888,ENV,REAL_511,Real sensor series - Docklands Library - board 511,42,real_sensor_board_511,19.86332945859012,1,weak_multivariate_excursion
2015-01-14 02:35:00+00:00,22.3,Docklands Library,511,50.0,97.4,-37.8195002,144.9418888,ENV,REAL_511,Real sensor series - Docklands Library - board 511,42,real_sensor_board_511,19.890663566872096,0,normal
2015-01-14 03:00:00+00:00,22.3,Docklands Library,511,50.0,96.8,-37.8195002,144.9418888,ENV,REAL_511,Real sensor series - Docklands Library - board 511,42,real_sensor_board_511,19.912530853497678,0,normal
2015-01-14 03:10:00+00:00,22.3,Docklands Library,511,50.5,97.4,-37.8195002,144.9418888,ENV,REAL_511,Real sensor series - Docklands Library - board 511,42,real_sensor_board_511,19.93002468279814,0,normal
2015-01-14 03:20:00+00:00,21.9,Docklands Library,511,49.1,97.8,-37.8195002,144.9418888,ENV,REAL_511,Real sensor series - Docklands Library - board 511,42,real_sensor_board_511,19.944019746238514,0,normal
2015-01-14 03:40:00+00:00,22.3,Docklands Library,511,46.7,97.0,-37.8195002,144.9418888,ENV,REAL_511,Real sensor series - Docklands Library - board 511,42,real_sensor_board_511,19.955215796990814,0,normal
2015-01-14 04:10:00+00:00,21.9,Docklands Library,511,47.2,97.2,-37.8195002,144.9418888,ENV,REAL_511,Real sensor series - Docklands Library - board 511,42,real_sensor_board_511,19.964172637592654,0,normal
2015-01-14 04:20:00+00:00,22.3,Docklands Library,511,46.6,97.6,-37.8195002,144.9418888,ENV,REAL_511,Real sensor series - Docklands Library - board 511,42,real_sensor_board_511,19.97133811007412,0,normal
2015-01-14 05:50:00+00:00,19.7,Docklands Library,511,50.2,96.1,-37.8195002,144.9418888,ENV,REAL_511,Real sensor series - Docklands Library - board 511,42,real_sensor_board_511,19.977070488059297,0,normal
2015-01-14 06:10:00+00:00,20.0,Docklands Library,511,48.5,94.7,-37.8195002,144.9418888,ENV,REAL_511,Real sensor series - Docklands Library - board 511,42,real_sensor_board_511,19.92165639044744,0,normal
2015-01-14 06:35:00+00:00,19.4,Docklands Library,511,49.6,94.1,-37.8195002,144.9418888,ENV,REAL_511,Real sensor series - Docklands Library - board 511,42,real_sensor_board_511,19.817325112357953,0,normal
2015-01-14 06:45:00+00:00,19.4,Docklands Library,511,49.9,93.5,-37.8195002,144.9418888,ENV,REAL_511,Real sensor series - Docklands Library - board 511,42,real_sensor_board_511,19.733860089886363,0,normal
2015-01-14 07:15:00+00:00,19.0,Docklands Library,511,49.2,93.5,-37.8195002,144.9418888,ENV,REAL_511,Real sensor series - Docklands Library - board 511,42,real_sensor_board_511,19.58708807190909,0,normal
2015-01-14 07:35:00+00:00,18.7,Docklands Library,511,51.3,92.5,-37.8195002,144.9418888,ENV,REAL_511,Real sensor series - Docklands Library - board 511,42,real_sensor_board_511,19.409670457527273,0,normal
2015-01-14 07:55:00+00:00,18.7,Docklands Library,511,50.3,92.2,-37.8195002,144.9418888,ENV,REAL_511,Real sensor series - Docklands Library - board 511,42,real_sensor_board_511,19.267736366021822,0,normal
2015-01-14 08:05:00+00:00,18.4,Docklands Library,511,52.1,92.1,-37.8195002,144.9418888,ENV,REAL_511,Real sensor series - Docklands Library - board 511,42,real_sensor_board_511,19.09418909281746,0,normal
2015-01-14 08:15:00+00:00,18.4,Docklands Library,511,50.7,91.6,-37.8195002,144.9418888,ENV,REAL_511,Real sensor series - Docklands Library - board 511,42,real_sensor_board_511,18.955351274253967,0,normal
2015-01-14 08:25:00+00:00,18.4,Docklands Library,511,51.3,90.7,-37.8195002,144.9418888,ENV,REAL_511,Real sensor series - Docklands Library - board 511,42,real_sensor_board_511,18.844281019403176,0,normal
2015-01-14 08:35:00+00:00,18.4,Docklands Library,511,51.3,90.2,-37.8195002,144.9418888,ENV,REAL_511,Real sensor series - Docklands Library - board 511,42,real_sensor_board_511,18.75542481552254,0,normal
2015-01-14 08:55:00+00:00,18.1,Docklands Library,511,51.9,86.9,-37.8195002,144.9418888,ENV,REAL_511,Real sensor series - Docklands Library - board 511,42,real_sensor_board_511,18.624339852418036,1,weak_multivariate_excursion
2015-01-14 09:25:00+00:00,18.1,Docklands Library,511,52.4,64.9,-37.8195002,144.9418888,ENV,REAL_511,Real sensor series - Docklands Library - board 511,42,real_sensor_board_511,18.51947188193443,1,weak_multivariate_excursion
2015-01-14 09:50:00+00:00,17.7,Docklands Library,511,53.5,38.8,-37.8195002,144.9418888,ENV,REAL_511,Real sensor series - Docklands Library - board 511,42,real_sensor_board_511,18.435577505547545,1,weak_multivariate_excursion
2015-01-14 10:00:00+00:00,18.1,Docklands Library,511,54.1,22.9,-37.8195002,144.9418888,ENV,REAL_511,Real sensor series - Docklands Library - board 511,42,real_sensor_board_511,18.28846200443804,1,weak_multivariate_excursion
2015-01-14 10:30:00+00:00,17.7,Docklands Library,511,54.4,11.8,-37.8195002,144.9418888,ENV,REAL_511,Real sensor series - Docklands Library - board 511,42,real_sensor_board_511,18.170769603550433,1,weak_multivariate_excursion
2015-01-14 10:50:00+00:00,17.4,Docklands Library,511,53.8,12.2,-37.8195002,144.9418888,ENV,REAL_511,Real sensor series - Docklands Library - board 511,42,real_sensor_board_511,18.016615682840346,0,normal
2015-01-14 11:00:00+00:00,17.4,Docklands Library,511,54.0,11.9,-37.8195002,144.9418888,ENV,REAL_511,Real sensor series - Docklands Library - board 511,42,real_sensor_board_511,17.893292546272278,0,normal
2015-01-14 11:10:00+00:00,17.4,Docklands Library,511,54.1,11.9,-37.8195002,144.9418888,ENV,REAL_511,Real sensor series - Docklands Library - board 511,42,real_sensor_board_511,17.794634037017822,0,normal
2015-01-14 11:40:00+00:00,17.4,Docklands Library,511,52.6,10.9,-37.8195002,144.9418888,ENV,REAL_511,Real sensor series - Docklands Library - board 511,42,real_sensor_board_511,17.715707229614257,0,normal
2015-01-14 11:50:00+00:00,17.1,Docklands Library,511,53.3,10.9,-37.8195002,144.9418888,ENV,REAL_511,Real sensor series - Docklands Library - board 511,42,real_sensor_board_511,17.592565783691406,0,normal
2015-01-14 12:10:00+00:00,17.1,Docklands Library,511,55.7,11.2,-37.8195002,144.9418888,ENV,REAL_511,Real sensor series - Docklands Library - board 511,42,real_sensor_board_511,17.494052626953128,0,normal
2015-01-14 12:20:00+00:00,16.8,Docklands Library,511,55.2,11.6,-37.8195002,144.9418888,ENV,REAL_511,Real sensor series - Docklands Library - board 511,42,real_sensor_board_511,17.355242101562503,0,normal
2015-01-14 12:30:00+00:00,16.8,Docklands Library,511,56.2,11.6,-37.8195002,144.9418888,ENV,REAL_511,Real sensor series - Docklands Library - board 511,42,real_sensor_board_511,17.244193681250003,0,normal
2015-01-14 13:05:00+00:00,16.8,Docklands Library,511,53.8,10.9,-37.8195002,144.9418888,ENV,REAL_511,Real sensor series - Docklands Library - board 511,42,real_sensor_board_511,17.155354945000003,0,normal
2015-01-14 13:15:00+00:00,16.8,Docklands Library,511,52.7,10.8,-37.8195002,144.9418888,ENV,REAL_511,Real sensor series - Docklands Library - board 511,42,real_sensor_board_511,17.084283956000004,0,normal
2015-01-14 13:25:00+00:00,16.8,Docklands Library,511,54.0,11.0,-37.8195002,144.9418888,ENV,REAL_511,Real sensor series - Docklands Library - board 511,42,real_sensor_board_511,17.027427164800002,0,normal
2015-01-14 13:55:00+00:00,16.8,Docklands Library,511,54.3,10.5,-37.8195002,144.9418888,ENV,REAL_511,Real sensor series - Docklands Library - board 511,42,real_sensor_board_511,16.981941731840003,0,normal
2015-01-14 14:15:00+00:00,16.8,Docklands Library,511,53.0,10.6,-37.8195002,144.9418888,ENV,REAL_511,Real sensor series - Docklands Library - board 511,42,real_sensor_board_511,16.945553385472003,0,normal
2015-01-14 14:25:00+00:00,16.5,Docklands Library,511,54.0,10.7,-37.8195002,144.9418888,ENV,REAL_511,Real sensor series - Docklands Library - board 511,42,real_sensor_board_511,16.916442708377602,0,normal
2015-01-14 14:35:00+00:00,16.8,Docklands Library,511,54.3,10.9,-37.8195002,144.9418888,ENV,REAL_511,Real sensor series - Docklands Library - board 511,42,real_sensor_board_511,16.833154166702084,0,normal
2015-01-14 14:45:00+00:00,16.5,Docklands Library,511,53.8,10.9,-37.8195002,144.9418888,ENV,REAL_511,Real sensor series - Docklands Library - board 511,42,real_sensor_board_511,16.76652333336167,0,normal
2015-01-14 14:55:00+00:00,16.5,Docklands Library,511,55.1,11.0,-37.8195002,144.9418888,ENV,REAL_511,Real sensor series - Docklands Library - board 511,42,real_sensor_board_511,16.713218666689336,0,normal
2015-01-14 15:05:00+00:00,16.5,Docklands Library,511,54.8,10.3,-37.8195002,144.9418888,ENV,REAL_511,Real sensor series - Docklands Library - board 511,42,real_sensor_board_511,16.67057493335147,0,normal
2015-01-14 15:15:00+00:00,16.5,Docklands Library,511,54.1,10.4,-37.8195002,144.9418888,ENV,REAL_511,Real sensor series - Docklands Library - board 511,42,real_sensor_board_511,16.636459946681178,0,normal
2015-01-14 15:25:00+00:00,16.5,Docklands Library,511,54.4,10.4,-37.8195002,144.9418888,ENV,REAL_511,Real sensor series - Docklands Library - board 511,42,real_sensor_board_511,16.609167957344944,0,normal
2015-01-14 15:35:00+00:00,16.5,Docklands Library,511,54.4,10.5,-37.8195002,144.9418888,ENV,REAL_511,Real sensor series - Docklands Library - board 511,42,real_sensor_board_511,16.587334365875957,0,normal
2015-01-14 15:45:00+00:00,16.1,Docklands Library,511,54.1,10.9,-37.8195002,144.9418888,ENV,REAL_511,Real sensor series - Docklands Library - board 511,42,real_sensor_board_511,16.489867492700768,0,normal
2015-01-14 15:55:00+00:00,16.1,Docklands Library,511,55.1,10.8,-37.8195002,144.9418888,ENV,REAL_511,Real sensor series - Docklands Library - board 511,42,real_sensor_board_511,16.411893994160614,0,normal
2015-01-14 16:20:00+00:00,16.1,Docklands Library,511,55.7,10.4,-37.8195002,144.9418888,ENV,REAL_511,Real sensor series - Docklands Library - board 511,42,real_sensor_board_511,16.349515195328493,0,normal
2015-01-14 16:40:00+00:00,16.1,Docklands Library,511,55.4,10.6,-37.8195002,144.9418888,ENV,REAL_511,Real sensor series - Docklands Library - board 511,42,real_sensor_board_511,16.299612156262796,0,normal
2015-01-14 16:50:00+00:00,15.8,Docklands Library,511,55.9,10.8,-37.8195002,144.9418888,ENV,REAL_511,Real sensor series - Docklands Library - board 511,42,real_sensor_board_511,16.199689725010238,0,normal
2015-01-14 17:10:00+00:00,15.8,Docklands Library,511,56.5,11.0,-37.8195002,144.9418888,ENV,REAL_511,Real sensor series - Docklands Library - board 511,42,real_sensor_board_511,16.11975178000819,0,normal
2015-01-14 17:20:00+00:00,15.8,Docklands Library,511,56.3,10.5,-37.8195002,144.9418888,ENV,REAL_511,Real sensor series - Docklands Library - board 511,42,real_sensor_board_511,16.055801424006553,0,normal
2015-01-14 17:40:00+00:00,15.5,Docklands Library,511,57.4,10.6,-37.8195002,144.9418888,ENV,REAL_511,Real sensor series - Docklands Library - board 511,42,real_sensor_board_511,16.004641139205244,0,normal
2015-01-14 17:50:00+00:00,15.5,Docklands Library,511,58.2,10.6,-37.8195002,144.9418888,ENV,REAL_511,Real sensor series - Docklands Library - board 511,42,real_sensor_board_511,15.963712911364196,0,normal
2015-01-14 18:10:00+00:00,15.5,Docklands Library,511,57.3,10.8,-37.8195002,144.9418888,ENV,REAL_511,Real sensor series - Docklands Library - board 511,42,real_sensor_board_511,15.930970329091357,0,normal
2015-01-14 18:20:00+00:00,15.5,Docklands Library,511,57.3,10.9,-37.8195002,144.9418888,ENV,REAL_511,Real sensor series - Docklands Library - board 511,42,real_sensor_board_511,15.904776263273087,0,normal
2015-01-14 18:40:00+00:00,15.8,Docklands Library,511,56.3,11.6,-37.8195002,144.9418888,ENV,REAL_511,Real sensor series - Docklands Library - board 511,42,real_sensor_board_511,15.88382101061847,0,normal
2015-01-14 18:50:00+00:00,15.5,Docklands Library,511,55.7,16.0,-37.8195002,144.9418888,ENV,REAL_511,Real sensor series - Docklands Library - board 511,42,real_sensor_board_511,15.867056808494777,1,weak_multivariate_excursion
2015-01-14 19:00:00+00:00,15.8,Docklands Library,511,55.9,30.2,-37.8195002,144.9418888,ENV,REAL_511,Real sensor series - Docklands Library - board 511,42,real_sensor_board_511,15.853645446795822,1,weak_multivariate_excursion
2015-01-14 19:25:00+00:00,15.8,Docklands Library,511,56.0,60.3,-37.8195002,144.9418888,ENV,REAL_511,Real sensor series - Docklands Library - board 511,42,real_sensor_board_511,15.842916357436659,1,weak_multivariate_excursion
2015-01-14 19:45:00+00:00,15.8,Docklands Library,511,55.4,77.9,-37.8195002,144.9418888,ENV,REAL_511,Real sensor series - Docklands Library - board 511,42,real_sensor_board_511,15.834333085949329,1,weak_multivariate_excursion
2015-01-14 19:55:00+00:00,15.8,Docklands Library,511,55.5,82.0,-37.8195002,144.9418888,ENV,REAL_511,Real sensor series - Docklands Library - board 511,42,real_sensor_board_511,15.827466468759464,1,weak_multivariate_excursion
2015-01-14 20:05:00+00:00,15.8,Docklands Library,511,57.9,89.1,-37.8195002,144.9418888,ENV,REAL_511,Real sensor series - Docklands Library - board 511,42,real_sensor_board_511,15.821973175007573,0,normal
2015-01-14 20:15:00+00:00,15.8,Docklands Library,511,56.2,91.0,-37.8195002,144.9418888,ENV,REAL_511,Real sensor series - Docklands Library - board 511,42,real_sensor_board_511,15.817578540006059,0,normal
2015-01-14 20:35:00+00:00,15.8,Docklands Library,511,57.1,92.1,-37.8195002,144.9418888,ENV,REAL_511,Real sensor series - Docklands Library - board 511,42,real_sensor_board_511,15.814062832004847,0,normal
2015-01-14 20:55:00+00:00,15.8,Docklands Library,511,56.8,93.8,-37.8195002,144.9418888,ENV,REAL_511,Real sensor series - Docklands Library - board 511,42,real_sensor_board_511,15.811250265603878,0,normal
2015-01-14 21:25:00+00:00,16.5,Docklands Library,511,54.9,95.3,-37.8195002,144.9418888,ENV,REAL_511,Real sensor series - Docklands Library - board 511,42,real_sensor_board_511,15.949000212483103,0,normal
2015-01-14 21:35:00+00:00,16.5,Docklands Library,511,54.6,95.3,-37.8195002,144.9418888,ENV,REAL_511,Real sensor series - Docklands Library - board 511,42,real_sensor_board_511,16.059200169986482,0,normal
2015-01-14 21:55:00+00:00,16.8,Docklands Library,511,53.8,95.4,-37.8195002,144.9418888,ENV,REAL_511,Real sensor series - Docklands Library - board 511,42,real_sensor_board_511,16.207360135989187,0,normal
2015-01-14 22:05:00+00:00,17.1,Docklands Library,511,52.2,95.6,-37.8195002,144.9418888,ENV,REAL_511,Real sensor series - Docklands Library - board 511,42,real_sensor_board_511,16.32588810879135,0,normal
2015-01-14 22:15:00+00:00,16.8,Docklands Library,511,52.4,95.8,-37.8195002,144.9418888,ENV,REAL_511,Real sensor series - Docklands Library - board 511,42,real_sensor_board_511,16.480710487033083,0,normal
2015-01-14 22:40:00+00:00,17.1,Docklands Library,511,51.1,96.4,-37.8195002,144.9418888,ENV,REAL_511,Real sensor series - Docklands Library - board 511,42,real_sensor_board_511,16.60456838962647,0,normal
2015-01-14 23:00:00+00:00,17.7,Docklands Library,511,50.2,96.7,-37.8195002,144.9418888,ENV,REAL_511,Real sensor series - Docklands Library - board 511,42,real_sensor_board_511,16.823654711701174,0,normal
2015-01-14 23:10:00+00:00,18.1,Docklands Library,511,49.9,96.8,-37.8195002,144.9418888,ENV,REAL_511,Real sensor series - Docklands Library - board 511,42,real_sensor_board_511,17.07892376936094,0,normal
2015-01-14 23:40:00+00:00,18.1,Docklands Library,511,48.5,96.7,-37.8195002,144.9418888,ENV,REAL_511,Real sensor series - Docklands Library - board 511,42,real_sensor_board_511,17.283139015488754,0,normal
2015-01-14 23:50:00+00:00,18.4,Docklands Library,511,48.1,96.9,-37.8195002,144.9418888,ENV,REAL_511,Real sensor series - Docklands Library - board 511,42,real_sensor_board_511,17.446511212391005,0,normal
2015-01-15 00:00:00+00:00,18.7,Docklands Library,511,48.9,97.1,-37.8195002,144.9418888,ENV,REAL_511,Real sensor series - Docklands Library - board 511,42,real_sensor_board_511,17.637208969912805,0,normal
2015-01-15 00:10:00+00:00,19.4,Docklands Library,511,47.5,97.4,-37.8195002,144.9418888,ENV,REAL_511,Real sensor series - Docklands Library - board 511,42,real_sensor_board_511,17.789767175930244,0,normal
2015-01-15 00:20:00+00:00,19.4,Docklands Library,511,47.7,97.3,-37.8195002,144.9418888,ENV,REAL_511,Real sensor series - Docklands Library - board 511,42,real_sensor_board_511,17.911813740744194,0,normal
2015-01-15 00:50:00+00:00,18.7,Docklands Library,511,47.0,96.3,-37.8195002,144.9418888,ENV,REAL_511,Real sensor series - Docklands Library - board 511,42,real_sensor_board_511,18.009450992595355,0,normal
2015-01-15 01:10:00+00:00,18.1,Docklands Library,511,52.4,95.6,-37.8195002,144.9418888,ENV,REAL_511,Real sensor series - Docklands Library - board 511,42,real_sensor_board_511,18.087560794076282,0,normal
2015-01-15 01:30:00+00:00,19.0,Docklands Library,511,47.7,97.0,-37.8195002,144.9418888,ENV,REAL_511,Real sensor series - Docklands Library - board 511,42,real_sensor_board_511,18.150048635261026,0,normal
2015-01-15 01:55:00+00:00,19.4,Docklands Library,511,48.6,97.1,-37.8195002,144.9418888,ENV,REAL_511,Real sensor series - Docklands Library - board 511,42,real_sensor_board_511,18.20003890820882,0,normal
2015-01-15 02:15:00+00:00,18.7,Docklands Library,511,49.6,95.8,-37.8195002,144.9418888,ENV,REAL_511,Real sensor series - Docklands Library - board 511,42,real_sensor_board_511,18.240031126567057,1,weak_multivariate_excursion
2015-01-15 04:05:00+00:00,21.3,Docklands Library,511,44.2,97.9,-37.8195002,144.9418888,ENV,REAL_511,Real sensor series - Docklands Library - board 511,42,real_sensor_board_511,18.272024901253644,1,weak_multivariate_excursion
2015-01-15 04:35:00+00:00,21.0,Docklands Library,511,45.0,97.8,-37.8195002,144.9418888,ENV,REAL_511,Real sensor series - Docklands Library - board 511,42,real_sensor_board_511,18.297619921002916,1,weak_multivariate_excursion
2015-01-15 05:05:00+00:00,21.6,Docklands Library,511,43.4,97.8,-37.8195002,144.9418888,ENV,REAL_511,Real sensor series - Docklands Library - board 511,42,real_sensor_board_511,18.318095936802333,1,weak_multivariate_excursion
2015-01-15 05:40:00+00:00,24.2,Docklands Library,511,39.0,98.6,-37.8195002,144.9418888,ENV,REAL_511,Real sensor series - Docklands Library - board 511,42,real_sensor_board_511,18.33447674944187,1,weak_multivariate_excursion
2015-01-15 06:10:00+00:00,22.9,Docklands Library,511,41.2,97.5,-37.8195002,144.9418888,ENV,REAL_511,Real sensor series - Docklands Library - board 511,42,real_sensor_board_511,18.347581399553498,1,weak_multivariate_excursion
2015-01-15 06:30:00+00:00,20.0,Docklands Library,511,48.0,97.1,-37.8195002,144.9418888,ENV,REAL_511,Real sensor series - Docklands Library - board 511,42,real_sensor_board_511,18.3580651196428,0,normal
2015-01-15 06:50:00+00:00,22.3,Docklands Library,511,44.2,98.3,-37.8195002,144.9418888,ENV,REAL_511,Real sensor series - Docklands Library - board 511,42,real_sensor_board_511,18.366452095714237,1,weak_multivariate_excursion
2015-01-15 08:10:00+00:00,18.4,Docklands Library,511,49.2,93.3,-37.8195002,144.9418888,ENV,REAL_511,Real sensor series - Docklands Library - board 511,42,real_sensor_board_511,18.31316167657139,1,weak_multivariate_excursion
2015-01-15 08:55:00+00:00,17.4,Docklands Library,511,50.7,86.6,-37.8195002,144.9418888,ENV,REAL_511,Real sensor series - Docklands Library - board 511,42,real_sensor_board_511,18.130529341257112,1,weak_multivariate_excursion
2015-01-15 09:15:00+00:00,17.4,Docklands Library,511,50.7,81.9,-37.8195002,144.9418888,ENV,REAL_511,Real sensor series - Docklands Library - board 511,42,real_sensor_board_511,17.98442347300569,0,normal
2015-01-15 09:25:00+00:00,17.4,Docklands Library,511,50.3,73.1,-37.8195002,144.9418888,ENV,REAL_511,Real sensor series - Docklands Library - board 511,42,real_sensor_board_511,17.867538778404555,1,weak_multivariate_excursion
2015-01-15 09:45:00+00:00,17.1,Docklands Library,511,49.1,44.6,-37.8195002,144.9418888,ENV,REAL_511,Real sensor series - Docklands Library - board 511,42,real_sensor_board_511,17.714031022723645,1,weak_multivariate_excursion
2015-01-15 10:05:00+00:00,17.1,Docklands Library,511,46.9,16.5,-37.8195002,144.9418888,ENV,REAL_511,Real sensor series - Docklands Library - board 511,42,real_sensor_board_511,17.59122481817892,1,weak_multivariate_excursion
2015-01-15 10:25:00+00:00,17.1,Docklands Library,511,46.2,10.5,-37.8195002,144.9418888,ENV,REAL_511,Real sensor series - Docklands Library - board 511,42,real_sensor_board_511,17.492979854543137,1,weak_multivariate_excursion
2015-01-15 10:55:00+00:00,17.1,Docklands Library,511,46.1,11.6,-37.8195002,144.9418888,ENV,REAL_511,Real sensor series - Docklands Library - board 511,42,real_sensor_board_511,17.41438388363451,0,normal
2015-01-15 11:05:00+00:00,16.8,Docklands Library,511,46.2,11.4,-37.8195002,144.9418888,ENV,REAL_511,Real sensor series - Docklands Library - board 511,42,real_sensor_board_511,17.29150710690761,0,normal
2015-01-15 11:15:00+00:00,16.8,Docklands Library,511,46.7,12.2,-37.8195002,144.9418888,ENV,REAL_511,Real sensor series - Docklands Library - board 511,42,real_sensor_board_511,17.193205685526088,0,normal
2015-01-15 11:25:00+00:00,16.8,Docklands Library,511,46.4,11.9,-37.8195002,144.9418888,ENV,REAL_511,Real sensor series - Docklands Library - board 511,42,real_sensor_board_511,17.114564548420873,0,normal
2015-01-15 12:10:00+00:00,16.8,Docklands Library,511,46.9,11.0,-37.8195002,144.9418888,ENV,REAL_511,Real sensor series - Docklands Library - board 511,42,real_sensor_board_511,17.0516516387367,0,normal
2015-01-15 13:00:00+00:00,16.5,Docklands Library,511,47.0,10.2,-37.8195002,144.9418888,ENV,REAL_511,Real sensor series - Docklands Library - board 511,42,real_sensor_board_511,16.941321310989363,0,normal
2015-01-15 13:10:00+00:00,16.5,Docklands Library,511,47.7,10.0,-37.8195002,144.9418888,ENV,REAL_511,Real sensor series - Docklands Library - board 511,42,real_sensor_board_511,16.85305704879149,0,normal
2015-01-15 13:20:00+00:00,16.1,Docklands Library,511,49.4,10.1,-37.8195002,144.9418888,ENV,REAL_511,Real sensor series - Docklands Library - board 511,42,real_sensor_board_511,16.702445639033193,0,normal
2015-01-15 13:40:00+00:00,15.8,Docklands Library,511,46.7,10.3,-37.8195002,144.9418888,ENV,REAL_511,Real sensor series - Docklands Library - board 511,42,real_sensor_board_511,16.521956511226556,0,normal
2015-01-15 14:00:00+00:00,15.5,Docklands Library,511,45.9,10.1,-37.8195002,144.9418888,ENV,REAL_511,Real sensor series - Docklands Library - board 511,42,real_sensor_board_511,16.317565208981247,0,normal
2015-01-15 14:10:00+00:00,15.2,Docklands Library,511,46.6,10.1,-37.8195002,144.9418888,ENV,REAL_511,Real sensor series - Docklands Library - board 511,42,real_sensor_board_511,16.094052167184998,0,normal
2015-01-15 14:50:00+00:00,14.8,Docklands Library,511,48.8,10.9,-37.8195002,144.9418888,ENV,REAL_511,Real sensor series - Docklands Library - board 511,42,real_sensor_board_511,15.835241733748,0,normal
2015-01-15 15:15:00+00:00,14.8,Docklands Library,511,48.9,10.7,-37.8195002,144.9418888,ENV,REAL_511,Real sensor series - Docklands Library - board 511,42,real_sensor_board_511,15.6281933869984,0,normal
2015-01-15 15:25:00+00:00,14.5,Docklands Library,511,49.4,10.2,-37.8195002,144.9418888,ENV,REAL_511,Real sensor series - Docklands Library - board 511,42,real_sensor_board_511,15.402554709598721,0,normal
2015-01-15 15:35:00+00:00,14.2,Docklands Library,511,49.9,10.8,-37.8195002,144.9418888,ENV,REAL_511,Real sensor series - Docklands Library - board 511,42,real_sensor_board_511,15.162043767678977,0,normal
2015-01-15 15:45:00+00:00,13.9,Docklands Library,511,49.9,10.9,-37.8195002,144.9418888,ENV,REAL_511,Real sensor series - Docklands Library - board 511,42,real_sensor_board_511,14.909635014143184,0,normal
2015-01-15 15:55:00+00:00,13.9,Docklands Library,511,51.1,10.9,-37.8195002,144.9418888,ENV,REAL_511,Real sensor series - Docklands Library - board 511,42,real_sensor_board_511,14.707708011314548,0,normal
2015-01-15 16:05:00+00:00,13.9,Docklands Library,511,51.9,10.9,-37.8195002,144.9418888,ENV,REAL_511,Real sensor series - Docklands Library - board 511,42,real_sensor_board_511,14.54616640905164,0,normal
2015-01-15 16:25:00+00:00,13.2,Docklands Library,511,52.9,10.4,-37.8195002,144.9418888,ENV,REAL_511,Real sensor series - Docklands Library - board 511,42,real_sensor_board_511,14.276933127241314,0,normal
2015-01-15 16:45:00+00:00,13.2,Docklands Library,511,54.4,10.6,-37.8195002,144.9418888,ENV,REAL_511,Real sensor series - Docklands Library - board 511,42,real_sensor_board_511,14.061546501793053,0,normal
2015-01-15 16:55:00+00:00,12.9,Docklands Library,511,54.8,10.6,-37.8195002,144.9418888,ENV,REAL_511,Real sensor series - Docklands Library - board 511,42,real_sensor_board_511,13.889237201434444,0,normal
2015-01-15 17:05:00+00:00,12.6,Docklands Library,511,55.5,10.5,-37.8195002,144.9418888,ENV,REAL_511,Real sensor series - Docklands Library - board 511,42,real_sensor_board_511,13.751389761147557,0,normal
2015-01-15 17:25:00+00:00,12.6,Docklands Library,511,55.9,10.1,-37.8195002,144.9418888,ENV,REAL_511,Real sensor series - Docklands Library - board 511,42,real_sensor_board_511,13.641111808918048,0,normal
2015-01-15 17:35:00+00:00,12.3,Docklands Library,511,56.3,10.4,-37.8195002,144.9418888,ENV,REAL_511,Real sensor series - Docklands Library - board 511,42,real_sensor_board_511,13.55288944713444,0,normal
2015-01-15 17:45:00+00:00,12.6,Docklands Library,511,56.0,10.6,-37.8195002,144.9418888,ENV,REAL_511,Real sensor series - Docklands Library - board 511,42,real_sensor_board_511,13.482311557707554,0,normal
2015-01-15 17:55:00+00:00,12.6,Docklands Library,511,56.3,10.5,-37.8195002,144.9418888,ENV,REAL_511,Real sensor series - Docklands Library - board 511,42,real_sensor_board_511,13.425849246166045,0,normal
2015-01-15 18:05:00+00:00,12.3,Docklands Library,511,56.3,10.2,-37.8195002,144.9418888,ENV,REAL_511,Real sensor series - Docklands Library - board 511,42,real_sensor_board_511,13.380679396932837,0,normal
2015-01-15 18:15:00+00:00,12.6,Docklands Library,511,56.3,10.5,-37.8195002,144.9418888,ENV,REAL_511,Real sensor series - Docklands Library - board 511,42,real_sensor_board_511,13.34454351754627,0,normal
2015-01-15 18:30:00+00:00,12.3,Docklands Library,511,56.2,10.6,-37.8195002,144.9418888,ENV,REAL_511,Real sensor series - Docklands Library - board 511,42,real_sensor_board_511,13.315634814037018,0,normal
2015-01-15 18:40:00+00:00,12.3,Docklands Library,511,55.9,11.2,-37.8195002,144.9418888,ENV,REAL_511,Real sensor series - Docklands Library - board 511,42,real_sensor_board_511,13.292507851229615,0,normal
2015-01-15 18:50:00+00:00,11.9,Docklands Library,511,56.5,15.9,-37.8195002,144.9418888,ENV,REAL_511,Real sensor series - Docklands Library - board 511,42,real_sensor_board_511,13.274006280983693,1,weak_multivariate_excursion
2015-01-15 20:00:00+00:00,12.3,Docklands Library,511,56.5,91.3,-37.8195002,144.9418888,ENV,REAL_511,Real sensor series - Docklands Library - board 511,42,real_sensor_board_511,13.259205024786956,1,weak_multivariate_excursion
2015-01-15 20:10:00+00:00,12.6,Docklands Library,511,56.2,91.9,-37.8195002,144.9418888,ENV,REAL_511,Real sensor series - Docklands Library - board 511,42,real_sensor_board_511,13.247364019829567,1,weak_multivariate_excursion
2015-01-15 20:30:00+00:00,12.9,Docklands Library,511,55.4,92.7,-37.8195002,144.9418888,ENV,REAL_511,Real sensor series - Docklands Library - board 511,42,real_sensor_board_511,13.237891215863655,0,normal
2015-01-15 20:40:00+00:00,12.9,Docklands Library,511,55.4,92.9,-37.8195002,144.9418888,ENV,REAL_511,Real sensor series - Docklands Library - board 511,42,real_sensor_board_511,13.230312972690925,0,normal
2015-01-15 20:50:00+00:00,13.2,Docklands Library,511,54.0,93.1,-37.8195002,144.9418888,ENV,REAL_511,Real sensor series - Docklands Library - board 511,42,real_sensor_board_511,13.22425037815274,0,normal
2015-01-15 21:30:00+00:00,14.8,Docklands Library,511,49.6,94.1,-37.8195002,144.9418888,ENV,REAL_511,Real sensor series - Docklands Library - board 511,42,real_sensor_board_511,13.539400302522195,1,weak_multivariate_excursion
2015-01-15 21:55:00+00:00,17.4,Docklands Library,511,43.9,96.5,-37.8195002,144.9418888,ENV,REAL_511,Real sensor series - Docklands Library - board 511,42,real_sensor_board_511,14.311520242017757,1,weak_multivariate_excursion
2015-01-15 22:15:00+00:00,18.1,Docklands Library,511,41.4,96.8,-37.8195002,144.9418888,ENV,REAL_511,Real sensor series - Docklands Library - board 511,42,real_sensor_board_511,14.989216193614205,1,weak_multivariate_excursion
2015-01-15 22:25:00+00:00,18.1,Docklands Library,511,40.7,97.0,-37.8195002,144.9418888,ENV,REAL_511,Real sensor series - Docklands Library - board 511,42,real_sensor_board_511,15.611372954891365,0,normal
2015-01-15 22:35:00+00:00,18.7,Docklands Library,511,40.6,96.9,-37.8195002,144.9418888,ENV,REAL_511,Real sensor series - Docklands Library - board 511,42,real_sensor_board_511,16.109098363913095,0,normal
2015-01-15 22:45:00+00:00,17.7,Docklands Library,511,40.4,95.9,-37.8195002,144.9418888,ENV,REAL_511,Real sensor series - Docklands Library - board 511,42,real_sensor_board_511,16.507278691130477,0,normal
2015-01-15 23:15:00+00:00,18.1,Docklands Library,511,40.3,96.8,-37.8195002,144.9418888,ENV,REAL_511,Real sensor series - Docklands Library - board 511,42,real_sensor_board_511,16.945822952904383,0,normal
2015-01-15 23:45:00+00:00,19.4,Docklands Library,511,38.7,95.9,-37.8195002,144.9418888,ENV,REAL_511,Real sensor series - Docklands Library - board 511,42,real_sensor_board_511,17.436658362323506,1,weak_multivariate_excursion
2015-01-16 00:45:00+00:00,24.8,Docklands Library,511,32.8,97.8,-37.8195002,144.9418888,ENV,REAL_511,Real sensor series - Docklands Library - board 511,42,real_sensor_board_511,18.90932668985881,1,weak_multivariate_excursion
2015-01-16 01:10:00+00:00,24.8,Docklands Library,511,32.2,97.8,-37.8195002,144.9418888,ENV,REAL_511,Real sensor series - Docklands Library - board 511,42,real_sensor_board_511,20.08746135188705,1,weak_multivariate_excursion
2015-01-16 01:30:00+00:00,25.8,Docklands Library,511,31.0,97.9,-37.8195002,144.9418888,ENV,REAL_511,Real sensor series - Docklands Library - board 511,42,real_sensor_board_511,21.02996908150964,0,normal
2015-01-16 01:50:00+00:00,25.8,Docklands Library,511,31.4,97.9,-37.8195002,144.9418888,ENV,REAL_511,Real sensor series - Docklands Library - board 511,42,real_sensor_board_511,21.783975265207715,0,normal
2015-01-16 02:30:00+00:00,24.8,Docklands Library,511,31.3,97.9,-37.8195002,144.9418888,ENV,REAL_511,Real sensor series - Docklands Library - board 511,42,real_sensor_board_511,22.387180212166175,0,normal
2015-01-16 03:40:00+00:00,26.5,Docklands Library,511,27.3,96.6,-37.8195002,144.9418888,ENV,REAL_511,Real sensor series - Docklands Library - board 511,42,real_sensor_board_511,22.869744169732943,0,normal
2015-01-16 04:10:00+00:00,26.5,Docklands Library,511,27.5,98.3,-37.8195002,144.9418888,ENV,REAL_511,Real sensor series - Docklands Library - board 511,42,real_sensor_board_511,23.255795335786356,0,normal
2015-01-16 04:25:00+00:00,27.4,Docklands Library,511,25.6,98.3,-37.8195002,144.9418888,ENV,REAL_511,Real sensor series - Docklands Library - board 511,42,real_sensor_board_511,23.564636268629087,0,normal
2015-01-16 05:25:00+00:00,28.7,Docklands Library,511,24.2,98.5,-37.8195002,144.9418888,ENV,REAL_511,Real sensor series - Docklands Library - board 511,42,real_sensor_board_511,23.811709014903272,1,weak_multivariate_excursion
2015-01-16 06:05:00+00:00,30.3,Docklands Library,511,21.3,98.6,-37.8195002,144.9418888,ENV,REAL_511,Real sensor series - Docklands Library - board 511,42,real_sensor_board_511,24.00936721192262,1,weak_multivariate_excursion
2015-01-16 06:15:00+00:00,29.7,Docklands Library,511,22.4,98.6,-37.8195002,144.9418888,ENV,REAL_511,Real sensor series - Docklands Library - board 511,42,real_sensor_board_511,24.167493769538098,1,weak_multivariate_excursion
2015-01-16 06:45:00+00:00,28.1,Docklands Library,511,23.5,97.0,-37.8195002,144.9418888,ENV,REAL_511,Real sensor series - Docklands Library - board 511,42,real_sensor_board_511,24.29399501563048,1,weak_multivariate_excursion
2015-01-16 06:55:00+00:00,30.3,Docklands Library,511,23.7,98.7,-37.8195002,144.9418888,ENV,REAL_511,Real sensor series - Docklands Library - board 511,42,real_sensor_board_511,24.395196012504385,1,weak_multivariate_excursion
2015-01-16 07:15:00+00:00,26.5,Docklands Library,511,25.7,95.5,-37.8195002,144.9418888,ENV,REAL_511,Real sensor series - Docklands Library - board 511,42,real_sensor_board_511,24.47615681000351,1,weak_multivariate_excursion
2015-01-16 08:30:00+00:00,25.5,Docklands Library,511,26.5,93.6,-37.8195002,144.9418888,ENV,REAL_511,Real sensor series - Docklands Library - board 511,42,real_sensor_board_511,24.54092544800281,1,weak_multivariate_excursion
2015-01-16 08:40:00+00:00,25.5,Docklands Library,511,26.9,92.6,-37.8195002,144.9418888,ENV,REAL_511,Real sensor series - Docklands Library - board 511,42,real_sensor_board_511,24.59274035840225,0,normal
2015-01-16 09:30:00+00:00,23.9,Docklands Library,511,31.0,84.4,-37.8195002,144.9418888,ENV,REAL_511,Real sensor series - Docklands Library - board 511,42,real_sensor_board_511,24.454192286721803,1,weak_multivariate_excursion
2015-01-16 10:00:00+00:00,21.9,Docklands Library,511,39.6,32.6,-37.8195002,144.9418888,ENV,REAL_511,Real sensor series - Docklands Library - board 511,42,real_sensor_board_511,23.943353829377443,1,weak_multivariate_excursion
2015-01-16 10:10:00+00:00,21.6,Docklands Library,511,42.3,16.1,-37.8195002,144.9418888,ENV,REAL_511,Real sensor series - Docklands Library - board 511,42,real_sensor_board_511,23.474683063501956,1,weak_multivariate_excursion
2015-01-16 10:20:00+00:00,21.0,Docklands Library,511,43.9,12.8,-37.8195002,144.9418888,ENV,REAL_511,Real sensor series - Docklands Library - board 511,42,real_sensor_board_511,22.979746450801564,1,weak_multivariate_excursion
2015-01-16 10:40:00+00:00,21.0,Docklands Library,511,44.2,12.4,-37.8195002,144.9418888,ENV,REAL_511,Real sensor series - Docklands Library - board 511,42,real_sensor_board_511,22.58379716064125,0,normal
2015-01-16 10:50:00+00:00,21.0,Docklands Library,511,43.9,12.4,-37.8195002,144.9418888,ENV,REAL_511,Real sensor series - Docklands Library - board 511,42,real_sensor_board_511,22.267037728513,0,normal
2015-01-16 11:05:00+00:00,20.6,Docklands Library,511,43.4,12.4,-37.8195002,144.9418888,ENV,REAL_511,Real sensor series - Docklands Library - board 511,42,real_sensor_board_511,21.9336301828104,0,normal
2015-01-16 11:35:00+00:00,20.0,Docklands Library,511,46.4,10.9,-37.8195002,144.9418888,ENV,REAL_511,Real sensor series - Docklands Library - board 511,42,real_sensor_board_511,21.54690414624832,0,normal
2015-01-16 11:55:00+00:00,18.7,Docklands Library,511,52.2,11.5,-37.8195002,144.9418888,ENV,REAL_511,Real sensor series - Docklands Library - board 511,42,real_sensor_board_511,20.977523316998656,0,normal
2015-01-16 12:15:00+00:00,18.4,Docklands Library,511,51.9,11.8,-37.8195002,144.9418888,ENV,REAL_511,Real sensor series - Docklands Library - board 511,42,real_sensor_board_511,20.462018653598925,0,normal
2015-01-16 12:25:00+00:00,18.4,Docklands Library,511,50.3,12.2,-37.8195002,144.9418888,ENV,REAL_511,Real sensor series - Docklands Library - board 511,42,real_sensor_board_511,20.04961492287914,0,normal
2015-01-16 13:05:00+00:00,18.4,Docklands Library,511,48.1,11.3,-37.8195002,144.9418888,ENV,REAL_511,Real sensor series - Docklands Library - board 511,42,real_sensor_board_511,19.719691938303313,0,normal
2015-01-16 13:15:00+00:00,18.4,Docklands Library,511,46.7,11.6,-37.8195002,144.9418888,ENV,REAL_511,Real sensor series - Docklands Library - board 511,42,real_sensor_board_511,19.45575355064265,0,normal
2015-01-16 13:25:00+00:00,18.4,Docklands Library,511,45.9,12.0,-37.8195002,144.9418888,ENV,REAL_511,Real sensor series - Docklands Library - board 511,42,real_sensor_board_511,19.24460284051412,0,normal
2015-01-16 13:45:00+00:00,18.4,Docklands Library,511,45.3,12.0,-37.8195002,144.9418888,ENV,REAL_511,Real sensor series - Docklands Library - board 511,42,real_sensor_board_511,19.075682272411296,0,normal
2015-01-16 13:55:00+00:00,18.4,Docklands Library,511,46.1,10.8,-37.8195002,144.9418888,ENV,REAL_511,Real sensor series - Docklands Library - board 511,42,real_sensor_board_511,18.940545817929035,0,normal
2015-01-16 14:20:00+00:00,18.1,Docklands Library,511,46.6,11.1,-37.8195002,144.9418888,ENV,REAL_511,Real sensor series - Docklands Library - board 511,42,real_sensor_board_511,18.772436654343228,0,normal
2015-01-16 14:50:00+00:00,18.1,Docklands Library,511,46.9,11.8,-37.8195002,144.9418888,ENV,REAL_511,Real sensor series - Docklands Library - board 511,42,real_sensor_board_511,18.637949323474583,0,normal
2015-01-16 15:00:00+00:00,18.1,Docklands Library,511,47.5,11.1,-37.8195002,144.9418888,ENV,REAL_511,Real sensor series - Docklands Library - board 511,42,real_sensor_board_511,18.530359458779667,0,normal
2015-01-16 15:10:00+00:00,17.7,Docklands Library,511,49.4,11.1,-37.8195002,144.9418888,ENV,REAL_511,Real sensor series - Docklands Library - board 511,42,real_sensor_board_511,18.364287567023734,0,normal
2015-01-16 15:30:00+00:00,15.8,Docklands Library,511,57.3,12.5,-37.8195002,144.9418888,ENV,REAL_511,Real sensor series - Docklands Library - board 511,42,real_sensor_board_511,17.991430053618988,0,normal
2015-01-16 16:00:00+00:00,16.1,Docklands Library,511,55.5,11.9,-37.8195002,144.9418888,ENV,REAL_511,Real sensor series - Docklands Library - board 511,42,real_sensor_board_511,17.69314404289519,0,normal
2015-01-16 16:10:00+00:00,15.8,Docklands Library,511,55.9,11.0,-37.8195002,144.9418888,ENV,REAL_511,Real sensor series - Docklands Library - board 511,42,real_sensor_board_511,17.454515234316155,0,normal
2015-01-16 16:20:00+00:00,16.1,Docklands Library,511,56.0,11.0,-37.8195002,144.9418888,ENV,REAL_511,Real sensor series - Docklands Library - board 511,42,real_sensor_board_511,17.263612187452924,0,normal
2015-01-16 16:30:00+00:00,16.1,Docklands Library,511,56.0,11.0,-37.8195002,144.9418888,ENV,REAL_511,Real sensor series - Docklands Library - board 511,42,real_sensor_board_511,17.11088974996234,0,normal
2015-01-16 16:40:00+00:00,16.1,Docklands Library,511,56.3,11.1,-37.8195002,144.9418888,ENV,REAL_511,Real sensor series - Docklands Library - board 511,42,real_sensor_board_511,16.908711799969872,0,normal
2015-01-16 17:00:00+00:00,16.5,Docklands Library,511,55.1,11.2,-37.8195002,144.9418888,ENV,REAL_511,Real sensor series - Docklands Library - board 511,42,real_sensor_board_511,16.7469694399759,0,normal
2015-01-16 17:10:00+00:00,16.5,Docklands Library,511,54.8,11.3,-37.8195002,144.9418888,ENV,REAL_511,Real sensor series - Docklands Library - board 511,42,real_sensor_board_511,16.61757555198072,0,normal
2015-01-16 17:20:00+00:00,16.5,Docklands Library,511,55.4,10.9,-37.8195002,144.9418888,ENV,REAL_511,Real sensor series - Docklands Library - board 511,42,real_sensor_board_511,16.514060441584576,0,normal
2015-01-16 17:35:00+00:00,16.5,Docklands Library,511,55.7,10.9,-37.8195002,144.9418888,ENV,REAL_511,Real sensor series - Docklands Library - board 511,42,real_sensor_board_511,16.431248353267662,0,normal
2015-01-16 17:45:00+00:00,16.5,Docklands Library,511,54.4,11.1,-37.8195002,144.9418888,ENV,REAL_511,Real sensor series - Docklands Library - board 511,42,real_sensor_board_511,16.36499868261413,0,normal
2015-01-16 18:25:00+00:00,15.2,Docklands Library,511,61.5,10.5,-37.8195002,144.9418888,ENV,REAL_511,Real sensor series - Docklands Library - board 511,42,real_sensor_board_511,16.311998946091304,0,normal
2015-01-16 18:35:00+00:00,15.8,Docklands Library,511,61.4,10.7,-37.8195002,144.9418888,ENV,REAL_511,Real sensor series - Docklands Library - board 511,42,real_sensor_board_511,16.269599156873042,0,normal
2015-01-16 18:45:00+00:00,15.5,Docklands Library,511,57.8,12.0,-37.8195002,144.9418888,ENV,REAL_511,Real sensor series - Docklands Library - board 511,42,real_sensor_board_511,16.235679325498435,0,normal
2015-01-16 18:55:00+00:00,15.5,Docklands Library,511,57.3,20.6,-37.8195002,144.9418888,ENV,REAL_511,Real sensor series - Docklands Library - board 511,42,real_sensor_board_511,16.20854346039875,1,weak_multivariate_excursion
2015-01-16 19:05:00+00:00,15.5,Docklands Library,511,57.0,44.5,-37.8195002,144.9418888,ENV,REAL_511,Real sensor series - Docklands Library - board 511,42,real_sensor_board_511,16.186834768319002,1,weak_multivariate_excursion
2015-01-16 19:25:00+00:00,15.5,Docklands Library,511,56.0,78.6,-37.8195002,144.9418888,ENV,REAL_511,Real sensor series - Docklands Library - board 511,42,real_sensor_board_511,16.169467814655203,1,weak_multivariate_excursion
2015-01-16 19:35:00+00:00,15.5,Docklands Library,511,54.6,83.5,-37.8195002,144.9418888,ENV,REAL_511,Real sensor series - Docklands Library - board 511,42,real_sensor_board_511,16.235574251724163,1,weak_multivariate_excursion
2015-01-16 19:45:00+00:00,15.8,Docklands Library,511,53.3,86.9,-37.8195002,144.9418888,ENV,REAL_511,Real sensor series - Docklands Library - board 511,42,real_sensor_board_511,16.28845940137933,0,normal
2015-01-16 20:05:00+00:00,15.8,Docklands Library,511,52.7,91.5,-37.8195002,144.9418888,ENV,REAL_511,Real sensor series - Docklands Library - board 511,42,real_sensor_board_511,16.330767521103464,0,normal
2015-01-16 20:25:00+00:00,15.5,Docklands Library,511,52.4,93.0,-37.8195002,144.9418888,ENV,REAL_511,Real sensor series - Docklands Library - board 511,42,real_sensor_board_511,16.364614016882772,0,normal
2015-01-16 20:35:00+00:00,15.8,Docklands Library,511,51.9,94.1,-37.8195002,144.9418888,ENV,REAL_511,Real sensor series - Docklands Library - board 511,42,real_sensor_board_511,16.391691213506217,0,normal
2015-01-16 20:50:00+00:00,16.5,Docklands Library,511,51.0,94.4,-37.8195002,144.9418888,ENV,REAL_511,Real sensor series - Docklands Library - board 511,42,real_sensor_board_511,16.413352970804976,0,normal
2015-01-16 21:20:00+00:00,16.8,Docklands Library,511,48.8,95.4,-37.8195002,144.9418888,ENV,REAL_511,Real sensor series - Docklands Library - board 511,42,real_sensor_board_511,16.49068237664398,0,normal
2015-01-16 21:30:00+00:00,16.8,Docklands Library,511,48.6,95.6,-37.8195002,144.9418888,ENV,REAL_511,Real sensor series - Docklands Library - board 511,42,real_sensor_board_511,16.552545901315185,0,normal
2015-01-16 21:50:00+00:00,17.4,Docklands Library,511,47.7,96.1,-37.8195002,144.9418888,ENV,REAL_511,Real sensor series - Docklands Library - board 511,42,real_sensor_board_511,16.72203672105215,0,normal
2015-01-16 22:20:00+00:00,17.4,Docklands Library,511,44.4,95.4,-37.8195002,144.9418888,ENV,REAL_511,Real sensor series - Docklands Library - board 511,42,real_sensor_board_511,16.857629376841718,0,normal
2015-01-16 22:30:00+00:00,17.4,Docklands Library,511,45.5,95.2,-37.8195002,144.9418888,ENV,REAL_511,Real sensor series - Docklands Library - board 511,42,real_sensor_board_511,16.966103501473373,0,normal
2015-01-16 22:40:00+00:00,17.4,Docklands Library,511,42.6,95.2,-37.8195002,144.9418888,ENV,REAL_511,Real sensor series - Docklands Library - board 511,42,real_sensor_board_511,17.0528828011787,0,normal
2015-01-16 23:00:00+00:00,19.0,Docklands Library,511,41.4,96.9,-37.8195002,144.9418888,ENV,REAL_511,Real sensor series - Docklands Library - board 511,42,real_sensor_board_511,17.38230624094296,0,normal
2015-01-16 23:10:00+00:00,18.7,Docklands Library,511,39.8,96.5,-37.8195002,144.9418888,ENV,REAL_511,Real sensor series - Docklands Library - board 511,42,real_sensor_board_511,17.70584499275437,0,normal
2015-01-16 23:20:00+00:00,19.0,Docklands Library,511,39.5,96.9,-37.8195002,144.9418888,ENV,REAL_511,Real sensor series - Docklands Library - board 511,42,real_sensor_board_511,17.964675994203496,0,normal
2015-01-16 23:30:00+00:00,19.7,Docklands Library,511,38.4,97.2,-37.8195002,144.9418888,ENV,REAL_511,Real sensor series - Docklands Library - board 511,42,real_sensor_board_511,18.251740795362796,0,normal
2015-01-16 23:40:00+00:00,19.4,Docklands Library,511,37.9,97.7,-37.8195002,144.9418888,ENV,REAL_511,Real sensor series - Docklands Library - board 511,42,real_sensor_board_511,18.541392636290237,0,normal
2015-01-17 00:05:00+00:00,21.9,Docklands Library,511,34.3,98.0,-37.8195002,144.9418888,ENV,REAL_511,Real sensor series - Docklands Library - board 511,42,real_sensor_board_511,19.21311410903219,0,normal
2015-01-17 01:05:00+00:00,22.6,Docklands Library,511,31.6,97.6,-37.8195002,144.9418888,ENV,REAL_511,Real sensor series - Docklands Library - board 511,42,real_sensor_board_511,19.890491287225753,0,normal
2015-01-17 01:25:00+00:00,23.2,Docklands Library,511,28.7,97.7,-37.8195002,144.9418888,ENV,REAL_511,Real sensor series - Docklands Library - board 511,42,real_sensor_board_511,20.432393029780602,0,normal
2015-01-17 03:30:00+00:00,24.2,Docklands Library,511,28.4,98.1,-37.8195002,144.9418888,ENV,REAL_511,Real sensor series - Docklands Library - board 511,42,real_sensor_board_511,20.86591442382448,0,normal
2015-01-17 04:20:00+00:00,24.8,Docklands Library,511,26.2,97.8,-37.8195002,144.9418888,ENV,REAL_511,Real sensor series - Docklands Library - board 511,42,real_sensor_board_511,21.212731539059586,1,weak_multivariate_excursion
2015-01-17 05:30:00+00:00,27.7,Docklands Library,511,29.2,98.2,-37.8195002,144.9418888,ENV,REAL_511,Real sensor series - Docklands Library - board 511,42,real_sensor_board_511,21.49018523124767,1,weak_multivariate_excursion
2015-01-17 06:00:00+00:00,25.5,Docklands Library,511,29.8,97.7,-37.8195002,144.9418888,ENV,REAL_511,Real sensor series - Docklands Library - board 511,42,real_sensor_board_511,21.712148184998135,1,weak_multivariate_excursion
2015-01-17 06:20:00+00:00,25.5,Docklands Library,511,30.0,98.5,-37.8195002,144.9418888,ENV,REAL_511,Real sensor series - Docklands Library - board 511,42,real_sensor_board_511,21.88971854799851,0,normal
2015-01-17 06:30:00+00:00,25.8,Docklands Library,511,30.8,98.6,-37.8195002,144.9418888,ENV,REAL_511,Real sensor series - Docklands Library - board 511,42,real_sensor_board_511,22.031774838398807,0,normal
2015-01-17 06:45:00+00:00,26.1,Docklands Library,511,28.4,98.6,-37.8195002,144.9418888,ENV,REAL_511,Real sensor series - Docklands Library - board 511,42,real_sensor_board_511,22.145419870719046,0,normal
2015-01-17 06:55:00+00:00,26.8,Docklands Library,511,28.0,98.6,-37.8195002,144.9418888,ENV,REAL_511,Real sensor series - Docklands Library - board 511,42,real_sensor_board_511,22.236335896575238,0,normal
2015-01-17 07:05:00+00:00,24.8,Docklands Library,511,29.2,98.0,-37.8195002,144.9418888,ENV,REAL_511,Real sensor series - Docklands Library - board 511,42,real_sensor_board_511,22.30906871726019,0,normal
2015-01-17 07:15:00+00:00,26.5,Docklands Library,511,29.1,98.0,-37.8195002,144.9418888,ENV,REAL_511,Real sensor series - Docklands Library - board 511,42,real_sensor_board_511,22.36725497380815,0,normal
2015-01-17 07:25:00+00:00,25.2,Docklands Library,511,31.6,98.5,-37.8195002,144.9418888,ENV,REAL_511,Real sensor series - Docklands Library - board 511,42,real_sensor_board_511,22.41380397904652,0,normal
2015-01-17 07:35:00+00:00,24.2,Docklands Library,511,32.7,98.5,-37.8195002,144.9418888,ENV,REAL_511,Real sensor series - Docklands Library - board 511,42,real_sensor_board_511,22.451043183237218,0,normal
2015-01-17 07:45:00+00:00,23.5,Docklands Library,511,32.4,98.2,-37.8195002,144.9418888,ENV,REAL_511,Real sensor series - Docklands Library - board 511,42,real_sensor_board_511,22.480834546589776,0,normal
2015-01-17 07:55:00+00:00,22.6,Docklands Library,511,34.7,97.9,-37.8195002,144.9418888,ENV,REAL_511,Real sensor series - Docklands Library - board 511,42,real_sensor_board_511,22.504667637271822,0,normal
2015-01-17 08:05:00+00:00,22.3,Docklands Library,511,34.9,98.4,-37.8195002,144.9418888,ENV,REAL_511,Real sensor series - Docklands Library - board 511,42,real_sensor_board_511,22.523734109817457,0,normal
2015-01-17 08:15:00+00:00,23.9,Docklands Library,511,33.6,98.2,-37.8195002,144.9418888,ENV,REAL_511,Real sensor series - Docklands Library - board 511,42,real_sensor_board_511,22.47898728785397,0,normal
2015-01-17 08:45:00+00:00,21.6,Docklands Library,511,39.2,97.4,-37.8195002,144.9418888,ENV,REAL_511,Real sensor series - Docklands Library - board 511,42,real_sensor_board_511,22.303189830283177,0,normal
2015-01-17 08:55:00+00:00,21.0,Docklands Library,511,39.6,95.6,-37.8195002,144.9418888,ENV,REAL_511,Real sensor series - Docklands Library - board 511,42,real_sensor_board_511,22.042551864226542,0,normal
2015-01-17 09:25:00+00:00,20.0,Docklands Library,511,41.7,90.0,-37.8195002,144.9418888,ENV,REAL_511,Real sensor series - Docklands Library - board 511,42,real_sensor_board_511,21.634041491381236,0,normal
2015-01-17 09:35:00+00:00,20.0,Docklands Library,511,41.5,81.1,-37.8195002,144.9418888,ENV,REAL_511,Real sensor series - Docklands Library - board 511,42,real_sensor_board_511,21.307233193104988,1,weak_multivariate_excursion
2015-01-17 10:00:00+00:00,19.4,Docklands Library,511,42.5,41.1,-37.8195002,144.9418888,ENV,REAL_511,Real sensor series - Docklands Library - board 511,42,real_sensor_board_511,20.92578655448399,1,weak_multivariate_excursion
2015-01-17 10:10:00+00:00,19.0,Docklands Library,511,42.9,19.6,-37.8195002,144.9418888,ENV,REAL_511,Real sensor series - Docklands Library - board 511,42,real_sensor_board_511,20.540629243587194,1,weak_multivariate_excursion
2015-01-17 10:20:00+00:00,19.0,Docklands Library,511,42.9,14.0,-37.8195002,144.9418888,ENV,REAL_511,Real sensor series - Docklands Library - board 511,42,real_sensor_board_511,20.232503394869756,1,weak_multivariate_excursion
2015-01-17 10:30:00+00:00,18.7,Docklands Library,511,42.5,12.4,-37.8195002,144.9418888,ENV,REAL_511,Real sensor series - Docklands Library - board 511,42,real_sensor_board_511,19.926002715895805,0,normal
2015-01-17 10:50:00+00:00,18.1,Docklands Library,511,41.8,12.8,-37.8195002,144.9418888,ENV,REAL_511,Real sensor series - Docklands Library - board 511,42,real_sensor_board_511,19.560802172716645,0,normal
2015-01-17 11:00:00+00:00,18.1,Docklands Library,511,39.5,12.7,-37.8195002,144.9418888,ENV,REAL_511,Real sensor series - Docklands Library - board 511,42,real_sensor_board_511,19.26864173817332,0,normal
2015-01-17 11:30:00+00:00,17.7,Docklands Library,511,39.5,12.7,-37.8195002,144.9418888,ENV,REAL_511,Real sensor series - Docklands Library - board 511,42,real_sensor_board_511,18.954913390538657,0,normal
2015-01-17 11:40:00+00:00,17.4,Docklands Library,511,39.0,12.8,-37.8195002,144.9418888,ENV,REAL_511,Real sensor series - Docklands Library - board 511,42,real_sensor_board_511,18.643930712430926,0,normal
2015-01-17 11:50:00+00:00,17.4,Docklands Library,511,39.6,12.7,-37.8195002,144.9418888,ENV,REAL_511,Real sensor series - Docklands Library - board 511,42,real_sensor_board_511,18.39514456994474,0,normal
2015-01-17 12:10:00+00:00,17.1,Docklands Library,511,41.0,12.7,-37.8195002,144.9418888,ENV,REAL_511,Real sensor series - Docklands Library - board 511,42,real_sensor_board_511,18.136115655955795,0,normal
2015-01-17 12:20:00+00:00,17.1,Docklands Library,511,41.8,12.6,-37.8195002,144.9418888,ENV,REAL_511,Real sensor series - Docklands Library - board 511,42,real_sensor_board_511,17.92889252476464,0,normal
2015-01-17 13:00:00+00:00,16.5,Docklands Library,511,42.9,12.7,-37.8195002,144.9418888,ENV,REAL_511,Real sensor series - Docklands Library - board 511,42,real_sensor_board_511,17.643114019811712,0,normal
2015-01-17 13:15:00+00:00,16.5,Docklands Library,511,42.8,13.0,-37.8195002,144.9418888,ENV,REAL_511,Real sensor series - Docklands Library - board 511,42,real_sensor_board_511,17.41449121584937,0,normal
2015-01-17 13:25:00+00:00,16.1,Docklands Library,511,43.4,12.9,-37.8195002,144.9418888,ENV,REAL_511,Real sensor series - Docklands Library - board 511,42,real_sensor_board_511,17.151592972679495,0,normal
2015-01-17 13:35:00+00:00,15.8,Docklands Library,511,44.2,12.8,-37.8195002,144.9418888,ENV,REAL_511,Real sensor series - Docklands Library - board 511,42,real_sensor_board_511,16.881274378143598,0,normal
2015-01-17 13:45:00+00:00,15.8,Docklands Library,511,44.2,12.7,-37.8195002,144.9418888,ENV,REAL_511,Real sensor series - Docklands Library - board 511,42,real_sensor_board_511,16.66501950251488,0,normal
2015-01-17 13:55:00+00:00,15.8,Docklands Library,511,43.9,12.8,-37.8195002,144.9418888,ENV,REAL_511,Real sensor series - Docklands Library - board 511,42,real_sensor_board_511,16.492015602011904,0,normal
2015-01-17 14:05:00+00:00,15.8,Docklands Library,511,45.1,12.7,-37.8195002,144.9418888,ENV,REAL_511,Real sensor series - Docklands Library - board 511,42,real_sensor_board_511,16.353612481609524,0,normal
2015-01-17 14:15:00+00:00,15.5,Docklands Library,511,42.9,12.7,-37.8195002,144.9418888,ENV,REAL_511,Real sensor series - Docklands Library - board 511,42,real_sensor_board_511,16.24288998528762,0,normal
2015-01-17 14:25:00+00:00,15.5,Docklands Library,511,44.2,12.7,-37.8195002,144.9418888,ENV,REAL_511,Real sensor series - Docklands Library - board 511,42,real_sensor_board_511,16.154311988230095,0,normal
2015-01-17 14:35:00+00:00,15.5,Docklands Library,511,44.0,12.8,-37.8195002,144.9418888,ENV,REAL_511,Real sensor series - Docklands Library - board 511,42,real_sensor_board_511,16.083449590584078,0,normal
2015-01-17 14:45:00+00:00,15.2,Docklands Library,511,43.7,12.7,-37.8195002,144.9418888,ENV,REAL_511,Real sensor series - Docklands Library - board 511,42,real_sensor_board_511,15.966759672467262,0,normal
2015-01-17 14:55:00+00:00,15.2,Docklands Library,511,43.9,12.8,-37.8195002,144.9418888,ENV,REAL_511,Real sensor series - Docklands Library - board 511,42,real_sensor_board_511,15.87340773797381,0,normal
2015-01-17 15:05:00+00:00,15.2,Docklands Library,511,43.4,12.7,-37.8195002,144.9418888,ENV,REAL_511,Real sensor series - Docklands Library - board 511,42,real_sensor_board_511,15.798726190379048,0,normal
2015-01-17 15:15:00+00:00,14.8,Docklands Library,511,43.7,12.8,-37.8195002,144.9418888,ENV,REAL_511,Real sensor series - Docklands Library - board 511,42,real_sensor_board_511,15.738980952303239,0,normal
2015-01-17 15:25:00+00:00,14.5,Docklands Library,511,44.5,12.8,-37.8195002,144.9418888,ENV,REAL_511,Real sensor series - Docklands Library - board 511,42,real_sensor_board_511,15.69118476184259,0,normal
2015-01-17 15:35:00+00:00,14.8,Docklands Library,511,43.7,12.7,-37.8195002,144.9418888,ENV,REAL_511,Real sensor series - Docklands Library - board 511,42,real_sensor_board_511,15.652947809474073,0,normal
2015-01-17 15:45:00+00:00,15.2,Docklands Library,511,44.0,12.8,-37.8195002,144.9418888,ENV,REAL_511,Real sensor series - Docklands Library - board 511,42,real_sensor_board_511,15.622358247579259,0,normal
2015-01-17 15:55:00+00:00,15.2,Docklands Library,511,43.1,12.9,-37.8195002,144.9418888,ENV,REAL_511,Real sensor series - Docklands Library - board 511,42,real_sensor_board_511,15.597886598063408,0,normal
2015-01-17 16:05:00+00:00,15.2,Docklands Library,511,43.6,12.8,-37.8195002,144.9418888,ENV,REAL_511,Real sensor series - Docklands Library - board 511,42,real_sensor_board_511,15.578309278450726,0,normal
2015-01-17 16:40:00+00:00,15.8,Docklands Library,511,42.3,12.8,-37.8195002,144.9418888,ENV,REAL_511,Real sensor series - Docklands Library - board 511,42,real_sensor_board_511,15.562647422760582,0,normal
2015-01-17 16:50:00+00:00,15.8,Docklands Library,511,43.1,12.9,-37.8195002,144.9418888,ENV,REAL_511,Real sensor series - Docklands Library - board 511,42,real_sensor_board_511,15.550117938208466,0,normal
2015-01-17 17:10:00+00:00,15.5,Docklands Library,511,42.3,12.9,-37.8195002,144.9418888,ENV,REAL_511,Real sensor series - Docklands Library - board 511,42,real_sensor_board_511,15.540094350566774,0,normal
2015-01-17 17:20:00+00:00,15.8,Docklands Library,511,44.2,12.9,-37.8195002,144.9418888,ENV,REAL_511,Real sensor series - Docklands Library - board 511,42,real_sensor_board_511,15.53207548045342,0,normal
2015-01-17 17:30:00+00:00,15.5,Docklands Library,511,43.7,12.8,-37.8195002,144.9418888,ENV,REAL_511,Real sensor series - Docklands Library - board 511,42,real_sensor_board_511,15.525660384362736,0,normal
2015-01-17 18:00:00+00:00,15.5,Docklands Library,511,47.5,12.7,-37.8195002,144.9418888,ENV,REAL_511,Real sensor series - Docklands Library - board 511,42,real_sensor_board_511,15.520528307490189,0,normal
2015-01-17 18:10:00+00:00,15.5,Docklands Library,511,47.0,12.7,-37.8195002,144.9418888,ENV,REAL_511,Real sensor series - Docklands Library - board 511,42,real_sensor_board_511,15.51642264599215,0,normal
2015-01-17 18:20:00+00:00,15.5,Docklands Library,511,47.7,12.8,-37.8195002,144.9418888,ENV,REAL_511,Real sensor series - Docklands Library - board 511,42,real_sensor_board_511,15.513138116793721,0,normal
2015-01-17 18:30:00+00:00,15.5,Docklands Library,511,49.6,12.8,-37.8195002,144.9418888,ENV,REAL_511,Real sensor series - Docklands Library - board 511,42,real_sensor_board_511,15.510510493434976,0,normal
2015-01-17 18:40:00+00:00,15.2,Docklands Library,511,50.8,13.3,-37.8195002,144.9418888,ENV,REAL_511,Real sensor series - Docklands Library - board 511,42,real_sensor_board_511,15.508408394747981,1,weak_multivariate_excursion
2015-01-17 19:00:00+00:00,15.2,Docklands Library,511,52.1,28.5,-37.8195002,144.9418888,ENV,REAL_511,Real sensor series - Docklands Library - board 511,42,real_sensor_board_511,15.506726715798385,1,weak_multivariate_excursion
2015-01-17 19:10:00+00:00,15.2,Docklands Library,511,52.6,50.6,-37.8195002,144.9418888,ENV,REAL_511,Real sensor series - Docklands Library - board 511,42,real_sensor_board_511,15.505381372638707,1,weak_multivariate_excursion
2015-01-17 19:20:00+00:00,15.2,Docklands Library,511,52.6,66.8,-37.8195002,144.9418888,ENV,REAL_511,Real sensor series - Docklands Library - board 511,42,real_sensor_board_511,15.504305098110967,1,weak_multivariate_excursion
2015-01-17 19:30:00+00:00,15.2,Docklands Library,511,52.6,78.2,-37.8195002,144.9418888,ENV,REAL_511,Real sensor series - Docklands Library - board 511,42,real_sensor_board_511,15.563444078488775,1,weak_multivariate_excursion
2015-01-17 19:55:00+00:00,15.2,Docklands Library,511,53.0,84.0,-37.8195002,144.9418888,ENV,REAL_511,Real sensor series - Docklands Library - board 511,42,real_sensor_board_511,15.61075526279102,0,normal
2015-01-17 20:05:00+00:00,15.5,Docklands Library,511,52.7,87.7,-37.8195002,144.9418888,ENV,REAL_511,Real sensor series - Docklands Library - board 511,42,real_sensor_board_511,15.648604210232817,0,normal
2015-01-17 20:15:00+00:00,15.8,Docklands Library,511,51.6,90.8,-37.8195002,144.9418888,ENV,REAL_511,Real sensor series - Docklands Library - board 511,42,real_sensor_board_511,15.678883368186254,1,weak_multivariate_excursion
2015-01-20 02:45:00+00:00,29.4,Docklands Library,511,32.2,97.7,-37.8195002,144.9418888,ENV,REAL_511,Real sensor series - Docklands Library - board 511,42,real_sensor_board_511,17.503106694549004,1,weak_multivariate_excursion
2015-01-20 02:55:00+00:00,28.4,Docklands Library,511,33.3,97.7,-37.8195002,144.9418888,ENV,REAL_511,Real sensor series - Docklands Library - board 511,42,real_sensor_board_511,19.042485355639204,1,weak_multivariate_excursion
2015-01-20 03:35:00+00:00,29.4,Docklands Library,511,31.7,98.0,-37.8195002,144.9418888,ENV,REAL_511,Real sensor series - Docklands Library - board 511,42,real_sensor_board_511,20.273988284511365,1,weak_multivariate_excursion
2015-01-20 04:00:00+00:00,30.0,Docklands Library,511,30.6,98.1,-37.8195002,144.9418888,ENV,REAL_511,Real sensor series - Docklands Library - board 511,42,real_sensor_board_511,21.25919062760909,1,weak_multivariate_excursion
2015-01-20 04:40:00+00:00,31.9,Docklands Library,511,27.2,98.1,-37.8195002,144.9418888,ENV,REAL_511,Real sensor series - Docklands Library - board 511,42,real_sensor_board_511,22.04735250208727,1,weak_multivariate_excursion
2015-01-20 05:00:00+00:00,32.3,Docklands Library,511,26.4,98.3,-37.8195002,144.9418888,ENV,REAL_511,Real sensor series - Docklands Library - board 511,42,real_sensor_board_511,22.67788200166982,1,weak_multivariate_excursion
2015-01-20 05:20:00+00:00,31.3,Docklands Library,511,25.9,97.8,-37.8195002,144.9418888,ENV,REAL_511,Real sensor series - Docklands Library - board 511,42,real_sensor_board_511,23.182305601335855,1,weak_multivariate_excursion
2015-01-20 05:30:00+00:00,31.3,Docklands Library,511,26.2,97.8,-37.8195002,144.9418888,ENV,REAL_511,Real sensor series - Docklands Library - board 511,42,real_sensor_board_511,23.585844481068683,1,weak_multivariate_excursion
2015-01-20 06:20:00+00:00,30.0,Docklands Library,511,26.7,96.9,-37.8195002,144.9418888,ENV,REAL_511,Real sensor series - Docklands Library - board 511,42,real_sensor_board_511,23.908675584854947,1,weak_multivariate_excursion
2015-01-20 06:40:00+00:00,31.3,Docklands Library,511,24.8,97.7,-37.8195002,144.9418888,ENV,REAL_511,Real sensor series - Docklands Library - board 511,42,real_sensor_board_511,24.166940467883958,1,weak_multivariate_excursion
2015-01-20 07:45:00+00:00,29.0,Docklands Library,511,27.5,95.2,-37.8195002,144.9418888,ENV,REAL_511,Real sensor series - Docklands Library - board 511,42,real_sensor_board_511,24.373552374307167,1,weak_multivariate_excursion
2015-01-20 08:05:00+00:00,28.7,Docklands Library,511,28.6,95.3,-37.8195002,144.9418888,ENV,REAL_511,Real sensor series - Docklands Library - board 511,42,real_sensor_board_511,24.538841899445735,1,weak_multivariate_excursion
2015-01-20 08:55:00+00:00,27.7,Docklands Library,511,31.0,91.2,-37.8195002,144.9418888,ENV,REAL_511,Real sensor series - Docklands Library - board 511,42,real_sensor_board_511,24.67107351955659,1,weak_multivariate_excursion
2015-01-20 09:15:00+00:00,26.8,Docklands Library,511,31.7,84.0,-37.8195002,144.9418888,ENV,REAL_511,Real sensor series - Docklands Library - board 511,42,real_sensor_board_511,24.776858815645273,1,weak_multivariate_excursion
2015-01-20 09:35:00+00:00,25.2,Docklands Library,511,39.8,71.2,-37.8195002,144.9418888,ENV,REAL_511,Real sensor series - Docklands Library - board 511,42,real_sensor_board_511,24.861487052516217,1,weak_multivariate_excursion
2015-01-20 09:45:00+00:00,24.8,Docklands Library,511,39.8,55.2,-37.8195002,144.9418888,ENV,REAL_511,Real sensor series - Docklands Library - board 511,42,real_sensor_board_511,24.929189642012975,1,weak_multivariate_excursion
2015-01-20 09:55:00+00:00,25.2,Docklands Library,511,38.7,34.7,-37.8195002,144.9418888,ENV,REAL_511,Real sensor series - Docklands Library - board 511,42,real_sensor_board_511,24.983351713610382,1,weak_multivariate_excursion
2015-01-20 10:05:00+00:00,24.8,Docklands Library,511,38.4,15.9,-37.8195002,144.9418888,ENV,REAL_511,Real sensor series - Docklands Library - board 511,42,real_sensor_board_511,25.026681370888305,1,weak_multivariate_excursion
2015-01-20 10:15:00+00:00,24.8,Docklands Library,511,38.4,11.6,-37.8195002,144.9418888,ENV,REAL_511,Real sensor series - Docklands Library - board 511,42,real_sensor_board_511,25.061345096710646,1,weak_multivariate_excursion
2015-01-20 10:40:00+00:00,24.8,Docklands Library,511,39.6,10.9,-37.8195002,144.9418888,ENV,REAL_511,Real sensor series - Docklands Library - board 511,42,real_sensor_board_511,25.089076077368517,0,normal
2015-01-20 10:50:00+00:00,24.8,Docklands Library,511,39.8,10.8,-37.8195002,144.9418888,ENV,REAL_511,Real sensor series - Docklands Library - board 511,42,real_sensor_board_511,25.031260861894815,0,normal
2015-01-20 11:00:00+00:00,25.2,Docklands Library,511,39.2,10.9,-37.8195002,144.9418888,ENV,REAL_511,Real sensor series - Docklands Library - board 511,42,real_sensor_board_511,24.985008689515855,0,normal
2015-01-20 11:10:00+00:00,25.2,Docklands Library,511,38.8,10.7,-37.8195002,144.9418888,ENV,REAL_511,Real sensor series - Docklands Library - board 511,42,real_sensor_board_511,24.948006951612687,0,normal
2015-01-20 11:20:00+00:00,25.2,Docklands Library,511,38.8,10.8,-37.8195002,144.9418888,ENV,REAL_511,Real sensor series - Docklands Library - board 511,42,real_sensor_board_511,24.91840556129015,0,normal
2015-01-20 11:30:00+00:00,25.2,Docklands Library,511,39.3,9.5,-37.8195002,144.9418888,ENV,REAL_511,Real sensor series - Docklands Library - board 511,42,real_sensor_board_511,24.894724449032122,0,normal
2015-01-20 11:50:00+00:00,24.5,Docklands Library,511,41.8,9.5,-37.8195002,144.9418888,ENV,REAL_511,Real sensor series - Docklands Library - board 511,42,real_sensor_board_511,24.815779559225696,0,normal
2015-01-20 12:10:00+00:00,24.2,Docklands Library,511,42.8,9.9,-37.8195002,144.9418888,ENV,REAL_511,Real sensor series - Docklands Library - board 511,42,real_sensor_board_511,24.692623647380557,0,normal
2015-01-20 12:20:00+00:00,24.2,Docklands Library,511,43.1,10.2,-37.8195002,144.9418888,ENV,REAL_511,Real sensor series - Docklands Library - board 511,42,real_sensor_board_511,24.594098917904446,0,normal
2015-01-20 12:40:00+00:00,23.5,Docklands Library,511,42.8,9.5,-37.8195002,144.9418888,ENV,REAL_511,Real sensor series - Docklands Library - board 511,42,real_sensor_board_511,24.45527913432356,0,normal
2015-01-20 12:50:00+00:00,23.9,Docklands Library,511,44.2,9.5,-37.8195002,144.9418888,ENV,REAL_511,Real sensor series - Docklands Library - board 511,42,real_sensor_board_511,24.26422330745885,0,normal
2015-01-20 13:00:00+00:00,23.2,Docklands Library,511,48.9,9.8,-37.8195002,144.9418888,ENV,REAL_511,Real sensor series - Docklands Library - board 511,42,real_sensor_board_511,24.05137864596708,0,normal
2015-01-20 13:30:00+00:00,22.3,Docklands Library,511,50.8,10.1,-37.8195002,144.9418888,ENV,REAL_511,Real sensor series - Docklands Library - board 511,42,real_sensor_board_511,23.701102916773667,0,normal
2015-01-20 13:45:00+00:00,22.3,Docklands Library,511,52.9,10.2,-37.8195002,144.9418888,ENV,REAL_511,Real sensor series - Docklands Library - board 511,42,real_sensor_board_511,23.420882333418934,0,normal
2015-01-20 13:55:00+00:00,21.9,Docklands Library,511,54.8,9.4,-37.8195002,144.9418888,ENV,REAL_511,Real sensor series - Docklands Library - board 511,42,real_sensor_board_511,23.116705866735145,0,normal
2015-01-20 14:05:00+00:00,21.6,Docklands Library,511,55.2,9.6,-37.8195002,144.9418888,ENV,REAL_511,Real sensor series - Docklands Library - board 511,42,real_sensor_board_511,22.813364693388117,0,normal
2015-01-20 14:15:00+00:00,21.6,Docklands Library,511,55.7,9.7,-37.8195002,144.9418888,ENV,REAL_511,Real sensor series - Docklands Library - board 511,42,real_sensor_board_511,22.570691754710495,0,normal
2015-01-20 14:25:00+00:00,21.3,Docklands Library,511,55.7,9.7,-37.8195002,144.9418888,ENV,REAL_511,Real sensor series - Docklands Library - board 511,42,real_sensor_board_511,22.3165534037684,0,normal
2015-01-20 14:35:00+00:00,21.0,Docklands Library,511,57.3,9.8,-37.8195002,144.9418888,ENV,REAL_511,Real sensor series - Docklands Library - board 511,42,real_sensor_board_511,22.05324272301472,0,normal
2015-01-20 14:45:00+00:00,20.6,Docklands Library,511,59.2,10.0,-37.8195002,144.9418888,ENV,REAL_511,Real sensor series - Docklands Library - board 511,42,real_sensor_board_511,21.762594178411778,0,normal
2015-01-20 15:05:00+00:00,20.3,Docklands Library,511,59.5,9.4,-37.8195002,144.9418888,ENV,REAL_511,Real sensor series - Docklands Library - board 511,42,real_sensor_board_511,21.470075342729423,0,normal
2015-01-20 15:15:00+00:00,20.3,Docklands Library,511,60.3,9.4,-37.8195002,144.9418888,ENV,REAL_511,Real sensor series - Docklands Library - board 511,42,real_sensor_board_511,21.236060274183536,0,normal
2015-01-20 15:25:00+00:00,20.3,Docklands Library,511,60.4,9.5,-37.8195002,144.9418888,ENV,REAL_511,Real sensor series - Docklands Library - board 511,42,real_sensor_board_511,21.04884821934683,0,normal
2015-01-20 15:35:00+00:00,20.0,Docklands Library,511,60.8,9.6,-37.8195002,144.9418888,ENV,REAL_511,Real sensor series - Docklands Library - board 511,42,real_sensor_board_511,20.839078575477465,0,normal
2015-01-20 15:45:00+00:00,20.0,Docklands Library,511,54.8,9.7,-37.8195002,144.9418888,ENV,REAL_511,Real sensor series - Docklands Library - board 511,42,real_sensor_board_511,20.671262860381972,0,normal
2015-01-20 15:55:00+00:00,20.0,Docklands Library,511,52.7,9.8,-37.8195002,144.9418888,ENV,REAL_511,Real sensor series - Docklands Library - board 511,42,real_sensor_board_511,20.537010288305577,0,normal
2015-01-20 16:05:00+00:00,19.7,Docklands Library,511,51.9,10.1,-37.8195002,144.9418888,ENV,REAL_511,Real sensor series - Docklands Library - board 511,42,real_sensor_board_511,20.42960823064446,0,normal
2015-01-20 16:15:00+00:00,19.7,Docklands Library,511,51.3,9.4,-37.8195002,144.9418888,ENV,REAL_511,Real sensor series - Docklands Library - board 511,42,real_sensor_board_511,20.34368658451557,0,normal
2015-01-20 16:35:00+00:00,19.7,Docklands Library,511,48.9,9.7,-37.8195002,144.9418888,ENV,REAL_511,Real sensor series - Docklands Library - board 511,42,real_sensor_board_511,20.274949267612456,0,normal
2015-01-20 16:45:00+00:00,19.7,Docklands Library,511,49.1,9.8,-37.8195002,144.9418888,ENV,REAL_511,Real sensor series - Docklands Library - board 511,42,real_sensor_board_511,20.219959414089967,0,normal
2015-01-20 17:00:00+00:00,20.0,Docklands Library,511,49.2,9.9,-37.8195002,144.9418888,ENV,REAL_511,Real sensor series - Docklands Library - board 511,42,real_sensor_board_511,20.175967531271976,0,normal
2015-01-20 17:10:00+00:00,19.7,Docklands Library,511,48.6,10.1,-37.8195002,144.9418888,ENV,REAL_511,Real sensor series - Docklands Library - board 511,42,real_sensor_board_511,20.14077402501758,0,normal
2015-01-20 17:20:00+00:00,20.0,Docklands Library,511,48.8,9.9,-37.8195002,144.9418888,ENV,REAL_511,Real sensor series - Docklands Library - board 511,42,real_sensor_board_511,20.112619220014064,0,normal
2015-01-20 17:30:00+00:00,19.7,Docklands Library,511,47.8,9.4,-37.8195002,144.9418888,ENV,REAL_511,Real sensor series - Docklands Library - board 511,42,real_sensor_board_511,20.090095376011252,0,normal
2015-01-20 17:40:00+00:00,20.0,Docklands Library,511,48.5,9.5,-37.8195002,144.9418888,ENV,REAL_511,Real sensor series - Docklands Library - board 511,42,real_sensor_board_511,20.072076300809,0,normal
2015-01-20 17:50:00+00:00,20.0,Docklands Library,511,48.8,9.6,-37.8195002,144.9418888,ENV,REAL_511,Real sensor series - Docklands Library - board 511,42,real_sensor_board_511,20.0576610406472,0,normal
2015-01-20 18:10:00+00:00,20.0,Docklands Library,511,48.1,9.8,-37.8195002,144.9418888,ENV,REAL_511,Real sensor series - Docklands Library - board 511,42,real_sensor_board_511,20.046128832517763,0,normal
2015-01-20 18:20:00+00:00,20.0,Docklands Library,511,48.6,9.9,-37.8195002,144.9418888,ENV,REAL_511,Real sensor series - Docklands Library - board 511,42,real_sensor_board_511,20.03690306601421,0,normal
2015-01-20 18:30:00+00:00,20.0,Docklands Library,511,49.1,9.9,-37.8195002,144.9418888,ENV,REAL_511,Real sensor series - Docklands Library - board 511,42,real_sensor_board_511,20.02952245281137,0,normal
2015-01-20 18:40:00+00:00,20.0,Docklands Library,511,49.2,10.1,-37.8195002,144.9418888,ENV,REAL_511,Real sensor series - Docklands Library - board 511,42,real_sensor_board_511,20.023617962249098,0,normal
2015-01-20 19:00:00+00:00,20.0,Docklands Library,511,49.2,16.0,-37.8195002,144.9418888,ENV,REAL_511,Real sensor series - Docklands Library - board 511,42,real_sensor_board_511,20.01889436979928,1,weak_multivariate_excursion
2015-01-20 19:10:00+00:00,20.3,Docklands Library,511,48.9,37.7,-37.8195002,144.9418888,ENV,REAL_511,Real sensor series - Docklands Library - board 511,42,real_sensor_board_511,20.075115495839427,1,weak_multivariate_excursion
2015-01-20 19:30:00+00:00,20.3,Docklands Library,511,48.0,76.3,-37.8195002,144.9418888,ENV,REAL_511,Real sensor series - Docklands Library - board 511,42,real_sensor_board_511,20.120092396671545,1,weak_multivariate_excursion
2015-01-20 20:00:00+00:00,21.0,Docklands Library,511,46.7,89.6,-37.8195002,144.9418888,ENV,REAL_511,Real sensor series - Docklands Library - board 511,42,real_sensor_board_511,20.296073917337235,1,weak_multivariate_excursion
2015-01-20 20:25:00+00:00,21.3,Docklands Library,511,46.7,92.7,-37.8195002,144.9418888,ENV,REAL_511,Real sensor series - Docklands Library - board 511,42,real_sensor_board_511,20.49685913386979,1,weak_multivariate_excursion
2015-01-20 20:35:00+00:00,21.3,Docklands Library,511,46.6,93.1,-37.8195002,144.9418888,ENV,REAL_511,Real sensor series - Docklands Library - board 511,42,real_sensor_board_511,20.657487307095835,0,normal
2015-01-20 20:45:00+00:00,21.3,Docklands Library,511,48.3,93.1,-37.8195002,144.9418888,ENV,REAL_511,Real sensor series - Docklands Library - board 511,42,real_sensor_board_511,20.78598984567667,0,normal
2015-01-20 20:55:00+00:00,21.6,Docklands Library,511,47.8,93.5,-37.8195002,144.9418888,ENV,REAL_511,Real sensor series - Docklands Library - board 511,42,real_sensor_board_511,20.94879187654134,0,normal
2015-01-20 21:05:00+00:00,21.6,Docklands Library,511,47.3,93.8,-37.8195002,144.9418888,ENV,REAL_511,Real sensor series - Docklands Library - board 511,42,real_sensor_board_511,21.079033501233074,0,normal
2015-01-20 21:25:00+00:00,21.9,Docklands Library,511,47.0,95.0,-37.8195002,144.9418888,ENV,REAL_511,Real sensor series - Docklands Library - board 511,42,real_sensor_board_511,21.24322680098646,0,normal
2015-01-20 21:35:00+00:00,22.3,Docklands Library,511,46.9,95.0,-37.8195002,144.9418888,ENV,REAL_511,Real sensor series - Docklands Library - board 511,42,real_sensor_board_511,21.45458144078917,0,normal
2015-01-20 21:45:00+00:00,22.6,Docklands Library,511,46.6,95.3,-37.8195002,144.9418888,ENV,REAL_511,Real sensor series - Docklands Library - board 511,42,real_sensor_board_511,21.683665152631335,0,normal
2015-01-20 21:55:00+00:00,22.6,Docklands Library,511,47.3,94.9,-37.8195002,144.9418888,ENV,REAL_511,Real sensor series - Docklands Library - board 511,42,real_sensor_board_511,21.86693212210507,0,normal
2015-01-20 22:15:00+00:00,22.9,Docklands Library,511,46.9,94.4,-37.8195002,144.9418888,ENV,REAL_511,Real sensor series - Docklands Library - board 511,42,real_sensor_board_511,22.073545697684054,0,normal
2015-01-20 22:25:00+00:00,23.5,Docklands Library,511,45.5,94.4,-37.8195002,144.9418888,ENV,REAL_511,Real sensor series - Docklands Library - board 511,42,real_sensor_board_511,22.358836558147242,0,normal
2015-01-20 22:45:00+00:00,24.8,Docklands Library,511,41.4,94.5,-37.8195002,144.9418888,ENV,REAL_511,Real sensor series - Docklands Library - board 511,42,real_sensor_board_511,22.847069246517794,0,normal
2015-01-20 23:40:00+00:00,26.8,Docklands Library,511,36.2,96.1,-37.8195002,144.9418888,ENV,REAL_511,Real sensor series - Docklands Library - board 511,42,real_sensor_board_511,23.637655397214235,1,weak_multivariate_excursion
2015-01-20 23:50:00+00:00,30.6,Docklands Library,511,33.5,97.8,-37.8195002,144.9418888,ENV,REAL_511,Real sensor series - Docklands Library - board 511,42,real_sensor_board_511,24.910124317771388,1,weak_multivariate_excursion
2015-01-21 01:50:00+00:00,34.2,Docklands Library,511,28.4,98.1,-37.8195002,144.9418888,ENV,REAL_511,Real sensor series - Docklands Library - board 511,42,real_sensor_board_511,25.92809945421711,1,weak_multivariate_excursion
2015-01-21 02:10:00+00:00,35.5,Docklands Library,511,27.0,98.1,-37.8195002,144.9418888,ENV,REAL_511,Real sensor series - Docklands Library - board 511,42,real_sensor_board_511,26.742479563373692,1,weak_multivariate_excursion
2015-01-21 02:20:00+00:00,35.5,Docklands Library,511,27.6,98.2,-37.8195002,144.9418888,ENV,REAL_511,Real sensor series - Docklands Library - board 511,42,real_sensor_board_511,27.45398365069896,1,weak_multivariate_excursion
2015-01-21 02:55:00+00:00,33.9,Docklands Library,511,25.6,98.0,-37.8195002,144.9418888,ENV,REAL_511,Real sensor series - Docklands Library - board 511,42,real_sensor_board_511,28.02318692055917,1,weak_multivariate_excursion
2015-01-21 03:35:00+00:00,32.3,Docklands Library,511,29.4,98.2,-37.8195002,144.9418888,ENV,REAL_511,Real sensor series - Docklands Library - board 511,42,real_sensor_board_511,28.47854953644734,1,weak_multivariate_excursion
2015-01-21 03:45:00+00:00,30.6,Docklands Library,511,32.2,96.9,-37.8195002,144.9418888,ENV,REAL_511,Real sensor series - Docklands Library - board 511,42,real_sensor_board_511,28.902839629157874,0,normal
2015-01-21 03:55:00+00:00,30.3,Docklands Library,511,33.2,96.5,-37.8195002,144.9418888,ENV,REAL_511,Real sensor series - Docklands Library - board 511,42,real_sensor_board_511,29.242271703326303,0,normal
2015-01-21 04:05:00+00:00,30.3,Docklands Library,511,33.0,96.6,-37.8195002,144.9418888,ENV,REAL_511,Real sensor series - Docklands Library - board 511,42,real_sensor_board_511,29.853817362661044,0,normal
2015-01-21 04:15:00+00:00,30.0,Docklands Library,511,32.1,96.9,-37.8195002,144.9418888,ENV,REAL_511,Real sensor series - Docklands Library - board 511,42,real_sensor_board_511,30.463053890128833,0,normal
2015-01-21 04:25:00+00:00,30.0,Docklands Library,511,32.2,96.9,-37.8195002,144.9418888,ENV,REAL_511,Real sensor series - Docklands Library - board 511,42,real_sensor_board_511,31.01044311210307,0,normal
2015-01-21 04:35:00+00:00,30.0,Docklands Library,511,31.1,96.9,-37.8195002,144.9418888,ENV,REAL_511,Real sensor series - Docklands Library - board 511,42,real_sensor_board_511,31.508354489682457,0,normal
2015-01-21 05:05:00+00:00,30.3,Docklands Library,511,28.4,97.3,-37.8195002,144.9418888,ENV,REAL_511,Real sensor series - Docklands Library - board 511,42,real_sensor_board_511,31.906683591745967,1,weak_multivariate_excursion
2015-01-21 05:35:00+00:00,35.5,Docklands Library,511,23.9,98.5,-37.8195002,144.9418888,ENV,REAL_511,Real sensor series - Docklands Library - board 511,42,real_sensor_board_511,32.225346873396774,1,weak_multivariate_excursion
2015-01-21 05:45:00+00:00,34.2,Docklands Library,511,24.3,98.5,-37.8195002,144.9418888,ENV,REAL_511,Real sensor series - Docklands Library - board 511,42,real_sensor_board_511,32.48027749871742,1,weak_multivariate_excursion
2015-01-21 05:55:00+00:00,34.8,Docklands Library,511,24.3,98.5,-37.8195002,144.9418888,ENV,REAL_511,Real sensor series - Docklands Library - board 511,42,real_sensor_board_511,32.68422199897394,0,normal
2015-01-21 06:20:00+00:00,34.8,Docklands Library,511,25.3,98.6,-37.8195002,144.9418888,ENV,REAL_511,Real sensor series - Docklands Library - board 511,42,real_sensor_board_511,32.847377599179154,0,normal
2015-01-21 06:30:00+00:00,35.8,Docklands Library,511,25.0,98.6,-37.8195002,144.9418888,ENV,REAL_511,Real sensor series - Docklands Library - board 511,42,real_sensor_board_511,32.97790207934332,0,normal
2015-01-21 06:40:00+00:00,35.2,Docklands Library,511,24.8,98.6,-37.8195002,144.9418888,ENV,REAL_511,Real sensor series - Docklands Library - board 511,42,real_sensor_board_511,33.022321663474656,0,normal
2015-01-21 06:50:00+00:00,34.8,Docklands Library,511,26.7,98.5,-37.8195002,144.9418888,ENV,REAL_511,Real sensor series - Docklands Library - board 511,42,real_sensor_board_511,32.99785733077972,0,normal
2015-01-21 07:00:00+00:00,35.5,Docklands Library,511,29.8,98.6,-37.8195002,144.9418888,ENV,REAL_511,Real sensor series - Docklands Library - board 511,42,real_sensor_board_511,32.85828586462378,0,normal
2015-01-21 07:10:00+00:00,34.5,Docklands Library,511,30.0,98.6,-37.8195002,144.9418888,ENV,REAL_511,Real sensor series - Docklands Library - board 511,42,real_sensor_board_511,32.40662869169903,0,normal
2015-01-21 07:20:00+00:00,35.2,Docklands Library,511,29.5,98.6,-37.8195002,144.9418888,ENV,REAL_511,Real sensor series - Docklands Library - board 511,42,real_sensor_board_511,31.985302953359223,0,normal
2015-01-21 07:30:00+00:00,34.2,Docklands Library,511,31.1,98.5,-37.8195002,144.9418888,ENV,REAL_511,Real sensor series - Docklands Library - board 511,42,real_sensor_board_511,31.648242362687384,0,normal
2015-01-21 08:00:00+00:00,32.9,Docklands Library,511,32.4,98.5,-37.8195002,144.9418888,ENV,REAL_511,Real sensor series - Docklands Library - board 511,42,real_sensor_board_511,31.378593890149908,0,normal
2015-01-21 08:10:00+00:00,33.2,Docklands Library,511,31.6,98.5,-37.8195002,144.9418888,ENV,REAL_511,Real sensor series - Docklands Library - board 511,42,real_sensor_board_511,31.162875112119927,0,normal
2015-01-21 08:20:00+00:00,33.5,Docklands Library,511,29.4,98.5,-37.8195002,144.9418888,ENV,REAL_511,Real sensor series - Docklands Library - board 511,42,real_sensor_board_511,30.990300089695943,0,normal
2015-01-21 08:40:00+00:00,33.5,Docklands Library,511,29.1,98.3,-37.8195002,144.9418888,ENV,REAL_511,Real sensor series - Docklands Library - board 511,42,real_sensor_board_511,30.852240071756754,1,weak_multivariate_excursion
2015-01-21 13:10:00+00:00,21.0,Docklands Library,511,59.6,10.2,-37.8195002,144.9418888,ENV,REAL_511,Real sensor series - Docklands Library - board 511,42,real_sensor_board_511,28.881792057405402,1,weak_multivariate_excursion
2015-01-21 13:50:00+00:00,20.6,Docklands Library,511,59.2,10.2,-37.8195002,144.9418888,ENV,REAL_511,Real sensor series - Docklands Library - board 511,42,real_sensor_board_511,27.225433645924323,1,weak_multivariate_excursion
2015-01-21 14:10:00+00:00,20.3,Docklands Library,511,59.6,10.1,-37.8195002,144.9418888,ENV,REAL_511,Real sensor series - Docklands Library - board 511,42,real_sensor_board_511,25.900346916739462,1,weak_multivariate_excursion
2015-01-21 14:20:00+00:00,20.6,Docklands Library,511,60.4,10.3,-37.8195002,144.9418888,ENV,REAL_511,Real sensor series - Docklands Library - board 511,42,real_sensor_board_511,24.78027753339157,0,normal
2015-01-21 14:50:00+00:00,20.0,Docklands Library,511,61.4,10.5,-37.8195002,144.9418888,ENV,REAL_511,Real sensor series - Docklands Library - board 511,42,real_sensor_board_511,23.824222026713258,0,normal
2015-01-21 15:00:00+00:00,20.0,Docklands Library,511,62.0,10.0,-37.8195002,144.9418888,ENV,REAL_511,Real sensor series - Docklands Library - board 511,42,real_sensor_board_511,23.059377621370608,0,normal
2015-01-21 15:10:00+00:00,20.0,Docklands Library,511,63.0,10.4,-37.8195002,144.9418888,ENV,REAL_511,Real sensor series - Docklands Library - board 511,42,real_sensor_board_511,22.447502097096486,0,normal
2015-01-21 15:20:00+00:00,20.0,Docklands Library,511,62.6,10.4,-37.8195002,144.9418888,ENV,REAL_511,Real sensor series - Docklands Library - board 511,42,real_sensor_board_511,21.95800167767719,0,normal
2015-01-21 15:40:00+00:00,19.7,Docklands Library,511,64.9,10.8,-37.8195002,144.9418888,ENV,REAL_511,Real sensor series - Docklands Library - board 511,42,real_sensor_board_511,21.506401342141753,0,normal
2015-01-21 16:35:00+00:00,19.4,Docklands Library,511,65.5,10.4,-37.8195002,144.9418888,ENV,REAL_511,Real sensor series - Docklands Library - board 511,42,real_sensor_board_511,21.085121073713402,0,normal
2015-01-21 17:25:00+00:00,19.0,Docklands Library,511,66.3,10.1,-37.8195002,144.9418888,ENV,REAL_511,Real sensor series - Docklands Library - board 511,42,real_sensor_board_511,20.748096858970722,0,normal
2015-01-21 18:15:00+00:00,18.7,Docklands Library,511,64.7,10.7,-37.8195002,144.9418888,ENV,REAL_511,Real sensor series - Docklands Library - board 511,42,real_sensor_board_511,20.478477487176576,0,normal
2015-01-21 18:25:00+00:00,18.7,Docklands Library,511,65.6,10.8,-37.8195002,144.9418888,ENV,REAL_511,Real sensor series - Docklands Library - board 511,42,real_sensor_board_511,20.26278198974126,0,normal
2015-01-21 18:45:00+00:00,18.7,Docklands Library,511,65.2,11.3,-37.8195002,144.9418888,ENV,REAL_511,Real sensor series - Docklands Library - board 511,42,real_sensor_board_511,20.090225591793008,0,normal
2015-01-21 18:55:00+00:00,18.7,Docklands Library,511,64.9,13.7,-37.8195002,144.9418888,ENV,REAL_511,Real sensor series - Docklands Library - board 511,42,real_sensor_board_511,19.952180473434407,1,weak_multivariate_excursion
2015-01-21 19:05:00+00:00,18.4,Docklands Library,511,64.9,25.4,-37.8195002,144.9418888,ENV,REAL_511,Real sensor series - Docklands Library - board 511,42,real_sensor_board_511,19.841744378747524,1,weak_multivariate_excursion
2015-01-21 19:15:00+00:00,18.4,Docklands Library,511,65.3,43.2,-37.8195002,144.9418888,ENV,REAL_511,Real sensor series - Docklands Library - board 511,42,real_sensor_board_511,19.75339550299802,1,weak_multivariate_excursion
2015-01-21 19:30:00+00:00,18.4,Docklands Library,511,65.2,57.8,-37.8195002,144.9418888,ENV,REAL_511,Real sensor series - Docklands Library - board 511,42,real_sensor_board_511,19.682716402398416,1,weak_multivariate_excursion
2015-01-21 19:50:00+00:00,18.4,Docklands Library,511,64.7,79.9,-37.8195002,144.9418888,ENV,REAL_511,Real sensor series - Docklands Library - board 511,42,real_sensor_board_511,19.626173121918733,1,weak_multivariate_excursion
2015-01-21 20:00:00+00:00,18.7,Docklands Library,511,64.9,84.8,-37.8195002,144.9418888,ENV,REAL_511,Real sensor series - Docklands Library - board 511,42,real_sensor_board_511,19.580938497534987,1,weak_multivariate_excursion
2015-01-21 20:10:00+00:00,18.7,Docklands Library,511,63.9,86.9,-37.8195002,144.9418888,ENV,REAL_511,Real sensor series - Docklands Library - board 511,42,real_sensor_board_511,19.54475079802799,0,normal
2015-01-21 20:20:00+00:00,18.7,Docklands Library,511,63.9,87.8,-37.8195002,144.9418888,ENV,REAL_511,Real sensor series - Docklands Library - board 511,42,real_sensor_board_511,19.515800638422395,0,normal
2015-01-21 20:40:00+00:00,19.0,Docklands Library,511,63.3,90.8,-37.8195002,144.9418888,ENV,REAL_511,Real sensor series - Docklands Library - board 511,42,real_sensor_board_511,19.492640510737917,0,normal
2015-01-21 20:50:00+00:00,18.7,Docklands Library,511,63.4,91.5,-37.8195002,144.9418888,ENV,REAL_511,Real sensor series - Docklands Library - board 511,42,real_sensor_board_511,19.474112408590333,0,normal
2015-01-21 21:00:00+00:00,19.4,Docklands Library,511,63.9,92.6,-37.8195002,144.9418888,ENV,REAL_511,Real sensor series - Docklands Library - board 511,42,real_sensor_board_511,19.459289926872266,0,normal
2015-01-21 21:10:00+00:00,19.4,Docklands Library,511,63.1,93.6,-37.8195002,144.9418888,ENV,REAL_511,Real sensor series - Docklands Library - board 511,42,real_sensor_board_511,19.447431941497815,0,normal
2015-01-21 21:30:00+00:00,20.0,Docklands Library,511,61.5,95.3,-37.8195002,144.9418888,ENV,REAL_511,Real sensor series - Docklands Library - board 511,42,real_sensor_board_511,19.557945553198252,0,normal
2015-01-21 21:40:00+00:00,20.0,Docklands Library,511,61.7,95.5,-37.8195002,144.9418888,ENV,REAL_511,Real sensor series - Docklands Library - board 511,42,real_sensor_board_511,19.646356442558602,0,normal
2015-01-21 22:00:00+00:00,20.0,Docklands Library,511,61.1,96.1,-37.8195002,144.9418888,ENV,REAL_511,Real sensor series - Docklands Library - board 511,42,real_sensor_board_511,19.717085154046885,0,normal
2015-01-21 22:20:00+00:00,21.0,Docklands Library,511,60.1,96.6,-37.8195002,144.9418888,ENV,REAL_511,Real sensor series - Docklands Library - board 511,42,real_sensor_board_511,19.97366812323751,0,normal
2015-01-21 22:30:00+00:00,21.3,Docklands Library,511,59.3,96.8,-37.8195002,144.9418888,ENV,REAL_511,Real sensor series - Docklands Library - board 511,42,real_sensor_board_511,20.23893449859001,0,normal
2015-01-21 23:35:00+00:00,22.3,Docklands Library,511,57.6,95.9,-37.8195002,144.9418888,ENV,REAL_511,Real sensor series - Docklands Library - board 511,42,real_sensor_board_511,20.651147598872008,1,weak_multivariate_excursion
2015-01-22 00:15:00+00:00,30.3,Docklands Library,511,43.4,97.8,-37.8195002,144.9418888,ENV,REAL_511,Real sensor series - Docklands Library - board 511,42,real_sensor_board_511,21.220918079097608,1,weak_multivariate_excursion
2015-01-22 00:45:00+00:00,28.4,Docklands Library,511,46.7,97.8,-37.8195002,144.9418888,ENV,REAL_511,Real sensor series - Docklands Library - board 511,42,real_sensor_board_511,21.676734463278088,1,weak_multivariate_excursion
2015-01-22 01:05:00+00:00,27.7,Docklands Library,511,50.5,97.8,-37.8195002,144.9418888,ENV,REAL_511,Real sensor series - Docklands Library - board 511,42,real_sensor_board_511,22.04138757062247,1,weak_multivariate_excursion
2015-01-22 02:10:00+00:00,30.3,Docklands Library,511,46.4,98.1,-37.8195002,144.9418888,ENV,REAL_511,Real sensor series - Docklands Library - board 511,42,real_sensor_board_511,22.333110056497976,1,weak_multivariate_excursion
2015-01-22 02:20:00+00:00,30.3,Docklands Library,511,44.5,98.1,-37.8195002,144.9418888,ENV,REAL_511,Real sensor series - Docklands Library - board 511,42,real_sensor_board_511,22.56648804519838,1,weak_multivariate_excursion
2015-01-22 02:30:00+00:00,29.7,Docklands Library,511,44.2,97.3,-37.8195002,144.9418888,ENV,REAL_511,Real sensor series - Docklands Library - board 511,42,real_sensor_board_511,22.753190436158704,1,weak_multivariate_excursion
2015-01-22 02:50:00+00:00,30.3,Docklands Library,511,42.5,97.1,-37.8195002,144.9418888,ENV,REAL_511,Real sensor series - Docklands Library - board 511,42,real_sensor_board_511,22.902552348926964,1,weak_multivariate_excursion
2015-01-22 04:10:00+00:00,36.5,Docklands Library,511,26.4,98.5,-37.8195002,144.9418888,ENV,REAL_511,Real sensor series - Docklands Library - board 511,42,real_sensor_board_511,23.02204187914157,1,weak_multivariate_excursion
2015-01-22 04:30:00+00:00,34.8,Docklands Library,511,26.2,97.1,-37.8195002,144.9418888,ENV,REAL_511,Real sensor series - Docklands Library - board 511,42,real_sensor_board_511,23.117633503313257,1,weak_multivariate_excursion
2015-01-22 04:50:00+00:00,34.8,Docklands Library,511,25.1,97.3,-37.8195002,144.9418888,ENV,REAL_511,Real sensor series - Docklands Library - board 511,42,real_sensor_board_511,23.194106802650605,1,weak_multivariate_excursion
2015-01-22 05:00:00+00:00,36.8,Docklands Library,511,24.2,97.8,-37.8195002,144.9418888,ENV,REAL_511,Real sensor series - Docklands Library - board 511,42,real_sensor_board_511,23.255285442120485,1,weak_multivariate_excursion
2015-01-22 05:35:00+00:00,36.1,Docklands Library,511,24.6,97.1,-37.8195002,144.9418888,ENV,REAL_511,Real sensor series - Docklands Library - board 511,42,real_sensor_board_511,23.304228353696388,1,weak_multivariate_excursion
2015-01-22 05:55:00+00:00,37.4,Docklands Library,511,23.7,98.7,-37.8195002,144.9418888,ENV,REAL_511,Real sensor series - Docklands Library - board 511,42,real_sensor_board_511,23.34338268295711,1,weak_multivariate_excursion
2015-01-22 06:45:00+00:00,37.1,Docklands Library,511,22.8,96.9,-37.8195002,144.9418888,ENV,REAL_511,Real sensor series - Docklands Library - board 511,42,real_sensor_board_511,23.37470614636569,1,weak_multivariate_excursion
2015-01-22 07:05:00+00:00,25.2,Docklands Library,511,54.4,96.5,-37.8195002,144.9418888,ENV,REAL_511,Real sensor series - Docklands Library - board 511,42,real_sensor_board_511,23.39976491709255,1,weak_multivariate_excursion
2015-01-22 07:15:00+00:00,23.5,Docklands Library,511,57.4,96.5,-37.8195002,144.9418888,ENV,REAL_511,Real sensor series - Docklands Library - board 511,42,real_sensor_board_511,23.41981193367404,1,weak_multivariate_excursion
2015-01-22 07:45:00+00:00,22.3,Docklands Library,511,56.8,96.3,-37.8195002,144.9418888,ENV,REAL_511,Real sensor series - Docklands Library - board 511,42,real_sensor_board_511,23.375849546939232,0,normal
2015-01-22 07:55:00+00:00,21.9,Docklands Library,511,59.0,96.4,-37.8195002,144.9418888,ENV,REAL_511,Real sensor series - Docklands Library - board 511,42,real_sensor_board_511,23.220679637551385,0,normal
2015-01-22 08:05:00+00:00,21.6,Docklands Library,511,59.8,96.5,-37.8195002,144.9418888,ENV,REAL_511,Real sensor series - Docklands Library - board 511,42,real_sensor_board_511,23.096543710041107,0,normal
2015-01-22 08:15:00+00:00,21.6,Docklands Library,511,59.5,95.7,-37.8195002,144.9418888,ENV,REAL_511,Real sensor series - Docklands Library - board 511,42,real_sensor_board_511,22.997234968032885,0,normal
2015-01-22 08:25:00+00:00,21.6,Docklands Library,511,59.5,96.5,-37.8195002,144.9418888,ENV,REAL_511,Real sensor series - Docklands Library - board 511,42,real_sensor_board_511,22.917787974426307,0,normal
2015-01-22 08:40:00+00:00,23.2,Docklands Library,511,54.8,97.7,-37.8195002,144.9418888,ENV,REAL_511,Real sensor series - Docklands Library - board 511,42,real_sensor_board_511,22.794230379541048,0,normal
2015-01-22 08:50:00+00:00,21.6,Docklands Library,511,59.3,94.1,-37.8195002,144.9418888,ENV,REAL_511,Real sensor series - Docklands Library - board 511,42,real_sensor_board_511,22.69538430363284,0,normal
2015-01-22 09:00:00+00:00,21.6,Docklands Library,511,60.4,91.1,-37.8195002,144.9418888,ENV,REAL_511,Real sensor series - Docklands Library - board 511,42,real_sensor_board_511,22.616307442906272,1,weak_multivariate_excursion
2015-01-22 09:40:00+00:00,20.6,Docklands Library,511,61.9,66.1,-37.8195002,144.9418888,ENV,REAL_511,Real sensor series - Docklands Library - board 511,42,real_sensor_board_511,22.553045954325018,1,weak_multivariate_excursion
2015-01-22 15:30:00+00:00,21.6,Docklands Library,511,56.7,9.9,-37.8195002,144.9418888,ENV,REAL_511,Real sensor series - Docklands Library - board 511,42,real_sensor_board_511,22.502436763460015,1,weak_multivariate_excursion
2015-01-22 20:05:00+00:00,22.3,Docklands Library,511,50.0,91.2,-37.8195002,144.9418888,ENV,REAL_511,Real sensor series - Docklands Library - board 511,42,real_sensor_board_511,22.461949410768014,1,weak_multivariate_excursion
2015-01-22 20:15:00+00:00,22.6,Docklands Library,511,50.3,91.8,-37.8195002,144.9418888,ENV,REAL_511,Real sensor series - Docklands Library - board 511,42,real_sensor_board_511,22.429559528614412,1,weak_multivariate_excursion
2015-01-22 20:35:00+00:00,22.3,Docklands Library,511,50.8,91.6,-37.8195002,144.9418888,ENV,REAL_511,Real sensor series - Docklands Library - board 511,42,real_sensor_board_511,22.40364762289153,0,normal
2015-01-22 20:45:00+00:00,22.3,Docklands Library,511,50.7,92.5,-37.8195002,144.9418888,ENV,REAL_511,Real sensor series - Docklands Library - board 511,42,real_sensor_board_511,22.382918098313226,0,normal
2015-01-22 20:55:00+00:00,22.3,Docklands Library,511,50.3,93.5,-37.8195002,144.9418888,ENV,REAL_511,Real sensor series - Docklands Library - board 511,42,real_sensor_board_511,22.366334478650582,0,normal
2015-01-22 21:05:00+00:00,22.3,Docklands Library,511,51.1,93.8,-37.8195002,144.9418888,ENV,REAL_511,Real sensor series - Docklands Library - board 511,42,real_sensor_board_511,22.353067582920467,0,normal
2015-01-22 21:35:00+00:00,22.3,Docklands Library,511,47.5,94.3,-37.8195002,144.9418888,ENV,REAL_511,Real sensor series - Docklands Library - board 511,42,real_sensor_board_511,22.342454066336376,0,normal
2015-01-22 21:45:00+00:00,22.6,Docklands Library,511,46.9,94.4,-37.8195002,144.9418888,ENV,REAL_511,Real sensor series - Docklands Library - board 511,42,real_sensor_board_511,22.333963253069104,0,normal
2015-01-22 21:55:00+00:00,22.6,Docklands Library,511,45.6,94.6,-37.8195002,144.9418888,ENV,REAL_511,Real sensor series - Docklands Library - board 511,42,real_sensor_board_511,22.327170602455286,0,normal
2015-01-22 22:10:00+00:00,22.6,Docklands Library,511,47.2,94.9,-37.8195002,144.9418888,ENV,REAL_511,Real sensor series - Docklands Library - board 511,42,real_sensor_board_511,22.32173648196423,0,normal
2015-01-22 22:20:00+00:00,22.3,Docklands Library,511,46.9,94.8,-37.8195002,144.9418888,ENV,REAL_511,Real sensor series - Docklands Library - board 511,42,real_sensor_board_511,22.317389185571386,0,normal
2015-01-22 22:30:00+00:00,22.3,Docklands Library,511,50.2,94.9,-37.8195002,144.9418888,ENV,REAL_511,Real sensor series - Docklands Library - board 511,42,real_sensor_board_511,22.31391134845711,0,normal
2015-01-22 22:40:00+00:00,21.9,Docklands Library,511,50.2,95.0,-37.8195002,144.9418888,ENV,REAL_511,Real sensor series - Docklands Library - board 511,42,real_sensor_board_511,22.311129078765692,0,normal
2015-01-22 22:50:00+00:00,21.9,Docklands Library,511,48.9,95.0,-37.8195002,144.9418888,ENV,REAL_511,Real sensor series - Docklands Library - board 511,42,real_sensor_board_511,22.368903263012555,0,normal
2015-01-22 23:10:00+00:00,21.6,Docklands Library,511,51.0,95.1,-37.8195002,144.9418888,ENV,REAL_511,Real sensor series - Docklands Library - board 511,42,real_sensor_board_511,22.415122610410045,0,normal
2015-01-22 23:20:00+00:00,21.9,Docklands Library,511,44.2,95.3,-37.8195002,144.9418888,ENV,REAL_511,Real sensor series - Docklands Library - board 511,42,real_sensor_board_511,22.452098088328036,0,normal
2015-01-22 23:30:00+00:00,22.3,Docklands Library,511,44.2,95.6,-37.8195002,144.9418888,ENV,REAL_511,Real sensor series - Docklands Library - board 511,42,real_sensor_board_511,22.48167847066243,1,weak_multivariate_excursion
2015-01-22 23:50:00+00:00,25.2,Docklands Library,511,32.8,97.0,-37.8195002,144.9418888,ENV,REAL_511,Real sensor series - Docklands Library - board 511,42,real_sensor_board_511,22.685342776529943,1,weak_multivariate_excursion
2015-01-23 00:00:00+00:00,23.9,Docklands Library,511,31.9,96.8,-37.8195002,144.9418888,ENV,REAL_511,Real sensor series - Docklands Library - board 511,42,real_sensor_board_511,22.848274221223953,1,weak_multivariate_excursion
2015-01-23 00:20:00+00:00,24.5,Docklands Library,511,35.2,96.5,-37.8195002,144.9418888,ENV,REAL_511,Real sensor series - Docklands Library - board 511,42,real_sensor_board_511,23.058619376979163,0,normal
2015-01-23 00:40:00+00:00,24.8,Docklands Library,511,42.5,97.1,-37.8195002,144.9418888,ENV,REAL_511,Real sensor series - Docklands Library - board 511,42,real_sensor_board_511,23.226895501583332,0,normal
2015-01-23 01:55:00+00:00,25.5,Docklands Library,511,46.6,98.1,-37.8195002,144.9418888,ENV,REAL_511,Real sensor series - Docklands Library - board 511,42,real_sensor_board_511,23.361516401266666,0,normal
2015-01-23 02:05:00+00:00,24.5,Docklands Library,511,46.2,97.8,-37.8195002,144.9418888,ENV,REAL_511,Real sensor series - Docklands Library - board 511,42,real_sensor_board_511,23.469213121013336,0,normal
2015-01-23 02:25:00+00:00,25.5,Docklands Library,511,46.6,98.0,-37.8195002,144.9418888,ENV,REAL_511,Real sensor series - Docklands Library - board 511,42,real_sensor_board_511,23.55537049681067,0,normal
2015-01-23 02:45:00+00:00,24.2,Docklands Library,511,47.0,98.0,-37.8195002,144.9418888,ENV,REAL_511,Real sensor series - Docklands Library - board 511,42,real_sensor_board_511,23.62429639744854,0,normal
2015-01-23 03:05:00+00:00,23.9,Docklands Library,511,48.6,98.0,-37.8195002,144.9418888,ENV,REAL_511,Real sensor series - Docklands Library - board 511,42,real_sensor_board_511,23.679437117958834,0,normal
2015-01-23 03:15:00+00:00,23.5,Docklands Library,511,48.6,98.0,-37.8195002,144.9418888,ENV,REAL_511,Real sensor series - Docklands Library - board 511,42,real_sensor_board_511,23.72354969436707,0,normal
2015-01-23 03:45:00+00:00,23.5,Docklands Library,511,49.1,98.3,-37.8195002,144.9418888,ENV,REAL_511,Real sensor series - Docklands Library - board 511,42,real_sensor_board_511,23.758839755493657,0,normal
2015-01-23 04:50:00+00:00,25.2,Docklands Library,511,45.9,98.4,-37.8195002,144.9418888,ENV,REAL_511,Real sensor series - Docklands Library - board 511,42,real_sensor_board_511,23.787071804394927,0,normal
2015-01-23 05:00:00+00:00,24.5,Docklands Library,511,45.9,98.4,-37.8195002,144.9418888,ENV,REAL_511,Real sensor series - Docklands Library - board 511,42,real_sensor_board_511,23.809657443515942,0,normal
2015-01-23 05:20:00+00:00,25.8,Docklands Library,511,43.6,98.4,-37.8195002,144.9418888,ENV,REAL_511,Real sensor series - Docklands Library - board 511,42,real_sensor_board_511,23.827725954812756,0,normal
2015-01-23 05:30:00+00:00,25.5,Docklands Library,511,43.4,98.5,-37.8195002,144.9418888,ENV,REAL_511,Real sensor series - Docklands Library - board 511,42,real_sensor_board_511,23.842180763850205,0,normal
2015-01-23 06:00:00+00:00,26.5,Docklands Library,511,42.3,98.5,-37.8195002,144.9418888,ENV,REAL_511,Real sensor series - Docklands Library - board 511,42,real_sensor_board_511,23.853744611080167,0,normal
2015-01-23 06:40:00+00:00,25.8,Docklands Library,511,40.4,98.5,-37.8195002,144.9418888,ENV,REAL_511,Real sensor series - Docklands Library - board 511,42,real_sensor_board_511,23.862995688864135,0,normal
2015-01-23 07:30:00+00:00,24.8,Docklands Library,511,40.6,98.5,-37.8195002,144.9418888,ENV,REAL_511,Real sensor series - Docklands Library - board 511,42,real_sensor_board_511,23.79039655109131,0,normal
2015-01-23 07:40:00+00:00,24.8,Docklands Library,511,39.3,98.5,-37.8195002,144.9418888,ENV,REAL_511,Real sensor series - Docklands Library - board 511,42,real_sensor_board_511,23.732317240873048,0,normal
2015-01-23 07:55:00+00:00,22.6,Docklands Library,511,42.6,98.4,-37.8195002,144.9418888,ENV,REAL_511,Real sensor series - Docklands Library - board 511,42,real_sensor_board_511,23.50585379269844,0,normal
2015-01-23 08:05:00+00:00,21.0,Docklands Library,511,46.9,97.4,-37.8195002,144.9418888,ENV,REAL_511,Real sensor series - Docklands Library - board 511,42,real_sensor_board_511,23.004683034158752,0,normal
2015-01-23 08:25:00+00:00,21.0,Docklands Library,511,46.7,97.0,-37.8195002,144.9418888,ENV,REAL_511,Real sensor series - Docklands Library - board 511,42,real_sensor_board_511,22.603746427327003,0,normal
2015-01-23 08:35:00+00:00,20.3,Docklands Library,511,48.0,95.7,-37.8195002,144.9418888,ENV,REAL_511,Real sensor series - Docklands Library - board 511,42,real_sensor_board_511,22.142997141861606,0,normal
2015-01-23 08:45:00+00:00,20.3,Docklands Library,511,47.3,94.9,-37.8195002,144.9418888,ENV,REAL_511,Real sensor series - Docklands Library - board 511,42,real_sensor_board_511,21.774397713489286,0,normal
2015-01-23 08:55:00+00:00,20.3,Docklands Library,511,47.7,93.4,-37.8195002,144.9418888,ENV,REAL_511,Real sensor series - Docklands Library - board 511,42,real_sensor_board_511,21.47951817079143,0,normal
2015-01-23 09:05:00+00:00,20.3,Docklands Library,511,47.7,96.9,-37.8195002,144.9418888,ENV,REAL_511,Real sensor series - Docklands Library - board 511,42,real_sensor_board_511,21.243614536633146,1,weak_multivariate_excursion
2015-01-23 09:35:00+00:00,19.7,Docklands Library,511,44.5,76.6,-37.8195002,144.9418888,ENV,REAL_511,Real sensor series - Docklands Library - board 511,42,real_sensor_board_511,20.93489162930652,1,weak_multivariate_excursion
2015-01-23 10:15:00+00:00,18.7,Docklands Library,511,47.2,11.4,-37.8195002,144.9418888,ENV,REAL_511,Real sensor series - Docklands Library - board 511,42,real_sensor_board_511,20.487913303445218,1,weak_multivariate_excursion
2015-01-23 10:35:00+00:00,18.4,Docklands Library,511,47.8,10.8,-37.8195002,144.9418888,ENV,REAL_511,Real sensor series - Docklands Library - board 511,42,real_sensor_board_511,20.070330642756176,1,weak_multivariate_excursion
2015-01-23 11:20:00+00:00,17.7,Docklands Library,511,51.1,10.7,-37.8195002,144.9418888,ENV,REAL_511,Real sensor series - Docklands Library - board 511,42,real_sensor_board_511,19.73626451420494,0,normal
2015-01-23 12:50:00+00:00,17.1,Docklands Library,511,53.8,9.3,-37.8195002,144.9418888,ENV,REAL_511,Real sensor series - Docklands Library - board 511,42,real_sensor_board_511,19.469011611363953,0,normal
2015-01-23 13:20:00+00:00,17.1,Docklands Library,511,54.3,9.8,-37.8195002,144.9418888,ENV,REAL_511,Real sensor series - Docklands Library - board 511,42,real_sensor_board_511,19.255209289091162,0,normal
2015-01-23 14:10:00+00:00,16.8,Docklands Library,511,54.6,9.4,-37.8195002,144.9418888,ENV,REAL_511,Real sensor series - Docklands Library - board 511,42,real_sensor_board_511,19.08416743127293,0,normal
2015-01-23 14:45:00+00:00,16.8,Docklands Library,511,55.1,9.8,-37.8195002,144.9418888,ENV,REAL_511,Real sensor series - Docklands Library - board 511,42,real_sensor_board_511,18.947333945018343,0,normal
2015-01-23 14:55:00+00:00,16.8,Docklands Library,511,54.0,9.8,-37.8195002,144.9418888,ENV,REAL_511,Real sensor series - Docklands Library - board 511,42,real_sensor_board_511,18.837867156014674,0,normal
2015-01-23 15:35:00+00:00,16.5,Docklands Library,511,54.8,9.4,-37.8195002,144.9418888,ENV,REAL_511,Real sensor series - Docklands Library - board 511,42,real_sensor_board_511,18.75029372481174,0,normal
2015-01-23 16:55:00+00:00,16.8,Docklands Library,511,54.8,9.6,-37.8195002,144.9418888,ENV,REAL_511,Real sensor series - Docklands Library - board 511,42,real_sensor_board_511,18.680234979849395,0,normal
2015-01-23 17:05:00+00:00,16.8,Docklands Library,511,55.1,9.6,-37.8195002,144.9418888,ENV,REAL_511,Real sensor series - Docklands Library - board 511,42,real_sensor_board_511,18.624187983879516,0,normal
2015-01-23 17:15:00+00:00,16.8,Docklands Library,511,54.9,9.7,-37.8195002,144.9418888,ENV,REAL_511,Real sensor series - Docklands Library - board 511,42,real_sensor_board_511,18.579350387103613,0,normal
2015-01-23 17:45:00+00:00,16.5,Docklands Library,511,56.2,9.1,-37.8195002,144.9418888,ENV,REAL_511,Real sensor series - Docklands Library - board 511,42,real_sensor_board_511,18.54348030968289,0,normal
2015-01-23 18:00:00+00:00,16.8,Docklands Library,511,55.4,9.2,-37.8195002,144.9418888,ENV,REAL_511,Real sensor series - Docklands Library - board 511,42,real_sensor_board_511,18.514784247746313,0,normal
2015-01-23 18:30:00+00:00,16.8,Docklands Library,511,55.2,9.6,-37.8195002,144.9418888,ENV,REAL_511,Real sensor series - Docklands Library - board 511,42,real_sensor_board_511,18.491827398197053,1,weak_multivariate_excursion
2015-01-23 21:25:00+00:00,17.7,Docklands Library,511,51.6,95.6,-37.8195002,144.9418888,ENV,REAL_511,Real sensor series - Docklands Library - board 511,42,real_sensor_board_511,18.473461918557643,1,weak_multivariate_excursion
2015-01-23 21:45:00+00:00,18.1,Docklands Library,511,50.8,95.9,-37.8195002,144.9418888,ENV,REAL_511,Real sensor series - Docklands Library - board 511,42,real_sensor_board_511,18.458769534846112,1,weak_multivariate_excursion
2015-01-23 22:05:00+00:00,19.0,Docklands Library,511,51.9,96.5,-37.8195002,144.9418888,ENV,REAL_511,Real sensor series - Docklands Library - board 511,42,real_sensor_board_511,18.56701562787689,0,normal
2015-01-23 22:15:00+00:00,19.4,Docklands Library,511,50.7,96.4,-37.8195002,144.9418888,ENV,REAL_511,Real sensor series - Docklands Library - board 511,42,real_sensor_board_511,18.653612502301513,0,normal
2015-01-23 22:55:00+00:00,19.0,Docklands Library,511,51.3,95.5,-37.8195002,144.9418888,ENV,REAL_511,Real sensor series - Docklands Library - board 511,42,real_sensor_board_511,18.72289000184121,0,normal
2015-01-23 23:15:00+00:00,19.0,Docklands Library,511,51.1,95.1,-37.8195002,144.9418888,ENV,REAL_511,Real sensor series - Docklands Library - board 511,42,real_sensor_board_511,18.85831200147297,0,normal
2015-01-23 23:25:00+00:00,19.4,Docklands Library,511,50.5,95.3,-37.8195002,144.9418888,ENV,REAL_511,Real sensor series - Docklands Library - board 511,42,real_sensor_board_511,18.96664960117838,1,weak_multivariate_excursion
2015-01-23 23:45:00+00:00,24.5,Docklands Library,511,43.7,97.7,-37.8195002,144.9418888,ENV,REAL_511,Real sensor series - Docklands Library - board 511,42,real_sensor_board_511,20.073319680942703,1,weak_multivariate_excursion
2015-01-24 01:00:00+00:00,27.4,Docklands Library,511,41.0,97.9,-37.8195002,144.9418888,ENV,REAL_511,Real sensor series - Docklands Library - board 511,42,real_sensor_board_511,20.95865574475416,1,weak_multivariate_excursion
2015-01-24 01:10:00+00:00,27.4,Docklands Library,511,40.6,97.8,-37.8195002,144.9418888,ENV,REAL_511,Real sensor series - Docklands Library - board 511,42,real_sensor_board_511,21.66692459580333,1,weak_multivariate_excursion
2015-01-24 01:20:00+00:00,27.7,Docklands Library,511,40.1,98.0,-37.8195002,144.9418888,ENV,REAL_511,Real sensor series - Docklands Library - board 511,42,real_sensor_board_511,22.233539676642664,0,normal
2015-01-24 01:40:00+00:00,26.1,Docklands Library,511,42.0,98.0,-37.8195002,144.9418888,ENV,REAL_511,Real sensor series - Docklands Library - board 511,42,real_sensor_board_511,22.68683174131413,0,normal
2015-01-24 02:00:00+00:00,26.5,Docklands Library,511,42.5,98.0,-37.8195002,144.9418888,ENV,REAL_511,Real sensor series - Docklands Library - board 511,42,real_sensor_board_511,23.049465393051307,0,normal
2015-01-24 02:40:00+00:00,24.5,Docklands Library,511,43.9,98.0,-37.8195002,144.9418888,ENV,REAL_511,Real sensor series - Docklands Library - board 511,42,real_sensor_board_511,23.33957231444105,0,normal
2015-01-24 03:30:00+00:00,24.8,Docklands Library,511,41.7,98.1,-37.8195002,144.9418888,ENV,REAL_511,Real sensor series - Docklands Library - board 511,42,real_sensor_board_511,23.571657851552843,0,normal
2015-01-24 04:05:00+00:00,25.8,Docklands Library,511,43.1,98.3,-37.8195002,144.9418888,ENV,REAL_511,Real sensor series - Docklands Library - board 511,42,real_sensor_board_511,23.75732628124228,1,weak_multivariate_excursion
2015-01-24 05:25:00+00:00,28.4,Docklands Library,511,38.0,98.5,-37.8195002,144.9418888,ENV,REAL_511,Real sensor series - Docklands Library - board 511,42,real_sensor_board_511,23.905861024993825,1,weak_multivariate_excursion
2015-01-24 06:15:00+00:00,29.0,Docklands Library,511,36.6,98.6,-37.8195002,144.9418888,ENV,REAL_511,Real sensor series - Docklands Library - board 511,42,real_sensor_board_511,24.024688819995063,1,weak_multivariate_excursion
2015-01-24 06:55:00+00:00,27.7,Docklands Library,511,40.6,98.6,-37.8195002,144.9418888,ENV,REAL_511,Real sensor series - Docklands Library - board 511,42,real_sensor_board_511,24.119751055996055,0,normal
2015-01-24 07:50:00+00:00,26.8,Docklands Library,511,41.4,98.6,-37.8195002,144.9418888,ENV,REAL_511,Real sensor series - Docklands Library - board 511,42,real_sensor_board_511,24.195800844796842,0,normal
2015-01-24 08:00:00+00:00,28.4,Docklands Library,511,39.8,98.5,-37.8195002,144.9418888,ENV,REAL_511,Real sensor series - Docklands Library - board 511,42,real_sensor_board_511,24.256640675837474,0,normal
2015-01-24 08:10:00+00:00,26.5,Docklands Library,511,42.8,98.5,-37.8195002,144.9418888,ENV,REAL_511,Real sensor series - Docklands Library - board 511,42,real_sensor_board_511,24.30531254066998,0,normal
2015-01-24 08:40:00+00:00,25.8,Docklands Library,511,42.9,98.2,-37.8195002,144.9418888,ENV,REAL_511,Real sensor series - Docklands Library - board 511,42,real_sensor_board_511,24.34425003253599,1,weak_multivariate_excursion
2015-01-24 09:30:00+00:00,21.0,Docklands Library,511,52.9,83.7,-37.8195002,144.9418888,ENV,REAL_511,Real sensor series - Docklands Library - board 511,42,real_sensor_board_511,23.675400026028793,1,weak_multivariate_excursion
2015-01-24 10:55:00+00:00,20.0,Docklands Library,511,51.6,10.5,-37.8195002,144.9418888,ENV,REAL_511,Real sensor series - Docklands Library - board 511,42,real_sensor_board_511,22.940320020823034,1,weak_multivariate_excursion
2015-01-24 11:05:00+00:00,19.7,Docklands Library,511,50.7,10.6,-37.8195002,144.9418888,ENV,REAL_511,Real sensor series - Docklands Library - board 511,42,real_sensor_board_511,22.292256016658428,1,weak_multivariate_excursion
2015-01-24 11:15:00+00:00,19.7,Docklands Library,511,50.2,10.6,-37.8195002,144.9418888,ENV,REAL_511,Real sensor series - Docklands Library - board 511,42,real_sensor_board_511,21.773804813326745,0,normal
2015-01-24 11:25:00+00:00,19.7,Docklands Library,511,50.2,10.7,-37.8195002,144.9418888,ENV,REAL_511,Real sensor series - Docklands Library - board 511,42,real_sensor_board_511,21.359043850661397,0,normal
2015-01-24 11:35:00+00:00,19.4,Docklands Library,511,51.1,10.6,-37.8195002,144.9418888,ENV,REAL_511,Real sensor series - Docklands Library - board 511,42,real_sensor_board_511,20.967235080529118,0,normal
2015-01-24 12:45:00+00:00,19.0,Docklands Library,511,45.6,10.8,-37.8195002,144.9418888,ENV,REAL_511,Real sensor series - Docklands Library - board 511,42,real_sensor_board_511,20.573788064423297,0,normal
2015-01-24 13:05:00+00:00,18.7,Docklands Library,511,45.9,10.9,-37.8195002,144.9418888,ENV,REAL_511,Real sensor series - Docklands Library - board 511,42,real_sensor_board_511,20.25903045153864,0,normal
2015-01-24 13:15:00+00:00,19.0,Docklands Library,511,46.6,10.8,-37.8195002,144.9418888,ENV,REAL_511,Real sensor series - Docklands Library - board 511,42,real_sensor_board_511,20.00722436123091,0,normal
2015-01-24 13:45:00+00:00,18.7,Docklands Library,511,48.1,10.8,-37.8195002,144.9418888,ENV,REAL_511,Real sensor series - Docklands Library - board 511,42,real_sensor_board_511,19.80577948898473,0,normal
2015-01-24 14:50:00+00:00,18.1,Docklands Library,511,52.2,10.9,-37.8195002,144.9418888,ENV,REAL_511,Real sensor series - Docklands Library - board 511,42,real_sensor_board_511,19.644623591187784,0,normal
2015-01-24 15:00:00+00:00,17.7,Docklands Library,511,52.7,10.9,-37.8195002,144.9418888,ENV,REAL_511,Real sensor series - Docklands Library - board 511,42,real_sensor_board_511,19.515698872950228,0,normal
2015-01-24 15:10:00+00:00,17.4,Docklands Library,511,51.8,10.9,-37.8195002,144.9418888,ENV,REAL_511,Real sensor series - Docklands Library - board 511,42,real_sensor_board_511,19.412559098360184,0,normal
2015-01-24 15:30:00+00:00,17.1,Docklands Library,511,52.6,11.0,-37.8195002,144.9418888,ENV,REAL_511,Real sensor series - Docklands Library - board 511,42,real_sensor_board_511,19.33004727868815,0,normal
2015-01-24 15:40:00+00:00,16.8,Docklands Library,511,51.9,10.9,-37.8195002,144.9418888,ENV,REAL_511,Real sensor series - Docklands Library - board 511,42,real_sensor_board_511,19.26403782295052,0,normal
2015-01-24 15:50:00+00:00,16.8,Docklands Library,511,52.9,10.7,-37.8195002,144.9418888,ENV,REAL_511,Real sensor series - Docklands Library - board 511,42,real_sensor_board_511,19.211230258360416,0,normal
2015-01-24 16:00:00+00:00,16.5,Docklands Library,511,52.4,10.7,-37.8195002,144.9418888,ENV,REAL_511,Real sensor series - Docklands Library - board 511,42,real_sensor_board_511,19.168984206688332,0,normal
2015-01-24 16:10:00+00:00,16.5,Docklands Library,511,52.7,10.7,-37.8195002,144.9418888,ENV,REAL_511,Real sensor series - Docklands Library - board 511,42,real_sensor_board_511,19.135187365350667,0,normal
2015-01-24 17:45:00+00:00,16.8,Docklands Library,511,52.2,10.8,-37.8195002,144.9418888,ENV,REAL_511,Real sensor series - Docklands Library - board 511,42,real_sensor_board_511,19.108149892280533,1,weak_multivariate_excursion
2015-01-24 23:10:00+00:00,17.1,Docklands Library,511,37.9,95.9,-37.8195002,144.9418888,ENV,REAL_511,Real sensor series - Docklands Library - board 511,42,real_sensor_board_511,19.08651991382443,1,weak_multivariate_excursion
2015-01-24 23:20:00+00:00,17.4,Docklands Library,511,36.8,95.8,-37.8195002,144.9418888,ENV,REAL_511,Real sensor series - Docklands Library - board 511,42,real_sensor_board_511,19.069215931059542,1,weak_multivariate_excursion
2015-01-24 23:40:00+00:00,18.4,Docklands Library,511,34.7,96.0,-37.8195002,144.9418888,ENV,REAL_511,Real sensor series - Docklands Library - board 511,42,real_sensor_board_511,18.995372744847636,0,normal
2015-01-25 00:15:00+00:00,20.0,Docklands Library,511,31.0,96.9,-37.8195002,144.9418888,ENV,REAL_511,Real sensor series - Docklands Library - board 511,42,real_sensor_board_511,18.93629819587811,0,normal
2015-01-25 00:25:00+00:00,19.7,Docklands Library,511,33.6,97.7,-37.8195002,144.9418888,ENV,REAL_511,Real sensor series - Docklands Library - board 511,42,real_sensor_board_511,18.889038556702488,0,normal
2015-01-25 00:35:00+00:00,21.3,Docklands Library,511,31.9,97.9,-37.8195002,144.9418888,ENV,REAL_511,Real sensor series - Docklands Library - board 511,42,real_sensor_board_511,18.79123084536199,0,normal
2015-01-25 00:45:00+00:00,21.0,Docklands Library,511,31.7,96.5,-37.8195002,144.9418888,ENV,REAL_511,Real sensor series - Docklands Library - board 511,42,real_sensor_board_511,18.652984676289595,0,normal
2015-01-25 00:55:00+00:00,18.7,Docklands Library,511,33.5,96.9,-37.8195002,144.9418888,ENV,REAL_511,Real sensor series - Docklands Library - board 511,42,real_sensor_board_511,18.462387741031677,0,normal
2015-01-25 01:05:00+00:00,19.4,Docklands Library,511,31.0,97.3,-37.8195002,144.9418888,ENV,REAL_511,Real sensor series - Docklands Library - board 511,42,real_sensor_board_511,18.249910192825343,0,normal
2015-01-25 01:25:00+00:00,19.4,Docklands Library,511,30.3,97.1,-37.8195002,144.9418888,ENV,REAL_511,Real sensor series - Docklands Library - board 511,42,real_sensor_board_511,18.079928154260276,0,normal
2015-01-25 02:25:00+00:00,21.0,Docklands Library,511,25.1,97.3,-37.8195002,144.9418888,ENV,REAL_511,Real sensor series - Docklands Library - board 511,42,real_sensor_board_511,17.94394252340822,1,weak_multivariate_excursion
2015-01-25 03:40:00+00:00,22.9,Docklands Library,511,25.6,97.8,-37.8195002,144.9418888,ENV,REAL_511,Real sensor series - Docklands Library - board 511,42,real_sensor_board_511,17.835154018726577,1,weak_multivariate_excursion
2015-01-25 04:20:00+00:00,22.9,Docklands Library,511,24.0,98.1,-37.8195002,144.9418888,ENV,REAL_511,Real sensor series - Docklands Library - board 511,42,real_sensor_board_511,17.748123214981263,1,weak_multivariate_excursion
2015-01-25 05:30:00+00:00,21.0,Docklands Library,511,30.3,96.9,-37.8195002,144.9418888,ENV,REAL_511,Real sensor series - Docklands Library - board 511,42,real_sensor_board_511,17.67849857198501,0,normal
2015-01-25 05:40:00+00:00,20.6,Docklands Library,511,32.4,97.3,-37.8195002,144.9418888,ENV,REAL_511,Real sensor series - Docklands Library - board 511,42,real_sensor_board_511,17.62279885758801,1,weak_multivariate_excursion
2015-01-25 05:50:00+00:00,24.8,Docklands Library,511,28.3,98.6,-37.8195002,144.9418888,ENV,REAL_511,Real sensor series - Docklands Library - board 511,42,real_sensor_board_511,17.578239086070408,1,weak_multivariate_excursion
2015-01-25 06:00:00+00:00,21.6,Docklands Library,511,30.6,98.1,-37.8195002,144.9418888,ENV,REAL_511,Real sensor series - Docklands Library - board 511,42,real_sensor_board_511,17.542591268856327,1,weak_multivariate_excursion
2015-01-25 09:25:00+00:00,16.8,Docklands Library,511,42.0,84.2,-37.8195002,144.9418888,ENV,REAL_511,Real sensor series - Docklands Library - board 511,42,real_sensor_board_511,17.394073015085063,1,weak_multivariate_excursion
2015-01-25 10:50:00+00:00,16.1,Docklands Library,511,34.4,11.9,-37.8195002,144.9418888,ENV,REAL_511,Real sensor series - Docklands Library - board 511,42,real_sensor_board_511,17.13525841206805,1,weak_multivariate_excursion
2015-01-25 12:30:00+00:00,14.5,Docklands Library,511,40.9,11.0,-37.8195002,144.9418888,ENV,REAL_511,Real sensor series - Docklands Library - board 511,42,real_sensor_board_511,16.808206729654444,1,weak_multivariate_excursion
2015-01-25 12:40:00+00:00,14.5,Docklands Library,511,40.3,10.6,-37.8195002,144.9418888,ENV,REAL_511,Real sensor series - Docklands Library - board 511,42,real_sensor_board_511,16.546565383723557,0,normal
2015-01-25 16:35:00+00:00,12.3,Docklands Library,511,48.8,10.2,-37.8195002,144.9418888,ENV,REAL_511,Real sensor series - Docklands Library - board 511,42,real_sensor_board_511,16.337252306978847,0,normal
2015-01-25 16:50:00+00:00,12.3,Docklands Library,511,48.9,10.2,-37.8195002,144.9418888,ENV,REAL_511,Real sensor series - Docklands Library - board 511,42,real_sensor_board_511,15.96980184558308,1,weak_multivariate_excursion
2015-01-25 20:00:00+00:00,12.6,Docklands Library,511,48.9,88.6,-37.8195002,144.9418888,ENV,REAL_511,Real sensor series - Docklands Library - board 511,42,real_sensor_board_511,15.675841476466465,1,weak_multivariate_excursion
2015-01-25 20:25:00+00:00,12.3,Docklands Library,511,51.9,88.0,-37.8195002,144.9418888,ENV,REAL_511,Real sensor series - Docklands Library - board 511,42,real_sensor_board_511,15.440673181173173,1,weak_multivariate_excursion
2015-01-25 20:45:00+00:00,12.3,Docklands Library,511,53.5,90.4,-37.8195002,144.9418888,ENV,REAL_511,Real sensor series - Docklands Library - board 511,42,real_sensor_board_511,15.25253854493854,0,normal
2015-01-25 20:55:00+00:00,12.6,Docklands Library,511,52.7,92.3,-37.8195002,144.9418888,ENV,REAL_511,Real sensor series - Docklands Library - board 511,42,real_sensor_board_511,15.102030835950833,0,normal
2015-01-25 21:05:00+00:00,12.6,Docklands Library,511,51.6,92.4,-37.8195002,144.9418888,ENV,REAL_511,Real sensor series - Docklands Library - board 511,42,real_sensor_board_511,14.981624668760668,0,normal
2015-01-25 21:15:00+00:00,12.9,Docklands Library,511,50.5,91.4,-37.8195002,144.9418888,ENV,REAL_511,Real sensor series - Docklands Library - board 511,42,real_sensor_board_511,14.885299735008536,0,normal
2015-01-25 21:45:00+00:00,13.2,Docklands Library,511,48.9,93.9,-37.8195002,144.9418888,ENV,REAL_511,Real sensor series - Docklands Library - board 511,42,real_sensor_board_511,14.80823978800683,0,normal
2015-01-25 22:05:00+00:00,12.9,Docklands Library,511,50.0,91.4,-37.8195002,144.9418888,ENV,REAL_511,Real sensor series - Docklands Library - board 511,42,real_sensor_board_511,14.746591830405466,0,normal
2015-01-25 22:25:00+00:00,12.9,Docklands Library,511,50.2,92.3,-37.8195002,144.9418888,ENV,REAL_511,Real sensor series - Docklands Library - board 511,42,real_sensor_board_511,14.697273464324374,0,normal
2015-01-25 22:35:00+00:00,13.5,Docklands Library,511,49.6,94.7,-37.8195002,144.9418888,ENV,REAL_511,Real sensor series - Docklands Library - board 511,42,real_sensor_board_511,14.6578187714595,0,normal
2015-01-25 22:45:00+00:00,14.5,Docklands Library,511,48.1,96.6,-37.8195002,144.9418888,ENV,REAL_511,Real sensor series - Docklands Library - board 511,42,real_sensor_board_511,14.626255017167601,0,normal
2015-01-25 22:55:00+00:00,15.5,Docklands Library,511,48.1,97.0,-37.8195002,144.9418888,ENV,REAL_511,Real sensor series - Docklands Library - board 511,42,real_sensor_board_511,14.601004013734082,0,normal
2015-01-25 23:05:00+00:00,15.8,Docklands Library,511,44.5,96.9,-37.8195002,144.9418888,ENV,REAL_511,Real sensor series - Docklands Library - board 511,42,real_sensor_board_511,14.780803210987266,0,normal
2015-01-25 23:30:00+00:00,15.5,Docklands Library,511,45.3,94.7,-37.8195002,144.9418888,ENV,REAL_511,Real sensor series - Docklands Library - board 511,42,real_sensor_board_511,14.924642568789812,0,normal
2015-01-26 00:00:00+00:00,14.2,Docklands Library,511,51.4,94.9,-37.8195002,144.9418888,ENV,REAL_511,Real sensor series - Docklands Library - board 511,42,real_sensor_board_511,15.09971405503185,0,normal
2015-01-26 00:20:00+00:00,16.5,Docklands Library,511,46.1,96.8,-37.8195002,144.9418888,ENV,REAL_511,Real sensor series - Docklands Library - board 511,42,real_sensor_board_511,15.29977124402548,0,normal
2015-01-26 00:30:00+00:00,16.8,Docklands Library,511,45.8,96.1,-37.8195002,144.9418888,ENV,REAL_511,Real sensor series - Docklands Library - board 511,42,real_sensor_board_511,15.539816995220386,0,normal
2015-01-26 00:40:00+00:00,16.1,Docklands Library,511,47.7,95.7,-37.8195002,144.9418888,ENV,REAL_511,Real sensor series - Docklands Library - board 511,42,real_sensor_board_511,15.731853596176311,0,normal
2015-01-26 00:50:00+00:00,16.5,Docklands Library,511,46.7,96.1,-37.8195002,144.9418888,ENV,REAL_511,Real sensor series - Docklands Library - board 511,42,real_sensor_board_511,15.94548287694105,0,normal
2015-01-26 01:00:00+00:00,17.1,Docklands Library,511,46.1,96.1,-37.8195002,144.9418888,ENV,REAL_511,Real sensor series - Docklands Library - board 511,42,real_sensor_board_511,16.11638630155284,0,normal
2015-01-26 01:10:00+00:00,16.8,Docklands Library,511,46.1,96.3,-37.8195002,144.9418888,ENV,REAL_511,Real sensor series - Docklands Library - board 511,42,real_sensor_board_511,16.313109041242274,0,normal
2015-01-26 01:30:00+00:00,17.4,Docklands Library,511,43.9,96.6,-37.8195002,144.9418888,ENV,REAL_511,Real sensor series - Docklands Library - board 511,42,real_sensor_board_511,16.53048723299382,0,normal
2015-01-26 01:40:00+00:00,17.4,Docklands Library,511,43.3,97.0,-37.8195002,144.9418888,ENV,REAL_511,Real sensor series - Docklands Library - board 511,42,real_sensor_board_511,16.70438978639506,0,normal
2015-01-26 01:50:00+00:00,18.4,Docklands Library,511,41.5,97.5,-37.8195002,144.9418888,ENV,REAL_511,Real sensor series - Docklands Library - board 511,42,real_sensor_board_511,17.04351182911605,0,normal
2015-01-26 02:00:00+00:00,18.7,Docklands Library,511,39.5,97.6,-37.8195002,144.9418888,ENV,REAL_511,Real sensor series - Docklands Library - board 511,42,real_sensor_board_511,17.37480946329284,0,normal
2015-01-26 02:10:00+00:00,21.3,Docklands Library,511,37.9,98.3,-37.8195002,144.9418888,ENV,REAL_511,Real sensor series - Docklands Library - board 511,42,real_sensor_board_511,17.89984757063427,0,normal
2015-01-26 02:45:00+00:00,20.6,Docklands Library,511,34.9,97.8,-37.8195002,144.9418888,ENV,REAL_511,Real sensor series - Docklands Library - board 511,42,real_sensor_board_511,18.439878056507418,0,normal
2015-01-26 02:55:00+00:00,20.6,Docklands Library,511,34.1,98.3,-37.8195002,144.9418888,ENV,REAL_511,Real sensor series - Docklands Library - board 511,42,real_sensor_board_511,18.871902445205937,0,normal
2015-01-26 03:25:00+00:00,20.0,Docklands Library,511,33.6,97.8,-37.8195002,144.9418888,ENV,REAL_511,Real sensor series - Docklands Library - board 511,42,real_sensor_board_511,19.29752195616475,0,normal
2015-01-26 03:35:00+00:00,21.0,Docklands Library,511,34.9,98.2,-37.8195002,144.9418888,ENV,REAL_511,Real sensor series - Docklands Library - board 511,42,real_sensor_board_511,19.6380175649318,0,normal
2015-01-26 03:55:00+00:00,21.0,Docklands Library,511,33.5,98.3,-37.8195002,144.9418888,ENV,REAL_511,Real sensor series - Docklands Library - board 511,42,real_sensor_board_511,19.91041405194544,0,normal
2015-01-26 04:15:00+00:00,22.3,Docklands Library,511,34.3,98.4,-37.8195002,144.9418888,ENV,REAL_511,Real sensor series - Docklands Library - board 511,42,real_sensor_board_511,20.128331241556353,0,normal
2015-01-26 04:25:00+00:00,23.2,Docklands Library,511,34.7,98.4,-37.8195002,144.9418888,ENV,REAL_511,Real sensor series - Docklands Library - board 511,42,real_sensor_board_511,20.30266499324508,0,normal
2015-01-26 04:55:00+00:00,22.3,Docklands Library,511,33.9,97.8,-37.8195002,144.9418888,ENV,REAL_511,Real sensor series - Docklands Library - board 511,42,real_sensor_board_511,20.442131994596064,0,normal
2015-01-26 05:25:00+00:00,22.3,Docklands Library,511,31.6,98.0,-37.8195002,144.9418888,ENV,REAL_511,Real sensor series - Docklands Library - board 511,42,real_sensor_board_511,20.553705595676853,0,normal
2015-01-26 05:45:00+00:00,21.6,Docklands Library,511,32.5,97.9,-37.8195002,144.9418888,ENV,REAL_511,Real sensor series - Docklands Library - board 511,42,real_sensor_board_511,20.642964476541483,0,normal
2015-01-26 05:55:00+00:00,21.3,Docklands Library,511,32.8,97.8,-37.8195002,144.9418888,ENV,REAL_511,Real sensor series - Docklands Library - board 511,42,real_sensor_board_511,20.714371581233188,0,normal
2015-01-26 06:10:00+00:00,23.5,Docklands Library,511,31.0,98.6,-37.8195002,144.9418888,ENV,REAL_511,Real sensor series - Docklands Library - board 511,42,real_sensor_board_511,20.77149726498655,0,normal
2015-01-26 06:20:00+00:00,23.2,Docklands Library,511,30.8,98.6,-37.8195002,144.9418888,ENV,REAL_511,Real sensor series - Docklands Library - board 511,42,real_sensor_board_511,20.81719781198924,0,normal
2015-01-26 06:40:00+00:00,22.9,Docklands Library,511,28.4,97.9,-37.8195002,144.9418888,ENV,REAL_511,Real sensor series - Docklands Library - board 511,42,real_sensor_board_511,20.85375824959139,0,normal
2015-01-26 07:10:00+00:00,22.6,Docklands Library,511,30.8,98.6,-37.8195002,144.9418888,ENV,REAL_511,Real sensor series - Docklands Library - board 511,42,real_sensor_board_511,20.883006599673113,0,normal
2015-01-26 07:30:00+00:00,22.6,Docklands Library,511,31.0,98.5,-37.8195002,144.9418888,ENV,REAL_511,Real sensor series - Docklands Library - board 511,42,real_sensor_board_511,20.90640527973849,0,normal
2015-01-26 07:40:00+00:00,21.9,Docklands Library,511,31.1,98.6,-37.8195002,144.9418888,ENV,REAL_511,Real sensor series - Docklands Library - board 511,42,real_sensor_board_511,20.925124223790792,0,normal
2015-01-26 08:00:00+00:00,22.6,Docklands Library,511,29.5,98.5,-37.8195002,144.9418888,ENV,REAL_511,Real sensor series - Docklands Library - board 511,42,real_sensor_board_511,20.940099379032635,0,normal
2015-01-26 08:20:00+00:00,21.3,Docklands Library,511,31.4,98.4,-37.8195002,144.9418888,ENV,REAL_511,Real sensor series - Docklands Library - board 511,42,real_sensor_board_511,20.95207950322611,0,normal
2015-01-26 08:30:00+00:00,20.6,Docklands Library,511,32.1,98.3,-37.8195002,144.9418888,ENV,REAL_511,Real sensor series - Docklands Library - board 511,42,real_sensor_board_511,20.88166360258089,0,normal
2015-01-26 08:40:00+00:00,19.7,Docklands Library,511,33.3,98.2,-37.8195002,144.9418888,ENV,REAL_511,Real sensor series - Docklands Library - board 511,42,real_sensor_board_511,20.645330882064712,1,weak_multivariate_excursion
2015-01-26 09:35:00+00:00,16.5,Docklands Library,511,36.8,81.8,-37.8195002,144.9418888,ENV,REAL_511,Real sensor series - Docklands Library - board 511,42,real_sensor_board_511,20.19626470565177,1,weak_multivariate_excursion
2015-01-26 17:35:00+00:00,12.9,Docklands Library,511,48.0,11.1,-37.8195002,144.9418888,ENV,REAL_511,Real sensor series - Docklands Library - board 511,42,real_sensor_board_511,19.837011764521417,1,weak_multivariate_excursion
2015-01-26 20:10:00+00:00,13.9,Docklands Library,511,47.5,90.1,-37.8195002,144.9418888,ENV,REAL_511,Real sensor series - Docklands Library - board 511,42,real_sensor_board_511,19.549609411617134,1,weak_multivariate_excursion
2015-01-26 20:20:00+00:00,14.5,Docklands Library,511,47.8,91.6,-37.8195002,144.9418888,ENV,REAL_511,Real sensor series - Docklands Library - board 511,42,real_sensor_board_511,19.31968752929371,1,weak_multivariate_excursion
2015-01-26 20:40:00+00:00,14.8,Docklands Library,511,47.3,93.5,-37.8195002,144.9418888,ENV,REAL_511,Real sensor series - Docklands Library - board 511,42,real_sensor_board_511,19.135750023434966,0,normal
2015-01-26 21:00:00+00:00,14.8,Docklands Library,511,47.2,94.2,-37.8195002,144.9418888,ENV,REAL_511,Real sensor series - Docklands Library - board 511,42,real_sensor_board_511,18.988600018747974,0,normal
2015-01-26 21:20:00+00:00,15.2,Docklands Library,511,47.5,94.6,-37.8195002,144.9418888,ENV,REAL_511,Real sensor series - Docklands Library - board 511,42,real_sensor_board_511,18.870880014998377,0,normal
2015-01-26 21:30:00+00:00,15.5,Docklands Library,511,47.2,95.2,-37.8195002,144.9418888,ENV,REAL_511,Real sensor series - Docklands Library - board 511,42,real_sensor_board_511,18.716704011998704,0,normal
2015-01-26 22:20:00+00:00,16.8,Docklands Library,511,42.8,96.6,-37.8195002,144.9418888,ENV,REAL_511,Real sensor series - Docklands Library - board 511,42,real_sensor_board_511,18.593363209598966,0,normal
2015-01-26 22:30:00+00:00,17.1,Docklands Library,511,42.1,96.7,-37.8195002,144.9418888,ENV,REAL_511,Real sensor series - Docklands Library - board 511,42,real_sensor_board_511,18.494690567679175,0,normal
2015-01-26 22:40:00+00:00,17.4,Docklands Library,511,41.4,96.9,-37.8195002,144.9418888,ENV,REAL_511,Real sensor series - Docklands Library - board 511,42,real_sensor_board_511,18.41575245414334,0,normal
2015-01-26 22:55:00+00:00,17.4,Docklands Library,511,40.6,96.7,-37.8195002,144.9418888,ENV,REAL_511,Real sensor series - Docklands Library - board 511,42,real_sensor_board_511,18.352601963314672,0,normal
2015-01-26 23:05:00+00:00,17.4,Docklands Library,511,40.7,96.5,-37.8195002,144.9418888,ENV,REAL_511,Real sensor series - Docklands Library - board 511,42,real_sensor_board_511,18.30208157065174,0,normal
2015-01-26 23:15:00+00:00,17.7,Docklands Library,511,39.3,96.6,-37.8195002,144.9418888,ENV,REAL_511,Real sensor series - Docklands Library - board 511,42,real_sensor_board_511,18.18166525652139,0,normal
2015-01-26 23:25:00+00:00,17.7,Docklands Library,511,39.2,96.5,-37.8195002,144.9418888,ENV,REAL_511,Real sensor series - Docklands Library - board 511,42,real_sensor_board_511,18.085332205217114,0,normal
2015-01-26 23:35:00+00:00,18.4,Docklands Library,511,41.5,97.3,-37.8195002,144.9418888,ENV,REAL_511,Real sensor series - Docklands Library - board 511,42,real_sensor_board_511,18.008265764173693,0,normal
2015-01-26 23:45:00+00:00,18.7,Docklands Library,511,39.3,97.0,-37.8195002,144.9418888,ENV,REAL_511,Real sensor series - Docklands Library - board 511,42,real_sensor_board_511,17.946612611338956,0,normal
2015-01-27 00:05:00+00:00,18.4,Docklands Library,511,41.0,96.9,-37.8195002,144.9418888,ENV,REAL_511,Real sensor series - Docklands Library - board 511,42,real_sensor_board_511,17.897290089071166,0,normal
2015-01-27 00:15:00+00:00,18.4,Docklands Library,511,39.9,96.9,-37.8195002,144.9418888,ENV,REAL_511,Real sensor series - Docklands Library - board 511,42,real_sensor_board_511,17.857832071256933,0,normal
2015-01-27 00:35:00+00:00,18.7,Docklands Library,511,39.8,97.2,-37.8195002,144.9418888,ENV,REAL_511,Real sensor series - Docklands Library - board 511,42,real_sensor_board_511,17.826265657005546,0,normal
2015-01-27 00:45:00+00:00,18.4,Docklands Library,511,40.1,97.2,-37.8195002,144.9418888,ENV,REAL_511,Real sensor series - Docklands Library - board 511,42,real_sensor_board_511,17.80101252560444,0,normal
2015-01-27 01:15:00+00:00,18.4,Docklands Library,511,41.8,96.9,-37.8195002,144.9418888,ENV,REAL_511,Real sensor series - Docklands Library - board 511,42,real_sensor_board_511,17.78081002048355,0,normal
2015-01-27 01:25:00+00:00,18.1,Docklands Library,511,42.3,96.7,-37.8195002,144.9418888,ENV,REAL_511,Real sensor series - Docklands Library - board 511,42,real_sensor_board_511,17.76464801638684,0,normal
2015-01-27 03:00:00+00:00,20.3,Docklands Library,511,36.9,97.8,-37.8195002,144.9418888,ENV,REAL_511,Real sensor series - Docklands Library - board 511,42,real_sensor_board_511,17.751718413109472,0,normal
2015-01-27 04:40:00+00:00,20.0,Docklands Library,511,37.6,97.7,-37.8195002,144.9418888,ENV,REAL_511,Real sensor series - Docklands Library - board 511,42,real_sensor_board_511,17.74137473048758,0,normal
2015-01-27 06:35:00+00:00,18.4,Docklands Library,511,39.5,96.3,-37.8195002,144.9418888,ENV,REAL_511,Real sensor series - Docklands Library - board 511,42,real_sensor_board_511,17.733099784390063,0,normal
2015-01-27 07:55:00+00:00,19.4,Docklands Library,511,36.9,98.2,-37.8195002,144.9418888,ENV,REAL_511,Real sensor series - Docklands Library - board 511,42,real_sensor_board_511,17.72647982751205,0,normal
2015-01-27 08:05:00+00:00,18.1,Docklands Library,511,37.6,95.8,-37.8195002,144.9418888,ENV,REAL_511,Real sensor series - Docklands Library - board 511,42,real_sensor_board_511,17.721183862009642,0,normal
2015-01-27 08:15:00+00:00,17.7,Docklands Library,511,38.0,93.9,-37.8195002,144.9418888,ENV,REAL_511,Real sensor series - Docklands Library - board 511,42,real_sensor_board_511,17.716947089607714,0,normal
2015-01-27 08:50:00+00:00,16.8,Docklands Library,511,40.9,90.2,-37.8195002,144.9418888,ENV,REAL_511,Real sensor series - Docklands Library - board 511,42,real_sensor_board_511,17.53355767168617,0,normal
2015-01-27 09:00:00+00:00,16.8,Docklands Library,511,41.2,89.6,-37.8195002,144.9418888,ENV,REAL_511,Real sensor series - Docklands Library - board 511,42,real_sensor_board_511,17.38684613734894,1,weak_multivariate_excursion
2015-01-27 12:05:00+00:00,15.5,Docklands Library,511,45.8,10.0,-37.8195002,144.9418888,ENV,REAL_511,Real sensor series - Docklands Library - board 511,42,real_sensor_board_511,17.269476909879153,1,weak_multivariate_excursion
2015-01-27 12:25:00+00:00,15.8,Docklands Library,511,46.1,10.7,-37.8195002,144.9418888,ENV,REAL_511,Real sensor series - Docklands Library - board 511,42,real_sensor_board_511,17.175581527903322,1,weak_multivariate_excursion
2015-01-27 17:10:00+00:00,14.2,Docklands Library,511,50.0,9.5,-37.8195002,144.9418888,ENV,REAL_511,Real sensor series - Docklands Library - board 511,42,real_sensor_board_511,17.100465222322658,0,normal
2015-01-27 17:50:00+00:00,14.2,Docklands Library,511,51.0,9.4,-37.8195002,144.9418888,ENV,REAL_511,Real sensor series - Docklands Library - board 511,42,real_sensor_board_511,17.040372177858128,1,weak_multivariate_excursion
2015-01-27 20:05:00+00:00,14.2,Docklands Library,511,48.9,89.8,-37.8195002,144.9418888,ENV,REAL_511,Real sensor series - Docklands Library - board 511,42,real_sensor_board_511,16.992297742286503,1,weak_multivariate_excursion
2015-01-27 20:15:00+00:00,14.5,Docklands Library,511,48.3,91.9,-37.8195002,144.9418888,ENV,REAL_511,Real sensor series - Docklands Library - board 511,42,real_sensor_board_511,16.953838193829203,1,weak_multivariate_excursion
2015-01-27 20:25:00+00:00,14.8,Docklands Library,511,47.8,93.1,-37.8195002,144.9418888,ENV,REAL_511,Real sensor series - Docklands Library - board 511,42,real_sensor_board_511,16.92307055506336,0,normal
2015-01-27 20:35:00+00:00,14.5,Docklands Library,511,48.3,93.2,-37.8195002,144.9418888,ENV,REAL_511,Real sensor series - Docklands Library - board 511,42,real_sensor_board_511,16.89845644405069,0,normal
2015-01-27 21:05:00+00:00,14.8,Docklands Library,511,47.8,93.5,-37.8195002,144.9418888,ENV,REAL_511,Real sensor series - Docklands Library - board 511,42,real_sensor_board_511,16.878765155240554,0,normal
2015-01-27 21:25:00+00:00,14.8,Docklands Library,511,47.0,93.7,-37.8195002,144.9418888,ENV,REAL_511,Real sensor series - Docklands Library - board 511,42,real_sensor_board_511,16.863012124192444,0,normal
2015-01-27 21:45:00+00:00,15.2,Docklands Library,511,47.3,93.9,-37.8195002,144.9418888,ENV,REAL_511,Real sensor series - Docklands Library - board 511,42,real_sensor_board_511,16.850409699353957,0,normal
2015-01-27 22:10:00+00:00,15.8,Docklands Library,511,46.1,94.0,-37.8195002,144.9418888,ENV,REAL_511,Real sensor series - Docklands Library - board 511,42,real_sensor_board_511,16.840327759483166,0,normal
2015-01-27 22:20:00+00:00,16.5,Docklands Library,511,44.8,94.1,-37.8195002,144.9418888,ENV,REAL_511,Real sensor series - Docklands Library - board 511,42,real_sensor_board_511,16.832262207586535,0,normal
2015-01-27 22:30:00+00:00,16.5,Docklands Library,511,43.6,94.2,-37.8195002,144.9418888,ENV,REAL_511,Real sensor series - Docklands Library - board 511,42,real_sensor_board_511,16.825809766069227,1,weak_multivariate_excursion
2015-01-28 00:40:00+00:00,24.5,Docklands Library,511,32.8,98.1,-37.8195002,144.9418888,ENV,REAL_511,Real sensor series - Docklands Library - board 511,42,real_sensor_board_511,18.10064781285538,1,weak_multivariate_excursion
2015-01-28 01:00:00+00:00,23.5,Docklands Library,511,34.3,96.4,-37.8195002,144.9418888,ENV,REAL_511,Real sensor series - Docklands Library - board 511,42,real_sensor_board_511,19.120518250284306,1,weak_multivariate_excursion
2015-01-28 02:25:00+00:00,23.5,Docklands Library,511,31.6,96.8,-37.8195002,144.9418888,ENV,REAL_511,Real sensor series - Docklands Library - board 511,42,real_sensor_board_511,19.936414600227444,0,normal
2015-01-28 02:35:00+00:00,23.9,Docklands Library,511,31.9,98.2,-37.8195002,144.9418888,ENV,REAL_511,Real sensor series - Docklands Library - board 511,42,real_sensor_board_511,20.589131680181957,0,normal
2015-01-28 04:15:00+00:00,25.8,Docklands Library,511,29.8,98.4,-37.8195002,144.9418888,ENV,REAL_511,Real sensor series - Docklands Library - board 511,42,real_sensor_board_511,21.111305344145567,0,normal
2015-01-28 04:35:00+00:00,25.8,Docklands Library,511,30.2,98.5,-37.8195002,144.9418888,ENV,REAL_511,Real sensor series - Docklands Library - board 511,42,real_sensor_board_511,21.529044275316455,0,normal
2015-01-28 04:50:00+00:00,26.5,Docklands Library,511,28.1,97.2,-37.8195002,144.9418888,ENV,REAL_511,Real sensor series - Docklands Library - board 511,42,real_sensor_board_511,21.863235420253165,0,normal
2015-01-28 05:10:00+00:00,23.9,Docklands Library,511,31.0,96.9,-37.8195002,144.9418888,ENV,REAL_511,Real sensor series - Docklands Library - board 511,42,real_sensor_board_511,22.130588336202532,1,weak_multivariate_excursion
2015-01-28 06:30:00+00:00,26.1,Docklands Library,511,28.0,98.5,-37.8195002,144.9418888,ENV,REAL_511,Real sensor series - Docklands Library - board 511,42,real_sensor_board_511,22.34447066896203,1,weak_multivariate_excursion
2015-01-28 06:40:00+00:00,26.5,Docklands Library,511,28.6,98.6,-37.8195002,144.9418888,ENV,REAL_511,Real sensor series - Docklands Library - board 511,42,real_sensor_board_511,22.515576535169625,1,weak_multivariate_excursion
2015-01-28 07:00:00+00:00,24.2,Docklands Library,511,36.3,98.6,-37.8195002,144.9418888,ENV,REAL_511,Real sensor series - Docklands Library - board 511,42,real_sensor_board_511,22.652461228135703,0,normal
2015-01-28 07:10:00+00:00,23.9,Docklands Library,511,37.1,98.6,-37.8195002,144.9418888,ENV,REAL_511,Real sensor series - Docklands Library - board 511,42,real_sensor_board_511,22.761968982508563,0,normal
2015-01-28 07:30:00+00:00,23.5,Docklands Library,511,36.5,98.5,-37.8195002,144.9418888,ENV,REAL_511,Real sensor series - Docklands Library - board 511,42,real_sensor_board_511,22.849575186006852,0,normal
2015-01-28 07:50:00+00:00,24.5,Docklands Library,511,36.3,98.5,-37.8195002,144.9418888,ENV,REAL_511,Real sensor series - Docklands Library - board 511,42,real_sensor_board_511,22.919660148805484,0,normal
2015-01-28 08:25:00+00:00,23.5,Docklands Library,511,31.4,98.4,-37.8195002,144.9418888,ENV,REAL_511,Real sensor series - Docklands Library - board 511,42,real_sensor_board_511,22.975728119044387,0,normal
2015-01-28 08:35:00+00:00,23.2,Docklands Library,511,31.0,98.4,-37.8195002,144.9418888,ENV,REAL_511,Real sensor series - Docklands Library - board 511,42,real_sensor_board_511,23.020582495235512,0,normal
2015-01-28 08:45:00+00:00,23.2,Docklands Library,511,30.0,98.3,-37.8195002,144.9418888,ENV,REAL_511,Real sensor series - Docklands Library - board 511,42,real_sensor_board_511,23.05646599618841,1,weak_multivariate_excursion
2015-01-28 11:30:00+00:00,17.7,Docklands Library,511,40.1,11.0,-37.8195002,144.9418888,ENV,REAL_511,Real sensor series - Docklands Library - board 511,42,real_sensor_board_511,21.985172796950728,1,weak_multivariate_excursion
2015-01-28 14:30:00+00:00,14.8,Docklands Library,511,48.9,10.3,-37.8195002,144.9418888,ENV,REAL_511,Real sensor series - Docklands Library - board 511,42,real_sensor_board_511,21.12813823756058,1,weak_multivariate_excursion
2015-01-28 18:30:00+00:00,13.2,Docklands Library,511,51.8,10.2,-37.8195002,144.9418888,ENV,REAL_511,Real sensor series - Docklands Library - board 511,42,real_sensor_board_511,20.442510590048464,1,weak_multivariate_excursion
2015-01-28 20:10:00+00:00,13.2,Docklands Library,511,52.7,91.1,-37.8195002,144.9418888,ENV,REAL_511,Real sensor series - Docklands Library - board 511,42,real_sensor_board_511,19.89400847203877,1,weak_multivariate_excursion
2015-01-28 20:20:00+00:00,13.5,Docklands Library,511,52.6,91.9,-37.8195002,144.9418888,ENV,REAL_511,Real sensor series - Docklands Library - board 511,42,real_sensor_board_511,19.455206777631016,1,weak_multivariate_excursion
2015-01-28 20:30:00+00:00,13.5,Docklands Library,511,52.1,92.3,-37.8195002,144.9418888,ENV,REAL_511,Real sensor series - Docklands Library - board 511,42,real_sensor_board_511,19.104165422104813,0,normal
2015-01-28 20:40:00+00:00,13.5,Docklands Library,511,51.6,92.7,-37.8195002,144.9418888,ENV,REAL_511,Real sensor series - Docklands Library - board 511,42,real_sensor_board_511,18.82333233768385,0,normal
2015-01-28 21:10:00+00:00,14.2,Docklands Library,511,50.0,93.3,-37.8195002,144.9418888,ENV,REAL_511,Real sensor series - Docklands Library - board 511,42,real_sensor_board_511,18.59866587014708,0,normal
2015-01-28 21:35:00+00:00,14.8,Docklands Library,511,47.8,93.6,-37.8195002,144.9418888,ENV,REAL_511,Real sensor series - Docklands Library - board 511,42,real_sensor_board_511,18.418932696117665,0,normal
2015-01-28 21:45:00+00:00,15.2,Docklands Library,511,47.5,93.8,-37.8195002,144.9418888,ENV,REAL_511,Real sensor series - Docklands Library - board 511,42,real_sensor_board_511,18.27514615689413,0,normal
2015-01-28 22:05:00+00:00,15.8,Docklands Library,511,46.6,93.9,-37.8195002,144.9418888,ENV,REAL_511,Real sensor series - Docklands Library - board 511,42,real_sensor_board_511,18.160116925515304,0,normal
2015-01-28 22:25:00+00:00,16.1,Docklands Library,511,45.9,94.5,-37.8195002,144.9418888,ENV,REAL_511,Real sensor series - Docklands Library - board 511,42,real_sensor_board_511,18.068093540412242,0,normal
2015-01-28 22:35:00+00:00,16.5,Docklands Library,511,44.4,95.6,-37.8195002,144.9418888,ENV,REAL_511,Real sensor series - Docklands Library - board 511,42,real_sensor_board_511,17.994474832329793,0,normal
2015-01-28 22:45:00+00:00,17.1,Docklands Library,511,41.8,95.9,-37.8195002,144.9418888,ENV,REAL_511,Real sensor series - Docklands Library - board 511,42,real_sensor_board_511,17.935579865863836,0,normal
2015-01-28 22:55:00+00:00,17.1,Docklands Library,511,41.2,95.8,-37.8195002,144.9418888,ENV,REAL_511,Real sensor series - Docklands Library - board 511,42,real_sensor_board_511,17.88846389269107,0,normal
2015-01-28 23:05:00+00:00,17.7,Docklands Library,511,40.6,96.2,-37.8195002,144.9418888,ENV,REAL_511,Real sensor series - Docklands Library - board 511,42,real_sensor_board_511,17.850771114152856,0,normal
2015-01-28 23:15:00+00:00,18.1,Docklands Library,511,38.2,96.4,-37.8195002,144.9418888,ENV,REAL_511,Real sensor series - Docklands Library - board 511,42,real_sensor_board_511,17.900616891322287,0,normal
2015-01-28 23:25:00+00:00,18.4,Docklands Library,511,37.3,96.6,-37.8195002,144.9418888,ENV,REAL_511,Real sensor series - Docklands Library - board 511,42,real_sensor_board_511,18.00049351305783,0,normal
2015-01-28 23:35:00+00:00,18.4,Docklands Library,511,37.1,96.8,-37.8195002,144.9418888,ENV,REAL_511,Real sensor series - Docklands Library - board 511,42,real_sensor_board_511,18.080394810446265,1,weak_multivariate_excursion
2015-01-28 23:45:00+00:00,21.6,Docklands Library,511,34.4,97.8,-37.8195002,144.9418888,ENV,REAL_511,Real sensor series - Docklands Library - board 511,42,real_sensor_board_511,18.14431584835701,1,weak_multivariate_excursion
2015-01-28 23:55:00+00:00,22.6,Docklands Library,511,29.8,96.9,-37.8195002,144.9418888,ENV,REAL_511,Real sensor series - Docklands Library - board 511,42,real_sensor_board_511,18.19545267868561,1,weak_multivariate_excursion
2015-01-29 00:05:00+00:00,22.6,Docklands Library,511,30.8,98.0,-37.8195002,144.9418888,ENV,REAL_511,Real sensor series - Docklands Library - board 511,42,real_sensor_board_511,18.236362142948487,0,normal
2015-01-29 00:15:00+00:00,22.9,Docklands Library,511,32.1,98.0,-37.8195002,144.9418888,ENV,REAL_511,Real sensor series - Docklands Library - board 511,42,real_sensor_board_511,18.269089714358792,0,normal
2015-01-29 01:00:00+00:00,21.3,Docklands Library,511,31.4,96.8,-37.8195002,144.9418888,ENV,REAL_511,Real sensor series - Docklands Library - board 511,42,real_sensor_board_511,18.295271771487034,0,normal
2015-01-29 01:30:00+00:00,21.6,Docklands Library,511,36.0,97.0,-37.8195002,144.9418888,ENV,REAL_511,Real sensor series - Docklands Library - board 511,42,real_sensor_board_511,18.316217417189627,0,normal
2015-01-29 02:20:00+00:00,20.6,Docklands Library,511,37.7,98.1,-37.8195002,144.9418888,ENV,REAL_511,Real sensor series - Docklands Library - board 511,42,real_sensor_board_511,18.332973933751703,0,normal
2015-01-29 02:30:00+00:00,22.9,Docklands Library,511,36.6,98.0,-37.8195002,144.9418888,ENV,REAL_511,Real sensor series - Docklands Library - board 511,42,real_sensor_board_511,18.346379147001365,0,normal
2015-01-29 02:40:00+00:00,22.6,Docklands Library,511,34.9,98.1,-37.8195002,144.9418888,ENV,REAL_511,Real sensor series - Docklands Library - board 511,42,real_sensor_board_511,18.357103317601094,0,normal
2015-01-29 03:30:00+00:00,22.6,Docklands Library,511,36.8,98.2,-37.8195002,144.9418888,ENV,REAL_511,Real sensor series - Docklands Library - board 511,42,real_sensor_board_511,18.365682654080878,0,normal
2015-01-29 04:45:00+00:00,22.6,Docklands Library,511,35.7,98.4,-37.8195002,144.9418888,ENV,REAL_511,Real sensor series - Docklands Library - board 511,42,real_sensor_board_511,18.372546123264705,0,normal
2015-01-29 05:25:00+00:00,22.6,Docklands Library,511,36.6,97.8,-37.8195002,144.9418888,ENV,REAL_511,Real sensor series - Docklands Library - board 511,42,real_sensor_board_511,18.378036898611764,0,normal
2015-01-29 07:30:00+00:00,23.9,Docklands Library,511,34.7,98.6,-37.8195002,144.9418888,ENV,REAL_511,Real sensor series - Docklands Library - board 511,42,real_sensor_board_511,18.38242951888941,0,normal
2015-01-29 07:50:00+00:00,22.3,Docklands Library,511,36.9,98.6,-37.8195002,144.9418888,ENV,REAL_511,Real sensor series - Docklands Library - board 511,42,real_sensor_board_511,18.38594361511153,1,weak_multivariate_excursion
2015-01-29 08:50:00+00:00,19.0,Docklands Library,511,39.3,92.1,-37.8195002,144.9418888,ENV,REAL_511,Real sensor series - Docklands Library - board 511,42,real_sensor_board_511,18.388754892089224,1,weak_multivariate_excursion
2015-01-29 11:15:00+00:00,16.5,Docklands Library,511,43.6,12.2,-37.8195002,144.9418888,ENV,REAL_511,Real sensor series - Docklands Library - board 511,42,real_sensor_board_511,18.01100391367138,1,weak_multivariate_excursion
2015-01-29 11:45:00+00:00,16.1,Docklands Library,511,44.5,11.1,-37.8195002,144.9418888,ENV,REAL_511,Real sensor series - Docklands Library - board 511,42,real_sensor_board_511,17.628803130937108,1,weak_multivariate_excursion
2015-01-29 12:35:00+00:00,15.8,Docklands Library,511,46.2,11.4,-37.8195002,144.9418888,ENV,REAL_511,Real sensor series - Docklands Library - board 511,42,real_sensor_board_511,17.263042504749688,0,normal
2015-01-29 12:45:00+00:00,15.5,Docklands Library,511,46.9,10.8,-37.8195002,144.9418888,ENV,REAL_511,Real sensor series - Docklands Library - board 511,42,real_sensor_board_511,16.91043400379975,0,normal
2015-01-29 13:35:00+00:00,14.8,Docklands Library,511,49.7,11.4,-37.8195002,144.9418888,ENV,REAL_511,Real sensor series - Docklands Library - board 511,42,real_sensor_board_511,16.4883472030398,0,normal
2015-01-29 14:30:00+00:00,14.5,Docklands Library,511,51.1,10.9,-37.8195002,144.9418888,ENV,REAL_511,Real sensor series - Docklands Library - board 511,42,real_sensor_board_511,16.09067776243184,0,normal
2015-01-29 15:00:00+00:00,14.2,Docklands Library,511,52.6,10.5,-37.8195002,144.9418888,ENV,REAL_511,Real sensor series - Docklands Library - board 511,42,real_sensor_board_511,15.772542209945474,0,normal
2015-01-29 15:20:00+00:00,14.2,Docklands Library,511,51.6,10.9,-37.8195002,144.9418888,ENV,REAL_511,Real sensor series - Docklands Library - board 511,42,real_sensor_board_511,15.51803376795638,0,normal
2015-01-29 16:10:00+00:00,14.2,Docklands Library,511,51.6,11.0,-37.8195002,144.9418888,ENV,REAL_511,Real sensor series - Docklands Library - board 511,42,real_sensor_board_511,15.314427014365105,0,normal
2015-01-29 16:20:00+00:00,14.2,Docklands Library,511,51.6,11.0,-37.8195002,144.9418888,ENV,REAL_511,Real sensor series - Docklands Library - board 511,42,real_sensor_board_511,15.151541611492085,0,normal
2015-01-29 17:45:00+00:00,14.5,Docklands Library,511,52.9,10.3,-37.8195002,144.9418888,ENV,REAL_511,Real sensor series - Docklands Library - board 511,42,real_sensor_board_511,15.021233289193669,0,normal
2015-01-29 17:55:00+00:00,14.5,Docklands Library,511,52.9,11.1,-37.8195002,144.9418888,ENV,REAL_511,Real sensor series - Docklands Library - board 511,42,real_sensor_board_511,14.916986631354936,0,normal
2015-01-29 18:15:00+00:00,14.5,Docklands Library,511,54.0,11.8,-37.8195002,144.9418888,ENV,REAL_511,Real sensor series - Docklands Library - board 511,42,real_sensor_board_511,14.83358930508395,0,normal
2015-01-29 18:35:00+00:00,14.5,Docklands Library,511,52.2,10.9,-37.8195002,144.9418888,ENV,REAL_511,Real sensor series - Docklands Library - board 511,42,real_sensor_board_511,14.76687144406716,0,normal
2015-01-29 18:55:00+00:00,14.5,Docklands Library,511,52.7,11.3,-37.8195002,144.9418888,ENV,REAL_511,Real sensor series - Docklands Library - board 511,42,real_sensor_board_511,14.713497155253728,1,weak_multivariate_excursion
2015-01-29 19:25:00+00:00,14.2,Docklands Library,511,51.9,51.0,-37.8195002,144.9418888,ENV,REAL_511,Real sensor series - Docklands Library - board 511,42,real_sensor_board_511,14.670797724202984,1,weak_multivariate_excursion
2015-01-29 19:45:00+00:00,14.2,Docklands Library,511,51.8,78.2,-37.8195002,144.9418888,ENV,REAL_511,Real sensor series - Docklands Library - board 511,42,real_sensor_board_511,14.636638179362388,1,weak_multivariate_excursion
2015-01-29 20:05:00+00:00,14.2,Docklands Library,511,52.6,83.6,-37.8195002,144.9418888,ENV,REAL_511,Real sensor series - Docklands Library - board 511,42,real_sensor_board_511,14.609310543489912,1,weak_multivariate_excursion
2015-01-29 20:15:00+00:00,13.9,Docklands Library,511,54.3,88.9,-37.8195002,144.9418888,ENV,REAL_511,Real sensor series - Docklands Library - board 511,42,real_sensor_board_511,14.58744843479193,0,normal
2015-01-29 20:25:00+00:00,14.2,Docklands Library,511,54.6,90.2,-37.8195002,144.9418888,ENV,REAL_511,Real sensor series - Docklands Library - board 511,42,real_sensor_board_511,14.569958747833546,0,normal
2015-01-29 20:50:00+00:00,13.9,Docklands Library,511,55.1,91.7,-37.8195002,144.9418888,ENV,REAL_511,Real sensor series - Docklands Library - board 511,42,real_sensor_board_511,14.555966998266838,0,normal
2015-01-29 21:00:00+00:00,14.2,Docklands Library,511,54.0,92.9,-37.8195002,144.9418888,ENV,REAL_511,Real sensor series - Docklands Library - board 511,42,real_sensor_board_511,14.544773598613471,0,normal
2015-01-29 21:10:00+00:00,14.2,Docklands Library,511,53.7,94.3,-37.8195002,144.9418888,ENV,REAL_511,Real sensor series - Docklands Library - board 511,42,real_sensor_board_511,14.535818878890778,0,normal
2015-01-29 21:20:00+00:00,15.5,Docklands Library,511,51.8,95.6,-37.8195002,144.9418888,ENV,REAL_511,Real sensor series - Docklands Library - board 511,42,real_sensor_board_511,14.728655103112622,0,normal
2015-01-29 21:30:00+00:00,15.5,Docklands Library,511,50.7,94.8,-37.8195002,144.9418888,ENV,REAL_511,Real sensor series - Docklands Library - board 511,42,real_sensor_board_511,14.882924082490097,0,normal
2015-01-29 22:10:00+00:00,16.1,Docklands Library,511,46.1,95.0,-37.8195002,144.9418888,ENV,REAL_511,Real sensor series - Docklands Library - board 511,42,real_sensor_board_511,15.12633926599208,0,normal
2015-01-29 22:40:00+00:00,16.8,Docklands Library,511,43.3,94.9,-37.8195002,144.9418888,ENV,REAL_511,Real sensor series - Docklands Library - board 511,42,real_sensor_board_511,15.401071412793666,0,normal
2015-01-29 22:50:00+00:00,16.5,Docklands Library,511,42.0,94.8,-37.8195002,144.9418888,ENV,REAL_511,Real sensor series - Docklands Library - board 511,42,real_sensor_board_511,15.680857130234934,0,normal
2015-01-29 23:10:00+00:00,17.1,Docklands Library,511,40.6,95.3,-37.8195002,144.9418888,ENV,REAL_511,Real sensor series - Docklands Library - board 511,42,real_sensor_board_511,15.964685704187948,1,weak_multivariate_excursion
2015-01-30 00:15:00+00:00,22.6,Docklands Library,511,38.7,97.9,-37.8195002,144.9418888,ENV,REAL_511,Real sensor series - Docklands Library - board 511,42,real_sensor_board_511,16.31174856335036,1,weak_multivariate_excursion
2015-01-30 00:55:00+00:00,21.3,Docklands Library,511,39.5,98.0,-37.8195002,144.9418888,ENV,REAL_511,Real sensor series - Docklands Library - board 511,42,real_sensor_board_511,16.58939885068029,1,weak_multivariate_excursion
2015-01-30 01:55:00+00:00,23.9,Docklands Library,511,33.0,98.0,-37.8195002,144.9418888,ENV,REAL_511,Real sensor series - Docklands Library - board 511,42,real_sensor_board_511,16.811519080544233,1,weak_multivariate_excursion
2015-01-30 02:15:00+00:00,22.6,Docklands Library,511,33.5,98.0,-37.8195002,144.9418888,ENV,REAL_511,Real sensor series - Docklands Library - board 511,42,real_sensor_board_511,16.989215264435387,1,weak_multivariate_excursion
2015-01-30 02:45:00+00:00,21.6,Docklands Library,511,33.9,98.0,-37.8195002,144.9418888,ENV,REAL_511,Real sensor series - Docklands Library - board 511,42,real_sensor_board_511,17.13137221154831,1,weak_multivariate_excursion
2015-01-30 06:00:00+00:00,22.6,Docklands Library,511,33.2,98.1,-37.8195002,144.9418888,ENV,REAL_511,Real sensor series - Docklands Library - board 511,42,real_sensor_board_511,17.245097769238647,0,normal
2015-01-30 06:10:00+00:00,22.6,Docklands Library,511,31.0,97.4,-37.8195002,144.9418888,ENV,REAL_511,Real sensor series - Docklands Library - board 511,42,real_sensor_board_511,17.33607821539092,1,weak_multivariate_excursion
2015-01-30 07:15:00+00:00,24.8,Docklands Library,511,30.2,98.6,-37.8195002,144.9418888,ENV,REAL_511,Real sensor series - Docklands Library - board 511,42,real_sensor_board_511,17.408862572312735,1,weak_multivariate_excursion
2015-01-30 07:35:00+00:00,23.5,Docklands Library,511,32.1,98.6,-37.8195002,144.9418888,ENV,REAL_511,Real sensor series - Docklands Library - board 511,42,real_sensor_board_511,17.46709005785019,1,weak_multivariate_excursion
2015-01-30 07:45:00+00:00,23.9,Docklands Library,511,31.7,98.5,-37.8195002,144.9418888,ENV,REAL_511,Real sensor series - Docklands Library - board 511,42,real_sensor_board_511,17.513672046280153,1,weak_multivariate_excursion
2015-01-30 07:55:00+00:00,22.6,Docklands Library,511,33.0,98.5,-37.8195002,144.9418888,ENV,REAL_511,Real sensor series - Docklands Library - board 511,42,real_sensor_board_511,17.550937637024123,0,normal
2015-01-30 08:05:00+00:00,22.6,Docklands Library,511,32.8,98.5,-37.8195002,144.9418888,ENV,REAL_511,Real sensor series - Docklands Library - board 511,42,real_sensor_board_511,17.5807501096193,0,normal
2015-01-30 08:15:00+00:00,21.9,Docklands Library,511,33.2,98.5,-37.8195002,144.9418888,ENV,REAL_511,Real sensor series - Docklands Library - board 511,42,real_sensor_board_511,17.604600087695438,0,normal
2015-01-30 08:25:00+00:00,22.3,Docklands Library,511,33.3,98.4,-37.8195002,144.9418888,ENV,REAL_511,Real sensor series - Docklands Library - board 511,42,real_sensor_board_511,17.62368007015635,0,normal
2015-01-30 08:55:00+00:00,20.0,Docklands Library,511,34.6,98.0,-37.8195002,144.9418888,ENV,REAL_511,Real sensor series - Docklands Library - board 511,42,real_sensor_board_511,17.63894405612508,0,normal
2015-01-30 09:05:00+00:00,17.7,Docklands Library,511,38.8,92.6,-37.8195002,144.9418888,ENV,REAL_511,Real sensor series - Docklands Library - board 511,42,real_sensor_board_511,17.651155244900064,0,normal
2015-01-30 09:25:00+00:00,17.4,Docklands Library,511,38.2,84.4,-37.8195002,144.9418888,ENV,REAL_511,Real sensor series - Docklands Library - board 511,42,real_sensor_board_511,17.60092419592005,0,normal
2015-01-30 09:35:00+00:00,17.1,Docklands Library,511,39.3,73.2,-37.8195002,144.9418888,ENV,REAL_511,Real sensor series - Docklands Library - board 511,42,real_sensor_board_511,17.50073935673604,1,weak_multivariate_excursion
2015-01-30 09:45:00+00:00,17.1,Docklands Library,511,39.3,51.7,-37.8195002,144.9418888,ENV,REAL_511,Real sensor series - Docklands Library - board 511,42,real_sensor_board_511,17.420591485388833,1,weak_multivariate_excursion
2015-01-30 10:20:00+00:00,16.8,Docklands Library,511,41.2,12.7,-37.8195002,144.9418888,ENV,REAL_511,Real sensor series - Docklands Library - board 511,42,real_sensor_board_511,17.29647318831107,1,weak_multivariate_excursion
2015-01-30 10:30:00+00:00,16.8,Docklands Library,511,41.0,12.5,-37.8195002,144.9418888,ENV,REAL_511,Real sensor series - Docklands Library - board 511,42,real_sensor_board_511,17.197178550648857,1,weak_multivariate_excursion
2015-01-30 10:50:00+00:00,16.8,Docklands Library,511,43.7,12.4,-37.8195002,144.9418888,ENV,REAL_511,Real sensor series - Docklands Library - board 511,42,real_sensor_board_511,17.117742840519085,0,normal
2015-01-30 11:00:00+00:00,16.5,Docklands Library,511,42.3,12.5,-37.8195002,144.9418888,ENV,REAL_511,Real sensor series - Docklands Library - board 511,42,real_sensor_board_511,17.05419427241527,0,normal
2015-01-30 11:50:00+00:00,16.5,Docklands Library,511,45.6,10.9,-37.8195002,144.9418888,ENV,REAL_511,Real sensor series - Docklands Library - board 511,42,real_sensor_board_511,17.003355417932216,0,normal
2015-01-30 12:10:00+00:00,16.5,Docklands Library,511,46.1,11.2,-37.8195002,144.9418888,ENV,REAL_511,Real sensor series - Docklands Library - board 511,42,real_sensor_board_511,16.902684334345775,0,normal
2015-01-30 12:20:00+00:00,16.5,Docklands Library,511,47.2,11.3,-37.8195002,144.9418888,ENV,REAL_511,Real sensor series - Docklands Library - board 511,42,real_sensor_board_511,16.822147467476622,0,normal
2015-01-30 12:30:00+00:00,16.5,Docklands Library,511,47.5,11.4,-37.8195002,144.9418888,ENV,REAL_511,Real sensor series - Docklands Library - board 511,42,real_sensor_board_511,16.757717973981297,0,normal
2015-01-30 12:40:00+00:00,16.5,Docklands Library,511,46.9,10.3,-37.8195002,144.9418888,ENV,REAL_511,Real sensor series - Docklands Library - board 511,42,real_sensor_board_511,16.70617437918504,0,normal
2015-01-30 13:10:00+00:00,16.5,Docklands Library,511,50.8,10.9,-37.8195002,144.9418888,ENV,REAL_511,Real sensor series - Docklands Library - board 511,42,real_sensor_board_511,16.664939503348034,0,normal
2015-01-30 13:35:00+00:00,16.5,Docklands Library,511,49.1,10.2,-37.8195002,144.9418888,ENV,REAL_511,Real sensor series - Docklands Library - board 511,42,real_sensor_board_511,16.631951602678427,0,normal
2015-01-30 13:45:00+00:00,16.5,Docklands Library,511,48.6,10.0,-37.8195002,144.9418888,ENV,REAL_511,Real sensor series - Docklands Library - board 511,42,real_sensor_board_511,16.60556128214274,0,normal
2015-01-30 13:55:00+00:00,16.5,Docklands Library,511,48.1,9.9,-37.8195002,144.9418888,ENV,REAL_511,Real sensor series - Docklands Library - board 511,42,real_sensor_board_511,16.584449025714193,0,normal
2015-01-30 14:05:00+00:00,16.5,Docklands Library,511,48.3,10.0,-37.8195002,144.9418888,ENV,REAL_511,Real sensor series - Docklands Library - board 511,42,real_sensor_board_511,16.567559220571354,0,normal
2015-01-30 14:25:00+00:00,16.8,Docklands Library,511,49.7,10.4,-37.8195002,144.9418888,ENV,REAL_511,Real sensor series - Docklands Library - board 511,42,real_sensor_board_511,16.554047376457085,0,normal
2015-01-30 14:35:00+00:00,16.8,Docklands Library,511,49.1,10.3,-37.8195002,144.9418888,ENV,REAL_511,Real sensor series - Docklands Library - board 511,42,real_sensor_board_511,16.543237901165668,0,normal
2015-01-30 14:45:00+00:00,15.5,Docklands Library,511,50.7,10.8,-37.8195002,144.9418888,ENV,REAL_511,Real sensor series - Docklands Library - board 511,42,real_sensor_board_511,16.334590320932534,0,normal
2015-01-30 15:05:00+00:00,15.2,Docklands Library,511,51.9,10.1,-37.8195002,144.9418888,ENV,REAL_511,Real sensor series - Docklands Library - board 511,42,real_sensor_board_511,16.107672256746028,0,normal
2015-01-30 15:25:00+00:00,14.8,Docklands Library,511,52.1,10.4,-37.8195002,144.9418888,ENV,REAL_511,Real sensor series - Docklands Library - board 511,42,real_sensor_board_511,15.926137805396824,0,normal
2015-01-30 15:35:00+00:00,14.8,Docklands Library,511,51.3,10.5,-37.8195002,144.9418888,ENV,REAL_511,Real sensor series - Docklands Library - board 511,42,real_sensor_board_511,15.780910244317461,0,normal
2015-01-30 15:45:00+00:00,14.8,Docklands Library,511,52.9,10.5,-37.8195002,144.9418888,ENV,REAL_511,Real sensor series - Docklands Library - board 511,42,real_sensor_board_511,15.58472819545397,0,normal
2015-01-30 15:55:00+00:00,14.8,Docklands Library,511,52.7,10.5,-37.8195002,144.9418888,ENV,REAL_511,Real sensor series - Docklands Library - board 511,42,real_sensor_board_511,15.427782556363177,0,normal
2015-01-30 16:05:00+00:00,15.2,Docklands Library,511,52.2,10.5,-37.8195002,144.9418888,ENV,REAL_511,Real sensor series - Docklands Library - board 511,42,real_sensor_board_511,15.302226045090542,0,normal
2015-01-30 16:15:00+00:00,15.2,Docklands Library,511,52.6,9.8,-37.8195002,144.9418888,ENV,REAL_511,Real sensor series - Docklands Library - board 511,42,real_sensor_board_511,15.201780836072436,0,normal
2015-01-30 16:25:00+00:00,14.8,Docklands Library,511,52.6,10.1,-37.8195002,144.9418888,ENV,REAL_511,Real sensor series - Docklands Library - board 511,42,real_sensor_board_511,15.12142466885795,0,normal
2015-01-30 16:40:00+00:00,14.8,Docklands Library,511,52.9,10.1,-37.8195002,144.9418888,ENV,REAL_511,Real sensor series - Docklands Library - board 511,42,real_sensor_board_511,15.057139735086361,0,normal
2015-01-30 17:00:00+00:00,14.5,Docklands Library,511,52.9,10.3,-37.8195002,144.9418888,ENV,REAL_511,Real sensor series - Docklands Library - board 511,42,real_sensor_board_511,15.00571178806909,0,normal
2015-01-30 17:10:00+00:00,14.8,Docklands Library,511,54.0,10.2,-37.8195002,144.9418888,ENV,REAL_511,Real sensor series - Docklands Library - board 511,42,real_sensor_board_511,14.904569430455274,0,normal
2015-01-30 17:20:00+00:00,14.5,Docklands Library,511,53.0,9.9,-37.8195002,144.9418888,ENV,REAL_511,Real sensor series - Docklands Library - board 511,42,real_sensor_board_511,14.82365554436422,0,normal
2015-01-30 17:30:00+00:00,14.2,Docklands Library,511,53.8,9.9,-37.8195002,144.9418888,ENV,REAL_511,Real sensor series - Docklands Library - board 511,42,real_sensor_board_511,14.758924435491377,0,normal
2015-01-30 17:40:00+00:00,14.2,Docklands Library,511,54.3,10.1,-37.8195002,144.9418888,ENV,REAL_511,Real sensor series - Docklands Library - board 511,42,real_sensor_board_511,14.707139548393103,0,normal
2015-01-30 18:10:00+00:00,14.2,Docklands Library,511,54.6,10.3,-37.8195002,144.9418888,ENV,REAL_511,Real sensor series - Docklands Library - board 511,42,real_sensor_board_511,14.665711638714484,0,normal
2015-01-30 18:30:00+00:00,14.2,Docklands Library,511,55.5,10.4,-37.8195002,144.9418888,ENV,REAL_511,Real sensor series - Docklands Library - board 511,42,real_sensor_board_511,14.632569310971588,0,normal
2015-01-30 18:40:00+00:00,14.2,Docklands Library,511,55.4,10.4,-37.8195002,144.9418888,ENV,REAL_511,Real sensor series - Docklands Library - board 511,42,real_sensor_board_511,14.606055448777271,0,normal
2015-01-30 18:50:00+00:00,13.9,Docklands Library,511,55.2,10.6,-37.8195002,144.9418888,ENV,REAL_511,Real sensor series - Docklands Library - board 511,42,real_sensor_board_511,14.584844359021817,0,normal
2015-01-30 19:10:00+00:00,13.9,Docklands Library,511,54.9,19.5,-37.8195002,144.9418888,ENV,REAL_511,Real sensor series - Docklands Library - board 511,42,real_sensor_board_511,14.567875487217455,1,weak_multivariate_excursion
2015-01-30 19:20:00+00:00,13.9,Docklands Library,511,55.1,39.7,-37.8195002,144.9418888,ENV,REAL_511,Real sensor series - Docklands Library - board 511,42,real_sensor_board_511,14.554300389773966,1,weak_multivariate_excursion
2015-01-30 19:30:00+00:00,13.9,Docklands Library,511,54.9,61.9,-37.8195002,144.9418888,ENV,REAL_511,Real sensor series - Docklands Library - board 511,42,real_sensor_board_511,14.543440311819174,1,weak_multivariate_excursion
2015-01-30 19:45:00+00:00,14.2,Docklands Library,511,54.6,76.0,-37.8195002,144.9418888,ENV,REAL_511,Real sensor series - Docklands Library - board 511,42,real_sensor_board_511,14.53475224945534,1,weak_multivariate_excursion
2015-01-30 19:55:00+00:00,14.2,Docklands Library,511,55.2,84.3,-37.8195002,144.9418888,ENV,REAL_511,Real sensor series - Docklands Library - board 511,42,real_sensor_board_511,14.527801799564273,1,weak_multivariate_excursion
2015-01-30 20:05:00+00:00,14.2,Docklands Library,511,55.9,88.4,-37.8195002,144.9418888,ENV,REAL_511,Real sensor series - Docklands Library - board 511,42,real_sensor_board_511,14.522241439651419,0,normal
2015-01-30 20:15:00+00:00,13.9,Docklands Library,511,55.9,89.5,-37.8195002,144.9418888,ENV,REAL_511,Real sensor series - Docklands Library - board 511,42,real_sensor_board_511,14.517793151721136,0,normal
2015-01-30 20:25:00+00:00,13.9,Docklands Library,511,56.2,90.7,-37.8195002,144.9418888,ENV,REAL_511,Real sensor series - Docklands Library - board 511,42,real_sensor_board_511,14.51423452137691,0,normal
2015-01-30 20:45:00+00:00,14.2,Docklands Library,511,56.2,92.1,-37.8195002,144.9418888,ENV,REAL_511,Real sensor series - Docklands Library - board 511,42,real_sensor_board_511,14.511387617101528,0,normal
2015-01-30 21:05:00+00:00,14.8,Docklands Library,511,55.1,94.2,-37.8195002,144.9418888,ENV,REAL_511,Real sensor series - Docklands Library - board 511,42,real_sensor_board_511,14.569110093681225,0,normal
2015-01-30 21:15:00+00:00,15.5,Docklands Library,511,54.8,94.7,-37.8195002,144.9418888,ENV,REAL_511,Real sensor series - Docklands Library - board 511,42,real_sensor_board_511,14.75528807494498,0,normal
2015-01-30 21:25:00+00:00,15.8,Docklands Library,511,53.7,95.2,-37.8195002,144.9418888,ENV,REAL_511,Real sensor series - Docklands Library - board 511,42,real_sensor_board_511,14.964230459955985,0,normal
2015-01-30 21:35:00+00:00,16.5,Docklands Library,511,52.7,95.5,-37.8195002,144.9418888,ENV,REAL_511,Real sensor series - Docklands Library - board 511,42,real_sensor_board_511,15.271384367964789,0,normal
2015-01-30 21:45:00+00:00,17.1,Docklands Library,511,51.4,96.0,-37.8195002,144.9418888,ENV,REAL_511,Real sensor series - Docklands Library - board 511,42,real_sensor_board_511,15.57710749437183,0,normal
2015-01-30 21:55:00+00:00,16.8,Docklands Library,511,51.4,95.9,-37.8195002,144.9418888,ENV,REAL_511,Real sensor series - Docklands Library - board 511,42,real_sensor_board_511,15.821685995497464,0,normal
2015-01-30 22:05:00+00:00,16.8,Docklands Library,511,52.1,95.8,-37.8195002,144.9418888,ENV,REAL_511,Real sensor series - Docklands Library - board 511,42,real_sensor_board_511,16.077348796397974,0,normal
2015-01-30 22:15:00+00:00,17.4,Docklands Library,511,51.3,96.5,-37.8195002,144.9418888,ENV,REAL_511,Real sensor series - Docklands Library - board 511,42,real_sensor_board_511,16.341879037118378,0,normal
2015-01-30 23:00:00+00:00,18.7,Docklands Library,511,49.2,97.0,-37.8195002,144.9418888,ENV,REAL_511,Real sensor series - Docklands Library - board 511,42,real_sensor_board_511,16.813503229694703,0,normal
2015-01-30 23:10:00+00:00,18.7,Docklands Library,511,48.9,96.9,-37.8195002,144.9418888,ENV,REAL_511,Real sensor series - Docklands Library - board 511,42,real_sensor_board_511,17.19080258375576,0,normal
2015-01-30 23:40:00+00:00,19.0,Docklands Library,511,48.9,97.2,-37.8195002,144.9418888,ENV,REAL_511,Real sensor series - Docklands Library - board 511,42,real_sensor_board_511,17.49264206700461,0,normal
2015-01-31 00:00:00+00:00,21.3,Docklands Library,511,47.0,97.7,-37.8195002,144.9418888,ENV,REAL_511,Real sensor series - Docklands Library - board 511,42,real_sensor_board_511,17.794113653603688,0,normal
2015-01-31 00:10:00+00:00,19.7,Docklands Library,511,47.5,97.8,-37.8195002,144.9418888,ENV,REAL_511,Real sensor series - Docklands Library - board 511,42,real_sensor_board_511,18.17529092288295,0,normal
2015-01-31 00:20:00+00:00,20.3,Docklands Library,511,47.7,97.5,-37.8195002,144.9418888,ENV,REAL_511,Real sensor series - Docklands Library - board 511,42,real_sensor_board_511,18.60023273830636,0,normal
2015-01-31 00:30:00+00:00,18.7,Docklands Library,511,50.0,97.0,-37.8195002,144.9418888,ENV,REAL_511,Real sensor series - Docklands Library - board 511,42,real_sensor_board_511,18.94018619064509,0,normal
2015-01-31 00:40:00+00:00,21.0,Docklands Library,511,46.4,98.2,-37.8195002,144.9418888,ENV,REAL_511,Real sensor series - Docklands Library - board 511,42,real_sensor_board_511,19.35214895251607,0,normal
2015-01-31 01:00:00+00:00,21.9,Docklands Library,511,44.7,98.2,-37.8195002,144.9418888,ENV,REAL_511,Real sensor series - Docklands Library - board 511,42,real_sensor_board_511,19.681719162012858,0,normal
2015-01-31 01:10:00+00:00,23.2,Docklands Library,511,41.7,98.2,-37.8195002,144.9418888,ENV,REAL_511,Real sensor series - Docklands Library - board 511,42,real_sensor_board_511,19.945375329610286,0,normal
2015-01-31 01:20:00+00:00,20.3,Docklands Library,511,43.7,97.7,-37.8195002,144.9418888,ENV,REAL_511,Real sensor series - Docklands Library - board 511,42,real_sensor_board_511,20.21630026368823,0,normal
2015-01-31 01:30:00+00:00,21.6,Docklands Library,511,43.4,98.2,-37.8195002,144.9418888,ENV,REAL_511,Real sensor series - Docklands Library - board 511,42,real_sensor_board_511,20.433040210950587,0,normal
2015-01-31 01:40:00+00:00,21.3,Docklands Library,511,42.0,97.8,-37.8195002,144.9418888,ENV,REAL_511,Real sensor series - Docklands Library - board 511,42,real_sensor_board_511,20.60643216876047,0,normal
2015-01-31 01:50:00+00:00,22.6,Docklands Library,511,42.0,98.2,-37.8195002,144.9418888,ENV,REAL_511,Real sensor series - Docklands Library - board 511,42,real_sensor_board_511,20.74514573500838,0,normal
2015-01-31 02:00:00+00:00,22.9,Docklands Library,511,41.8,98.0,-37.8195002,144.9418888,ENV,REAL_511,Real sensor series - Docklands Library - board 511,42,real_sensor_board_511,20.856116588006707,0,normal
2015-01-31 02:15:00+00:00,22.6,Docklands Library,511,42.3,98.1,-37.8195002,144.9418888,ENV,REAL_511,Real sensor series - Docklands Library - board 511,42,real_sensor_board_511,20.944893270405366,0,normal
2015-01-31 02:25:00+00:00,23.9,Docklands Library,511,42.0,98.2,-37.8195002,144.9418888,ENV,REAL_511,Real sensor series - Docklands Library - board 511,42,real_sensor_board_511,21.015914616324295,0,normal
2015-01-31 02:45:00+00:00,21.0,Docklands Library,511,44.0,98.1,-37.8195002,144.9418888,ENV,REAL_511,Real sensor series - Docklands Library - board 511,42,real_sensor_board_511,21.07273169305944,0,normal
2015-01-31 02:55:00+00:00,21.0,Docklands Library,511,43.7,98.2,-37.8195002,144.9418888,ENV,REAL_511,Real sensor series - Docklands Library - board 511,42,real_sensor_board_511,21.118185354447554,0,normal
2015-01-31 03:25:00+00:00,21.6,Docklands Library,511,42.5,98.3,-37.8195002,144.9418888,ENV,REAL_511,Real sensor series - Docklands Library - board 511,42,real_sensor_board_511,21.154548283558047,0,normal
2015-01-31 03:35:00+00:00,22.6,Docklands Library,511,41.7,98.3,-37.8195002,144.9418888,ENV,REAL_511,Real sensor series - Docklands Library - board 511,42,real_sensor_board_511,21.183638626846438,0,normal
2015-01-31 04:05:00+00:00,22.9,Docklands Library,511,40.4,98.4,-37.8195002,144.9418888,ENV,REAL_511,Real sensor series - Docklands Library - board 511,42,real_sensor_board_511,21.20691090147715,0,normal
2015-01-31 04:25:00+00:00,23.2,Docklands Library,511,39.6,98.3,-37.8195002,144.9418888,ENV,REAL_511,Real sensor series - Docklands Library - board 511,42,real_sensor_board_511,21.225528721181725,0,normal
2015-01-31 04:55:00+00:00,22.3,Docklands Library,511,38.8,98.4,-37.8195002,144.9418888,ENV,REAL_511,Real sensor series - Docklands Library - board 511,42,real_sensor_board_511,21.240422976945382,1,weak_multivariate_excursion
2015-01-31 05:05:00+00:00,25.5,Docklands Library,511,38.5,98.5,-37.8195002,144.9418888,ENV,REAL_511,Real sensor series - Docklands Library - board 511,42,real_sensor_board_511,21.192338381556304,1,weak_multivariate_excursion
2015-01-31 06:00:00+00:00,23.2,Docklands Library,511,39.8,98.6,-37.8195002,144.9418888,ENV,REAL_511,Real sensor series - Docklands Library - board 511,42,real_sensor_board_511,21.153870705245044,1,weak_multivariate_excursion
2015-01-31 06:20:00+00:00,23.9,Docklands Library,511,38.7,98.6,-37.8195002,144.9418888,ENV,REAL_511,Real sensor series - Docklands Library - board 511,42,real_sensor_board_511,21.123096564196036,1,weak_multivariate_excursion
2015-01-31 09:15:00+00:00,16.5,Docklands Library,511,59.3,63.7,-37.8195002,144.9418888,ENV,REAL_511,Real sensor series - Docklands Library - board 511,42,real_sensor_board_511,20.19847725135683,1,weak_multivariate_excursion
2015-01-31 11:25:00+00:00,16.5,Docklands Library,511,56.5,12.3,-37.8195002,144.9418888,ENV,REAL_511,Real sensor series - Docklands Library - board 511,42,real_sensor_board_511,19.458781801085465,1,weak_multivariate_excursion
2015-01-31 11:55:00+00:00,15.5,Docklands Library,511,61.2,10.9,-37.8195002,144.9418888,ENV,REAL_511,Real sensor series - Docklands Library - board 511,42,real_sensor_board_511,18.667025440868372,1,weak_multivariate_excursion
2015-01-31 12:20:00+00:00,14.8,Docklands Library,511,64.9,10.8,-37.8195002,144.9418888,ENV,REAL_511,Real sensor series - Docklands Library - board 511,42,real_sensor_board_511,17.893620352694697,0,normal
2015-01-31 12:40:00+00:00,14.2,Docklands Library,511,65.6,10.8,-37.8195002,144.9418888,ENV,REAL_511,Real sensor series - Docklands Library - board 511,42,real_sensor_board_511,17.214896282155756,0,normal
2015-01-31 13:30:00+00:00,13.9,Docklands Library,511,68.0,10.8,-37.8195002,144.9418888,ENV,REAL_511,Real sensor series - Docklands Library - board 511,42,real_sensor_board_511,16.611917025724605,0,normal
2015-01-31 13:40:00+00:00,13.9,Docklands Library,511,67.7,10.6,-37.8195002,144.9418888,ENV,REAL_511,Real sensor series - Docklands Library - board 511,42,real_sensor_board_511,16.129533620579686,0,normal
2015-01-31 14:00:00+00:00,13.9,Docklands Library,511,66.6,10.3,-37.8195002,144.9418888,ENV,REAL_511,Real sensor series - Docklands Library - board 511,42,real_sensor_board_511,15.743626896463748,0,normal
2015-01-31 14:20:00+00:00,13.9,Docklands Library,511,67.4,10.3,-37.8195002,144.9418888,ENV,REAL_511,Real sensor series - Docklands Library - board 511,42,real_sensor_board_511,15.434901517171,0,normal
2015-01-31 14:30:00+00:00,13.5,Docklands Library,511,67.2,10.4,-37.8195002,144.9418888,ENV,REAL_511,Real sensor series - Docklands Library - board 511,42,real_sensor_board_511,15.1879212137368,0,normal
2015-01-31 14:50:00+00:00,13.5,Docklands Library,511,67.2,10.5,-37.8195002,144.9418888,ENV,REAL_511,Real sensor series - Docklands Library - board 511,42,real_sensor_board_511,14.93033697098944,0,normal
2015-01-31 15:00:00+00:00,13.5,Docklands Library,511,67.2,10.4,-37.8195002,144.9418888,ENV,REAL_511,Real sensor series - Docklands Library - board 511,42,real_sensor_board_511,14.724269576791553,0,normal
2015-01-31 15:10:00+00:00,14.2,Docklands Library,511,66.9,10.3,-37.8195002,144.9418888,ENV,REAL_511,Real sensor series - Docklands Library - board 511,42,real_sensor_board_511,14.559415661433242,0,normal
2015-01-31 15:20:00+00:00,14.2,Docklands Library,511,65.3,10.3,-37.8195002,144.9418888,ENV,REAL_511,Real sensor series - Docklands Library - board 511,42,real_sensor_board_511,14.427532529146596,0,normal
2015-01-31 15:35:00+00:00,14.2,Docklands Library,511,64.9,10.2,-37.8195002,144.9418888,ENV,REAL_511,Real sensor series - Docklands Library - board 511,42,real_sensor_board_511,14.242026023317276,0,normal
2015-01-31 15:45:00+00:00,14.5,Docklands Library,511,64.4,10.0,-37.8195002,144.9418888,ENV,REAL_511,Real sensor series - Docklands Library - board 511,42,real_sensor_board_511,14.093620818653822,0,normal
2015-01-31 15:55:00+00:00,14.2,Docklands Library,511,64.2,10.4,-37.8195002,144.9418888,ENV,REAL_511,Real sensor series - Docklands Library - board 511,42,real_sensor_board_511,13.974896654923057,0,normal
2015-01-31 16:55:00+00:00,13.2,Docklands Library,511,66.0,10.0,-37.8195002,144.9418888,ENV,REAL_511,Real sensor series - Docklands Library - board 511,42,real_sensor_board_511,13.879917323938447,0,normal
2015-01-31 17:05:00+00:00,13.2,Docklands Library,511,67.5,10.2,-37.8195002,144.9418888,ENV,REAL_511,Real sensor series - Docklands Library - board 511,42,real_sensor_board_511,13.743933859150758,0,normal
2015-01-31 17:45:00+00:00,13.5,Docklands Library,511,67.2,10.2,-37.8195002,144.9418888,ENV,REAL_511,Real sensor series - Docklands Library - board 511,42,real_sensor_board_511,13.635147087320608,0,normal
2015-01-31 17:55:00+00:00,13.2,Docklands Library,511,67.4,10.2,-37.8195002,144.9418888,ENV,REAL_511,Real sensor series - Docklands Library - board 511,42,real_sensor_board_511,13.548117669856488,0,normal
2015-01-31 18:05:00+00:00,13.2,Docklands Library,511,67.8,10.1,-37.8195002,144.9418888,ENV,REAL_511,Real sensor series - Docklands Library - board 511,42,real_sensor_board_511,13.478494135885192,0,normal
2015-01-31 18:35:00+00:00,13.2,Docklands Library,511,65.6,10.1,-37.8195002,144.9418888,ENV,REAL_511,Real sensor series - Docklands Library - board 511,42,real_sensor_board_511,13.422795308708155,0,normal
2015-01-31 18:45:00+00:00,12.9,Docklands Library,511,67.7,10.1,-37.8195002,144.9418888,ENV,REAL_511,Real sensor series - Docklands Library - board 511,42,real_sensor_board_511,13.378236246966525,0,normal
2015-01-31 19:10:00+00:00,13.2,Docklands Library,511,66.6,12.2,-37.8195002,144.9418888,ENV,REAL_511,Real sensor series - Docklands Library - board 511,42,real_sensor_board_511,13.342588997573221,0,normal
2015-01-31 19:20:00+00:00,13.2,Docklands Library,511,65.6,25.6,-37.8195002,144.9418888,ENV,REAL_511,Real sensor series - Docklands Library - board 511,42,real_sensor_board_511,13.314071198058578,1,weak_multivariate_excursion
2015-01-31 19:30:00+00:00,13.2,Docklands Library,511,65.2,42.5,-37.8195002,144.9418888,ENV,REAL_511,Real sensor series - Docklands Library - board 511,42,real_sensor_board_511,13.291256958446864,1,weak_multivariate_excursion
2015-01-31 19:40:00+00:00,13.2,Docklands Library,511,65.5,61.6,-37.8195002,144.9418888,ENV,REAL_511,Real sensor series - Docklands Library - board 511,42,real_sensor_board_511,13.273005566757492,1,weak_multivariate_excursion
2015-01-31 20:00:00+00:00,12.9,Docklands Library,511,66.7,79.7,-37.8195002,144.9418888,ENV,REAL_511,Real sensor series - Docklands Library - board 511,42,real_sensor_board_511,13.258404453405994,1,weak_multivariate_excursion
2015-01-31 20:30:00+00:00,13.2,Docklands Library,511,64.7,89.3,-37.8195002,144.9418888,ENV,REAL_511,Real sensor series - Docklands Library - board 511,42,real_sensor_board_511,13.246723562724796,1,weak_multivariate_excursion
2015-01-31 20:40:00+00:00,13.2,Docklands Library,511,64.2,89.8,-37.8195002,144.9418888,ENV,REAL_511,Real sensor series - Docklands Library - board 511,42,real_sensor_board_511,13.237378850179837,0,normal
2015-01-31 21:00:00+00:00,13.2,Docklands Library,511,65.6,92.1,-37.8195002,144.9418888,ENV,REAL_511,Real sensor series - Docklands Library - board 511,42,real_sensor_board_511,13.22990308014387,0,normal
2015-01-31 21:10:00+00:00,12.6,Docklands Library,511,67.4,92.3,-37.8195002,144.9418888,ENV,REAL_511,Real sensor series - Docklands Library - board 511,42,real_sensor_board_511,13.223922464115098,0,normal
2015-01-31 21:20:00+00:00,12.9,Docklands Library,511,68.0,91.1,-37.8195002,144.9418888,ENV,REAL_511,Real sensor series - Docklands Library - board 511,42,real_sensor_board_511,13.27913797129208,0,normal
2015-01-31 22:25:00+00:00,14.5,Docklands Library,511,64.4,95.5,-37.8195002,144.9418888,ENV,REAL_511,Real sensor series - Docklands Library - board 511,42,real_sensor_board_511,13.523310377033665,0,normal
2015-01-31 22:35:00+00:00,15.2,Docklands Library,511,63.6,96.1,-37.8195002,144.9418888,ENV,REAL_511,Real sensor series - Docklands Library - board 511,42,real_sensor_board_511,13.858648301626932,1,weak_multivariate_excursion
2015-02-03 00:40:00+00:00,20.3,Docklands Library,511,43.1,97.8,-37.8195002,144.9418888,ENV,REAL_511,Real sensor series - Docklands Library - board 511,42,real_sensor_board_511,14.506918641301546,1,weak_multivariate_excursion
2015-02-03 01:10:00+00:00,20.3,Docklands Library,511,42.5,97.8,-37.8195002,144.9418888,ENV,REAL_511,Real sensor series - Docklands Library - board 511,42,real_sensor_board_511,15.025534913041238,1,weak_multivariate_excursion
2015-02-03 06:40:00+00:00,21.6,Docklands Library,511,39.2,98.6,-37.8195002,144.9418888,ENV,REAL_511,Real sensor series - Docklands Library - board 511,42,real_sensor_board_511,15.44042793043299,1,weak_multivariate_excursion
2015-02-03 06:50:00+00:00,20.6,Docklands Library,511,41.0,97.7,-37.8195002,144.9418888,ENV,REAL_511,Real sensor series - Docklands Library - board 511,42,real_sensor_board_511,15.772342344346393,1,weak_multivariate_excursion
2015-02-03 07:20:00+00:00,23.9,Docklands Library,511,36.8,98.6,-37.8195002,144.9418888,ENV,REAL_511,Real sensor series - Docklands Library - board 511,42,real_sensor_board_511,16.037873875477118,1,weak_multivariate_excursion
2015-02-03 07:40:00+00:00,22.9,Docklands Library,511,36.9,98.3,-37.8195002,144.9418888,ENV,REAL_511,Real sensor series - Docklands Library - board 511,42,real_sensor_board_511,16.250299100381696,1,weak_multivariate_excursion
2015-02-03 07:50:00+00:00,19.0,Docklands Library,511,44.5,95.5,-37.8195002,144.9418888,ENV,REAL_511,Real sensor series - Docklands Library - board 511,42,real_sensor_board_511,16.42023928030536,1,weak_multivariate_excursion
2015-02-03 08:00:00+00:00,18.4,Docklands Library,511,45.9,93.2,-37.8195002,144.9418888,ENV,REAL_511,Real sensor series - Docklands Library - board 511,42,real_sensor_board_511,16.55619142424429,1,weak_multivariate_excursion
2015-02-03 08:40:00+00:00,18.4,Docklands Library,511,47.0,97.4,-37.8195002,144.9418888,ENV,REAL_511,Real sensor series - Docklands Library - board 511,42,real_sensor_board_511,16.664953139395433,0,normal
2015-02-03 08:50:00+00:00,18.1,Docklands Library,511,46.6,95.1,-37.8195002,144.9418888,ENV,REAL_511,Real sensor series - Docklands Library - board 511,42,real_sensor_board_511,16.751962511516346,0,normal
2015-02-03 09:00:00+00:00,17.1,Docklands Library,511,48.0,89.2,-37.8195002,144.9418888,ENV,REAL_511,Real sensor series - Docklands Library - board 511,42,real_sensor_board_511,16.82157000921308,0,normal
2015-02-03 09:10:00+00:00,17.1,Docklands Library,511,48.1,84.4,-37.8195002,144.9418888,ENV,REAL_511,Real sensor series - Docklands Library - board 511,42,real_sensor_board_511,16.877256007370466,1,weak_multivariate_excursion
2015-02-03 09:20:00+00:00,17.1,Docklands Library,511,49.2,64.1,-37.8195002,144.9418888,ENV,REAL_511,Real sensor series - Docklands Library - board 511,42,real_sensor_board_511,16.921804805896375,1,weak_multivariate_excursion
2015-02-03 09:30:00+00:00,17.1,Docklands Library,511,48.9,40.9,-37.8195002,144.9418888,ENV,REAL_511,Real sensor series - Docklands Library - board 511,42,real_sensor_board_511,16.9574438447171,1,weak_multivariate_excursion
2015-02-03 09:40:00+00:00,17.1,Docklands Library,511,50.0,18.1,-37.8195002,144.9418888,ENV,REAL_511,Real sensor series - Docklands Library - board 511,42,real_sensor_board_511,16.98595507577368,1,weak_multivariate_excursion
2015-02-03 09:55:00+00:00,17.1,Docklands Library,511,50.0,12.4,-37.8195002,144.9418888,ENV,REAL_511,Real sensor series - Docklands Library - board 511,42,real_sensor_board_511,17.008764060618947,1,weak_multivariate_excursion
2015-02-03 14:10:00+00:00,16.5,Docklands Library,511,46.1,9.9,-37.8195002,144.9418888,ENV,REAL_511,Real sensor series - Docklands Library - board 511,42,real_sensor_board_511,17.02701124849516,0,normal
2015-02-03 16:00:00+00:00,16.1,Docklands Library,511,44.4,10.9,-37.8195002,144.9418888,ENV,REAL_511,Real sensor series - Docklands Library - board 511,42,real_sensor_board_511,17.04160899879613,0,normal
2015-02-03 18:05:00+00:00,15.8,Docklands Library,511,45.0,9.7,-37.8195002,144.9418888,ENV,REAL_511,Real sensor series - Docklands Library - board 511,42,real_sensor_board_511,17.053287199036905,1,weak_multivariate_excursion
2015-02-03 20:20:00+00:00,15.2,Docklands Library,511,56.8,85.6,-37.8195002,144.9418888,ENV,REAL_511,Real sensor series - Docklands Library - board 511,42,real_sensor_board_511,17.062629759229527,1,weak_multivariate_excursion
2015-02-03 20:30:00+00:00,15.5,Docklands Library,511,55.9,89.5,-37.8195002,144.9418888,ENV,REAL_511,Real sensor series - Docklands Library - board 511,42,real_sensor_board_511,17.070103807383624,1,weak_multivariate_excursion
2015-02-03 20:40:00+00:00,15.5,Docklands Library,511,53.7,92.3,-37.8195002,144.9418888,ENV,REAL_511,Real sensor series - Docklands Library - board 511,42,real_sensor_board_511,17.076083045906902,0,normal
2015-02-03 20:50:00+00:00,15.8,Docklands Library,511,54.1,93.9,-37.8195002,144.9418888,ENV,REAL_511,Real sensor series - Docklands Library - board 511,42,real_sensor_board_511,17.080866436725522,0,normal
2015-02-03 21:00:00+00:00,16.1,Docklands Library,511,51.8,94.1,-37.8195002,144.9418888,ENV,REAL_511,Real sensor series - Docklands Library - board 511,42,real_sensor_board_511,17.08469314938042,0,normal
2015-02-03 21:10:00+00:00,14.5,Docklands Library,511,60.1,90.6,-37.8195002,144.9418888,ENV,REAL_511,Real sensor series - Docklands Library - board 511,42,real_sensor_board_511,17.087754519504337,0,normal
2015-02-03 21:20:00+00:00,14.2,Docklands Library,511,65.5,93.3,-37.8195002,144.9418888,ENV,REAL_511,Real sensor series - Docklands Library - board 511,42,real_sensor_board_511,17.09020361560347,0,normal
2015-02-03 21:30:00+00:00,14.8,Docklands Library,511,64.4,95.2,-37.8195002,144.9418888,ENV,REAL_511,Real sensor series - Docklands Library - board 511,42,real_sensor_board_511,17.09216289248278,0,normal
2015-02-03 22:00:00+00:00,15.8,Docklands Library,511,58.5,95.5,-37.8195002,144.9418888,ENV,REAL_511,Real sensor series - Docklands Library - board 511,42,real_sensor_board_511,17.093730313986224,0,normal
2015-02-03 22:20:00+00:00,16.5,Docklands Library,511,56.2,96.0,-37.8195002,144.9418888,ENV,REAL_511,Real sensor series - Docklands Library - board 511,42,real_sensor_board_511,17.094984251188983,0,normal
2015-02-03 22:30:00+00:00,16.8,Docklands Library,511,54.1,96.4,-37.8195002,144.9418888,ENV,REAL_511,Real sensor series - Docklands Library - board 511,42,real_sensor_board_511,17.095987400951188,0,normal
2015-02-03 22:40:00+00:00,17.4,Docklands Library,511,51.9,97.1,-37.8195002,144.9418888,ENV,REAL_511,Real sensor series - Docklands Library - board 511,42,real_sensor_board_511,17.09678992076095,0,normal
2015-02-03 23:25:00+00:00,19.0,Docklands Library,511,48.3,97.6,-37.8195002,144.9418888,ENV,REAL_511,Real sensor series - Docklands Library - board 511,42,real_sensor_board_511,17.097431936608764,0,normal
2015-02-03 23:55:00+00:00,17.1,Docklands Library,511,51.6,96.5,-37.8195002,144.9418888,ENV,REAL_511,Real sensor series - Docklands Library - board 511,42,real_sensor_board_511,17.09794554928701,0,normal
2015-02-04 00:15:00+00:00,15.5,Docklands Library,511,57.4,96.8,-37.8195002,144.9418888,ENV,REAL_511,Real sensor series - Docklands Library - board 511,42,real_sensor_board_511,17.15835643942961,0,normal
2015-02-04 00:35:00+00:00,17.4,Docklands Library,511,51.3,97.0,-37.8195002,144.9418888,ENV,REAL_511,Real sensor series - Docklands Library - board 511,42,real_sensor_board_511,17.206685151543688,0,normal
2015-02-04 00:55:00+00:00,17.4,Docklands Library,511,48.9,97.3,-37.8195002,144.9418888,ENV,REAL_511,Real sensor series - Docklands Library - board 511,42,real_sensor_board_511,17.24534812123495,0,normal
2015-02-04 01:05:00+00:00,17.4,Docklands Library,511,48.5,97.0,-37.8195002,144.9418888,ENV,REAL_511,Real sensor series - Docklands Library - board 511,42,real_sensor_board_511,17.27627849698796,0,normal
2015-02-04 01:15:00+00:00,17.7,Docklands Library,511,46.2,97.0,-37.8195002,144.9418888,ENV,REAL_511,Real sensor series - Docklands Library - board 511,42,real_sensor_board_511,17.36102279759037,0,normal
2015-02-04 01:25:00+00:00,17.1,Docklands Library,511,45.9,96.6,-37.8195002,144.9418888,ENV,REAL_511,Real sensor series - Docklands Library - board 511,42,real_sensor_board_511,17.568818238072296,0,normal
2015-02-04 01:45:00+00:00,18.4,Docklands Library,511,43.4,97.3,-37.8195002,144.9418888,ENV,REAL_511,Real sensor series - Docklands Library - board 511,42,real_sensor_board_511,17.855054590457836,0,normal
2015-02-04 02:05:00+00:00,19.7,Docklands Library,511,39.0,97.9,-37.8195002,144.9418888,ENV,REAL_511,Real sensor series - Docklands Library - board 511,42,real_sensor_board_511,18.22404367236627,0,normal
2015-02-04 02:15:00+00:00,19.7,Docklands Library,511,39.9,97.8,-37.8195002,144.9418888,ENV,REAL_511,Real sensor series - Docklands Library - board 511,42,real_sensor_board_511,18.519234937893017,0,normal
2015-02-04 02:40:00+00:00,20.3,Docklands Library,511,40.4,98.3,-37.8195002,144.9418888,ENV,REAL_511,Real sensor series - Docklands Library - board 511,42,real_sensor_board_511,18.755387950314415,0,normal
2015-02-04 02:50:00+00:00,19.7,Docklands Library,511,39.5,97.5,-37.8195002,144.9418888,ENV,REAL_511,Real sensor series - Docklands Library - board 511,42,real_sensor_board_511,18.94431036025153,0,normal
2015-02-04 03:00:00+00:00,19.7,Docklands Library,511,38.4,98.0,-37.8195002,144.9418888,ENV,REAL_511,Real sensor series - Docklands Library - board 511,42,real_sensor_board_511,19.215448288201227,0,normal
2015-02-04 03:50:00+00:00,20.3,Docklands Library,511,37.4,98.2,-37.8195002,144.9418888,ENV,REAL_511,Real sensor series - Docklands Library - board 511,42,real_sensor_board_511,19.432358630560984,0,normal
2015-02-04 04:10:00+00:00,20.3,Docklands Library,511,36.3,98.3,-37.8195002,144.9418888,ENV,REAL_511,Real sensor series - Docklands Library - board 511,42,real_sensor_board_511,19.605886904448788,0,normal
2015-02-04 04:20:00+00:00,21.0,Docklands Library,511,36.0,98.3,-37.8195002,144.9418888,ENV,REAL_511,Real sensor series - Docklands Library - board 511,42,real_sensor_board_511,19.80470952355903,0,normal
2015-02-04 04:30:00+00:00,21.3,Docklands Library,511,34.9,98.3,-37.8195002,144.9418888,ENV,REAL_511,Real sensor series - Docklands Library - board 511,42,real_sensor_board_511,19.963767618847225,0,normal
2015-02-04 05:20:00+00:00,21.9,Docklands Library,511,34.7,98.4,-37.8195002,144.9418888,ENV,REAL_511,Real sensor series - Docklands Library - board 511,42,real_sensor_board_511,20.09101409507778,0,normal
2015-02-04 05:30:00+00:00,21.3,Docklands Library,511,34.3,98.5,-37.8195002,144.9418888,ENV,REAL_511,Real sensor series - Docklands Library - board 511,42,real_sensor_board_511,20.192811276062226,0,normal
2015-02-04 05:55:00+00:00,21.0,Docklands Library,511,34.3,98.5,-37.8195002,144.9418888,ENV,REAL_511,Real sensor series - Docklands Library - board 511,42,real_sensor_board_511,20.274249020849783,0,normal
2015-02-04 06:05:00+00:00,21.3,Docklands Library,511,33.9,98.5,-37.8195002,144.9418888,ENV,REAL_511,Real sensor series - Docklands Library - board 511,42,real_sensor_board_511,20.33939921667983,0,normal
2015-02-04 06:35:00+00:00,20.6,Docklands Library,511,34.4,98.6,-37.8195002,144.9418888,ENV,REAL_511,Real sensor series - Docklands Library - board 511,42,real_sensor_board_511,20.391519373343865,0,normal
2015-02-04 06:45:00+00:00,20.6,Docklands Library,511,34.1,98.6,-37.8195002,144.9418888,ENV,REAL_511,Real sensor series - Docklands Library - board 511,42,real_sensor_board_511,20.433215498675093,0,normal
2015-02-04 06:55:00+00:00,21.3,Docklands Library,511,35.2,98.6,-37.8195002,144.9418888,ENV,REAL_511,Real sensor series - Docklands Library - board 511,42,real_sensor_board_511,20.466572398940077,0,normal
2015-02-04 07:15:00+00:00,21.6,Docklands Library,511,34.7,98.6,-37.8195002,144.9418888,ENV,REAL_511,Real sensor series - Docklands Library - board 511,42,real_sensor_board_511,20.493257919152065,0,normal
2015-02-04 07:35:00+00:00,21.9,Docklands Library,511,35.5,98.6,-37.8195002,144.9418888,ENV,REAL_511,Real sensor series - Docklands Library - board 511,42,real_sensor_board_511,20.514606335321652,0,normal
2015-02-04 07:45:00+00:00,22.3,Docklands Library,511,35.5,98.6,-37.8195002,144.9418888,ENV,REAL_511,Real sensor series - Docklands Library - board 511,42,real_sensor_board_511,20.531685068257325,0,normal
2015-02-04 07:55:00+00:00,22.6,Docklands Library,511,33.9,98.5,-37.8195002,144.9418888,ENV,REAL_511,Real sensor series - Docklands Library - board 511,42,real_sensor_board_511,20.54534805460586,0,normal
2015-02-04 08:05:00+00:00,22.3,Docklands Library,511,35.5,98.5,-37.8195002,144.9418888,ENV,REAL_511,Real sensor series - Docklands Library - board 511,42,real_sensor_board_511,20.55627844368469,0,normal
2015-02-04 08:15:00+00:00,22.3,Docklands Library,511,36.2,98.4,-37.8195002,144.9418888,ENV,REAL_511,Real sensor series - Docklands Library - board 511,42,real_sensor_board_511,20.565022754947755,0,normal
2015-02-04 08:25:00+00:00,21.9,Docklands Library,511,38.5,98.3,-37.8195002,144.9418888,ENV,REAL_511,Real sensor series - Docklands Library - board 511,42,real_sensor_board_511,20.572018203958205,0,normal
2015-02-04 08:35:00+00:00,20.0,Docklands Library,511,40.4,98.1,-37.8195002,144.9418888,ENV,REAL_511,Real sensor series - Docklands Library - board 511,42,real_sensor_board_511,20.457614563166565,0,normal
2015-02-04 08:45:00+00:00,19.4,Docklands Library,511,41.5,97.9,-37.8195002,144.9418888,ENV,REAL_511,Real sensor series - Docklands Library - board 511,42,real_sensor_board_511,20.246091650533252,0,normal
2015-02-04 08:55:00+00:00,19.0,Docklands Library,511,42.3,97.5,-37.8195002,144.9418888,ENV,REAL_511,Real sensor series - Docklands Library - board 511,42,real_sensor_board_511,19.9968733204266,0,normal
2015-02-04 09:10:00+00:00,18.1,Docklands Library,511,43.7,96.0,-37.8195002,144.9418888,ENV,REAL_511,Real sensor series - Docklands Library - board 511,42,real_sensor_board_511,19.617498656341283,0,normal
2015-02-04 09:20:00+00:00,17.1,Docklands Library,511,44.8,88.8,-37.8195002,144.9418888,ENV,REAL_511,Real sensor series - Docklands Library - board 511,42,real_sensor_board_511,19.113998925073027,1,weak_multivariate_excursion
2015-02-04 09:30:00+00:00,17.1,Docklands Library,511,46.7,76.1,-37.8195002,144.9418888,ENV,REAL_511,Real sensor series - Docklands Library - board 511,42,real_sensor_board_511,18.711199140058422,1,weak_multivariate_excursion
2015-02-04 09:40:00+00:00,16.8,Docklands Library,511,47.0,55.8,-37.8195002,144.9418888,ENV,REAL_511,Real sensor series - Docklands Library - board 511,42,real_sensor_board_511,18.38895931204674,1,weak_multivariate_excursion
2015-02-04 10:10:00+00:00,16.8,Docklands Library,511,47.5,11.5,-37.8195002,144.9418888,ENV,REAL_511,Real sensor series - Docklands Library - board 511,42,real_sensor_board_511,18.131167449637395,1,weak_multivariate_excursion
2015-02-04 10:20:00+00:00,17.1,Docklands Library,511,47.7,11.3,-37.8195002,144.9418888,ENV,REAL_511,Real sensor series - Docklands Library - board 511,42,real_sensor_board_511,17.924933959709918,1,weak_multivariate_excursion
2015-02-04 10:30:00+00:00,17.1,Docklands Library,511,48.3,11.2,-37.8195002,144.9418888,ENV,REAL_511,Real sensor series - Docklands Library - board 511,42,real_sensor_board_511,17.759947167767937,0,normal
2015-02-04 11:00:00+00:00,17.1,Docklands Library,511,50.8,11.3,-37.8195002,144.9418888,ENV,REAL_511,Real sensor series - Docklands Library - board 511,42,real_sensor_board_511,17.56795773421435,0,normal
2015-02-04 11:10:00+00:00,17.1,Docklands Library,511,51.4,11.0,-37.8195002,144.9418888,ENV,REAL_511,Real sensor series - Docklands Library - board 511,42,real_sensor_board_511,17.41436618737148,0,normal
2015-02-04 11:20:00+00:00,16.8,Docklands Library,511,53.0,11.3,-37.8195002,144.9418888,ENV,REAL_511,Real sensor series - Docklands Library - board 511,42,real_sensor_board_511,17.291492949897187,0,normal
2015-02-04 11:30:00+00:00,16.8,Docklands Library,511,53.2,9.5,-37.8195002,144.9418888,ENV,REAL_511,Real sensor series - Docklands Library - board 511,42,real_sensor_board_511,17.19319435991775,0,normal
2015-02-04 11:40:00+00:00,16.8,Docklands Library,511,53.3,9.6,-37.8195002,144.9418888,ENV,REAL_511,Real sensor series - Docklands Library - board 511,42,real_sensor_board_511,17.1145554879342,0,normal
2015-02-04 11:50:00+00:00,16.5,Docklands Library,511,53.0,9.8,-37.8195002,144.9418888,ENV,REAL_511,Real sensor series - Docklands Library - board 511,42,real_sensor_board_511,16.99164439034736,0,normal
2015-02-04 12:00:00+00:00,16.1,Docklands Library,511,53.2,10.0,-37.8195002,144.9418888,ENV,REAL_511,Real sensor series - Docklands Library - board 511,42,real_sensor_board_511,16.81331551227789,0,normal
2015-02-04 12:10:00+00:00,16.1,Docklands Library,511,53.5,10.1,-37.8195002,144.9418888,ENV,REAL_511,Real sensor series - Docklands Library - board 511,42,real_sensor_board_511,16.67065240982231,0,normal
2015-02-04 12:25:00+00:00,15.8,Docklands Library,511,53.0,10.4,-37.8195002,144.9418888,ENV,REAL_511,Real sensor series - Docklands Library - board 511,42,real_sensor_board_511,16.49652192785785,0,normal
2015-02-04 12:35:00+00:00,15.8,Docklands Library,511,53.0,10.5,-37.8195002,144.9418888,ENV,REAL_511,Real sensor series - Docklands Library - board 511,42,real_sensor_board_511,16.35721754228628,0,normal
2015-02-04 12:45:00+00:00,15.5,Docklands Library,511,53.3,9.6,-37.8195002,144.9418888,ENV,REAL_511,Real sensor series - Docklands Library - board 511,42,real_sensor_board_511,16.185774033829023,0,normal
2015-02-04 12:55:00+00:00,15.5,Docklands Library,511,53.3,9.6,-37.8195002,144.9418888,ENV,REAL_511,Real sensor series - Docklands Library - board 511,42,real_sensor_board_511,16.04861922706322,0,normal
2015-02-04 13:05:00+00:00,15.5,Docklands Library,511,53.8,9.6,-37.8195002,144.9418888,ENV,REAL_511,Real sensor series - Docklands Library - board 511,42,real_sensor_board_511,15.938895381650577,0,normal
2015-02-04 13:15:00+00:00,15.5,Docklands Library,511,54.0,9.9,-37.8195002,144.9418888,ENV,REAL_511,Real sensor series - Docklands Library - board 511,42,real_sensor_board_511,15.851116305320462,0,normal
2015-02-04 13:35:00+00:00,15.2,Docklands Library,511,53.8,10.4,-37.8195002,144.9418888,ENV,REAL_511,Real sensor series - Docklands Library - board 511,42,real_sensor_board_511,15.720893044256371,0,normal
2015-02-04 13:45:00+00:00,15.2,Docklands Library,511,54.1,10.6,-37.8195002,144.9418888,ENV,REAL_511,Real sensor series - Docklands Library - board 511,42,real_sensor_board_511,15.616714435405097,0,normal
2015-02-04 13:55:00+00:00,15.2,Docklands Library,511,54.0,9.4,-37.8195002,144.9418888,ENV,REAL_511,Real sensor series - Docklands Library - board 511,42,real_sensor_board_511,15.533371548324077,0,normal
2015-02-04 14:05:00+00:00,15.2,Docklands Library,511,54.6,9.5,-37.8195002,144.9418888,ENV,REAL_511,Real sensor series - Docklands Library - board 511,42,real_sensor_board_511,15.466697238659261,0,normal
2015-02-04 14:15:00+00:00,15.2,Docklands Library,511,54.6,9.8,-37.8195002,144.9418888,ENV,REAL_511,Real sensor series - Docklands Library - board 511,42,real_sensor_board_511,15.41335779092741,0,normal
2015-02-04 14:35:00+00:00,15.2,Docklands Library,511,54.4,10.0,-37.8195002,144.9418888,ENV,REAL_511,Real sensor series - Docklands Library - board 511,42,real_sensor_board_511,15.370686232741928,0,normal
2015-02-04 14:55:00+00:00,14.8,Docklands Library,511,54.4,10.3,-37.8195002,144.9418888,ENV,REAL_511,Real sensor series - Docklands Library - board 511,42,real_sensor_board_511,15.256548986193543,0,normal
2015-02-04 15:05:00+00:00,14.8,Docklands Library,511,54.4,9.7,-37.8195002,144.9418888,ENV,REAL_511,Real sensor series - Docklands Library - board 511,42,real_sensor_board_511,15.165239188954835,0,normal
2015-02-04 15:25:00+00:00,14.8,Docklands Library,511,54.0,9.9,-37.8195002,144.9418888,ENV,REAL_511,Real sensor series - Docklands Library - board 511,42,real_sensor_board_511,15.09219135116387,0,normal
2015-02-04 15:50:00+00:00,14.8,Docklands Library,511,53.8,10.2,-37.8195002,144.9418888,ENV,REAL_511,Real sensor series - Docklands Library - board 511,42,real_sensor_board_511,15.033753080931097,0,normal
2015-02-04 16:00:00+00:00,14.8,Docklands Library,511,53.7,10.2,-37.8195002,144.9418888,ENV,REAL_511,Real sensor series - Docklands Library - board 511,42,real_sensor_board_511,14.98700246474488,0,normal
2015-02-04 16:10:00+00:00,14.8,Docklands Library,511,53.7,9.7,-37.8195002,144.9418888,ENV,REAL_511,Real sensor series - Docklands Library - board 511,42,real_sensor_board_511,14.949601971795905,0,normal
2015-02-04 16:20:00+00:00,14.8,Docklands Library,511,54.1,9.6,-37.8195002,144.9418888,ENV,REAL_511,Real sensor series - Docklands Library - board 511,42,real_sensor_board_511,14.919681577436727,0,normal
2015-02-04 16:30:00+00:00,14.8,Docklands Library,511,53.8,9.7,-37.8195002,144.9418888,ENV,REAL_511,Real sensor series - Docklands Library - board 511,42,real_sensor_board_511,14.895745261949383,0,normal
2015-02-04 16:40:00+00:00,14.8,Docklands Library,511,53.8,9.8,-37.8195002,144.9418888,ENV,REAL_511,Real sensor series - Docklands Library - board 511,42,real_sensor_board_511,14.876596209559509,0,normal
2015-02-04 16:50:00+00:00,14.8,Docklands Library,511,54.0,9.9,-37.8195002,144.9418888,ENV,REAL_511,Real sensor series - Docklands Library - board 511,42,real_sensor_board_511,14.861276967647608,0,normal
2015-02-04 17:00:00+00:00,14.8,Docklands Library,511,53.3,9.8,-37.8195002,144.9418888,ENV,REAL_511,Real sensor series - Docklands Library - board 511,42,real_sensor_board_511,14.849021574118089,0,normal
2015-02-04 17:10:00+00:00,14.8,Docklands Library,511,53.8,10.1,-37.8195002,144.9418888,ENV,REAL_511,Real sensor series - Docklands Library - board 511,42,real_sensor_board_511,14.839217259294472,0,normal
2015-02-04 17:20:00+00:00,14.8,Docklands Library,511,54.0,9.5,-37.8195002,144.9418888,ENV,REAL_511,Real sensor series - Docklands Library - board 511,42,real_sensor_board_511,14.831373807435579,0,normal
2015-02-04 17:30:00+00:00,14.8,Docklands Library,511,54.0,9.5,-37.8195002,144.9418888,ENV,REAL_511,Real sensor series - Docklands Library - board 511,42,real_sensor_board_511,14.825099045948464,0,normal
2015-02-04 17:40:00+00:00,14.8,Docklands Library,511,54.6,9.6,-37.8195002,144.9418888,ENV,REAL_511,Real sensor series - Docklands Library - board 511,42,real_sensor_board_511,14.820079236758772,0,normal
2015-02-04 17:50:00+00:00,14.5,Docklands Library,511,54.0,9.6,-37.8195002,144.9418888,ENV,REAL_511,Real sensor series - Docklands Library - board 511,42,real_sensor_board_511,14.81606338940702,0,normal
2015-02-04 18:00:00+00:00,14.5,Docklands Library,511,54.6,9.9,-37.8195002,144.9418888,ENV,REAL_511,Real sensor series - Docklands Library - board 511,42,real_sensor_board_511,14.812850711525618,0,normal
2015-02-04 18:20:00+00:00,14.5,Docklands Library,511,54.8,10.1,-37.8195002,144.9418888,ENV,REAL_511,Real sensor series - Docklands Library - board 511,42,real_sensor_board_511,14.810280569220495,0,normal
2015-02-04 18:30:00+00:00,14.2,Docklands Library,511,54.9,10.2,-37.8195002,144.9418888,ENV,REAL_511,Real sensor series - Docklands Library - board 511,42,real_sensor_board_511,14.808224455376397,0,normal
2015-02-04 18:40:00+00:00,14.2,Docklands Library,511,55.2,10.2,-37.8195002,144.9418888,ENV,REAL_511,Real sensor series - Docklands Library - board 511,42,real_sensor_board_511,14.806579564301119,0,normal
2015-02-04 19:05:00+00:00,13.9,Docklands Library,511,55.9,11.0,-37.8195002,144.9418888,ENV,REAL_511,Real sensor series - Docklands Library - board 511,42,real_sensor_board_511,14.805263651440896,0,normal
2015-02-04 19:15:00+00:00,14.2,Docklands Library,511,56.3,17.7,-37.8195002,144.9418888,ENV,REAL_511,Real sensor series - Docklands Library - board 511,42,real_sensor_board_511,14.804210921152718,1,weak_multivariate_excursion
2015-02-04 19:25:00+00:00,13.9,Docklands Library,511,55.9,44.9,-37.8195002,144.9418888,ENV,REAL_511,Real sensor series - Docklands Library - board 511,42,real_sensor_board_511,14.803368736922176,1,weak_multivariate_excursion
2015-02-04 19:35:00+00:00,14.2,Docklands Library,511,55.7,71.4,-37.8195002,144.9418888,ENV,REAL_511,Real sensor series - Docklands Library - board 511,42,real_sensor_board_511,14.802694989537741,1,weak_multivariate_excursion
2015-02-04 19:45:00+00:00,14.2,Docklands Library,511,55.9,82.8,-37.8195002,144.9418888,ENV,REAL_511,Real sensor series - Docklands Library - board 511,42,real_sensor_board_511,14.802155991630194,1,weak_multivariate_excursion
2015-02-04 20:05:00+00:00,14.2,Docklands Library,511,55.5,89.8,-37.8195002,144.9418888,ENV,REAL_511,Real sensor series - Docklands Library - board 511,42,real_sensor_board_511,14.801724793304157,0,normal
2015-02-04 20:25:00+00:00,14.2,Docklands Library,511,55.7,91.9,-37.8195002,144.9418888,ENV,REAL_511,Real sensor series - Docklands Library - board 511,42,real_sensor_board_511,14.801379834643328,0,normal
2015-02-04 20:35:00+00:00,14.5,Docklands Library,511,55.2,92.4,-37.8195002,144.9418888,ENV,REAL_511,Real sensor series - Docklands Library - board 511,42,real_sensor_board_511,14.801103867714664,0,normal
2015-02-04 20:45:00+00:00,14.5,Docklands Library,511,54.9,92.8,-37.8195002,144.9418888,ENV,REAL_511,Real sensor series - Docklands Library - board 511,42,real_sensor_board_511,14.800883094171732,0,normal
2015-02-04 20:55:00+00:00,14.8,Docklands Library,511,53.7,93.1,-37.8195002,144.9418888,ENV,REAL_511,Real sensor series - Docklands Library - board 511,42,real_sensor_board_511,14.800706475337387,0,normal
2015-02-04 21:05:00+00:00,14.8,Docklands Library,511,54.0,93.4,-37.8195002,144.9418888,ENV,REAL_511,Real sensor series - Docklands Library - board 511,42,real_sensor_board_511,14.800565180269912,0,normal
2015-02-04 21:35:00+00:00,15.5,Docklands Library,511,53.5,93.8,-37.8195002,144.9418888,ENV,REAL_511,Real sensor series - Docklands Library - board 511,42,real_sensor_board_511,14.94045214421593,0,normal
2015-02-04 21:45:00+00:00,15.8,Docklands Library,511,53.0,94.0,-37.8195002,144.9418888,ENV,REAL_511,Real sensor series - Docklands Library - board 511,42,real_sensor_board_511,15.112361715372746,0,normal
2015-02-04 21:55:00+00:00,15.8,Docklands Library,511,52.6,94.1,-37.8195002,144.9418888,ENV,REAL_511,Real sensor series - Docklands Library - board 511,42,real_sensor_board_511,15.249889372298197,0,normal
2015-02-04 22:20:00+00:00,16.1,Docklands Library,511,51.4,94.2,-37.8195002,144.9418888,ENV,REAL_511,Real sensor series - Docklands Library - board 511,42,real_sensor_board_511,15.419911497838559,0,normal
2015-02-04 23:20:00+00:00,17.1,Docklands Library,511,48.5,95.0,-37.8195002,144.9418888,ENV,REAL_511,Real sensor series - Docklands Library - board 511,42,real_sensor_board_511,15.755929198270847,1,weak_multivariate_excursion
2015-02-05 00:20:00+00:00,23.9,Docklands Library,511,38.7,97.8,-37.8195002,144.9418888,ENV,REAL_511,Real sensor series - Docklands Library - board 511,42,real_sensor_board_511,16.48474335861668,1,weak_multivariate_excursion
2015-02-05 04:35:00+00:00,26.5,Docklands Library,511,40.9,98.4,-37.8195002,144.9418888,ENV,REAL_511,Real sensor series - Docklands Library - board 511,42,real_sensor_board_511,17.067794686893343,1,weak_multivariate_excursion
2015-02-05 04:50:00+00:00,26.8,Docklands Library,511,39.9,98.4,-37.8195002,144.9418888,ENV,REAL_511,Real sensor series - Docklands Library - board 511,42,real_sensor_board_511,17.534235749514675,1,weak_multivariate_excursion
2015-02-05 05:00:00+00:00,26.8,Docklands Library,511,40.7,98.4,-37.8195002,144.9418888,ENV,REAL_511,Real sensor series - Docklands Library - board 511,42,real_sensor_board_511,17.90738859961174,1,weak_multivariate_excursion
2015-02-05 05:10:00+00:00,26.8,Docklands Library,511,41.4,98.5,-37.8195002,144.9418888,ENV,REAL_511,Real sensor series - Docklands Library - board 511,42,real_sensor_board_511,18.20591087968939,1,weak_multivariate_excursion
2015-02-05 06:00:00+00:00,26.5,Docklands Library,511,42.0,98.5,-37.8195002,144.9418888,ENV,REAL_511,Real sensor series - Docklands Library - board 511,42,real_sensor_board_511,18.44472870375151,1,weak_multivariate_excursion
2015-02-05 06:20:00+00:00,27.4,Docklands Library,511,41.0,98.6,-37.8195002,144.9418888,ENV,REAL_511,Real sensor series - Docklands Library - board 511,42,real_sensor_board_511,18.63578296300121,1,weak_multivariate_excursion
2015-02-05 06:50:00+00:00,28.4,Docklands Library,511,39.3,98.6,-37.8195002,144.9418888,ENV,REAL_511,Real sensor series - Docklands Library - board 511,42,real_sensor_board_511,18.788626370400966,1,weak_multivariate_excursion
2015-02-05 07:00:00+00:00,29.7,Docklands Library,511,37.7,98.6,-37.8195002,144.9418888,ENV,REAL_511,Real sensor series - Docklands Library - board 511,42,real_sensor_board_511,18.910901096320774,1,weak_multivariate_excursion
2015-02-05 07:10:00+00:00,26.8,Docklands Library,511,40.3,98.6,-37.8195002,144.9418888,ENV,REAL_511,Real sensor series - Docklands Library - board 511,42,real_sensor_board_511,19.00872087705662,1,weak_multivariate_excursion
2015-02-05 07:40:00+00:00,26.8,Docklands Library,511,39.2,98.6,-37.8195002,144.9418888,ENV,REAL_511,Real sensor series - Docklands Library - board 511,42,real_sensor_board_511,19.0869767016453,1,weak_multivariate_excursion
2015-02-05 08:25:00+00:00,25.5,Docklands Library,511,41.7,98.4,-37.8195002,144.9418888,ENV,REAL_511,Real sensor series - Docklands Library - board 511,42,real_sensor_board_511,19.14958136131624,1,weak_multivariate_excursion
2015-02-05 08:55:00+00:00,22.6,Docklands Library,511,46.6,97.4,-37.8195002,144.9418888,ENV,REAL_511,Real sensor series - Docklands Library - board 511,42,real_sensor_board_511,19.199665089052992,1,weak_multivariate_excursion
2015-02-05 09:25:00+00:00,20.0,Docklands Library,511,51.6,79.2,-37.8195002,144.9418888,ENV,REAL_511,Real sensor series - Docklands Library - board 511,42,real_sensor_board_511,19.239732071242393,1,weak_multivariate_excursion
2015-02-05 09:35:00+00:00,20.0,Docklands Library,511,52.1,64.2,-37.8195002,144.9418888,ENV,REAL_511,Real sensor series - Docklands Library - board 511,42,real_sensor_board_511,19.271785656993917,1,weak_multivariate_excursion
2015-02-05 10:15:00+00:00,19.4,Docklands Library,511,52.7,12.6,-37.8195002,144.9418888,ENV,REAL_511,Real sensor series - Docklands Library - board 511,42,real_sensor_board_511,19.297428525595134,1,weak_multivariate_excursion
2015-02-05 10:35:00+00:00,19.4,Docklands Library,511,53.7,12.9,-37.8195002,144.9418888,ENV,REAL_511,Real sensor series - Docklands Library - board 511,42,real_sensor_board_511,19.31794282047611,1,weak_multivariate_excursion
2015-02-05 11:05:00+00:00,19.0,Docklands Library,511,54.6,12.0,-37.8195002,144.9418888,ENV,REAL_511,Real sensor series - Docklands Library - board 511,42,real_sensor_board_511,19.25435425638089,0,normal
2015-02-05 11:15:00+00:00,19.0,Docklands Library,511,55.2,12.1,-37.8195002,144.9418888,ENV,REAL_511,Real sensor series - Docklands Library - board 511,42,real_sensor_board_511,19.203483405104713,0,normal
2015-02-05 12:00:00+00:00,18.7,Docklands Library,511,57.0,10.8,-37.8195002,144.9418888,ENV,REAL_511,Real sensor series - Docklands Library - board 511,42,real_sensor_board_511,19.16278672408377,0,normal
2015-02-05 12:10:00+00:00,18.7,Docklands Library,511,57.0,10.8,-37.8195002,144.9418888,ENV,REAL_511,Real sensor series - Docklands Library - board 511,42,real_sensor_board_511,19.130229379267018,0,normal
2015-02-05 12:20:00+00:00,19.0,Docklands Library,511,57.1,10.5,-37.8195002,144.9418888,ENV,REAL_511,Real sensor series - Docklands Library - board 511,42,real_sensor_board_511,19.044183503413613,0,normal
2015-02-05 12:50:00+00:00,18.7,Docklands Library,511,57.6,10.4,-37.8195002,144.9418888,ENV,REAL_511,Real sensor series - Docklands Library - board 511,42,real_sensor_board_511,18.97534680273089,0,normal
2015-02-05 13:00:00+00:00,19.0,Docklands Library,511,58.1,10.4,-37.8195002,144.9418888,ENV,REAL_511,Real sensor series - Docklands Library - board 511,42,real_sensor_board_511,18.920277442184712,0,normal
2015-02-05 13:10:00+00:00,18.7,Docklands Library,511,57.4,10.6,-37.8195002,144.9418888,ENV,REAL_511,Real sensor series - Docklands Library - board 511,42,real_sensor_board_511,18.876221953747773,0,normal
2015-02-05 13:30:00+00:00,17.1,Docklands Library,511,56.2,10.4,-37.8195002,144.9418888,ENV,REAL_511,Real sensor series - Docklands Library - board 511,42,real_sensor_board_511,18.52097756299822,0,normal
2015-02-05 14:10:00+00:00,16.8,Docklands Library,511,56.0,10.3,-37.8195002,144.9418888,ENV,REAL_511,Real sensor series - Docklands Library - board 511,42,real_sensor_board_511,18.176782050398575,0,normal
2015-02-05 15:35:00+00:00,15.8,Docklands Library,511,58.5,10.4,-37.8195002,144.9418888,ENV,REAL_511,Real sensor series - Docklands Library - board 511,42,real_sensor_board_511,17.901425640318863,0,normal
2015-02-05 15:55:00+00:00,15.8,Docklands Library,511,57.8,10.5,-37.8195002,144.9418888,ENV,REAL_511,Real sensor series - Docklands Library - board 511,42,real_sensor_board_511,17.68114051225509,0,normal
2015-02-05 16:05:00+00:00,15.8,Docklands Library,511,58.7,10.7,-37.8195002,144.9418888,ENV,REAL_511,Real sensor series - Docklands Library - board 511,42,real_sensor_board_511,17.504912409804074,0,normal
2015-02-05 16:15:00+00:00,15.8,Docklands Library,511,58.5,10.0,-37.8195002,144.9418888,ENV,REAL_511,Real sensor series - Docklands Library - board 511,42,real_sensor_board_511,17.36392992784326,0,normal
2015-02-05 16:45:00+00:00,15.5,Docklands Library,511,59.2,10.4,-37.8195002,144.9418888,ENV,REAL_511,Real sensor series - Docklands Library - board 511,42,real_sensor_board_511,17.25114394227461,0,normal
2015-02-05 16:55:00+00:00,15.5,Docklands Library,511,59.2,10.5,-37.8195002,144.9418888,ENV,REAL_511,Real sensor series - Docklands Library - board 511,42,real_sensor_board_511,17.160915153819687,0,normal
2015-02-05 17:05:00+00:00,15.5,Docklands Library,511,59.2,10.9,-37.8195002,144.9418888,ENV,REAL_511,Real sensor series - Docklands Library - board 511,42,real_sensor_board_511,17.08873212305575,0,normal
2015-02-05 17:25:00+00:00,15.5,Docklands Library,511,59.6,10.6,-37.8195002,144.9418888,ENV,REAL_511,Real sensor series - Docklands Library - board 511,42,real_sensor_board_511,17.0309856984446,0,normal
2015-02-05 18:30:00+00:00,15.2,Docklands Library,511,59.8,10.6,-37.8195002,144.9418888,ENV,REAL_511,Real sensor series - Docklands Library - board 511,42,real_sensor_board_511,16.98478855875568,0,normal
2015-02-05 19:00:00+00:00,15.2,Docklands Library,511,60.3,11.0,-37.8195002,144.9418888,ENV,REAL_511,Real sensor series - Docklands Library - board 511,42,real_sensor_board_511,16.947830847004546,1,weak_multivariate_excursion
2015-02-05 19:30:00+00:00,14.8,Docklands Library,511,60.3,58.7,-37.8195002,144.9418888,ENV,REAL_511,Real sensor series - Docklands Library - board 511,42,real_sensor_board_511,16.918264677603638,1,weak_multivariate_excursion
2015-02-05 19:50:00+00:00,15.2,Docklands Library,511,59.8,85.3,-37.8195002,144.9418888,ENV,REAL_511,Real sensor series - Docklands Library - board 511,42,real_sensor_board_511,16.894611742082912,1,weak_multivariate_excursion
2015-02-05 21:00:00+00:00,15.8,Docklands Library,511,59.2,93.3,-37.8195002,144.9418888,ENV,REAL_511,Real sensor series - Docklands Library - board 511,42,real_sensor_board_511,16.87568939366633,1,weak_multivariate_excursion
2015-02-05 21:10:00+00:00,16.1,Docklands Library,511,58.1,93.5,-37.8195002,144.9418888,ENV,REAL_511,Real sensor series - Docklands Library - board 511,42,real_sensor_board_511,16.860551514933064,0,normal
2015-02-05 21:35:00+00:00,16.8,Docklands Library,511,57.4,93.7,-37.8195002,144.9418888,ENV,REAL_511,Real sensor series - Docklands Library - board 511,42,real_sensor_board_511,16.84844121194645,0,normal
2015-02-05 22:45:00+00:00,19.7,Docklands Library,511,52.4,94.5,-37.8195002,144.9418888,ENV,REAL_511,Real sensor series - Docklands Library - board 511,42,real_sensor_board_511,17.41875296955716,0,normal
2015-02-05 23:05:00+00:00,20.3,Docklands Library,511,51.1,94.8,-37.8195002,144.9418888,ENV,REAL_511,Real sensor series - Docklands Library - board 511,42,real_sensor_board_511,17.995002375645733,1,weak_multivariate_excursion
2015-02-06 00:50:00+00:00,34.5,Docklands Library,511,33.2,97.9,-37.8195002,144.9418888,ENV,REAL_511,Real sensor series - Docklands Library - board 511,42,real_sensor_board_511,19.17600190051659,1,weak_multivariate_excursion
2015-02-06 02:10:00+00:00,31.0,Docklands Library,511,39.2,98.0,-37.8195002,144.9418888,ENV,REAL_511,Real sensor series - Docklands Library - board 511,42,real_sensor_board_511,20.180801520413272,1,weak_multivariate_excursion
2015-02-06 05:25:00+00:00,36.8,Docklands Library,511,22.4,98.5,-37.8195002,144.9418888,ENV,REAL_511,Real sensor series - Docklands Library - board 511,42,real_sensor_board_511,21.044641216330618,1,weak_multivariate_excursion
2015-02-06 06:25:00+00:00,37.7,Docklands Library,511,21.0,98.6,-37.8195002,144.9418888,ENV,REAL_511,Real sensor series - Docklands Library - board 511,42,real_sensor_board_511,21.875712973064495,1,weak_multivariate_excursion
2015-02-06 06:45:00+00:00,38.1,Docklands Library,511,21.7,98.4,-37.8195002,144.9418888,ENV,REAL_511,Real sensor series - Docklands Library - board 511,42,real_sensor_board_511,22.660570378451595,1,weak_multivariate_excursion
2015-02-06 06:55:00+00:00,37.7,Docklands Library,511,20.9,98.6,-37.8195002,144.9418888,ENV,REAL_511,Real sensor series - Docklands Library - board 511,42,real_sensor_board_511,23.428456302761276,1,weak_multivariate_excursion
2015-02-06 07:15:00+00:00,38.1,Docklands Library,511,20.7,98.6,-37.8195002,144.9418888,ENV,REAL_511,Real sensor series - Docklands Library - board 511,42,real_sensor_board_511,24.102765042209022,1,weak_multivariate_excursion
2015-02-06 08:10:00+00:00,35.5,Docklands Library,511,23.2,97.5,-37.8195002,144.9418888,ENV,REAL_511,Real sensor series - Docklands Library - board 511,42,real_sensor_board_511,24.64221203376722,1,weak_multivariate_excursion
2015-02-06 08:30:00+00:00,32.3,Docklands Library,511,27.5,94.0,-37.8195002,144.9418888,ENV,REAL_511,Real sensor series - Docklands Library - board 511,42,real_sensor_board_511,25.133769627013777,1,weak_multivariate_excursion
2015-02-06 08:40:00+00:00,31.6,Docklands Library,511,27.3,94.4,-37.8195002,144.9418888,ENV,REAL_511,Real sensor series - Docklands Library - board 511,42,real_sensor_board_511,25.84701570161102,1,weak_multivariate_excursion
2015-02-06 09:20:00+00:00,31.0,Docklands Library,511,28.3,85.6,-37.8195002,144.9418888,ENV,REAL_511,Real sensor series - Docklands Library - board 511,42,real_sensor_board_511,26.47761256128882,1,weak_multivariate_excursion
2015-02-06 16:20:00+00:00,23.9,Docklands Library,511,40.3,9.9,-37.8195002,144.9418888,ENV,REAL_511,Real sensor series - Docklands Library - board 511,42,real_sensor_board_511,27.302090049031058,1,weak_multivariate_excursion
2015-02-06 16:50:00+00:00,24.2,Docklands Library,511,38.5,10.2,-37.8195002,144.9418888,ENV,REAL_511,Real sensor series - Docklands Library - board 511,42,real_sensor_board_511,28.041672039224846,1,weak_multivariate_excursion
2015-02-06 17:10:00+00:00,24.5,Docklands Library,511,36.6,10.3,-37.8195002,144.9418888,ENV,REAL_511,Real sensor series - Docklands Library - board 511,42,real_sensor_board_511,28.633337631379877,0,normal
2015-02-06 19:15:00+00:00,25.2,Docklands Library,511,33.2,15.5,-37.8195002,144.9418888,ENV,REAL_511,Real sensor series - Docklands Library - board 511,42,real_sensor_board_511,29.106670105103902,1,weak_multivariate_excursion
2015-02-06 19:35:00+00:00,25.8,Docklands Library,511,31.7,64.2,-37.8195002,144.9418888,ENV,REAL_511,Real sensor series - Docklands Library - board 511,42,real_sensor_board_511,29.485336084083123,1,weak_multivariate_excursion
2015-02-06 22:30:00+00:00,26.5,Docklands Library,511,32.1,96.2,-37.8195002,144.9418888,ENV,REAL_511,Real sensor series - Docklands Library - board 511,42,real_sensor_board_511,29.7882688672665,1,weak_multivariate_excursion
2015-02-06 22:40:00+00:00,26.8,Docklands Library,511,31.7,96.3,-37.8195002,144.9418888,ENV,REAL_511,Real sensor series - Docklands Library - board 511,42,real_sensor_board_511,30.1506150938132,1,weak_multivariate_excursion
2015-02-06 22:50:00+00:00,26.8,Docklands Library,511,31.3,96.5,-37.8195002,144.9418888,ENV,REAL_511,Real sensor series - Docklands Library - board 511,42,real_sensor_board_511,30.440492075050564,0,normal
2015-02-06 23:00:00+00:00,27.1,Docklands Library,511,31.0,96.7,-37.8195002,144.9418888,ENV,REAL_511,Real sensor series - Docklands Library - board 511,42,real_sensor_board_511,30.672393660040452,0,normal
2015-02-06 23:20:00+00:00,28.7,Docklands Library,511,30.3,96.8,-37.8195002,144.9418888,ENV,REAL_511,Real sensor series - Docklands Library - board 511,42,real_sensor_board_511,30.737914928032364,0,normal
2015-02-06 23:30:00+00:00,29.0,Docklands Library,511,28.7,97.2,-37.8195002,144.9418888,ENV,REAL_511,Real sensor series - Docklands Library - board 511,42,real_sensor_board_511,30.79033194242589,0,normal
2015-02-06 23:40:00+00:00,32.6,Docklands Library,511,26.2,97.9,-37.8195002,144.9418888,ENV,REAL_511,Real sensor series - Docklands Library - board 511,42,real_sensor_board_511,30.83226555394071,0,normal
2015-02-06 23:50:00+00:00,31.0,Docklands Library,511,26.7,97.7,-37.8195002,144.9418888,ENV,REAL_511,Real sensor series - Docklands Library - board 511,42,real_sensor_board_511,30.785812443152572,0,normal
2015-02-07 00:10:00+00:00,31.6,Docklands Library,511,25.7,98.2,-37.8195002,144.9418888,ENV,REAL_511,Real sensor series - Docklands Library - board 511,42,real_sensor_board_511,30.42864995452206,0,normal
2015-02-07 00:45:00+00:00,31.6,Docklands Library,511,26.2,97.8,-37.8195002,144.9418888,ENV,REAL_511,Real sensor series - Docklands Library - board 511,42,real_sensor_board_511,30.08291996361765,0,normal
2015-02-07 00:55:00+00:00,30.6,Docklands Library,511,26.1,97.5,-37.8195002,144.9418888,ENV,REAL_511,Real sensor series - Docklands Library - board 511,42,real_sensor_board_511,29.48633597089412,0,normal
2015-02-07 01:25:00+00:00,31.0,Docklands Library,511,25.9,97.4,-37.8195002,144.9418888,ENV,REAL_511,Real sensor series - Docklands Library - board 511,42,real_sensor_board_511,29.0090687767153,1,weak_multivariate_excursion
2015-02-07 03:05:00+00:00,36.8,Docklands Library,511,21.8,98.5,-37.8195002,144.9418888,ENV,REAL_511,Real sensor series - Docklands Library - board 511,42,real_sensor_board_511,28.627255021372243,1,weak_multivariate_excursion
2015-02-07 03:15:00+00:00,36.8,Docklands Library,511,20.7,98.0,-37.8195002,144.9418888,ENV,REAL_511,Real sensor series - Docklands Library - board 511,42,real_sensor_board_511,28.321804017097797,1,weak_multivariate_excursion
2015-02-07 04:00:00+00:00,35.8,Docklands Library,511,22.6,97.8,-37.8195002,144.9418888,ENV,REAL_511,Real sensor series - Docklands Library - board 511,42,real_sensor_board_511,28.07744321367824,1,weak_multivariate_excursion
2015-02-07 06:30:00+00:00,34.8,Docklands Library,511,21.5,98.3,-37.8195002,144.9418888,ENV,REAL_511,Real sensor series - Docklands Library - board 511,42,real_sensor_board_511,27.881954570942597,1,weak_multivariate_excursion
2015-02-07 06:40:00+00:00,36.8,Docklands Library,511,20.4,98.3,-37.8195002,144.9418888,ENV,REAL_511,Real sensor series - Docklands Library - board 511,42,real_sensor_board_511,27.72556365675408,1,weak_multivariate_excursion
2015-02-07 07:05:00+00:00,33.2,Docklands Library,511,21.5,97.2,-37.8195002,144.9418888,ENV,REAL_511,Real sensor series - Docklands Library - board 511,42,real_sensor_board_511,27.600450925403266,1,weak_multivariate_excursion
2015-02-07 07:55:00+00:00,32.9,Docklands Library,511,21.5,95.8,-37.8195002,144.9418888,ENV,REAL_511,Real sensor series - Docklands Library - board 511,42,real_sensor_board_511,27.500360740322616,1,weak_multivariate_excursion
2015-02-07 09:35:00+00:00,25.8,Docklands Library,511,40.4,34.1,-37.8195002,144.9418888,ENV,REAL_511,Real sensor series - Docklands Library - board 511,42,real_sensor_board_511,27.160288592258095,1,weak_multivariate_excursion
2015-02-07 14:35:00+00:00,25.5,Docklands Library,511,37.3,11.4,-37.8195002,144.9418888,ENV,REAL_511,Real sensor series - Docklands Library - board 511,42,real_sensor_board_511,26.82823087380648,1,weak_multivariate_excursion
2015-02-07 14:45:00+00:00,25.5,Docklands Library,511,36.8,10.9,-37.8195002,144.9418888,ENV,REAL_511,Real sensor series - Docklands Library - board 511,42,real_sensor_board_511,26.562584699045185,1,weak_multivariate_excursion
2015-02-07 15:05:00+00:00,25.2,Docklands Library,511,36.6,10.8,-37.8195002,144.9418888,ENV,REAL_511,Real sensor series - Docklands Library - board 511,42,real_sensor_board_511,26.29006775923615,0,normal
2015-02-07 18:00:00+00:00,24.8,Docklands Library,511,34.7,11.5,-37.8195002,144.9418888,ENV,REAL_511,Real sensor series - Docklands Library - board 511,42,real_sensor_board_511,25.99205420738892,0,normal
2015-02-07 18:10:00+00:00,24.2,Docklands Library,511,36.6,11.7,-37.8195002,144.9418888,ENV,REAL_511,Real sensor series - Docklands Library - board 511,42,real_sensor_board_511,25.633643365911137,0,normal
2015-02-07 18:30:00+00:00,22.9,Docklands Library,511,46.4,12.1,-37.8195002,144.9418888,ENV,REAL_511,Real sensor series - Docklands Library - board 511,42,real_sensor_board_511,25.346914692728912,1,weak_multivariate_excursion
2015-02-07 19:40:00+00:00,22.6,Docklands Library,511,45.6,73.2,-37.8195002,144.9418888,ENV,REAL_511,Real sensor series - Docklands Library - board 511,42,real_sensor_board_511,24.857531754183128,1,weak_multivariate_excursion
2015-02-07 20:35:00+00:00,19.7,Docklands Library,511,62.8,92.2,-37.8195002,144.9418888,ENV,REAL_511,Real sensor series - Docklands Library - board 511,42,real_sensor_board_511,24.406025403346504,1,weak_multivariate_excursion
2015-02-07 21:05:00+00:00,19.4,Docklands Library,511,61.5,92.2,-37.8195002,144.9418888,ENV,REAL_511,Real sensor series - Docklands Library - board 511,42,real_sensor_board_511,24.044820322677204,1,weak_multivariate_excursion
2015-02-07 21:35:00+00:00,19.4,Docklands Library,511,60.1,91.0,-37.8195002,144.9418888,ENV,REAL_511,Real sensor series - Docklands Library - board 511,42,real_sensor_board_511,23.755856258141765,0,normal
2015-02-07 21:45:00+00:00,19.0,Docklands Library,511,60.8,91.0,-37.8195002,144.9418888,ENV,REAL_511,Real sensor series - Docklands Library - board 511,42,real_sensor_board_511,23.524685006513412,0,normal
2015-02-07 22:05:00+00:00,19.4,Docklands Library,511,59.8,92.1,-37.8195002,144.9418888,ENV,REAL_511,Real sensor series - Docklands Library - board 511,42,real_sensor_board_511,23.33974800521073,0,normal
2015-02-07 22:25:00+00:00,19.0,Docklands Library,511,59.3,92.6,-37.8195002,144.9418888,ENV,REAL_511,Real sensor series - Docklands Library - board 511,42,real_sensor_board_511,23.051798404168583,0,normal
2015-02-07 23:25:00+00:00,19.0,Docklands Library,511,56.3,93.9,-37.8195002,144.9418888,ENV,REAL_511,Real sensor series - Docklands Library - board 511,42,real_sensor_board_511,22.821438723334865,0,normal
2015-02-07 23:35:00+00:00,19.0,Docklands Library,511,57.1,94.5,-37.8195002,144.9418888,ENV,REAL_511,Real sensor series - Docklands Library - board 511,42,real_sensor_board_511,22.63715097866789,0,normal
2015-02-08 00:30:00+00:00,19.7,Docklands Library,511,53.7,95.5,-37.8195002,144.9418888,ENV,REAL_511,Real sensor series - Docklands Library - board 511,42,real_sensor_board_511,22.309720782934313,0,normal
2015-02-08 01:10:00+00:00,20.0,Docklands Library,511,52.2,96.4,-37.8195002,144.9418888,ENV,REAL_511,Real sensor series - Docklands Library - board 511,42,real_sensor_board_511,21.96777662634745,0,normal
2015-02-08 01:40:00+00:00,20.0,Docklands Library,511,51.6,96.8,-37.8195002,144.9418888,ENV,REAL_511,Real sensor series - Docklands Library - board 511,42,real_sensor_board_511,21.694221301077963,0,normal
2015-02-08 02:20:00+00:00,21.0,Docklands Library,511,47.3,97.5,-37.8195002,144.9418888,ENV,REAL_511,Real sensor series - Docklands Library - board 511,42,real_sensor_board_511,21.355377040862372,0,normal
2015-02-08 02:50:00+00:00,21.9,Docklands Library,511,46.4,97.9,-37.8195002,144.9418888,ENV,REAL_511,Real sensor series - Docklands Library - board 511,42,real_sensor_board_511,21.084301632689897,0,normal
2015-02-08 04:25:00+00:00,24.5,Docklands Library,511,42.3,98.3,-37.8195002,144.9418888,ENV,REAL_511,Real sensor series - Docklands Library - board 511,42,real_sensor_board_511,20.80744130615192,0,normal
2015-02-08 06:05:00+00:00,21.9,Docklands Library,511,45.5,97.7,-37.8195002,144.9418888,ENV,REAL_511,Real sensor series - Docklands Library - board 511,42,real_sensor_board_511,20.58595304492154,0,normal
2015-02-08 06:15:00+00:00,21.9,Docklands Library,511,45.8,97.3,-37.8195002,144.9418888,ENV,REAL_511,Real sensor series - Docklands Library - board 511,42,real_sensor_board_511,20.348762435937232,0,normal
2015-02-08 06:25:00+00:00,23.9,Docklands Library,511,47.2,98.7,-37.8195002,144.9418888,ENV,REAL_511,Real sensor series - Docklands Library - board 511,42,real_sensor_board_511,20.159009948749784,0,normal
2015-02-08 07:10:00+00:00,24.8,Docklands Library,511,41.8,98.6,-37.8195002,144.9418888,ENV,REAL_511,Real sensor series - Docklands Library - board 511,42,real_sensor_board_511,20.007207958999828,0,normal
2015-02-08 07:30:00+00:00,23.5,Docklands Library,511,42.1,98.6,-37.8195002,144.9418888,ENV,REAL_511,Real sensor series - Docklands Library - board 511,42,real_sensor_board_511,19.805766367199865,0,normal
2015-02-08 08:30:00+00:00,22.6,Docklands Library,511,43.7,98.3,-37.8195002,144.9418888,ENV,REAL_511,Real sensor series - Docklands Library - board 511,42,real_sensor_board_511,19.644613093759894,0,normal
2015-02-08 08:40:00+00:00,20.6,Docklands Library,511,46.1,96.4,-37.8195002,144.9418888,ENV,REAL_511,Real sensor series - Docklands Library - board 511,42,real_sensor_board_511,19.515690475007915,0,normal
2015-02-08 08:50:00+00:00,20.6,Docklands Library,511,48.6,97.8,-37.8195002,144.9418888,ENV,REAL_511,Real sensor series - Docklands Library - board 511,42,real_sensor_board_511,19.412552380006332,1,weak_multivariate_excursion
2015-02-08 09:20:00+00:00,18.7,Docklands Library,511,51.3,70.3,-37.8195002,144.9418888,ENV,REAL_511,Real sensor series - Docklands Library - board 511,42,real_sensor_board_511,19.27004190400507,1,weak_multivariate_excursion
2015-02-08 09:40:00+00:00,18.4,Docklands Library,511,50.3,30.9,-37.8195002,144.9418888,ENV,REAL_511,Real sensor series - Docklands Library - board 511,42,real_sensor_board_511,19.15603352320406,1,weak_multivariate_excursion
2015-02-08 10:05:00+00:00,18.7,Docklands Library,511,50.3,11.8,-37.8195002,144.9418888,ENV,REAL_511,Real sensor series - Docklands Library - board 511,42,real_sensor_board_511,19.004826818563245,1,weak_multivariate_excursion
2015-02-08 12:25:00+00:00,17.7,Docklands Library,511,50.5,9.9,-37.8195002,144.9418888,ENV,REAL_511,Real sensor series - Docklands Library - board 511,42,real_sensor_board_511,18.743861454850595,1,weak_multivariate_excursion
2015-02-08 12:35:00+00:00,17.7,Docklands Library,511,49.1,9.9,-37.8195002,144.9418888,ENV,REAL_511,Real sensor series - Docklands Library - board 511,42,real_sensor_board_511,18.53508916388048,0,normal
2015-02-08 12:45:00+00:00,17.4,Docklands Library,511,47.8,10.5,-37.8195002,144.9418888,ENV,REAL_511,Real sensor series - Docklands Library - board 511,42,real_sensor_board_511,18.308071331104383,0,normal
2015-02-08 13:20:00+00:00,17.1,Docklands Library,511,48.9,9.4,-37.8195002,144.9418888,ENV,REAL_511,Real sensor series - Docklands Library - board 511,42,real_sensor_board_511,18.066457064883508,0,normal
2015-02-08 13:30:00+00:00,17.1,Docklands Library,511,48.9,10.3,-37.8195002,144.9418888,ENV,REAL_511,Real sensor series - Docklands Library - board 511,42,real_sensor_board_511,17.87316565190681,0,normal
2015-02-08 13:40:00+00:00,16.8,Docklands Library,511,49.1,10.0,-37.8195002,144.9418888,ENV,REAL_511,Real sensor series - Docklands Library - board 511,42,real_sensor_board_511,17.658532521525448,0,normal
2015-02-08 13:50:00+00:00,16.8,Docklands Library,511,47.8,10.1,-37.8195002,144.9418888,ENV,REAL_511,Real sensor series - Docklands Library - board 511,42,real_sensor_board_511,17.48682601722036,0,normal
2015-02-08 14:00:00+00:00,16.5,Docklands Library,511,46.6,10.2,-37.8195002,144.9418888,ENV,REAL_511,Real sensor series - Docklands Library - board 511,42,real_sensor_board_511,17.289460813776287,0,normal
2015-02-08 14:10:00+00:00,16.5,Docklands Library,511,47.5,10.3,-37.8195002,144.9418888,ENV,REAL_511,Real sensor series - Docklands Library - board 511,42,real_sensor_board_511,17.13156865102103,0,normal
2015-02-08 15:40:00+00:00,15.8,Docklands Library,511,46.9,10.2,-37.8195002,144.9418888,ENV,REAL_511,Real sensor series - Docklands Library - board 511,42,real_sensor_board_511,16.865254920816824,0,normal
2015-02-08 16:00:00+00:00,15.8,Docklands Library,511,48.0,10.2,-37.8195002,144.9418888,ENV,REAL_511,Real sensor series - Docklands Library - board 511,42,real_sensor_board_511,16.65220393665346,0,normal
2015-02-08 16:35:00+00:00,15.5,Docklands Library,511,47.8,10.0,-37.8195002,144.9418888,ENV,REAL_511,Real sensor series - Docklands Library - board 511,42,real_sensor_board_511,16.42176314932277,0,normal
2015-02-08 16:45:00+00:00,15.5,Docklands Library,511,47.8,10.3,-37.8195002,144.9418888,ENV,REAL_511,Real sensor series - Docklands Library - board 511,42,real_sensor_board_511,16.23741051945822,0,normal
2015-02-08 16:55:00+00:00,15.5,Docklands Library,511,47.3,10.1,-37.8195002,144.9418888,ENV,REAL_511,Real sensor series - Docklands Library - board 511,42,real_sensor_board_511,16.089928415566575,0,normal
2015-02-08 17:05:00+00:00,15.5,Docklands Library,511,48.1,10.2,-37.8195002,144.9418888,ENV,REAL_511,Real sensor series - Docklands Library - board 511,42,real_sensor_board_511,15.971942732453261,0,normal
2015-02-08 17:15:00+00:00,15.5,Docklands Library,511,47.3,10.3,-37.8195002,144.9418888,ENV,REAL_511,Real sensor series - Docklands Library - board 511,42,real_sensor_board_511,15.877554185962609,0,normal
2015-02-08 17:25:00+00:00,15.5,Docklands Library,511,47.3,10.9,-37.8195002,144.9418888,ENV,REAL_511,Real sensor series - Docklands Library - board 511,42,real_sensor_board_511,15.802043348770088,0,normal
2015-02-08 18:25:00+00:00,15.2,Docklands Library,511,46.9,10.7,-37.8195002,144.9418888,ENV,REAL_511,Real sensor series - Docklands Library - board 511,42,real_sensor_board_511,15.741634679016071,0,normal
2015-02-08 18:35:00+00:00,15.2,Docklands Library,511,46.7,10.8,-37.8195002,144.9418888,ENV,REAL_511,Real sensor series - Docklands Library - board 511,42,real_sensor_board_511,15.693307743212857,0,normal
2015-02-08 18:55:00+00:00,15.2,Docklands Library,511,47.2,10.9,-37.8195002,144.9418888,ENV,REAL_511,Real sensor series - Docklands Library - board 511,42,real_sensor_board_511,15.654646194570287,0,normal
2015-02-08 19:05:00+00:00,15.2,Docklands Library,511,47.0,11.6,-37.8195002,144.9418888,ENV,REAL_511,Real sensor series - Docklands Library - board 511,42,real_sensor_board_511,15.62371695565623,1,weak_multivariate_excursion
2015-02-08 19:25:00+00:00,15.2,Docklands Library,511,47.3,40.2,-37.8195002,144.9418888,ENV,REAL_511,Real sensor series - Docklands Library - board 511,42,real_sensor_board_511,15.598973564524984,1,weak_multivariate_excursion
2015-02-08 19:45:00+00:00,15.2,Docklands Library,511,47.8,80.9,-37.8195002,144.9418888,ENV,REAL_511,Real sensor series - Docklands Library - board 511,42,real_sensor_board_511,15.579178851619988,1,weak_multivariate_excursion
2015-02-08 20:10:00+00:00,15.2,Docklands Library,511,47.7,89.6,-37.8195002,144.9418888,ENV,REAL_511,Real sensor series - Docklands Library - board 511,42,real_sensor_board_511,15.56334308129599,1,weak_multivariate_excursion
2015-02-08 20:30:00+00:00,15.5,Docklands Library,511,48.1,92.0,-37.8195002,144.9418888,ENV,REAL_511,Real sensor series - Docklands Library - board 511,42,real_sensor_board_511,15.550674465036792,0,normal
2015-02-08 20:50:00+00:00,15.5,Docklands Library,511,47.8,93.0,-37.8195002,144.9418888,ENV,REAL_511,Real sensor series - Docklands Library - board 511,42,real_sensor_board_511,15.540539572029434,0,normal
2015-02-08 21:20:00+00:00,15.5,Docklands Library,511,47.2,93.7,-37.8195002,144.9418888,ENV,REAL_511,Real sensor series - Docklands Library - board 511,42,real_sensor_board_511,15.532431657623547,0,normal
2015-02-08 21:40:00+00:00,15.5,Docklands Library,511,48.0,94.1,-37.8195002,144.9418888,ENV,REAL_511,Real sensor series - Docklands Library - board 511,42,real_sensor_board_511,15.525945326098839,0,normal
2015-02-08 21:50:00+00:00,15.8,Docklands Library,511,48.1,94.2,-37.8195002,144.9418888,ENV,REAL_511,Real sensor series - Docklands Library - board 511,42,real_sensor_board_511,15.580756260879072,0,normal
2015-02-08 23:00:00+00:00,16.5,Docklands Library,511,46.2,94.9,-37.8195002,144.9418888,ENV,REAL_511,Real sensor series - Docklands Library - board 511,42,real_sensor_board_511,15.76460500870326,0,normal
2015-02-08 23:15:00+00:00,16.8,Docklands Library,511,47.5,95.2,-37.8195002,144.9418888,ENV,REAL_511,Real sensor series - Docklands Library - board 511,42,real_sensor_board_511,15.971684006962608,1,weak_multivariate_excursion
2015-02-08 23:45:00+00:00,21.6,Docklands Library,511,39.3,97.7,-37.8195002,144.9418888,ENV,REAL_511,Real sensor series - Docklands Library - board 511,42,real_sensor_board_511,16.137347205570087,1,weak_multivariate_excursion
2015-02-09 00:05:00+00:00,22.9,Docklands Library,511,38.0,97.8,-37.8195002,144.9418888,ENV,REAL_511,Real sensor series - Docklands Library - board 511,42,real_sensor_board_511,16.26987776445607,1,weak_multivariate_excursion
2015-02-09 01:55:00+00:00,24.8,Docklands Library,511,41.2,97.9,-37.8195002,144.9418888,ENV,REAL_511,Real sensor series - Docklands Library - board 511,42,real_sensor_board_511,16.375902211564856,1,weak_multivariate_excursion
2015-02-09 02:40:00+00:00,23.9,Docklands Library,511,41.8,98.0,-37.8195002,144.9418888,ENV,REAL_511,Real sensor series - Docklands Library - board 511,42,real_sensor_board_511,16.460721769251887,1,weak_multivariate_excursion
2015-02-09 09:05:00+00:00,24.5,Docklands Library,511,44.0,94.4,-37.8195002,144.9418888,ENV,REAL_511,Real sensor series - Docklands Library - board 511,42,real_sensor_board_511,16.52857741540151,1,weak_multivariate_excursion
2015-02-09 10:20:00+00:00,21.3,Docklands Library,511,50.0,11.8,-37.8195002,144.9418888,ENV,REAL_511,Real sensor series - Docklands Library - board 511,42,real_sensor_board_511,16.582861932321208,1,weak_multivariate_excursion
2015-02-09 11:20:00+00:00,20.3,Docklands Library,511,51.9,11.8,-37.8195002,144.9418888,ENV,REAL_511,Real sensor series - Docklands Library - board 511,42,real_sensor_board_511,16.626289545856967,1,weak_multivariate_excursion
2015-02-09 11:30:00+00:00,20.0,Docklands Library,511,52.7,10.1,-37.8195002,144.9418888,ENV,REAL_511,Real sensor series - Docklands Library - board 511,42,real_sensor_board_511,16.661031636685575,0,normal
2015-02-09 12:10:00+00:00,19.7,Docklands Library,511,53.3,10.6,-37.8195002,144.9418888,ENV,REAL_511,Real sensor series - Docklands Library - board 511,42,real_sensor_board_511,16.68882530934846,0,normal
2015-02-09 14:05:00+00:00,18.7,Docklands Library,511,55.1,10.3,-37.8195002,144.9418888,ENV,REAL_511,Real sensor series - Docklands Library - board 511,42,real_sensor_board_511,16.71106024747877,0,normal
2015-02-09 14:15:00+00:00,18.7,Docklands Library,511,56.3,9.7,-37.8195002,144.9418888,ENV,REAL_511,Real sensor series - Docklands Library - board 511,42,real_sensor_board_511,16.728848197983016,0,normal
2015-02-09 14:35:00+00:00,18.1,Docklands Library,511,57.8,10.0,-37.8195002,144.9418888,ENV,REAL_511,Real sensor series - Docklands Library - board 511,42,real_sensor_board_511,16.743078558386415,0,normal
2015-02-09 14:45:00+00:00,18.1,Docklands Library,511,58.7,10.2,-37.8195002,144.9418888,ENV,REAL_511,Real sensor series - Docklands Library - board 511,42,real_sensor_board_511,16.75446284670913,0,normal
2015-02-09 15:55:00+00:00,17.1,Docklands Library,511,60.9,10.3,-37.8195002,144.9418888,ENV,REAL_511,Real sensor series - Docklands Library - board 511,42,real_sensor_board_511,16.763570277367307,0,normal
2015-02-09 16:30:00+00:00,16.8,Docklands Library,511,61.9,10.0,-37.8195002,144.9418888,ENV,REAL_511,Real sensor series - Docklands Library - board 511,42,real_sensor_board_511,16.830856221893846,0,normal
2015-02-09 17:00:00+00:00,16.8,Docklands Library,511,62.0,10.4,-37.8195002,144.9418888,ENV,REAL_511,Real sensor series - Docklands Library - board 511,42,real_sensor_board_511,17.084684977515078,0,normal
2015-02-09 17:40:00+00:00,16.5,Docklands Library,511,62.5,10.5,-37.8195002,144.9418888,ENV,REAL_511,Real sensor series - Docklands Library - board 511,42,real_sensor_board_511,17.287747982012064,0,normal
2015-02-09 18:00:00+00:00,16.5,Docklands Library,511,63.1,10.5,-37.8195002,144.9418888,ENV,REAL_511,Real sensor series - Docklands Library - board 511,42,real_sensor_board_511,17.450198385609653,0,normal
2015-02-09 18:20:00+00:00,16.1,Docklands Library,511,63.1,10.4,-37.8195002,144.9418888,ENV,REAL_511,Real sensor series - Docklands Library - board 511,42,real_sensor_board_511,17.580158708487723,0,normal
2015-02-09 18:30:00+00:00,16.5,Docklands Library,511,63.7,10.4,-37.8195002,144.9418888,ENV,REAL_511,Real sensor series - Docklands Library - board 511,42,real_sensor_board_511,17.684126966790178,0,normal
2015-02-09 18:40:00+00:00,16.5,Docklands Library,511,63.1,10.5,-37.8195002,144.9418888,ENV,REAL_511,Real sensor series - Docklands Library - board 511,42,real_sensor_board_511,17.767301573432142,0,normal
2015-02-09 18:50:00+00:00,16.1,Docklands Library,511,63.6,10.5,-37.8195002,144.9418888,ENV,REAL_511,Real sensor series - Docklands Library - board 511,42,real_sensor_board_511,17.833841258745714,0,normal
2015-02-09 19:00:00+00:00,16.1,Docklands Library,511,63.7,10.8,-37.8195002,144.9418888,ENV,REAL_511,Real sensor series - Docklands Library - board 511,42,real_sensor_board_511,17.887073006996573,0,normal
2015-02-09 19:10:00+00:00,16.1,Docklands Library,511,64.1,12.2,-37.8195002,144.9418888,ENV,REAL_511,Real sensor series - Docklands Library - board 511,42,real_sensor_board_511,17.92965840559726,1,weak_multivariate_excursion
2015-02-09 19:25:00+00:00,16.1,Docklands Library,511,63.4,24.0,-37.8195002,144.9418888,ENV,REAL_511,Real sensor series - Docklands Library - board 511,42,real_sensor_board_511,17.96372672447781,1,weak_multivariate_excursion
2015-02-09 19:35:00+00:00,16.1,Docklands Library,511,63.6,54.3,-37.8195002,144.9418888,ENV,REAL_511,Real sensor series - Docklands Library - board 511,42,real_sensor_board_511,17.990981379582248,1,weak_multivariate_excursion
2015-02-09 19:55:00+00:00,16.5,Docklands Library,511,63.7,84.4,-37.8195002,144.9418888,ENV,REAL_511,Real sensor series - Docklands Library - board 511,42,real_sensor_board_511,18.0127851036658,1,weak_multivariate_excursion
2015-02-09 20:15:00+00:00,16.5,Docklands Library,511,63.7,90.3,-37.8195002,144.9418888,ENV,REAL_511,Real sensor series - Docklands Library - board 511,42,real_sensor_board_511,18.03022808293264,1,weak_multivariate_excursion
2015-02-10 02:35:00+00:00,28.7,Docklands Library,511,42.9,98.0,-37.8195002,144.9418888,ENV,REAL_511,Real sensor series - Docklands Library - board 511,42,real_sensor_board_511,18.424182466346114,1,weak_multivariate_excursion
2015-02-10 10:25:00+00:00,23.5,Docklands Library,511,54.0,11.0,-37.8195002,144.9418888,ENV,REAL_511,Real sensor series - Docklands Library - board 511,42,real_sensor_board_511,18.739345973076894,1,weak_multivariate_excursion
2015-02-10 10:35:00+00:00,23.5,Docklands Library,511,55.2,11.1,-37.8195002,144.9418888,ENV,REAL_511,Real sensor series - Docklands Library - board 511,42,real_sensor_board_511,18.991476778461518,1,weak_multivariate_excursion
2015-02-10 10:45:00+00:00,23.2,Docklands Library,511,55.2,11.0,-37.8195002,144.9418888,ENV,REAL_511,Real sensor series - Docklands Library - board 511,42,real_sensor_board_511,19.193181422769214,0,normal
2015-02-10 11:05:00+00:00,23.2,Docklands Library,511,55.9,11.1,-37.8195002,144.9418888,ENV,REAL_511,Real sensor series - Docklands Library - board 511,42,real_sensor_board_511,19.35454513821537,0,normal
2015-02-10 11:15:00+00:00,22.9,Docklands Library,511,57.4,11.1,-37.8195002,144.9418888,ENV,REAL_511,Real sensor series - Docklands Library - board 511,42,real_sensor_board_511,19.4836361105723,0,normal
2015-02-10 11:45:00+00:00,22.3,Docklands Library,511,57.9,9.9,-37.8195002,144.9418888,ENV,REAL_511,Real sensor series - Docklands Library - board 511,42,real_sensor_board_511,19.58690888845784,0,normal
2015-02-10 11:55:00+00:00,21.9,Docklands Library,511,58.2,10.1,-37.8195002,144.9418888,ENV,REAL_511,Real sensor series - Docklands Library - board 511,42,real_sensor_board_511,19.669527110766275,0,normal
2015-02-10 12:15:00+00:00,21.6,Docklands Library,511,59.5,10.3,-37.8195002,144.9418888,ENV,REAL_511,Real sensor series - Docklands Library - board 511,42,real_sensor_board_511,19.735621688613023,0,normal
2015-02-10 12:30:00+00:00,21.0,Docklands Library,511,60.6,9.7,-37.8195002,144.9418888,ENV,REAL_511,Real sensor series - Docklands Library - board 511,42,real_sensor_board_511,19.788497350890417,0,normal
2015-02-10 12:40:00+00:00,20.6,Docklands Library,511,60.9,9.8,-37.8195002,144.9418888,ENV,REAL_511,Real sensor series - Docklands Library - board 511,42,real_sensor_board_511,19.830797880712332,0,normal
2015-02-10 12:50:00+00:00,20.6,Docklands Library,511,61.2,10.1,-37.8195002,144.9418888,ENV,REAL_511,Real sensor series - Docklands Library - board 511,42,real_sensor_board_511,19.864638304569866,0,normal
2015-02-10 13:10:00+00:00,20.3,Docklands Library,511,62.3,10.1,-37.8195002,144.9418888,ENV,REAL_511,Real sensor series - Docklands Library - board 511,42,real_sensor_board_511,19.89171064365589,0,normal
2015-02-10 13:20:00+00:00,20.3,Docklands Library,511,62.3,9.5,-37.8195002,144.9418888,ENV,REAL_511,Real sensor series - Docklands Library - board 511,42,real_sensor_board_511,19.913368514924713,0,normal
2015-02-10 13:30:00+00:00,20.3,Docklands Library,511,62.3,9.7,-37.8195002,144.9418888,ENV,REAL_511,Real sensor series - Docklands Library - board 511,42,real_sensor_board_511,19.930694811939773,0,normal
2015-02-10 13:40:00+00:00,20.0,Docklands Library,511,62.0,9.8,-37.8195002,144.9418888,ENV,REAL_511,Real sensor series - Docklands Library - board 511,42,real_sensor_board_511,19.94455584955182,0,normal
2015-02-10 14:10:00+00:00,20.0,Docklands Library,511,62.0,9.6,-37.8195002,144.9418888,ENV,REAL_511,Real sensor series - Docklands Library - board 511,42,real_sensor_board_511,19.955644679641455,0,normal
2015-02-10 14:20:00+00:00,19.7,Docklands Library,511,61.9,9.4,-37.8195002,144.9418888,ENV,REAL_511,Real sensor series - Docklands Library - board 511,42,real_sensor_board_511,19.904515743713166,0,normal
2015-02-10 14:40:00+00:00,19.7,Docklands Library,511,61.7,9.7,-37.8195002,144.9418888,ENV,REAL_511,Real sensor series - Docklands Library - board 511,42,real_sensor_board_511,19.863612594970533,0,normal
2015-02-10 15:00:00+00:00,19.7,Docklands Library,511,62.8,9.9,-37.8195002,144.9418888,ENV,REAL_511,Real sensor series - Docklands Library - board 511,42,real_sensor_board_511,19.830890075976427,0,normal
2015-02-10 15:20:00+00:00,19.7,Docklands Library,511,62.5,9.5,-37.8195002,144.9418888,ENV,REAL_511,Real sensor series - Docklands Library - board 511,42,real_sensor_board_511,19.804712060781142,0,normal
2015-02-10 15:30:00+00:00,19.7,Docklands Library,511,62.0,9.6,-37.8195002,144.9418888,ENV,REAL_511,Real sensor series - Docklands Library - board 511,42,real_sensor_board_511,19.783769648624915,0,normal
2015-02-10 15:45:00+00:00,19.4,Docklands Library,511,62.2,9.7,-37.8195002,144.9418888,ENV,REAL_511,Real sensor series - Docklands Library - board 511,42,real_sensor_board_511,19.767015718899934,0,normal
2015-02-10 15:55:00+00:00,19.4,Docklands Library,511,62.0,9.7,-37.8195002,144.9418888,ENV,REAL_511,Real sensor series - Docklands Library - board 511,42,real_sensor_board_511,19.75361257511995,0,normal
2015-02-10 16:15:00+00:00,19.7,Docklands Library,511,61.9,9.2,-37.8195002,144.9418888,ENV,REAL_511,Real sensor series - Docklands Library - board 511,42,real_sensor_board_511,19.74289006009596,0,normal
2015-02-10 16:25:00+00:00,19.7,Docklands Library,511,61.5,9.4,-37.8195002,144.9418888,ENV,REAL_511,Real sensor series - Docklands Library - board 511,42,real_sensor_board_511,19.73431204807677,0,normal
2015-02-10 16:35:00+00:00,19.4,Docklands Library,511,61.9,9.5,-37.8195002,144.9418888,ENV,REAL_511,Real sensor series - Docklands Library - board 511,42,real_sensor_board_511,19.72744963846142,0,normal
2015-02-10 16:45:00+00:00,19.4,Docklands Library,511,61.9,9.5,-37.8195002,144.9418888,ENV,REAL_511,Real sensor series - Docklands Library - board 511,42,real_sensor_board_511,19.721959710769138,0,normal
2015-02-10 16:55:00+00:00,19.4,Docklands Library,511,61.7,9.6,-37.8195002,144.9418888,ENV,REAL_511,Real sensor series - Docklands Library - board 511,42,real_sensor_board_511,19.71756776861531,0,normal
2015-02-10 17:15:00+00:00,19.7,Docklands Library,511,61.5,9.7,-37.8195002,144.9418888,ENV,REAL_511,Real sensor series - Docklands Library - board 511,42,real_sensor_board_511,19.71405421489225,0,normal
2015-02-10 17:25:00+00:00,19.7,Docklands Library,511,61.1,9.8,-37.8195002,144.9418888,ENV,REAL_511,Real sensor series - Docklands Library - board 511,42,real_sensor_board_511,19.711243371913802,0,normal
2015-02-10 17:35:00+00:00,19.4,Docklands Library,511,61.5,9.8,-37.8195002,144.9418888,ENV,REAL_511,Real sensor series - Docklands Library - board 511,42,real_sensor_board_511,19.708994697531043,0,normal
2015-02-10 17:55:00+00:00,19.7,Docklands Library,511,61.4,9.7,-37.8195002,144.9418888,ENV,REAL_511,Real sensor series - Docklands Library - board 511,42,real_sensor_board_511,19.707195758024834,0,normal
2015-02-10 18:05:00+00:00,19.7,Docklands Library,511,60.8,9.8,-37.8195002,144.9418888,ENV,REAL_511,Real sensor series - Docklands Library - board 511,42,real_sensor_board_511,19.64575660641987,0,normal
2015-02-10 18:15:00+00:00,19.4,Docklands Library,511,61.7,9.7,-37.8195002,144.9418888,ENV,REAL_511,Real sensor series - Docklands Library - board 511,42,real_sensor_board_511,19.596605285135897,0,normal
2015-02-10 18:25:00+00:00,19.4,Docklands Library,511,60.8,9.7,-37.8195002,144.9418888,ENV,REAL_511,Real sensor series - Docklands Library - board 511,42,real_sensor_board_511,19.557284228108717,0,normal
2015-02-10 18:35:00+00:00,19.4,Docklands Library,511,60.4,9.7,-37.8195002,144.9418888,ENV,REAL_511,Real sensor series - Docklands Library - board 511,42,real_sensor_board_511,19.525827382486973,0,normal
2015-02-10 18:45:00+00:00,19.4,Docklands Library,511,60.6,9.8,-37.8195002,144.9418888,ENV,REAL_511,Real sensor series - Docklands Library - board 511,42,real_sensor_board_511,19.500661905989578,0,normal
2015-02-10 19:00:00+00:00,19.7,Docklands Library,511,60.4,9.9,-37.8195002,144.9418888,ENV,REAL_511,Real sensor series - Docklands Library - board 511,42,real_sensor_board_511,19.480529524791663,0,normal
2015-02-10 19:10:00+00:00,19.7,Docklands Library,511,60.1,10.4,-37.8195002,144.9418888,ENV,REAL_511,Real sensor series - Docklands Library - board 511,42,real_sensor_board_511,19.46442361983333,0,normal
2015-02-10 19:20:00+00:00,19.7,Docklands Library,511,60.4,14.2,-37.8195002,144.9418888,ENV,REAL_511,Real sensor series - Docklands Library - board 511,42,real_sensor_board_511,19.451538895866666,1,weak_multivariate_excursion
2015-02-10 20:00:00+00:00,19.7,Docklands Library,511,61.1,85.6,-37.8195002,144.9418888,ENV,REAL_511,Real sensor series - Docklands Library - board 511,42,real_sensor_board_511,19.441231116693334,1,weak_multivariate_excursion
2015-02-10 23:35:00+00:00,26.8,Docklands Library,511,54.1,97.7,-37.8195002,144.9418888,ENV,REAL_511,Real sensor series - Docklands Library - board 511,42,real_sensor_board_511,19.432984893354668,1,weak_multivariate_excursion
2015-02-11 09:20:00+00:00,19.4,Docklands Library,511,57.4,52.1,-37.8195002,144.9418888,ENV,REAL_511,Real sensor series - Docklands Library - board 511,42,real_sensor_board_511,19.426387914683733,1,weak_multivariate_excursion
2015-02-11 09:30:00+00:00,19.4,Docklands Library,511,57.6,32.4,-37.8195002,144.9418888,ENV,REAL_511,Real sensor series - Docklands Library - board 511,42,real_sensor_board_511,19.421110331746988,1,weak_multivariate_excursion
2015-02-11 09:40:00+00:00,19.0,Docklands Library,511,57.8,15.5,-37.8195002,144.9418888,ENV,REAL_511,Real sensor series - Docklands Library - board 511,42,real_sensor_board_511,19.33688826539759,1,weak_multivariate_excursion
2015-02-11 09:50:00+00:00,19.0,Docklands Library,511,56.5,11.7,-37.8195002,144.9418888,ENV,REAL_511,Real sensor series - Docklands Library - board 511,42,real_sensor_board_511,19.269510612318072,1,weak_multivariate_excursion
2015-02-11 10:10:00+00:00,19.0,Docklands Library,511,55.9,10.9,-37.8195002,144.9418888,ENV,REAL_511,Real sensor series - Docklands Library - board 511,42,real_sensor_board_511,19.215608489854457,0,normal
2015-02-11 10:20:00+00:00,19.0,Docklands Library,511,56.0,10.9,-37.8195002,144.9418888,ENV,REAL_511,Real sensor series - Docklands Library - board 511,42,real_sensor_board_511,19.172486791883568,0,normal
2015-02-11 10:30:00+00:00,19.0,Docklands Library,511,56.0,11.1,-37.8195002,144.9418888,ENV,REAL_511,Real sensor series - Docklands Library - board 511,42,real_sensor_board_511,19.137989433506856,0,normal
2015-02-11 11:40:00+00:00,18.7,Docklands Library,511,54.9,9.9,-37.8195002,144.9418888,ENV,REAL_511,Real sensor series - Docklands Library - board 511,42,real_sensor_board_511,19.110391546805484,0,normal
2015-02-11 12:05:00+00:00,19.0,Docklands Library,511,55.2,10.4,-37.8195002,144.9418888,ENV,REAL_511,Real sensor series - Docklands Library - board 511,42,real_sensor_board_511,19.08831323744439,0,normal
2015-02-11 12:15:00+00:00,18.7,Docklands Library,511,54.6,10.1,-37.8195002,144.9418888,ENV,REAL_511,Real sensor series - Docklands Library - board 511,42,real_sensor_board_511,19.070650589955513,0,normal
2015-02-11 12:25:00+00:00,18.7,Docklands Library,511,55.2,9.4,-37.8195002,144.9418888,ENV,REAL_511,Real sensor series - Docklands Library - board 511,42,real_sensor_board_511,19.05652047196441,0,normal
2015-02-11 12:55:00+00:00,18.7,Docklands Library,511,54.9,10.0,-37.8195002,144.9418888,ENV,REAL_511,Real sensor series - Docklands Library - board 511,42,real_sensor_board_511,18.985216377571533,0,normal
2015-02-11 13:05:00+00:00,18.7,Docklands Library,511,55.5,10.1,-37.8195002,144.9418888,ENV,REAL_511,Real sensor series - Docklands Library - board 511,42,real_sensor_board_511,18.92817310205723,0,normal
2015-02-11 13:25:00+00:00,19.0,Docklands Library,511,53.3,9.6,-37.8195002,144.9418888,ENV,REAL_511,Real sensor series - Docklands Library - board 511,42,real_sensor_board_511,18.882538481645785,0,normal
2015-02-11 14:05:00+00:00,19.0,Docklands Library,511,56.0,10.2,-37.8195002,144.9418888,ENV,REAL_511,Real sensor series - Docklands Library - board 511,42,real_sensor_board_511,18.84603078531663,0,normal
2015-02-11 14:15:00+00:00,18.7,Docklands Library,511,56.7,9.5,-37.8195002,144.9418888,ENV,REAL_511,Real sensor series - Docklands Library - board 511,42,real_sensor_board_511,18.816824628253304,0,normal
2015-02-11 14:25:00+00:00,18.7,Docklands Library,511,56.0,9.7,-37.8195002,144.9418888,ENV,REAL_511,Real sensor series - Docklands Library - board 511,42,real_sensor_board_511,18.793459702602647,0,normal
2015-02-11 14:35:00+00:00,18.7,Docklands Library,511,56.3,9.8,-37.8195002,144.9418888,ENV,REAL_511,Real sensor series - Docklands Library - board 511,42,real_sensor_board_511,18.77476776208212,0,normal
2015-02-11 14:45:00+00:00,18.7,Docklands Library,511,56.5,10.1,-37.8195002,144.9418888,ENV,REAL_511,Real sensor series - Docklands Library - board 511,42,real_sensor_board_511,18.7598142096657,0,normal
2015-02-11 14:55:00+00:00,19.0,Docklands Library,511,55.7,10.2,-37.8195002,144.9418888,ENV,REAL_511,Real sensor series - Docklands Library - board 511,42,real_sensor_board_511,18.747851367732558,0,normal
2015-02-11 15:10:00+00:00,18.7,Docklands Library,511,56.0,9.4,-37.8195002,144.9418888,ENV,REAL_511,Real sensor series - Docklands Library - board 511,42,real_sensor_board_511,18.73828109418605,0,normal
2015-02-11 15:40:00+00:00,18.7,Docklands Library,511,55.4,9.8,-37.8195002,144.9418888,ENV,REAL_511,Real sensor series - Docklands Library - board 511,42,real_sensor_board_511,18.73062487534884,0,normal
2015-02-11 16:20:00+00:00,18.7,Docklands Library,511,54.4,9.5,-37.8195002,144.9418888,ENV,REAL_511,Real sensor series - Docklands Library - board 511,42,real_sensor_board_511,18.724499900279074,0,normal
2015-02-11 16:40:00+00:00,18.7,Docklands Library,511,52.6,9.6,-37.8195002,144.9418888,ENV,REAL_511,Real sensor series - Docklands Library - board 511,42,real_sensor_board_511,18.71959992022326,0,normal
2015-02-11 16:50:00+00:00,18.7,Docklands Library,511,52.4,9.8,-37.8195002,144.9418888,ENV,REAL_511,Real sensor series - Docklands Library - board 511,42,real_sensor_board_511,18.71567993617861,0,normal
2015-02-11 17:00:00+00:00,18.7,Docklands Library,511,52.2,9.9,-37.8195002,144.9418888,ENV,REAL_511,Real sensor series - Docklands Library - board 511,42,real_sensor_board_511,18.712543948942887,0,normal
2015-02-11 17:10:00+00:00,18.7,Docklands Library,511,52.1,9.9,-37.8195002,144.9418888,ENV,REAL_511,Real sensor series - Docklands Library - board 511,42,real_sensor_board_511,18.71003515915431,0,normal
2015-02-11 17:20:00+00:00,18.7,Docklands Library,511,51.9,10.0,-37.8195002,144.9418888,ENV,REAL_511,Real sensor series - Docklands Library - board 511,42,real_sensor_board_511,18.70802812732345,0,normal
2015-02-11 17:30:00+00:00,18.7,Docklands Library,511,51.8,10.1,-37.8195002,144.9418888,ENV,REAL_511,Real sensor series - Docklands Library - board 511,42,real_sensor_board_511,18.70642250185876,0,normal
2015-02-11 17:40:00+00:00,18.7,Docklands Library,511,51.8,10.3,-37.8195002,144.9418888,ENV,REAL_511,Real sensor series - Docklands Library - board 511,42,real_sensor_board_511,18.705138001487008,0,normal
2015-02-11 17:50:00+00:00,18.7,Docklands Library,511,52.7,10.5,-37.8195002,144.9418888,ENV,REAL_511,Real sensor series - Docklands Library - board 511,42,real_sensor_board_511,18.70411040118961,0,normal
2015-02-11 18:10:00+00:00,18.7,Docklands Library,511,54.1,10.6,-37.8195002,144.9418888,ENV,REAL_511,Real sensor series - Docklands Library - board 511,42,real_sensor_board_511,18.70328832095169,0,normal
2015-02-11 18:25:00+00:00,18.4,Docklands Library,511,54.9,10.8,-37.8195002,144.9418888,ENV,REAL_511,Real sensor series - Docklands Library - board 511,42,real_sensor_board_511,18.70263065676135,0,normal
2015-02-11 18:35:00+00:00,18.1,Docklands Library,511,55.7,10.9,-37.8195002,144.9418888,ENV,REAL_511,Real sensor series - Docklands Library - board 511,42,real_sensor_board_511,18.702104525409084,0,normal
2015-02-11 18:45:00+00:00,18.1,Docklands Library,511,55.4,10.9,-37.8195002,144.9418888,ENV,REAL_511,Real sensor series - Docklands Library - board 511,42,real_sensor_board_511,18.701683620327266,0,normal
2015-02-11 19:15:00+00:00,18.1,Docklands Library,511,55.2,11.2,-37.8195002,144.9418888,ENV,REAL_511,Real sensor series - Docklands Library - board 511,42,real_sensor_board_511,18.701346896261814,0,normal
2015-02-11 19:25:00+00:00,18.1,Docklands Library,511,54.8,13.6,-37.8195002,144.9418888,ENV,REAL_511,Real sensor series - Docklands Library - board 511,42,real_sensor_board_511,18.701077517009452,1,weak_multivariate_excursion
2015-02-11 19:45:00+00:00,17.7,Docklands Library,511,53.3,48.8,-37.8195002,144.9418888,ENV,REAL_511,Real sensor series - Docklands Library - board 511,42,real_sensor_board_511,18.700862013607562,1,weak_multivariate_excursion
2015-02-11 19:55:00+00:00,17.7,Docklands Library,511,52.7,67.5,-37.8195002,144.9418888,ENV,REAL_511,Real sensor series - Docklands Library - board 511,42,real_sensor_board_511,18.70068961088605,1,weak_multivariate_excursion
2015-02-11 22:00:00+00:00,19.0,Docklands Library,511,47.3,95.5,-37.8195002,144.9418888,ENV,REAL_511,Real sensor series - Docklands Library - board 511,42,real_sensor_board_511,18.64055168870884,1,weak_multivariate_excursion
2015-02-11 22:10:00+00:00,18.7,Docklands Library,511,46.6,95.8,-37.8195002,144.9418888,ENV,REAL_511,Real sensor series - Docklands Library - board 511,42,real_sensor_board_511,18.59244135096707,1,weak_multivariate_excursion
2015-02-12 00:00:00+00:00,20.6,Docklands Library,511,44.5,97.1,-37.8195002,144.9418888,ENV,REAL_511,Real sensor series - Docklands Library - board 511,42,real_sensor_board_511,18.55395308077366,1,weak_multivariate_excursion
2015-02-12 09:25:00+00:00,19.7,Docklands Library,511,54.8,70.1,-37.8195002,144.9418888,ENV,REAL_511,Real sensor series - Docklands Library - board 511,42,real_sensor_board_511,18.523162464618927,1,weak_multivariate_excursion
2015-02-12 09:55:00+00:00,19.4,Docklands Library,511,57.0,11.7,-37.8195002,144.9418888,ENV,REAL_511,Real sensor series - Docklands Library - board 511,42,real_sensor_board_511,18.49852997169514,1,weak_multivariate_excursion
2015-02-12 10:45:00+00:00,18.7,Docklands Library,511,57.3,11.1,-37.8195002,144.9418888,ENV,REAL_511,Real sensor series - Docklands Library - board 511,42,real_sensor_board_511,18.418823977356116,1,weak_multivariate_excursion
2015-02-12 10:55:00+00:00,18.7,Docklands Library,511,57.9,11.1,-37.8195002,144.9418888,ENV,REAL_511,Real sensor series - Docklands Library - board 511,42,real_sensor_board_511,18.355059181884894,0,normal
2015-02-12 11:05:00+00:00,18.4,Docklands Library,511,57.4,11.1,-37.8195002,144.9418888,ENV,REAL_511,Real sensor series - Docklands Library - board 511,42,real_sensor_board_511,18.304047345507914,0,normal
2015-02-12 11:30:00+00:00,18.4,Docklands Library,511,58.1,10.1,-37.8195002,144.9418888,ENV,REAL_511,Real sensor series - Docklands Library - board 511,42,real_sensor_board_511,18.263237876406333,0,normal
2015-02-12 11:40:00+00:00,18.4,Docklands Library,511,58.7,9.9,-37.8195002,144.9418888,ENV,REAL_511,Real sensor series - Docklands Library - board 511,42,real_sensor_board_511,18.230590301125066,0,normal
2015-02-12 11:50:00+00:00,18.4,Docklands Library,511,58.4,9.9,-37.8195002,144.9418888,ENV,REAL_511,Real sensor series - Docklands Library - board 511,42,real_sensor_board_511,18.204472240900053,0,normal
2015-02-12 12:00:00+00:00,18.1,Docklands Library,511,58.2,9.8,-37.8195002,144.9418888,ENV,REAL_511,Real sensor series - Docklands Library - board 511,42,real_sensor_board_511,18.183577792720044,0,normal
2015-02-12 12:10:00+00:00,18.1,Docklands Library,511,58.7,9.8,-37.8195002,144.9418888,ENV,REAL_511,Real sensor series - Docklands Library - board 511,42,real_sensor_board_511,18.166862234176037,0,normal
2015-02-12 12:20:00+00:00,18.1,Docklands Library,511,58.9,9.7,-37.8195002,144.9418888,ENV,REAL_511,Real sensor series - Docklands Library - board 511,42,real_sensor_board_511,18.07348978734083,0,normal
2015-02-12 12:30:00+00:00,17.7,Docklands Library,511,58.5,9.8,-37.8195002,144.9418888,ENV,REAL_511,Real sensor series - Docklands Library - board 511,42,real_sensor_board_511,17.998791829872665,0,normal
2015-02-12 12:40:00+00:00,18.1,Docklands Library,511,57.4,9.7,-37.8195002,144.9418888,ENV,REAL_511,Real sensor series - Docklands Library - board 511,42,real_sensor_board_511,17.939033463898134,0,normal
2015-02-12 13:40:00+00:00,17.7,Docklands Library,511,57.8,9.7,-37.8195002,144.9418888,ENV,REAL_511,Real sensor series - Docklands Library - board 511,42,real_sensor_board_511,17.891226771118507,0,normal
2015-02-12 13:50:00+00:00,17.7,Docklands Library,511,57.8,9.9,-37.8195002,144.9418888,ENV,REAL_511,Real sensor series - Docklands Library - board 511,42,real_sensor_board_511,17.852981416894806,0,normal
2015-02-12 14:20:00+00:00,17.7,Docklands Library,511,57.1,9.4,-37.8195002,144.9418888,ENV,REAL_511,Real sensor series - Docklands Library - board 511,42,real_sensor_board_511,17.822385133515844,0,normal
2015-02-12 14:45:00+00:00,17.4,Docklands Library,511,56.7,9.7,-37.8195002,144.9418888,ENV,REAL_511,Real sensor series - Docklands Library - board 511,42,real_sensor_board_511,17.797908106812677,0,normal
2015-02-12 15:35:00+00:00,17.4,Docklands Library,511,55.9,9.9,-37.8195002,144.9418888,ENV,REAL_511,Real sensor series - Docklands Library - board 511,42,real_sensor_board_511,17.778326485450144,0,normal
2015-02-12 16:25:00+00:00,17.4,Docklands Library,511,56.3,9.3,-37.8195002,144.9418888,ENV,REAL_511,Real sensor series - Docklands Library - board 511,42,real_sensor_board_511,17.762661188360116,0,normal
2015-02-12 16:35:00+00:00,17.4,Docklands Library,511,56.2,9.8,-37.8195002,144.9418888,ENV,REAL_511,Real sensor series - Docklands Library - board 511,42,real_sensor_board_511,17.750128950688094,0,normal
2015-02-12 16:55:00+00:00,17.4,Docklands Library,511,56.2,9.6,-37.8195002,144.9418888,ENV,REAL_511,Real sensor series - Docklands Library - board 511,42,real_sensor_board_511,17.740103160550476,0,normal
2015-02-12 17:05:00+00:00,17.4,Docklands Library,511,56.3,10.1,-37.8195002,144.9418888,ENV,REAL_511,Real sensor series - Docklands Library - board 511,42,real_sensor_board_511,17.73208252844038,0,normal
2015-02-12 17:45:00+00:00,17.4,Docklands Library,511,55.9,9.6,-37.8195002,144.9418888,ENV,REAL_511,Real sensor series - Docklands Library - board 511,42,real_sensor_board_511,17.725666022752304,0,normal
2015-02-12 18:10:00+00:00,17.4,Docklands Library,511,57.3,10.2,-37.8195002,144.9418888,ENV,REAL_511,Real sensor series - Docklands Library - board 511,42,real_sensor_board_511,17.720532818201843,0,normal
2015-02-12 18:30:00+00:00,17.1,Docklands Library,511,57.1,9.9,-37.8195002,144.9418888,ENV,REAL_511,Real sensor series - Docklands Library - board 511,42,real_sensor_board_511,17.716426254561476,0,normal
2015-02-12 18:50:00+00:00,17.1,Docklands Library,511,56.8,9.9,-37.8195002,144.9418888,ENV,REAL_511,Real sensor series - Docklands Library - board 511,42,real_sensor_board_511,17.71314100364918,0,normal
2015-02-12 19:10:00+00:00,17.1,Docklands Library,511,58.4,10.7,-37.8195002,144.9418888,ENV,REAL_511,Real sensor series - Docklands Library - board 511,42,real_sensor_board_511,17.710512802919347,1,weak_multivariate_excursion
2015-02-12 19:30:00+00:00,17.1,Docklands Library,511,59.3,27.4,-37.8195002,144.9418888,ENV,REAL_511,Real sensor series - Docklands Library - board 511,42,real_sensor_board_511,17.70841024233548,1,weak_multivariate_excursion
2015-02-12 19:40:00+00:00,17.1,Docklands Library,511,58.9,57.4,-37.8195002,144.9418888,ENV,REAL_511,Real sensor series - Docklands Library - board 511,42,real_sensor_board_511,17.706728193868383,1,weak_multivariate_excursion
2015-02-12 19:50:00+00:00,17.1,Docklands Library,511,59.0,78.7,-37.8195002,144.9418888,ENV,REAL_511,Real sensor series - Docklands Library - board 511,42,real_sensor_board_511,17.705382555094708,1,weak_multivariate_excursion
2015-02-12 20:00:00+00:00,17.1,Docklands Library,511,59.2,86.1,-37.8195002,144.9418888,ENV,REAL_511,Real sensor series - Docklands Library - board 511,42,real_sensor_board_511,17.704306044075768,1,weak_multivariate_excursion
2015-02-13 09:20:00+00:00,19.7,Docklands Library,511,69.1,17.8,-37.8195002,144.9418888,ENV,REAL_511,Real sensor series - Docklands Library - board 511,42,real_sensor_board_511,17.903444835260615,1,weak_multivariate_excursion
2015-02-13 09:40:00+00:00,19.0,Docklands Library,511,67.1,9.5,-37.8195002,144.9418888,ENV,REAL_511,Real sensor series - Docklands Library - board 511,42,real_sensor_board_511,18.06275586820849,1,weak_multivariate_excursion
2015-02-13 09:50:00+00:00,18.7,Docklands Library,511,66.7,9.0,-37.8195002,144.9418888,ENV,REAL_511,Real sensor series - Docklands Library - board 511,42,real_sensor_board_511,18.250204694566794,0,normal
2015-02-13 10:20:00+00:00,18.7,Docklands Library,511,67.4,8.7,-37.8195002,144.9418888,ENV,REAL_511,Real sensor series - Docklands Library - board 511,42,real_sensor_board_511,18.480163755653436,0,normal
2015-02-13 11:05:00+00:00,19.7,Docklands Library,511,65.8,8.7,-37.8195002,144.9418888,ENV,REAL_511,Real sensor series - Docklands Library - board 511,42,real_sensor_board_511,18.664131004522748,0,normal
2015-02-13 11:25:00+00:00,19.7,Docklands Library,511,64.7,8.7,-37.8195002,144.9418888,ENV,REAL_511,Real sensor series - Docklands Library - board 511,42,real_sensor_board_511,18.871304803618198,0,normal
2015-02-13 11:45:00+00:00,19.7,Docklands Library,511,64.1,8.6,-37.8195002,144.9418888,ENV,REAL_511,Real sensor series - Docklands Library - board 511,42,real_sensor_board_511,19.03704384289456,0,normal
2015-02-13 12:05:00+00:00,19.7,Docklands Library,511,64.1,8.9,-37.8195002,144.9418888,ENV,REAL_511,Real sensor series - Docklands Library - board 511,42,real_sensor_board_511,19.169635074315647,0,normal
2015-02-13 12:25:00+00:00,19.7,Docklands Library,511,64.9,9.0,-37.8195002,144.9418888,ENV,REAL_511,Real sensor series - Docklands Library - board 511,42,real_sensor_board_511,19.27570805945252,0,normal
2015-02-13 12:35:00+00:00,19.4,Docklands Library,511,64.7,9.1,-37.8195002,144.9418888,ENV,REAL_511,Real sensor series - Docklands Library - board 511,42,real_sensor_board_511,19.360566447562018,0,normal
2015-02-13 12:45:00+00:00,19.4,Docklands Library,511,64.9,9.1,-37.8195002,144.9418888,ENV,REAL_511,Real sensor series - Docklands Library - board 511,42,real_sensor_board_511,19.428453158049617,0,normal
2015-02-13 12:55:00+00:00,19.7,Docklands Library,511,64.2,9.2,-37.8195002,144.9418888,ENV,REAL_511,Real sensor series - Docklands Library - board 511,42,real_sensor_board_511,19.482762526439696,0,normal
2015-02-13 13:05:00+00:00,19.7,Docklands Library,511,65.2,9.1,-37.8195002,144.9418888,ENV,REAL_511,Real sensor series - Docklands Library - board 511,42,real_sensor_board_511,19.52621002115176,0,normal
2015-02-13 13:15:00+00:00,19.7,Docklands Library,511,65.5,8.9,-37.8195002,144.9418888,ENV,REAL_511,Real sensor series - Docklands Library - board 511,42,real_sensor_board_511,19.560968016921407,0,normal
2015-02-13 13:25:00+00:00,19.7,Docklands Library,511,65.6,8.9,-37.8195002,144.9418888,ENV,REAL_511,Real sensor series - Docklands Library - board 511,42,real_sensor_board_511,19.588774413537127,0,normal
2015-02-13 13:35:00+00:00,19.7,Docklands Library,511,66.0,9.0,-37.8195002,144.9418888,ENV,REAL_511,Real sensor series - Docklands Library - board 511,42,real_sensor_board_511,19.611019530829704,0,normal
2015-02-13 13:55:00+00:00,19.7,Docklands Library,511,65.6,8.9,-37.8195002,144.9418888,ENV,REAL_511,Real sensor series - Docklands Library - board 511,42,real_sensor_board_511,19.628815624663766,0,normal
2015-02-13 14:10:00+00:00,19.7,Docklands Library,511,66.3,8.8,-37.8195002,144.9418888,ENV,REAL_511,Real sensor series - Docklands Library - board 511,42,real_sensor_board_511,19.643052499731013,0,normal
2015-02-13 14:20:00+00:00,19.7,Docklands Library,511,65.6,8.7,-37.8195002,144.9418888,ENV,REAL_511,Real sensor series - Docklands Library - board 511,42,real_sensor_board_511,19.65444199978481,0,normal
2015-02-13 14:30:00+00:00,20.0,Docklands Library,511,65.0,8.8,-37.8195002,144.9418888,ENV,REAL_511,Real sensor series - Docklands Library - board 511,42,real_sensor_board_511,19.66355359982785,0,normal
2015-02-13 14:40:00+00:00,20.0,Docklands Library,511,64.5,8.8,-37.8195002,144.9418888,ENV,REAL_511,Real sensor series - Docklands Library - board 511,42,real_sensor_board_511,19.73084287986228,0,normal
2015-02-13 14:50:00+00:00,20.0,Docklands Library,511,63.0,8.8,-37.8195002,144.9418888,ENV,REAL_511,Real sensor series - Docklands Library - board 511,42,real_sensor_board_511,19.784674303889823,0,normal
2015-02-13 15:00:00+00:00,20.0,Docklands Library,511,62.6,8.9,-37.8195002,144.9418888,ENV,REAL_511,Real sensor series - Docklands Library - board 511,42,real_sensor_board_511,19.82773944311186,0,normal
2015-02-13 15:10:00+00:00,20.3,Docklands Library,511,63.1,8.7,-37.8195002,144.9418888,ENV,REAL_511,Real sensor series - Docklands Library - board 511,42,real_sensor_board_511,19.86219155448949,0,normal
2015-02-13 15:20:00+00:00,20.0,Docklands Library,511,64.4,8.7,-37.8195002,144.9418888,ENV,REAL_511,Real sensor series - Docklands Library - board 511,42,real_sensor_board_511,19.889753243591592,0,normal
2015-02-13 15:30:00+00:00,20.0,Docklands Library,511,65.3,8.7,-37.8195002,144.9418888,ENV,REAL_511,Real sensor series - Docklands Library - board 511,42,real_sensor_board_511,19.911802594873272,0,normal
2015-02-13 15:40:00+00:00,20.0,Docklands Library,511,64.2,8.6,-37.8195002,144.9418888,ENV,REAL_511,Real sensor series - Docklands Library - board 511,42,real_sensor_board_511,19.92944207589862,0,normal
2015-02-13 15:50:00+00:00,20.3,Docklands Library,511,61.9,8.7,-37.8195002,144.9418888,ENV,REAL_511,Real sensor series - Docklands Library - board 511,42,real_sensor_board_511,19.943553660718898,0,normal
2015-02-13 16:00:00+00:00,20.0,Docklands Library,511,63.1,8.8,-37.8195002,144.9418888,ENV,REAL_511,Real sensor series - Docklands Library - board 511,42,real_sensor_board_511,19.95484292857512,0,normal
2015-02-13 16:10:00+00:00,20.0,Docklands Library,511,63.6,8.7,-37.8195002,144.9418888,ENV,REAL_511,Real sensor series - Docklands Library - board 511,42,real_sensor_board_511,19.963874342860095,0,normal
2015-02-13 16:20:00+00:00,20.0,Docklands Library,511,64.2,8.8,-37.8195002,144.9418888,ENV,REAL_511,Real sensor series - Docklands Library - board 511,42,real_sensor_board_511,19.971099474288074,0,normal
2015-02-13 16:30:00+00:00,20.0,Docklands Library,511,63.7,8.8,-37.8195002,144.9418888,ENV,REAL_511,Real sensor series - Docklands Library - board 511,42,real_sensor_board_511,19.97687957943046,0,normal
2015-02-13 16:50:00+00:00,20.0,Docklands Library,511,64.9,8.6,-37.8195002,144.9418888,ENV,REAL_511,Real sensor series - Docklands Library - board 511,42,real_sensor_board_511,19.981503663544366,0,normal
2015-02-13 17:00:00+00:00,19.7,Docklands Library,511,66.0,8.7,-37.8195002,144.9418888,ENV,REAL_511,Real sensor series - Docklands Library - board 511,42,real_sensor_board_511,19.98520293083549,0,normal
2015-02-13 17:25:00+00:00,20.0,Docklands Library,511,63.4,8.7,-37.8195002,144.9418888,ENV,REAL_511,Real sensor series - Docklands Library - board 511,42,real_sensor_board_511,19.988162344668396,0,normal
2015-02-13 17:35:00+00:00,20.0,Docklands Library,511,63.6,8.7,-37.8195002,144.9418888,ENV,REAL_511,Real sensor series - Docklands Library - board 511,42,real_sensor_board_511,19.990529875734715,0,normal
2015-02-13 17:45:00+00:00,20.0,Docklands Library,511,65.8,8.7,-37.8195002,144.9418888,ENV,REAL_511,Real sensor series - Docklands Library - board 511,42,real_sensor_board_511,19.992423900587774,0,normal
2015-02-13 17:55:00+00:00,20.0,Docklands Library,511,66.0,8.7,-37.8195002,144.9418888,ENV,REAL_511,Real sensor series - Docklands Library - board 511,42,real_sensor_board_511,19.93393912047022,0,normal
2015-02-13 18:05:00+00:00,19.7,Docklands Library,511,66.7,8.7,-37.8195002,144.9418888,ENV,REAL_511,Real sensor series - Docklands Library - board 511,42,real_sensor_board_511,19.887151296376178,0,normal
2015-02-13 18:15:00+00:00,19.7,Docklands Library,511,66.1,8.7,-37.8195002,144.9418888,ENV,REAL_511,Real sensor series - Docklands Library - board 511,42,real_sensor_board_511,19.849721037100945,0,normal
2015-02-13 18:25:00+00:00,19.7,Docklands Library,511,65.5,8.8,-37.8195002,144.9418888,ENV,REAL_511,Real sensor series - Docklands Library - board 511,42,real_sensor_board_511,19.81977682968076,0,normal
2015-02-13 18:35:00+00:00,19.7,Docklands Library,511,65.6,8.8,-37.8195002,144.9418888,ENV,REAL_511,Real sensor series - Docklands Library - board 511,42,real_sensor_board_511,19.79582146374461,0,normal
2015-02-13 18:45:00+00:00,19.7,Docklands Library,511,64.5,8.7,-37.8195002,144.9418888,ENV,REAL_511,Real sensor series - Docklands Library - board 511,42,real_sensor_board_511,19.776657170995687,0,normal
2015-02-13 19:05:00+00:00,19.7,Docklands Library,511,65.2,8.5,-37.8195002,144.9418888,ENV,REAL_511,Real sensor series - Docklands Library - board 511,42,real_sensor_board_511,19.76132573679655,0,normal
2015-02-13 19:25:00+00:00,19.4,Docklands Library,511,69.4,9.3,-37.8195002,144.9418888,ENV,REAL_511,Real sensor series - Docklands Library - board 511,42,real_sensor_board_511,19.749060589437242,0,normal
2015-02-13 19:35:00+00:00,19.4,Docklands Library,511,68.5,13.2,-37.8195002,144.9418888,ENV,REAL_511,Real sensor series - Docklands Library - board 511,42,real_sensor_board_511,19.739248471549796,0,normal
2015-02-13 19:45:00+00:00,19.4,Docklands Library,511,68.5,23.5,-37.8195002,144.9418888,ENV,REAL_511,Real sensor series - Docklands Library - board 511,42,real_sensor_board_511,19.73139877723984,1,weak_multivariate_excursion
2015-02-13 19:55:00+00:00,19.4,Docklands Library,511,68.9,44.7,-37.8195002,144.9418888,ENV,REAL_511,Real sensor series - Docklands Library - board 511,42,real_sensor_board_511,19.725119021791873,1,weak_multivariate_excursion
2015-02-13 20:05:00+00:00,19.4,Docklands Library,511,69.9,54.1,-37.8195002,144.9418888,ENV,REAL_511,Real sensor series - Docklands Library - board 511,42,real_sensor_board_511,19.7200952174335,1,weak_multivariate_excursion
2015-02-13 20:15:00+00:00,19.4,Docklands Library,511,70.7,73.3,-37.8195002,144.9418888,ENV,REAL_511,Real sensor series - Docklands Library - board 511,42,real_sensor_board_511,19.7160761739468,1,weak_multivariate_excursion
2015-02-13 20:40:00+00:00,18.7,Docklands Library,511,72.3,77.5,-37.8195002,144.9418888,ENV,REAL_511,Real sensor series - Docklands Library - board 511,42,real_sensor_board_511,19.71286093915744,1,weak_multivariate_excursion
2015-02-13 20:50:00+00:00,18.4,Docklands Library,511,73.8,70.3,-37.8195002,144.9418888,ENV,REAL_511,Real sensor series - Docklands Library - board 511,42,real_sensor_board_511,19.710288751325955,0,normal
2015-02-13 21:00:00+00:00,18.4,Docklands Library,511,74.3,79.6,-37.8195002,144.9418888,ENV,REAL_511,Real sensor series - Docklands Library - board 511,42,real_sensor_board_511,19.708231001060764,0,normal
2015-02-13 21:10:00+00:00,18.4,Docklands Library,511,74.0,84.6,-37.8195002,144.9418888,ENV,REAL_511,Real sensor series - Docklands Library - board 511,42,real_sensor_board_511,19.706584800848614,0,normal
2015-02-13 21:20:00+00:00,18.7,Docklands Library,511,73.8,87.4,-37.8195002,144.9418888,ENV,REAL_511,Real sensor series - Docklands Library - board 511,42,real_sensor_board_511,19.705267840678893,0,normal
2015-02-13 21:30:00+00:00,18.7,Docklands Library,511,72.3,88.1,-37.8195002,144.9418888,ENV,REAL_511,Real sensor series - Docklands Library - board 511,42,real_sensor_board_511,19.704214272543116,0,normal
2015-02-13 21:40:00+00:00,18.7,Docklands Library,511,71.8,88.5,-37.8195002,144.9418888,ENV,REAL_511,Real sensor series - Docklands Library - board 511,42,real_sensor_board_511,19.703371418034493,0,normal
2015-02-13 22:00:00+00:00,19.7,Docklands Library,511,71.0,94.4,-37.8195002,144.9418888,ENV,REAL_511,Real sensor series - Docklands Library - board 511,42,real_sensor_board_511,19.702697134427595,0,normal
2015-02-13 22:10:00+00:00,20.0,Docklands Library,511,70.8,94.6,-37.8195002,144.9418888,ENV,REAL_511,Real sensor series - Docklands Library - board 511,42,real_sensor_board_511,19.702157707542078,1,weak_multivariate_excursion
2015-02-14 07:05:00+00:00,28.1,Docklands Library,511,43.4,98.6,-37.8195002,144.9418888,ENV,REAL_511,Real sensor series - Docklands Library - board 511,42,real_sensor_board_511,19.76172616603366,1,weak_multivariate_excursion
2015-02-14 07:15:00+00:00,27.4,Docklands Library,511,44.4,98.6,-37.8195002,144.9418888,ENV,REAL_511,Real sensor series - Docklands Library - board 511,42,real_sensor_board_511,19.80938093282693,1,weak_multivariate_excursion
2015-02-14 07:25:00+00:00,26.5,Docklands Library,511,46.4,98.6,-37.8195002,144.9418888,ENV,REAL_511,Real sensor series - Docklands Library - board 511,42,real_sensor_board_511,19.847504746261542,1,weak_multivariate_excursion
2015-02-14 07:35:00+00:00,26.5,Docklands Library,511,46.7,98.6,-37.8195002,144.9418888,ENV,REAL_511,Real sensor series - Docklands Library - board 511,42,real_sensor_board_511,19.878003797009235,1,weak_multivariate_excursion
2015-02-14 08:15:00+00:00,24.8,Docklands Library,511,48.9,98.4,-37.8195002,144.9418888,ENV,REAL_511,Real sensor series - Docklands Library - board 511,42,real_sensor_board_511,19.90240303760739,1,weak_multivariate_excursion
2015-02-14 08:25:00+00:00,21.6,Docklands Library,511,56.0,93.9,-37.8195002,144.9418888,ENV,REAL_511,Real sensor series - Docklands Library - board 511,42,real_sensor_board_511,19.921922430085914,1,weak_multivariate_excursion
2015-02-14 08:45:00+00:00,20.6,Docklands Library,511,59.0,86.7,-37.8195002,144.9418888,ENV,REAL_511,Real sensor series - Docklands Library - board 511,42,real_sensor_board_511,19.93753794406873,1,weak_multivariate_excursion
2015-02-14 08:55:00+00:00,20.6,Docklands Library,511,59.8,78.9,-37.8195002,144.9418888,ENV,REAL_511,Real sensor series - Docklands Library - board 511,42,real_sensor_board_511,19.950030355254984,1,weak_multivariate_excursion
2015-02-14 09:25:00+00:00,20.0,Docklands Library,511,61.1,53.2,-37.8195002,144.9418888,ENV,REAL_511,Real sensor series - Docklands Library - board 511,42,real_sensor_board_511,19.96002428420399,1,weak_multivariate_excursion
2015-02-14 10:00:00+00:00,20.0,Docklands Library,511,61.5,11.4,-37.8195002,144.9418888,ENV,REAL_511,Real sensor series - Docklands Library - board 511,42,real_sensor_board_511,19.968019427363192,1,weak_multivariate_excursion
2015-02-14 10:10:00+00:00,20.0,Docklands Library,511,62.3,11.1,-37.8195002,144.9418888,ENV,REAL_511,Real sensor series - Docklands Library - board 511,42,real_sensor_board_511,19.974415541890554,1,weak_multivariate_excursion
2015-02-14 10:20:00+00:00,20.0,Docklands Library,511,62.6,11.2,-37.8195002,144.9418888,ENV,REAL_511,Real sensor series - Docklands Library - board 511,42,real_sensor_board_511,19.979532433512446,0,normal
2015-02-14 10:30:00+00:00,20.3,Docklands Library,511,62.3,11.3,-37.8195002,144.9418888,ENV,REAL_511,Real sensor series - Docklands Library - board 511,42,real_sensor_board_511,19.98362594680996,0,normal
2015-02-14 10:50:00+00:00,20.0,Docklands Library,511,62.3,11.1,-37.8195002,144.9418888,ENV,REAL_511,Real sensor series - Docklands Library - board 511,42,real_sensor_board_511,19.98690075744797,0,normal
2015-02-14 11:10:00+00:00,19.7,Docklands Library,511,63.1,11.5,-37.8195002,144.9418888,ENV,REAL_511,Real sensor series - Docklands Library - board 511,42,real_sensor_board_511,19.989520605958376,0,normal
2015-02-14 11:30:00+00:00,20.0,Docklands Library,511,63.1,11.5,-37.8195002,144.9418888,ENV,REAL_511,Real sensor series - Docklands Library - board 511,42,real_sensor_board_511,19.931616484766703,0,normal
2015-02-14 11:40:00+00:00,19.7,Docklands Library,511,63.1,11.5,-37.8195002,144.9418888,ENV,REAL_511,Real sensor series - Docklands Library - board 511,42,real_sensor_board_511,19.885293187813364,0,normal
2015-02-14 12:10:00+00:00,19.7,Docklands Library,511,63.0,11.1,-37.8195002,144.9418888,ENV,REAL_511,Real sensor series - Docklands Library - board 511,42,real_sensor_board_511,19.84823455025069,0,normal
2015-02-14 12:30:00+00:00,19.0,Docklands Library,511,63.6,11.0,-37.8195002,144.9418888,ENV,REAL_511,Real sensor series - Docklands Library - board 511,42,real_sensor_board_511,19.678587640200554,0,normal
2015-02-14 12:40:00+00:00,19.0,Docklands Library,511,63.6,11.0,-37.8195002,144.9418888,ENV,REAL_511,Real sensor series - Docklands Library - board 511,42,real_sensor_board_511,19.542870112160443,0,normal
2015-02-14 13:15:00+00:00,18.7,Docklands Library,511,63.7,11.0,-37.8195002,144.9418888,ENV,REAL_511,Real sensor series - Docklands Library - board 511,42,real_sensor_board_511,19.434296089728356,0,normal
2015-02-14 13:25:00+00:00,18.7,Docklands Library,511,63.9,11.2,-37.8195002,144.9418888,ENV,REAL_511,Real sensor series - Docklands Library - board 511,42,real_sensor_board_511,19.347436871782687,0,normal
2015-02-14 13:35:00+00:00,19.0,Docklands Library,511,63.0,11.3,-37.8195002,144.9418888,ENV,REAL_511,Real sensor series - Docklands Library - board 511,42,real_sensor_board_511,19.27794949742615,0,normal
2015-02-14 13:55:00+00:00,19.0,Docklands Library,511,62.5,11.2,-37.8195002,144.9418888,ENV,REAL_511,Real sensor series - Docklands Library - board 511,42,real_sensor_board_511,19.22235959794092,0,normal
2015-02-14 14:15:00+00:00,19.0,Docklands Library,511,61.9,11.2,-37.8195002,144.9418888,ENV,REAL_511,Real sensor series - Docklands Library - board 511,42,real_sensor_board_511,19.177887678352736,0,normal
2015-02-14 14:25:00+00:00,19.0,Docklands Library,511,62.0,11.1,-37.8195002,144.9418888,ENV,REAL_511,Real sensor series - Docklands Library - board 511,42,real_sensor_board_511,19.142310142682188,0,normal
2015-02-14 14:35:00+00:00,18.7,Docklands Library,511,62.5,11.1,-37.8195002,144.9418888,ENV,REAL_511,Real sensor series - Docklands Library - board 511,42,real_sensor_board_511,19.11384811414575,0,normal
2015-02-14 14:45:00+00:00,18.7,Docklands Library,511,62.6,11.1,-37.8195002,144.9418888,ENV,REAL_511,Real sensor series - Docklands Library - board 511,42,real_sensor_board_511,19.0910784913166,0,normal
2015-02-14 15:05:00+00:00,19.0,Docklands Library,511,62.2,11.1,-37.8195002,144.9418888,ENV,REAL_511,Real sensor series - Docklands Library - board 511,42,real_sensor_board_511,19.072862793053282,0,normal
2015-02-14 15:15:00+00:00,19.0,Docklands Library,511,62.0,11.2,-37.8195002,144.9418888,ENV,REAL_511,Real sensor series - Docklands Library - board 511,42,real_sensor_board_511,19.058290234442627,0,normal
2015-02-14 15:35:00+00:00,19.0,Docklands Library,511,61.5,11.2,-37.8195002,144.9418888,ENV,REAL_511,Real sensor series - Docklands Library - board 511,42,real_sensor_board_511,19.046632187554103,0,normal
2015-02-14 15:45:00+00:00,19.0,Docklands Library,511,60.6,11.2,-37.8195002,144.9418888,ENV,REAL_511,Real sensor series - Docklands Library - board 511,42,real_sensor_board_511,19.037305750043284,0,normal
2015-02-14 16:05:00+00:00,19.0,Docklands Library,511,61.9,11.1,-37.8195002,144.9418888,ENV,REAL_511,Real sensor series - Docklands Library - board 511,42,real_sensor_board_511,18.969844600034627,0,normal
2015-02-14 16:15:00+00:00,19.0,Docklands Library,511,61.2,11.0,-37.8195002,144.9418888,ENV,REAL_511,Real sensor series - Docklands Library - board 511,42,real_sensor_board_511,18.915875680027703,0,normal
2015-02-14 16:30:00+00:00,18.4,Docklands Library,511,61.9,11.0,-37.8195002,144.9418888,ENV,REAL_511,Real sensor series - Docklands Library - board 511,42,real_sensor_board_511,18.872700544022166,0,normal
2015-02-14 16:40:00+00:00,18.7,Docklands Library,511,62.2,11.0,-37.8195002,144.9418888,ENV,REAL_511,Real sensor series - Docklands Library - board 511,42,real_sensor_board_511,18.838160435217734,0,normal
2015-02-14 16:50:00+00:00,18.4,Docklands Library,511,62.0,11.0,-37.8195002,144.9418888,ENV,REAL_511,Real sensor series - Docklands Library - board 511,42,real_sensor_board_511,18.810528348174188,0,normal
2015-02-14 17:00:00+00:00,18.7,Docklands Library,511,62.3,11.0,-37.8195002,144.9418888,ENV,REAL_511,Real sensor series - Docklands Library - board 511,42,real_sensor_board_511,18.78842267853935,0,normal
2015-02-14 17:20:00+00:00,19.0,Docklands Library,511,61.2,11.2,-37.8195002,144.9418888,ENV,REAL_511,Real sensor series - Docklands Library - board 511,42,real_sensor_board_511,18.71073814283148,0,normal
2015-02-14 17:30:00+00:00,19.0,Docklands Library,511,61.7,11.1,-37.8195002,144.9418888,ENV,REAL_511,Real sensor series - Docklands Library - board 511,42,real_sensor_board_511,18.648590514265187,0,normal
2015-02-14 17:50:00+00:00,18.4,Docklands Library,511,62.8,11.2,-37.8195002,144.9418888,ENV,REAL_511,Real sensor series - Docklands Library - board 511,42,real_sensor_board_511,18.598872411412152,0,normal
2015-02-14 18:00:00+00:00,18.4,Docklands Library,511,62.6,11.1,-37.8195002,144.9418888,ENV,REAL_511,Real sensor series - Docklands Library - board 511,42,real_sensor_board_511,18.55909792912972,0,normal
2015-02-14 18:10:00+00:00,18.4,Docklands Library,511,62.5,11.2,-37.8195002,144.9418888,ENV,REAL_511,Real sensor series - Docklands Library - board 511,42,real_sensor_board_511,18.527278343303777,0,normal
2015-02-14 18:20:00+00:00,18.4,Docklands Library,511,62.3,11.2,-37.8195002,144.9418888,ENV,REAL_511,Real sensor series - Docklands Library - board 511,42,real_sensor_board_511,18.501822674643023,0,normal
2015-02-14 18:30:00+00:00,18.4,Docklands Library,511,63.0,11.2,-37.8195002,144.9418888,ENV,REAL_511,Real sensor series - Docklands Library - board 511,42,real_sensor_board_511,18.48145813971442,0,normal
2015-02-14 18:50:00+00:00,18.4,Docklands Library,511,62.6,11.3,-37.8195002,144.9418888,ENV,REAL_511,Real sensor series - Docklands Library - board 511,42,real_sensor_board_511,18.465166511771535,0,normal
2015-02-14 19:00:00+00:00,18.4,Docklands Library,511,62.3,11.3,-37.8195002,144.9418888,ENV,REAL_511,Real sensor series - Docklands Library - board 511,42,real_sensor_board_511,18.452133209417227,1,weak_multivariate_excursion
2015-02-14 19:45:00+00:00,18.1,Docklands Library,511,62.8,51.4,-37.8195002,144.9418888,ENV,REAL_511,Real sensor series - Docklands Library - board 511,42,real_sensor_board_511,18.44170656753378,1,weak_multivariate_excursion
2015-02-14 19:55:00+00:00,18.1,Docklands Library,511,62.8,70.9,-37.8195002,144.9418888,ENV,REAL_511,Real sensor series - Docklands Library - board 511,42,real_sensor_board_511,18.433365254027024,1,weak_multivariate_excursion
2015-02-14 20:05:00+00:00,18.1,Docklands Library,511,63.1,83.6,-37.8195002,144.9418888,ENV,REAL_511,Real sensor series - Docklands Library - board 511,42,real_sensor_board_511,18.42669220322162,1,weak_multivariate_excursion
2015-02-14 20:25:00+00:00,17.4,Docklands Library,511,63.9,89.8,-37.8195002,144.9418888,ENV,REAL_511,Real sensor series - Docklands Library - board 511,42,real_sensor_board_511,18.4813537625773,0,normal
2015-02-14 20:45:00+00:00,17.4,Docklands Library,511,63.4,92.4,-37.8195002,144.9418888,ENV,REAL_511,Real sensor series - Docklands Library - board 511,42,real_sensor_board_511,18.52508301006184,0,normal
2015-02-14 20:55:00+00:00,17.4,Docklands Library,511,63.1,92.9,-37.8195002,144.9418888,ENV,REAL_511,Real sensor series - Docklands Library - board 511,42,real_sensor_board_511,18.560066408049472,0,normal
2015-02-14 21:05:00+00:00,17.7,Docklands Library,511,62.8,93.2,-37.8195002,144.9418888,ENV,REAL_511,Real sensor series - Docklands Library - board 511,42,real_sensor_board_511,18.648053126439578,0,normal
2015-02-14 21:25:00+00:00,18.7,Docklands Library,511,60.9,93.6,-37.8195002,144.9418888,ENV,REAL_511,Real sensor series - Docklands Library - board 511,42,real_sensor_board_511,18.718442501151664,0,normal
2015-02-14 21:35:00+00:00,19.0,Docklands Library,511,58.4,93.8,-37.8195002,144.9418888,ENV,REAL_511,Real sensor series - Docklands Library - board 511,42,real_sensor_board_511,18.77475400092133,0,normal
2015-02-14 21:45:00+00:00,19.0,Docklands Library,511,58.5,94.0,-37.8195002,144.9418888,ENV,REAL_511,Real sensor series - Docklands Library - board 511,42,real_sensor_board_511,18.819803200737066,0,normal
2015-02-14 21:55:00+00:00,19.0,Docklands Library,511,58.7,94.1,-37.8195002,144.9418888,ENV,REAL_511,Real sensor series - Docklands Library - board 511,42,real_sensor_board_511,18.855842560589654,0,normal
2015-02-14 22:05:00+00:00,19.4,Docklands Library,511,59.0,94.2,-37.8195002,144.9418888,ENV,REAL_511,Real sensor series - Docklands Library - board 511,42,real_sensor_board_511,18.964674048471725,0,normal
2015-02-14 22:15:00+00:00,19.4,Docklands Library,511,57.8,94.3,-37.8195002,144.9418888,ENV,REAL_511,Real sensor series - Docklands Library - board 511,42,real_sensor_board_511,19.05173923877738,0,normal
2015-02-14 22:25:00+00:00,19.7,Docklands Library,511,57.1,94.4,-37.8195002,144.9418888,ENV,REAL_511,Real sensor series - Docklands Library - board 511,42,real_sensor_board_511,19.181391391021904,0,normal
2015-02-14 22:35:00+00:00,19.7,Docklands Library,511,57.1,94.5,-37.8195002,144.9418888,ENV,REAL_511,Real sensor series - Docklands Library - board 511,42,real_sensor_board_511,19.285113112817523,0,normal
2015-02-14 23:20:00+00:00,20.6,Docklands Library,511,56.0,95.7,-37.8195002,144.9418888,ENV,REAL_511,Real sensor series - Docklands Library - board 511,42,real_sensor_board_511,19.54809049025402,0,normal
2015-02-14 23:30:00+00:00,22.3,Docklands Library,511,53.3,97.3,-37.8195002,144.9418888,ENV,REAL_511,Real sensor series - Docklands Library - board 511,42,real_sensor_board_511,20.098472392203217,1,weak_multivariate_excursion
2015-02-15 06:00:00+00:00,40.3,Docklands Library,511,22.0,98.5,-37.8195002,144.9418888,ENV,REAL_511,Real sensor series - Docklands Library - board 511,42,real_sensor_board_511,21.878777913762576,1,weak_multivariate_excursion
2015-02-15 07:10:00+00:00,39.4,Docklands Library,511,22.4,98.4,-37.8195002,144.9418888,ENV,REAL_511,Real sensor series - Docklands Library - board 511,42,real_sensor_board_511,23.303022331010062,1,weak_multivariate_excursion
2015-02-15 07:20:00+00:00,36.1,Docklands Library,511,21.7,97.3,-37.8195002,144.9418888,ENV,REAL_511,Real sensor series - Docklands Library - board 511,42,real_sensor_board_511,24.44241786480805,1,weak_multivariate_excursion
2015-02-15 07:30:00+00:00,39.4,Docklands Library,511,21.3,98.6,-37.8195002,144.9418888,ENV,REAL_511,Real sensor series - Docklands Library - board 511,42,real_sensor_board_511,25.353934291846443,1,weak_multivariate_excursion
2015-02-15 08:00:00+00:00,36.8,Docklands Library,511,24.3,98.5,-37.8195002,144.9418888,ENV,REAL_511,Real sensor series - Docklands Library - board 511,42,real_sensor_board_511,26.083147433477155,1,weak_multivariate_excursion
2015-02-15 08:10:00+00:00,36.8,Docklands Library,511,22.0,98.3,-37.8195002,144.9418888,ENV,REAL_511,Real sensor series - Docklands Library - board 511,42,real_sensor_board_511,26.666517946781727,1,weak_multivariate_excursion
2015-02-15 08:30:00+00:00,32.6,Docklands Library,511,24.8,96.8,-37.8195002,144.9418888,ENV,REAL_511,Real sensor series - Docklands Library - board 511,42,real_sensor_board_511,27.133214357425384,1,weak_multivariate_excursion
2015-02-15 08:40:00+00:00,31.9,Docklands Library,511,25.3,94.3,-37.8195002,144.9418888,ENV,REAL_511,Real sensor series - Docklands Library - board 511,42,real_sensor_board_511,27.50657148594031,1,weak_multivariate_excursion
2015-02-15 09:25:00+00:00,30.6,Docklands Library,511,26.2,53.1,-37.8195002,144.9418888,ENV,REAL_511,Real sensor series - Docklands Library - board 511,42,real_sensor_board_511,27.80525718875225,1,weak_multivariate_excursion
2015-02-15 09:45:00+00:00,30.0,Docklands Library,511,27.0,13.2,-37.8195002,144.9418888,ENV,REAL_511,Real sensor series - Docklands Library - board 511,42,real_sensor_board_511,28.0442057510018,1,weak_multivariate_excursion
2015-02-15 09:55:00+00:00,30.0,Docklands Library,511,27.6,11.0,-37.8195002,144.9418888,ENV,REAL_511,Real sensor series - Docklands Library - board 511,42,real_sensor_board_511,28.235364600801443,1,weak_multivariate_excursion
2015-02-15 10:25:00+00:00,29.4,Docklands Library,511,28.9,11.0,-37.8195002,144.9418888,ENV,REAL_511,Real sensor series - Docklands Library - board 511,42,real_sensor_board_511,28.388291680641156,0,normal
2015-02-15 10:35:00+00:00,29.4,Docklands Library,511,29.5,10.9,-37.8195002,144.9418888,ENV,REAL_511,Real sensor series - Docklands Library - board 511,42,real_sensor_board_511,28.51063334451293,0,normal
2015-02-15 11:05:00+00:00,29.0,Docklands Library,511,31.7,11.1,-37.8195002,144.9418888,ENV,REAL_511,Real sensor series - Docklands Library - board 511,42,real_sensor_board_511,28.608506675610347,0,normal
2015-02-15 11:15:00+00:00,29.0,Docklands Library,511,30.5,11.1,-37.8195002,144.9418888,ENV,REAL_511,Real sensor series - Docklands Library - board 511,42,real_sensor_board_511,28.68680534048828,0,normal
2015-02-15 11:25:00+00:00,29.0,Docklands Library,511,30.8,9.1,-37.8195002,144.9418888,ENV,REAL_511,Real sensor series - Docklands Library - board 511,42,real_sensor_board_511,28.749444272390626,0,normal
2015-02-15 11:35:00+00:00,29.0,Docklands Library,511,30.6,10.4,-37.8195002,144.9418888,ENV,REAL_511,Real sensor series - Docklands Library - board 511,42,real_sensor_board_511,28.799555417912504,0,normal
2015-02-15 12:05:00+00:00,29.0,Docklands Library,511,32.2,10.8,-37.8195002,144.9418888,ENV,REAL_511,Real sensor series - Docklands Library - board 511,42,real_sensor_board_511,28.839644334330007,0,normal
2015-02-15 12:50:00+00:00,29.0,Docklands Library,511,35.7,10.3,-37.8195002,144.9418888,ENV,REAL_511,Real sensor series - Docklands Library - board 511,42,real_sensor_board_511,28.871715467464007,0,normal
2015-02-15 13:00:00+00:00,28.4,Docklands Library,511,37.3,10.7,-37.8195002,144.9418888,ENV,REAL_511,Real sensor series - Docklands Library - board 511,42,real_sensor_board_511,28.777372373971208,0,normal
2015-02-15 13:10:00+00:00,28.4,Docklands Library,511,37.1,10.9,-37.8195002,144.9418888,ENV,REAL_511,Real sensor series - Docklands Library - board 511,42,real_sensor_board_511,28.701897899176966,0,normal
2015-02-15 13:20:00+00:00,28.4,Docklands Library,511,36.6,9.6,-37.8195002,144.9418888,ENV,REAL_511,Real sensor series - Docklands Library - board 511,42,real_sensor_board_511,28.641518319341575,0,normal
2015-02-15 14:00:00+00:00,27.7,Docklands Library,511,38.4,10.8,-37.8195002,144.9418888,ENV,REAL_511,Real sensor series - Docklands Library - board 511,42,real_sensor_board_511,28.45321465547326,0,normal
2015-02-15 14:20:00+00:00,25.8,Docklands Library,511,42.6,11.0,-37.8195002,144.9418888,ENV,REAL_511,Real sensor series - Docklands Library - board 511,42,real_sensor_board_511,27.92257172437861,0,normal
2015-02-15 14:30:00+00:00,24.8,Docklands Library,511,45.0,10.9,-37.8195002,144.9418888,ENV,REAL_511,Real sensor series - Docklands Library - board 511,42,real_sensor_board_511,27.29805737950289,0,normal
2015-02-15 15:00:00+00:00,23.2,Docklands Library,511,46.1,11.3,-37.8195002,144.9418888,ENV,REAL_511,Real sensor series - Docklands Library - board 511,42,real_sensor_board_511,26.478445903602314,0,normal
2015-02-15 15:20:00+00:00,22.9,Docklands Library,511,45.6,10.9,-37.8195002,144.9418888,ENV,REAL_511,Real sensor series - Docklands Library - board 511,42,real_sensor_board_511,25.762756722881853,0,normal
2015-02-15 15:30:00+00:00,22.6,Docklands Library,511,46.2,11.4,-37.8195002,144.9418888,ENV,REAL_511,Real sensor series - Docklands Library - board 511,42,real_sensor_board_511,25.130205378305483,0,normal
2015-02-15 16:05:00+00:00,22.3,Docklands Library,511,44.7,10.3,-37.8195002,144.9418888,ENV,REAL_511,Real sensor series - Docklands Library - board 511,42,real_sensor_board_511,24.624164302644388,0,normal
2015-02-15 16:25:00+00:00,21.6,Docklands Library,511,48.8,10.6,-37.8195002,144.9418888,ENV,REAL_511,Real sensor series - Docklands Library - board 511,42,real_sensor_board_511,24.159331442115512,0,normal
2015-02-15 16:45:00+00:00,20.6,Docklands Library,511,50.7,10.8,-37.8195002,144.9418888,ENV,REAL_511,Real sensor series - Docklands Library - board 511,42,real_sensor_board_511,23.647465153692412,0,normal
2015-02-15 17:15:00+00:00,19.4,Docklands Library,511,48.3,11.3,-37.8195002,144.9418888,ENV,REAL_511,Real sensor series - Docklands Library - board 511,42,real_sensor_board_511,23.03797212295393,0,normal
2015-02-15 17:25:00+00:00,19.4,Docklands Library,511,48.6,11.3,-37.8195002,144.9418888,ENV,REAL_511,Real sensor series - Docklands Library - board 511,42,real_sensor_board_511,22.310377698363144,0,normal
2015-02-15 17:35:00+00:00,19.0,Docklands Library,511,51.3,11.6,-37.8195002,144.9418888,ENV,REAL_511,Real sensor series - Docklands Library - board 511,42,real_sensor_board_511,21.728302158690514,0,normal
2015-02-15 17:45:00+00:00,19.0,Docklands Library,511,52.7,11.2,-37.8195002,144.9418888,ENV,REAL_511,Real sensor series - Docklands Library - board 511,42,real_sensor_board_511,21.26264172695241,0,normal
2015-02-15 18:05:00+00:00,18.7,Docklands Library,511,51.0,11.6,-37.8195002,144.9418888,ENV,REAL_511,Real sensor series - Docklands Library - board 511,42,real_sensor_board_511,20.890113381561928,0,normal
2015-02-15 18:25:00+00:00,18.7,Docklands Library,511,51.1,11.3,-37.8195002,144.9418888,ENV,REAL_511,Real sensor series - Docklands Library - board 511,42,real_sensor_board_511,20.512090705249545,0,normal
2015-02-15 18:45:00+00:00,18.1,Docklands Library,511,52.7,11.6,-37.8195002,144.9418888,ENV,REAL_511,Real sensor series - Docklands Library - board 511,42,real_sensor_board_511,20.209672564199636,0,normal
2015-02-15 19:00:00+00:00,18.1,Docklands Library,511,53.2,11.7,-37.8195002,144.9418888,ENV,REAL_511,Real sensor series - Docklands Library - board 511,42,real_sensor_board_511,19.96773805135971,0,normal
2015-02-15 19:30:00+00:00,17.7,Docklands Library,511,55.4,18.2,-37.8195002,144.9418888,ENV,REAL_511,Real sensor series - Docklands Library - board 511,42,real_sensor_board_511,19.774190441087768,1,weak_multivariate_excursion
2015-02-15 19:40:00+00:00,17.7,Docklands Library,511,55.2,41.3,-37.8195002,144.9418888,ENV,REAL_511,Real sensor series - Docklands Library - board 511,42,real_sensor_board_511,19.619352352870216,1,weak_multivariate_excursion
2015-02-15 19:50:00+00:00,17.4,Docklands Library,511,55.4,67.4,-37.8195002,144.9418888,ENV,REAL_511,Real sensor series - Docklands Library - board 511,42,real_sensor_board_511,19.495481882296172,1,weak_multivariate_excursion
2015-02-15 21:40:00+00:00,18.1,Docklands Library,511,52.2,94.8,-37.8195002,144.9418888,ENV,REAL_511,Real sensor series - Docklands Library - board 511,42,real_sensor_board_511,19.39638550583694,1,weak_multivariate_excursion
2015-02-16 05:45:00+00:00,26.1,Docklands Library,511,41.0,98.5,-37.8195002,144.9418888,ENV,REAL_511,Real sensor series - Docklands Library - board 511,42,real_sensor_board_511,19.31710840466955,1,weak_multivariate_excursion
2015-02-16 09:20:00+00:00,19.0,Docklands Library,511,54.4,68.8,-37.8195002,144.9418888,ENV,REAL_511,Real sensor series - Docklands Library - board 511,42,real_sensor_board_511,19.25368672373564,1,weak_multivariate_excursion
2015-02-16 09:30:00+00:00,19.0,Docklands Library,511,55.5,34.3,-37.8195002,144.9418888,ENV,REAL_511,Real sensor series - Docklands Library - board 511,42,real_sensor_board_511,19.202949378988514,1,weak_multivariate_excursion
2015-02-16 09:40:00+00:00,19.0,Docklands Library,511,55.2,14.3,-37.8195002,144.9418888,ENV,REAL_511,Real sensor series - Docklands Library - board 511,42,real_sensor_board_511,19.10235950319081,1,weak_multivariate_excursion
2015-02-16 10:30:00+00:00,19.4,Docklands Library,511,54.9,12.1,-37.8195002,144.9418888,ENV,REAL_511,Real sensor series - Docklands Library - board 511,42,real_sensor_board_511,19.021887602552653,1,weak_multivariate_excursion
2015-02-16 10:50:00+00:00,19.0,Docklands Library,511,55.2,12.2,-37.8195002,144.9418888,ENV,REAL_511,Real sensor series - Docklands Library - board 511,42,real_sensor_board_511,18.957510082042123,0,normal
2015-02-16 11:10:00+00:00,19.4,Docklands Library,511,53.5,12.2,-37.8195002,144.9418888,ENV,REAL_511,Real sensor series - Docklands Library - board 511,42,real_sensor_board_511,18.9060080656337,0,normal
2015-02-16 11:20:00+00:00,19.0,Docklands Library,511,53.7,11.5,-37.8195002,144.9418888,ENV,REAL_511,Real sensor series - Docklands Library - board 511,42,real_sensor_board_511,18.86480645250696,0,normal
2015-02-16 11:30:00+00:00,19.0,Docklands Library,511,54.4,10.7,-37.8195002,144.9418888,ENV,REAL_511,Real sensor series - Docklands Library - board 511,42,real_sensor_board_511,18.83184516200557,0,normal
2015-02-16 11:40:00+00:00,19.0,Docklands Library,511,54.1,11.0,-37.8195002,144.9418888,ENV,REAL_511,Real sensor series - Docklands Library - board 511,42,real_sensor_board_511,18.805476129604457,0,normal
2015-02-16 11:55:00+00:00,19.0,Docklands Library,511,54.3,11.2,-37.8195002,144.9418888,ENV,REAL_511,Real sensor series - Docklands Library - board 511,42,real_sensor_board_511,18.78438090368357,0,normal
2015-02-16 12:25:00+00:00,18.7,Docklands Library,511,54.9,10.5,-37.8195002,144.9418888,ENV,REAL_511,Real sensor series - Docklands Library - board 511,42,real_sensor_board_511,18.767504722946857,0,normal
2015-02-16 12:35:00+00:00,18.7,Docklands Library,511,53.7,10.7,-37.8195002,144.9418888,ENV,REAL_511,Real sensor series - Docklands Library - board 511,42,real_sensor_board_511,18.754003778357486,0,normal
2015-02-16 12:45:00+00:00,18.4,Docklands Library,511,54.1,10.9,-37.8195002,144.9418888,ENV,REAL_511,Real sensor series - Docklands Library - board 511,42,real_sensor_board_511,18.74320302268599,0,normal
2015-02-16 12:55:00+00:00,18.7,Docklands Library,511,54.4,10.9,-37.8195002,144.9418888,ENV,REAL_511,Real sensor series - Docklands Library - board 511,42,real_sensor_board_511,18.73456241814879,0,normal
2015-02-16 13:15:00+00:00,18.7,Docklands Library,511,53.3,10.8,-37.8195002,144.9418888,ENV,REAL_511,Real sensor series - Docklands Library - board 511,42,real_sensor_board_511,18.727649934519036,0,normal
2015-02-16 13:25:00+00:00,18.4,Docklands Library,511,53.2,10.6,-37.8195002,144.9418888,ENV,REAL_511,Real sensor series - Docklands Library - board 511,42,real_sensor_board_511,18.66211994761523,0,normal
2015-02-16 13:55:00+00:00,18.4,Docklands Library,511,52.4,10.9,-37.8195002,144.9418888,ENV,REAL_511,Real sensor series - Docklands Library - board 511,42,real_sensor_board_511,18.609695958092185,0,normal
2015-02-16 14:05:00+00:00,18.4,Docklands Library,511,52.2,11.0,-37.8195002,144.9418888,ENV,REAL_511,Real sensor series - Docklands Library - board 511,42,real_sensor_board_511,18.56775676647375,0,normal
2015-02-16 14:25:00+00:00,18.4,Docklands Library,511,51.4,10.4,-37.8195002,144.9418888,ENV,REAL_511,Real sensor series - Docklands Library - board 511,42,real_sensor_board_511,18.534205413179002,0,normal
2015-02-16 14:35:00+00:00,18.4,Docklands Library,511,49.9,10.6,-37.8195002,144.9418888,ENV,REAL_511,Real sensor series - Docklands Library - board 511,42,real_sensor_board_511,18.507364330543204,0,normal
2015-02-16 14:45:00+00:00,18.7,Docklands Library,511,49.9,10.8,-37.8195002,144.9418888,ENV,REAL_511,Real sensor series - Docklands Library - board 511,42,real_sensor_board_511,18.485891464434566,0,normal
2015-02-16 14:55:00+00:00,18.4,Docklands Library,511,49.2,10.9,-37.8195002,144.9418888,ENV,REAL_511,Real sensor series - Docklands Library - board 511,42,real_sensor_board_511,18.468713171547655,0,normal
2015-02-16 15:10:00+00:00,18.4,Docklands Library,511,48.8,10.2,-37.8195002,144.9418888,ENV,REAL_511,Real sensor series - Docklands Library - board 511,42,real_sensor_board_511,18.454970537238125,0,normal
2015-02-16 15:20:00+00:00,18.4,Docklands Library,511,49.7,10.2,-37.8195002,144.9418888,ENV,REAL_511,Real sensor series - Docklands Library - board 511,42,real_sensor_board_511,18.443976429790503,0,normal
2015-02-16 15:40:00+00:00,18.1,Docklands Library,511,50.8,10.8,-37.8195002,144.9418888,ENV,REAL_511,Real sensor series - Docklands Library - board 511,42,real_sensor_board_511,18.375181143832403,0,normal
2015-02-16 15:50:00+00:00,18.1,Docklands Library,511,50.8,10.9,-37.8195002,144.9418888,ENV,REAL_511,Real sensor series - Docklands Library - board 511,42,real_sensor_board_511,18.320144915065924,0,normal
2015-02-16 16:00:00+00:00,18.1,Docklands Library,511,51.1,10.9,-37.8195002,144.9418888,ENV,REAL_511,Real sensor series - Docklands Library - board 511,42,real_sensor_board_511,18.27611593205274,0,normal
2015-02-16 16:10:00+00:00,18.1,Docklands Library,511,51.3,10.1,-37.8195002,144.9418888,ENV,REAL_511,Real sensor series - Docklands Library - board 511,42,real_sensor_board_511,18.240892745642192,0,normal
2015-02-16 16:20:00+00:00,18.1,Docklands Library,511,50.5,10.3,-37.8195002,144.9418888,ENV,REAL_511,Real sensor series - Docklands Library - board 511,42,real_sensor_board_511,18.212714196513755,0,normal
2015-02-16 16:40:00+00:00,18.1,Docklands Library,511,50.3,10.9,-37.8195002,144.9418888,ENV,REAL_511,Real sensor series - Docklands Library - board 511,42,real_sensor_board_511,18.190171357211003,0,normal
2015-02-16 16:50:00+00:00,18.1,Docklands Library,511,50.3,10.9,-37.8195002,144.9418888,ENV,REAL_511,Real sensor series - Docklands Library - board 511,42,real_sensor_board_511,18.172137085768803,0,normal
2015-02-16 17:10:00+00:00,18.1,Docklands Library,511,49.9,11.1,-37.8195002,144.9418888,ENV,REAL_511,Real sensor series - Docklands Library - board 511,42,real_sensor_board_511,18.157709668615045,0,normal
2015-02-16 17:20:00+00:00,18.1,Docklands Library,511,49.4,11.0,-37.8195002,144.9418888,ENV,REAL_511,Real sensor series - Docklands Library - board 511,42,real_sensor_board_511,18.146167734892035,0,normal
2015-02-16 17:50:00+00:00,18.1,Docklands Library,511,50.0,11.2,-37.8195002,144.9418888,ENV,REAL_511,Real sensor series - Docklands Library - board 511,42,real_sensor_board_511,18.136934187913628,0,normal
2015-02-16 18:00:00+00:00,18.1,Docklands Library,511,49.9,11.3,-37.8195002,144.9418888,ENV,REAL_511,Real sensor series - Docklands Library - board 511,42,real_sensor_board_511,18.129547350330903,0,normal
2015-02-16 18:25:00+00:00,18.1,Docklands Library,511,52.4,11.5,-37.8195002,144.9418888,ENV,REAL_511,Real sensor series - Docklands Library - board 511,42,real_sensor_board_511,18.123637880264724,0,normal
2015-02-16 18:35:00+00:00,18.1,Docklands Library,511,53.5,11.5,-37.8195002,144.9418888,ENV,REAL_511,Real sensor series - Docklands Library - board 511,42,real_sensor_board_511,18.11891030421178,0,normal
2015-02-16 19:15:00+00:00,18.1,Docklands Library,511,54.0,11.7,-37.8195002,144.9418888,ENV,REAL_511,Real sensor series - Docklands Library - board 511,42,real_sensor_board_511,18.115128243369426,0,normal
2015-02-16 19:25:00+00:00,18.1,Docklands Library,511,53.8,12.2,-37.8195002,144.9418888,ENV,REAL_511,Real sensor series - Docklands Library - board 511,42,real_sensor_board_511,18.112102594695543,1,weak_multivariate_excursion
2015-02-16 20:05:00+00:00,18.1,Docklands Library,511,54.3,63.3,-37.8195002,144.9418888,ENV,REAL_511,Real sensor series - Docklands Library - board 511,42,real_sensor_board_511,18.109682075756435,1,weak_multivariate_excursion
2015-02-16 22:00:00+00:00,17.7,Docklands Library,511,55.7,93.1,-37.8195002,144.9418888,ENV,REAL_511,Real sensor series - Docklands Library - board 511,42,real_sensor_board_511,18.10774566060515,1,weak_multivariate_excursion
2015-02-17 02:25:00+00:00,20.0,Docklands Library,511,51.3,96.9,-37.8195002,144.9418888,ENV,REAL_511,Real sensor series - Docklands Library - board 511,42,real_sensor_board_511,18.106196528484123,1,weak_multivariate_excursion
2015-02-17 02:55:00+00:00,21.0,Docklands Library,511,49.6,97.1,-37.8195002,144.9418888,ENV,REAL_511,Real sensor series - Docklands Library - board 511,42,real_sensor_board_511,18.1049572227873,0,normal
2015-02-17 04:30:00+00:00,21.6,Docklands Library,511,48.0,97.7,-37.8195002,144.9418888,ENV,REAL_511,Real sensor series - Docklands Library - board 511,42,real_sensor_board_511,18.163965778229837,1,weak_multivariate_excursion
2015-02-17 09:25:00+00:00,18.4,Docklands Library,511,53.8,61.4,-37.8195002,144.9418888,ENV,REAL_511,Real sensor series - Docklands Library - board 511,42,real_sensor_board_511,18.21117262258387,1,weak_multivariate_excursion
2015-02-17 09:35:00+00:00,18.1,Docklands Library,511,53.8,21.9,-37.8195002,144.9418888,ENV,REAL_511,Real sensor series - Docklands Library - board 511,42,real_sensor_board_511,18.248938098067097,1,weak_multivariate_excursion
2015-02-17 09:45:00+00:00,18.4,Docklands Library,511,54.0,13.0,-37.8195002,144.9418888,ENV,REAL_511,Real sensor series - Docklands Library - board 511,42,real_sensor_board_511,18.27915047845368,1,weak_multivariate_excursion
2015-02-17 10:15:00+00:00,18.4,Docklands Library,511,53.8,11.5,-37.8195002,144.9418888,ENV,REAL_511,Real sensor series - Docklands Library - board 511,42,real_sensor_board_511,18.303320382762944,0,normal
2015-02-17 10:25:00+00:00,18.4,Docklands Library,511,53.5,11.7,-37.8195002,144.9418888,ENV,REAL_511,Real sensor series - Docklands Library - board 511,42,real_sensor_board_511,18.322656306210355,0,normal
2015-02-17 10:45:00+00:00,18.4,Docklands Library,511,53.3,11.7,-37.8195002,144.9418888,ENV,REAL_511,Real sensor series - Docklands Library - board 511,42,real_sensor_board_511,18.338125044968287,0,normal
2015-02-17 10:55:00+00:00,18.4,Docklands Library,511,53.3,11.7,-37.8195002,144.9418888,ENV,REAL_511,Real sensor series - Docklands Library - board 511,42,real_sensor_board_511,18.35050003597463,0,normal
2015-02-17 11:05:00+00:00,18.4,Docklands Library,511,53.3,11.6,-37.8195002,144.9418888,ENV,REAL_511,Real sensor series - Docklands Library - board 511,42,real_sensor_board_511,18.360400028779704,0,normal
2015-02-17 11:20:00+00:00,18.4,Docklands Library,511,53.3,11.7,-37.8195002,144.9418888,ENV,REAL_511,Real sensor series - Docklands Library - board 511,42,real_sensor_board_511,18.368320023023763,0,normal
2015-02-17 11:40:00+00:00,18.4,Docklands Library,511,54.0,10.4,-37.8195002,144.9418888,ENV,REAL_511,Real sensor series - Docklands Library - board 511,42,real_sensor_board_511,18.37465601841901,0,normal
2015-02-17 12:10:00+00:00,18.4,Docklands Library,511,53.0,10.8,-37.8195002,144.9418888,ENV,REAL_511,Real sensor series - Docklands Library - board 511,42,real_sensor_board_511,18.37972481473521,0,normal
2015-02-17 12:20:00+00:00,18.4,Docklands Library,511,52.9,10.1,-37.8195002,144.9418888,ENV,REAL_511,Real sensor series - Docklands Library - board 511,42,real_sensor_board_511,18.38377985178817,0,normal
2015-02-17 12:50:00+00:00,18.4,Docklands Library,511,52.2,10.3,-37.8195002,144.9418888,ENV,REAL_511,Real sensor series - Docklands Library - board 511,42,real_sensor_board_511,18.387023881430537,0,normal
2015-02-17 13:10:00+00:00,18.1,Docklands Library,511,53.3,10.6,-37.8195002,144.9418888,ENV,REAL_511,Real sensor series - Docklands Library - board 511,42,real_sensor_board_511,18.38961910514443,0,normal
2015-02-17 13:20:00+00:00,18.4,Docklands Library,511,53.2,10.0,-37.8195002,144.9418888,ENV,REAL_511,Real sensor series - Docklands Library - board 511,42,real_sensor_board_511,18.391695284115542,0,normal
2015-02-17 13:30:00+00:00,18.1,Docklands Library,511,52.4,10.1,-37.8195002,144.9418888,ENV,REAL_511,Real sensor series - Docklands Library - board 511,42,real_sensor_board_511,18.393356227292436,0,normal
2015-02-17 13:40:00+00:00,18.4,Docklands Library,511,51.9,10.3,-37.8195002,144.9418888,ENV,REAL_511,Real sensor series - Docklands Library - board 511,42,real_sensor_board_511,18.394684981833947,0,normal
2015-02-17 13:50:00+00:00,18.4,Docklands Library,511,52.2,10.4,-37.8195002,144.9418888,ENV,REAL_511,Real sensor series - Docklands Library - board 511,42,real_sensor_board_511,18.39574798546716,0,normal
2015-02-17 14:00:00+00:00,18.4,Docklands Library,511,52.6,10.5,-37.8195002,144.9418888,ENV,REAL_511,Real sensor series - Docklands Library - board 511,42,real_sensor_board_511,18.39659838837373,0,normal
2015-02-17 14:20:00+00:00,18.4,Docklands Library,511,51.3,10.0,-37.8195002,144.9418888,ENV,REAL_511,Real sensor series - Docklands Library - board 511,42,real_sensor_board_511,18.337278710698985,0,normal
2015-02-17 14:35:00+00:00,18.4,Docklands Library,511,50.2,10.2,-37.8195002,144.9418888,ENV,REAL_511,Real sensor series - Docklands Library - board 511,42,real_sensor_board_511,18.28982296855919,0,normal
2015-02-17 14:45:00+00:00,18.1,Docklands Library,511,55.2,10.5,-37.8195002,144.9418888,ENV,REAL_511,Real sensor series - Docklands Library - board 511,42,real_sensor_board_511,18.25185837484735,0,normal
2015-02-17 14:55:00+00:00,18.1,Docklands Library,511,56.2,10.4,-37.8195002,144.9418888,ENV,REAL_511,Real sensor series - Docklands Library - board 511,42,real_sensor_board_511,18.221486699877882,0,normal
2015-02-17 15:15:00+00:00,17.7,Docklands Library,511,57.8,9.9,-37.8195002,144.9418888,ENV,REAL_511,Real sensor series - Docklands Library - board 511,42,real_sensor_board_511,18.197189359902307,0,normal
2015-02-17 15:35:00+00:00,18.1,Docklands Library,511,57.0,10.1,-37.8195002,144.9418888,ENV,REAL_511,Real sensor series - Docklands Library - board 511,42,real_sensor_board_511,18.177751487921846,0,normal
2015-02-17 15:45:00+00:00,18.1,Docklands Library,511,56.2,10.3,-37.8195002,144.9418888,ENV,REAL_511,Real sensor series - Docklands Library - board 511,42,real_sensor_board_511,18.162201190337477,0,normal
2015-02-17 15:55:00+00:00,18.1,Docklands Library,511,55.7,10.3,-37.8195002,144.9418888,ENV,REAL_511,Real sensor series - Docklands Library - board 511,42,real_sensor_board_511,18.149760952269983,0,normal
2015-02-17 16:05:00+00:00,18.1,Docklands Library,511,57.0,9.9,-37.8195002,144.9418888,ENV,REAL_511,Real sensor series - Docklands Library - board 511,42,real_sensor_board_511,18.13980876181599,0,normal
2015-02-17 16:15:00+00:00,18.1,Docklands Library,511,58.2,10.2,-37.8195002,144.9418888,ENV,REAL_511,Real sensor series - Docklands Library - board 511,42,real_sensor_board_511,18.13184700945279,0,normal
2015-02-17 16:35:00+00:00,17.4,Docklands Library,511,61.1,10.2,-37.8195002,144.9418888,ENV,REAL_511,Real sensor series - Docklands Library - board 511,42,real_sensor_board_511,18.125477607562235,0,normal
2015-02-17 16:45:00+00:00,17.1,Docklands Library,511,61.4,10.3,-37.8195002,144.9418888,ENV,REAL_511,Real sensor series - Docklands Library - board 511,42,real_sensor_board_511,18.12038208604979,0,normal
2015-02-17 17:05:00+00:00,17.4,Docklands Library,511,60.1,10.2,-37.8195002,144.9418888,ENV,REAL_511,Real sensor series - Docklands Library - board 511,42,real_sensor_board_511,18.116305668839832,0,normal
2015-02-17 17:15:00+00:00,17.4,Docklands Library,511,59.8,10.3,-37.8195002,144.9418888,ENV,REAL_511,Real sensor series - Docklands Library - board 511,42,real_sensor_board_511,18.113044535071868,0,normal
2015-02-17 17:25:00+00:00,17.7,Docklands Library,511,58.1,10.4,-37.8195002,144.9418888,ENV,REAL_511,Real sensor series - Docklands Library - board 511,42,real_sensor_board_511,18.110435628057495,0,normal
2015-02-17 17:35:00+00:00,18.1,Docklands Library,511,57.9,10.6,-37.8195002,144.9418888,ENV,REAL_511,Real sensor series - Docklands Library - board 511,42,real_sensor_board_511,18.108348502445995,0,normal
2015-02-17 17:50:00+00:00,18.1,Docklands Library,511,56.0,10.6,-37.8195002,144.9418888,ENV,REAL_511,Real sensor series - Docklands Library - board 511,42,real_sensor_board_511,18.106678801956797,0,normal
2015-02-17 18:00:00+00:00,18.4,Docklands Library,511,54.4,10.7,-37.8195002,144.9418888,ENV,REAL_511,Real sensor series - Docklands Library - board 511,42,real_sensor_board_511,18.105343041565437,0,normal
2015-02-17 18:10:00+00:00,18.4,Docklands Library,511,55.4,10.9,-37.8195002,144.9418888,ENV,REAL_511,Real sensor series - Docklands Library - board 511,42,real_sensor_board_511,18.10427443325235,0,normal
2015-02-17 18:20:00+00:00,18.1,Docklands Library,511,55.9,10.9,-37.8195002,144.9418888,ENV,REAL_511,Real sensor series - Docklands Library - board 511,42,real_sensor_board_511,18.10341954660188,0,normal
2015-02-17 18:40:00+00:00,18.4,Docklands Library,511,55.2,11.0,-37.8195002,144.9418888,ENV,REAL_511,Real sensor series - Docklands Library - board 511,42,real_sensor_board_511,18.102735637281505,0,normal
2015-02-17 18:50:00+00:00,18.1,Docklands Library,511,56.8,11.0,-37.8195002,144.9418888,ENV,REAL_511,Real sensor series - Docklands Library - board 511,42,real_sensor_board_511,18.102188509825204,0,normal
2015-02-17 19:20:00+00:00,18.4,Docklands Library,511,55.9,11.3,-37.8195002,144.9418888,ENV,REAL_511,Real sensor series - Docklands Library - board 511,42,real_sensor_board_511,18.161750807860166,0,normal
2015-02-17 19:40:00+00:00,18.4,Docklands Library,511,55.7,21.5,-37.8195002,144.9418888,ENV,REAL_511,Real sensor series - Docklands Library - board 511,42,real_sensor_board_511,18.20940064628813,1,weak_multivariate_excursion
2015-02-17 20:40:00+00:00,18.4,Docklands Library,511,54.4,85.0,-37.8195002,144.9418888,ENV,REAL_511,Real sensor series - Docklands Library - board 511,42,real_sensor_board_511,18.247520517030505,1,weak_multivariate_excursion
2015-02-17 21:05:00+00:00,18.4,Docklands Library,511,55.9,86.9,-37.8195002,144.9418888,ENV,REAL_511,Real sensor series - Docklands Library - board 511,42,real_sensor_board_511,18.278016413624407,1,weak_multivariate_excursion
2015-02-17 21:15:00+00:00,18.4,Docklands Library,511,55.1,89.0,-37.8195002,144.9418888,ENV,REAL_511,Real sensor series - Docklands Library - board 511,42,real_sensor_board_511,18.302413130899524,0,normal
2015-02-17 21:25:00+00:00,18.4,Docklands Library,511,54.1,89.7,-37.8195002,144.9418888,ENV,REAL_511,Real sensor series - Docklands Library - board 511,42,real_sensor_board_511,18.321930504719617,1,weak_multivariate_excursion
2015-02-18 01:00:00+00:00,21.6,Docklands Library,511,49.7,97.2,-37.8195002,144.9418888,ENV,REAL_511,Real sensor series - Docklands Library - board 511,42,real_sensor_board_511,18.337544403775695,1,weak_multivariate_excursion
2015-02-18 09:10:00+00:00,18.7,Docklands Library,511,59.6,50.6,-37.8195002,144.9418888,ENV,REAL_511,Real sensor series - Docklands Library - board 511,42,real_sensor_board_511,18.35003552302056,1,weak_multivariate_excursion
2015-02-18 09:20:00+00:00,18.7,Docklands Library,511,59.5,21.4,-37.8195002,144.9418888,ENV,REAL_511,Real sensor series - Docklands Library - board 511,42,real_sensor_board_511,18.360028418416448,1,weak_multivariate_excursion
2015-02-18 10:00:00+00:00,18.4,Docklands Library,511,58.1,11.0,-37.8195002,144.9418888,ENV,REAL_511,Real sensor series - Docklands Library - board 511,42,real_sensor_board_511,18.36802273473316,1,weak_multivariate_excursion
2015-02-18 10:10:00+00:00,18.4,Docklands Library,511,58.4,11.1,-37.8195002,144.9418888,ENV,REAL_511,Real sensor series - Docklands Library - board 511,42,real_sensor_board_511,18.374418187786528,0,normal
2015-02-18 10:30:00+00:00,18.4,Docklands Library,511,58.1,11.0,-37.8195002,144.9418888,ENV,REAL_511,Real sensor series - Docklands Library - board 511,42,real_sensor_board_511,18.379534550229224,0,normal
2015-02-18 10:45:00+00:00,18.1,Docklands Library,511,58.5,11.0,-37.8195002,144.9418888,ENV,REAL_511,Real sensor series - Docklands Library - board 511,42,real_sensor_board_511,18.383627640183377,0,normal
2015-02-18 11:05:00+00:00,18.1,Docklands Library,511,59.3,11.1,-37.8195002,144.9418888,ENV,REAL_511,Real sensor series - Docklands Library - board 511,42,real_sensor_board_511,18.3869021121467,0,normal
2015-02-18 11:35:00+00:00,18.1,Docklands Library,511,60.1,9.5,-37.8195002,144.9418888,ENV,REAL_511,Real sensor series - Docklands Library - board 511,42,real_sensor_board_511,18.389521689717363,0,normal
2015-02-18 11:55:00+00:00,18.4,Docklands Library,511,59.6,9.9,-37.8195002,144.9418888,ENV,REAL_511,Real sensor series - Docklands Library - board 511,42,real_sensor_board_511,18.39161735177389,0,normal
2015-02-18 12:15:00+00:00,18.4,Docklands Library,511,60.3,10.3,-37.8195002,144.9418888,ENV,REAL_511,Real sensor series - Docklands Library - board 511,42,real_sensor_board_511,18.453293881419114,0,normal
2015-02-18 12:25:00+00:00,18.4,Docklands Library,511,60.6,9.3,-37.8195002,144.9418888,ENV,REAL_511,Real sensor series - Docklands Library - board 511,42,real_sensor_board_511,18.50263510513529,0,normal
2015-02-18 12:55:00+00:00,18.4,Docklands Library,511,60.1,9.9,-37.8195002,144.9418888,ENV,REAL_511,Real sensor series - Docklands Library - board 511,42,real_sensor_board_511,18.542108084108236,0,normal
2015-02-18 13:15:00+00:00,18.7,Docklands Library,511,60.4,9.4,-37.8195002,144.9418888,ENV,REAL_511,Real sensor series - Docklands Library - board 511,42,real_sensor_board_511,18.573686467286592,0,normal
2015-02-18 13:45:00+00:00,18.7,Docklands Library,511,60.8,9.7,-37.8195002,144.9418888,ENV,REAL_511,Real sensor series - Docklands Library - board 511,42,real_sensor_board_511,18.598949173829276,0,normal
2015-02-18 14:10:00+00:00,18.7,Docklands Library,511,60.4,9.9,-37.8195002,144.9418888,ENV,REAL_511,Real sensor series - Docklands Library - board 511,42,real_sensor_board_511,18.619159339063422,0,normal
2015-02-18 14:50:00+00:00,18.7,Docklands Library,511,60.9,9.7,-37.8195002,144.9418888,ENV,REAL_511,Real sensor series - Docklands Library - board 511,42,real_sensor_board_511,18.63532747125074,0,normal
2015-02-18 15:00:00+00:00,18.7,Docklands Library,511,60.9,9.8,-37.8195002,144.9418888,ENV,REAL_511,Real sensor series - Docklands Library - board 511,42,real_sensor_board_511,18.648261977000594,0,normal
2015-02-18 15:20:00+00:00,18.7,Docklands Library,511,61.1,9.2,-37.8195002,144.9418888,ENV,REAL_511,Real sensor series - Docklands Library - board 511,42,real_sensor_board_511,18.658609581600476,0,normal
2015-02-18 15:30:00+00:00,18.7,Docklands Library,511,60.9,9.4,-37.8195002,144.9418888,ENV,REAL_511,Real sensor series - Docklands Library - board 511,42,real_sensor_board_511,18.666887665280385,0,normal
2015-02-18 15:40:00+00:00,19.0,Docklands Library,511,61.2,9.5,-37.8195002,144.9418888,ENV,REAL_511,Real sensor series - Docklands Library - board 511,42,real_sensor_board_511,18.673510132224308,0,normal
2015-02-18 15:50:00+00:00,19.0,Docklands Library,511,60.9,9.5,-37.8195002,144.9418888,ENV,REAL_511,Real sensor series - Docklands Library - board 511,42,real_sensor_board_511,18.678808105779446,0,normal
2015-02-18 16:10:00+00:00,19.0,Docklands Library,511,61.4,9.1,-37.8195002,144.9418888,ENV,REAL_511,Real sensor series - Docklands Library - board 511,42,real_sensor_board_511,18.68304648462356,0,normal
2015-02-18 17:00:00+00:00,18.7,Docklands Library,511,62.0,9.4,-37.8195002,144.9418888,ENV,REAL_511,Real sensor series - Docklands Library - board 511,42,real_sensor_board_511,18.68643718769885,0,normal
2015-02-18 17:15:00+00:00,19.0,Docklands Library,511,62.3,9.5,-37.8195002,144.9418888,ENV,REAL_511,Real sensor series - Docklands Library - board 511,42,real_sensor_board_511,18.689149750159082,0,normal
2015-02-18 17:45:00+00:00,18.7,Docklands Library,511,62.0,9.6,-37.8195002,144.9418888,ENV,REAL_511,Real sensor series - Docklands Library - board 511,42,real_sensor_board_511,18.691319800127268,0,normal
2015-02-18 17:55:00+00:00,18.7,Docklands Library,511,61.9,9.6,-37.8195002,144.9418888,ENV,REAL_511,Real sensor series - Docklands Library - board 511,42,real_sensor_board_511,18.753055840101815,0,normal
2015-02-18 18:05:00+00:00,18.7,Docklands Library,511,61.7,9.6,-37.8195002,144.9418888,ENV,REAL_511,Real sensor series - Docklands Library - board 511,42,real_sensor_board_511,18.802444672081453,0,normal
2015-02-18 18:15:00+00:00,19.0,Docklands Library,511,61.4,9.6,-37.8195002,144.9418888,ENV,REAL_511,Real sensor series - Docklands Library - board 511,42,real_sensor_board_511,18.841955737665163,0,normal
2015-02-18 18:25:00+00:00,19.0,Docklands Library,511,61.7,9.7,-37.8195002,144.9418888,ENV,REAL_511,Real sensor series - Docklands Library - board 511,42,real_sensor_board_511,18.87356459013213,0,normal
2015-02-18 18:35:00+00:00,19.0,Docklands Library,511,61.1,9.8,-37.8195002,144.9418888,ENV,REAL_511,Real sensor series - Docklands Library - board 511,42,real_sensor_board_511,18.898851672105703,0,normal
2015-02-18 18:45:00+00:00,19.0,Docklands Library,511,61.4,9.9,-37.8195002,144.9418888,ENV,REAL_511,Real sensor series - Docklands Library - board 511,42,real_sensor_board_511,18.919081337684563,0,normal
2015-02-18 18:55:00+00:00,18.7,Docklands Library,511,62.0,10.2,-37.8195002,144.9418888,ENV,REAL_511,Real sensor series - Docklands Library - board 511,42,real_sensor_board_511,18.93526507014765,0,normal
2015-02-18 19:05:00+00:00,18.4,Docklands Library,511,62.8,10.3,-37.8195002,144.9418888,ENV,REAL_511,Real sensor series - Docklands Library - board 511,42,real_sensor_board_511,18.94821205611812,1,weak_multivariate_excursion
2015-02-19 04:10:00+00:00,29.4,Docklands Library,511,43.7,98.3,-37.8195002,144.9418888,ENV,REAL_511,Real sensor series - Docklands Library - board 511,42,real_sensor_board_511,19.218569644894497,1,weak_multivariate_excursion
2015-02-19 09:35:00+00:00,21.9,Docklands Library,511,57.8,16.2,-37.8195002,144.9418888,ENV,REAL_511,Real sensor series - Docklands Library - board 511,42,real_sensor_board_511,19.4348557159156,1,weak_multivariate_excursion
2015-02-19 09:45:00+00:00,21.9,Docklands Library,511,57.4,11.6,-37.8195002,144.9418888,ENV,REAL_511,Real sensor series - Docklands Library - board 511,42,real_sensor_board_511,19.60788457273248,1,weak_multivariate_excursion
2015-02-19 10:20:00+00:00,21.6,Docklands Library,511,56.7,10.9,-37.8195002,144.9418888,ENV,REAL_511,Real sensor series - Docklands Library - board 511,42,real_sensor_board_511,19.746307658185984,0,normal
2015-02-19 10:50:00+00:00,21.3,Docklands Library,511,56.8,11.0,-37.8195002,144.9418888,ENV,REAL_511,Real sensor series - Docklands Library - board 511,42,real_sensor_board_511,19.857046126548788,0,normal
2015-02-19 11:00:00+00:00,21.0,Docklands Library,511,58.2,11.0,-37.8195002,144.9418888,ENV,REAL_511,Real sensor series - Docklands Library - board 511,42,real_sensor_board_511,19.945636901239034,0,normal
2015-02-19 11:10:00+00:00,21.0,Docklands Library,511,57.6,11.1,-37.8195002,144.9418888,ENV,REAL_511,Real sensor series - Docklands Library - board 511,42,real_sensor_board_511,20.016509520991228,0,normal
2015-02-19 11:20:00+00:00,21.0,Docklands Library,511,57.9,11.3,-37.8195002,144.9418888,ENV,REAL_511,Real sensor series - Docklands Library - board 511,42,real_sensor_board_511,20.073207616792985,0,normal
2015-02-19 11:30:00+00:00,21.0,Docklands Library,511,57.9,9.5,-37.8195002,144.9418888,ENV,REAL_511,Real sensor series - Docklands Library - board 511,42,real_sensor_board_511,20.11856609343439,0,normal
2015-02-19 11:40:00+00:00,20.6,Docklands Library,511,58.4,9.8,-37.8195002,144.9418888,ENV,REAL_511,Real sensor series - Docklands Library - board 511,42,real_sensor_board_511,20.15485287474751,0,normal
2015-02-19 11:50:00+00:00,20.6,Docklands Library,511,58.7,10.0,-37.8195002,144.9418888,ENV,REAL_511,Real sensor series - Docklands Library - board 511,42,real_sensor_board_511,20.183882299798007,0,normal
2015-02-19 12:00:00+00:00,20.6,Docklands Library,511,59.2,10.3,-37.8195002,144.9418888,ENV,REAL_511,Real sensor series - Docklands Library - board 511,42,real_sensor_board_511,20.207105839838405,0,normal
2015-02-19 12:10:00+00:00,20.6,Docklands Library,511,59.5,9.9,-37.8195002,144.9418888,ENV,REAL_511,Real sensor series - Docklands Library - board 511,42,real_sensor_board_511,20.225684671870724,0,normal
2015-02-19 12:20:00+00:00,20.6,Docklands Library,511,59.5,9.2,-37.8195002,144.9418888,ENV,REAL_511,Real sensor series - Docklands Library - board 511,42,real_sensor_board_511,20.240547737496577,0,normal
2015-02-19 12:30:00+00:00,20.3,Docklands Library,511,60.4,9.8,-37.8195002,144.9418888,ENV,REAL_511,Real sensor series - Docklands Library - board 511,42,real_sensor_board_511,20.252438189997264,0,normal
2015-02-19 12:40:00+00:00,20.3,Docklands Library,511,60.6,9.5,-37.8195002,144.9418888,ENV,REAL_511,Real sensor series - Docklands Library - board 511,42,real_sensor_board_511,20.261950551997813,0,normal
2015-02-19 12:50:00+00:00,20.3,Docklands Library,511,60.3,9.5,-37.8195002,144.9418888,ENV,REAL_511,Real sensor series - Docklands Library - board 511,42,real_sensor_board_511,20.26956044159825,0,normal
2015-02-19 13:00:00+00:00,20.3,Docklands Library,511,61.1,9.7,-37.8195002,144.9418888,ENV,REAL_511,Real sensor series - Docklands Library - board 511,42,real_sensor_board_511,20.275648353278605,0,normal
2015-02-19 13:10:00+00:00,20.3,Docklands Library,511,60.3,10.1,-37.8195002,144.9418888,ENV,REAL_511,Real sensor series - Docklands Library - board 511,42,real_sensor_board_511,20.280518682622883,0,normal
2015-02-19 13:25:00+00:00,20.3,Docklands Library,511,60.3,9.1,-37.8195002,144.9418888,ENV,REAL_511,Real sensor series - Docklands Library - board 511,42,real_sensor_board_511,20.28441494609831,0,normal
2015-02-19 13:55:00+00:00,20.0,Docklands Library,511,60.0,9.8,-37.8195002,144.9418888,ENV,REAL_511,Real sensor series - Docklands Library - board 511,42,real_sensor_board_511,20.227531956878646,0,normal
2015-02-19 14:05:00+00:00,20.0,Docklands Library,511,60.3,9.6,-37.8195002,144.9418888,ENV,REAL_511,Real sensor series - Docklands Library - board 511,42,real_sensor_board_511,20.18202556550292,0,normal
2015-02-19 14:15:00+00:00,20.0,Docklands Library,511,60.9,9.0,-37.8195002,144.9418888,ENV,REAL_511,Real sensor series - Docklands Library - board 511,42,real_sensor_board_511,20.145620452402337,0,normal
2015-02-19 14:25:00+00:00,20.0,Docklands Library,511,61.4,9.7,-37.8195002,144.9418888,ENV,REAL_511,Real sensor series - Docklands Library - board 511,42,real_sensor_board_511,20.11649636192187,0,normal
2015-02-19 14:45:00+00:00,19.7,Docklands Library,511,61.5,9.4,-37.8195002,144.9418888,ENV,REAL_511,Real sensor series - Docklands Library - board 511,42,real_sensor_board_511,20.0331970895375,0,normal
2015-02-19 14:55:00+00:00,19.7,Docklands Library,511,61.5,9.6,-37.8195002,144.9418888,ENV,REAL_511,Real sensor series - Docklands Library - board 511,42,real_sensor_board_511,19.96655767163,0,normal
2015-02-19 15:05:00+00:00,19.4,Docklands Library,511,61.7,9.9,-37.8195002,144.9418888,ENV,REAL_511,Real sensor series - Docklands Library - board 511,42,real_sensor_board_511,19.853246137304,0,normal
2015-02-19 15:15:00+00:00,19.4,Docklands Library,511,62.2,9.1,-37.8195002,144.9418888,ENV,REAL_511,Real sensor series - Docklands Library - board 511,42,real_sensor_board_511,19.7625969098432,0,normal
2015-02-19 15:25:00+00:00,19.4,Docklands Library,511,63.0,9.2,-37.8195002,144.9418888,ENV,REAL_511,Real sensor series - Docklands Library - board 511,42,real_sensor_board_511,19.69007752787456,0,normal
2015-02-19 15:45:00+00:00,19.0,Docklands Library,511,63.0,9.5,-37.8195002,144.9418888,ENV,REAL_511,Real sensor series - Docklands Library - board 511,42,real_sensor_board_511,19.552062022299648,0,normal
2015-02-19 15:55:00+00:00,19.0,Docklands Library,511,63.1,9.3,-37.8195002,144.9418888,ENV,REAL_511,Real sensor series - Docklands Library - board 511,42,real_sensor_board_511,19.44164961783972,0,normal
2015-02-19 16:05:00+00:00,19.0,Docklands Library,511,63.1,8.9,-37.8195002,144.9418888,ENV,REAL_511,Real sensor series - Docklands Library - board 511,42,real_sensor_board_511,19.353319694271775,0,normal
2015-02-19 16:15:00+00:00,19.0,Docklands Library,511,62.8,9.5,-37.8195002,144.9418888,ENV,REAL_511,Real sensor series - Docklands Library - board 511,42,real_sensor_board_511,19.28265575541742,0,normal
2015-02-19 16:25:00+00:00,19.0,Docklands Library,511,63.3,9.1,-37.8195002,144.9418888,ENV,REAL_511,Real sensor series - Docklands Library - board 511,42,real_sensor_board_511,19.226124604333936,0,normal
2015-02-19 16:40:00+00:00,19.0,Docklands Library,511,63.3,9.2,-37.8195002,144.9418888,ENV,REAL_511,Real sensor series - Docklands Library - board 511,42,real_sensor_board_511,19.18089968346715,0,normal
2015-02-19 16:50:00+00:00,19.0,Docklands Library,511,62.6,9.4,-37.8195002,144.9418888,ENV,REAL_511,Real sensor series - Docklands Library - board 511,42,real_sensor_board_511,19.14471974677372,0,normal
2015-02-19 17:00:00+00:00,18.7,Docklands Library,511,62.5,9.7,-37.8195002,144.9418888,ENV,REAL_511,Real sensor series - Docklands Library - board 511,42,real_sensor_board_511,19.115775797418976,0,normal
2015-02-19 17:20:00+00:00,18.7,Docklands Library,511,63.1,9.4,-37.8195002,144.9418888,ENV,REAL_511,Real sensor series - Docklands Library - board 511,42,real_sensor_board_511,19.09262063793518,0,normal
2015-02-19 18:00:00+00:00,19.0,Docklands Library,511,62.0,9.3,-37.8195002,144.9418888,ENV,REAL_511,Real sensor series - Docklands Library - board 511,42,real_sensor_board_511,19.074096510348145,0,normal
2015-02-19 18:10:00+00:00,19.0,Docklands Library,511,62.2,9.9,-37.8195002,144.9418888,ENV,REAL_511,Real sensor series - Docklands Library - board 511,42,real_sensor_board_511,19.059277208278516,0,normal
2015-02-19 18:20:00+00:00,18.7,Docklands Library,511,62.6,9.6,-37.8195002,144.9418888,ENV,REAL_511,Real sensor series - Docklands Library - board 511,42,real_sensor_board_511,19.047421766622815,0,normal
2015-02-19 18:30:00+00:00,18.7,Docklands Library,511,62.2,9.6,-37.8195002,144.9418888,ENV,REAL_511,Real sensor series - Docklands Library - board 511,42,real_sensor_board_511,19.037937413298252,0,normal
2015-02-19 18:50:00+00:00,18.4,Docklands Library,511,62.3,10.0,-37.8195002,144.9418888,ENV,REAL_511,Real sensor series - Docklands Library - board 511,42,real_sensor_board_511,19.030349930638604,0,normal
2015-02-19 19:00:00+00:00,18.1,Docklands Library,511,62.3,9.8,-37.8195002,144.9418888,ENV,REAL_511,Real sensor series - Docklands Library - board 511,42,real_sensor_board_511,19.024279944510884,0,normal
2015-02-19 19:20:00+00:00,18.4,Docklands Library,511,62.2,10.8,-37.8195002,144.9418888,ENV,REAL_511,Real sensor series - Docklands Library - board 511,42,real_sensor_board_511,19.01942395560871,1,weak_multivariate_excursion
2015-02-19 19:40:00+00:00,18.4,Docklands Library,511,62.2,48.1,-37.8195002,144.9418888,ENV,REAL_511,Real sensor series - Docklands Library - board 511,42,real_sensor_board_511,19.015539164486967,1,weak_multivariate_excursion
2015-02-19 19:55:00+00:00,18.4,Docklands Library,511,63.1,73.2,-37.8195002,144.9418888,ENV,REAL_511,Real sensor series - Docklands Library - board 511,42,real_sensor_board_511,19.012431331589575,1,weak_multivariate_excursion
2015-02-20 09:10:00+00:00,21.6,Docklands Library,511,60.3,75.7,-37.8195002,144.9418888,ENV,REAL_511,Real sensor series - Docklands Library - board 511,42,real_sensor_board_511,19.149945065271663,1,weak_multivariate_excursion
2015-02-20 09:35:00+00:00,21.3,Docklands Library,511,60.3,25.6,-37.8195002,144.9418888,ENV,REAL_511,Real sensor series - Docklands Library - board 511,42,real_sensor_board_511,19.25995605221733,1,weak_multivariate_excursion
2015-02-20 09:45:00+00:00,21.6,Docklands Library,511,57.1,12.6,-37.8195002,144.9418888,ENV,REAL_511,Real sensor series - Docklands Library - board 511,42,real_sensor_board_511,19.347964841773866,1,weak_multivariate_excursion
2015-02-20 10:05:00+00:00,21.3,Docklands Library,511,57.0,10.8,-37.8195002,144.9418888,ENV,REAL_511,Real sensor series - Docklands Library - board 511,42,real_sensor_board_511,19.418371873419094,1,weak_multivariate_excursion
2015-02-20 10:25:00+00:00,21.3,Docklands Library,511,57.6,10.8,-37.8195002,144.9418888,ENV,REAL_511,Real sensor series - Docklands Library - board 511,42,real_sensor_board_511,19.474697498735278,0,normal
2015-02-20 10:45:00+00:00,21.0,Docklands Library,511,56.3,10.8,-37.8195002,144.9418888,ENV,REAL_511,Real sensor series - Docklands Library - board 511,42,real_sensor_board_511,19.519757998988222,0,normal
2015-02-20 11:05:00+00:00,20.6,Docklands Library,511,58.4,10.9,-37.8195002,144.9418888,ENV,REAL_511,Real sensor series - Docklands Library - board 511,42,real_sensor_board_511,19.55580639919058,0,normal
2015-02-20 11:15:00+00:00,20.6,Docklands Library,511,59.0,10.9,-37.8195002,144.9418888,ENV,REAL_511,Real sensor series - Docklands Library - board 511,42,real_sensor_board_511,19.584645119352466,0,normal
2015-02-20 11:25:00+00:00,20.6,Docklands Library,511,60.1,9.1,-37.8195002,144.9418888,ENV,REAL_511,Real sensor series - Docklands Library - board 511,42,real_sensor_board_511,19.607716095481972,0,normal
2015-02-20 11:35:00+00:00,20.3,Docklands Library,511,60.3,9.3,-37.8195002,144.9418888,ENV,REAL_511,Real sensor series - Docklands Library - board 511,42,real_sensor_board_511,19.626172876385578,0,normal
2015-02-20 11:45:00+00:00,20.3,Docklands Library,511,60.6,9.6,-37.8195002,144.9418888,ENV,REAL_511,Real sensor series - Docklands Library - board 511,42,real_sensor_board_511,19.640938301108463,0,normal
2015-02-20 11:55:00+00:00,20.3,Docklands Library,511,61.2,9.9,-37.8195002,144.9418888,ENV,REAL_511,Real sensor series - Docklands Library - board 511,42,real_sensor_board_511,19.652750640886772,0,normal
2015-02-20 12:05:00+00:00,20.3,Docklands Library,511,61.1,9.9,-37.8195002,144.9418888,ENV,REAL_511,Real sensor series - Docklands Library - board 511,42,real_sensor_board_511,19.66220051270942,0,normal
2015-02-20 12:15:00+00:00,20.0,Docklands Library,511,61.2,10.0,-37.8195002,144.9418888,ENV,REAL_511,Real sensor series - Docklands Library - board 511,42,real_sensor_board_511,19.669760410167537,0,normal
2015-02-20 12:25:00+00:00,19.7,Docklands Library,511,61.5,9.1,-37.8195002,144.9418888,ENV,REAL_511,Real sensor series - Docklands Library - board 511,42,real_sensor_board_511,19.675808328134032,0,normal
2015-02-20 12:35:00+00:00,19.7,Docklands Library,511,61.5,9.2,-37.8195002,144.9418888,ENV,REAL_511,Real sensor series - Docklands Library - board 511,42,real_sensor_board_511,19.680646662507225,0,normal
2015-02-20 12:50:00+00:00,19.7,Docklands Library,511,59.3,9.5,-37.8195002,144.9418888,ENV,REAL_511,Real sensor series - Docklands Library - board 511,42,real_sensor_board_511,19.684517330005782,0,normal
2015-02-20 13:00:00+00:00,19.7,Docklands Library,511,59.5,9.7,-37.8195002,144.9418888,ENV,REAL_511,Real sensor series - Docklands Library - board 511,42,real_sensor_board_511,19.68761386400463,0,normal
2015-02-20 13:10:00+00:00,19.4,Docklands Library,511,61.2,9.8,-37.8195002,144.9418888,ENV,REAL_511,Real sensor series - Docklands Library - board 511,42,real_sensor_board_511,19.630091091203703,0,normal
2015-02-20 13:20:00+00:00,19.4,Docklands Library,511,61.7,9.0,-37.8195002,144.9418888,ENV,REAL_511,Real sensor series - Docklands Library - board 511,42,real_sensor_board_511,19.584072872962963,0,normal
2015-02-20 13:30:00+00:00,19.4,Docklands Library,511,61.7,9.2,-37.8195002,144.9418888,ENV,REAL_511,Real sensor series - Docklands Library - board 511,42,real_sensor_board_511,19.54725829837037,0,normal
2015-02-20 13:40:00+00:00,19.4,Docklands Library,511,62.3,9.3,-37.8195002,144.9418888,ENV,REAL_511,Real sensor series - Docklands Library - board 511,42,real_sensor_board_511,19.517806638696296,0,normal
2015-02-20 13:50:00+00:00,19.4,Docklands Library,511,62.2,9.5,-37.8195002,144.9418888,ENV,REAL_511,Real sensor series - Docklands Library - board 511,42,real_sensor_board_511,19.494245310957037,0,normal
2015-02-20 14:10:00+00:00,19.0,Docklands Library,511,62.8,9.5,-37.8195002,144.9418888,ENV,REAL_511,Real sensor series - Docklands Library - board 511,42,real_sensor_board_511,19.47539624876563,0,normal
2015-02-20 14:40:00+00:00,19.0,Docklands Library,511,61.9,9.3,-37.8195002,144.9418888,ENV,REAL_511,Real sensor series - Docklands Library - board 511,42,real_sensor_board_511,19.460316999012505,0,normal
2015-02-20 14:50:00+00:00,19.0,Docklands Library,511,61.7,9.5,-37.8195002,144.9418888,ENV,REAL_511,Real sensor series - Docklands Library - board 511,42,real_sensor_board_511,19.448253599210005,0,normal
2015-02-20 15:10:00+00:00,19.4,Docklands Library,511,62.8,9.0,-37.8195002,144.9418888,ENV,REAL_511,Real sensor series - Docklands Library - board 511,42,real_sensor_board_511,19.358602879368004,0,normal
2015-02-20 15:20:00+00:00,19.0,Docklands Library,511,62.3,9.3,-37.8195002,144.9418888,ENV,REAL_511,Real sensor series - Docklands Library - board 511,42,real_sensor_board_511,19.286882303494405,0,normal
2015-02-20 15:30:00+00:00,19.0,Docklands Library,511,62.5,9.4,-37.8195002,144.9418888,ENV,REAL_511,Real sensor series - Docklands Library - board 511,42,real_sensor_board_511,19.229505842795525,0,normal
2015-02-20 15:40:00+00:00,19.4,Docklands Library,511,62.6,9.5,-37.8195002,144.9418888,ENV,REAL_511,Real sensor series - Docklands Library - board 511,42,real_sensor_board_511,19.18360467423642,0,normal
2015-02-20 15:50:00+00:00,19.0,Docklands Library,511,62.6,9.6,-37.8195002,144.9418888,ENV,REAL_511,Real sensor series - Docklands Library - board 511,42,real_sensor_board_511,19.146883739389136,0,normal
2015-02-20 16:15:00+00:00,19.4,Docklands Library,511,61.9,9.3,-37.8195002,144.9418888,ENV,REAL_511,Real sensor series - Docklands Library - board 511,42,real_sensor_board_511,19.11750699151131,0,normal
2015-02-20 16:45:00+00:00,19.0,Docklands Library,511,62.2,9.7,-37.8195002,144.9418888,ENV,REAL_511,Real sensor series - Docklands Library - board 511,42,real_sensor_board_511,19.094005593209047,0,normal
2015-02-20 16:55:00+00:00,19.0,Docklands Library,511,62.2,9.8,-37.8195002,144.9418888,ENV,REAL_511,Real sensor series - Docklands Library - board 511,42,real_sensor_board_511,19.07520447456724,0,normal
2015-02-20 17:05:00+00:00,19.0,Docklands Library,511,62.5,9.8,-37.8195002,144.9418888,ENV,REAL_511,Real sensor series - Docklands Library - board 511,42,real_sensor_board_511,19.060163579653793,0,normal
2015-02-20 17:15:00+00:00,19.0,Docklands Library,511,62.3,9.9,-37.8195002,144.9418888,ENV,REAL_511,Real sensor series - Docklands Library - board 511,42,real_sensor_board_511,19.048130863723035,0,normal
2015-02-20 17:25:00+00:00,19.0,Docklands Library,511,63.0,10.0,-37.8195002,144.9418888,ENV,REAL_511,Real sensor series - Docklands Library - board 511,42,real_sensor_board_511,19.038504690978428,0,normal
2015-02-20 17:35:00+00:00,19.0,Docklands Library,511,62.6,10.1,-37.8195002,144.9418888,ENV,REAL_511,Real sensor series - Docklands Library - board 511,42,real_sensor_board_511,19.03080375278274,0,normal
2015-02-20 17:45:00+00:00,19.0,Docklands Library,511,62.3,10.1,-37.8195002,144.9418888,ENV,REAL_511,Real sensor series - Docklands Library - board 511,42,real_sensor_board_511,19.024643002226195,0,normal
2015-02-20 17:55:00+00:00,19.0,Docklands Library,511,62.5,10.2,-37.8195002,144.9418888,ENV,REAL_511,Real sensor series - Docklands Library - board 511,42,real_sensor_board_511,19.019714401780956,0,normal
2015-02-20 18:05:00+00:00,19.0,Docklands Library,511,62.5,10.2,-37.8195002,144.9418888,ENV,REAL_511,Real sensor series - Docklands Library - board 511,42,real_sensor_board_511,19.015771521424764,0,normal
2015-02-20 18:15:00+00:00,18.7,Docklands Library,511,62.6,10.4,-37.8195002,144.9418888,ENV,REAL_511,Real sensor series - Docklands Library - board 511,42,real_sensor_board_511,19.012617217139812,0,normal
2015-02-20 18:35:00+00:00,19.0,Docklands Library,511,62.8,10.4,-37.8195002,144.9418888,ENV,REAL_511,Real sensor series - Docklands Library - board 511,42,real_sensor_board_511,19.01009377371185,0,normal
2015-02-20 18:55:00+00:00,18.7,Docklands Library,511,62.5,10.5,-37.8195002,144.9418888,ENV,REAL_511,Real sensor series - Docklands Library - board 511,42,real_sensor_board_511,19.008075018969482,0,normal
2015-02-20 19:05:00+00:00,18.7,Docklands Library,511,63.0,10.5,-37.8195002,144.9418888,ENV,REAL_511,Real sensor series - Docklands Library - board 511,42,real_sensor_board_511,19.006460015175588,0,normal
2015-02-20 19:20:00+00:00,19.0,Docklands Library,511,62.6,10.7,-37.8195002,144.9418888,ENV,REAL_511,Real sensor series - Docklands Library - board 511,42,real_sensor_board_511,19.00516801214047,1,weak_multivariate_excursion
2015-02-20 19:40:00+00:00,19.0,Docklands Library,511,62.6,25.0,-37.8195002,144.9418888,ENV,REAL_511,Real sensor series - Docklands Library - board 511,42,real_sensor_board_511,19.004134409712375,1,weak_multivariate_excursion
2015-02-20 19:50:00+00:00,18.7,Docklands Library,511,61.9,51.8,-37.8195002,144.9418888,ENV,REAL_511,Real sensor series - Docklands Library - board 511,42,real_sensor_board_511,19.003307527769902,1,weak_multivariate_excursion
2015-02-20 20:10:00+00:00,18.7,Docklands Library,511,61.9,81.0,-37.8195002,144.9418888,ENV,REAL_511,Real sensor series - Docklands Library - board 511,42,real_sensor_board_511,19.002646022215924,1,weak_multivariate_excursion
2015-02-20 20:20:00+00:00,18.7,Docklands Library,511,62.3,86.5,-37.8195002,144.9418888,ENV,REAL_511,Real sensor series - Docklands Library - board 511,42,real_sensor_board_511,19.00211681777274,1,weak_multivariate_excursion
2015-02-20 20:50:00+00:00,19.0,Docklands Library,511,61.9,92.6,-37.8195002,144.9418888,ENV,REAL_511,Real sensor series - Docklands Library - board 511,42,real_sensor_board_511,19.001693454218195,0,normal
2015-02-20 21:00:00+00:00,19.0,Docklands Library,511,62.2,93.2,-37.8195002,144.9418888,ENV,REAL_511,Real sensor series - Docklands Library - board 511,42,real_sensor_board_511,19.001354763374557,0,normal
2015-02-20 21:10:00+00:00,19.4,Docklands Library,511,62.2,93.5,-37.8195002,144.9418888,ENV,REAL_511,Real sensor series - Docklands Library - board 511,42,real_sensor_board_511,19.081083810699646,0,normal
2015-02-20 21:20:00+00:00,19.4,Docklands Library,511,61.5,93.8,-37.8195002,144.9418888,ENV,REAL_511,Real sensor series - Docklands Library - board 511,42,real_sensor_board_511,19.144867048559718,0,normal
2015-02-20 21:40:00+00:00,19.4,Docklands Library,511,61.4,94.1,-37.8195002,144.9418888,ENV,REAL_511,Real sensor series - Docklands Library - board 511,42,real_sensor_board_511,19.195893638847775,0,normal
2015-02-20 21:50:00+00:00,19.7,Docklands Library,511,61.1,94.3,-37.8195002,144.9418888,ENV,REAL_511,Real sensor series - Docklands Library - board 511,42,real_sensor_board_511,19.296714911078222,0,normal
2015-02-20 22:00:00+00:00,20.0,Docklands Library,511,60.1,94.4,-37.8195002,144.9418888,ENV,REAL_511,Real sensor series - Docklands Library - board 511,42,real_sensor_board_511,19.43737192886258,0,normal
2015-02-20 22:45:00+00:00,21.3,Docklands Library,511,57.4,94.8,-37.8195002,144.9418888,ENV,REAL_511,Real sensor series - Docklands Library - board 511,42,real_sensor_board_511,19.809897543090063,1,weak_multivariate_excursion
2015-02-20 23:25:00+00:00,28.7,Docklands Library,511,47.0,97.5,-37.8195002,144.9418888,ENV,REAL_511,Real sensor series - Docklands Library - board 511,42,real_sensor_board_511,21.52791803447205,1,weak_multivariate_excursion
2015-02-20 23:55:00+00:00,31.6,Docklands Library,511,42.1,98.1,-37.8195002,144.9418888,ENV,REAL_511,Real sensor series - Docklands Library - board 511,42,real_sensor_board_511,22.902334427577642,1,weak_multivariate_excursion
2015-02-21 04:30:00+00:00,33.9,Docklands Library,511,30.5,96.6,-37.8195002,144.9418888,ENV,REAL_511,Real sensor series - Docklands Library - board 511,42,real_sensor_board_511,24.061867542062117,1,weak_multivariate_excursion
2015-02-21 04:40:00+00:00,33.5,Docklands Library,511,31.1,96.1,-37.8195002,144.9418888,ENV,REAL_511,Real sensor series - Docklands Library - board 511,42,real_sensor_board_511,25.249494033649697,1,weak_multivariate_excursion
2015-02-21 06:05:00+00:00,33.5,Docklands Library,511,30.0,98.3,-37.8195002,144.9418888,ENV,REAL_511,Real sensor series - Docklands Library - board 511,42,real_sensor_board_511,26.199595226919758,1,weak_multivariate_excursion
2015-02-21 06:45:00+00:00,37.1,Docklands Library,511,26.2,98.5,-37.8195002,144.9418888,ENV,REAL_511,Real sensor series - Docklands Library - board 511,42,real_sensor_board_511,26.95967618153581,1,weak_multivariate_excursion
2015-02-21 07:05:00+00:00,34.8,Docklands Library,511,25.3,97.0,-37.8195002,144.9418888,ENV,REAL_511,Real sensor series - Docklands Library - board 511,42,real_sensor_board_511,27.56774094522865,1,weak_multivariate_excursion
2015-02-21 07:25:00+00:00,38.7,Docklands Library,511,23.5,98.1,-37.8195002,144.9418888,ENV,REAL_511,Real sensor series - Docklands Library - board 511,42,real_sensor_board_511,28.05419275618292,1,weak_multivariate_excursion
2015-02-21 07:35:00+00:00,40.0,Docklands Library,511,21.8,98.5,-37.8195002,144.9418888,ENV,REAL_511,Real sensor series - Docklands Library - board 511,42,real_sensor_board_511,28.44335420494634,1,weak_multivariate_excursion
2015-02-21 07:45:00+00:00,38.7,Docklands Library,511,22.9,98.5,-37.8195002,144.9418888,ENV,REAL_511,Real sensor series - Docklands Library - board 511,42,real_sensor_board_511,28.75468336395707,1,weak_multivariate_excursion
2015-02-21 08:15:00+00:00,35.2,Docklands Library,511,24.8,97.7,-37.8195002,144.9418888,ENV,REAL_511,Real sensor series - Docklands Library - board 511,42,real_sensor_board_511,29.00374669116566,1,weak_multivariate_excursion
2015-02-21 08:40:00+00:00,35.8,Docklands Library,511,23.5,97.7,-37.8195002,144.9418888,ENV,REAL_511,Real sensor series - Docklands Library - board 511,42,real_sensor_board_511,29.202997352932528,1,weak_multivariate_excursion
2015-02-21 09:00:00+00:00,31.3,Docklands Library,511,28.0,86.3,-37.8195002,144.9418888,ENV,REAL_511,Real sensor series - Docklands Library - board 511,42,real_sensor_board_511,29.362397882346023,1,weak_multivariate_excursion
2015-02-21 09:30:00+00:00,28.4,Docklands Library,511,37.1,23.9,-37.8195002,144.9418888,ENV,REAL_511,Real sensor series - Docklands Library - board 511,42,real_sensor_board_511,29.48991830587682,1,weak_multivariate_excursion
2015-02-21 10:00:00+00:00,28.4,Docklands Library,511,37.6,10.9,-37.8195002,144.9418888,ENV,REAL_511,Real sensor series - Docklands Library - board 511,42,real_sensor_board_511,29.591934644701457,1,weak_multivariate_excursion
2015-02-21 10:30:00+00:00,30.0,Docklands Library,511,35.1,10.6,-37.8195002,144.9418888,ENV,REAL_511,Real sensor series - Docklands Library - board 511,42,real_sensor_board_511,29.673547715761167,1,weak_multivariate_excursion
2015-02-21 10:40:00+00:00,30.0,Docklands Library,511,35.4,10.5,-37.8195002,144.9418888,ENV,REAL_511,Real sensor series - Docklands Library - board 511,42,real_sensor_board_511,29.738838172608936,0,normal
2015-02-21 11:00:00+00:00,30.0,Docklands Library,511,34.7,10.7,-37.8195002,144.9418888,ENV,REAL_511,Real sensor series - Docklands Library - board 511,42,real_sensor_board_511,29.731070538087152,0,normal
2015-02-21 11:10:00+00:00,30.3,Docklands Library,511,34.3,10.5,-37.8195002,144.9418888,ENV,REAL_511,Real sensor series - Docklands Library - board 511,42,real_sensor_board_511,29.724856430469725,0,normal
2015-02-21 11:20:00+00:00,29.7,Docklands Library,511,34.7,10.8,-37.8195002,144.9418888,ENV,REAL_511,Real sensor series - Docklands Library - board 511,42,real_sensor_board_511,29.719885144375784,0,normal
2015-02-21 11:30:00+00:00,29.7,Docklands Library,511,35.4,10.7,-37.8195002,144.9418888,ENV,REAL_511,Real sensor series - Docklands Library - board 511,42,real_sensor_board_511,29.575908115500628,0,normal
2015-02-21 11:55:00+00:00,29.7,Docklands Library,511,34.1,10.7,-37.8195002,144.9418888,ENV,REAL_511,Real sensor series - Docklands Library - board 511,42,real_sensor_board_511,29.4007264924005,0,normal
2015-02-21 12:15:00+00:00,29.0,Docklands Library,511,34.3,10.7,-37.8195002,144.9418888,ENV,REAL_511,Real sensor series - Docklands Library - board 511,42,real_sensor_board_511,29.2605811939204,0,normal
2015-02-21 12:25:00+00:00,28.7,Docklands Library,511,35.1,10.9,-37.8195002,144.9418888,ENV,REAL_511,Real sensor series - Docklands Library - board 511,42,real_sensor_board_511,29.088464955136324,0,normal
2015-02-21 12:45:00+00:00,28.7,Docklands Library,511,34.4,10.9,-37.8195002,144.9418888,ENV,REAL_511,Real sensor series - Docklands Library - board 511,42,real_sensor_board_511,28.95077196410906,0,normal
2015-02-21 13:15:00+00:00,26.5,Docklands Library,511,40.7,11.2,-37.8195002,144.9418888,ENV,REAL_511,Real sensor series - Docklands Library - board 511,42,real_sensor_board_511,28.460617571287248,0,normal
2015-02-21 13:25:00+00:00,26.1,Docklands Library,511,42.0,11.2,-37.8195002,144.9418888,ENV,REAL_511,Real sensor series - Docklands Library - board 511,42,real_sensor_board_511,28.0684940570298,0,normal
2015-02-21 13:45:00+00:00,26.5,Docklands Library,511,39.5,11.1,-37.8195002,144.9418888,ENV,REAL_511,Real sensor series - Docklands Library - board 511,42,real_sensor_board_511,27.67479524562384,0,normal
2015-02-21 13:55:00+00:00,25.8,Docklands Library,511,45.3,11.3,-37.8195002,144.9418888,ENV,REAL_511,Real sensor series - Docklands Library - board 511,42,real_sensor_board_511,27.359836196499074,0,normal
2015-02-21 14:05:00+00:00,25.5,Docklands Library,511,43.3,11.3,-37.8195002,144.9418888,ENV,REAL_511,Real sensor series - Docklands Library - board 511,42,real_sensor_board_511,27.10786895719926,0,normal
2015-02-21 14:15:00+00:00,25.2,Docklands Library,511,43.7,11.4,-37.8195002,144.9418888,ENV,REAL_511,Real sensor series - Docklands Library - board 511,42,real_sensor_board_511,26.90629516575941,0,normal
2015-02-21 14:25:00+00:00,24.5,Docklands Library,511,50.0,11.5,-37.8195002,144.9418888,ENV,REAL_511,Real sensor series - Docklands Library - board 511,42,real_sensor_board_511,26.74503613260753,0,normal
2015-02-21 14:35:00+00:00,24.8,Docklands Library,511,48.0,11.4,-37.8195002,144.9418888,ENV,REAL_511,Real sensor series - Docklands Library - board 511,42,real_sensor_board_511,26.61602890608603,0,normal
2015-02-21 14:55:00+00:00,24.8,Docklands Library,511,49.6,11.3,-37.8195002,144.9418888,ENV,REAL_511,Real sensor series - Docklands Library - board 511,42,real_sensor_board_511,26.512823124868824,0,normal
2015-02-21 15:20:00+00:00,24.5,Docklands Library,511,49.7,11.2,-37.8195002,144.9418888,ENV,REAL_511,Real sensor series - Docklands Library - board 511,42,real_sensor_board_511,26.43025849989506,0,normal
2015-02-21 15:40:00+00:00,24.8,Docklands Library,511,45.1,11.3,-37.8195002,144.9418888,ENV,REAL_511,Real sensor series - Docklands Library - board 511,42,real_sensor_board_511,26.30420679991605,0,normal
2015-02-21 15:50:00+00:00,25.2,Docklands Library,511,44.8,11.2,-37.8195002,144.9418888,ENV,REAL_511,Real sensor series - Docklands Library - board 511,42,real_sensor_board_511,26.203365439932842,0,normal
2015-02-21 16:00:00+00:00,25.2,Docklands Library,511,44.0,11.2,-37.8195002,144.9418888,ENV,REAL_511,Real sensor series - Docklands Library - board 511,42,real_sensor_board_511,26.122692351946274,0,normal
2015-02-21 16:10:00+00:00,25.2,Docklands Library,511,41.4,11.1,-37.8195002,144.9418888,ENV,REAL_511,Real sensor series - Docklands Library - board 511,42,real_sensor_board_511,26.058153881557022,0,normal
2015-02-21 16:20:00+00:00,25.2,Docklands Library,511,41.5,11.1,-37.8195002,144.9418888,ENV,REAL_511,Real sensor series - Docklands Library - board 511,42,real_sensor_board_511,26.00652310524562,0,normal
2015-02-21 16:30:00+00:00,25.5,Docklands Library,511,40.6,11.1,-37.8195002,144.9418888,ENV,REAL_511,Real sensor series - Docklands Library - board 511,42,real_sensor_board_511,25.965218484196498,0,normal
2015-02-21 16:40:00+00:00,25.8,Docklands Library,511,37.9,11.1,-37.8195002,144.9418888,ENV,REAL_511,Real sensor series - Docklands Library - board 511,42,real_sensor_board_511,25.9321747873572,0,normal
2015-02-21 16:50:00+00:00,26.1,Docklands Library,511,37.6,11.1,-37.8195002,144.9418888,ENV,REAL_511,Real sensor series - Docklands Library - board 511,42,real_sensor_board_511,25.905739829885764,0,normal
2015-02-21 17:00:00+00:00,26.8,Docklands Library,511,36.0,11.0,-37.8195002,144.9418888,ENV,REAL_511,Real sensor series - Docklands Library - board 511,42,real_sensor_board_511,25.884591863908614,0,normal
2015-02-21 17:10:00+00:00,26.1,Docklands Library,511,37.1,10.9,-37.8195002,144.9418888,ENV,REAL_511,Real sensor series - Docklands Library - board 511,42,real_sensor_board_511,25.867673491126894,0,normal
2015-02-21 17:30:00+00:00,25.8,Docklands Library,511,37.6,11.1,-37.8195002,144.9418888,ENV,REAL_511,Real sensor series - Docklands Library - board 511,42,real_sensor_board_511,25.854138792901516,0,normal
2015-02-21 17:50:00+00:00,26.8,Docklands Library,511,35.2,10.9,-37.8195002,144.9418888,ENV,REAL_511,Real sensor series - Docklands Library - board 511,42,real_sensor_board_511,25.843311034321214,0,normal
2015-02-21 18:10:00+00:00,26.8,Docklands Library,511,34.9,10.9,-37.8195002,144.9418888,ENV,REAL_511,Real sensor series - Docklands Library - board 511,42,real_sensor_board_511,25.834648827456974,0,normal
2015-02-21 18:20:00+00:00,26.5,Docklands Library,511,35.4,11.0,-37.8195002,144.9418888,ENV,REAL_511,Real sensor series - Docklands Library - board 511,42,real_sensor_board_511,25.82771906196558,0,normal
2015-02-21 18:45:00+00:00,26.1,Docklands Library,511,35.5,11.1,-37.8195002,144.9418888,ENV,REAL_511,Real sensor series - Docklands Library - board 511,42,real_sensor_board_511,25.822175249572467,0,normal
2015-02-21 19:15:00+00:00,25.8,Docklands Library,511,37.6,11.0,-37.8195002,144.9418888,ENV,REAL_511,Real sensor series - Docklands Library - board 511,42,real_sensor_board_511,25.817740199657976,1,weak_multivariate_excursion
2015-02-21 19:45:00+00:00,25.5,Docklands Library,511,39.3,40.6,-37.8195002,144.9418888,ENV,REAL_511,Real sensor series - Docklands Library - board 511,42,real_sensor_board_511,25.81419215972638,1,weak_multivariate_excursion
2015-02-21 19:55:00+00:00,25.8,Docklands Library,511,39.8,67.1,-37.8195002,144.9418888,ENV,REAL_511,Real sensor series - Docklands Library - board 511,42,real_sensor_board_511,25.871353727781106,1,weak_multivariate_excursion
2015-02-21 20:05:00+00:00,25.8,Docklands Library,511,39.8,80.8,-37.8195002,144.9418888,ENV,REAL_511,Real sensor series - Docklands Library - board 511,42,real_sensor_board_511,25.917082982224883,1,weak_multivariate_excursion
2015-02-21 20:15:00+00:00,25.8,Docklands Library,511,39.9,87.5,-37.8195002,144.9418888,ENV,REAL_511,Real sensor series - Docklands Library - board 511,42,real_sensor_board_511,25.95366638577991,0,normal
2015-02-21 20:25:00+00:00,25.8,Docklands Library,511,39.5,90.7,-37.8195002,144.9418888,ENV,REAL_511,Real sensor series - Docklands Library - board 511,42,real_sensor_board_511,26.06293310862393,0,normal
2015-02-21 20:45:00+00:00,25.8,Docklands Library,511,40.4,92.0,-37.8195002,144.9418888,ENV,REAL_511,Real sensor series - Docklands Library - board 511,42,real_sensor_board_511,26.150346486899146,0,normal
2015-02-21 20:55:00+00:00,25.8,Docklands Library,511,41.0,91.7,-37.8195002,144.9418888,ENV,REAL_511,Real sensor series - Docklands Library - board 511,42,real_sensor_board_511,26.280277189519317,0,normal
2015-02-21 21:05:00+00:00,25.8,Docklands Library,511,41.4,91.8,-37.8195002,144.9418888,ENV,REAL_511,Real sensor series - Docklands Library - board 511,42,real_sensor_board_511,26.384221751615456,0,normal
2015-02-21 21:35:00+00:00,26.5,Docklands Library,511,40.6,94.8,-37.8195002,144.9418888,ENV,REAL_511,Real sensor series - Docklands Library - board 511,42,real_sensor_board_511,26.467377401292367,0,normal
2015-02-21 22:20:00+00:00,27.1,Docklands Library,511,40.3,95.7,-37.8195002,144.9418888,ENV,REAL_511,Real sensor series - Docklands Library - board 511,42,real_sensor_board_511,26.593901921033897,0,normal
2015-02-21 22:30:00+00:00,27.1,Docklands Library,511,40.6,96.0,-37.8195002,144.9418888,ENV,REAL_511,Real sensor series - Docklands Library - board 511,42,real_sensor_board_511,26.69512153682712,0,normal
2015-02-21 22:40:00+00:00,27.7,Docklands Library,511,39.9,96.1,-37.8195002,144.9418888,ENV,REAL_511,Real sensor series - Docklands Library - board 511,42,real_sensor_board_511,26.836097229461696,0,normal
2015-02-21 22:50:00+00:00,27.4,Docklands Library,511,39.6,96.2,-37.8195002,144.9418888,ENV,REAL_511,Real sensor series - Docklands Library - board 511,42,real_sensor_board_511,26.94887778356936,0,normal
2015-02-21 23:00:00+00:00,27.7,Docklands Library,511,39.0,96.3,-37.8195002,144.9418888,ENV,REAL_511,Real sensor series - Docklands Library - board 511,42,real_sensor_board_511,27.039102226855487,0,normal
2015-02-21 23:10:00+00:00,28.1,Docklands Library,511,39.2,96.6,-37.8195002,144.9418888,ENV,REAL_511,Real sensor series - Docklands Library - board 511,42,real_sensor_board_511,27.11128178148439,0,normal
2015-02-21 23:20:00+00:00,28.4,Docklands Library,511,38.4,97.0,-37.8195002,144.9418888,ENV,REAL_511,Real sensor series - Docklands Library - board 511,42,real_sensor_board_511,27.169025425187513,0,normal
2015-02-21 23:30:00+00:00,29.0,Docklands Library,511,37.7,97.0,-37.8195002,144.9418888,ENV,REAL_511,Real sensor series - Docklands Library - board 511,42,real_sensor_board_511,27.21522034015001,0,normal
2015-02-21 23:40:00+00:00,29.0,Docklands Library,511,37.9,97.0,-37.8195002,144.9418888,ENV,REAL_511,Real sensor series - Docklands Library - board 511,42,real_sensor_board_511,27.25217627212001,0,normal
2015-02-21 23:50:00+00:00,29.0,Docklands Library,511,38.0,97.0,-37.8195002,144.9418888,ENV,REAL_511,Real sensor series - Docklands Library - board 511,42,real_sensor_board_511,27.28174101769601,0,normal
2015-02-22 00:00:00+00:00,29.7,Docklands Library,511,37.3,97.0,-37.8195002,144.9418888,ENV,REAL_511,Real sensor series - Docklands Library - board 511,42,real_sensor_board_511,27.30539281415681,1,weak_multivariate_excursion
2015-02-22 07:10:00+00:00,36.8,Docklands Library,511,28.1,98.5,-37.8195002,144.9418888,ENV,REAL_511,Real sensor series - Docklands Library - board 511,42,real_sensor_board_511,27.32431425132545,1,weak_multivariate_excursion
2015-02-22 07:20:00+00:00,33.9,Docklands Library,511,30.2,96.8,-37.8195002,144.9418888,ENV,REAL_511,Real sensor series - Docklands Library - board 511,42,real_sensor_board_511,27.339451401060362,1,weak_multivariate_excursion
2015-02-22 07:40:00+00:00,31.6,Docklands Library,511,31.9,93.7,-37.8195002,144.9418888,ENV,REAL_511,Real sensor series - Docklands Library - board 511,42,real_sensor_board_511,27.35156112084829,1,weak_multivariate_excursion
2015-02-22 08:45:00+00:00,31.0,Docklands Library,511,31.7,87.0,-37.8195002,144.9418888,ENV,REAL_511,Real sensor series - Docklands Library - board 511,42,real_sensor_board_511,27.361248896678635,1,weak_multivariate_excursion
2015-02-22 09:35:00+00:00,29.0,Docklands Library,511,34.7,10.3,-37.8195002,144.9418888,ENV,REAL_511,Real sensor series - Docklands Library - board 511,42,real_sensor_board_511,27.36899911734291,1,weak_multivariate_excursion
2015-02-22 10:15:00+00:00,29.0,Docklands Library,511,33.6,10.7,-37.8195002,144.9418888,ENV,REAL_511,Real sensor series - Docklands Library - board 511,42,real_sensor_board_511,27.375199293874328,1,weak_multivariate_excursion
2015-02-22 10:45:00+00:00,29.0,Docklands Library,511,32.8,10.9,-37.8195002,144.9418888,ENV,REAL_511,Real sensor series - Docklands Library - board 511,42,real_sensor_board_511,27.380159435099465,0,normal
2015-02-22 11:40:00+00:00,27.4,Docklands Library,511,37.3,10.4,-37.8195002,144.9418888,ENV,REAL_511,Real sensor series - Docklands Library - board 511,42,real_sensor_board_511,27.384127548079572,0,normal
2015-02-22 12:00:00+00:00,26.5,Docklands Library,511,41.2,10.8,-37.8195002,144.9418888,ENV,REAL_511,Real sensor series - Docklands Library - board 511,42,real_sensor_board_511,27.20730203846366,0,normal
2015-02-22 12:30:00+00:00,25.2,Docklands Library,511,48.8,10.0,-37.8195002,144.9418888,ENV,REAL_511,Real sensor series - Docklands Library - board 511,42,real_sensor_board_511,26.985841630770928,0,normal
2015-02-22 13:40:00+00:00,26.1,Docklands Library,511,42.1,9.9,-37.8195002,144.9418888,ENV,REAL_511,Real sensor series - Docklands Library - board 511,42,real_sensor_board_511,26.688673304616746,0,normal
2015-02-22 14:00:00+00:00,25.5,Docklands Library,511,42.1,10.2,-37.8195002,144.9418888,ENV,REAL_511,Real sensor series - Docklands Library - board 511,42,real_sensor_board_511,26.390938643693396,0,normal
2015-02-22 14:55:00+00:00,24.2,Docklands Library,511,46.7,10.2,-37.8195002,144.9418888,ENV,REAL_511,Real sensor series - Docklands Library - board 511,42,real_sensor_board_511,26.072750914954717,0,normal
2015-02-22 15:05:00+00:00,24.5,Docklands Library,511,45.6,10.3,-37.8195002,144.9418888,ENV,REAL_511,Real sensor series - Docklands Library - board 511,42,real_sensor_board_511,25.758200731963775,0,normal
2015-02-22 15:15:00+00:00,24.8,Docklands Library,511,44.7,9.8,-37.8195002,144.9418888,ENV,REAL_511,Real sensor series - Docklands Library - board 511,42,real_sensor_board_511,25.506560585571023,0,normal
2015-02-22 15:55:00+00:00,23.2,Docklands Library,511,48.1,10.5,-37.8195002,144.9418888,ENV,REAL_511,Real sensor series - Docklands Library - board 511,42,real_sensor_board_511,25.305248468456817,0,normal
2015-02-22 16:15:00+00:00,22.6,Docklands Library,511,49.7,10.0,-37.8195002,144.9418888,ENV,REAL_511,Real sensor series - Docklands Library - board 511,42,real_sensor_board_511,25.084198774765454,0,normal
2015-02-22 16:25:00+00:00,22.9,Docklands Library,511,48.8,10.1,-37.8195002,144.9418888,ENV,REAL_511,Real sensor series - Docklands Library - board 511,42,real_sensor_board_511,24.847359019812366,0,normal
2015-02-22 16:35:00+00:00,23.5,Docklands Library,511,46.7,10.2,-37.8195002,144.9418888,ENV,REAL_511,Real sensor series - Docklands Library - board 511,42,real_sensor_board_511,24.657887215849897,0,normal
2015-02-22 16:45:00+00:00,23.5,Docklands Library,511,47.2,10.4,-37.8195002,144.9418888,ENV,REAL_511,Real sensor series - Docklands Library - board 511,42,real_sensor_board_511,24.426309772679918,0,normal
2015-02-22 17:15:00+00:00,23.2,Docklands Library,511,45.8,10.6,-37.8195002,144.9418888,ENV,REAL_511,Real sensor series - Docklands Library - board 511,42,real_sensor_board_511,24.241047818143937,0,normal
2015-02-22 17:25:00+00:00,23.2,Docklands Library,511,46.4,10.6,-37.8195002,144.9418888,ENV,REAL_511,Real sensor series - Docklands Library - board 511,42,real_sensor_board_511,24.09283825451515,0,normal
2015-02-22 17:50:00+00:00,23.5,Docklands Library,511,43.4,10.7,-37.8195002,144.9418888,ENV,REAL_511,Real sensor series - Docklands Library - board 511,42,real_sensor_board_511,23.914270603612124,0,normal
2015-02-22 18:00:00+00:00,23.9,Docklands Library,511,42.6,10.7,-37.8195002,144.9418888,ENV,REAL_511,Real sensor series - Docklands Library - board 511,42,real_sensor_board_511,23.771416482889702,0,normal
2015-02-22 18:20:00+00:00,23.9,Docklands Library,511,41.8,10.8,-37.8195002,144.9418888,ENV,REAL_511,Real sensor series - Docklands Library - board 511,42,real_sensor_board_511,23.657133186311764,0,normal
2015-02-22 18:50:00+00:00,23.2,Docklands Library,511,43.7,11.0,-37.8195002,144.9418888,ENV,REAL_511,Real sensor series - Docklands Library - board 511,42,real_sensor_board_511,23.565706549049413,0,normal
2015-02-22 19:00:00+00:00,23.2,Docklands Library,511,42.9,11.0,-37.8195002,144.9418888,ENV,REAL_511,Real sensor series - Docklands Library - board 511,42,real_sensor_board_511,23.492565239239532,1,weak_multivariate_excursion
2015-02-22 19:40:00+00:00,21.9,Docklands Library,511,54.3,32.7,-37.8195002,144.9418888,ENV,REAL_511,Real sensor series - Docklands Library - board 511,42,real_sensor_board_511,23.374052191391627,1,weak_multivariate_excursion
2015-02-22 20:00:00+00:00,22.3,Docklands Library,511,56.0,80.4,-37.8195002,144.9418888,ENV,REAL_511,Real sensor series - Docklands Library - board 511,42,real_sensor_board_511,23.2192417531133,1,weak_multivariate_excursion
2015-02-22 22:35:00+00:00,28.7,Docklands Library,511,38.8,96.6,-37.8195002,144.9418888,ENV,REAL_511,Real sensor series - Docklands Library - board 511,42,real_sensor_board_511,23.035393402490644,1,weak_multivariate_excursion
2015-02-22 22:55:00+00:00,28.4,Docklands Library,511,39.6,96.0,-37.8195002,144.9418888,ENV,REAL_511,Real sensor series - Docklands Library - board 511,42,real_sensor_board_511,22.808314721992517,1,weak_multivariate_excursion
2015-02-23 09:30:00+00:00,18.7,Docklands Library,511,51.3,12.8,-37.8195002,144.9418888,ENV,REAL_511,Real sensor series - Docklands Library - board 511,42,real_sensor_board_511,21.986651777594012,1,weak_multivariate_excursion
2015-02-23 10:55:00+00:00,18.4,Docklands Library,511,51.9,12.0,-37.8195002,144.9418888,ENV,REAL_511,Real sensor series - Docklands Library - board 511,42,real_sensor_board_511,21.269321422075212,1,weak_multivariate_excursion
2015-02-23 12:35:00+00:00,17.4,Docklands Library,511,47.7,12.1,-37.8195002,144.9418888,ENV,REAL_511,Real sensor series - Docklands Library - board 511,42,real_sensor_board_511,20.49545713766017,0,normal
2015-02-23 13:15:00+00:00,17.4,Docklands Library,511,48.1,11.9,-37.8195002,144.9418888,ENV,REAL_511,Real sensor series - Docklands Library - board 511,42,real_sensor_board_511,19.876365710128137,0,normal
2015-02-23 13:25:00+00:00,17.4,Docklands Library,511,47.8,11.8,-37.8195002,144.9418888,ENV,REAL_511,Real sensor series - Docklands Library - board 511,42,real_sensor_board_511,19.38109256810251,0,normal
2015-02-23 14:30:00+00:00,17.4,Docklands Library,511,46.9,11.9,-37.8195002,144.9418888,ENV,REAL_511,Real sensor series - Docklands Library - board 511,42,real_sensor_board_511,18.98487405448201,0,normal
2015-02-23 14:40:00+00:00,17.1,Docklands Library,511,47.7,12.2,-37.8195002,144.9418888,ENV,REAL_511,Real sensor series - Docklands Library - board 511,42,real_sensor_board_511,18.66789924358561,0,normal
2015-02-23 15:10:00+00:00,17.1,Docklands Library,511,46.2,12.0,-37.8195002,144.9418888,ENV,REAL_511,Real sensor series - Docklands Library - board 511,42,real_sensor_board_511,18.41431939486849,0,normal
2015-02-23 16:30:00+00:00,16.8,Docklands Library,511,42.5,11.9,-37.8195002,144.9418888,ENV,REAL_511,Real sensor series - Docklands Library - board 511,42,real_sensor_board_511,18.21145551589479,0,normal
2015-02-23 17:10:00+00:00,16.8,Docklands Library,511,42.1,12.0,-37.8195002,144.9418888,ENV,REAL_511,Real sensor series - Docklands Library - board 511,42,real_sensor_board_511,18.049164412715832,0,normal
2015-02-23 17:35:00+00:00,16.8,Docklands Library,511,43.1,12.2,-37.8195002,144.9418888,ENV,REAL_511,Real sensor series - Docklands Library - board 511,42,real_sensor_board_511,17.919331530172666,0,normal
2015-02-23 17:45:00+00:00,16.5,Docklands Library,511,42.9,12.0,-37.8195002,144.9418888,ENV,REAL_511,Real sensor series - Docklands Library - board 511,42,real_sensor_board_511,17.815465224138133,0,normal
2015-02-23 18:05:00+00:00,16.5,Docklands Library,511,43.1,12.0,-37.8195002,144.9418888,ENV,REAL_511,Real sensor series - Docklands Library - board 511,42,real_sensor_board_511,17.732372179310506,0,normal
2015-02-23 18:25:00+00:00,16.1,Docklands Library,511,42.5,12.2,-37.8195002,144.9418888,ENV,REAL_511,Real sensor series - Docklands Library - board 511,42,real_sensor_board_511,17.605897743448406,0,normal
2015-02-23 19:25:00+00:00,16.1,Docklands Library,511,39.8,12.1,-37.8195002,144.9418888,ENV,REAL_511,Real sensor series - Docklands Library - board 511,42,real_sensor_board_511,17.504718194758727,0,normal
2015-02-23 19:35:00+00:00,15.8,Docklands Library,511,40.1,13.6,-37.8195002,144.9418888,ENV,REAL_511,Real sensor series - Docklands Library - board 511,42,real_sensor_board_511,17.423774555806983,1,weak_multivariate_excursion
2015-02-23 19:45:00+00:00,15.8,Docklands Library,511,39.3,24.4,-37.8195002,144.9418888,ENV,REAL_511,Real sensor series - Docklands Library - board 511,42,real_sensor_board_511,17.299019644645586,1,weak_multivariate_excursion
2015-02-23 19:55:00+00:00,16.1,Docklands Library,511,39.2,47.4,-37.8195002,144.9418888,ENV,REAL_511,Real sensor series - Docklands Library - board 511,42,real_sensor_board_511,17.19921571571647,1,weak_multivariate_excursion
2015-02-24 04:00:00+00:00,23.2,Docklands Library,511,32.5,98.2,-37.8195002,144.9418888,ENV,REAL_511,Real sensor series - Docklands Library - board 511,42,real_sensor_board_511,17.119372572573177,1,weak_multivariate_excursion
2015-02-24 09:05:00+00:00,17.7,Docklands Library,511,48.0,70.7,-37.8195002,144.9418888,ENV,REAL_511,Real sensor series - Docklands Library - board 511,42,real_sensor_board_511,16.99549805805854,1,weak_multivariate_excursion
2015-02-24 09:35:00+00:00,17.4,Docklands Library,511,48.9,13.6,-37.8195002,144.9418888,ENV,REAL_511,Real sensor series - Docklands Library - board 511,42,real_sensor_board_511,16.896398446446835,1,weak_multivariate_excursion
2015-02-24 10:40:00+00:00,17.7,Docklands Library,511,50.0,12.1,-37.8195002,144.9418888,ENV,REAL_511,Real sensor series - Docklands Library - board 511,42,real_sensor_board_511,16.81711875715747,1,weak_multivariate_excursion
2015-02-24 11:30:00+00:00,18.1,Docklands Library,511,52.1,12.3,-37.8195002,144.9418888,ENV,REAL_511,Real sensor series - Docklands Library - board 511,42,real_sensor_board_511,16.753695005725977,0,normal
2015-02-24 11:40:00+00:00,18.1,Docklands Library,511,52.6,12.2,-37.8195002,144.9418888,ENV,REAL_511,Real sensor series - Docklands Library - board 511,42,real_sensor_board_511,16.622956004580782,0,normal
2015-02-24 11:50:00+00:00,18.1,Docklands Library,511,52.6,12.0,-37.8195002,144.9418888,ENV,REAL_511,Real sensor series - Docklands Library - board 511,42,real_sensor_board_511,16.518364803664625,0,normal
2015-02-24 13:00:00+00:00,17.1,Docklands Library,511,53.0,11.9,-37.8195002,144.9418888,ENV,REAL_511,Real sensor series - Docklands Library - board 511,42,real_sensor_board_511,16.4346918429317,0,normal
2015-02-24 13:55:00+00:00,16.5,Docklands Library,511,54.6,12.2,-37.8195002,144.9418888,ENV,REAL_511,Real sensor series - Docklands Library - board 511,42,real_sensor_board_511,16.36775347434536,0,normal
2015-02-24 14:15:00+00:00,16.5,Docklands Library,511,54.6,12.0,-37.8195002,144.9418888,ENV,REAL_511,Real sensor series - Docklands Library - board 511,42,real_sensor_board_511,16.31420277947629,0,normal
2015-02-24 14:25:00+00:00,16.1,Docklands Library,511,54.8,12.1,-37.8195002,144.9418888,ENV,REAL_511,Real sensor series - Docklands Library - board 511,42,real_sensor_board_511,16.211362223581034,0,normal
2015-02-24 14:35:00+00:00,16.1,Docklands Library,511,54.8,12.1,-37.8195002,144.9418888,ENV,REAL_511,Real sensor series - Docklands Library - board 511,42,real_sensor_board_511,16.129089778864827,0,normal
2015-02-24 15:05:00+00:00,15.8,Docklands Library,511,56.8,12.0,-37.8195002,144.9418888,ENV,REAL_511,Real sensor series - Docklands Library - board 511,42,real_sensor_board_511,16.063271823091863,0,normal
2015-02-24 15:25:00+00:00,15.8,Docklands Library,511,57.6,12.0,-37.8195002,144.9418888,ENV,REAL_511,Real sensor series - Docklands Library - board 511,42,real_sensor_board_511,16.01061745847349,0,normal
2015-02-24 15:55:00+00:00,15.5,Docklands Library,511,58.9,12.0,-37.8195002,144.9418888,ENV,REAL_511,Real sensor series - Docklands Library - board 511,42,real_sensor_board_511,15.968493966778793,0,normal
2015-02-24 16:15:00+00:00,15.5,Docklands Library,511,59.3,12.0,-37.8195002,144.9418888,ENV,REAL_511,Real sensor series - Docklands Library - board 511,42,real_sensor_board_511,15.934795173423035,0,normal
2015-02-24 16:45:00+00:00,15.2,Docklands Library,511,60.0,11.9,-37.8195002,144.9418888,ENV,REAL_511,Real sensor series - Docklands Library - board 511,42,real_sensor_board_511,15.907836138738428,0,normal
2015-02-24 16:55:00+00:00,15.2,Docklands Library,511,59.5,11.9,-37.8195002,144.9418888,ENV,REAL_511,Real sensor series - Docklands Library - board 511,42,real_sensor_board_511,15.886268910990744,0,normal
2015-02-24 17:10:00+00:00,15.2,Docklands Library,511,59.6,11.9,-37.8195002,144.9418888,ENV,REAL_511,Real sensor series - Docklands Library - board 511,42,real_sensor_board_511,15.869015128792595,0,normal
2015-02-24 17:20:00+00:00,15.2,Docklands Library,511,60.1,11.9,-37.8195002,144.9418888,ENV,REAL_511,Real sensor series - Docklands Library - board 511,42,real_sensor_board_511,15.855212103034077,0,normal
2015-02-24 17:30:00+00:00,15.2,Docklands Library,511,59.3,11.8,-37.8195002,144.9418888,ENV,REAL_511,Real sensor series - Docklands Library - board 511,42,real_sensor_board_511,15.844169682427262,0,normal
2015-02-24 17:40:00+00:00,15.2,Docklands Library,511,59.5,11.8,-37.8195002,144.9418888,ENV,REAL_511,Real sensor series - Docklands Library - board 511,42,real_sensor_board_511,15.83533574594181,0,normal
2015-02-24 18:10:00+00:00,14.8,Docklands Library,511,60.4,11.9,-37.8195002,144.9418888,ENV,REAL_511,Real sensor series - Docklands Library - board 511,42,real_sensor_board_511,15.82826859675345,0,normal
2015-02-24 18:20:00+00:00,14.8,Docklands Library,511,60.8,11.9,-37.8195002,144.9418888,ENV,REAL_511,Real sensor series - Docklands Library - board 511,42,real_sensor_board_511,15.82261487740276,0,normal
2015-02-24 19:00:00+00:00,14.8,Docklands Library,511,59.6,11.8,-37.8195002,144.9418888,ENV,REAL_511,Real sensor series - Docklands Library - board 511,42,real_sensor_board_511,15.818091901922209,0,normal
2015-02-24 19:30:00+00:00,15.2,Docklands Library,511,60.1,13.4,-37.8195002,144.9418888,ENV,REAL_511,Real sensor series - Docklands Library - board 511,42,real_sensor_board_511,15.814473521537767,0,normal
2015-02-24 19:40:00+00:00,15.2,Docklands Library,511,60.0,24.4,-37.8195002,144.9418888,ENV,REAL_511,Real sensor series - Docklands Library - board 511,42,real_sensor_board_511,15.811578817230215,1,weak_multivariate_excursion
2015-02-24 19:50:00+00:00,15.2,Docklands Library,511,59.5,50.3,-37.8195002,144.9418888,ENV,REAL_511,Real sensor series - Docklands Library - board 511,42,real_sensor_board_511,15.809263053784173,1,weak_multivariate_excursion
2015-02-24 20:00:00+00:00,15.5,Docklands Library,511,59.0,66.0,-37.8195002,144.9418888,ENV,REAL_511,Real sensor series - Docklands Library - board 511,42,real_sensor_board_511,15.80741044302734,1,weak_multivariate_excursion
2015-02-24 22:45:00+00:00,18.4,Docklands Library,511,50.7,95.7,-37.8195002,144.9418888,ENV,REAL_511,Real sensor series - Docklands Library - board 511,42,real_sensor_board_511,16.325928354421873,1,weak_multivariate_excursion
2015-02-24 23:05:00+00:00,18.7,Docklands Library,511,50.7,96.4,-37.8195002,144.9418888,ENV,REAL_511,Real sensor series - Docklands Library - board 511,42,real_sensor_board_511,16.8007426835375,1,weak_multivariate_excursion
2015-02-25 09:20:00+00:00,23.5,Docklands Library,511,43.9,27.9,-37.8195002,144.9418888,ENV,REAL_511,Real sensor series - Docklands Library - board 511,42,real_sensor_board_511,17.180594146830003,1,weak_multivariate_excursion
2015-02-25 09:30:00+00:00,23.2,Docklands Library,511,44.5,13.7,-37.8195002,144.9418888,ENV,REAL_511,Real sensor series - Docklands Library - board 511,42,real_sensor_board_511,17.484475317464003,1,weak_multivariate_excursion
2015-02-25 09:40:00+00:00,22.9,Docklands Library,511,45.5,11.8,-37.8195002,144.9418888,ENV,REAL_511,Real sensor series - Docklands Library - board 511,42,real_sensor_board_511,17.727580253971205,1,weak_multivariate_excursion
2015-02-25 10:55:00+00:00,21.9,Docklands Library,511,48.3,11.7,-37.8195002,144.9418888,ENV,REAL_511,Real sensor series - Docklands Library - board 511,42,real_sensor_board_511,17.922064203176966,0,normal
2015-02-25 12:05:00+00:00,21.3,Docklands Library,511,50.0,10.8,-37.8195002,144.9418888,ENV,REAL_511,Real sensor series - Docklands Library - board 511,42,real_sensor_board_511,18.077651362541573,0,normal
2015-02-25 12:45:00+00:00,21.0,Docklands Library,511,52.4,10.3,-37.8195002,144.9418888,ENV,REAL_511,Real sensor series - Docklands Library - board 511,42,real_sensor_board_511,18.20212109003326,0,normal
2015-02-25 13:05:00+00:00,20.6,Docklands Library,511,53.7,10.6,-37.8195002,144.9418888,ENV,REAL_511,Real sensor series - Docklands Library - board 511,42,real_sensor_board_511,18.30169687202661,0,normal
2015-02-25 13:20:00+00:00,20.6,Docklands Library,511,55.4,9.8,-37.8195002,144.9418888,ENV,REAL_511,Real sensor series - Docklands Library - board 511,42,real_sensor_board_511,18.381357497621288,0,normal
2015-02-25 14:00:00+00:00,20.0,Docklands Library,511,57.1,10.3,-37.8195002,144.9418888,ENV,REAL_511,Real sensor series - Docklands Library - board 511,42,real_sensor_board_511,18.44508599809703,0,normal
2015-02-25 14:10:00+00:00,20.0,Docklands Library,511,57.8,10.3,-37.8195002,144.9418888,ENV,REAL_511,Real sensor series - Docklands Library - board 511,42,real_sensor_board_511,18.496068798477626,0,normal
2015-02-25 14:30:00+00:00,19.7,Docklands Library,511,59.2,10.1,-37.8195002,144.9418888,ENV,REAL_511,Real sensor series - Docklands Library - board 511,42,real_sensor_board_511,18.5368550387821,0,normal
2015-02-25 15:00:00+00:00,19.0,Docklands Library,511,59.8,10.6,-37.8195002,144.9418888,ENV,REAL_511,Real sensor series - Docklands Library - board 511,42,real_sensor_board_511,18.56948403102568,0,normal
2015-02-25 15:10:00+00:00,19.0,Docklands Library,511,60.9,9.9,-37.8195002,144.9418888,ENV,REAL_511,Real sensor series - Docklands Library - board 511,42,real_sensor_board_511,18.655587224820547,0,normal
2015-02-25 15:20:00+00:00,19.0,Docklands Library,511,61.4,10.0,-37.8195002,144.9418888,ENV,REAL_511,Real sensor series - Docklands Library - board 511,42,real_sensor_board_511,18.724469779856438,0,normal
2015-02-25 15:40:00+00:00,18.7,Docklands Library,511,61.5,10.2,-37.8195002,144.9418888,ENV,REAL_511,Real sensor series - Docklands Library - board 511,42,real_sensor_board_511,18.77957582388515,0,normal
2015-02-25 16:35:00+00:00,18.1,Docklands Library,511,62.2,10.1,-37.8195002,144.9418888,ENV,REAL_511,Real sensor series - Docklands Library - board 511,42,real_sensor_board_511,18.90366065910812,0,normal
2015-02-25 16:55:00+00:00,17.7,Docklands Library,511,62.3,10.4,-37.8195002,144.9418888,ENV,REAL_511,Real sensor series - Docklands Library - board 511,42,real_sensor_board_511,19.002928527286496,0,normal
2015-02-25 17:05:00+00:00,17.7,Docklands Library,511,62.3,10.5,-37.8195002,144.9418888,ENV,REAL_511,Real sensor series - Docklands Library - board 511,42,real_sensor_board_511,19.0023428218292,0,normal
2015-02-25 17:25:00+00:00,17.4,Docklands Library,511,61.5,10.5,-37.8195002,144.9418888,ENV,REAL_511,Real sensor series - Docklands Library - board 511,42,real_sensor_board_511,19.00187425746336,0,normal
2015-02-25 17:45:00+00:00,17.4,Docklands Library,511,61.2,10.6,-37.8195002,144.9418888,ENV,REAL_511,Real sensor series - Docklands Library - board 511,42,real_sensor_board_511,19.001499405970687,0,normal
2015-02-25 17:55:00+00:00,17.4,Docklands Library,511,61.2,10.6,-37.8195002,144.9418888,ENV,REAL_511,Real sensor series - Docklands Library - board 511,42,real_sensor_board_511,19.00119952477655,0,normal
2015-02-25 18:35:00+00:00,17.4,Docklands Library,511,60.0,10.8,-37.8195002,144.9418888,ENV,REAL_511,Real sensor series - Docklands Library - board 511,42,real_sensor_board_511,19.00095961982124,0,normal
2015-02-25 18:45:00+00:00,17.4,Docklands Library,511,60.0,10.8,-37.8195002,144.9418888,ENV,REAL_511,Real sensor series - Docklands Library - board 511,42,real_sensor_board_511,19.000767695856993,0,normal
2015-02-25 18:55:00+00:00,17.4,Docklands Library,511,59.5,10.9,-37.8195002,144.9418888,ENV,REAL_511,Real sensor series - Docklands Library - board 511,42,real_sensor_board_511,18.940614156685598,0,normal
2015-02-25 19:15:00+00:00,17.7,Docklands Library,511,59.2,10.9,-37.8195002,144.9418888,ENV,REAL_511,Real sensor series - Docklands Library - board 511,42,real_sensor_board_511,18.832491325348478,1,weak_multivariate_excursion
2015-02-25 21:50:00+00:00,17.4,Docklands Library,511,61.5,92.4,-37.8195002,144.9418888,ENV,REAL_511,Real sensor series - Docklands Library - board 511,42,real_sensor_board_511,18.745993060278785,1,weak_multivariate_excursion
2015-02-26 09:25:00+00:00,19.4,Docklands Library,511,52.6,19.4,-37.8195002,144.9418888,ENV,REAL_511,Real sensor series - Docklands Library - board 511,42,real_sensor_board_511,18.676794448223028,1,weak_multivariate_excursion
2015-02-26 10:00:00+00:00,19.4,Docklands Library,511,52.9,12.2,-37.8195002,144.9418888,ENV,REAL_511,Real sensor series - Docklands Library - board 511,42,real_sensor_board_511,18.621435558578423,1,weak_multivariate_excursion
2015-02-26 10:10:00+00:00,19.7,Docklands Library,511,53.2,12.1,-37.8195002,144.9418888,ENV,REAL_511,Real sensor series - Docklands Library - board 511,42,real_sensor_board_511,18.517148446862738,0,normal
2015-02-26 10:30:00+00:00,19.4,Docklands Library,511,53.2,12.1,-37.8195002,144.9418888,ENV,REAL_511,Real sensor series - Docklands Library - board 511,42,real_sensor_board_511,18.43371875749019,0,normal
2015-02-26 10:50:00+00:00,19.4,Docklands Library,511,53.7,11.9,-37.8195002,144.9418888,ENV,REAL_511,Real sensor series - Docklands Library - board 511,42,real_sensor_board_511,18.366975005992153,0,normal
2015-02-26 11:00:00+00:00,19.4,Docklands Library,511,54.0,12.3,-37.8195002,144.9418888,ENV,REAL_511,Real sensor series - Docklands Library - board 511,42,real_sensor_board_511,18.233580004793723,0,normal
2015-02-26 11:10:00+00:00,19.0,Docklands Library,511,54.1,11.7,-37.8195002,144.9418888,ENV,REAL_511,Real sensor series - Docklands Library - board 511,42,real_sensor_board_511,18.126864003834978,0,normal
2015-02-26 11:20:00+00:00,19.0,Docklands Library,511,54.0,11.8,-37.8195002,144.9418888,ENV,REAL_511,Real sensor series - Docklands Library - board 511,42,real_sensor_board_511,18.041491203067984,0,normal
2015-02-26 11:30:00+00:00,19.0,Docklands Library,511,54.8,9.9,-37.8195002,144.9418888,ENV,REAL_511,Real sensor series - Docklands Library - board 511,42,real_sensor_board_511,17.973192962454387,0,normal
2015-02-26 12:00:00+00:00,18.4,Docklands Library,511,53.2,10.9,-37.8195002,144.9418888,ENV,REAL_511,Real sensor series - Docklands Library - board 511,42,real_sensor_board_511,17.91855436996351,0,normal
2015-02-26 12:40:00+00:00,18.4,Docklands Library,511,53.8,10.5,-37.8195002,144.9418888,ENV,REAL_511,Real sensor series - Docklands Library - board 511,42,real_sensor_board_511,17.874843495970808,0,normal
2015-02-26 13:15:00+00:00,18.4,Docklands Library,511,54.0,10.7,-37.8195002,144.9418888,ENV,REAL_511,Real sensor series - Docklands Library - board 511,42,real_sensor_board_511,17.83987479677665,0,normal
2015-02-26 13:25:00+00:00,18.4,Docklands Library,511,55.1,10.0,-37.8195002,144.9418888,ENV,REAL_511,Real sensor series - Docklands Library - board 511,42,real_sensor_board_511,17.81189983742132,0,normal
2015-02-26 13:35:00+00:00,18.1,Docklands Library,511,54.9,10.0,-37.8195002,144.9418888,ENV,REAL_511,Real sensor series - Docklands Library - board 511,42,real_sensor_board_511,17.789519869937056,0,normal
2015-02-26 13:55:00+00:00,17.7,Docklands Library,511,55.7,10.6,-37.8195002,144.9418888,ENV,REAL_511,Real sensor series - Docklands Library - board 511,42,real_sensor_board_511,17.771615895949644,0,normal
2015-02-26 14:05:00+00:00,18.1,Docklands Library,511,54.9,10.4,-37.8195002,144.9418888,ENV,REAL_511,Real sensor series - Docklands Library - board 511,42,real_sensor_board_511,17.757292716759714,0,normal
2015-02-26 14:15:00+00:00,17.7,Docklands Library,511,55.9,9.6,-37.8195002,144.9418888,ENV,REAL_511,Real sensor series - Docklands Library - board 511,42,real_sensor_board_511,17.745834173407772,0,normal
2015-02-26 14:25:00+00:00,17.7,Docklands Library,511,55.7,10.0,-37.8195002,144.9418888,ENV,REAL_511,Real sensor series - Docklands Library - board 511,42,real_sensor_board_511,17.736667338726217,0,normal
2015-02-26 14:35:00+00:00,17.7,Docklands Library,511,56.2,10.2,-37.8195002,144.9418888,ENV,REAL_511,Real sensor series - Docklands Library - board 511,42,real_sensor_board_511,17.729333870980973,0,normal
2015-02-26 14:55:00+00:00,17.4,Docklands Library,511,56.7,10.6,-37.8195002,144.9418888,ENV,REAL_511,Real sensor series - Docklands Library - board 511,42,real_sensor_board_511,17.663467096784778,0,normal
2015-02-26 15:05:00+00:00,17.4,Docklands Library,511,57.1,10.0,-37.8195002,144.9418888,ENV,REAL_511,Real sensor series - Docklands Library - board 511,42,real_sensor_board_511,17.610773677427822,0,normal
2015-02-26 15:15:00+00:00,17.4,Docklands Library,511,57.8,9.7,-37.8195002,144.9418888,ENV,REAL_511,Real sensor series - Docklands Library - board 511,42,real_sensor_board_511,17.56861894194226,0,normal
2015-02-26 15:25:00+00:00,17.4,Docklands Library,511,57.6,9.8,-37.8195002,144.9418888,ENV,REAL_511,Real sensor series - Docklands Library - board 511,42,real_sensor_board_511,17.53489515355381,0,normal
2015-02-26 15:45:00+00:00,17.1,Docklands Library,511,58.7,10.0,-37.8195002,144.9418888,ENV,REAL_511,Real sensor series - Docklands Library - board 511,42,real_sensor_board_511,17.507916122843046,0,normal
2015-02-26 15:55:00+00:00,17.1,Docklands Library,511,58.5,9.9,-37.8195002,144.9418888,ENV,REAL_511,Real sensor series - Docklands Library - board 511,42,real_sensor_board_511,17.486332898274437,0,normal
2015-02-26 16:10:00+00:00,17.1,Docklands Library,511,59.5,9.5,-37.8195002,144.9418888,ENV,REAL_511,Real sensor series - Docklands Library - board 511,42,real_sensor_board_511,17.46906631861955,0,normal
2015-02-26 16:20:00+00:00,17.1,Docklands Library,511,58.7,9.9,-37.8195002,144.9418888,ENV,REAL_511,Real sensor series - Docklands Library - board 511,42,real_sensor_board_511,17.45525305489564,0,normal
2015-02-26 16:50:00+00:00,17.1,Docklands Library,511,58.9,10.3,-37.8195002,144.9418888,ENV,REAL_511,Real sensor series - Docklands Library - board 511,42,real_sensor_board_511,17.444202443916513,0,normal
2015-02-26 17:00:00+00:00,17.1,Docklands Library,511,59.2,9.9,-37.8195002,144.9418888,ENV,REAL_511,Real sensor series - Docklands Library - board 511,42,real_sensor_board_511,17.43536195513321,0,normal
2015-02-26 17:30:00+00:00,16.8,Docklands Library,511,60.4,10.3,-37.8195002,144.9418888,ENV,REAL_511,Real sensor series - Docklands Library - board 511,42,real_sensor_board_511,17.428289564106567,0,normal
2015-02-26 17:40:00+00:00,16.5,Docklands Library,511,59.8,10.3,-37.8195002,144.9418888,ENV,REAL_511,Real sensor series - Docklands Library - board 511,42,real_sensor_board_511,17.422631651285254,0,normal
2015-02-26 17:50:00+00:00,16.8,Docklands Library,511,60.6,10.5,-37.8195002,144.9418888,ENV,REAL_511,Real sensor series - Docklands Library - board 511,42,real_sensor_board_511,17.418105321028204,0,normal
2015-02-26 18:10:00+00:00,16.5,Docklands Library,511,60.6,10.4,-37.8195002,144.9418888,ENV,REAL_511,Real sensor series - Docklands Library - board 511,42,real_sensor_board_511,17.414484256822565,0,normal
2015-02-26 18:20:00+00:00,16.5,Docklands Library,511,60.9,10.2,-37.8195002,144.9418888,ENV,REAL_511,Real sensor series - Docklands Library - board 511,42,real_sensor_board_511,17.411587405458054,0,normal
2015-02-26 18:40:00+00:00,16.1,Docklands Library,511,60.8,10.3,-37.8195002,144.9418888,ENV,REAL_511,Real sensor series - Docklands Library - board 511,42,real_sensor_board_511,17.409269924366445,0,normal
2015-02-26 19:00:00+00:00,15.8,Docklands Library,511,61.9,10.2,-37.8195002,144.9418888,ENV,REAL_511,Real sensor series - Docklands Library - board 511,42,real_sensor_board_511,17.407415939493156,0,normal
2015-02-26 19:35:00+00:00,15.5,Docklands Library,511,61.4,12.7,-37.8195002,144.9418888,ENV,REAL_511,Real sensor series - Docklands Library - board 511,42,real_sensor_board_511,17.405932751594523,1,weak_multivariate_excursion
2015-02-26 19:45:00+00:00,15.8,Docklands Library,511,61.9,28.2,-37.8195002,144.9418888,ENV,REAL_511,Real sensor series - Docklands Library - board 511,42,real_sensor_board_511,17.404746201275618,1,weak_multivariate_excursion
2015-02-26 23:10:00+00:00,21.3,Docklands Library,511,52.9,97.4,-37.8195002,144.9418888,ENV,REAL_511,Real sensor series - Docklands Library - board 511,42,real_sensor_board_511,17.603796961020493,1,weak_multivariate_excursion
2015-02-27 09:35:00+00:00,19.7,Docklands Library,511,54.8,11.9,-37.8195002,144.9418888,ENV,REAL_511,Real sensor series - Docklands Library - board 511,42,real_sensor_board_511,17.763037568816394,1,weak_multivariate_excursion
2015-02-27 10:15:00+00:00,19.0,Docklands Library,511,54.9,11.6,-37.8195002,144.9418888,ENV,REAL_511,Real sensor series - Docklands Library - board 511,42,real_sensor_board_511,17.890430055053116,1,weak_multivariate_excursion
2015-02-27 10:25:00+00:00,19.0,Docklands Library,511,54.3,11.6,-37.8195002,144.9418888,ENV,REAL_511,Real sensor series - Docklands Library - board 511,42,real_sensor_board_511,17.992344044042493,0,normal
2015-02-27 11:25:00+00:00,19.0,Docklands Library,511,54.8,9.8,-37.8195002,144.9418888,ENV,REAL_511,Real sensor series - Docklands Library - board 511,42,real_sensor_board_511,18.073875235233995,0,normal
2015-02-27 11:35:00+00:00,19.0,Docklands Library,511,54.1,9.8,-37.8195002,144.9418888,ENV,REAL_511,Real sensor series - Docklands Library - board 511,42,real_sensor_board_511,18.139100188187196,0,normal
2015-02-27 11:45:00+00:00,19.0,Docklands Library,511,54.0,10.2,-37.8195002,144.9418888,ENV,REAL_511,Real sensor series - Docklands Library - board 511,42,real_sensor_board_511,18.19128015054976,0,normal
2015-02-27 11:55:00+00:00,19.0,Docklands Library,511,54.3,10.4,-37.8195002,144.9418888,ENV,REAL_511,Real sensor series - Docklands Library - board 511,42,real_sensor_board_511,18.233024120439808,0,normal
2015-02-27 12:05:00+00:00,19.0,Docklands Library,511,55.4,10.5,-37.8195002,144.9418888,ENV,REAL_511,Real sensor series - Docklands Library - board 511,42,real_sensor_board_511,18.26641929635185,0,normal
2015-02-27 12:20:00+00:00,19.0,Docklands Library,511,55.2,10.6,-37.8195002,144.9418888,ENV,REAL_511,Real sensor series - Docklands Library - board 511,42,real_sensor_board_511,18.29313543708148,0,normal
2015-02-27 12:30:00+00:00,18.7,Docklands Library,511,54.9,9.8,-37.8195002,144.9418888,ENV,REAL_511,Real sensor series - Docklands Library - board 511,42,real_sensor_board_511,18.314508349665186,0,normal
2015-02-27 12:50:00+00:00,18.7,Docklands Library,511,54.6,10.1,-37.8195002,144.9418888,ENV,REAL_511,Real sensor series - Docklands Library - board 511,42,real_sensor_board_511,18.331606679732147,0,normal
2015-02-27 13:10:00+00:00,18.4,Docklands Library,511,54.1,10.4,-37.8195002,144.9418888,ENV,REAL_511,Real sensor series - Docklands Library - board 511,42,real_sensor_board_511,18.34528534378572,0,normal
2015-02-27 13:20:00+00:00,18.7,Docklands Library,511,53.2,9.5,-37.8195002,144.9418888,ENV,REAL_511,Real sensor series - Docklands Library - board 511,42,real_sensor_board_511,18.356228275028577,0,normal
2015-02-27 14:10:00+00:00,18.4,Docklands Library,511,52.4,9.9,-37.8195002,144.9418888,ENV,REAL_511,Real sensor series - Docklands Library - board 511,42,real_sensor_board_511,18.364982620022865,0,normal
2015-02-27 14:20:00+00:00,18.4,Docklands Library,511,52.1,9.6,-37.8195002,144.9418888,ENV,REAL_511,Real sensor series - Docklands Library - board 511,42,real_sensor_board_511,18.37198609601829,0,normal
2015-02-27 14:30:00+00:00,18.4,Docklands Library,511,52.7,9.8,-37.8195002,144.9418888,ENV,REAL_511,Real sensor series - Docklands Library - board 511,42,real_sensor_board_511,18.377588876814634,0,normal
2015-02-27 15:30:00+00:00,18.1,Docklands Library,511,53.2,9.7,-37.8195002,144.9418888,ENV,REAL_511,Real sensor series - Docklands Library - board 511,42,real_sensor_board_511,18.382071101451707,0,normal
2015-02-27 15:55:00+00:00,18.1,Docklands Library,511,53.7,10.0,-37.8195002,144.9418888,ENV,REAL_511,Real sensor series - Docklands Library - board 511,42,real_sensor_board_511,18.385656881161367,0,normal
2015-02-27 16:05:00+00:00,18.1,Docklands Library,511,54.6,9.5,-37.8195002,144.9418888,ENV,REAL_511,Real sensor series - Docklands Library - board 511,42,real_sensor_board_511,18.388525504929092,0,normal
2015-02-27 16:25:00+00:00,18.4,Docklands Library,511,54.3,9.7,-37.8195002,144.9418888,ENV,REAL_511,Real sensor series - Docklands Library - board 511,42,real_sensor_board_511,18.390820403943273,0,normal
2015-02-27 16:55:00+00:00,18.1,Docklands Library,511,54.0,9.8,-37.8195002,144.9418888,ENV,REAL_511,Real sensor series - Docklands Library - board 511,42,real_sensor_board_511,18.39265632315462,0,normal
2015-02-27 17:05:00+00:00,18.1,Docklands Library,511,53.2,10.1,-37.8195002,144.9418888,ENV,REAL_511,Real sensor series - Docklands Library - board 511,42,real_sensor_board_511,18.394125058523695,0,normal
2015-02-27 17:35:00+00:00,18.1,Docklands Library,511,54.4,10.2,-37.8195002,144.9418888,ENV,REAL_511,Real sensor series - Docklands Library - board 511,42,real_sensor_board_511,18.395300046818956,0,normal
2015-02-27 17:45:00+00:00,18.1,Docklands Library,511,54.3,10.2,-37.8195002,144.9418888,ENV,REAL_511,Real sensor series - Docklands Library - board 511,42,real_sensor_board_511,18.396240037455165,0,normal
2015-02-27 17:55:00+00:00,18.1,Docklands Library,511,54.4,10.1,-37.8195002,144.9418888,ENV,REAL_511,Real sensor series - Docklands Library - board 511,42,real_sensor_board_511,18.39699202996413,0,normal
2015-02-27 18:15:00+00:00,18.1,Docklands Library,511,54.6,10.4,-37.8195002,144.9418888,ENV,REAL_511,Real sensor series - Docklands Library - board 511,42,real_sensor_board_511,18.397593623971304,0,normal
2015-02-27 18:25:00+00:00,18.1,Docklands Library,511,54.3,10.4,-37.8195002,144.9418888,ENV,REAL_511,Real sensor series - Docklands Library - board 511,42,real_sensor_board_511,18.398074899177043,0,normal
2015-02-27 18:35:00+00:00,17.7,Docklands Library,511,54.8,10.5,-37.8195002,144.9418888,ENV,REAL_511,Real sensor series - Docklands Library - board 511,42,real_sensor_board_511,18.398459919341633,0,normal
2015-02-27 18:45:00+00:00,18.1,Docklands Library,511,54.6,10.7,-37.8195002,144.9418888,ENV,REAL_511,Real sensor series - Docklands Library - board 511,42,real_sensor_board_511,18.39876793547331,0,normal
2015-02-27 19:10:00+00:00,18.1,Docklands Library,511,55.5,10.8,-37.8195002,144.9418888,ENV,REAL_511,Real sensor series - Docklands Library - board 511,42,real_sensor_board_511,18.39901434837865,0,normal
2015-02-27 19:40:00+00:00,18.7,Docklands Library,511,54.9,12.7,-37.8195002,144.9418888,ENV,REAL_511,Real sensor series - Docklands Library - board 511,42,real_sensor_board_511,18.39921147870292,0,normal
2015-02-27 19:50:00+00:00,18.4,Docklands Library,511,53.7,24.6,-37.8195002,144.9418888,ENV,REAL_511,Real sensor series - Docklands Library - board 511,42,real_sensor_board_511,18.459369182962337,1,weak_multivariate_excursion
2015-02-27 20:10:00+00:00,18.7,Docklands Library,511,52.4,62.5,-37.8195002,144.9418888,ENV,REAL_511,Real sensor series - Docklands Library - board 511,42,real_sensor_board_511,18.507495346369872,1,weak_multivariate_excursion
2015-02-27 20:20:00+00:00,19.0,Docklands Library,511,51.6,76.4,-37.8195002,144.9418888,ENV,REAL_511,Real sensor series - Docklands Library - board 511,42,real_sensor_board_511,18.605996277095898,1,weak_multivariate_excursion
2015-02-27 20:30:00+00:00,19.0,Docklands Library,511,51.3,84.7,-37.8195002,144.9418888,ENV,REAL_511,Real sensor series - Docklands Library - board 511,42,real_sensor_board_511,18.68479702167672,1,weak_multivariate_excursion
2015-02-27 20:40:00+00:00,19.4,Docklands Library,511,50.5,88.5,-37.8195002,144.9418888,ENV,REAL_511,Real sensor series - Docklands Library - board 511,42,real_sensor_board_511,18.747837617341375,0,normal
2015-02-27 20:50:00+00:00,19.4,Docklands Library,511,49.7,89.7,-37.8195002,144.9418888,ENV,REAL_511,Real sensor series - Docklands Library - board 511,42,real_sensor_board_511,18.878270093873102,0,normal
2015-02-27 21:10:00+00:00,19.7,Docklands Library,511,49.4,89.5,-37.8195002,144.9418888,ENV,REAL_511,Real sensor series - Docklands Library - board 511,42,real_sensor_board_511,18.98261607509848,0,normal
2015-02-27 21:50:00+00:00,21.0,Docklands Library,511,43.7,92.8,-37.8195002,144.9418888,ENV,REAL_511,Real sensor series - Docklands Library - board 511,42,real_sensor_board_511,19.066092860078786,0,normal
2015-02-27 22:00:00+00:00,21.0,Docklands Library,511,43.6,93.9,-37.8195002,144.9418888,ENV,REAL_511,Real sensor series - Docklands Library - board 511,42,real_sensor_board_511,19.13287428806303,1,weak_multivariate_excursion
2015-02-28 07:25:00+00:00,37.1,Docklands Library,511,20.1,98.5,-37.8195002,144.9418888,ENV,REAL_511,Real sensor series - Docklands Library - board 511,42,real_sensor_board_511,19.186299430450422,1,weak_multivariate_excursion
2015-02-28 07:35:00+00:00,33.9,Docklands Library,511,20.7,96.2,-37.8195002,144.9418888,ENV,REAL_511,Real sensor series - Docklands Library - board 511,42,real_sensor_board_511,19.229039544360337,1,weak_multivariate_excursion
2015-02-28 07:45:00+00:00,35.8,Docklands Library,511,20.9,98.4,-37.8195002,144.9418888,ENV,REAL_511,Real sensor series - Docklands Library - board 511,42,real_sensor_board_511,19.26323163548827,1,weak_multivariate_excursion
2015-02-28 08:20:00+00:00,31.3,Docklands Library,511,22.6,93.4,-37.8195002,144.9418888,ENV,REAL_511,Real sensor series - Docklands Library - board 511,42,real_sensor_board_511,19.290585308390618,1,weak_multivariate_excursion
2015-02-28 09:00:00+00:00,29.7,Docklands Library,511,25.6,48.5,-37.8195002,144.9418888,ENV,REAL_511,Real sensor series - Docklands Library - board 511,42,real_sensor_board_511,19.312468246712495,1,weak_multivariate_excursion
2015-02-28 09:10:00+00:00,30.0,Docklands Library,511,25.6,22.7,-37.8195002,144.9418888,ENV,REAL_511,Real sensor series - Docklands Library - board 511,42,real_sensor_board_511,19.329974597369997,1,weak_multivariate_excursion
2015-02-28 09:20:00+00:00,29.7,Docklands Library,511,26.5,12.6,-37.8195002,144.9418888,ENV,REAL_511,Real sensor series - Docklands Library - board 511,42,real_sensor_board_511,19.343979677895998,1,weak_multivariate_excursion
2015-02-28 10:10:00+00:00,19.0,Docklands Library,511,71.8,10.5,-37.8195002,144.9418888,ENV,REAL_511,Real sensor series - Docklands Library - board 511,42,real_sensor_board_511,19.3551837423168,1,weak_multivariate_excursion
2015-02-28 10:20:00+00:00,19.4,Docklands Library,511,71.9,10.6,-37.8195002,144.9418888,ENV,REAL_511,Real sensor series - Docklands Library - board 511,42,real_sensor_board_511,19.364146993853442,1,weak_multivariate_excursion
2015-02-28 10:50:00+00:00,19.4,Docklands Library,511,73.0,10.4,-37.8195002,144.9418888,ENV,REAL_511,Real sensor series - Docklands Library - board 511,42,real_sensor_board_511,19.371317595082754,0,normal
2015-02-28 11:00:00+00:00,19.4,Docklands Library,511,72.9,10.2,-37.8195002,144.9418888,ENV,REAL_511,Real sensor series - Docklands Library - board 511,42,real_sensor_board_511,19.377054076066205,0,normal
2015-02-28 11:10:00+00:00,19.4,Docklands Library,511,73.0,10.3,-37.8195002,144.9418888,ENV,REAL_511,Real sensor series - Docklands Library - board 511,42,real_sensor_board_511,19.301643260852966,0,normal
2015-02-28 11:30:00+00:00,18.7,Docklands Library,511,73.0,10.1,-37.8195002,144.9418888,ENV,REAL_511,Real sensor series - Docklands Library - board 511,42,real_sensor_board_511,19.181314608682374,0,normal
2015-02-28 11:55:00+00:00,18.4,Docklands Library,511,72.4,10.0,-37.8195002,144.9418888,ENV,REAL_511,Real sensor series - Docklands Library - board 511,42,real_sensor_board_511,19.085051686945903,0,normal
2015-02-28 12:05:00+00:00,18.4,Docklands Library,511,72.7,10.0,-37.8195002,144.9418888,ENV,REAL_511,Real sensor series - Docklands Library - board 511,42,real_sensor_board_511,19.008041349556724,0,normal
2015-02-28 12:15:00+00:00,18.7,Docklands Library,511,72.6,9.8,-37.8195002,144.9418888,ENV,REAL_511,Real sensor series - Docklands Library - board 511,42,real_sensor_board_511,18.94643307964538,0,normal
2015-02-28 12:35:00+00:00,18.7,Docklands Library,511,72.9,9.6,-37.8195002,144.9418888,ENV,REAL_511,Real sensor series - Docklands Library - board 511,42,real_sensor_board_511,18.897146463716304,0,normal
2015-02-28 12:45:00+00:00,18.4,Docklands Library,511,72.7,9.6,-37.8195002,144.9418888,ENV,REAL_511,Real sensor series - Docklands Library - board 511,42,real_sensor_board_511,18.857717170973046,0,normal
2015-02-28 12:55:00+00:00,18.4,Docklands Library,511,73.2,9.7,-37.8195002,144.9418888,ENV,REAL_511,Real sensor series - Docklands Library - board 511,42,real_sensor_board_511,18.826173736778436,0,normal
2015-02-28 13:05:00+00:00,18.7,Docklands Library,511,72.7,9.9,-37.8195002,144.9418888,ENV,REAL_511,Real sensor series - Docklands Library - board 511,42,real_sensor_board_511,18.74093898942275,0,normal
2015-02-28 13:15:00+00:00,18.7,Docklands Library,511,72.6,9.9,-37.8195002,144.9418888,ENV,REAL_511,Real sensor series - Docklands Library - board 511,42,real_sensor_board_511,18.672751191538204,0,normal
2015-02-28 13:25:00+00:00,18.7,Docklands Library,511,72.4,9.9,-37.8195002,144.9418888,ENV,REAL_511,Real sensor series - Docklands Library - board 511,42,real_sensor_board_511,18.618200953230563,0,normal
2015-02-28 13:35:00+00:00,18.7,Docklands Library,511,72.4,9.8,-37.8195002,144.9418888,ENV,REAL_511,Real sensor series - Docklands Library - board 511,42,real_sensor_board_511,18.57456076258445,0,normal
2015-02-28 13:55:00+00:00,18.4,Docklands Library,511,72.4,9.9,-37.8195002,144.9418888,ENV,REAL_511,Real sensor series - Docklands Library - board 511,42,real_sensor_board_511,18.53964861006756,0,normal
2015-02-28 14:05:00+00:00,18.1,Docklands Library,511,73.0,9.9,-37.8195002,144.9418888,ENV,REAL_511,Real sensor series - Docklands Library - board 511,42,real_sensor_board_511,18.45171888805405,0,normal
2015-02-28 14:25:00+00:00,17.7,Docklands Library,511,73.0,10.0,-37.8195002,144.9418888,ENV,REAL_511,Real sensor series - Docklands Library - board 511,42,real_sensor_board_511,18.30137511044324,0,normal
2015-02-28 14:35:00+00:00,17.7,Docklands Library,511,73.0,9.9,-37.8195002,144.9418888,ENV,REAL_511,Real sensor series - Docklands Library - board 511,42,real_sensor_board_511,18.18110008835459,0,normal
2015-02-28 14:45:00+00:00,17.4,Docklands Library,511,72.4,10.1,-37.8195002,144.9418888,ENV,REAL_511,Real sensor series - Docklands Library - board 511,42,real_sensor_board_511,18.024880070683672,0,normal
2015-02-28 15:00:00+00:00,17.4,Docklands Library,511,72.9,9.9,-37.8195002,144.9418888,ENV,REAL_511,Real sensor series - Docklands Library - board 511,42,real_sensor_board_511,17.899904056546937,0,normal
2015-02-28 15:20:00+00:00,16.8,Docklands Library,511,72.3,9.9,-37.8195002,144.9418888,ENV,REAL_511,Real sensor series - Docklands Library - board 511,42,real_sensor_board_511,17.67992324523755,0,normal
2015-02-28 15:30:00+00:00,16.8,Docklands Library,511,71.5,10.0,-37.8195002,144.9418888,ENV,REAL_511,Real sensor series - Docklands Library - board 511,42,real_sensor_board_511,17.50393859619004,0,normal
2015-02-28 15:40:00+00:00,16.5,Docklands Library,511,71.0,9.9,-37.8195002,144.9418888,ENV,REAL_511,Real sensor series - Docklands Library - board 511,42,real_sensor_board_511,17.363150876952034,0,normal
2015-02-28 15:50:00+00:00,16.8,Docklands Library,511,70.1,10.0,-37.8195002,144.9418888,ENV,REAL_511,Real sensor series - Docklands Library - board 511,42,real_sensor_board_511,17.190520701561628,0,normal
2015-02-28 16:00:00+00:00,16.5,Docklands Library,511,71.5,10.2,-37.8195002,144.9418888,ENV,REAL_511,Real sensor series - Docklands Library - board 511,42,real_sensor_board_511,17.052416561249302,0,normal
2015-02-28 16:10:00+00:00,16.5,Docklands Library,511,72.3,10.2,-37.8195002,144.9418888,ENV,REAL_511,Real sensor series - Docklands Library - board 511,42,real_sensor_board_511,16.941933248999444,0,normal
2015-02-28 16:20:00+00:00,15.8,Docklands Library,511,70.4,10.1,-37.8195002,144.9418888,ENV,REAL_511,Real sensor series - Docklands Library - board 511,42,real_sensor_board_511,16.773546599199555,0,normal
2015-02-28 16:50:00+00:00,16.1,Docklands Library,511,67.5,10.0,-37.8195002,144.9418888,ENV,REAL_511,Real sensor series - Docklands Library - board 511,42,real_sensor_board_511,16.638837279359645,0,normal
2015-02-28 17:00:00+00:00,16.1,Docklands Library,511,68.5,10.1,-37.8195002,144.9418888,ENV,REAL_511,Real sensor series - Docklands Library - board 511,42,real_sensor_board_511,16.471069823487717,0,normal
2015-02-28 17:10:00+00:00,15.8,Docklands Library,511,70.1,10.3,-37.8195002,144.9418888,ENV,REAL_511,Real sensor series - Docklands Library - board 511,42,real_sensor_board_511,16.336855858790173,0,normal
2015-02-28 17:30:00+00:00,15.8,Docklands Library,511,67.1,10.0,-37.8195002,144.9418888,ENV,REAL_511,Real sensor series - Docklands Library - board 511,42,real_sensor_board_511,16.22948468703214,0,normal
2015-02-28 18:00:00+00:00,15.8,Docklands Library,511,66.0,10.2,-37.8195002,144.9418888,ENV,REAL_511,Real sensor series - Docklands Library - board 511,42,real_sensor_board_511,16.143587749625713,0,normal
2015-02-28 18:15:00+00:00,15.8,Docklands Library,511,64.7,10.2,-37.8195002,144.9418888,ENV,REAL_511,Real sensor series - Docklands Library - board 511,42,real_sensor_board_511,16.07487019970057,0,normal
2015-02-28 18:25:00+00:00,15.5,Docklands Library,511,64.9,10.1,-37.8195002,144.9418888,ENV,REAL_511,Real sensor series - Docklands Library - board 511,42,real_sensor_board_511,16.019896159760457,0,normal
2015-02-28 18:35:00+00:00,15.5,Docklands Library,511,63.9,10.4,-37.8195002,144.9418888,ENV,REAL_511,Real sensor series - Docklands Library - board 511,42,real_sensor_board_511,15.975916927808367,0,normal
2015-02-28 18:45:00+00:00,15.5,Docklands Library,511,63.3,10.6,-37.8195002,144.9418888,ENV,REAL_511,Real sensor series - Docklands Library - board 511,42,real_sensor_board_511,15.940733542246694,0,normal
2015-02-28 18:55:00+00:00,15.8,Docklands Library,511,62.3,10.7,-37.8195002,144.9418888,ENV,REAL_511,Real sensor series - Docklands Library - board 511,42,real_sensor_board_511,15.912586833797356,0,normal
2015-02-28 19:05:00+00:00,15.5,Docklands Library,511,61.9,10.9,-37.8195002,144.9418888,ENV,REAL_511,Real sensor series - Docklands Library - board 511,42,real_sensor_board_511,15.890069467037886,0,normal
2015-02-28 19:15:00+00:00,15.5,Docklands Library,511,60.8,10.7,-37.8195002,144.9418888,ENV,REAL_511,Real sensor series - Docklands Library - board 511,42,real_sensor_board_511,15.872055573630309,0,normal
2015-02-28 19:25:00+00:00,15.2,Docklands Library,511,60.8,10.9,-37.8195002,144.9418888,ENV,REAL_511,Real sensor series - Docklands Library - board 511,42,real_sensor_board_511,15.857644458904248,0,normal
2015-02-28 19:35:00+00:00,15.2,Docklands Library,511,62.2,12.1,-37.8195002,144.9418888,ENV,REAL_511,Real sensor series - Docklands Library - board 511,42,real_sensor_board_511,15.8461155671234,1,weak_multivariate_excursion
2015-02-28 20:05:00+00:00,14.5,Docklands Library,511,62.8,78.0,-37.8195002,144.9418888,ENV,REAL_511,Real sensor series - Docklands Library - board 511,42,real_sensor_board_511,15.83689245369872,1,weak_multivariate_excursion
2015-02-28 20:15:00+00:00,14.5,Docklands Library,511,63.1,84.9,-37.8195002,144.9418888,ENV,REAL_511,Real sensor series - Docklands Library - board 511,42,real_sensor_board_511,15.829513962958977,1,weak_multivariate_excursion
2015-02-28 20:35:00+00:00,14.8,Docklands Library,511,63.0,90.2,-37.8195002,144.9418888,ENV,REAL_511,Real sensor series - Docklands Library - board 511,42,real_sensor_board_511,15.823611170367183,0,normal
2015-02-28 20:45:00+00:00,15.2,Docklands Library,511,62.6,92.5,-37.8195002,144.9418888,ENV,REAL_511,Real sensor series - Docklands Library - board 511,42,real_sensor_board_511,15.818888936293748,0,normal
2015-02-28 20:55:00+00:00,15.2,Docklands Library,511,61.2,92.2,-37.8195002,144.9418888,ENV,REAL_511,Real sensor series - Docklands Library - board 511,42,real_sensor_board_511,15.815111149035,0,normal
2015-02-28 21:05:00+00:00,15.2,Docklands Library,511,61.1,92.5,-37.8195002,144.9418888,ENV,REAL_511,Real sensor series - Docklands Library - board 511,42,real_sensor_board_511,15.812088919228,0,normal
2015-02-28 21:15:00+00:00,15.2,Docklands Library,511,60.4,93.5,-37.8195002,144.9418888,ENV,REAL_511,Real sensor series - Docklands Library - board 511,42,real_sensor_board_511,15.8096711353824,0,normal
2015-02-28 21:40:00+00:00,15.8,Docklands Library,511,58.4,94.3,-37.8195002,144.9418888,ENV,REAL_511,Real sensor series - Docklands Library - board 511,42,real_sensor_board_511,15.807736908305921,0,normal
2015-02-28 21:50:00+00:00,16.5,Docklands Library,511,57.4,95.0,-37.8195002,144.9418888,ENV,REAL_511,Real sensor series - Docklands Library - board 511,42,real_sensor_board_511,15.866189526644739,0,normal
2015-02-28 22:00:00+00:00,16.1,Docklands Library,511,56.7,94.2,-37.8195002,144.9418888,ENV,REAL_511,Real sensor series - Docklands Library - board 511,42,real_sensor_board_511,15.992951621315793,0,normal
2015-02-28 22:10:00+00:00,16.5,Docklands Library,511,57.4,94.5,-37.8195002,144.9418888,ENV,REAL_511,Real sensor series - Docklands Library - board 511,42,real_sensor_board_511,16.094361297052636,0,normal
2015-02-28 22:20:00+00:00,16.8,Docklands Library,511,57.1,94.7,-37.8195002,144.9418888,ENV,REAL_511,Real sensor series - Docklands Library - board 511,42,real_sensor_board_511,16.17548903764211,0,normal
2015-02-28 22:30:00+00:00,17.1,Docklands Library,511,56.5,94.7,-37.8195002,144.9418888,ENV,REAL_511,Real sensor series - Docklands Library - board 511,42,real_sensor_board_511,16.240391230113687,0,normal
2015-02-28 22:40:00+00:00,16.8,Docklands Library,511,55.9,95.1,-37.8195002,144.9418888,ENV,REAL_511,Real sensor series - Docklands Library - board 511,42,real_sensor_board_511,16.29231298409095,0,normal
2015-02-28 22:50:00+00:00,17.1,Docklands Library,511,56.0,95.5,-37.8195002,144.9418888,ENV,REAL_511,Real sensor series - Docklands Library - board 511,42,real_sensor_board_511,16.33385038727276,1,weak_multivariate_excursion
2015-02-28 23:20:00+00:00,21.9,Docklands Library,511,49.4,97.7,-37.8195002,144.9418888,ENV,REAL_511,Real sensor series - Docklands Library - board 511,42,real_sensor_board_511,16.36708030981821,1,weak_multivariate_excursion
2015-02-28 23:50:00+00:00,22.3,Docklands Library,511,47.5,97.2,-37.8195002,144.9418888,ENV,REAL_511,Real sensor series - Docklands Library - board 511,42,real_sensor_board_511,16.39366424785457,1,weak_multivariate_excursion
2015-03-01 00:00:00+00:00,19.4,Docklands Library,511,50.0,93.8,-37.8195002,144.9418888,ENV,REAL_511,Real sensor series - Docklands Library - board 511,42,real_sensor_board_511,16.414931398283656,1,weak_multivariate_excursion
2015-03-01 03:25:00+00:00,23.9,Docklands Library,511,40.6,98.3,-37.8195002,144.9418888,ENV,REAL_511,Real sensor series - Docklands Library - board 511,42,real_sensor_board_511,16.431945118626924,1,weak_multivariate_excursion
2015-03-01 06:20:00+00:00,23.5,Docklands Library,511,36.5,97.1,-37.8195002,144.9418888,ENV,REAL_511,Real sensor series - Docklands Library - board 511,42,real_sensor_board_511,16.44555609490154,1,weak_multivariate_excursion
2015-03-01 08:05:00+00:00,18.4,Docklands Library,511,45.9,93.1,-37.8195002,144.9418888,ENV,REAL_511,Real sensor series - Docklands Library - board 511,42,real_sensor_board_511,16.456444875921232,1,weak_multivariate_excursion
2015-03-01 10:25:00+00:00,17.4,Docklands Library,511,49.2,12.4,-37.8195002,144.9418888,ENV,REAL_511,Real sensor series - Docklands Library - board 511,42,real_sensor_board_511,16.465155900736985,1,weak_multivariate_excursion
2015-03-01 11:00:00+00:00,17.1,Docklands Library,511,49.7,12.3,-37.8195002,144.9418888,ENV,REAL_511,Real sensor series - Docklands Library - board 511,42,real_sensor_board_511,16.472124720589587,1,weak_multivariate_excursion
2015-03-01 11:50:00+00:00,16.8,Docklands Library,511,49.9,12.4,-37.8195002,144.9418888,ENV,REAL_511,Real sensor series - Docklands Library - board 511,42,real_sensor_board_511,16.47769977647167,0,normal
2015-03-01 12:00:00+00:00,16.8,Docklands Library,511,48.8,12.3,-37.8195002,144.9418888,ENV,REAL_511,Real sensor series - Docklands Library - board 511,42,real_sensor_board_511,16.482159821177337,0,normal
2015-03-01 12:40:00+00:00,16.5,Docklands Library,511,49.4,12.3,-37.8195002,144.9418888,ENV,REAL_511,Real sensor series - Docklands Library - board 511,42,real_sensor_board_511,16.48572785694187,0,normal
2015-03-01 12:50:00+00:00,16.5,Docklands Library,511,49.2,12.3,-37.8195002,144.9418888,ENV,REAL_511,Real sensor series - Docklands Library - board 511,42,real_sensor_board_511,16.4885822855535,0,normal
2015-03-01 13:00:00+00:00,16.1,Docklands Library,511,49.4,12.2,-37.8195002,144.9418888,ENV,REAL_511,Real sensor series - Docklands Library - board 511,42,real_sensor_board_511,16.4908658284428,0,normal
2015-03-01 13:10:00+00:00,16.1,Docklands Library,511,49.4,12.2,-37.8195002,144.9418888,ENV,REAL_511,Real sensor series - Docklands Library - board 511,42,real_sensor_board_511,16.41269266275424,0,normal
2015-03-01 13:30:00+00:00,16.1,Docklands Library,511,49.1,12.3,-37.8195002,144.9418888,ENV,REAL_511,Real sensor series - Docklands Library - board 511,42,real_sensor_board_511,16.350154130203393,0,normal
2015-03-01 13:50:00+00:00,16.1,Docklands Library,511,48.0,12.3,-37.8195002,144.9418888,ENV,REAL_511,Real sensor series - Docklands Library - board 511,42,real_sensor_board_511,16.300123304162717,0,normal
2015-03-01 14:00:00+00:00,16.5,Docklands Library,511,47.7,12.3,-37.8195002,144.9418888,ENV,REAL_511,Real sensor series - Docklands Library - board 511,42,real_sensor_board_511,16.260098643330174,0,normal
2015-03-01 14:15:00+00:00,16.1,Docklands Library,511,48.0,12.3,-37.8195002,144.9418888,ENV,REAL_511,Real sensor series - Docklands Library - board 511,42,real_sensor_board_511,16.228078914664138,0,normal
2015-03-01 14:35:00+00:00,16.1,Docklands Library,511,48.3,12.3,-37.8195002,144.9418888,ENV,REAL_511,Real sensor series - Docklands Library - board 511,42,real_sensor_board_511,16.202463131731314,0,normal
2015-03-01 14:55:00+00:00,16.1,Docklands Library,511,47.8,12.6,-37.8195002,144.9418888,ENV,REAL_511,Real sensor series - Docklands Library - board 511,42,real_sensor_board_511,16.181970505385053,0,normal
2015-03-01 15:45:00+00:00,14.2,Docklands Library,511,50.5,12.7,-37.8195002,144.9418888,ENV,REAL_511,Real sensor series - Docklands Library - board 511,42,real_sensor_board_511,15.785576404308042,0,normal
2015-03-01 15:55:00+00:00,14.2,Docklands Library,511,51.0,12.5,-37.8195002,144.9418888,ENV,REAL_511,Real sensor series - Docklands Library - board 511,42,real_sensor_board_511,15.468461123446435,0,normal
2015-03-01 16:05:00+00:00,13.9,Docklands Library,511,51.3,12.5,-37.8195002,144.9418888,ENV,REAL_511,Real sensor series - Docklands Library - board 511,42,real_sensor_board_511,15.154768898757148,0,normal
2015-03-01 16:25:00+00:00,13.5,Docklands Library,511,51.6,12.5,-37.8195002,144.9418888,ENV,REAL_511,Real sensor series - Docklands Library - board 511,42,real_sensor_board_511,14.90381511900572,0,normal
2015-03-01 16:35:00+00:00,13.5,Docklands Library,511,52.9,12.4,-37.8195002,144.9418888,ENV,REAL_511,Real sensor series - Docklands Library - board 511,42,real_sensor_board_511,14.703052095204576,0,normal
2015-03-01 16:45:00+00:00,13.2,Docklands Library,511,52.2,12.4,-37.8195002,144.9418888,ENV,REAL_511,Real sensor series - Docklands Library - board 511,42,real_sensor_board_511,14.542441676163662,0,normal
2015-03-01 17:05:00+00:00,12.9,Docklands Library,511,53.0,12.5,-37.8195002,144.9418888,ENV,REAL_511,Real sensor series - Docklands Library - board 511,42,real_sensor_board_511,14.41395334093093,0,normal
2015-03-01 17:15:00+00:00,12.9,Docklands Library,511,53.2,12.6,-37.8195002,144.9418888,ENV,REAL_511,Real sensor series - Docklands Library - board 511,42,real_sensor_board_511,14.311162672744747,0,normal
2015-03-01 17:30:00+00:00,13.2,Docklands Library,511,53.0,12.6,-37.8195002,144.9418888,ENV,REAL_511,Real sensor series - Docklands Library - board 511,42,real_sensor_board_511,14.2289301381958,0,normal
2015-03-01 17:40:00+00:00,13.2,Docklands Library,511,53.5,12.4,-37.8195002,144.9418888,ENV,REAL_511,Real sensor series - Docklands Library - board 511,42,real_sensor_board_511,14.16314411055664,0,normal
2015-03-01 18:00:00+00:00,12.6,Docklands Library,511,54.0,12.5,-37.8195002,144.9418888,ENV,REAL_511,Real sensor series - Docklands Library - board 511,42,real_sensor_board_511,14.110515288445313,0,normal
2015-03-01 18:10:00+00:00,12.6,Docklands Library,511,53.8,12.5,-37.8195002,144.9418888,ENV,REAL_511,Real sensor series - Docklands Library - board 511,42,real_sensor_board_511,14.068412230756252,0,normal
2015-03-01 18:20:00+00:00,12.3,Docklands Library,511,53.8,12.5,-37.8195002,144.9418888,ENV,REAL_511,Real sensor series - Docklands Library - board 511,42,real_sensor_board_511,14.034729784605002,0,normal
2015-03-01 18:40:00+00:00,11.9,Docklands Library,511,54.0,12.5,-37.8195002,144.9418888,ENV,REAL_511,Real sensor series - Docklands Library - board 511,42,real_sensor_board_511,14.007783827684001,0,normal
2015-03-01 18:50:00+00:00,11.9,Docklands Library,511,55.1,12.5,-37.8195002,144.9418888,ENV,REAL_511,Real sensor series - Docklands Library - board 511,42,real_sensor_board_511,13.9862270621472,0,normal
2015-03-01 19:00:00+00:00,11.9,Docklands Library,511,54.3,12.5,-37.8195002,144.9418888,ENV,REAL_511,Real sensor series - Docklands Library - board 511,42,real_sensor_board_511,13.968981649717762,0,normal
2015-03-01 19:10:00+00:00,11.9,Docklands Library,511,54.4,12.5,-37.8195002,144.9418888,ENV,REAL_511,Real sensor series - Docklands Library - board 511,42,real_sensor_board_511,13.955185319774209,1,weak_multivariate_excursion
2015-03-01 19:50:00+00:00,12.3,Docklands Library,511,54.9,47.7,-37.8195002,144.9418888,ENV,REAL_511,Real sensor series - Docklands Library - board 511,42,real_sensor_board_511,13.944148255819368,1,weak_multivariate_excursion
2015-03-02 02:40:00+00:00,21.6,Docklands Library,511,37.1,97.4,-37.8195002,144.9418888,ENV,REAL_511,Real sensor series - Docklands Library - board 511,42,real_sensor_board_511,15.035318604655494,1,weak_multivariate_excursion
2015-03-02 02:50:00+00:00,21.6,Docklands Library,511,36.6,97.4,-37.8195002,144.9418888,ENV,REAL_511,Real sensor series - Docklands Library - board 511,42,real_sensor_board_511,15.908254883724396,1,weak_multivariate_excursion
2015-03-02 03:10:00+00:00,22.3,Docklands Library,511,36.6,97.9,-37.8195002,144.9418888,ENV,REAL_511,Real sensor series - Docklands Library - board 511,42,real_sensor_board_511,16.60660390697952,1,weak_multivariate_excursion
2015-03-02 08:40:00+00:00,20.0,Docklands Library,511,43.6,76.0,-37.8195002,144.9418888,ENV,REAL_511,Real sensor series - Docklands Library - board 511,42,real_sensor_board_511,17.165283125583617,1,weak_multivariate_excursion
2015-03-02 09:30:00+00:00,20.0,Docklands Library,511,40.9,12.1,-37.8195002,144.9418888,ENV,REAL_511,Real sensor series - Docklands Library - board 511,42,real_sensor_board_511,17.612226500466893,1,weak_multivariate_excursion
2015-03-02 09:40:00+00:00,20.3,Docklands Library,511,39.8,12.1,-37.8195002,144.9418888,ENV,REAL_511,Real sensor series - Docklands Library - board 511,42,real_sensor_board_511,17.969781200373514,1,weak_multivariate_excursion
2015-03-02 09:50:00+00:00,20.3,Docklands Library,511,39.9,12.0,-37.8195002,144.9418888,ENV,REAL_511,Real sensor series - Docklands Library - board 511,42,real_sensor_board_511,18.255824960298813,0,normal
2015-03-02 10:00:00+00:00,20.3,Docklands Library,511,40.9,12.0,-37.8195002,144.9418888,ENV,REAL_511,Real sensor series - Docklands Library - board 511,42,real_sensor_board_511,18.48465996823905,0,normal
2015-03-02 10:15:00+00:00,20.3,Docklands Library,511,42.0,12.1,-37.8195002,144.9418888,ENV,REAL_511,Real sensor series - Docklands Library - board 511,42,real_sensor_board_511,18.66772797459124,0,normal
2015-03-02 10:25:00+00:00,20.0,Docklands Library,511,42.1,12.1,-37.8195002,144.9418888,ENV,REAL_511,Real sensor series - Docklands Library - board 511,42,real_sensor_board_511,18.814182379672992,0,normal
2015-03-02 10:35:00+00:00,20.0,Docklands Library,511,42.1,12.1,-37.8195002,144.9418888,ENV,REAL_511,Real sensor series - Docklands Library - board 511,42,real_sensor_board_511,18.931345903738393,0,normal
2015-03-02 10:45:00+00:00,20.0,Docklands Library,511,42.1,12.1,-37.8195002,144.9418888,ENV,REAL_511,Real sensor series - Docklands Library - board 511,42,real_sensor_board_511,19.025076722990715,0,normal
2015-03-02 11:05:00+00:00,19.7,Docklands Library,511,43.1,12.2,-37.8195002,144.9418888,ENV,REAL_511,Real sensor series - Docklands Library - board 511,42,real_sensor_board_511,19.10006137839257,0,normal
2015-03-02 11:15:00+00:00,19.7,Docklands Library,511,42.9,12.2,-37.8195002,144.9418888,ENV,REAL_511,Real sensor series - Docklands Library - board 511,42,real_sensor_board_511,19.16004910271406,0,normal
2015-03-02 11:25:00+00:00,19.7,Docklands Library,511,43.3,12.2,-37.8195002,144.9418888,ENV,REAL_511,Real sensor series - Docklands Library - board 511,42,real_sensor_board_511,19.208039282171246,0,normal
2015-03-02 11:35:00+00:00,19.4,Docklands Library,511,43.7,12.3,-37.8195002,144.9418888,ENV,REAL_511,Real sensor series - Docklands Library - board 511,42,real_sensor_board_511,19.246431425736997,0,normal
2015-03-02 11:45:00+00:00,19.4,Docklands Library,511,44.4,12.3,-37.8195002,144.9418888,ENV,REAL_511,Real sensor series - Docklands Library - board 511,42,real_sensor_board_511,19.2771451405896,0,normal
2015-03-02 11:55:00+00:00,19.0,Docklands Library,511,44.5,12.3,-37.8195002,144.9418888,ENV,REAL_511,Real sensor series - Docklands Library - board 511,42,real_sensor_board_511,19.22171611247168,0,normal
2015-03-02 12:05:00+00:00,19.0,Docklands Library,511,43.9,12.3,-37.8195002,144.9418888,ENV,REAL_511,Real sensor series - Docklands Library - board 511,42,real_sensor_board_511,19.177372889977345,0,normal
2015-03-02 12:25:00+00:00,19.0,Docklands Library,511,43.3,12.4,-37.8195002,144.9418888,ENV,REAL_511,Real sensor series - Docklands Library - board 511,42,real_sensor_board_511,19.141898311981876,0,normal
2015-03-02 12:35:00+00:00,18.7,Docklands Library,511,44.0,12.3,-37.8195002,144.9418888,ENV,REAL_511,Real sensor series - Docklands Library - board 511,42,real_sensor_board_511,19.1135186495855,0,normal
2015-03-02 12:45:00+00:00,19.0,Docklands Library,511,45.3,12.3,-37.8195002,144.9418888,ENV,REAL_511,Real sensor series - Docklands Library - board 511,42,real_sensor_board_511,19.0308149196684,0,normal
2015-03-02 12:55:00+00:00,18.7,Docklands Library,511,44.5,12.3,-37.8195002,144.9418888,ENV,REAL_511,Real sensor series - Docklands Library - board 511,42,real_sensor_board_511,18.96465193573472,0,normal
2015-03-02 13:05:00+00:00,18.7,Docklands Library,511,44.4,12.3,-37.8195002,144.9418888,ENV,REAL_511,Real sensor series - Docklands Library - board 511,42,real_sensor_board_511,18.911721548587778,0,normal
2015-03-02 13:15:00+00:00,18.7,Docklands Library,511,45.0,12.3,-37.8195002,144.9418888,ENV,REAL_511,Real sensor series - Docklands Library - board 511,42,real_sensor_board_511,18.86937723887022,0,normal
2015-03-02 13:30:00+00:00,18.7,Docklands Library,511,45.5,12.3,-37.8195002,144.9418888,ENV,REAL_511,Real sensor series - Docklands Library - board 511,42,real_sensor_board_511,18.835501791096178,0,normal
2015-03-02 13:40:00+00:00,18.7,Docklands Library,511,44.2,12.3,-37.8195002,144.9418888,ENV,REAL_511,Real sensor series - Docklands Library - board 511,42,real_sensor_board_511,18.80840143287694,0,normal
2015-03-02 13:50:00+00:00,18.7,Docklands Library,511,44.2,12.3,-37.8195002,144.9418888,ENV,REAL_511,Real sensor series - Docklands Library - board 511,42,real_sensor_board_511,18.786721146301552,0,normal
2015-03-02 14:00:00+00:00,18.7,Docklands Library,511,43.7,12.3,-37.8195002,144.9418888,ENV,REAL_511,Real sensor series - Docklands Library - board 511,42,real_sensor_board_511,18.769376917041242,0,normal
2015-03-02 14:10:00+00:00,18.7,Docklands Library,511,44.7,12.3,-37.8195002,144.9418888,ENV,REAL_511,Real sensor series - Docklands Library - board 511,42,real_sensor_board_511,18.755501533632994,0,normal
2015-03-02 14:20:00+00:00,18.7,Docklands Library,511,43.7,12.3,-37.8195002,144.9418888,ENV,REAL_511,Real sensor series - Docklands Library - board 511,42,real_sensor_board_511,18.744401226906398,0,normal
2015-03-02 14:30:00+00:00,18.7,Docklands Library,511,44.0,12.3,-37.8195002,144.9418888,ENV,REAL_511,Real sensor series - Docklands Library - board 511,42,real_sensor_board_511,18.73552098152512,0,normal
2015-03-02 14:40:00+00:00,18.7,Docklands Library,511,43.7,12.3,-37.8195002,144.9418888,ENV,REAL_511,Real sensor series - Docklands Library - board 511,42,real_sensor_board_511,18.728416785220098,0,normal
2015-03-02 14:50:00+00:00,18.7,Docklands Library,511,43.7,12.3,-37.8195002,144.9418888,ENV,REAL_511,Real sensor series - Docklands Library - board 511,42,real_sensor_board_511,18.722733428176078,0,normal
2015-03-02 15:00:00+00:00,18.7,Docklands Library,511,45.1,12.2,-37.8195002,144.9418888,ENV,REAL_511,Real sensor series - Docklands Library - board 511,42,real_sensor_board_511,18.718186742540865,0,normal
2015-03-02 15:10:00+00:00,18.7,Docklands Library,511,47.3,12.3,-37.8195002,144.9418888,ENV,REAL_511,Real sensor series - Docklands Library - board 511,42,real_sensor_board_511,18.714549394032694,0,normal
2015-03-02 15:20:00+00:00,18.7,Docklands Library,511,48.6,12.3,-37.8195002,144.9418888,ENV,REAL_511,Real sensor series - Docklands Library - board 511,42,real_sensor_board_511,18.711639515226157,0,normal
2015-03-02 15:40:00+00:00,18.7,Docklands Library,511,46.6,12.2,-37.8195002,144.9418888,ENV,REAL_511,Real sensor series - Docklands Library - board 511,42,real_sensor_board_511,18.709311612180926,0,normal
2015-03-02 16:10:00+00:00,18.7,Docklands Library,511,47.0,12.2,-37.8195002,144.9418888,ENV,REAL_511,Real sensor series - Docklands Library - board 511,42,real_sensor_board_511,18.707449289744744,0,normal
2015-03-02 16:30:00+00:00,18.7,Docklands Library,511,47.8,12.2,-37.8195002,144.9418888,ENV,REAL_511,Real sensor series - Docklands Library - board 511,42,real_sensor_board_511,18.705959431795797,0,normal
2015-03-02 16:45:00+00:00,18.7,Docklands Library,511,47.7,12.3,-37.8195002,144.9418888,ENV,REAL_511,Real sensor series - Docklands Library - board 511,42,real_sensor_board_511,18.70476754543664,0,normal
2015-03-02 16:55:00+00:00,18.7,Docklands Library,511,48.9,12.3,-37.8195002,144.9418888,ENV,REAL_511,Real sensor series - Docklands Library - board 511,42,real_sensor_board_511,18.703814036349314,0,normal
2015-03-02 17:15:00+00:00,18.4,Docklands Library,511,48.0,12.4,-37.8195002,144.9418888,ENV,REAL_511,Real sensor series - Docklands Library - board 511,42,real_sensor_board_511,18.703051229079453,0,normal
2015-03-02 17:25:00+00:00,18.4,Docklands Library,511,48.3,12.3,-37.8195002,144.9418888,ENV,REAL_511,Real sensor series - Docklands Library - board 511,42,real_sensor_board_511,18.702440983263564,0,normal
2015-03-02 17:35:00+00:00,18.4,Docklands Library,511,46.4,12.3,-37.8195002,144.9418888,ENV,REAL_511,Real sensor series - Docklands Library - board 511,42,real_sensor_board_511,18.701952786610853,0,normal
2015-03-02 17:45:00+00:00,18.4,Docklands Library,511,46.7,12.3,-37.8195002,144.9418888,ENV,REAL_511,Real sensor series - Docklands Library - board 511,42,real_sensor_board_511,18.64156222928868,0,normal
2015-03-02 17:55:00+00:00,18.4,Docklands Library,511,47.8,12.3,-37.8195002,144.9418888,ENV,REAL_511,Real sensor series - Docklands Library - board 511,42,real_sensor_board_511,18.593249783430945,0,normal
2015-03-02 18:05:00+00:00,18.1,Docklands Library,511,48.6,12.2,-37.8195002,144.9418888,ENV,REAL_511,Real sensor series - Docklands Library - board 511,42,real_sensor_board_511,18.554599826744756,0,normal
2015-03-02 18:25:00+00:00,18.1,Docklands Library,511,49.4,12.2,-37.8195002,144.9418888,ENV,REAL_511,Real sensor series - Docklands Library - board 511,42,real_sensor_board_511,18.523679861395806,0,normal
2015-03-02 18:35:00+00:00,18.1,Docklands Library,511,49.6,12.2,-37.8195002,144.9418888,ENV,REAL_511,Real sensor series - Docklands Library - board 511,42,real_sensor_board_511,18.498943889116646,0,normal
2015-03-02 18:45:00+00:00,18.1,Docklands Library,511,48.3,12.3,-37.8195002,144.9418888,ENV,REAL_511,Real sensor series - Docklands Library - board 511,42,real_sensor_board_511,18.479155111293316,0,normal
2015-03-02 18:55:00+00:00,18.1,Docklands Library,511,47.7,12.3,-37.8195002,144.9418888,ENV,REAL_511,Real sensor series - Docklands Library - board 511,42,real_sensor_board_511,18.403324089034655,0,normal
2015-03-02 19:15:00+00:00,18.1,Docklands Library,511,47.5,12.2,-37.8195002,144.9418888,ENV,REAL_511,Real sensor series - Docklands Library - board 511,42,real_sensor_board_511,18.342659271227724,0,normal
2015-03-02 19:25:00+00:00,18.1,Docklands Library,511,46.9,12.3,-37.8195002,144.9418888,ENV,REAL_511,Real sensor series - Docklands Library - board 511,42,real_sensor_board_511,18.29412741698218,0,normal
2015-03-02 19:45:00+00:00,17.7,Docklands Library,511,47.3,20.3,-37.8195002,144.9418888,ENV,REAL_511,Real sensor series - Docklands Library - board 511,42,real_sensor_board_511,18.255301933585745,1,weak_multivariate_excursion
2015-03-02 20:00:00+00:00,17.7,Docklands Library,511,48.0,45.5,-37.8195002,144.9418888,ENV,REAL_511,Real sensor series - Docklands Library - board 511,42,real_sensor_board_511,18.224241546868598,1,weak_multivariate_excursion
2015-03-02 20:20:00+00:00,18.1,Docklands Library,511,47.2,74.4,-37.8195002,144.9418888,ENV,REAL_511,Real sensor series - Docklands Library - board 511,42,real_sensor_board_511,18.199393237494878,1,weak_multivariate_excursion
2015-03-02 23:10:00+00:00,20.3,Docklands Library,511,48.0,96.5,-37.8195002,144.9418888,ENV,REAL_511,Real sensor series - Docklands Library - board 511,42,real_sensor_board_511,18.179514589995904,1,weak_multivariate_excursion
2015-03-03 00:35:00+00:00,26.5,Docklands Library,511,40.1,98.2,-37.8195002,144.9418888,ENV,REAL_511,Real sensor series - Docklands Library - board 511,42,real_sensor_board_511,18.163611671996723,1,weak_multivariate_excursion
2015-03-03 09:40:00+00:00,18.7,Docklands Library,511,47.7,12.8,-37.8195002,144.9418888,ENV,REAL_511,Real sensor series - Docklands Library - board 511,42,real_sensor_board_511,18.15088933759738,1,weak_multivariate_excursion
2015-03-03 10:00:00+00:00,18.4,Docklands Library,511,48.8,12.3,-37.8195002,144.9418888,ENV,REAL_511,Real sensor series - Docklands Library - board 511,42,real_sensor_board_511,18.140711470077907,1,weak_multivariate_excursion
2015-03-03 10:20:00+00:00,18.1,Docklands Library,511,49.6,12.2,-37.8195002,144.9418888,ENV,REAL_511,Real sensor series - Docklands Library - board 511,42,real_sensor_board_511,18.132569176062326,0,normal
2015-03-03 10:50:00+00:00,18.1,Docklands Library,511,46.9,12.3,-37.8195002,144.9418888,ENV,REAL_511,Real sensor series - Docklands Library - board 511,42,real_sensor_board_511,18.04605534084986,0,normal
2015-03-03 11:00:00+00:00,18.1,Docklands Library,511,47.2,12.4,-37.8195002,144.9418888,ENV,REAL_511,Real sensor series - Docklands Library - board 511,42,real_sensor_board_511,17.97684427267989,0,normal
2015-03-03 11:10:00+00:00,17.7,Docklands Library,511,47.7,12.4,-37.8195002,144.9418888,ENV,REAL_511,Real sensor series - Docklands Library - board 511,42,real_sensor_board_511,17.921475418143913,0,normal
2015-03-03 11:20:00+00:00,17.7,Docklands Library,511,49.1,10.7,-37.8195002,144.9418888,ENV,REAL_511,Real sensor series - Docklands Library - board 511,42,real_sensor_board_511,17.87718033451513,0,normal
2015-03-03 11:50:00+00:00,17.4,Docklands Library,511,51.3,11.0,-37.8195002,144.9418888,ENV,REAL_511,Real sensor series - Docklands Library - board 511,42,real_sensor_board_511,17.781744267612105,0,normal
2015-03-03 12:10:00+00:00,17.4,Docklands Library,511,51.9,10.7,-37.8195002,144.9418888,ENV,REAL_511,Real sensor series - Docklands Library - board 511,42,real_sensor_board_511,17.705395414089683,0,normal
2015-03-03 12:20:00+00:00,17.4,Docklands Library,511,52.4,10.9,-37.8195002,144.9418888,ENV,REAL_511,Real sensor series - Docklands Library - board 511,42,real_sensor_board_511,17.644316331271746,0,normal
2015-03-03 12:40:00+00:00,17.4,Docklands Library,511,52.1,10.5,-37.8195002,144.9418888,ENV,REAL_511,Real sensor series - Docklands Library - board 511,42,real_sensor_board_511,17.5954530650174,0,normal
2015-03-03 13:05:00+00:00,17.1,Docklands Library,511,52.4,10.9,-37.8195002,144.9418888,ENV,REAL_511,Real sensor series - Docklands Library - board 511,42,real_sensor_board_511,17.556362452013918,0,normal
2015-03-03 13:45:00+00:00,17.4,Docklands Library,511,51.0,10.9,-37.8195002,144.9418888,ENV,REAL_511,Real sensor series - Docklands Library - board 511,42,real_sensor_board_511,17.525089961611133,0,normal
2015-03-03 13:55:00+00:00,17.4,Docklands Library,511,51.1,10.9,-37.8195002,144.9418888,ENV,REAL_511,Real sensor series - Docklands Library - board 511,42,real_sensor_board_511,17.500071969288907,0,normal
2015-03-03 14:15:00+00:00,17.1,Docklands Library,511,50.5,10.5,-37.8195002,144.9418888,ENV,REAL_511,Real sensor series - Docklands Library - board 511,42,real_sensor_board_511,17.480057575431125,0,normal
2015-03-03 14:25:00+00:00,17.1,Docklands Library,511,51.1,10.9,-37.8195002,144.9418888,ENV,REAL_511,Real sensor series - Docklands Library - board 511,42,real_sensor_board_511,17.404046060344903,0,normal
2015-03-03 14:35:00+00:00,17.1,Docklands Library,511,51.3,11.0,-37.8195002,144.9418888,ENV,REAL_511,Real sensor series - Docklands Library - board 511,42,real_sensor_board_511,17.343236848275925,0,normal
2015-03-03 14:45:00+00:00,17.4,Docklands Library,511,52.1,11.0,-37.8195002,144.9418888,ENV,REAL_511,Real sensor series - Docklands Library - board 511,42,real_sensor_board_511,17.294589478620743,0,normal
2015-03-03 14:55:00+00:00,17.4,Docklands Library,511,52.1,10.6,-37.8195002,144.9418888,ENV,REAL_511,Real sensor series - Docklands Library - board 511,42,real_sensor_board_511,17.255671582896596,0,normal
2015-03-03 15:15:00+00:00,17.1,Docklands Library,511,52.9,10.9,-37.8195002,144.9418888,ENV,REAL_511,Real sensor series - Docklands Library - board 511,42,real_sensor_board_511,17.224537266317277,0,normal
2015-03-03 15:35:00+00:00,16.8,Docklands Library,511,54.3,11.1,-37.8195002,144.9418888,ENV,REAL_511,Real sensor series - Docklands Library - board 511,42,real_sensor_board_511,17.139629813053823,0,normal
2015-03-03 15:45:00+00:00,16.5,Docklands Library,511,54.0,11.3,-37.8195002,144.9418888,ENV,REAL_511,Real sensor series - Docklands Library - board 511,42,real_sensor_board_511,17.071703850443058,0,normal
2015-03-03 16:05:00+00:00,16.5,Docklands Library,511,54.1,11.4,-37.8195002,144.9418888,ENV,REAL_511,Real sensor series - Docklands Library - board 511,42,real_sensor_board_511,17.017363080354446,0,normal
2015-03-03 16:20:00+00:00,16.5,Docklands Library,511,53.8,11.3,-37.8195002,144.9418888,ENV,REAL_511,Real sensor series - Docklands Library - board 511,42,real_sensor_board_511,16.973890464283556,0,normal
2015-03-03 16:30:00+00:00,16.8,Docklands Library,511,54.1,11.3,-37.8195002,144.9418888,ENV,REAL_511,Real sensor series - Docklands Library - board 511,42,real_sensor_board_511,16.939112371426845,0,normal
2015-03-03 16:40:00+00:00,16.5,Docklands Library,511,53.7,11.3,-37.8195002,144.9418888,ENV,REAL_511,Real sensor series - Docklands Library - board 511,42,real_sensor_board_511,16.911289897141476,0,normal
2015-03-03 17:00:00+00:00,16.1,Docklands Library,511,52.9,11.8,-37.8195002,144.9418888,ENV,REAL_511,Real sensor series - Docklands Library - board 511,42,real_sensor_board_511,16.889031917713183,0,normal
2015-03-03 17:10:00+00:00,16.1,Docklands Library,511,51.8,11.7,-37.8195002,144.9418888,ENV,REAL_511,Real sensor series - Docklands Library - board 511,42,real_sensor_board_511,16.87122553417055,0,normal
2015-03-03 17:40:00+00:00,16.1,Docklands Library,511,51.4,11.9,-37.8195002,144.9418888,ENV,REAL_511,Real sensor series - Docklands Library - board 511,42,real_sensor_board_511,16.85698042733644,0,normal
2015-03-03 17:50:00+00:00,15.8,Docklands Library,511,51.6,11.9,-37.8195002,144.9418888,ENV,REAL_511,Real sensor series - Docklands Library - board 511,42,real_sensor_board_511,16.845584341869152,0,normal
2015-03-03 18:10:00+00:00,15.8,Docklands Library,511,53.2,11.7,-37.8195002,144.9418888,ENV,REAL_511,Real sensor series - Docklands Library - board 511,42,real_sensor_board_511,16.836467473495322,0,normal
2015-03-03 18:30:00+00:00,15.5,Docklands Library,511,52.1,11.7,-37.8195002,144.9418888,ENV,REAL_511,Real sensor series - Docklands Library - board 511,42,real_sensor_board_511,16.82917397879626,0,normal
2015-03-03 18:40:00+00:00,15.2,Docklands Library,511,50.8,11.8,-37.8195002,144.9418888,ENV,REAL_511,Real sensor series - Docklands Library - board 511,42,real_sensor_board_511,16.823339183037007,0,normal
2015-03-03 19:10:00+00:00,15.5,Docklands Library,511,49.7,12.0,-37.8195002,144.9418888,ENV,REAL_511,Real sensor series - Docklands Library - board 511,42,real_sensor_board_511,16.818671346429607,0,normal
2015-03-03 19:20:00+00:00,15.5,Docklands Library,511,50.7,11.9,-37.8195002,144.9418888,ENV,REAL_511,Real sensor series - Docklands Library - board 511,42,real_sensor_board_511,16.814937077143686,0,normal
2015-03-03 19:45:00+00:00,15.5,Docklands Library,511,51.8,16.1,-37.8195002,144.9418888,ENV,REAL_511,Real sensor series - Docklands Library - board 511,42,real_sensor_board_511,16.811949661714948,1,weak_multivariate_excursion
2015-03-03 20:35:00+00:00,15.5,Docklands Library,511,52.2,88.5,-37.8195002,144.9418888,ENV,REAL_511,Real sensor series - Docklands Library - board 511,42,real_sensor_board_511,16.80955972937196,1,weak_multivariate_excursion
2015-03-04 09:15:00+00:00,21.6,Docklands Library,511,35.2,37.1,-37.8195002,144.9418888,ENV,REAL_511,Real sensor series - Docklands Library - board 511,42,real_sensor_board_511,17.247647783497566,1,weak_multivariate_excursion
2015-03-04 09:25:00+00:00,21.6,Docklands Library,511,36.2,16.9,-37.8195002,144.9418888,ENV,REAL_511,Real sensor series - Docklands Library - board 511,42,real_sensor_board_511,17.598118226798054,1,weak_multivariate_excursion
2015-03-04 09:45:00+00:00,21.3,Docklands Library,511,35.5,12.3,-37.8195002,144.9418888,ENV,REAL_511,Real sensor series - Docklands Library - board 511,42,real_sensor_board_511,17.878494581438442,1,weak_multivariate_excursion
2015-03-04 10:25:00+00:00,21.0,Docklands Library,511,37.1,12.4,-37.8195002,144.9418888,ENV,REAL_511,Real sensor series - Docklands Library - board 511,42,real_sensor_board_511,18.102795665150754,0,normal
2015-03-04 10:35:00+00:00,20.6,Docklands Library,511,37.1,12.5,-37.8195002,144.9418888,ENV,REAL_511,Real sensor series - Docklands Library - board 511,42,real_sensor_board_511,18.282236532120603,0,normal
2015-03-04 10:45:00+00:00,20.6,Docklands Library,511,37.7,12.3,-37.8195002,144.9418888,ENV,REAL_511,Real sensor series - Docklands Library - board 511,42,real_sensor_board_511,18.425789225696484,0,normal
2015-03-04 10:55:00+00:00,20.6,Docklands Library,511,38.4,12.3,-37.8195002,144.9418888,ENV,REAL_511,Real sensor series - Docklands Library - board 511,42,real_sensor_board_511,18.540631380557187,0,normal
2015-03-04 11:05:00+00:00,20.3,Docklands Library,511,38.0,12.4,-37.8195002,144.9418888,ENV,REAL_511,Real sensor series - Docklands Library - board 511,42,real_sensor_board_511,18.63250510444575,0,normal
2015-03-04 11:15:00+00:00,20.0,Docklands Library,511,39.3,12.4,-37.8195002,144.9418888,ENV,REAL_511,Real sensor series - Docklands Library - board 511,42,real_sensor_board_511,18.706004083556603,0,normal
2015-03-04 11:25:00+00:00,20.0,Docklands Library,511,39.5,11.2,-37.8195002,144.9418888,ENV,REAL_511,Real sensor series - Docklands Library - board 511,42,real_sensor_board_511,18.764803266845284,0,normal
2015-03-04 11:35:00+00:00,19.7,Docklands Library,511,40.4,11.5,-37.8195002,144.9418888,ENV,REAL_511,Real sensor series - Docklands Library - board 511,42,real_sensor_board_511,18.811842613476227,0,normal
2015-03-04 11:45:00+00:00,19.4,Docklands Library,511,40.6,11.9,-37.8195002,144.9418888,ENV,REAL_511,Real sensor series - Docklands Library - board 511,42,real_sensor_board_511,18.849474090780983,0,normal
2015-03-04 11:55:00+00:00,19.4,Docklands Library,511,42.5,12.0,-37.8195002,144.9418888,ENV,REAL_511,Real sensor series - Docklands Library - board 511,42,real_sensor_board_511,18.879579272624788,0,normal
2015-03-04 12:15:00+00:00,19.4,Docklands Library,511,41.4,11.5,-37.8195002,144.9418888,ENV,REAL_511,Real sensor series - Docklands Library - board 511,42,real_sensor_board_511,18.903663418099832,0,normal
2015-03-04 12:40:00+00:00,19.0,Docklands Library,511,41.7,12.0,-37.8195002,144.9418888,ENV,REAL_511,Real sensor series - Docklands Library - board 511,42,real_sensor_board_511,18.922930734479866,0,normal
2015-03-04 12:50:00+00:00,19.0,Docklands Library,511,40.9,11.2,-37.8195002,144.9418888,ENV,REAL_511,Real sensor series - Docklands Library - board 511,42,real_sensor_board_511,18.938344587583895,0,normal
2015-03-04 13:00:00+00:00,19.0,Docklands Library,511,40.1,11.6,-37.8195002,144.9418888,ENV,REAL_511,Real sensor series - Docklands Library - board 511,42,real_sensor_board_511,18.950675670067117,0,normal
2015-03-04 13:10:00+00:00,19.4,Docklands Library,511,40.1,11.9,-37.8195002,144.9418888,ENV,REAL_511,Real sensor series - Docklands Library - board 511,42,real_sensor_board_511,18.960540536053696,0,normal
2015-03-04 13:20:00+00:00,19.0,Docklands Library,511,40.1,11.9,-37.8195002,144.9418888,ENV,REAL_511,Real sensor series - Docklands Library - board 511,42,real_sensor_board_511,18.968432428842956,0,normal
2015-03-04 13:30:00+00:00,18.7,Docklands Library,511,40.3,11.5,-37.8195002,144.9418888,ENV,REAL_511,Real sensor series - Docklands Library - board 511,42,real_sensor_board_511,18.914745943074365,0,normal
2015-03-04 13:40:00+00:00,18.4,Docklands Library,511,40.9,11.6,-37.8195002,144.9418888,ENV,REAL_511,Real sensor series - Docklands Library - board 511,42,real_sensor_board_511,18.811796754459493,0,normal
2015-03-04 13:50:00+00:00,18.4,Docklands Library,511,41.5,12.0,-37.8195002,144.9418888,ENV,REAL_511,Real sensor series - Docklands Library - board 511,42,real_sensor_board_511,18.729437403567594,0,normal
2015-03-04 14:00:00+00:00,18.4,Docklands Library,511,42.8,12.0,-37.8195002,144.9418888,ENV,REAL_511,Real sensor series - Docklands Library - board 511,42,real_sensor_board_511,18.663549922854074,0,normal
2015-03-04 14:20:00+00:00,18.4,Docklands Library,511,42.5,11.8,-37.8195002,144.9418888,ENV,REAL_511,Real sensor series - Docklands Library - board 511,42,real_sensor_board_511,18.61083993828326,0,normal
2015-03-04 14:30:00+00:00,18.4,Docklands Library,511,41.5,12.0,-37.8195002,144.9418888,ENV,REAL_511,Real sensor series - Docklands Library - board 511,42,real_sensor_board_511,18.56867195062661,0,normal
2015-03-04 14:50:00+00:00,18.1,Docklands Library,511,45.1,11.4,-37.8195002,144.9418888,ENV,REAL_511,Real sensor series - Docklands Library - board 511,42,real_sensor_board_511,18.47493756050129,0,normal
2015-03-04 15:00:00+00:00,16.5,Docklands Library,511,56.5,11.5,-37.8195002,144.9418888,ENV,REAL_511,Real sensor series - Docklands Library - board 511,42,real_sensor_board_511,18.139950048401033,0,normal
2015-03-04 15:10:00+00:00,16.8,Docklands Library,511,53.0,11.5,-37.8195002,144.9418888,ENV,REAL_511,Real sensor series - Docklands Library - board 511,42,real_sensor_board_511,17.811960038720827,0,normal
2015-03-04 15:20:00+00:00,15.8,Docklands Library,511,56.0,11.7,-37.8195002,144.9418888,ENV,REAL_511,Real sensor series - Docklands Library - board 511,42,real_sensor_board_511,17.40956803097666,0,normal
2015-03-04 15:45:00+00:00,14.2,Docklands Library,511,65.0,10.7,-37.8195002,144.9418888,ENV,REAL_511,Real sensor series - Docklands Library - board 511,42,real_sensor_board_511,16.96765442478133,0,normal
2015-03-04 15:55:00+00:00,14.5,Docklands Library,511,63.9,10.8,-37.8195002,144.9418888,ENV,REAL_511,Real sensor series - Docklands Library - board 511,42,real_sensor_board_511,16.534123539825064,0,normal
2015-03-04 16:15:00+00:00,15.2,Docklands Library,511,57.9,11.4,-37.8195002,144.9418888,ENV,REAL_511,Real sensor series - Docklands Library - board 511,42,real_sensor_board_511,16.127298831860053,0,normal
2015-03-04 16:25:00+00:00,14.8,Docklands Library,511,53.0,12.1,-37.8195002,144.9418888,ENV,REAL_511,Real sensor series - Docklands Library - board 511,42,real_sensor_board_511,15.801839065488043,0,normal
2015-03-04 16:55:00+00:00,14.5,Docklands Library,511,49.4,12.8,-37.8195002,144.9418888,ENV,REAL_511,Real sensor series - Docklands Library - board 511,42,real_sensor_board_511,15.541471252390435,0,normal
2015-03-04 17:05:00+00:00,14.5,Docklands Library,511,47.3,12.9,-37.8195002,144.9418888,ENV,REAL_511,Real sensor series - Docklands Library - board 511,42,real_sensor_board_511,15.333177001912349,0,normal
2015-03-04 17:25:00+00:00,13.5,Docklands Library,511,44.2,13.6,-37.8195002,144.9418888,ENV,REAL_511,Real sensor series - Docklands Library - board 511,42,real_sensor_board_511,15.16654160152988,0,normal
2015-03-04 17:55:00+00:00,12.9,Docklands Library,511,44.5,12.7,-37.8195002,144.9418888,ENV,REAL_511,Real sensor series - Docklands Library - board 511,42,real_sensor_board_511,15.033233281223906,0,normal
2015-03-04 18:05:00+00:00,12.9,Docklands Library,511,44.0,13.0,-37.8195002,144.9418888,ENV,REAL_511,Real sensor series - Docklands Library - board 511,42,real_sensor_board_511,14.926586624979125,0,normal
2015-03-04 18:15:00+00:00,12.6,Docklands Library,511,44.8,12.9,-37.8195002,144.9418888,ENV,REAL_511,Real sensor series - Docklands Library - board 511,42,real_sensor_board_511,14.841269299983301,0,normal
2015-03-04 18:25:00+00:00,12.6,Docklands Library,511,44.4,12.6,-37.8195002,144.9418888,ENV,REAL_511,Real sensor series - Docklands Library - board 511,42,real_sensor_board_511,14.773015439986642,0,normal
2015-03-04 18:45:00+00:00,12.6,Docklands Library,511,43.7,13.0,-37.8195002,144.9418888,ENV,REAL_511,Real sensor series - Docklands Library - board 511,42,real_sensor_board_511,14.718412351989315,0,normal
2015-03-04 19:00:00+00:00,12.6,Docklands Library,511,43.3,12.7,-37.8195002,144.9418888,ENV,REAL_511,Real sensor series - Docklands Library - board 511,42,real_sensor_board_511,14.674729881591453,0,normal
2015-03-04 19:30:00+00:00,12.3,Docklands Library,511,42.5,13.8,-37.8195002,144.9418888,ENV,REAL_511,Real sensor series - Docklands Library - board 511,42,real_sensor_board_511,14.639783905273164,1,weak_multivariate_excursion
2015-03-04 19:50:00+00:00,12.3,Docklands Library,511,41.7,27.5,-37.8195002,144.9418888,ENV,REAL_511,Real sensor series - Docklands Library - board 511,42,real_sensor_board_511,14.611827124218532,1,weak_multivariate_excursion
2015-03-04 20:00:00+00:00,12.3,Docklands Library,511,41.4,58.5,-37.8195002,144.9418888,ENV,REAL_511,Real sensor series - Docklands Library - board 511,42,real_sensor_board_511,14.529461699374826,1,weak_multivariate_excursion
2015-03-04 20:50:00+00:00,12.3,Docklands Library,511,42.3,91.0,-37.8195002,144.9418888,ENV,REAL_511,Real sensor series - Docklands Library - board 511,42,real_sensor_board_511,14.46356935949986,1,weak_multivariate_excursion
2015-03-04 21:20:00+00:00,12.9,Docklands Library,511,43.1,93.0,-37.8195002,144.9418888,ENV,REAL_511,Real sensor series - Docklands Library - board 511,42,real_sensor_board_511,14.410855487599889,1,weak_multivariate_excursion
2015-03-04 23:05:00+00:00,17.4,Docklands Library,511,35.4,97.4,-37.8195002,144.9418888,ENV,REAL_511,Real sensor series - Docklands Library - board 511,42,real_sensor_board_511,14.368684390079911,1,weak_multivariate_excursion
2015-03-05 08:40:00+00:00,16.8,Docklands Library,511,29.7,87.8,-37.8195002,144.9418888,ENV,REAL_511,Real sensor series - Docklands Library - board 511,42,real_sensor_board_511,14.33494751206393,1,weak_multivariate_excursion
2015-03-05 09:10:00+00:00,16.1,Docklands Library,511,36.5,29.3,-37.8195002,144.9418888,ENV,REAL_511,Real sensor series - Docklands Library - board 511,42,real_sensor_board_511,14.247958009651146,1,weak_multivariate_excursion
2015-03-05 09:40:00+00:00,15.8,Docklands Library,511,34.9,13.3,-37.8195002,144.9418888,ENV,REAL_511,Real sensor series - Docklands Library - board 511,42,real_sensor_board_511,14.178366407720919,1,weak_multivariate_excursion
2015-03-05 09:50:00+00:00,15.8,Docklands Library,511,34.3,14.0,-37.8195002,144.9418888,ENV,REAL_511,Real sensor series - Docklands Library - board 511,42,real_sensor_board_511,14.122693126176735,1,weak_multivariate_excursion
2015-03-05 10:40:00+00:00,15.2,Docklands Library,511,37.7,13.3,-37.8195002,144.9418888,ENV,REAL_511,Real sensor series - Docklands Library - board 511,42,real_sensor_board_511,14.138154500941388,0,normal
2015-03-05 11:30:00+00:00,14.8,Docklands Library,511,40.7,12.1,-37.8195002,144.9418888,ENV,REAL_511,Real sensor series - Docklands Library - board 511,42,real_sensor_board_511,14.150523600753111,0,normal
2015-03-05 11:40:00+00:00,14.5,Docklands Library,511,41.4,12.7,-37.8195002,144.9418888,ENV,REAL_511,Real sensor series - Docklands Library - board 511,42,real_sensor_board_511,14.160418880602489,0,normal
2015-03-05 11:55:00+00:00,14.5,Docklands Library,511,41.2,12.9,-37.8195002,144.9418888,ENV,REAL_511,Real sensor series - Docklands Library - board 511,42,real_sensor_board_511,14.168335104481992,0,normal
2015-03-05 12:45:00+00:00,14.5,Docklands Library,511,40.6,12.4,-37.8195002,144.9418888,ENV,REAL_511,Real sensor series - Docklands Library - board 511,42,real_sensor_board_511,14.174668083585594,0,normal
2015-03-05 13:05:00+00:00,14.2,Docklands Library,511,41.7,12.4,-37.8195002,144.9418888,ENV,REAL_511,Real sensor series - Docklands Library - board 511,42,real_sensor_board_511,14.179734466868476,0,normal
2015-03-05 13:25:00+00:00,14.2,Docklands Library,511,42.6,12.0,-37.8195002,144.9418888,ENV,REAL_511,Real sensor series - Docklands Library - board 511,42,real_sensor_board_511,14.243787573494782,0,normal
2015-03-05 13:45:00+00:00,14.2,Docklands Library,511,41.5,12.4,-37.8195002,144.9418888,ENV,REAL_511,Real sensor series - Docklands Library - board 511,42,real_sensor_board_511,14.295030058795826,0,normal
2015-03-05 13:55:00+00:00,14.2,Docklands Library,511,42.3,12.8,-37.8195002,144.9418888,ENV,REAL_511,Real sensor series - Docklands Library - board 511,42,real_sensor_board_511,14.336024047036661,0,normal
2015-03-05 14:05:00+00:00,13.9,Docklands Library,511,44.2,11.5,-37.8195002,144.9418888,ENV,REAL_511,Real sensor series - Docklands Library - board 511,42,real_sensor_board_511,14.36881923762933,0,normal
2015-03-05 14:15:00+00:00,13.9,Docklands Library,511,42.8,12.2,-37.8195002,144.9418888,ENV,REAL_511,Real sensor series - Docklands Library - board 511,42,real_sensor_board_511,14.395055390103465,0,normal
2015-03-05 14:35:00+00:00,13.9,Docklands Library,511,43.6,12.3,-37.8195002,144.9418888,ENV,REAL_511,Real sensor series - Docklands Library - board 511,42,real_sensor_board_511,14.416044312082773,0,normal
2015-03-05 14:45:00+00:00,13.9,Docklands Library,511,44.5,12.1,-37.8195002,144.9418888,ENV,REAL_511,Real sensor series - Docklands Library - board 511,42,real_sensor_board_511,14.43283544966622,0,normal
2015-03-05 15:30:00+00:00,13.9,Docklands Library,511,44.8,12.4,-37.8195002,144.9418888,ENV,REAL_511,Real sensor series - Docklands Library - board 511,42,real_sensor_board_511,14.446268359732978,0,normal
2015-03-05 15:50:00+00:00,14.2,Docklands Library,511,45.0,12.6,-37.8195002,144.9418888,ENV,REAL_511,Real sensor series - Docklands Library - board 511,42,real_sensor_board_511,14.457014687786383,0,normal
2015-03-05 16:00:00+00:00,14.2,Docklands Library,511,46.1,13.1,-37.8195002,144.9418888,ENV,REAL_511,Real sensor series - Docklands Library - board 511,42,real_sensor_board_511,14.465611750229108,0,normal
2015-03-05 16:30:00+00:00,14.5,Docklands Library,511,45.3,12.9,-37.8195002,144.9418888,ENV,REAL_511,Real sensor series - Docklands Library - board 511,42,real_sensor_board_511,14.472489400183287,0,normal
2015-03-05 17:00:00+00:00,14.5,Docklands Library,511,46.2,13.1,-37.8195002,144.9418888,ENV,REAL_511,Real sensor series - Docklands Library - board 511,42,real_sensor_board_511,14.477991520146631,0,normal
2015-03-05 17:10:00+00:00,14.5,Docklands Library,511,46.4,12.9,-37.8195002,144.9418888,ENV,REAL_511,Real sensor series - Docklands Library - board 511,42,real_sensor_board_511,14.482393216117305,0,normal
2015-03-05 17:20:00+00:00,14.5,Docklands Library,511,46.2,13.1,-37.8195002,144.9418888,ENV,REAL_511,Real sensor series - Docklands Library - board 511,42,real_sensor_board_511,14.485914572893845,0,normal
2015-03-05 17:40:00+00:00,14.5,Docklands Library,511,46.7,13.2,-37.8195002,144.9418888,ENV,REAL_511,Real sensor series - Docklands Library - board 511,42,real_sensor_board_511,14.488731658315077,0,normal
2015-03-05 17:50:00+00:00,14.5,Docklands Library,511,47.2,13.1,-37.8195002,144.9418888,ENV,REAL_511,Real sensor series - Docklands Library - board 511,42,real_sensor_board_511,14.490985326652062,0,normal
2015-03-05 18:00:00+00:00,14.5,Docklands Library,511,47.0,13.0,-37.8195002,144.9418888,ENV,REAL_511,Real sensor series - Docklands Library - board 511,42,real_sensor_board_511,14.492788261321651,0,normal
2015-03-05 18:20:00+00:00,14.5,Docklands Library,511,46.2,12.8,-37.8195002,144.9418888,ENV,REAL_511,Real sensor series - Docklands Library - board 511,42,real_sensor_board_511,14.494230609057322,0,normal
2015-03-05 19:05:00+00:00,14.8,Docklands Library,511,47.5,13.2,-37.8195002,144.9418888,ENV,REAL_511,Real sensor series - Docklands Library - board 511,42,real_sensor_board_511,14.55538448724586,0,normal
2015-03-05 19:15:00+00:00,14.8,Docklands Library,511,47.8,13.3,-37.8195002,144.9418888,ENV,REAL_511,Real sensor series - Docklands Library - board 511,42,real_sensor_board_511,14.60430758979669,1,weak_multivariate_excursion
2015-03-05 20:15:00+00:00,15.2,Docklands Library,511,48.5,63.0,-37.8195002,144.9418888,ENV,REAL_511,Real sensor series - Docklands Library - board 511,42,real_sensor_board_511,14.723446071837351,1,weak_multivariate_excursion
2015-03-05 20:35:00+00:00,15.2,Docklands Library,511,49.1,77.6,-37.8195002,144.9418888,ENV,REAL_511,Real sensor series - Docklands Library - board 511,42,real_sensor_board_511,14.818756857469882,1,weak_multivariate_excursion
2015-03-06 05:00:00+00:00,20.0,Docklands Library,511,50.2,96.2,-37.8195002,144.9418888,ENV,REAL_511,Real sensor series - Docklands Library - board 511,42,real_sensor_board_511,14.895005485975908,1,weak_multivariate_excursion
2015-03-06 05:50:00+00:00,19.7,Docklands Library,511,51.0,96.7,-37.8195002,144.9418888,ENV,REAL_511,Real sensor series - Docklands Library - board 511,42,real_sensor_board_511,14.956004388780727,1,weak_multivariate_excursion
2015-03-06 07:40:00+00:00,18.1,Docklands Library,511,53.7,89.9,-37.8195002,144.9418888,ENV,REAL_511,Real sensor series - Docklands Library - board 511,42,real_sensor_board_511,15.064803511024582,1,weak_multivariate_excursion
2015-03-06 08:35:00+00:00,17.7,Docklands Library,511,56.7,71.9,-37.8195002,144.9418888,ENV,REAL_511,Real sensor series - Docklands Library - board 511,42,real_sensor_board_511,15.151842808819666,1,weak_multivariate_excursion
2015-03-06 15:15:00+00:00,15.8,Docklands Library,511,59.2,10.4,-37.8195002,144.9418888,ENV,REAL_511,Real sensor series - Docklands Library - board 511,42,real_sensor_board_511,15.221474247055733,1,weak_multivariate_excursion
2015-03-06 15:25:00+00:00,15.8,Docklands Library,511,58.5,10.6,-37.8195002,144.9418888,ENV,REAL_511,Real sensor series - Docklands Library - board 511,42,real_sensor_board_511,15.337179397644586,1,weak_multivariate_excursion
2015-03-06 17:05:00+00:00,16.1,Docklands Library,511,56.8,10.9,-37.8195002,144.9418888,ENV,REAL_511,Real sensor series - Docklands Library - board 511,42,real_sensor_board_511,15.42974351811567,0,normal
2015-03-06 17:45:00+00:00,15.2,Docklands Library,511,61.7,11.0,-37.8195002,144.9418888,ENV,REAL_511,Real sensor series - Docklands Library - board 511,42,real_sensor_board_511,15.563794814492537,0,normal
2015-03-06 17:55:00+00:00,15.2,Docklands Library,511,60.9,11.0,-37.8195002,144.9418888,ENV,REAL_511,Real sensor series - Docklands Library - board 511,42,real_sensor_board_511,15.87103585159403,0,normal
2015-03-06 18:10:00+00:00,15.5,Docklands Library,511,59.5,11.0,-37.8195002,144.9418888,ENV,REAL_511,Real sensor series - Docklands Library - board 511,42,real_sensor_board_511,16.116828681275226,0,normal
2015-03-06 19:40:00+00:00,15.5,Docklands Library,511,57.0,12.3,-37.8195002,144.9418888,ENV,REAL_511,Real sensor series - Docklands Library - board 511,42,real_sensor_board_511,16.313462945020184,1,weak_multivariate_excursion
2015-03-06 20:50:00+00:00,15.5,Docklands Library,511,55.9,92.6,-37.8195002,144.9418888,ENV,REAL_511,Real sensor series - Docklands Library - board 511,42,real_sensor_board_511,16.47077035601615,1,weak_multivariate_excursion
2015-03-06 22:25:00+00:00,17.1,Docklands Library,511,52.2,95.4,-37.8195002,144.9418888,ENV,REAL_511,Real sensor series - Docklands Library - board 511,42,real_sensor_board_511,16.59661628481292,1,weak_multivariate_excursion
2015-03-06 23:05:00+00:00,17.7,Docklands Library,511,50.7,96.8,-37.8195002,144.9418888,ENV,REAL_511,Real sensor series - Docklands Library - board 511,42,real_sensor_board_511,16.757293027850338,0,normal
2015-03-06 23:45:00+00:00,17.7,Docklands Library,511,51.6,96.0,-37.8195002,144.9418888,ENV,REAL_511,Real sensor series - Docklands Library - board 511,42,real_sensor_board_511,16.885834422280272,1,weak_multivariate_excursion
2015-03-07 05:35:00+00:00,21.9,Docklands Library,511,46.7,96.5,-37.8195002,144.9418888,ENV,REAL_511,Real sensor series - Docklands Library - board 511,42,real_sensor_board_511,16.988667537824217,1,weak_multivariate_excursion
2015-03-07 07:50:00+00:00,23.5,Docklands Library,511,46.9,98.2,-37.8195002,144.9418888,ENV,REAL_511,Real sensor series - Docklands Library - board 511,42,real_sensor_board_511,17.070934030259373,1,weak_multivariate_excursion
2015-03-07 09:30:00+00:00,17.7,Docklands Library,511,60.0,11.6,-37.8195002,144.9418888,ENV,REAL_511,Real sensor series - Docklands Library - board 511,42,real_sensor_board_511,17.1367472242075,1,weak_multivariate_excursion
2015-03-07 09:40:00+00:00,17.7,Docklands Library,511,60.0,11.3,-37.8195002,144.9418888,ENV,REAL_511,Real sensor series - Docklands Library - board 511,42,real_sensor_board_511,17.189397779366,1,weak_multivariate_excursion
2015-03-07 10:00:00+00:00,17.7,Docklands Library,511,59.2,11.3,-37.8195002,144.9418888,ENV,REAL_511,Real sensor series - Docklands Library - board 511,42,real_sensor_board_511,17.231518223492802,0,normal
2015-03-07 10:30:00+00:00,17.7,Docklands Library,511,59.3,11.3,-37.8195002,144.9418888,ENV,REAL_511,Real sensor series - Docklands Library - board 511,42,real_sensor_board_511,17.265214578794243,0,normal
2015-03-07 10:40:00+00:00,17.7,Docklands Library,511,59.8,11.4,-37.8195002,144.9418888,ENV,REAL_511,Real sensor series - Docklands Library - board 511,42,real_sensor_board_511,17.292171663035393,0,normal
2015-03-07 11:35:00+00:00,17.4,Docklands Library,511,60.0,11.3,-37.8195002,144.9418888,ENV,REAL_511,Real sensor series - Docklands Library - board 511,42,real_sensor_board_511,17.313737330428314,0,normal
2015-03-07 12:05:00+00:00,17.1,Docklands Library,511,60.1,11.4,-37.8195002,144.9418888,ENV,REAL_511,Real sensor series - Docklands Library - board 511,42,real_sensor_board_511,17.33098986434265,0,normal
2015-03-07 12:25:00+00:00,17.1,Docklands Library,511,60.6,11.5,-37.8195002,144.9418888,ENV,REAL_511,Real sensor series - Docklands Library - board 511,42,real_sensor_board_511,17.34479189147412,0,normal
2015-03-07 12:45:00+00:00,17.1,Docklands Library,511,59.3,11.5,-37.8195002,144.9418888,ENV,REAL_511,Real sensor series - Docklands Library - board 511,42,real_sensor_board_511,17.355833513179295,0,normal
2015-03-07 12:55:00+00:00,17.1,Docklands Library,511,59.3,11.5,-37.8195002,144.9418888,ENV,REAL_511,Real sensor series - Docklands Library - board 511,42,real_sensor_board_511,17.364666810543437,0,normal
2015-03-07 13:05:00+00:00,17.4,Docklands Library,511,59.2,11.7,-37.8195002,144.9418888,ENV,REAL_511,Real sensor series - Docklands Library - board 511,42,real_sensor_board_511,17.37173344843475,0,normal
2015-03-07 13:35:00+00:00,17.4,Docklands Library,511,58.4,11.6,-37.8195002,144.9418888,ENV,REAL_511,Real sensor series - Docklands Library - board 511,42,real_sensor_board_511,17.3773867587478,0,normal
2015-03-07 13:45:00+00:00,17.4,Docklands Library,511,58.4,11.7,-37.8195002,144.9418888,ENV,REAL_511,Real sensor series - Docklands Library - board 511,42,real_sensor_board_511,17.38190940699824,0,normal
2015-03-07 13:55:00+00:00,17.4,Docklands Library,511,58.2,11.6,-37.8195002,144.9418888,ENV,REAL_511,Real sensor series - Docklands Library - board 511,42,real_sensor_board_511,17.385527525598594,0,normal
2015-03-07 14:30:00+00:00,17.4,Docklands Library,511,58.1,11.5,-37.8195002,144.9418888,ENV,REAL_511,Real sensor series - Docklands Library - board 511,42,real_sensor_board_511,17.388422020478874,0,normal
2015-03-07 14:40:00+00:00,17.4,Docklands Library,511,57.9,11.5,-37.8195002,144.9418888,ENV,REAL_511,Real sensor series - Docklands Library - board 511,42,real_sensor_board_511,17.3907376163831,0,normal
2015-03-07 14:50:00+00:00,17.4,Docklands Library,511,57.4,11.5,-37.8195002,144.9418888,ENV,REAL_511,Real sensor series - Docklands Library - board 511,42,real_sensor_board_511,17.39259009310648,0,normal
2015-03-07 15:10:00+00:00,17.4,Docklands Library,511,57.8,11.7,-37.8195002,144.9418888,ENV,REAL_511,Real sensor series - Docklands Library - board 511,42,real_sensor_board_511,17.394072074485184,0,normal
2015-03-07 15:20:00+00:00,17.4,Docklands Library,511,58.2,11.6,-37.8195002,144.9418888,ENV,REAL_511,Real sensor series - Docklands Library - board 511,42,real_sensor_board_511,17.335257659588148,0,normal
2015-03-07 15:30:00+00:00,17.4,Docklands Library,511,59.2,11.6,-37.8195002,144.9418888,ENV,REAL_511,Real sensor series - Docklands Library - board 511,42,real_sensor_board_511,17.28820612767052,0,normal
2015-03-07 15:40:00+00:00,17.1,Docklands Library,511,58.9,11.7,-37.8195002,144.9418888,ENV,REAL_511,Real sensor series - Docklands Library - board 511,42,real_sensor_board_511,17.250564902136418,0,normal
2015-03-07 15:50:00+00:00,17.1,Docklands Library,511,59.0,11.7,-37.8195002,144.9418888,ENV,REAL_511,Real sensor series - Docklands Library - board 511,42,real_sensor_board_511,17.220451921709135,0,normal
2015-03-07 16:00:00+00:00,17.1,Docklands Library,511,59.5,11.7,-37.8195002,144.9418888,ENV,REAL_511,Real sensor series - Docklands Library - board 511,42,real_sensor_board_511,17.19636153736731,0,normal
2015-03-07 16:20:00+00:00,17.1,Docklands Library,511,59.6,11.6,-37.8195002,144.9418888,ENV,REAL_511,Real sensor series - Docklands Library - board 511,42,real_sensor_board_511,17.17708922989385,0,normal
2015-03-07 16:30:00+00:00,17.4,Docklands Library,511,59.8,11.6,-37.8195002,144.9418888,ENV,REAL_511,Real sensor series - Docklands Library - board 511,42,real_sensor_board_511,17.16167138391508,0,normal
2015-03-07 16:50:00+00:00,17.4,Docklands Library,511,57.9,11.5,-37.8195002,144.9418888,ENV,REAL_511,Real sensor series - Docklands Library - board 511,42,real_sensor_board_511,17.149337107132066,0,normal
2015-03-07 17:10:00+00:00,17.1,Docklands Library,511,56.2,11.4,-37.8195002,144.9418888,ENV,REAL_511,Real sensor series - Docklands Library - board 511,42,real_sensor_board_511,17.139469685705656,0,normal
2015-03-07 17:35:00+00:00,17.1,Docklands Library,511,55.9,11.4,-37.8195002,144.9418888,ENV,REAL_511,Real sensor series - Docklands Library - board 511,42,real_sensor_board_511,17.131575748564526,0,normal
2015-03-07 17:45:00+00:00,17.1,Docklands Library,511,55.9,11.4,-37.8195002,144.9418888,ENV,REAL_511,Real sensor series - Docklands Library - board 511,42,real_sensor_board_511,17.12526059885162,0,normal
2015-03-07 17:55:00+00:00,16.8,Docklands Library,511,56.3,11.5,-37.8195002,144.9418888,ENV,REAL_511,Real sensor series - Docklands Library - board 511,42,real_sensor_board_511,17.1202084790813,0,normal
2015-03-07 18:05:00+00:00,16.8,Docklands Library,511,57.0,11.5,-37.8195002,144.9418888,ENV,REAL_511,Real sensor series - Docklands Library - board 511,42,real_sensor_board_511,17.11616678326504,0,normal
2015-03-07 18:15:00+00:00,16.8,Docklands Library,511,57.1,11.6,-37.8195002,144.9418888,ENV,REAL_511,Real sensor series - Docklands Library - board 511,42,real_sensor_board_511,17.112933426612035,0,normal
2015-03-07 18:25:00+00:00,16.8,Docklands Library,511,57.4,11.5,-37.8195002,144.9418888,ENV,REAL_511,Real sensor series - Docklands Library - board 511,42,real_sensor_board_511,17.11034674128963,0,normal
2015-03-07 18:35:00+00:00,16.8,Docklands Library,511,57.4,11.5,-37.8195002,144.9418888,ENV,REAL_511,Real sensor series - Docklands Library - board 511,42,real_sensor_board_511,17.108277393031706,0,normal
2015-03-07 18:45:00+00:00,16.8,Docklands Library,511,57.8,11.5,-37.8195002,144.9418888,ENV,REAL_511,Real sensor series - Docklands Library - board 511,42,real_sensor_board_511,17.106621914425368,0,normal
2015-03-07 19:05:00+00:00,16.5,Docklands Library,511,57.4,11.5,-37.8195002,144.9418888,ENV,REAL_511,Real sensor series - Docklands Library - board 511,42,real_sensor_board_511,17.105297531540295,0,normal
2015-03-07 19:15:00+00:00,16.5,Docklands Library,511,57.9,11.6,-37.8195002,144.9418888,ENV,REAL_511,Real sensor series - Docklands Library - board 511,42,real_sensor_board_511,17.104238025232238,0,normal
2015-03-07 19:25:00+00:00,16.5,Docklands Library,511,57.9,11.6,-37.8195002,144.9418888,ENV,REAL_511,Real sensor series - Docklands Library - board 511,42,real_sensor_board_511,17.103390420185793,0,normal
2015-03-07 19:45:00+00:00,16.5,Docklands Library,511,57.6,13.8,-37.8195002,144.9418888,ENV,REAL_511,Real sensor series - Docklands Library - board 511,42,real_sensor_board_511,17.102712336148635,1,weak_multivariate_excursion
2015-03-07 19:55:00+00:00,16.5,Docklands Library,511,57.6,29.7,-37.8195002,144.9418888,ENV,REAL_511,Real sensor series - Docklands Library - board 511,42,real_sensor_board_511,17.10216986891891,1,weak_multivariate_excursion
2015-03-07 20:15:00+00:00,16.8,Docklands Library,511,57.3,68.2,-37.8195002,144.9418888,ENV,REAL_511,Real sensor series - Docklands Library - board 511,42,real_sensor_board_511,17.10173589513513,1,weak_multivariate_excursion
2015-03-07 20:25:00+00:00,16.8,Docklands Library,511,56.8,81.5,-37.8195002,144.9418888,ENV,REAL_511,Real sensor series - Docklands Library - board 511,42,real_sensor_board_511,17.101388716108104,1,weak_multivariate_excursion
2015-03-07 21:10:00+00:00,17.4,Docklands Library,511,54.6,91.4,-37.8195002,144.9418888,ENV,REAL_511,Real sensor series - Docklands Library - board 511,42,real_sensor_board_511,17.161110972886483,0,normal
2015-03-07 21:20:00+00:00,17.4,Docklands Library,511,54.1,91.7,-37.8195002,144.9418888,ENV,REAL_511,Real sensor series - Docklands Library - board 511,42,real_sensor_board_511,17.208888778309188,0,normal
2015-03-07 21:50:00+00:00,17.4,Docklands Library,511,53.2,93.6,-37.8195002,144.9418888,ENV,REAL_511,Real sensor series - Docklands Library - board 511,42,real_sensor_board_511,17.24711102264735,0,normal
2015-03-07 22:00:00+00:00,17.7,Docklands Library,511,52.2,94.6,-37.8195002,144.9418888,ENV,REAL_511,Real sensor series - Docklands Library - board 511,42,real_sensor_board_511,17.33768881811788,0,normal
2015-03-07 22:10:00+00:00,18.1,Docklands Library,511,51.9,95.1,-37.8195002,144.9418888,ENV,REAL_511,Real sensor series - Docklands Library - board 511,42,real_sensor_board_511,17.490151054494305,0,normal
2015-03-07 22:20:00+00:00,18.7,Docklands Library,511,50.8,95.4,-37.8195002,144.9418888,ENV,REAL_511,Real sensor series - Docklands Library - board 511,42,real_sensor_board_511,17.612120843595445,0,normal
2015-03-07 22:50:00+00:00,19.0,Docklands Library,511,49.7,96.4,-37.8195002,144.9418888,ENV,REAL_511,Real sensor series - Docklands Library - board 511,42,real_sensor_board_511,17.70969667487636,1,weak_multivariate_excursion
2015-03-07 23:30:00+00:00,21.9,Docklands Library,511,46.7,97.2,-37.8195002,144.9418888,ENV,REAL_511,Real sensor series - Docklands Library - board 511,42,real_sensor_board_511,17.787757339901088,1,weak_multivariate_excursion
2015-03-07 23:40:00+00:00,22.3,Docklands Library,511,45.5,97.4,-37.8195002,144.9418888,ENV,REAL_511,Real sensor series - Docklands Library - board 511,42,real_sensor_board_511,17.85020587192087,1,weak_multivariate_excursion
2015-03-08 07:15:00+00:00,25.8,Docklands Library,511,42.5,98.5,-37.8195002,144.9418888,ENV,REAL_511,Real sensor series - Docklands Library - board 511,42,real_sensor_board_511,17.9001646975367,1,weak_multivariate_excursion
2015-03-08 07:25:00+00:00,25.2,Docklands Library,511,41.8,98.5,-37.8195002,144.9418888,ENV,REAL_511,Real sensor series - Docklands Library - board 511,42,real_sensor_board_511,17.94013175802936,1,weak_multivariate_excursion
2015-03-08 08:25:00+00:00,21.6,Docklands Library,511,44.8,96.9,-37.8195002,144.9418888,ENV,REAL_511,Real sensor series - Docklands Library - board 511,42,real_sensor_board_511,17.972105406423488,1,weak_multivariate_excursion
2015-03-08 08:35:00+00:00,21.3,Docklands Library,511,46.2,91.9,-37.8195002,144.9418888,ENV,REAL_511,Real sensor series - Docklands Library - board 511,42,real_sensor_board_511,17.997684325138792,1,weak_multivariate_excursion
2015-03-08 09:45:00+00:00,19.4,Docklands Library,511,50.0,11.4,-37.8195002,144.9418888,ENV,REAL_511,Real sensor series - Docklands Library - board 511,42,real_sensor_board_511,18.018147460111035,1,weak_multivariate_excursion
2015-03-08 09:55:00+00:00,19.4,Docklands Library,511,49.6,11.4,-37.8195002,144.9418888,ENV,REAL_511,Real sensor series - Docklands Library - board 511,42,real_sensor_board_511,18.034517968088828,1,weak_multivariate_excursion
2015-03-08 10:30:00+00:00,19.4,Docklands Library,511,47.2,11.4,-37.8195002,144.9418888,ENV,REAL_511,Real sensor series - Docklands Library - board 511,42,real_sensor_board_511,18.047614374471063,0,normal
2015-03-08 10:40:00+00:00,19.0,Docklands Library,511,47.5,11.4,-37.8195002,144.9418888,ENV,REAL_511,Real sensor series - Docklands Library - board 511,42,real_sensor_board_511,18.05809149957685,0,normal
2015-03-08 11:20:00+00:00,18.4,Docklands Library,511,48.9,9.9,-37.8195002,144.9418888,ENV,REAL_511,Real sensor series - Docklands Library - board 511,42,real_sensor_board_511,18.06647319966148,0,normal
2015-03-08 11:40:00+00:00,18.4,Docklands Library,511,48.9,10.2,-37.8195002,144.9418888,ENV,REAL_511,Real sensor series - Docklands Library - board 511,42,real_sensor_board_511,18.073178559729186,0,normal
2015-03-08 11:50:00+00:00,18.1,Docklands Library,511,50.2,10.4,-37.8195002,144.9418888,ENV,REAL_511,Real sensor series - Docklands Library - board 511,42,real_sensor_board_511,18.07854284778335,0,normal
2015-03-08 12:00:00+00:00,18.1,Docklands Library,511,50.2,9.7,-37.8195002,144.9418888,ENV,REAL_511,Real sensor series - Docklands Library - board 511,42,real_sensor_board_511,18.08283427822668,0,normal
2015-03-08 12:10:00+00:00,18.1,Docklands Library,511,50.2,9.9,-37.8195002,144.9418888,ENV,REAL_511,Real sensor series - Docklands Library - board 511,42,real_sensor_board_511,18.086267422581347,0,normal
2015-03-08 12:40:00+00:00,17.7,Docklands Library,511,51.1,9.9,-37.8195002,144.9418888,ENV,REAL_511,Real sensor series - Docklands Library - board 511,42,real_sensor_board_511,18.009013938065078,0,normal
2015-03-08 13:30:00+00:00,17.7,Docklands Library,511,51.6,10.0,-37.8195002,144.9418888,ENV,REAL_511,Real sensor series - Docklands Library - board 511,42,real_sensor_board_511,17.947211150452063,0,normal
2015-03-08 14:05:00+00:00,17.4,Docklands Library,511,50.8,10.3,-37.8195002,144.9418888,ENV,REAL_511,Real sensor series - Docklands Library - board 511,42,real_sensor_board_511,17.83776892036165,0,normal
2015-03-08 14:15:00+00:00,17.4,Docklands Library,511,52.1,9.8,-37.8195002,144.9418888,ENV,REAL_511,Real sensor series - Docklands Library - board 511,42,real_sensor_board_511,17.75021513628932,0,normal
2015-03-08 14:25:00+00:00,17.1,Docklands Library,511,51.3,10.0,-37.8195002,144.9418888,ENV,REAL_511,Real sensor series - Docklands Library - board 511,42,real_sensor_board_511,17.620172109031458,0,normal
2015-03-08 14:45:00+00:00,17.1,Docklands Library,511,52.1,10.2,-37.8195002,144.9418888,ENV,REAL_511,Real sensor series - Docklands Library - board 511,42,real_sensor_board_511,17.516137687225168,0,normal
2015-03-08 14:55:00+00:00,17.1,Docklands Library,511,52.7,9.8,-37.8195002,144.9418888,ENV,REAL_511,Real sensor series - Docklands Library - board 511,42,real_sensor_board_511,17.432910149780135,0,normal
2015-03-08 15:05:00+00:00,16.8,Docklands Library,511,53.0,10.0,-37.8195002,144.9418888,ENV,REAL_511,Real sensor series - Docklands Library - board 511,42,real_sensor_board_511,17.30632811982411,0,normal
2015-03-08 15:15:00+00:00,16.5,Docklands Library,511,54.6,10.2,-37.8195002,144.9418888,ENV,REAL_511,Real sensor series - Docklands Library - board 511,42,real_sensor_board_511,17.14506249585929,0,normal
2015-03-08 15:25:00+00:00,16.5,Docklands Library,511,56.2,10.2,-37.8195002,144.9418888,ENV,REAL_511,Real sensor series - Docklands Library - board 511,42,real_sensor_board_511,17.016049996687432,0,normal
2015-03-08 15:35:00+00:00,16.1,Docklands Library,511,57.4,10.3,-37.8195002,144.9418888,ENV,REAL_511,Real sensor series - Docklands Library - board 511,42,real_sensor_board_511,16.832839997349947,0,normal
2015-03-08 15:45:00+00:00,16.1,Docklands Library,511,57.9,10.3,-37.8195002,144.9418888,ENV,REAL_511,Real sensor series - Docklands Library - board 511,42,real_sensor_board_511,16.686271997879956,0,normal
2015-03-08 15:55:00+00:00,16.1,Docklands Library,511,58.7,10.4,-37.8195002,144.9418888,ENV,REAL_511,Real sensor series - Docklands Library - board 511,42,real_sensor_board_511,16.569017598303965,0,normal
2015-03-08 16:05:00+00:00,15.8,Docklands Library,511,59.0,10.4,-37.8195002,144.9418888,ENV,REAL_511,Real sensor series - Docklands Library - board 511,42,real_sensor_board_511,16.475214078643173,0,normal
2015-03-08 16:35:00+00:00,16.1,Docklands Library,511,58.4,10.5,-37.8195002,144.9418888,ENV,REAL_511,Real sensor series - Docklands Library - board 511,42,real_sensor_board_511,16.40017126291454,0,normal
2015-03-08 16:45:00+00:00,16.1,Docklands Library,511,58.4,10.6,-37.8195002,144.9418888,ENV,REAL_511,Real sensor series - Docklands Library - board 511,42,real_sensor_board_511,16.280137010331632,0,normal
2015-03-08 17:00:00+00:00,15.8,Docklands Library,511,58.1,10.4,-37.8195002,144.9418888,ENV,REAL_511,Real sensor series - Docklands Library - board 511,42,real_sensor_board_511,16.184109608265306,0,normal
2015-03-08 17:10:00+00:00,15.5,Docklands Library,511,57.9,10.5,-37.8195002,144.9418888,ENV,REAL_511,Real sensor series - Docklands Library - board 511,42,real_sensor_board_511,16.047287686612247,0,normal
2015-03-08 17:20:00+00:00,15.5,Docklands Library,511,58.1,10.5,-37.8195002,144.9418888,ENV,REAL_511,Real sensor series - Docklands Library - board 511,42,real_sensor_board_511,15.937830149289798,0,normal
2015-03-08 17:30:00+00:00,15.2,Docklands Library,511,58.2,10.5,-37.8195002,144.9418888,ENV,REAL_511,Real sensor series - Docklands Library - board 511,42,real_sensor_board_511,15.85026411943184,0,normal
2015-03-08 17:40:00+00:00,14.8,Docklands Library,511,58.9,10.6,-37.8195002,144.9418888,ENV,REAL_511,Real sensor series - Docklands Library - board 511,42,real_sensor_board_511,15.780211295545472,0,normal
2015-03-08 17:50:00+00:00,14.8,Docklands Library,511,58.4,10.6,-37.8195002,144.9418888,ENV,REAL_511,Real sensor series - Docklands Library - board 511,42,real_sensor_board_511,15.724169036436377,0,normal
2015-03-08 18:00:00+00:00,14.8,Docklands Library,511,58.2,10.7,-37.8195002,144.9418888,ENV,REAL_511,Real sensor series - Docklands Library - board 511,42,real_sensor_board_511,15.679335229149101,0,normal
2015-03-08 18:20:00+00:00,14.5,Docklands Library,511,58.5,10.7,-37.8195002,144.9418888,ENV,REAL_511,Real sensor series - Docklands Library - board 511,42,real_sensor_board_511,15.643468183319282,0,normal
2015-03-08 18:30:00+00:00,14.5,Docklands Library,511,58.4,10.7,-37.8195002,144.9418888,ENV,REAL_511,Real sensor series - Docklands Library - board 511,42,real_sensor_board_511,15.614774546655426,0,normal
2015-03-08 18:40:00+00:00,14.5,Docklands Library,511,59.0,10.8,-37.8195002,144.9418888,ENV,REAL_511,Real sensor series - Docklands Library - board 511,42,real_sensor_board_511,15.59181963732434,0,normal
2015-03-08 18:50:00+00:00,14.2,Docklands Library,511,59.0,10.8,-37.8195002,144.9418888,ENV,REAL_511,Real sensor series - Docklands Library - board 511,42,real_sensor_board_511,15.573455709859472,0,normal
2015-03-08 19:00:00+00:00,14.5,Docklands Library,511,58.9,10.8,-37.8195002,144.9418888,ENV,REAL_511,Real sensor series - Docklands Library - board 511,42,real_sensor_board_511,15.558764567887577,0,normal
2015-03-08 19:10:00+00:00,14.5,Docklands Library,511,58.9,10.8,-37.8195002,144.9418888,ENV,REAL_511,Real sensor series - Docklands Library - board 511,42,real_sensor_board_511,15.547011654310062,0,normal
2015-03-08 19:20:00+00:00,14.5,Docklands Library,511,59.3,10.8,-37.8195002,144.9418888,ENV,REAL_511,Real sensor series - Docklands Library - board 511,42,real_sensor_board_511,15.53760932344805,0,normal
2015-03-08 19:40:00+00:00,14.5,Docklands Library,511,59.0,12.3,-37.8195002,144.9418888,ENV,REAL_511,Real sensor series - Docklands Library - board 511,42,real_sensor_board_511,15.530087458758441,0,normal
2015-03-08 19:50:00+00:00,14.5,Docklands Library,511,58.9,24.5,-37.8195002,144.9418888,ENV,REAL_511,Real sensor series - Docklands Library - board 511,42,real_sensor_board_511,15.524069967006753,1,weak_multivariate_excursion
2015-03-08 20:05:00+00:00,14.5,Docklands Library,511,59.0,55.6,-37.8195002,144.9418888,ENV,REAL_511,Real sensor series - Docklands Library - board 511,42,real_sensor_board_511,15.519255973605402,1,weak_multivariate_excursion
2015-03-09 09:10:00+00:00,17.7,Docklands Library,511,51.3,12.8,-37.8195002,144.9418888,ENV,REAL_511,Real sensor series - Docklands Library - board 511,42,real_sensor_board_511,15.775404778884322,1,weak_multivariate_excursion
2015-03-09 09:45:00+00:00,17.4,Docklands Library,511,51.0,12.1,-37.8195002,144.9418888,ENV,REAL_511,Real sensor series - Docklands Library - board 511,42,real_sensor_board_511,15.980323823107458,1,weak_multivariate_excursion
2015-03-09 09:55:00+00:00,17.7,Docklands Library,511,51.6,12.0,-37.8195002,144.9418888,ENV,REAL_511,Real sensor series - Docklands Library - board 511,42,real_sensor_board_511,16.144259058485968,0,normal
2015-03-09 10:25:00+00:00,17.7,Docklands Library,511,51.8,12.1,-37.8195002,144.9418888,ENV,REAL_511,Real sensor series - Docklands Library - board 511,42,real_sensor_board_511,16.275407246788774,0,normal
2015-03-09 10:35:00+00:00,17.4,Docklands Library,511,51.6,11.9,-37.8195002,144.9418888,ENV,REAL_511,Real sensor series - Docklands Library - board 511,42,real_sensor_board_511,16.38032579743102,0,normal
2015-03-09 10:45:00+00:00,17.4,Docklands Library,511,50.7,11.8,-37.8195002,144.9418888,ENV,REAL_511,Real sensor series - Docklands Library - board 511,42,real_sensor_board_511,16.464260637944818,0,normal
2015-03-09 10:55:00+00:00,17.4,Docklands Library,511,50.2,12.0,-37.8195002,144.9418888,ENV,REAL_511,Real sensor series - Docklands Library - board 511,42,real_sensor_board_511,16.531408510355856,0,normal
2015-03-09 11:05:00+00:00,17.1,Docklands Library,511,51.6,11.8,-37.8195002,144.9418888,ENV,REAL_511,Real sensor series - Docklands Library - board 511,42,real_sensor_board_511,16.585126808284684,0,normal
2015-03-09 11:25:00+00:00,17.1,Docklands Library,511,51.0,10.3,-37.8195002,144.9418888,ENV,REAL_511,Real sensor series - Docklands Library - board 511,42,real_sensor_board_511,16.62810144662775,0,normal
2015-03-09 11:35:00+00:00,17.1,Docklands Library,511,51.3,10.8,-37.8195002,144.9418888,ENV,REAL_511,Real sensor series - Docklands Library - board 511,42,real_sensor_board_511,16.6624811573022,0,normal
2015-03-09 12:25:00+00:00,17.1,Docklands Library,511,51.4,10.9,-37.8195002,144.9418888,ENV,REAL_511,Real sensor series - Docklands Library - board 511,42,real_sensor_board_511,16.68998492584176,0,normal
2015-03-09 12:35:00+00:00,17.1,Docklands Library,511,51.3,10.9,-37.8195002,144.9418888,ENV,REAL_511,Real sensor series - Docklands Library - board 511,42,real_sensor_board_511,16.71198794067341,0,normal
2015-03-09 13:20:00+00:00,17.1,Docklands Library,511,51.4,10.8,-37.8195002,144.9418888,ENV,REAL_511,Real sensor series - Docklands Library - board 511,42,real_sensor_board_511,16.72959035253873,0,normal
2015-03-09 13:30:00+00:00,16.8,Docklands Library,511,51.3,10.2,-37.8195002,144.9418888,ENV,REAL_511,Real sensor series - Docklands Library - board 511,42,real_sensor_board_511,16.743672282030985,0,normal
2015-03-09 13:40:00+00:00,16.8,Docklands Library,511,50.3,10.5,-37.8195002,144.9418888,ENV,REAL_511,Real sensor series - Docklands Library - board 511,42,real_sensor_board_511,16.75493782562479,0,normal
2015-03-09 13:50:00+00:00,16.8,Docklands Library,511,50.5,10.7,-37.8195002,144.9418888,ENV,REAL_511,Real sensor series - Docklands Library - board 511,42,real_sensor_board_511,16.763950260499833,0,normal
2015-03-09 14:00:00+00:00,16.8,Docklands Library,511,50.3,10.9,-37.8195002,144.9418888,ENV,REAL_511,Real sensor series - Docklands Library - board 511,42,real_sensor_board_511,16.771160208399866,0,normal
2015-03-09 14:10:00+00:00,16.8,Docklands Library,511,50.0,10.0,-37.8195002,144.9418888,ENV,REAL_511,Real sensor series - Docklands Library - board 511,42,real_sensor_board_511,16.776928166719895,0,normal
2015-03-09 14:20:00+00:00,16.8,Docklands Library,511,49.9,10.3,-37.8195002,144.9418888,ENV,REAL_511,Real sensor series - Docklands Library - board 511,42,real_sensor_board_511,16.781542533375916,0,normal
2015-03-09 14:40:00+00:00,16.8,Docklands Library,511,49.9,10.8,-37.8195002,144.9418888,ENV,REAL_511,Real sensor series - Docklands Library - board 511,42,real_sensor_board_511,16.785234026700735,0,normal
2015-03-09 14:50:00+00:00,16.8,Docklands Library,511,50.5,10.1,-37.8195002,144.9418888,ENV,REAL_511,Real sensor series - Docklands Library - board 511,42,real_sensor_board_511,16.788187221360587,0,normal
2015-03-09 15:00:00+00:00,16.5,Docklands Library,511,49.7,10.4,-37.8195002,144.9418888,ENV,REAL_511,Real sensor series - Docklands Library - board 511,42,real_sensor_board_511,16.73054977708847,0,normal
2015-03-09 15:10:00+00:00,16.5,Docklands Library,511,50.3,10.6,-37.8195002,144.9418888,ENV,REAL_511,Real sensor series - Docklands Library - board 511,42,real_sensor_board_511,16.684439821670775,0,normal
2015-03-09 15:20:00+00:00,16.5,Docklands Library,511,50.2,10.7,-37.8195002,144.9418888,ENV,REAL_511,Real sensor series - Docklands Library - board 511,42,real_sensor_board_511,16.64755185733662,0,normal
2015-03-09 15:30:00+00:00,16.5,Docklands Library,511,49.4,10.8,-37.8195002,144.9418888,ENV,REAL_511,Real sensor series - Docklands Library - board 511,42,real_sensor_board_511,16.618041485869295,0,normal
2015-03-09 15:40:00+00:00,16.5,Docklands Library,511,49.9,10.8,-37.8195002,144.9418888,ENV,REAL_511,Real sensor series - Docklands Library - board 511,42,real_sensor_board_511,16.594433188695437,0,normal
2015-03-09 16:00:00+00:00,16.5,Docklands Library,511,49.1,10.8,-37.8195002,144.9418888,ENV,REAL_511,Real sensor series - Docklands Library - board 511,42,real_sensor_board_511,16.57554655095635,0,normal
2015-03-09 16:25:00+00:00,16.5,Docklands Library,511,48.6,10.9,-37.8195002,144.9418888,ENV,REAL_511,Real sensor series - Docklands Library - board 511,42,real_sensor_board_511,16.56043724076508,0,normal
2015-03-09 16:55:00+00:00,16.5,Docklands Library,511,48.5,11.0,-37.8195002,144.9418888,ENV,REAL_511,Real sensor series - Docklands Library - board 511,42,real_sensor_board_511,16.548349792612065,0,normal
2015-03-09 17:05:00+00:00,16.5,Docklands Library,511,48.6,11.2,-37.8195002,144.9418888,ENV,REAL_511,Real sensor series - Docklands Library - board 511,42,real_sensor_board_511,16.538679834089653,0,normal
2015-03-09 17:15:00+00:00,16.5,Docklands Library,511,48.6,11.2,-37.8195002,144.9418888,ENV,REAL_511,Real sensor series - Docklands Library - board 511,42,real_sensor_board_511,16.530943867271723,0,normal
2015-03-09 17:25:00+00:00,16.1,Docklands Library,511,48.3,11.2,-37.8195002,144.9418888,ENV,REAL_511,Real sensor series - Docklands Library - board 511,42,real_sensor_board_511,16.52475509381738,0,normal
2015-03-09 17:45:00+00:00,16.5,Docklands Library,511,47.8,11.3,-37.8195002,144.9418888,ENV,REAL_511,Real sensor series - Docklands Library - board 511,42,real_sensor_board_511,16.519804075053905,0,normal
2015-03-09 18:05:00+00:00,16.1,Docklands Library,511,48.0,11.4,-37.8195002,144.9418888,ENV,REAL_511,Real sensor series - Docklands Library - board 511,42,real_sensor_board_511,16.515843260043123,0,normal
2015-03-09 18:15:00+00:00,16.5,Docklands Library,511,47.8,11.6,-37.8195002,144.9418888,ENV,REAL_511,Real sensor series - Docklands Library - board 511,42,real_sensor_board_511,16.512674608034498,0,normal
2015-03-09 18:25:00+00:00,16.1,Docklands Library,511,47.3,11.4,-37.8195002,144.9418888,ENV,REAL_511,Real sensor series - Docklands Library - board 511,42,real_sensor_board_511,16.5101396864276,0,normal
2015-03-09 18:35:00+00:00,16.1,Docklands Library,511,48.0,11.4,-37.8195002,144.9418888,ENV,REAL_511,Real sensor series - Docklands Library - board 511,42,real_sensor_board_511,16.50811174914208,0,normal
2015-03-09 18:55:00+00:00,16.1,Docklands Library,511,46.9,11.5,-37.8195002,144.9418888,ENV,REAL_511,Real sensor series - Docklands Library - board 511,42,real_sensor_board_511,16.506489399313665,0,normal
2015-03-09 19:05:00+00:00,16.1,Docklands Library,511,46.6,11.5,-37.8195002,144.9418888,ENV,REAL_511,Real sensor series - Docklands Library - board 511,42,real_sensor_board_511,16.505191519450932,0,normal
2015-03-09 19:15:00+00:00,16.1,Docklands Library,511,45.9,11.4,-37.8195002,144.9418888,ENV,REAL_511,Real sensor series - Docklands Library - board 511,42,real_sensor_board_511,16.504153215560745,0,normal
2015-03-09 19:40:00+00:00,16.1,Docklands Library,511,45.9,11.6,-37.8195002,144.9418888,ENV,REAL_511,Real sensor series - Docklands Library - board 511,42,real_sensor_board_511,16.503322572448596,0,normal
2015-03-09 19:50:00+00:00,16.1,Docklands Library,511,46.1,13.6,-37.8195002,144.9418888,ENV,REAL_511,Real sensor series - Docklands Library - board 511,42,real_sensor_board_511,16.50265805795888,1,weak_multivariate_excursion
2015-03-09 20:00:00+00:00,15.8,Docklands Library,511,46.2,26.8,-37.8195002,144.9418888,ENV,REAL_511,Real sensor series - Docklands Library - board 511,42,real_sensor_board_511,16.422126446367102,1,weak_multivariate_excursion
2015-03-09 22:20:00+00:00,18.4,Docklands Library,511,42.5,96.1,-37.8195002,144.9418888,ENV,REAL_511,Real sensor series - Docklands Library - board 511,42,real_sensor_board_511,16.357701157093683,1,weak_multivariate_excursion
2015-03-10 09:20:00+00:00,18.1,Docklands Library,511,42.0,13.1,-37.8195002,144.9418888,ENV,REAL_511,Real sensor series - Docklands Library - board 511,42,real_sensor_board_511,16.306160925674945,1,weak_multivariate_excursion
2015-03-10 09:30:00+00:00,18.1,Docklands Library,511,42.6,11.9,-37.8195002,144.9418888,ENV,REAL_511,Real sensor series - Docklands Library - board 511,42,real_sensor_board_511,16.264928740539958,1,weak_multivariate_excursion
2015-03-10 09:40:00+00:00,17.7,Docklands Library,511,43.7,11.8,-37.8195002,144.9418888,ENV,REAL_511,Real sensor series - Docklands Library - board 511,42,real_sensor_board_511,16.231942992431968,0,normal
2015-03-10 10:00:00+00:00,17.4,Docklands Library,511,44.2,11.7,-37.8195002,144.9418888,ENV,REAL_511,Real sensor series - Docklands Library - board 511,42,real_sensor_board_511,16.205554393945576,0,normal
2015-03-10 10:10:00+00:00,17.1,Docklands Library,511,44.0,11.9,-37.8195002,144.9418888,ENV,REAL_511,Real sensor series - Docklands Library - board 511,42,real_sensor_board_511,16.18444351515646,0,normal
2015-03-10 11:10:00+00:00,16.5,Docklands Library,511,46.6,11.9,-37.8195002,144.9418888,ENV,REAL_511,Real sensor series - Docklands Library - board 511,42,real_sensor_board_511,16.167554812125168,0,normal
2015-03-10 11:20:00+00:00,16.5,Docklands Library,511,47.8,10.3,-37.8195002,144.9418888,ENV,REAL_511,Real sensor series - Docklands Library - board 511,42,real_sensor_board_511,16.154043849700138,0,normal
2015-03-10 11:30:00+00:00,16.5,Docklands Library,511,47.8,10.7,-37.8195002,144.9418888,ENV,REAL_511,Real sensor series - Docklands Library - board 511,42,real_sensor_board_511,16.14323507976011,0,normal
2015-03-10 11:40:00+00:00,16.1,Docklands Library,511,47.2,10.8,-37.8195002,144.9418888,ENV,REAL_511,Real sensor series - Docklands Library - board 511,42,real_sensor_board_511,16.13458806380809,0,normal
2015-03-10 12:00:00+00:00,16.1,Docklands Library,511,48.3,10.2,-37.8195002,144.9418888,ENV,REAL_511,Real sensor series - Docklands Library - board 511,42,real_sensor_board_511,16.06767045104647,0,normal
2015-03-10 13:05:00+00:00,15.5,Docklands Library,511,48.8,10.7,-37.8195002,144.9418888,ENV,REAL_511,Real sensor series - Docklands Library - board 511,42,real_sensor_board_511,15.954136360837177,0,normal
2015-03-10 13:15:00+00:00,15.5,Docklands Library,511,49.1,10.8,-37.8195002,144.9418888,ENV,REAL_511,Real sensor series - Docklands Library - board 511,42,real_sensor_board_511,15.863309088669743,0,normal
2015-03-10 13:45:00+00:00,15.2,Docklands Library,511,49.9,10.5,-37.8195002,144.9418888,ENV,REAL_511,Real sensor series - Docklands Library - board 511,42,real_sensor_board_511,15.730647270935794,0,normal
2015-03-10 14:15:00+00:00,14.8,Docklands Library,511,51.0,10.3,-37.8195002,144.9418888,ENV,REAL_511,Real sensor series - Docklands Library - board 511,42,real_sensor_board_511,15.544517816748638,0,normal
2015-03-10 14:35:00+00:00,14.5,Docklands Library,511,50.8,10.6,-37.8195002,144.9418888,ENV,REAL_511,Real sensor series - Docklands Library - board 511,42,real_sensor_board_511,15.33561425339891,0,normal
2015-03-10 14:45:00+00:00,14.5,Docklands Library,511,50.5,10.4,-37.8195002,144.9418888,ENV,REAL_511,Real sensor series - Docklands Library - board 511,42,real_sensor_board_511,15.168491402719129,0,normal
2015-03-10 15:15:00+00:00,13.9,Docklands Library,511,53.7,10.6,-37.8195002,144.9418888,ENV,REAL_511,Real sensor series - Docklands Library - board 511,42,real_sensor_board_511,14.914793122175304,0,normal
2015-03-10 15:25:00+00:00,13.9,Docklands Library,511,54.0,10.8,-37.8195002,144.9418888,ENV,REAL_511,Real sensor series - Docklands Library - board 511,42,real_sensor_board_511,14.711834497740245,0,normal
2015-03-10 15:50:00+00:00,12.9,Docklands Library,511,54.0,10.9,-37.8195002,144.9418888,ENV,REAL_511,Real sensor series - Docklands Library - board 511,42,real_sensor_board_511,14.409467598192197,0,normal
2015-03-10 16:00:00+00:00,13.2,Docklands Library,511,54.9,10.9,-37.8195002,144.9418888,ENV,REAL_511,Real sensor series - Docklands Library - board 511,42,real_sensor_board_511,14.16757407855376,0,normal
2015-03-10 16:10:00+00:00,12.9,Docklands Library,511,54.8,10.9,-37.8195002,144.9418888,ENV,REAL_511,Real sensor series - Docklands Library - board 511,42,real_sensor_board_511,13.974059262843008,0,normal
2015-03-10 16:20:00+00:00,12.9,Docklands Library,511,55.2,10.9,-37.8195002,144.9418888,ENV,REAL_511,Real sensor series - Docklands Library - board 511,42,real_sensor_board_511,13.819247410274407,0,normal
2015-03-10 16:40:00+00:00,12.9,Docklands Library,511,54.9,10.9,-37.8195002,144.9418888,ENV,REAL_511,Real sensor series - Docklands Library - board 511,42,real_sensor_board_511,13.695397928219528,0,normal
2015-03-10 16:50:00+00:00,12.9,Docklands Library,511,55.2,10.9,-37.8195002,144.9418888,ENV,REAL_511,Real sensor series - Docklands Library - board 511,42,real_sensor_board_511,13.596318342575623,0,normal
2015-03-10 17:10:00+00:00,12.9,Docklands Library,511,56.2,10.9,-37.8195002,144.9418888,ENV,REAL_511,Real sensor series - Docklands Library - board 511,42,real_sensor_board_511,13.5170546740605,0,normal
2015-03-10 17:20:00+00:00,12.9,Docklands Library,511,55.5,10.9,-37.8195002,144.9418888,ENV,REAL_511,Real sensor series - Docklands Library - board 511,42,real_sensor_board_511,13.4536437392484,0,normal
2015-03-10 17:40:00+00:00,13.2,Docklands Library,511,55.4,10.9,-37.8195002,144.9418888,ENV,REAL_511,Real sensor series - Docklands Library - board 511,42,real_sensor_board_511,13.402914991398722,0,normal
2015-03-10 18:00:00+00:00,13.2,Docklands Library,511,55.1,10.9,-37.8195002,144.9418888,ENV,REAL_511,Real sensor series - Docklands Library - board 511,42,real_sensor_board_511,13.362331993118978,0,normal
2015-03-10 18:20:00+00:00,12.9,Docklands Library,511,54.3,11.1,-37.8195002,144.9418888,ENV,REAL_511,Real sensor series - Docklands Library - board 511,42,real_sensor_board_511,13.329865594495184,0,normal
2015-03-10 18:30:00+00:00,12.6,Docklands Library,511,55.1,11.1,-37.8195002,144.9418888,ENV,REAL_511,Real sensor series - Docklands Library - board 511,42,real_sensor_board_511,13.303892475596149,0,normal
2015-03-10 18:50:00+00:00,12.9,Docklands Library,511,55.4,11.1,-37.8195002,144.9418888,ENV,REAL_511,Real sensor series - Docklands Library - board 511,42,real_sensor_board_511,13.28311398047692,0,normal
2015-03-10 19:05:00+00:00,12.6,Docklands Library,511,54.9,11.3,-37.8195002,144.9418888,ENV,REAL_511,Real sensor series - Docklands Library - board 511,42,real_sensor_board_511,13.266491184381536,1,weak_multivariate_excursion
2015-03-10 19:55:00+00:00,12.3,Docklands Library,511,55.5,25.4,-37.8195002,144.9418888,ENV,REAL_511,Real sensor series - Docklands Library - board 511,42,real_sensor_board_511,13.25319294750523,1,weak_multivariate_excursion
2015-03-10 20:35:00+00:00,12.6,Docklands Library,511,55.7,88.9,-37.8195002,144.9418888,ENV,REAL_511,Real sensor series - Docklands Library - board 511,42,real_sensor_board_511,13.242554358004185,1,weak_multivariate_excursion
2015-03-10 23:20:00+00:00,26.8,Docklands Library,511,31.7,97.9,-37.8195002,144.9418888,ENV,REAL_511,Real sensor series - Docklands Library - board 511,42,real_sensor_board_511,13.49404348640335,1,weak_multivariate_excursion
2015-03-11 14:10:00+00:00,16.5,Docklands Library,511,43.7,10.1,-37.8195002,144.9418888,ENV,REAL_511,Real sensor series - Docklands Library - board 511,42,real_sensor_board_511,13.695234789122681,1,weak_multivariate_excursion
2015-03-11 14:30:00+00:00,15.8,Docklands Library,511,47.8,10.5,-37.8195002,144.9418888,ENV,REAL_511,Real sensor series - Docklands Library - board 511,42,real_sensor_board_511,13.856187831298145,1,weak_multivariate_excursion
2015-03-11 14:40:00+00:00,15.8,Docklands Library,511,47.3,10.7,-37.8195002,144.9418888,ENV,REAL_511,Real sensor series - Docklands Library - board 511,42,real_sensor_board_511,13.984950265038517,0,normal
2015-03-11 14:50:00+00:00,15.5,Docklands Library,511,47.3,10.3,-37.8195002,144.9418888,ENV,REAL_511,Real sensor series - Docklands Library - board 511,42,real_sensor_board_511,14.087960212030815,0,normal
2015-03-11 15:10:00+00:00,15.2,Docklands Library,511,50.2,10.7,-37.8195002,144.9418888,ENV,REAL_511,Real sensor series - Docklands Library - board 511,42,real_sensor_board_511,14.170368169624654,0,normal
2015-03-11 16:05:00+00:00,14.5,Docklands Library,511,54.6,10.9,-37.8195002,144.9418888,ENV,REAL_511,Real sensor series - Docklands Library - board 511,42,real_sensor_board_511,14.236294535699724,0,normal
2015-03-11 16:15:00+00:00,14.5,Docklands Library,511,53.3,10.9,-37.8195002,144.9418888,ENV,REAL_511,Real sensor series - Docklands Library - board 511,42,real_sensor_board_511,14.34903562855978,0,normal
2015-03-11 16:25:00+00:00,14.5,Docklands Library,511,53.3,10.9,-37.8195002,144.9418888,ENV,REAL_511,Real sensor series - Docklands Library - board 511,42,real_sensor_board_511,14.439228502847826,0,normal
2015-03-11 16:35:00+00:00,14.5,Docklands Library,511,52.6,10.9,-37.8195002,144.9418888,ENV,REAL_511,Real sensor series - Docklands Library - board 511,42,real_sensor_board_511,14.511382802278263,0,normal
2015-03-11 16:45:00+00:00,14.8,Docklands Library,511,52.6,10.9,-37.8195002,144.9418888,ENV,REAL_511,Real sensor series - Docklands Library - board 511,42,real_sensor_board_511,14.569106241822611,0,normal
2015-03-11 16:55:00+00:00,14.5,Docklands Library,511,52.1,11.0,-37.8195002,144.9418888,ENV,REAL_511,Real sensor series - Docklands Library - board 511,42,real_sensor_board_511,14.695284993458088,0,normal
2015-03-11 17:05:00+00:00,14.5,Docklands Library,511,52.4,11.1,-37.8195002,144.9418888,ENV,REAL_511,Real sensor series - Docklands Library - board 511,42,real_sensor_board_511,14.796227994766472,0,normal
2015-03-11 17:15:00+00:00,14.5,Docklands Library,511,52.2,11.1,-37.8195002,144.9418888,ENV,REAL_511,Real sensor series - Docklands Library - board 511,42,real_sensor_board_511,14.936982395813178,0,normal
2015-03-11 17:25:00+00:00,14.8,Docklands Library,511,51.8,11.2,-37.8195002,144.9418888,ENV,REAL_511,Real sensor series - Docklands Library - board 511,42,real_sensor_board_511,15.049585916650543,0,normal
2015-03-11 17:35:00+00:00,14.8,Docklands Library,511,51.6,11.3,-37.8195002,144.9418888,ENV,REAL_511,Real sensor series - Docklands Library - board 511,42,real_sensor_board_511,15.139668733320434,0,normal
2015-03-11 17:55:00+00:00,14.8,Docklands Library,511,51.0,11.2,-37.8195002,144.9418888,ENV,REAL_511,Real sensor series - Docklands Library - board 511,42,real_sensor_board_511,15.211734986656348,0,normal
2015-03-11 18:25:00+00:00,15.2,Docklands Library,511,50.7,11.2,-37.8195002,144.9418888,ENV,REAL_511,Real sensor series - Docklands Library - board 511,42,real_sensor_board_511,15.269387989325079,0,normal
2015-03-11 18:50:00+00:00,15.5,Docklands Library,511,50.8,11.0,-37.8195002,144.9418888,ENV,REAL_511,Real sensor series - Docklands Library - board 511,42,real_sensor_board_511,15.315510391460064,0,normal
2015-03-11 19:10:00+00:00,15.5,Docklands Library,511,51.1,11.1,-37.8195002,144.9418888,ENV,REAL_511,Real sensor series - Docklands Library - board 511,42,real_sensor_board_511,15.352408313168052,0,normal
2015-03-11 19:30:00+00:00,16.1,Docklands Library,511,53.8,11.6,-37.8195002,144.9418888,ENV,REAL_511,Real sensor series - Docklands Library - board 511,42,real_sensor_board_511,15.381926650534442,0,normal
2015-03-11 19:40:00+00:00,15.8,Docklands Library,511,55.4,11.5,-37.8195002,144.9418888,ENV,REAL_511,Real sensor series - Docklands Library - board 511,42,real_sensor_board_511,15.405541320427554,0,normal
2015-03-11 19:50:00+00:00,15.8,Docklands Library,511,56.0,14.5,-37.8195002,144.9418888,ENV,REAL_511,Real sensor series - Docklands Library - board 511,42,real_sensor_board_511,15.424433056342044,1,weak_multivariate_excursion
2015-03-11 20:00:00+00:00,15.5,Docklands Library,511,57.0,37.0,-37.8195002,144.9418888,ENV,REAL_511,Real sensor series - Docklands Library - board 511,42,real_sensor_board_511,15.439546445073637,1,weak_multivariate_excursion
2015-03-11 20:50:00+00:00,15.5,Docklands Library,511,57.3,87.4,-37.8195002,144.9418888,ENV,REAL_511,Real sensor series - Docklands Library - board 511,42,real_sensor_board_511,15.45163715605891,1,weak_multivariate_excursion
2015-03-11 21:50:00+00:00,15.5,Docklands Library,511,62.2,92.8,-37.8195002,144.9418888,ENV,REAL_511,Real sensor series - Docklands Library - board 511,42,real_sensor_board_511,15.521309724847129,1,weak_multivariate_excursion
2015-03-12 01:50:00+00:00,23.2,Docklands Library,511,30.8,98.3,-37.8195002,144.9418888,ENV,REAL_511,Real sensor series - Docklands Library - board 511,42,real_sensor_board_511,15.577047779877704,1,weak_multivariate_excursion
2015-03-12 07:45:00+00:00,20.3,Docklands Library,511,33.6,98.1,-37.8195002,144.9418888,ENV,REAL_511,Real sensor series - Docklands Library - board 511,42,real_sensor_board_511,15.621638223902163,1,weak_multivariate_excursion
2015-03-12 08:10:00+00:00,18.1,Docklands Library,511,37.1,97.3,-37.8195002,144.9418888,ENV,REAL_511,Real sensor series - Docklands Library - board 511,42,real_sensor_board_511,15.65731057912173,1,weak_multivariate_excursion
2015-03-12 08:40:00+00:00,16.5,Docklands Library,511,42.0,81.2,-37.8195002,144.9418888,ENV,REAL_511,Real sensor series - Docklands Library - board 511,42,real_sensor_board_511,15.685848463297386,1,weak_multivariate_excursion
2015-03-12 09:10:00+00:00,16.1,Docklands Library,511,40.3,14.8,-37.8195002,144.9418888,ENV,REAL_511,Real sensor series - Docklands Library - board 511,42,real_sensor_board_511,15.70867877063791,1,weak_multivariate_excursion
2015-03-12 09:20:00+00:00,16.5,Docklands Library,511,38.7,12.6,-37.8195002,144.9418888,ENV,REAL_511,Real sensor series - Docklands Library - board 511,42,real_sensor_board_511,15.72694301651033,1,weak_multivariate_excursion
2015-03-12 09:30:00+00:00,16.1,Docklands Library,511,39.0,12.3,-37.8195002,144.9418888,ENV,REAL_511,Real sensor series - Docklands Library - board 511,42,real_sensor_board_511,15.741554413208265,0,normal
2015-03-12 10:00:00+00:00,16.1,Docklands Library,511,39.0,12.4,-37.8195002,144.9418888,ENV,REAL_511,Real sensor series - Docklands Library - board 511,42,real_sensor_board_511,15.753243530566612,0,normal
2015-03-12 10:40:00+00:00,15.8,Docklands Library,511,47.0,12.7,-37.8195002,144.9418888,ENV,REAL_511,Real sensor series - Docklands Library - board 511,42,real_sensor_board_511,15.762594824453291,0,normal
2015-03-12 10:50:00+00:00,15.8,Docklands Library,511,52.1,12.8,-37.8195002,144.9418888,ENV,REAL_511,Real sensor series - Docklands Library - board 511,42,real_sensor_board_511,15.770075859562635,0,normal
2015-03-12 11:10:00+00:00,15.8,Docklands Library,511,50.2,12.6,-37.8195002,144.9418888,ENV,REAL_511,Real sensor series - Docklands Library - board 511,42,real_sensor_board_511,15.776060687650109,0,normal
2015-03-12 11:35:00+00:00,15.5,Docklands Library,511,50.5,11.5,-37.8195002,144.9418888,ENV,REAL_511,Real sensor series - Docklands Library - board 511,42,real_sensor_board_511,15.780848550120087,0,normal
2015-03-12 11:45:00+00:00,15.5,Docklands Library,511,51.8,11.4,-37.8195002,144.9418888,ENV,REAL_511,Real sensor series - Docklands Library - board 511,42,real_sensor_board_511,15.72467884009607,0,normal
2015-03-12 12:15:00+00:00,15.8,Docklands Library,511,46.1,11.3,-37.8195002,144.9418888,ENV,REAL_511,Real sensor series - Docklands Library - board 511,42,real_sensor_board_511,15.679743072076857,0,normal
2015-03-12 13:05:00+00:00,16.1,Docklands Library,511,39.2,11.1,-37.8195002,144.9418888,ENV,REAL_511,Real sensor series - Docklands Library - board 511,42,real_sensor_board_511,15.643794457661485,0,normal
2015-03-12 13:15:00+00:00,15.8,Docklands Library,511,39.8,11.6,-37.8195002,144.9418888,ENV,REAL_511,Real sensor series - Docklands Library - board 511,42,real_sensor_board_511,15.615035566129189,0,normal
2015-03-12 14:15:00+00:00,15.8,Docklands Library,511,40.3,10.9,-37.8195002,144.9418888,ENV,REAL_511,Real sensor series - Docklands Library - board 511,42,real_sensor_board_511,15.592028452903351,0,normal
2015-03-12 14:50:00+00:00,15.5,Docklands Library,511,39.5,10.8,-37.8195002,144.9418888,ENV,REAL_511,Real sensor series - Docklands Library - board 511,42,real_sensor_board_511,15.573622762322682,0,normal
2015-03-12 15:00:00+00:00,15.5,Docklands Library,511,38.2,10.9,-37.8195002,144.9418888,ENV,REAL_511,Real sensor series - Docklands Library - board 511,42,real_sensor_board_511,15.558898209858146,0,normal
2015-03-12 15:10:00+00:00,15.5,Docklands Library,511,38.4,11.1,-37.8195002,144.9418888,ENV,REAL_511,Real sensor series - Docklands Library - board 511,42,real_sensor_board_511,15.547118567886518,0,normal
2015-03-12 15:30:00+00:00,15.5,Docklands Library,511,39.0,11.7,-37.8195002,144.9418888,ENV,REAL_511,Real sensor series - Docklands Library - board 511,42,real_sensor_board_511,15.537694854309214,0,normal
2015-03-12 16:00:00+00:00,15.5,Docklands Library,511,38.8,11.6,-37.8195002,144.9418888,ENV,REAL_511,Real sensor series - Docklands Library - board 511,42,real_sensor_board_511,15.530155883447371,0,normal
2015-03-12 16:20:00+00:00,15.5,Docklands Library,511,40.3,12.1,-37.8195002,144.9418888,ENV,REAL_511,Real sensor series - Docklands Library - board 511,42,real_sensor_board_511,15.524124706757897,0,normal
2015-03-12 16:50:00+00:00,15.5,Docklands Library,511,39.0,12.0,-37.8195002,144.9418888,ENV,REAL_511,Real sensor series - Docklands Library - board 511,42,real_sensor_board_511,15.519299765406318,0,normal
2015-03-12 17:10:00+00:00,15.5,Docklands Library,511,39.3,12.2,-37.8195002,144.9418888,ENV,REAL_511,Real sensor series - Docklands Library - board 511,42,real_sensor_board_511,15.515439812325054,0,normal
2015-03-12 17:40:00+00:00,15.5,Docklands Library,511,44.2,12.1,-37.8195002,144.9418888,ENV,REAL_511,Real sensor series - Docklands Library - board 511,42,real_sensor_board_511,15.512351849860044,0,normal
2015-03-12 18:00:00+00:00,14.8,Docklands Library,511,48.9,11.4,-37.8195002,144.9418888,ENV,REAL_511,Real sensor series - Docklands Library - board 511,42,real_sensor_board_511,15.509881479888035,0,normal
2015-03-12 18:15:00+00:00,14.8,Docklands Library,511,50.0,12.0,-37.8195002,144.9418888,ENV,REAL_511,Real sensor series - Docklands Library - board 511,42,real_sensor_board_511,15.50790518391043,0,normal
2015-03-12 18:25:00+00:00,14.8,Docklands Library,511,49.2,12.3,-37.8195002,144.9418888,ENV,REAL_511,Real sensor series - Docklands Library - board 511,42,real_sensor_board_511,15.506324147128344,0,normal
2015-03-12 19:05:00+00:00,14.8,Docklands Library,511,48.1,12.4,-37.8195002,144.9418888,ENV,REAL_511,Real sensor series - Docklands Library - board 511,42,real_sensor_board_511,15.505059317702676,0,normal
2015-03-12 19:35:00+00:00,14.5,Docklands Library,511,47.5,12.6,-37.8195002,144.9418888,ENV,REAL_511,Real sensor series - Docklands Library - board 511,42,real_sensor_board_511,15.50404745416214,0,normal
2015-03-12 19:45:00+00:00,14.5,Docklands Library,511,47.8,12.8,-37.8195002,144.9418888,ENV,REAL_511,Real sensor series - Docklands Library - board 511,42,real_sensor_board_511,15.503237963329713,0,normal
2015-03-12 19:55:00+00:00,14.8,Docklands Library,511,48.8,15.6,-37.8195002,144.9418888,ENV,REAL_511,Real sensor series - Docklands Library - board 511,42,real_sensor_board_511,15.502590370663771,1,weak_multivariate_excursion
2015-03-12 22:30:00+00:00,16.8,Docklands Library,511,41.8,96.4,-37.8195002,144.9418888,ENV,REAL_511,Real sensor series - Docklands Library - board 511,42,real_sensor_board_511,15.442072296531016,1,weak_multivariate_excursion
2015-03-13 00:20:00+00:00,23.2,Docklands Library,511,30.5,98.0,-37.8195002,144.9418888,ENV,REAL_511,Real sensor series - Docklands Library - board 511,42,real_sensor_board_511,15.313657837224815,1,weak_multivariate_excursion
2015-03-13 02:35:00+00:00,22.6,Docklands Library,511,32.1,98.1,-37.8195002,144.9418888,ENV,REAL_511,Real sensor series - Docklands Library - board 511,42,real_sensor_board_511,15.210926269779854,1,weak_multivariate_excursion
2015-03-13 09:35:00+00:00,16.1,Docklands Library,511,44.8,12.2,-37.8195002,144.9418888,ENV,REAL_511,Real sensor series - Docklands Library - board 511,42,real_sensor_board_511,15.128741015823884,1,weak_multivariate_excursion
2015-03-13 09:45:00+00:00,16.1,Docklands Library,511,44.7,12.1,-37.8195002,144.9418888,ENV,REAL_511,Real sensor series - Docklands Library - board 511,42,real_sensor_board_511,15.06299281265911,1,weak_multivariate_excursion
2015-03-13 10:15:00+00:00,15.5,Docklands Library,511,46.6,12.4,-37.8195002,144.9418888,ENV,REAL_511,Real sensor series - Docklands Library - board 511,42,real_sensor_board_511,15.01039425012729,0,normal
2015-03-13 10:25:00+00:00,15.5,Docklands Library,511,46.7,12.4,-37.8195002,144.9418888,ENV,REAL_511,Real sensor series - Docklands Library - board 511,42,real_sensor_board_511,14.908315400101833,0,normal
2015-03-13 11:00:00+00:00,15.2,Docklands Library,511,48.1,12.3,-37.8195002,144.9418888,ENV,REAL_511,Real sensor series - Docklands Library - board 511,42,real_sensor_board_511,14.826652320081466,0,normal
2015-03-13 12:10:00+00:00,14.2,Docklands Library,511,50.0,10.8,-37.8195002,144.9418888,ENV,REAL_511,Real sensor series - Docklands Library - board 511,42,real_sensor_board_511,14.701321856065174,0,normal
2015-03-13 12:20:00+00:00,14.2,Docklands Library,511,50.8,11.0,-37.8195002,144.9418888,ENV,REAL_511,Real sensor series - Docklands Library - board 511,42,real_sensor_board_511,14.60105748485214,0,normal
2015-03-13 12:50:00+00:00,13.9,Docklands Library,511,50.8,10.6,-37.8195002,144.9418888,ENV,REAL_511,Real sensor series - Docklands Library - board 511,42,real_sensor_board_511,14.460845987881711,0,normal
2015-03-13 13:00:00+00:00,13.9,Docklands Library,511,51.4,10.9,-37.8195002,144.9418888,ENV,REAL_511,Real sensor series - Docklands Library - board 511,42,real_sensor_board_511,14.348676790305369,0,normal
2015-03-13 13:10:00+00:00,13.9,Docklands Library,511,51.3,11.0,-37.8195002,144.9418888,ENV,REAL_511,Real sensor series - Docklands Library - board 511,42,real_sensor_board_511,14.258941432244296,0,normal
2015-03-13 13:30:00+00:00,13.5,Docklands Library,511,51.0,10.6,-37.8195002,144.9418888,ENV,REAL_511,Real sensor series - Docklands Library - board 511,42,real_sensor_board_511,14.107153145795436,0,normal
2015-03-13 13:40:00+00:00,13.5,Docklands Library,511,51.6,10.9,-37.8195002,144.9418888,ENV,REAL_511,Real sensor series - Docklands Library - board 511,42,real_sensor_board_511,13.98572251663635,0,normal
2015-03-13 14:25:00+00:00,13.2,Docklands Library,511,51.4,10.8,-37.8195002,144.9418888,ENV,REAL_511,Real sensor series - Docklands Library - board 511,42,real_sensor_board_511,13.828578013309082,0,normal
2015-03-13 15:25:00+00:00,12.9,Docklands Library,511,52.2,10.9,-37.8195002,144.9418888,ENV,REAL_511,Real sensor series - Docklands Library - board 511,42,real_sensor_board_511,13.642862410647266,0,normal
2015-03-13 15:45:00+00:00,12.6,Docklands Library,511,52.1,11.0,-37.8195002,144.9418888,ENV,REAL_511,Real sensor series - Docklands Library - board 511,42,real_sensor_board_511,13.434289928517813,0,normal
2015-03-13 15:55:00+00:00,12.6,Docklands Library,511,52.7,11.0,-37.8195002,144.9418888,ENV,REAL_511,Real sensor series - Docklands Library - board 511,42,real_sensor_board_511,13.267431942814252,0,normal
2015-03-13 16:05:00+00:00,11.9,Docklands Library,511,53.5,11.0,-37.8195002,144.9418888,ENV,REAL_511,Real sensor series - Docklands Library - board 511,42,real_sensor_board_511,12.993945554251402,0,normal
2015-03-13 16:25:00+00:00,11.6,Docklands Library,511,55.1,11.1,-37.8195002,144.9418888,ENV,REAL_511,Real sensor series - Docklands Library - board 511,42,real_sensor_board_511,12.715156443401122,0,normal
2015-03-13 16:35:00+00:00,11.3,Docklands Library,511,54.6,11.2,-37.8195002,144.9418888,ENV,REAL_511,Real sensor series - Docklands Library - board 511,42,real_sensor_board_511,12.492125154720899,0,normal
2015-03-13 16:45:00+00:00,11.6,Docklands Library,511,55.5,11.0,-37.8195002,144.9418888,ENV,REAL_511,Real sensor series - Docklands Library - board 511,42,real_sensor_board_511,12.253700123776719,0,normal
2015-03-13 16:55:00+00:00,11.3,Docklands Library,511,56.0,11.1,-37.8195002,144.9418888,ENV,REAL_511,Real sensor series - Docklands Library - board 511,42,real_sensor_board_511,12.062960099021376,0,normal
2015-03-13 17:15:00+00:00,11.3,Docklands Library,511,55.9,11.2,-37.8195002,144.9418888,ENV,REAL_511,Real sensor series - Docklands Library - board 511,42,real_sensor_board_511,11.910368079217102,0,normal
2015-03-13 17:50:00+00:00,11.0,Docklands Library,511,56.5,11.1,-37.8195002,144.9418888,ENV,REAL_511,Real sensor series - Docklands Library - board 511,42,real_sensor_board_511,11.788294463373681,0,normal
2015-03-13 18:20:00+00:00,11.0,Docklands Library,511,56.8,11.3,-37.8195002,144.9418888,ENV,REAL_511,Real sensor series - Docklands Library - board 511,42,real_sensor_board_511,11.690635570698944,0,normal
2015-03-13 18:40:00+00:00,11.0,Docklands Library,511,56.8,11.3,-37.8195002,144.9418888,ENV,REAL_511,Real sensor series - Docklands Library - board 511,42,real_sensor_board_511,11.612508456559155,0,normal
2015-03-13 18:50:00+00:00,11.3,Docklands Library,511,57.0,11.3,-37.8195002,144.9418888,ENV,REAL_511,Real sensor series - Docklands Library - board 511,42,real_sensor_board_511,11.550006765247325,0,normal
2015-03-13 19:10:00+00:00,11.0,Docklands Library,511,55.7,11.3,-37.8195002,144.9418888,ENV,REAL_511,Real sensor series - Docklands Library - board 511,42,real_sensor_board_511,11.50000541219786,0,normal
2015-03-13 19:20:00+00:00,10.6,Docklands Library,511,56.5,11.4,-37.8195002,144.9418888,ENV,REAL_511,Real sensor series - Docklands Library - board 511,42,real_sensor_board_511,11.460004329758288,0,normal
2015-03-13 19:30:00+00:00,10.6,Docklands Library,511,56.2,11.5,-37.8195002,144.9418888,ENV,REAL_511,Real sensor series - Docklands Library - board 511,42,real_sensor_board_511,11.42800346380663,0,normal
2015-03-13 19:40:00+00:00,10.6,Docklands Library,511,56.0,11.7,-37.8195002,144.9418888,ENV,REAL_511,Real sensor series - Docklands Library - board 511,42,real_sensor_board_511,11.402402771045304,0,normal
2015-03-13 19:50:00+00:00,10.6,Docklands Library,511,55.9,15.2,-37.8195002,144.9418888,ENV,REAL_511,Real sensor series - Docklands Library - board 511,42,real_sensor_board_511,11.381922216836244,1,weak_multivariate_excursion
2015-03-13 20:00:00+00:00,10.6,Docklands Library,511,56.2,36.4,-37.8195002,144.9418888,ENV,REAL_511,Real sensor series - Docklands Library - board 511,42,real_sensor_board_511,11.365537773468995,1,weak_multivariate_excursion
2015-03-13 20:10:00+00:00,10.6,Docklands Library,511,56.2,67.0,-37.8195002,144.9418888,ENV,REAL_511,Real sensor series - Docklands Library - board 511,42,real_sensor_board_511,11.352430218775197,1,weak_multivariate_excursion
2015-03-13 20:40:00+00:00,10.6,Docklands Library,511,55.5,89.4,-37.8195002,144.9418888,ENV,REAL_511,Real sensor series - Docklands Library - board 511,42,real_sensor_board_511,11.341944175020158,1,weak_multivariate_excursion
2015-03-13 21:05:00+00:00,11.3,Docklands Library,511,55.7,91.9,-37.8195002,144.9418888,ENV,REAL_511,Real sensor series - Docklands Library - board 511,42,real_sensor_board_511,11.393555340016126,1,weak_multivariate_excursion
2015-03-13 21:15:00+00:00,11.6,Docklands Library,511,54.3,92.5,-37.8195002,144.9418888,ENV,REAL_511,Real sensor series - Docklands Library - board 511,42,real_sensor_board_511,11.434844272012901,0,normal
2015-03-13 21:25:00+00:00,11.6,Docklands Library,511,52.9,93.1,-37.8195002,144.9418888,ENV,REAL_511,Real sensor series - Docklands Library - board 511,42,real_sensor_board_511,11.46787541761032,0,normal
2015-03-13 21:35:00+00:00,11.9,Docklands Library,511,52.7,93.5,-37.8195002,144.9418888,ENV,REAL_511,Real sensor series - Docklands Library - board 511,42,real_sensor_board_511,11.554300334088257,0,normal
2015-03-13 21:55:00+00:00,13.2,Docklands Library,511,50.5,94.0,-37.8195002,144.9418888,ENV,REAL_511,Real sensor series - Docklands Library - board 511,42,real_sensor_board_511,11.883440267270606,1,weak_multivariate_excursion
2015-03-13 22:55:00+00:00,24.2,Docklands Library,511,32.1,97.3,-37.8195002,144.9418888,ENV,REAL_511,Real sensor series - Docklands Library - board 511,42,real_sensor_board_511,12.546752213816486,1,weak_multivariate_excursion
2015-03-14 03:30:00+00:00,31.9,Docklands Library,511,16.3,98.0,-37.8195002,144.9418888,ENV,REAL_511,Real sensor series - Docklands Library - board 511,42,real_sensor_board_511,13.07740177105319,1,weak_multivariate_excursion
2015-03-14 08:20:00+00:00,19.4,Docklands Library,511,53.7,72.5,-37.8195002,144.9418888,ENV,REAL_511,Real sensor series - Docklands Library - board 511,42,real_sensor_board_511,13.561921416842551,1,weak_multivariate_excursion
2015-03-14 09:00:00+00:00,19.0,Docklands Library,511,54.4,14.4,-37.8195002,144.9418888,ENV,REAL_511,Real sensor series - Docklands Library - board 511,42,real_sensor_board_511,14.009537133474042,1,weak_multivariate_excursion
2015-03-14 11:55:00+00:00,16.1,Docklands Library,511,63.9,11.1,-37.8195002,144.9418888,ENV,REAL_511,Real sensor series - Docklands Library - board 511,42,real_sensor_board_511,14.367629706779235,1,weak_multivariate_excursion
2015-03-14 12:25:00+00:00,16.1,Docklands Library,511,66.4,11.2,-37.8195002,144.9418888,ENV,REAL_511,Real sensor series - Docklands Library - board 511,42,real_sensor_board_511,14.71410376542339,1,weak_multivariate_excursion
2015-03-14 12:35:00+00:00,16.1,Docklands Library,511,66.6,11.5,-37.8195002,144.9418888,ENV,REAL_511,Real sensor series - Docklands Library - board 511,42,real_sensor_board_511,14.991283012338714,0,normal
2015-03-14 12:45:00+00:00,15.8,Docklands Library,511,67.1,11.2,-37.8195002,144.9418888,ENV,REAL_511,Real sensor series - Docklands Library - board 511,42,real_sensor_board_511,15.213026409870972,0,normal
2015-03-14 12:55:00+00:00,15.5,Docklands Library,511,68.9,11.3,-37.8195002,144.9418888,ENV,REAL_511,Real sensor series - Docklands Library - board 511,42,real_sensor_board_511,15.39042112789678,0,normal
2015-03-14 13:05:00+00:00,15.2,Docklands Library,511,69.7,10.9,-37.8195002,144.9418888,ENV,REAL_511,Real sensor series - Docklands Library - board 511,42,real_sensor_board_511,15.532336902317425,0,normal
2015-03-14 13:15:00+00:00,15.2,Docklands Library,511,69.6,10.5,-37.8195002,144.9418888,ENV,REAL_511,Real sensor series - Docklands Library - board 511,42,real_sensor_board_511,15.64586952185394,0,normal
2015-03-14 13:35:00+00:00,15.8,Docklands Library,511,63.0,10.9,-37.8195002,144.9418888,ENV,REAL_511,Real sensor series - Docklands Library - board 511,42,real_sensor_board_511,15.736695617483154,0,normal
2015-03-14 13:50:00+00:00,16.5,Docklands Library,511,61.7,10.6,-37.8195002,144.9418888,ENV,REAL_511,Real sensor series - Docklands Library - board 511,42,real_sensor_board_511,15.809356493986524,0,normal
2015-03-14 14:10:00+00:00,16.5,Docklands Library,511,58.4,10.9,-37.8195002,144.9418888,ENV,REAL_511,Real sensor series - Docklands Library - board 511,42,real_sensor_board_511,15.86748519518922,0,normal
2015-03-14 14:20:00+00:00,16.1,Docklands Library,511,56.2,11.1,-37.8195002,144.9418888,ENV,REAL_511,Real sensor series - Docklands Library - board 511,42,real_sensor_board_511,15.913988156151378,0,normal
2015-03-14 14:30:00+00:00,16.1,Docklands Library,511,54.3,11.3,-37.8195002,144.9418888,ENV,REAL_511,Real sensor series - Docklands Library - board 511,42,real_sensor_board_511,15.951190524921104,0,normal
2015-03-14 14:40:00+00:00,16.5,Docklands Library,511,53.5,11.3,-37.8195002,144.9418888,ENV,REAL_511,Real sensor series - Docklands Library - board 511,42,real_sensor_board_511,15.980952419936886,0,normal
2015-03-14 15:00:00+00:00,16.1,Docklands Library,511,50.8,12.0,-37.8195002,144.9418888,ENV,REAL_511,Real sensor series - Docklands Library - board 511,42,real_sensor_board_511,15.94476193594951,0,normal
2015-03-14 15:10:00+00:00,16.1,Docklands Library,511,49.1,11.6,-37.8195002,144.9418888,ENV,REAL_511,Real sensor series - Docklands Library - board 511,42,real_sensor_board_511,15.915809548759608,0,normal
2015-03-14 15:20:00+00:00,16.1,Docklands Library,511,49.7,11.9,-37.8195002,144.9418888,ENV,REAL_511,Real sensor series - Docklands Library - board 511,42,real_sensor_board_511,15.892647639007688,0,normal
2015-03-14 15:30:00+00:00,16.1,Docklands Library,511,49.9,11.8,-37.8195002,144.9418888,ENV,REAL_511,Real sensor series - Docklands Library - board 511,42,real_sensor_board_511,15.874118111206151,0,normal
2015-03-14 15:40:00+00:00,16.1,Docklands Library,511,49.2,12.3,-37.8195002,144.9418888,ENV,REAL_511,Real sensor series - Docklands Library - board 511,42,real_sensor_board_511,15.859294488964922,0,normal
2015-03-14 16:20:00+00:00,15.8,Docklands Library,511,50.2,11.9,-37.8195002,144.9418888,ENV,REAL_511,Real sensor series - Docklands Library - board 511,42,real_sensor_board_511,15.787435591171938,0,normal
2015-03-14 16:30:00+00:00,15.8,Docklands Library,511,47.5,12.0,-37.8195002,144.9418888,ENV,REAL_511,Real sensor series - Docklands Library - board 511,42,real_sensor_board_511,15.72994847293755,0,normal
2015-03-14 16:40:00+00:00,15.8,Docklands Library,511,46.7,12.0,-37.8195002,144.9418888,ENV,REAL_511,Real sensor series - Docklands Library - board 511,42,real_sensor_board_511,15.683958778350041,0,normal
2015-03-14 16:50:00+00:00,15.5,Docklands Library,511,43.3,12.2,-37.8195002,144.9418888,ENV,REAL_511,Real sensor series - Docklands Library - board 511,42,real_sensor_board_511,15.647167022680033,0,normal
2015-03-14 17:25:00+00:00,15.2,Docklands Library,511,41.4,12.1,-37.8195002,144.9418888,ENV,REAL_511,Real sensor series - Docklands Library - board 511,42,real_sensor_board_511,15.617733618144028,0,normal
2015-03-14 17:35:00+00:00,15.5,Docklands Library,511,43.1,12.3,-37.8195002,144.9418888,ENV,REAL_511,Real sensor series - Docklands Library - board 511,42,real_sensor_board_511,15.594186894515223,0,normal
2015-03-14 17:45:00+00:00,15.5,Docklands Library,511,45.6,12.5,-37.8195002,144.9418888,ENV,REAL_511,Real sensor series - Docklands Library - board 511,42,real_sensor_board_511,15.57534951561218,0,normal
2015-03-14 17:55:00+00:00,15.5,Docklands Library,511,43.7,12.5,-37.8195002,144.9418888,ENV,REAL_511,Real sensor series - Docklands Library - board 511,42,real_sensor_board_511,15.560279612489744,0,normal
2015-03-14 18:05:00+00:00,15.5,Docklands Library,511,42.9,12.4,-37.8195002,144.9418888,ENV,REAL_511,Real sensor series - Docklands Library - board 511,42,real_sensor_board_511,15.548223689991795,0,normal
2015-03-14 18:15:00+00:00,15.2,Docklands Library,511,41.5,12.3,-37.8195002,144.9418888,ENV,REAL_511,Real sensor series - Docklands Library - board 511,42,real_sensor_board_511,15.478578951993438,0,normal
2015-03-14 18:25:00+00:00,15.2,Docklands Library,511,40.9,12.6,-37.8195002,144.9418888,ENV,REAL_511,Real sensor series - Docklands Library - board 511,42,real_sensor_board_511,15.422863161594751,0,normal
2015-03-14 18:45:00+00:00,15.2,Docklands Library,511,41.0,12.4,-37.8195002,144.9418888,ENV,REAL_511,Real sensor series - Docklands Library - board 511,42,real_sensor_board_511,15.378290529275802,0,normal
2015-03-14 18:55:00+00:00,15.2,Docklands Library,511,40.6,12.4,-37.8195002,144.9418888,ENV,REAL_511,Real sensor series - Docklands Library - board 511,42,real_sensor_board_511,15.342632423420643,0,normal
2015-03-14 19:05:00+00:00,15.2,Docklands Library,511,40.9,12.6,-37.8195002,144.9418888,ENV,REAL_511,Real sensor series - Docklands Library - board 511,42,real_sensor_board_511,15.314105938736514,0,normal
2015-03-14 19:15:00+00:00,14.8,Docklands Library,511,41.2,12.6,-37.8195002,144.9418888,ENV,REAL_511,Real sensor series - Docklands Library - board 511,42,real_sensor_board_511,15.291284750989213,0,normal
2015-03-14 19:25:00+00:00,15.2,Docklands Library,511,40.4,12.7,-37.8195002,144.9418888,ENV,REAL_511,Real sensor series - Docklands Library - board 511,42,real_sensor_board_511,15.273027800791372,0,normal
2015-03-14 19:35:00+00:00,15.2,Docklands Library,511,43.7,12.6,-37.8195002,144.9418888,ENV,REAL_511,Real sensor series - Docklands Library - board 511,42,real_sensor_board_511,15.258422240633099,0,normal
2015-03-14 19:45:00+00:00,14.8,Docklands Library,511,42.8,12.8,-37.8195002,144.9418888,ENV,REAL_511,Real sensor series - Docklands Library - board 511,42,real_sensor_board_511,15.24673779250648,1,weak_multivariate_excursion
2015-03-14 20:05:00+00:00,15.2,Docklands Library,511,43.9,30.0,-37.8195002,144.9418888,ENV,REAL_511,Real sensor series - Docklands Library - board 511,42,real_sensor_board_511,15.237390234005183,1,weak_multivariate_excursion
2015-03-14 20:40:00+00:00,14.8,Docklands Library,511,41.7,71.5,-37.8195002,144.9418888,ENV,REAL_511,Real sensor series - Docklands Library - board 511,42,real_sensor_board_511,15.229912187204146,1,weak_multivariate_excursion
2015-03-14 21:00:00+00:00,14.5,Docklands Library,511,44.8,84.8,-37.8195002,144.9418888,ENV,REAL_511,Real sensor series - Docklands Library - board 511,42,real_sensor_board_511,15.223929749763318,1,weak_multivariate_excursion
2015-03-14 21:40:00+00:00,15.2,Docklands Library,511,40.9,92.1,-37.8195002,144.9418888,ENV,REAL_511,Real sensor series - Docklands Library - board 511,42,real_sensor_board_511,15.219143799810656,1,weak_multivariate_excursion
2015-03-14 21:50:00+00:00,15.2,Docklands Library,511,39.8,94.0,-37.8195002,144.9418888,ENV,REAL_511,Real sensor series - Docklands Library - board 511,42,real_sensor_board_511,15.215315039848527,0,normal
2015-03-14 22:10:00+00:00,15.5,Docklands Library,511,39.2,93.9,-37.8195002,144.9418888,ENV,REAL_511,Real sensor series - Docklands Library - board 511,42,real_sensor_board_511,15.212252031878823,0,normal
2015-03-14 22:20:00+00:00,14.8,Docklands Library,511,42.6,93.9,-37.8195002,144.9418888,ENV,REAL_511,Real sensor series - Docklands Library - board 511,42,real_sensor_board_511,15.209801625503058,0,normal
2015-03-14 22:30:00+00:00,15.2,Docklands Library,511,43.7,94.6,-37.8195002,144.9418888,ENV,REAL_511,Real sensor series - Docklands Library - board 511,42,real_sensor_board_511,15.267841300402447,0,normal
2015-03-14 23:00:00+00:00,15.5,Docklands Library,511,40.9,95.5,-37.8195002,144.9418888,ENV,REAL_511,Real sensor series - Docklands Library - board 511,42,real_sensor_board_511,15.314273040321957,0,normal
2015-03-14 23:45:00+00:00,16.1,Docklands Library,511,37.6,97.0,-37.8195002,144.9418888,ENV,REAL_511,Real sensor series - Docklands Library - board 511,42,real_sensor_board_511,15.351418432257566,1,weak_multivariate_excursion
2015-03-15 00:45:00+00:00,19.4,Docklands Library,511,33.5,97.8,-37.8195002,144.9418888,ENV,REAL_511,Real sensor series - Docklands Library - board 511,42,real_sensor_board_511,15.381134745806053,1,weak_multivariate_excursion
2015-03-15 07:05:00+00:00,18.7,Docklands Library,511,42.5,95.5,-37.8195002,144.9418888,ENV,REAL_511,Real sensor series - Docklands Library - board 511,42,real_sensor_board_511,15.404907796644842,1,weak_multivariate_excursion
2015-03-15 07:15:00+00:00,17.4,Docklands Library,511,45.5,95.6,-37.8195002,144.9418888,ENV,REAL_511,Real sensor series - Docklands Library - board 511,42,real_sensor_board_511,15.423926237315873,0,normal
2015-03-15 07:25:00+00:00,16.8,Docklands Library,511,46.9,93.3,-37.8195002,144.9418888,ENV,REAL_511,Real sensor series - Docklands Library - board 511,42,real_sensor_board_511,15.4391409898527,0,normal
2015-03-15 08:15:00+00:00,16.1,Docklands Library,511,50.7,86.9,-37.8195002,144.9418888,ENV,REAL_511,Real sensor series - Docklands Library - board 511,42,real_sensor_board_511,15.45131279188216,1,weak_multivariate_excursion
2015-03-15 08:45:00+00:00,15.8,Docklands Library,511,51.3,46.9,-37.8195002,144.9418888,ENV,REAL_511,Real sensor series - Docklands Library - board 511,42,real_sensor_board_511,15.461050233505729,1,weak_multivariate_excursion
2015-03-15 09:25:00+00:00,15.8,Docklands Library,511,52.1,12.5,-37.8195002,144.9418888,ENV,REAL_511,Real sensor series - Docklands Library - board 511,42,real_sensor_board_511,15.468840186804583,1,weak_multivariate_excursion
2015-03-15 09:50:00+00:00,16.1,Docklands Library,511,52.7,12.7,-37.8195002,144.9418888,ENV,REAL_511,Real sensor series - Docklands Library - board 511,42,real_sensor_board_511,15.475072149443667,1,weak_multivariate_excursion
2015-03-15 10:00:00+00:00,16.1,Docklands Library,511,53.2,12.6,-37.8195002,144.9418888,ENV,REAL_511,Real sensor series - Docklands Library - board 511,42,real_sensor_board_511,15.480057719554933,0,normal
2015-03-15 10:30:00+00:00,16.5,Docklands Library,511,54.4,12.7,-37.8195002,144.9418888,ENV,REAL_511,Real sensor series - Docklands Library - board 511,42,real_sensor_board_511,15.484046175643947,0,normal
2015-03-15 11:20:00+00:00,16.5,Docklands Library,511,55.2,10.7,-37.8195002,144.9418888,ENV,REAL_511,Real sensor series - Docklands Library - board 511,42,real_sensor_board_511,15.487236940515158,0,normal
2015-03-15 11:40:00+00:00,16.5,Docklands Library,511,54.9,11.0,-37.8195002,144.9418888,ENV,REAL_511,Real sensor series - Docklands Library - board 511,42,real_sensor_board_511,15.489789552412127,0,normal
2015-03-15 11:50:00+00:00,16.1,Docklands Library,511,54.4,11.1,-37.8195002,144.9418888,ENV,REAL_511,Real sensor series - Docklands Library - board 511,42,real_sensor_board_511,15.491831641929702,0,normal
2015-03-15 12:10:00+00:00,15.8,Docklands Library,511,53.3,10.9,-37.8195002,144.9418888,ENV,REAL_511,Real sensor series - Docklands Library - board 511,42,real_sensor_board_511,15.493465313543762,0,normal
2015-03-15 12:50:00+00:00,15.5,Docklands Library,511,52.7,10.9,-37.8195002,144.9418888,ENV,REAL_511,Real sensor series - Docklands Library - board 511,42,real_sensor_board_511,15.49477225083501,0,normal
2015-03-15 13:25:00+00:00,14.8,Docklands Library,511,52.7,10.7,-37.8195002,144.9418888,ENV,REAL_511,Real sensor series - Docklands Library - board 511,42,real_sensor_board_511,15.35581780066801,0,normal
2015-03-15 13:55:00+00:00,14.5,Docklands Library,511,53.7,11.0,-37.8195002,144.9418888,ENV,REAL_511,Real sensor series - Docklands Library - board 511,42,real_sensor_board_511,15.184654240534408,0,normal
2015-03-15 14:05:00+00:00,14.5,Docklands Library,511,53.3,10.9,-37.8195002,144.9418888,ENV,REAL_511,Real sensor series - Docklands Library - board 511,42,real_sensor_board_511,15.047723392427528,0,normal
2015-03-15 14:25:00+00:00,14.5,Docklands Library,511,53.0,10.9,-37.8195002,144.9418888,ENV,REAL_511,Real sensor series - Docklands Library - board 511,42,real_sensor_board_511,14.938178713942024,0,normal
2015-03-15 14:45:00+00:00,14.2,Docklands Library,511,52.9,11.3,-37.8195002,144.9418888,ENV,REAL_511,Real sensor series - Docklands Library - board 511,42,real_sensor_board_511,14.79054297115362,0,normal
2015-03-15 14:55:00+00:00,14.2,Docklands Library,511,53.2,10.7,-37.8195002,144.9418888,ENV,REAL_511,Real sensor series - Docklands Library - board 511,42,real_sensor_board_511,14.672434376922897,0,normal
2015-03-15 15:05:00+00:00,14.2,Docklands Library,511,53.2,10.9,-37.8195002,144.9418888,ENV,REAL_511,Real sensor series - Docklands Library - board 511,42,real_sensor_board_511,14.577947501538318,0,normal
2015-03-15 15:25:00+00:00,14.2,Docklands Library,511,53.7,11.0,-37.8195002,144.9418888,ENV,REAL_511,Real sensor series - Docklands Library - board 511,42,real_sensor_board_511,14.502358001230656,0,normal
2015-03-15 15:35:00+00:00,13.9,Docklands Library,511,54.0,11.2,-37.8195002,144.9418888,ENV,REAL_511,Real sensor series - Docklands Library - board 511,42,real_sensor_board_511,14.381886400984527,0,normal
2015-03-15 15:55:00+00:00,13.9,Docklands Library,511,54.0,11.1,-37.8195002,144.9418888,ENV,REAL_511,Real sensor series - Docklands Library - board 511,42,real_sensor_board_511,14.285509120787623,0,normal
2015-03-15 16:20:00+00:00,13.5,Docklands Library,511,54.9,11.2,-37.8195002,144.9418888,ENV,REAL_511,Real sensor series - Docklands Library - board 511,42,real_sensor_board_511,14.128407296630098,0,normal
2015-03-15 16:30:00+00:00,13.2,Docklands Library,511,55.2,11.1,-37.8195002,144.9418888,ENV,REAL_511,Real sensor series - Docklands Library - board 511,42,real_sensor_board_511,13.94272583730408,0,normal
2015-03-15 16:40:00+00:00,13.2,Docklands Library,511,55.7,11.1,-37.8195002,144.9418888,ENV,REAL_511,Real sensor series - Docklands Library - board 511,42,real_sensor_board_511,13.794180669843264,0,normal
2015-03-15 16:50:00+00:00,13.2,Docklands Library,511,55.5,11.1,-37.8195002,144.9418888,ENV,REAL_511,Real sensor series - Docklands Library - board 511,42,real_sensor_board_511,13.675344535874613,0,normal
2015-03-15 17:00:00+00:00,12.9,Docklands Library,511,55.5,11.2,-37.8195002,144.9418888,ENV,REAL_511,Real sensor series - Docklands Library - board 511,42,real_sensor_board_511,13.580275628699692,0,normal
2015-03-15 17:10:00+00:00,12.6,Docklands Library,511,56.3,11.2,-37.8195002,144.9418888,ENV,REAL_511,Real sensor series - Docklands Library - board 511,42,real_sensor_board_511,13.504220502959754,0,normal
2015-03-15 17:20:00+00:00,12.9,Docklands Library,511,57.0,11.2,-37.8195002,144.9418888,ENV,REAL_511,Real sensor series - Docklands Library - board 511,42,real_sensor_board_511,13.443376402367804,0,normal
2015-03-15 17:30:00+00:00,12.6,Docklands Library,511,57.4,11.3,-37.8195002,144.9418888,ENV,REAL_511,Real sensor series - Docklands Library - board 511,42,real_sensor_board_511,13.394701121894244,0,normal
2015-03-15 17:40:00+00:00,12.6,Docklands Library,511,58.1,11.3,-37.8195002,144.9418888,ENV,REAL_511,Real sensor series - Docklands Library - board 511,42,real_sensor_board_511,13.355760897515395,0,normal
2015-03-15 18:20:00+00:00,12.6,Docklands Library,511,58.1,11.3,-37.8195002,144.9418888,ENV,REAL_511,Real sensor series - Docklands Library - board 511,42,real_sensor_board_511,13.324608718012318,0,normal
2015-03-15 18:40:00+00:00,12.3,Docklands Library,511,57.9,11.4,-37.8195002,144.9418888,ENV,REAL_511,Real sensor series - Docklands Library - board 511,42,real_sensor_board_511,13.299686974409855,0,normal
2015-03-15 18:50:00+00:00,12.3,Docklands Library,511,58.7,11.4,-37.8195002,144.9418888,ENV,REAL_511,Real sensor series - Docklands Library - board 511,42,real_sensor_board_511,13.279749579527886,0,normal
2015-03-15 19:00:00+00:00,11.9,Docklands Library,511,59.5,11.4,-37.8195002,144.9418888,ENV,REAL_511,Real sensor series - Docklands Library - board 511,42,real_sensor_board_511,13.26379966362231,0,normal
2015-03-15 19:10:00+00:00,11.3,Docklands Library,511,58.9,11.6,-37.8195002,144.9418888,ENV,REAL_511,Real sensor series - Docklands Library - board 511,42,real_sensor_board_511,13.25103973089785,0,normal
2015-03-15 19:20:00+00:00,11.3,Docklands Library,511,59.6,11.6,-37.8195002,144.9418888,ENV,REAL_511,Real sensor series - Docklands Library - board 511,42,real_sensor_board_511,13.240831784718281,0,normal
2015-03-15 19:35:00+00:00,11.3,Docklands Library,511,59.6,11.5,-37.8195002,144.9418888,ENV,REAL_511,Real sensor series - Docklands Library - board 511,42,real_sensor_board_511,13.232665427774627,0,normal
2015-03-15 19:55:00+00:00,11.0,Docklands Library,511,59.6,15.2,-37.8195002,144.9418888,ENV,REAL_511,Real sensor series - Docklands Library - board 511,42,real_sensor_board_511,13.226132342219703,1,weak_multivariate_excursion
2015-03-16 03:15:00+00:00,23.5,Docklands Library,511,31.0,97.1,-37.8195002,144.9418888,ENV,REAL_511,Real sensor series - Docklands Library - board 511,42,real_sensor_board_511,14.460905873775761,1,weak_multivariate_excursion
2015-03-16 09:35:00+00:00,22.9,Docklands Library,511,32.5,11.8,-37.8195002,144.9418888,ENV,REAL_511,Real sensor series - Docklands Library - board 511,42,real_sensor_board_511,15.448724699020609,1,weak_multivariate_excursion
2015-03-16 09:55:00+00:00,22.3,Docklands Library,511,33.6,11.7,-37.8195002,144.9418888,ENV,REAL_511,Real sensor series - Docklands Library - board 511,42,real_sensor_board_511,16.238979759216488,1,weak_multivariate_excursion
2015-03-16 10:35:00+00:00,21.9,Docklands Library,511,34.6,12.0,-37.8195002,144.9418888,ENV,REAL_511,Real sensor series - Docklands Library - board 511,42,real_sensor_board_511,16.87118380737319,1,weak_multivariate_excursion
2015-03-16 10:45:00+00:00,22.3,Docklands Library,511,34.4,11.9,-37.8195002,144.9418888,ENV,REAL_511,Real sensor series - Docklands Library - board 511,42,real_sensor_board_511,17.37694704589855,0,normal
2015-03-16 10:55:00+00:00,22.3,Docklands Library,511,34.9,11.9,-37.8195002,144.9418888,ENV,REAL_511,Real sensor series - Docklands Library - board 511,42,real_sensor_board_511,17.78155763671884,0,normal
2015-03-16 11:35:00+00:00,21.6,Docklands Library,511,36.9,10.6,-37.8195002,144.9418888,ENV,REAL_511,Real sensor series - Docklands Library - board 511,42,real_sensor_board_511,18.105246109375074,0,normal
2015-03-16 11:55:00+00:00,21.6,Docklands Library,511,36.5,10.8,-37.8195002,144.9418888,ENV,REAL_511,Real sensor series - Docklands Library - board 511,42,real_sensor_board_511,18.36419688750006,0,normal
2015-03-16 12:05:00+00:00,21.3,Docklands Library,511,37.1,10.4,-37.8195002,144.9418888,ENV,REAL_511,Real sensor series - Docklands Library - board 511,42,real_sensor_board_511,18.57135751000005,0,normal
2015-03-16 12:50:00+00:00,21.3,Docklands Library,511,36.0,10.4,-37.8195002,144.9418888,ENV,REAL_511,Real sensor series - Docklands Library - board 511,42,real_sensor_board_511,18.737086008000038,0,normal
2015-03-16 13:00:00+00:00,21.0,Docklands Library,511,37.3,10.8,-37.8195002,144.9418888,ENV,REAL_511,Real sensor series - Docklands Library - board 511,42,real_sensor_board_511,18.869668806400032,0,normal
2015-03-16 13:10:00+00:00,21.0,Docklands Library,511,37.6,10.9,-37.8195002,144.9418888,ENV,REAL_511,Real sensor series - Docklands Library - board 511,42,real_sensor_board_511,18.975735045120025,0,normal
2015-03-16 13:40:00+00:00,20.0,Docklands Library,511,42.3,10.7,-37.8195002,144.9418888,ENV,REAL_511,Real sensor series - Docklands Library - board 511,42,real_sensor_board_511,19.06058803609602,0,normal
2015-03-16 13:50:00+00:00,19.7,Docklands Library,511,43.6,10.9,-37.8195002,144.9418888,ENV,REAL_511,Real sensor series - Docklands Library - board 511,42,real_sensor_board_511,19.128470428876817,0,normal
2015-03-16 14:00:00+00:00,19.7,Docklands Library,511,44.5,10.9,-37.8195002,144.9418888,ENV,REAL_511,Real sensor series - Docklands Library - board 511,42,real_sensor_board_511,19.182776343101455,0,normal
2015-03-16 14:20:00+00:00,19.4,Docklands Library,511,44.7,10.8,-37.8195002,144.9418888,ENV,REAL_511,Real sensor series - Docklands Library - board 511,42,real_sensor_board_511,19.226221074481163,0,normal
2015-03-16 14:30:00+00:00,19.4,Docklands Library,511,45.8,10.9,-37.8195002,144.9418888,ENV,REAL_511,Real sensor series - Docklands Library - board 511,42,real_sensor_board_511,19.260976859584932,0,normal
2015-03-16 14:50:00+00:00,19.4,Docklands Library,511,46.6,10.4,-37.8195002,144.9418888,ENV,REAL_511,Real sensor series - Docklands Library - board 511,42,real_sensor_board_511,19.288781487667947,0,normal
2015-03-16 15:00:00+00:00,19.0,Docklands Library,511,48.9,10.6,-37.8195002,144.9418888,ENV,REAL_511,Real sensor series - Docklands Library - board 511,42,real_sensor_board_511,19.31102519013436,0,normal
2015-03-16 15:20:00+00:00,18.7,Docklands Library,511,49.1,10.9,-37.8195002,144.9418888,ENV,REAL_511,Real sensor series - Docklands Library - board 511,42,real_sensor_board_511,19.328820152107486,0,normal
2015-03-16 15:30:00+00:00,19.0,Docklands Library,511,47.2,11.0,-37.8195002,144.9418888,ENV,REAL_511,Real sensor series - Docklands Library - board 511,42,real_sensor_board_511,19.263056121685988,0,normal
2015-03-16 15:45:00+00:00,19.0,Docklands Library,511,46.6,10.9,-37.8195002,144.9418888,ENV,REAL_511,Real sensor series - Docklands Library - board 511,42,real_sensor_board_511,19.21044489734879,0,normal
2015-03-16 15:55:00+00:00,19.0,Docklands Library,511,46.7,11.0,-37.8195002,144.9418888,ENV,REAL_511,Real sensor series - Docklands Library - board 511,42,real_sensor_board_511,19.168355917879033,0,normal
2015-03-16 16:05:00+00:00,19.0,Docklands Library,511,46.2,11.0,-37.8195002,144.9418888,ENV,REAL_511,Real sensor series - Docklands Library - board 511,42,real_sensor_board_511,19.134684734303228,0,normal
2015-03-16 16:15:00+00:00,19.0,Docklands Library,511,48.8,10.3,-37.8195002,144.9418888,ENV,REAL_511,Real sensor series - Docklands Library - board 511,42,real_sensor_board_511,19.107747787442584,0,normal
2015-03-16 16:35:00+00:00,19.4,Docklands Library,511,43.9,10.6,-37.8195002,144.9418888,ENV,REAL_511,Real sensor series - Docklands Library - board 511,42,real_sensor_board_511,19.086198229954068,0,normal
2015-03-16 16:55:00+00:00,19.0,Docklands Library,511,46.1,10.4,-37.8195002,144.9418888,ENV,REAL_511,Real sensor series - Docklands Library - board 511,42,real_sensor_board_511,19.068958583963255,0,normal
2015-03-16 17:05:00+00:00,19.4,Docklands Library,511,46.1,10.5,-37.8195002,144.9418888,ENV,REAL_511,Real sensor series - Docklands Library - board 511,42,real_sensor_board_511,19.055166867170605,0,normal
2015-03-16 17:15:00+00:00,18.7,Docklands Library,511,47.8,10.5,-37.8195002,144.9418888,ENV,REAL_511,Real sensor series - Docklands Library - board 511,42,real_sensor_board_511,19.044133493736485,0,normal
2015-03-16 17:45:00+00:00,18.7,Docklands Library,511,46.7,10.8,-37.8195002,144.9418888,ENV,REAL_511,Real sensor series - Docklands Library - board 511,42,real_sensor_board_511,19.03530679498919,0,normal
2015-03-16 17:55:00+00:00,18.7,Docklands Library,511,48.0,10.9,-37.8195002,144.9418888,ENV,REAL_511,Real sensor series - Docklands Library - board 511,42,real_sensor_board_511,19.02824543599135,0,normal
2015-03-16 18:05:00+00:00,18.7,Docklands Library,511,45.6,10.9,-37.8195002,144.9418888,ENV,REAL_511,Real sensor series - Docklands Library - board 511,42,real_sensor_board_511,19.022596348793083,0,normal
2015-03-16 18:15:00+00:00,18.7,Docklands Library,511,47.8,11.0,-37.8195002,144.9418888,ENV,REAL_511,Real sensor series - Docklands Library - board 511,42,real_sensor_board_511,19.018077079034466,0,normal
2015-03-16 18:35:00+00:00,18.7,Docklands Library,511,48.5,11.0,-37.8195002,144.9418888,ENV,REAL_511,Real sensor series - Docklands Library - board 511,42,real_sensor_board_511,19.014461663227575,0,normal
2015-03-16 18:45:00+00:00,18.7,Docklands Library,511,50.0,11.1,-37.8195002,144.9418888,ENV,REAL_511,Real sensor series - Docklands Library - board 511,42,real_sensor_board_511,19.01156933058206,0,normal
2015-03-16 19:10:00+00:00,18.4,Docklands Library,511,49.2,11.3,-37.8195002,144.9418888,ENV,REAL_511,Real sensor series - Docklands Library - board 511,42,real_sensor_board_511,19.00925546446565,0,normal
2015-03-16 19:30:00+00:00,18.1,Docklands Library,511,49.4,11.4,-37.8195002,144.9418888,ENV,REAL_511,Real sensor series - Docklands Library - board 511,42,real_sensor_board_511,19.08740437157252,0,normal
2015-03-16 20:00:00+00:00,18.4,Docklands Library,511,48.1,12.6,-37.8195002,144.9418888,ENV,REAL_511,Real sensor series - Docklands Library - board 511,42,real_sensor_board_511,19.14992349725802,1,weak_multivariate_excursion
2015-03-17 09:30:00+00:00,24.8,Docklands Library,511,31.0,11.8,-37.8195002,144.9418888,ENV,REAL_511,Real sensor series - Docklands Library - board 511,42,real_sensor_board_511,19.199938797806414,1,weak_multivariate_excursion
2015-03-17 09:50:00+00:00,24.8,Docklands Library,511,30.5,11.9,-37.8195002,144.9418888,ENV,REAL_511,Real sensor series - Docklands Library - board 511,42,real_sensor_board_511,19.23995103824513,1,weak_multivariate_excursion
2015-03-17 10:10:00+00:00,24.8,Docklands Library,511,30.6,11.5,-37.8195002,144.9418888,ENV,REAL_511,Real sensor series - Docklands Library - board 511,42,real_sensor_board_511,19.271960830596104,0,normal
2015-03-17 10:20:00+00:00,24.5,Docklands Library,511,30.6,12.0,-37.8195002,144.9418888,ENV,REAL_511,Real sensor series - Docklands Library - board 511,42,real_sensor_board_511,19.297568664476884,0,normal
2015-03-17 10:50:00+00:00,24.5,Docklands Library,511,31.4,11.6,-37.8195002,144.9418888,ENV,REAL_511,Real sensor series - Docklands Library - board 511,42,real_sensor_board_511,19.318054931581507,0,normal
2015-03-17 11:50:00+00:00,23.5,Docklands Library,511,33.2,11.3,-37.8195002,144.9418888,ENV,REAL_511,Real sensor series - Docklands Library - board 511,42,real_sensor_board_511,19.254443945265205,0,normal
2015-03-17 12:15:00+00:00,23.5,Docklands Library,511,33.5,10.8,-37.8195002,144.9418888,ENV,REAL_511,Real sensor series - Docklands Library - board 511,42,real_sensor_board_511,19.203555156212165,0,normal
2015-03-17 12:25:00+00:00,23.2,Docklands Library,511,35.5,11.0,-37.8195002,144.9418888,ENV,REAL_511,Real sensor series - Docklands Library - board 511,42,real_sensor_board_511,19.162844124969734,0,normal
2015-03-17 12:35:00+00:00,23.2,Docklands Library,511,35.2,11.1,-37.8195002,144.9418888,ENV,REAL_511,Real sensor series - Docklands Library - board 511,42,real_sensor_board_511,19.13027529997579,0,normal
2015-03-17 12:55:00+00:00,23.2,Docklands Library,511,35.1,10.8,-37.8195002,144.9418888,ENV,REAL_511,Real sensor series - Docklands Library - board 511,42,real_sensor_board_511,19.10422023998063,0,normal
2015-03-17 13:15:00+00:00,19.7,Docklands Library,511,52.7,10.5,-37.8195002,144.9418888,ENV,REAL_511,Real sensor series - Docklands Library - board 511,42,real_sensor_board_511,19.083376191984506,0,normal
2015-03-17 13:35:00+00:00,20.3,Docklands Library,511,52.4,10.5,-37.8195002,144.9418888,ENV,REAL_511,Real sensor series - Docklands Library - board 511,42,real_sensor_board_511,19.066700953587606,0,normal
2015-03-17 14:05:00+00:00,20.3,Docklands Library,511,49.7,10.2,-37.8195002,144.9418888,ENV,REAL_511,Real sensor series - Docklands Library - board 511,42,real_sensor_board_511,19.053360762870085,0,normal
2015-03-17 14:15:00+00:00,20.3,Docklands Library,511,48.9,10.2,-37.8195002,144.9418888,ENV,REAL_511,Real sensor series - Docklands Library - board 511,42,real_sensor_board_511,19.042688610296068,0,normal
2015-03-17 14:25:00+00:00,19.7,Docklands Library,511,51.9,10.2,-37.8195002,144.9418888,ENV,REAL_511,Real sensor series - Docklands Library - board 511,42,real_sensor_board_511,19.034150888236855,0,normal
2015-03-17 14:55:00+00:00,18.7,Docklands Library,511,55.1,9.8,-37.8195002,144.9418888,ENV,REAL_511,Real sensor series - Docklands Library - board 511,42,real_sensor_board_511,19.027320710589485,0,normal
2015-03-17 15:05:00+00:00,19.0,Docklands Library,511,54.6,9.7,-37.8195002,144.9418888,ENV,REAL_511,Real sensor series - Docklands Library - board 511,42,real_sensor_board_511,19.021856568471588,0,normal
2015-03-17 15:20:00+00:00,18.7,Docklands Library,511,55.4,9.9,-37.8195002,144.9418888,ENV,REAL_511,Real sensor series - Docklands Library - board 511,42,real_sensor_board_511,19.01748525477727,0,normal
2015-03-17 15:30:00+00:00,18.7,Docklands Library,511,55.4,10.1,-37.8195002,144.9418888,ENV,REAL_511,Real sensor series - Docklands Library - board 511,42,real_sensor_board_511,19.013988203821818,0,normal
2015-03-17 15:40:00+00:00,18.4,Docklands Library,511,57.6,10.2,-37.8195002,144.9418888,ENV,REAL_511,Real sensor series - Docklands Library - board 511,42,real_sensor_board_511,19.011190563057454,0,normal
2015-03-17 15:50:00+00:00,18.4,Docklands Library,511,59.3,10.2,-37.8195002,144.9418888,ENV,REAL_511,Real sensor series - Docklands Library - board 511,42,real_sensor_board_511,19.008952450445964,0,normal
2015-03-17 16:00:00+00:00,18.4,Docklands Library,511,59.3,10.3,-37.8195002,144.9418888,ENV,REAL_511,Real sensor series - Docklands Library - board 511,42,real_sensor_board_511,18.947161960356773,0,normal
2015-03-17 16:10:00+00:00,18.7,Docklands Library,511,57.3,10.3,-37.8195002,144.9418888,ENV,REAL_511,Real sensor series - Docklands Library - board 511,42,real_sensor_board_511,18.89772956828542,0,normal
2015-03-17 16:20:00+00:00,18.7,Docklands Library,511,56.2,10.4,-37.8195002,144.9418888,ENV,REAL_511,Real sensor series - Docklands Library - board 511,42,real_sensor_board_511,18.858183654628338,0,normal
2015-03-17 16:30:00+00:00,19.0,Docklands Library,511,55.2,10.7,-37.8195002,144.9418888,ENV,REAL_511,Real sensor series - Docklands Library - board 511,42,real_sensor_board_511,18.826546923702672,0,normal
2015-03-17 16:40:00+00:00,19.0,Docklands Library,511,54.1,10.8,-37.8195002,144.9418888,ENV,REAL_511,Real sensor series - Docklands Library - board 511,42,real_sensor_board_511,18.80123753896214,0,normal
2015-03-17 16:50:00+00:00,19.0,Docklands Library,511,54.8,11.0,-37.8195002,144.9418888,ENV,REAL_511,Real sensor series - Docklands Library - board 511,42,real_sensor_board_511,18.780990031169715,0,normal
2015-03-17 17:00:00+00:00,19.0,Docklands Library,511,54.8,11.1,-37.8195002,144.9418888,ENV,REAL_511,Real sensor series - Docklands Library - board 511,42,real_sensor_board_511,18.764792024935772,0,normal
2015-03-17 17:10:00+00:00,18.7,Docklands Library,511,55.7,11.1,-37.8195002,144.9418888,ENV,REAL_511,Real sensor series - Docklands Library - board 511,42,real_sensor_board_511,18.75183361994862,0,normal
2015-03-17 17:20:00+00:00,18.4,Docklands Library,511,55.9,11.1,-37.8195002,144.9418888,ENV,REAL_511,Real sensor series - Docklands Library - board 511,42,real_sensor_board_511,18.741466895958897,0,normal
2015-03-17 17:30:00+00:00,18.7,Docklands Library,511,55.5,11.3,-37.8195002,144.9418888,ENV,REAL_511,Real sensor series - Docklands Library - board 511,42,real_sensor_board_511,18.733173516767117,0,normal
2015-03-17 17:40:00+00:00,19.0,Docklands Library,511,54.3,11.3,-37.8195002,144.9418888,ENV,REAL_511,Real sensor series - Docklands Library - board 511,42,real_sensor_board_511,18.726538813413697,0,normal
2015-03-17 17:50:00+00:00,18.7,Docklands Library,511,55.4,11.3,-37.8195002,144.9418888,ENV,REAL_511,Real sensor series - Docklands Library - board 511,42,real_sensor_board_511,18.721231050730957,0,normal
2015-03-17 18:00:00+00:00,18.7,Docklands Library,511,55.7,11.4,-37.8195002,144.9418888,ENV,REAL_511,Real sensor series - Docklands Library - board 511,42,real_sensor_board_511,18.716984840584765,0,normal
2015-03-17 18:10:00+00:00,18.7,Docklands Library,511,55.9,11.4,-37.8195002,144.9418888,ENV,REAL_511,Real sensor series - Docklands Library - board 511,42,real_sensor_board_511,18.713587872467812,0,normal
2015-03-17 18:35:00+00:00,18.4,Docklands Library,511,56.5,11.3,-37.8195002,144.9418888,ENV,REAL_511,Real sensor series - Docklands Library - board 511,42,real_sensor_board_511,18.710870297974253,0,normal
2015-03-17 18:45:00+00:00,18.1,Docklands Library,511,56.2,11.2,-37.8195002,144.9418888,ENV,REAL_511,Real sensor series - Docklands Library - board 511,42,real_sensor_board_511,18.708696238379403,0,normal
2015-03-17 18:55:00+00:00,18.1,Docklands Library,511,56.3,11.4,-37.8195002,144.9418888,ENV,REAL_511,Real sensor series - Docklands Library - board 511,42,real_sensor_board_511,18.706956990703524,0,normal
2015-03-17 19:15:00+00:00,18.1,Docklands Library,511,56.8,11.4,-37.8195002,144.9418888,ENV,REAL_511,Real sensor series - Docklands Library - board 511,42,real_sensor_board_511,18.70556559256282,0,normal
2015-03-17 19:25:00+00:00,18.1,Docklands Library,511,57.1,11.4,-37.8195002,144.9418888,ENV,REAL_511,Real sensor series - Docklands Library - board 511,42,real_sensor_board_511,18.704452474050257,0,normal
2015-03-17 19:35:00+00:00,18.1,Docklands Library,511,56.8,11.4,-37.8195002,144.9418888,ENV,REAL_511,Real sensor series - Docklands Library - board 511,42,real_sensor_board_511,18.703561979240206,0,normal
2015-03-17 19:55:00+00:00,18.1,Docklands Library,511,57.1,14.7,-37.8195002,144.9418888,ENV,REAL_511,Real sensor series - Docklands Library - board 511,42,real_sensor_board_511,18.702849583392165,1,weak_multivariate_excursion
2015-03-17 21:05:00+00:00,18.7,Docklands Library,511,54.8,92.9,-37.8195002,144.9418888,ENV,REAL_511,Real sensor series - Docklands Library - board 511,42,real_sensor_board_511,18.642279666713733,1,weak_multivariate_excursion
2015-03-18 09:55:00+00:00,19.7,Docklands Library,511,59.0,11.8,-37.8195002,144.9418888,ENV,REAL_511,Real sensor series - Docklands Library - board 511,42,real_sensor_board_511,18.59382373337099,1,weak_multivariate_excursion
2015-03-18 10:15:00+00:00,19.0,Docklands Library,511,60.4,11.8,-37.8195002,144.9418888,ENV,REAL_511,Real sensor series - Docklands Library - board 511,42,real_sensor_board_511,18.555058986696793,1,weak_multivariate_excursion
2015-03-18 10:25:00+00:00,19.0,Docklands Library,511,61.2,11.8,-37.8195002,144.9418888,ENV,REAL_511,Real sensor series - Docklands Library - board 511,42,real_sensor_board_511,18.524047189357432,0,normal
2015-03-18 10:35:00+00:00,19.0,Docklands Library,511,61.1,11.9,-37.8195002,144.9418888,ENV,REAL_511,Real sensor series - Docklands Library - board 511,42,real_sensor_board_511,18.499237751485946,0,normal
2015-03-18 10:45:00+00:00,19.0,Docklands Library,511,62.6,11.8,-37.8195002,144.9418888,ENV,REAL_511,Real sensor series - Docklands Library - board 511,42,real_sensor_board_511,18.419390201188758,0,normal
2015-03-18 11:05:00+00:00,18.7,Docklands Library,511,64.7,11.8,-37.8195002,144.9418888,ENV,REAL_511,Real sensor series - Docklands Library - board 511,42,real_sensor_board_511,18.355512160951008,0,normal
2015-03-18 11:15:00+00:00,18.7,Docklands Library,511,64.9,10.4,-37.8195002,144.9418888,ENV,REAL_511,Real sensor series - Docklands Library - board 511,42,real_sensor_board_511,18.304409728760806,0,normal
2015-03-18 11:30:00+00:00,18.4,Docklands Library,511,65.3,10.1,-37.8195002,144.9418888,ENV,REAL_511,Real sensor series - Docklands Library - board 511,42,real_sensor_board_511,18.263527783008644,0,normal
2015-03-18 11:50:00+00:00,18.1,Docklands Library,511,66.6,10.2,-37.8195002,144.9418888,ENV,REAL_511,Real sensor series - Docklands Library - board 511,42,real_sensor_board_511,18.230822226406918,0,normal
2015-03-18 12:00:00+00:00,18.1,Docklands Library,511,66.7,10.1,-37.8195002,144.9418888,ENV,REAL_511,Real sensor series - Docklands Library - board 511,42,real_sensor_board_511,18.204657781125537,0,normal
2015-03-18 12:10:00+00:00,17.7,Docklands Library,511,66.4,10.1,-37.8195002,144.9418888,ENV,REAL_511,Real sensor series - Docklands Library - board 511,42,real_sensor_board_511,18.18372622490043,0,normal
2015-03-18 12:30:00+00:00,18.1,Docklands Library,511,66.3,10.1,-37.8195002,144.9418888,ENV,REAL_511,Real sensor series - Docklands Library - board 511,42,real_sensor_board_511,18.22698097992034,0,normal
2015-03-18 12:40:00+00:00,17.7,Docklands Library,511,65.8,10.2,-37.8195002,144.9418888,ENV,REAL_511,Real sensor series - Docklands Library - board 511,42,real_sensor_board_511,18.26158478393627,0,normal
2015-03-18 13:00:00+00:00,17.7,Docklands Library,511,66.7,10.0,-37.8195002,144.9418888,ENV,REAL_511,Real sensor series - Docklands Library - board 511,42,real_sensor_board_511,18.28926782714902,0,normal
2015-03-18 13:30:00+00:00,18.1,Docklands Library,511,63.9,9.8,-37.8195002,144.9418888,ENV,REAL_511,Real sensor series - Docklands Library - board 511,42,real_sensor_board_511,18.311414261719214,0,normal
2015-03-18 13:50:00+00:00,19.0,Docklands Library,511,56.0,9.9,-37.8195002,144.9418888,ENV,REAL_511,Real sensor series - Docklands Library - board 511,42,real_sensor_board_511,18.32913140937537,0,normal
2015-03-18 14:10:00+00:00,18.4,Docklands Library,511,55.4,9.8,-37.8195002,144.9418888,ENV,REAL_511,Real sensor series - Docklands Library - board 511,42,real_sensor_board_511,18.343305127500297,0,normal
2015-03-18 14:30:00+00:00,18.1,Docklands Library,511,54.6,10.0,-37.8195002,144.9418888,ENV,REAL_511,Real sensor series - Docklands Library - board 511,42,real_sensor_board_511,18.354644102000236,0,normal
2015-03-18 14:45:00+00:00,18.1,Docklands Library,511,54.0,10.2,-37.8195002,144.9418888,ENV,REAL_511,Real sensor series - Docklands Library - board 511,42,real_sensor_board_511,18.36371528160019,0,normal
2015-03-18 15:05:00+00:00,18.1,Docklands Library,511,53.0,10.1,-37.8195002,144.9418888,ENV,REAL_511,Real sensor series - Docklands Library - board 511,42,real_sensor_board_511,18.370972225280152,0,normal
2015-03-18 15:15:00+00:00,18.1,Docklands Library,511,52.7,10.0,-37.8195002,144.9418888,ENV,REAL_511,Real sensor series - Docklands Library - board 511,42,real_sensor_board_511,18.376777780224124,0,normal
2015-03-18 16:15:00+00:00,18.4,Docklands Library,511,50.2,10.4,-37.8195002,144.9418888,ENV,REAL_511,Real sensor series - Docklands Library - board 511,42,real_sensor_board_511,18.3814222241793,0,normal
2015-03-18 16:55:00+00:00,18.1,Docklands Library,511,50.7,10.6,-37.8195002,144.9418888,ENV,REAL_511,Real sensor series - Docklands Library - board 511,42,real_sensor_board_511,18.385137779343438,0,normal
2015-03-18 17:05:00+00:00,18.4,Docklands Library,511,49.9,10.7,-37.8195002,144.9418888,ENV,REAL_511,Real sensor series - Docklands Library - board 511,42,real_sensor_board_511,18.44811022347475,0,normal
2015-03-18 17:15:00+00:00,18.7,Docklands Library,511,49.7,10.6,-37.8195002,144.9418888,ENV,REAL_511,Real sensor series - Docklands Library - board 511,42,real_sensor_board_511,18.4984881787798,0,normal
2015-03-18 17:45:00+00:00,18.7,Docklands Library,511,49.4,10.9,-37.8195002,144.9418888,ENV,REAL_511,Real sensor series - Docklands Library - board 511,42,real_sensor_board_511,18.538790543023843,0,normal
2015-03-18 18:00:00+00:00,18.7,Docklands Library,511,50.0,10.3,-37.8195002,144.9418888,ENV,REAL_511,Real sensor series - Docklands Library - board 511,42,real_sensor_board_511,18.571032434419074,0,normal
2015-03-18 18:10:00+00:00,18.7,Docklands Library,511,50.0,9.0,-37.8195002,144.9418888,ENV,REAL_511,Real sensor series - Docklands Library - board 511,42,real_sensor_board_511,18.596825947535258,0,normal
2015-03-18 18:20:00+00:00,18.7,Docklands Library,511,49.6,10.8,-37.8195002,144.9418888,ENV,REAL_511,Real sensor series - Docklands Library - board 511,42,real_sensor_board_511,18.61746075802821,0,normal
2015-03-18 18:40:00+00:00,19.0,Docklands Library,511,48.8,10.3,-37.8195002,144.9418888,ENV,REAL_511,Real sensor series - Docklands Library - board 511,42,real_sensor_board_511,18.63396860642257,0,normal
2015-03-18 18:50:00+00:00,18.7,Docklands Library,511,49.2,10.5,-37.8195002,144.9418888,ENV,REAL_511,Real sensor series - Docklands Library - board 511,42,real_sensor_board_511,18.647174885138057,0,normal
2015-03-18 19:00:00+00:00,18.7,Docklands Library,511,49.2,11.0,-37.8195002,144.9418888,ENV,REAL_511,Real sensor series - Docklands Library - board 511,42,real_sensor_board_511,18.597739908110448,0,normal
2015-03-18 19:10:00+00:00,18.7,Docklands Library,511,49.6,11.1,-37.8195002,144.9418888,ENV,REAL_511,Real sensor series - Docklands Library - board 511,42,real_sensor_board_511,18.55819192648836,0,normal
2015-03-18 19:20:00+00:00,18.7,Docklands Library,511,50.0,10.9,-37.8195002,144.9418888,ENV,REAL_511,Real sensor series - Docklands Library - board 511,42,real_sensor_board_511,18.526553541190687,0,normal
2015-03-18 19:30:00+00:00,18.7,Docklands Library,511,49.6,10.8,-37.8195002,144.9418888,ENV,REAL_511,Real sensor series - Docklands Library - board 511,42,real_sensor_board_511,18.50124283295255,0,normal
2015-03-18 19:40:00+00:00,19.0,Docklands Library,511,49.4,10.9,-37.8195002,144.9418888,ENV,REAL_511,Real sensor series - Docklands Library - board 511,42,real_sensor_board_511,18.48099426636204,1,weak_multivariate_excursion
2015-03-18 20:00:00+00:00,19.4,Docklands Library,511,48.1,24.2,-37.8195002,144.9418888,ENV,REAL_511,Real sensor series - Docklands Library - board 511,42,real_sensor_board_511,18.464795413089632,1,weak_multivariate_excursion
2015-03-18 20:50:00+00:00,19.4,Docklands Library,511,47.7,90.6,-37.8195002,144.9418888,ENV,REAL_511,Real sensor series - Docklands Library - board 511,42,real_sensor_board_511,18.451836330471707,1,weak_multivariate_excursion
2015-03-18 22:15:00+00:00,22.3,Docklands Library,511,42.1,95.0,-37.8195002,144.9418888,ENV,REAL_511,Real sensor series - Docklands Library - board 511,42,real_sensor_board_511,18.441469064377365,1,weak_multivariate_excursion
2015-03-19 12:35:00+00:00,18.4,Docklands Library,511,39.9,12.6,-37.8195002,144.9418888,ENV,REAL_511,Real sensor series - Docklands Library - board 511,42,real_sensor_board_511,18.433175251501893,1,weak_multivariate_excursion
2015-03-19 17:20:00+00:00,14.8,Docklands Library,511,48.1,12.7,-37.8195002,144.9418888,ENV,REAL_511,Real sensor series - Docklands Library - board 511,42,real_sensor_board_511,18.226540201201516,1,weak_multivariate_excursion
2015-03-19 18:35:00+00:00,14.2,Docklands Library,511,50.3,12.8,-37.8195002,144.9418888,ENV,REAL_511,Real sensor series - Docklands Library - board 511,42,real_sensor_board_511,17.541232160961215,1,weak_multivariate_excursion
2015-03-20 12:20:00+00:00,14.8,Docklands Library,511,37.7,12.0,-37.8195002,144.9418888,ENV,REAL_511,Real sensor series - Docklands Library - board 511,42,real_sensor_board_511,16.99298572876897,0,normal
2015-03-20 15:15:00+00:00,14.2,Docklands Library,511,40.3,11.8,-37.8195002,144.9418888,ENV,REAL_511,Real sensor series - Docklands Library - board 511,42,real_sensor_board_511,16.49438858301518,0,normal
2015-03-20 16:55:00+00:00,14.5,Docklands Library,511,41.2,12.8,-37.8195002,144.9418888,ENV,REAL_511,Real sensor series - Docklands Library - board 511,42,real_sensor_board_511,16.035510866412146,0,normal
2015-03-20 18:00:00+00:00,13.9,Docklands Library,511,42.1,12.9,-37.8195002,144.9418888,ENV,REAL_511,Real sensor series - Docklands Library - board 511,42,real_sensor_board_511,15.668408693129717,0,normal
2015-03-20 18:30:00+00:00,13.9,Docklands Library,511,41.2,12.9,-37.8195002,144.9418888,ENV,REAL_511,Real sensor series - Docklands Library - board 511,42,real_sensor_board_511,15.314726954503776,1,weak_multivariate_excursion
2015-03-20 20:00:00+00:00,13.2,Docklands Library,511,40.9,22.9,-37.8195002,144.9418888,ENV,REAL_511,Real sensor series - Docklands Library - board 511,42,real_sensor_board_511,15.031781563603023,1,weak_multivariate_excursion
2015-03-20 20:10:00+00:00,13.2,Docklands Library,511,40.9,53.4,-37.8195002,144.9418888,ENV,REAL_511,Real sensor series - Docklands Library - board 511,42,real_sensor_board_511,14.72542525088242,1,weak_multivariate_excursion
2015-03-21 09:00:00+00:00,17.4,Docklands Library,511,48.0,15.2,-37.8195002,144.9418888,ENV,REAL_511,Real sensor series - Docklands Library - board 511,42,real_sensor_board_511,14.480340200705935,1,weak_multivariate_excursion
2015-03-21 13:05:00+00:00,13.5,Docklands Library,511,54.1,13.4,-37.8195002,144.9418888,ENV,REAL_511,Real sensor series - Docklands Library - board 511,42,real_sensor_board_511,14.28427216056475,1,weak_multivariate_excursion
2015-03-21 13:15:00+00:00,13.5,Docklands Library,511,54.9,13.4,-37.8195002,144.9418888,ENV,REAL_511,Real sensor series - Docklands Library - board 511,42,real_sensor_board_511,14.1274177284518,0,normal
2015-03-21 13:35:00+00:00,13.5,Docklands Library,511,54.9,13.4,-37.8195002,144.9418888,ENV,REAL_511,Real sensor series - Docklands Library - board 511,42,real_sensor_board_511,14.001934182761442,0,normal
2015-03-21 13:45:00+00:00,13.2,Docklands Library,511,55.1,13.2,-37.8195002,144.9418888,ENV,REAL_511,Real sensor series - Docklands Library - board 511,42,real_sensor_board_511,13.901547346209153,0,normal
2015-03-21 15:00:00+00:00,12.6,Docklands Library,511,56.3,13.3,-37.8195002,144.9418888,ENV,REAL_511,Real sensor series - Docklands Library - board 511,42,real_sensor_board_511,13.821237876967324,0,normal
2015-03-21 15:10:00+00:00,12.3,Docklands Library,511,56.5,13.3,-37.8195002,144.9418888,ENV,REAL_511,Real sensor series - Docklands Library - board 511,42,real_sensor_board_511,13.756990301573861,0,normal
2015-03-21 16:30:00+00:00,12.6,Docklands Library,511,56.8,13.1,-37.8195002,144.9418888,ENV,REAL_511,Real sensor series - Docklands Library - board 511,42,real_sensor_board_511,13.70559224125909,0,normal
2015-03-21 16:50:00+00:00,12.6,Docklands Library,511,57.3,13.2,-37.8195002,144.9418888,ENV,REAL_511,Real sensor series - Docklands Library - board 511,42,real_sensor_board_511,13.664473793007271,0,normal
2015-03-21 17:15:00+00:00,12.6,Docklands Library,511,57.4,13.1,-37.8195002,144.9418888,ENV,REAL_511,Real sensor series - Docklands Library - board 511,42,real_sensor_board_511,13.631579034405817,0,normal
2015-03-21 17:55:00+00:00,12.3,Docklands Library,511,57.4,13.1,-37.8195002,144.9418888,ENV,REAL_511,Real sensor series - Docklands Library - board 511,42,real_sensor_board_511,13.605263227524656,0,normal
2015-03-21 18:05:00+00:00,12.3,Docklands Library,511,57.4,13.1,-37.8195002,144.9418888,ENV,REAL_511,Real sensor series - Docklands Library - board 511,42,real_sensor_board_511,13.584210582019725,0,normal
2015-03-21 18:35:00+00:00,11.9,Docklands Library,511,57.3,13.0,-37.8195002,144.9418888,ENV,REAL_511,Real sensor series - Docklands Library - board 511,42,real_sensor_board_511,13.507368465615782,0,normal
2015-03-21 18:45:00+00:00,11.9,Docklands Library,511,57.1,13.1,-37.8195002,144.9418888,ENV,REAL_511,Real sensor series - Docklands Library - board 511,42,real_sensor_board_511,13.445894772492627,0,normal
2015-03-21 18:55:00+00:00,11.9,Docklands Library,511,57.8,13.0,-37.8195002,144.9418888,ENV,REAL_511,Real sensor series - Docklands Library - board 511,42,real_sensor_board_511,13.396715817994103,0,normal
2015-03-21 19:45:00+00:00,12.3,Docklands Library,511,56.2,13.2,-37.8195002,144.9418888,ENV,REAL_511,Real sensor series - Docklands Library - board 511,42,real_sensor_board_511,13.237372654395283,1,weak_multivariate_excursion
2015-03-21 20:15:00+00:00,11.9,Docklands Library,511,57.8,66.1,-37.8195002,144.9418888,ENV,REAL_511,Real sensor series - Docklands Library - board 511,42,real_sensor_board_511,13.109898123516228,1,weak_multivariate_excursion
2015-03-21 21:40:00+00:00,13.9,Docklands Library,511,52.4,93.8,-37.8195002,144.9418888,ENV,REAL_511,Real sensor series - Docklands Library - board 511,42,real_sensor_board_511,13.007918498812982,1,weak_multivariate_excursion
2015-03-22 12:50:00+00:00,22.6,Docklands Library,511,31.0,11.5,-37.8195002,144.9418888,ENV,REAL_511,Real sensor series - Docklands Library - board 511,42,real_sensor_board_511,12.926334799050386,1,weak_multivariate_excursion
2015-03-22 13:00:00+00:00,22.6,Docklands Library,511,30.3,11.7,-37.8195002,144.9418888,ENV,REAL_511,Real sensor series - Docklands Library - board 511,42,real_sensor_board_511,12.86106783924031,1,weak_multivariate_excursion
2015-03-22 14:15:00+00:00,21.9,Docklands Library,511,32.8,11.2,-37.8195002,144.9418888,ENV,REAL_511,Real sensor series - Docklands Library - board 511,42,real_sensor_board_511,12.808854271392248,1,weak_multivariate_excursion
2015-03-22 14:25:00+00:00,21.6,Docklands Library,511,33.2,9.1,-37.8195002,144.9418888,ENV,REAL_511,Real sensor series - Docklands Library - board 511,42,real_sensor_board_511,12.8270834171138,1,weak_multivariate_excursion
2015-03-22 15:55:00+00:00,21.9,Docklands Library,511,33.9,12.2,-37.8195002,144.9418888,ENV,REAL_511,Real sensor series - Docklands Library - board 511,42,real_sensor_board_511,12.84166673369104,1,weak_multivariate_excursion
2015-03-22 16:45:00+00:00,21.9,Docklands Library,511,34.9,12.5,-37.8195002,144.9418888,ENV,REAL_511,Real sensor series - Docklands Library - board 511,42,real_sensor_board_511,12.853333386952833,1,weak_multivariate_excursion
2015-03-22 17:10:00+00:00,21.3,Docklands Library,511,36.0,12.6,-37.8195002,144.9418888,ENV,REAL_511,Real sensor series - Docklands Library - board 511,42,real_sensor_board_511,12.862666709562268,1,weak_multivariate_excursion
2015-03-22 18:50:00+00:00,23.5,Docklands Library,511,40.7,10.8,-37.8195002,144.9418888,ENV,REAL_511,Real sensor series - Docklands Library - board 511,42,real_sensor_board_511,12.870133367649816,1,weak_multivariate_excursion
2015-03-22 22:25:00+00:00,22.9,Docklands Library,511,44.0,86.3,-37.8195002,144.9418888,ENV,REAL_511,Real sensor series - Docklands Library - board 511,42,real_sensor_board_511,12.876106694119853,1,weak_multivariate_excursion
2015-03-25 16:10:00+00:00,11.9,Docklands Library,511,42.1,12.9,-37.8195002,144.9418888,ENV,REAL_511,Real sensor series - Docklands Library - board 511,42,real_sensor_board_511,12.880885355295883,1,weak_multivariate_excursion
2015-03-25 18:25:00+00:00,10.3,Docklands Library,511,48.3,11.0,-37.8195002,144.9418888,ENV,REAL_511,Real sensor series - Docklands Library - board 511,42,real_sensor_board_511,12.884708284236707,1,weak_multivariate_excursion
2015-03-25 18:55:00+00:00,10.3,Docklands Library,511,49.6,11.4,-37.8195002,144.9418888,ENV,REAL_511,Real sensor series - Docklands Library - board 511,42,real_sensor_board_511,12.947766627389367,0,normal
2015-03-25 19:25:00+00:00,9.7,Docklands Library,511,50.7,11.7,-37.8195002,144.9418888,ENV,REAL_511,Real sensor series - Docklands Library - board 511,42,real_sensor_board_511,12.998213301911495,0,normal
2015-03-26 14:25:00+00:00,13.9,Docklands Library,511,51.6,11.9,-37.8195002,144.9418888,ENV,REAL_511,Real sensor series - Docklands Library - board 511,42,real_sensor_board_511,13.098570641529196,0,normal
2015-03-26 16:30:00+00:00,12.9,Docklands Library,511,54.3,12.3,-37.8195002,144.9418888,ENV,REAL_511,Real sensor series - Docklands Library - board 511,42,real_sensor_board_511,13.178856513223359,0,normal
2015-03-26 18:40:00+00:00,13.2,Docklands Library,511,54.1,12.8,-37.8195002,144.9418888,ENV,REAL_511,Real sensor series - Docklands Library - board 511,42,real_sensor_board_511,13.183085210578689,0,normal
2015-03-27 18:35:00+00:00,12.9,Docklands Library,511,52.9,11.8,-37.8195002,144.9418888,ENV,REAL_511,Real sensor series - Docklands Library - board 511,42,real_sensor_board_511,13.186468168462952,0,normal
2015-03-27 18:55:00+00:00,12.9,Docklands Library,511,52.7,11.8,-37.8195002,144.9418888,ENV,REAL_511,Real sensor series - Docklands Library - board 511,42,real_sensor_board_511,13.129174534770362,0,normal
2015-03-27 19:05:00+00:00,12.9,Docklands Library,511,53.0,11.9,-37.8195002,144.9418888,ENV,REAL_511,Real sensor series - Docklands Library - board 511,42,real_sensor_board_511,13.08333962781629,0,normal
2015-03-27 19:25:00+00:00,12.9,Docklands Library,511,52.4,12.0,-37.8195002,144.9418888,ENV,REAL_511,Real sensor series - Docklands Library - board 511,42,real_sensor_board_511,13.046671702253033,0,normal
2015-03-27 19:35:00+00:00,12.9,Docklands Library,511,52.4,12.0,-37.8195002,144.9418888,ENV,REAL_511,Real sensor series - Docklands Library - board 511,42,real_sensor_board_511,13.017337361802428,0,normal
2015-03-27 19:50:00+00:00,12.9,Docklands Library,511,51.9,12.1,-37.8195002,144.9418888,ENV,REAL_511,Real sensor series - Docklands Library - board 511,42,real_sensor_board_511,12.993869889441942,0,normal
2015-03-27 20:10:00+00:00,12.9,Docklands Library,511,52.1,17.0,-37.8195002,144.9418888,ENV,REAL_511,Real sensor series - Docklands Library - board 511,42,real_sensor_board_511,12.975095911553554,1,weak_multivariate_excursion
2015-03-27 21:20:00+00:00,13.2,Docklands Library,511,51.0,91.1,-37.8195002,144.9418888,ENV,REAL_511,Real sensor series - Docklands Library - board 511,42,real_sensor_board_511,12.960076729242845,1,weak_multivariate_excursion
2015-03-27 21:30:00+00:00,13.5,Docklands Library,511,50.3,91.6,-37.8195002,144.9418888,ENV,REAL_511,Real sensor series - Docklands Library - board 511,42,real_sensor_board_511,12.948061383394277,1,weak_multivariate_excursion
2015-03-27 21:50:00+00:00,13.5,Docklands Library,511,51.1,92.7,-37.8195002,144.9418888,ENV,REAL_511,Real sensor series - Docklands Library - board 511,42,real_sensor_board_511,12.938449106715423,0,normal
2015-03-27 22:10:00+00:00,13.9,Docklands Library,511,48.5,94.9,-37.8195002,144.9418888,ENV,REAL_511,Real sensor series - Docklands Library - board 511,42,real_sensor_board_511,12.93075928537234,0,normal
2015-03-27 22:30:00+00:00,15.2,Docklands Library,511,46.9,96.9,-37.8195002,144.9418888,ENV,REAL_511,Real sensor series - Docklands Library - board 511,42,real_sensor_board_511,12.924607428297872,0,normal
2015-03-27 22:50:00+00:00,15.5,Docklands Library,511,44.8,96.3,-37.8195002,144.9418888,ENV,REAL_511,Real sensor series - Docklands Library - board 511,42,real_sensor_board_511,12.919685942638298,1,weak_multivariate_excursion
2015-03-28 17:20:00+00:00,11.0,Docklands Library,511,55.2,12.4,-37.8195002,144.9418888,ENV,REAL_511,Real sensor series - Docklands Library - board 511,42,real_sensor_board_511,12.91574875411064,1,weak_multivariate_excursion
2015-03-28 17:50:00+00:00,10.6,Docklands Library,511,55.2,12.5,-37.8195002,144.9418888,ENV,REAL_511,Real sensor series - Docklands Library - board 511,42,real_sensor_board_511,12.912599003288513,1,weak_multivariate_excursion
2015-03-28 18:40:00+00:00,10.3,Docklands Library,511,55.4,12.5,-37.8195002,144.9418888,ENV,REAL_511,Real sensor series - Docklands Library - board 511,42,real_sensor_board_511,12.910079202630811,0,normal
2015-03-28 19:10:00+00:00,10.3,Docklands Library,511,55.7,12.5,-37.8195002,144.9418888,ENV,REAL_511,Real sensor series - Docklands Library - board 511,42,real_sensor_board_511,12.90806336210465,0,normal
2015-03-28 19:55:00+00:00,10.0,Docklands Library,511,56.2,12.7,-37.8195002,144.9418888,ENV,REAL_511,Real sensor series - Docklands Library - board 511,42,real_sensor_board_511,12.906450689683721,0,normal
2015-03-29 17:55:00+00:00,11.9,Docklands Library,511,56.2,11.2,-37.8195002,144.9418888,ENV,REAL_511,Real sensor series - Docklands Library - board 511,42,real_sensor_board_511,12.905160551746977,0,normal
2015-03-29 18:05:00+00:00,11.9,Docklands Library,511,56.5,11.2,-37.8195002,144.9418888,ENV,REAL_511,Real sensor series - Docklands Library - board 511,42,real_sensor_board_511,12.904128441397583,0,normal
2015-03-29 19:15:00+00:00,12.6,Docklands Library,511,55.1,11.3,-37.8195002,144.9418888,ENV,REAL_511,Real sensor series - Docklands Library - board 511,42,real_sensor_board_511,12.903302753118068,0,normal
2015-03-30 14:55:00+00:00,14.8,Docklands Library,511,56.0,10.5,-37.8195002,144.9418888,ENV,REAL_511,Real sensor series - Docklands Library - board 511,42,real_sensor_board_511,12.902642202494455,0,normal
2015-03-30 15:25:00+00:00,14.8,Docklands Library,511,56.7,10.8,-37.8195002,144.9418888,ENV,REAL_511,Real sensor series - Docklands Library - board 511,42,real_sensor_board_511,12.902113761995565,0,normal
2015-03-30 15:50:00+00:00,14.8,Docklands Library,511,57.1,10.8,-37.8195002,144.9418888,ENV,REAL_511,Real sensor series - Docklands Library - board 511,42,real_sensor_board_511,12.901691009596453,0,normal
2015-03-30 17:00:00+00:00,13.2,Docklands Library,511,59.0,11.0,-37.8195002,144.9418888,ENV,REAL_511,Real sensor series - Docklands Library - board 511,42,real_sensor_board_511,12.901352807677164,0,normal
2015-03-30 17:10:00+00:00,12.9,Docklands Library,511,59.2,11.0,-37.8195002,144.9418888,ENV,REAL_511,Real sensor series - Docklands Library - board 511,42,real_sensor_board_511,12.901082246141732,0,normal
2015-03-30 17:20:00+00:00,12.9,Docklands Library,511,58.9,11.0,-37.8195002,144.9418888,ENV,REAL_511,Real sensor series - Docklands Library - board 511,42,real_sensor_board_511,12.900865796913386,0,normal
2015-03-30 17:50:00+00:00,12.6,Docklands Library,511,59.8,11.0,-37.8195002,144.9418888,ENV,REAL_511,Real sensor series - Docklands Library - board 511,42,real_sensor_board_511,12.90069263753071,0,normal
2015-03-30 18:00:00+00:00,12.6,Docklands Library,511,59.3,11.0,-37.8195002,144.9418888,ENV,REAL_511,Real sensor series - Docklands Library - board 511,42,real_sensor_board_511,12.900554110024569,0,normal
2015-03-30 18:30:00+00:00,12.3,Docklands Library,511,58.9,11.1,-37.8195002,144.9418888,ENV,REAL_511,Real sensor series - Docklands Library - board 511,42,real_sensor_board_511,12.900443288019655,0,normal
2015-03-30 18:40:00+00:00,12.3,Docklands Library,511,59.2,11.1,-37.8195002,144.9418888,ENV,REAL_511,Real sensor series - Docklands Library - board 511,42,real_sensor_board_511,12.960354630415726,0,normal
2015-03-30 19:15:00+00:00,11.9,Docklands Library,511,59.3,11.2,-37.8195002,144.9418888,ENV,REAL_511,Real sensor series - Docklands Library - board 511,42,real_sensor_board_511,13.14828370433258,0,normal
2015-03-30 19:25:00+00:00,11.9,Docklands Library,511,59.3,11.2,-37.8195002,144.9418888,ENV,REAL_511,Real sensor series - Docklands Library - board 511,42,real_sensor_board_511,13.478626963466066,0,normal
2015-03-30 19:35:00+00:00,12.3,Docklands Library,511,59.3,11.2,-37.8195002,144.9418888,ENV,REAL_511,Real sensor series - Docklands Library - board 511,42,real_sensor_board_511,13.742901570772855,1,weak_multivariate_excursion
2015-03-31 11:15:00+00:00,18.1,Docklands Library,511,56.8,11.0,-37.8195002,144.9418888,ENV,REAL_511,Real sensor series - Docklands Library - board 511,42,real_sensor_board_511,13.954321256618286,1,weak_multivariate_excursion
2015-03-31 16:15:00+00:00,17.1,Docklands Library,511,46.6,10.5,-37.8195002,144.9418888,ENV,REAL_511,Real sensor series - Docklands Library - board 511,42,real_sensor_board_511,14.12345700529463,1,weak_multivariate_excursion
2015-03-31 16:25:00+00:00,17.1,Docklands Library,511,46.2,10.7,-37.8195002,144.9418888,ENV,REAL_511,Real sensor series - Docklands Library - board 511,42,real_sensor_board_511,14.338765604235704,0,normal
2015-03-31 19:10:00+00:00,17.7,Docklands Library,511,41.7,11.4,-37.8195002,144.9418888,ENV,REAL_511,Real sensor series - Docklands Library - board 511,42,real_sensor_board_511,14.511012483388562,0,normal
2015-03-31 19:40:00+00:00,18.4,Docklands Library,511,39.2,11.3,-37.8195002,144.9418888,ENV,REAL_511,Real sensor series - Docklands Library - board 511,42,real_sensor_board_511,14.648809986710852,1,weak_multivariate_excursion
2015-04-01 11:30:00+00:00,26.1,Docklands Library,511,25.6,11.3,-37.8195002,144.9418888,ENV,REAL_511,Real sensor series - Docklands Library - board 511,42,real_sensor_board_511,14.939047989368683,1,weak_multivariate_excursion
2015-04-01 12:15:00+00:00,21.6,Docklands Library,511,41.0,11.6,-37.8195002,144.9418888,ENV,REAL_511,Real sensor series - Docklands Library - board 511,42,real_sensor_board_511,15.171238391494947,1,weak_multivariate_excursion
2015-04-01 12:35:00+00:00,21.6,Docklands Library,511,43.7,12.3,-37.8195002,144.9418888,ENV,REAL_511,Real sensor series - Docklands Library - board 511,42,real_sensor_board_511,15.356990713195959,1,weak_multivariate_excursion
2015-04-01 12:55:00+00:00,21.3,Docklands Library,511,45.8,11.5,-37.8195002,144.9418888,ENV,REAL_511,Real sensor series - Docklands Library - board 511,42,real_sensor_board_511,15.505592570556768,0,normal
2015-04-01 13:05:00+00:00,21.3,Docklands Library,511,47.3,12.2,-37.8195002,144.9418888,ENV,REAL_511,Real sensor series - Docklands Library - board 511,42,real_sensor_board_511,15.624474056445417,1,weak_multivariate_excursion
2015-04-05 03:50:00+00:00,18.4,Docklands Library,511,50.8,97.0,-37.8195002,144.9418888,ENV,REAL_511,Real sensor series - Docklands Library - board 511,42,real_sensor_board_511,15.719579245156334,1,weak_multivariate_excursion
2015-04-05 22:40:00+00:00,13.9,Docklands Library,511,44.8,95.1,-37.8195002,144.9418888,ENV,REAL_511,Real sensor series - Docklands Library - board 511,42,real_sensor_board_511,15.795663396125068,1,weak_multivariate_excursion
2015-04-06 00:20:00+00:00,17.1,Docklands Library,511,38.8,97.3,-37.8195002,144.9418888,ENV,REAL_511,Real sensor series - Docklands Library - board 511,42,real_sensor_board_511,15.856530716900055,1,weak_multivariate_excursion
2015-04-06 01:15:00+00:00,17.7,Docklands Library,511,36.8,97.2,-37.8195002,144.9418888,ENV,REAL_511,Real sensor series - Docklands Library - board 511,42,real_sensor_board_511,15.905224573520046,1,weak_multivariate_excursion
2015-04-06 01:45:00+00:00,21.6,Docklands Library,511,28.1,97.5,-37.8195002,144.9418888,ENV,REAL_511,Real sensor series - Docklands Library - board 511,42,real_sensor_board_511,15.944179658816038,1,weak_multivariate_excursion
2015-04-08 15:45:00+00:00,12.9,Docklands Library,511,51.9,12.5,-37.8195002,144.9418888,ENV,REAL_511,Real sensor series - Docklands Library - board 511,42,real_sensor_board_511,15.975343727052833,1,weak_multivariate_excursion
2015-04-11 11:25:00+00:00,15.2,Docklands Library,511,50.8,9.1,-37.8195002,144.9418888,ENV,REAL_511,Real sensor series - Docklands Library - board 511,42,real_sensor_board_511,16.000274981642267,1,weak_multivariate_excursion
2015-04-11 11:55:00+00:00,15.2,Docklands Library,511,51.0,9.1,-37.8195002,144.9418888,ENV,REAL_511,Real sensor series - Docklands Library - board 511,42,real_sensor_board_511,15.960219985313815,0,normal
2015-04-11 13:45:00+00:00,14.8,Docklands Library,511,50.7,9.0,-37.8195002,144.9418888,ENV,REAL_511,Real sensor series - Docklands Library - board 511,42,real_sensor_board_511,15.868175988251052,0,normal
2015-04-15 15:50:00+00:00,17.4,Docklands Library,511,55.4,7.9,-37.8195002,144.9418888,ENV,REAL_511,Real sensor series - Docklands Library - board 511,42,real_sensor_board_511,15.734540790600843,0,normal
2015-04-15 18:55:00+00:00,16.1,Docklands Library,511,58.2,7.9,-37.8195002,144.9418888,ENV,REAL_511,Real sensor series - Docklands Library - board 511,42,real_sensor_board_511,15.627632632480676,1,weak_multivariate_excursion
2015-04-15 21:50:00+00:00,15.5,Docklands Library,511,58.4,92.4,-37.8195002,144.9418888,ENV,REAL_511,Real sensor series - Docklands Library - board 511,42,real_sensor_board_511,15.54210610598454,1,weak_multivariate_excursion
2015-04-15 22:40:00+00:00,15.8,Docklands Library,511,59.2,91.5,-37.8195002,144.9418888,ENV,REAL_511,Real sensor series - Docklands Library - board 511,42,real_sensor_board_511,15.473684884787634,1,weak_multivariate_excursion
2015-04-15 23:00:00+00:00,16.1,Docklands Library,511,58.5,95.0,-37.8195002,144.9418888,ENV,REAL_511,Real sensor series - Docklands Library - board 511,42,real_sensor_board_511,15.338947907830109,1,weak_multivariate_excursion
2015-04-18 22:15:00+00:00,10.0,Docklands Library,511,59.8,93.6,-37.8195002,144.9418888,ENV,REAL_511,Real sensor series - Docklands Library - board 511,42,real_sensor_board_511,15.111158326264087,1,weak_multivariate_excursion
2015-04-20 09:55:00+00:00,11.6,Docklands Library,511,43.1,8.8,-37.8195002,144.9418888,ENV,REAL_511,Real sensor series - Docklands Library - board 511,42,real_sensor_board_511,14.868926661011272,1,weak_multivariate_excursion
2015-04-20 10:10:00+00:00,11.6,Docklands Library,511,43.4,8.8,-37.8195002,144.9418888,ENV,REAL_511,Real sensor series - Docklands Library - board 511,42,real_sensor_board_511,14.595141328809017,1,weak_multivariate_excursion
2015-04-20 10:30:00+00:00,11.3,Docklands Library,511,44.2,8.8,-37.8195002,144.9418888,ENV,REAL_511,Real sensor series - Docklands Library - board 511,42,real_sensor_board_511,14.256113063047215,1,weak_multivariate_excursion
2015-04-20 18:30:00+00:00,8.4,Docklands Library,511,52.4,8.9,-37.8195002,144.9418888,ENV,REAL_511,Real sensor series - Docklands Library - board 511,42,real_sensor_board_511,13.984890450437772,1,weak_multivariate_excursion
2015-04-21 11:05:00+00:00,12.6,Docklands Library,511,46.7,8.8,-37.8195002,144.9418888,ENV,REAL_511,Real sensor series - Docklands Library - board 511,42,real_sensor_board_511,13.767912360350218,1,weak_multivariate_excursion
2015-04-21 19:55:00+00:00,11.6,Docklands Library,511,56.5,8.4,-37.8195002,144.9418888,ENV,REAL_511,Real sensor series - Docklands Library - board 511,42,real_sensor_board_511,13.534329888280174,0,normal
2015-04-23 04:40:00+00:00,12.9,Docklands Library,511,63.9,7.3,-37.8195002,144.9418888,ENV,REAL_511,Real sensor series - Docklands Library - board 511,42,real_sensor_board_511,13.14746391062414,0,normal
2015-04-24 02:10:00+00:00,15.2,Docklands Library,511,63.4,7.7,-37.8195002,144.9418888,ENV,REAL_511,Real sensor series - Docklands Library - board 511,42,real_sensor_board_511,12.837971128499312,0,normal
2015-04-25 04:00:00+00:00,12.9,Docklands Library,511,62.6,7.4,-37.8195002,144.9418888,ENV,REAL_511,Real sensor series - Docklands Library - board 511,42,real_sensor_board_511,12.59037690279945,1,weak_multivariate_excursion
2015-04-28 02:45:00+00:00,9.7,Docklands Library,511,62.2,7.1,-37.8195002,144.9418888,ENV,REAL_511,Real sensor series - Docklands Library - board 511,42,real_sensor_board_511,12.392301522239562,1,weak_multivariate_excursion
2015-05-02 02:05:00+00:00,13.5,Docklands Library,511,50.0,8.2,-37.8195002,144.9418888,ENV,REAL_511,Real sensor series - Docklands Library - board 511,42,real_sensor_board_511,12.23384121779165,1,weak_multivariate_excursion
2015-05-02 02:45:00+00:00,14.2,Docklands Library,511,46.7,8.2,-37.8195002,144.9418888,ENV,REAL_511,Real sensor series - Docklands Library - board 511,42,real_sensor_board_511,12.10707297423332,0,normal
2015-05-02 03:25:00+00:00,15.5,Docklands Library,511,44.0,8.1,-37.8195002,144.9418888,ENV,REAL_511,Real sensor series - Docklands Library - board 511,42,real_sensor_board_511,12.005658379386658,1,weak_multivariate_excursion
2015-05-06 03:35:00+00:00,10.6,Docklands Library,511,45.5,9.0,-37.8195002,144.9418888,ENV,REAL_511,Real sensor series - Docklands Library - board 511,42,real_sensor_board_511,11.864526703509327,1,weak_multivariate_excursion
2015-05-06 03:45:00+00:00,10.3,Docklands Library,511,45.6,8.9,-37.8195002,144.9418888,ENV,REAL_511,Real sensor series - Docklands Library - board 511,42,real_sensor_board_511,11.751621362807462,1,weak_multivariate_excursion
2015-05-06 03:55:00+00:00,10.3,Docklands Library,511,46.6,8.9,-37.8195002,144.9418888,ENV,REAL_511,Real sensor series - Docklands Library - board 511,42,real_sensor_board_511,11.72129709024597,0,normal
2015-05-06 04:05:00+00:00,10.3,Docklands Library,511,45.9,9.0,-37.8195002,144.9418888,ENV,REAL_511,Real sensor series - Docklands Library - board 511,42,real_sensor_board_511,11.697037672196776,0,normal
2015-05-06 04:15:00+00:00,10.3,Docklands Library,511,45.8,9.0,-37.8195002,144.9418888,ENV,REAL_511,Real sensor series - Docklands Library - board 511,42,real_sensor_board_511,11.677630137757422,0,normal
2015-05-06 04:25:00+00:00,10.3,Docklands Library,511,45.3,9.0,-37.8195002,144.9418888,ENV,REAL_511,Real sensor series - Docklands Library - board 511,42,real_sensor_board_511,11.662104110205938,0,normal
2015-05-06 04:35:00+00:00,10.3,Docklands Library,511,45.6,9.0,-37.8195002,144.9418888,ENV,REAL_511,Real sensor series - Docklands Library - board 511,42,real_sensor_board_511,11.64968328816475,0,normal
2015-05-06 04:50:00+00:00,10.6,Docklands Library,511,45.6,8.9,-37.8195002,144.9418888,ENV,REAL_511,Real sensor series - Docklands Library - board 511,42,real_sensor_board_511,11.639746630531802,0,normal
2015-05-06 05:00:00+00:00,10.6,Docklands Library,511,45.8,9.0,-37.8195002,144.9418888,ENV,REAL_511,Real sensor series - Docklands Library - board 511,42,real_sensor_board_511,11.571797304425441,0,normal
2015-05-06 05:20:00+00:00,10.3,Docklands Library,511,46.1,9.0,-37.8195002,144.9418888,ENV,REAL_511,Real sensor series - Docklands Library - board 511,42,real_sensor_board_511,11.457437843540355,0,normal
2015-05-11 04:45:00+00:00,12.6,Docklands Library,511,63.6,7.0,-37.8195002,144.9418888,ENV,REAL_511,Real sensor series - Docklands Library - board 511,42,real_sensor_board_511,11.285950274832285,0,normal
2015-05-11 06:15:00+00:00,13.2,Docklands Library,511,54.0,7.5,-37.8195002,144.9418888,ENV,REAL_511,Real sensor series - Docklands Library - board 511,42,real_sensor_board_511,11.148760219865828,0,normal
2015-05-12 02:15:00+00:00,14.8,Docklands Library,511,42.5,8.0,-37.8195002,144.9418888,ENV,REAL_511,Real sensor series - Docklands Library - board 511,42,real_sensor_board_511,11.119008175892663,0,normal
2015-05-12 02:35:00+00:00,14.8,Docklands Library,511,42.1,8.0,-37.8195002,144.9418888,ENV,REAL_511,Real sensor series - Docklands Library - board 511,42,real_sensor_board_511,11.09520654071413,1,weak_multivariate_excursion
2015-05-13 04:35:00+00:00,6.1,Docklands Library,511,59.2,7.1,-37.8195002,144.9418888,ENV,REAL_511,Real sensor series - Docklands Library - board 511,42,real_sensor_board_511,11.076165232571306,1,weak_multivariate_excursion
2015-05-13 05:05:00+00:00,6.1,Docklands Library,511,58.7,7.5,-37.8195002,144.9418888,ENV,REAL_511,Real sensor series - Docklands Library - board 511,42,real_sensor_board_511,10.980932186057046,1,weak_multivariate_excursion
2015-05-27 02:55:00+00:00,12.3,Docklands Library,511,47.3,7.1,-37.8195002,144.9418888,ENV,REAL_511,Real sensor series - Docklands Library - board 511,42,real_sensor_board_511,10.904745748845638,1,weak_multivariate_excursion
2015-05-27 04:55:00+00:00,12.9,Docklands Library,511,46.4,7.5,-37.8195002,144.9418888,ENV,REAL_511,Real sensor series - Docklands Library - board 511,42,real_sensor_board_511,10.843796599076512,1,weak_multivariate_excursion
2015-05-27 05:15:00+00:00,12.9,Docklands Library,511,46.7,6.8,-37.8195002,144.9418888,ENV,REAL_511,Real sensor series - Docklands Library - board 511,42,real_sensor_board_511,10.795037279261209,0,normal
2015-05-28 03:50:00+00:00,12.9,Docklands Library,511,56.0,6.9,-37.8195002,144.9418888,ENV,REAL_511,Real sensor series - Docklands Library - board 511,42,real_sensor_board_511,10.756029823408966,0,normal
2015-05-29 02:35:00+00:00,11.6,Docklands Library,511,44.4,7.6,-37.8195002,144.9418888,ENV,REAL_511,Real sensor series - Docklands Library - board 511,42,real_sensor_board_511,10.724823858727174,0,normal
2015-05-29 04:35:00+00:00,10.3,Docklands Library,511,45.9,8.3,-37.8195002,144.9418888,ENV,REAL_511,Real sensor series - Docklands Library - board 511,42,real_sensor_board_511,10.69985908698174,0,normal
2015-05-30 04:50:00+00:00,11.3,Docklands Library,511,48.1,7.7,-37.8195002,144.9418888,ENV,REAL_511,Real sensor series - Docklands Library - board 511,42,real_sensor_board_511,10.679887269585393,0,normal
2015-05-30 05:10:00+00:00,11.0,Docklands Library,511,49.6,7.7,-37.8195002,144.9418888,ENV,REAL_511,Real sensor series - Docklands Library - board 511,42,real_sensor_board_511,10.663909815668315,0,normal
2015-05-30 06:15:00+00:00,10.6,Docklands Library,511,50.0,7.7,-37.8195002,144.9418888,ENV,REAL_511,Real sensor series - Docklands Library - board 511,42,real_sensor_board_511,10.651127852534653,0,normal
2015-05-30 06:55:00+00:00,10.3,Docklands Library,511,49.1,11.5,-37.8195002,144.9418888,ENV,REAL_511,Real sensor series - Docklands Library - board 511,42,real_sensor_board_511,10.640902282027724,0,normal
2015-05-31 04:15:00+00:00,11.9,Docklands Library,511,46.1,7.8,-37.8195002,144.9418888,ENV,REAL_511,Real sensor series - Docklands Library - board 511,42,real_sensor_board_511,10.57272182562218,0,normal
2015-05-31 05:50:00+00:00,11.9,Docklands Library,511,48.8,7.7,-37.8195002,144.9418888,ENV,REAL_511,Real sensor series - Docklands Library - board 511,42,real_sensor_board_511,10.518177460497744,1,weak_multivariate_excursion
2015-05-31 07:20:00+00:00,12.3,Docklands Library,511,46.4,59.8,-37.8195002,144.9418888,ENV,REAL_511,Real sensor series - Docklands Library - board 511,42,real_sensor_board_511,10.154541968398195,1,weak_multivariate_excursion
2015-05-31 07:30:00+00:00,12.6,Docklands Library,511,45.8,74.6,-37.8195002,144.9418888,ENV,REAL_511,Real sensor series - Docklands Library - board 511,42,real_sensor_board_511,9.863633574718557,1,weak_multivariate_excursion
2015-06-01 20:35:00+00:00,7.1,Docklands Library,511,60.8,6.9,-37.8195002,144.9418888,ENV,REAL_511,Real sensor series - Docklands Library - board 511,42,real_sensor_board_511,9.630906859774846,1,weak_multivariate_excursion
2015-06-01 21:05:00+00:00,7.4,Docklands Library,511,59.2,6.7,-37.8195002,144.9418888,ENV,REAL_511,Real sensor series - Docklands Library - board 511,42,real_sensor_board_511,9.444725487819877,1,weak_multivariate_excursion
2015-06-01 21:15:00+00:00,7.4,Docklands Library,511,60.3,6.8,-37.8195002,144.9418888,ENV,REAL_511,Real sensor series - Docklands Library - board 511,42,real_sensor_board_511,9.265780390255902,0,normal
2015-06-01 21:35:00+00:00,7.4,Docklands Library,511,59.0,6.7,-37.8195002,144.9418888,ENV,REAL_511,Real sensor series - Docklands Library - board 511,42,real_sensor_board_511,9.092624312204721,0,normal
2015-06-02 23:15:00+00:00,8.7,Docklands Library,511,60.9,6.5,-37.8195002,144.9418888,ENV,REAL_511,Real sensor series - Docklands Library - board 511,42,real_sensor_board_511,8.884099449763777,0,normal
2015-06-02 23:25:00+00:00,8.7,Docklands Library,511,61.7,6.5,-37.8195002,144.9418888,ENV,REAL_511,Real sensor series - Docklands Library - board 511,42,real_sensor_board_511,8.647279559811022,0,normal
2015-06-03 01:25:00+00:00,8.4,Docklands Library,511,63.0,6.7,-37.8195002,144.9418888,ENV,REAL_511,Real sensor series - Docklands Library - board 511,42,real_sensor_board_511,8.457823647848818,0,normal
2015-06-03 04:30:00+00:00,7.7,Docklands Library,511,62.6,6.8,-37.8195002,144.9418888,ENV,REAL_511,Real sensor series - Docklands Library - board 511,42,real_sensor_board_511,8.306258918279054,0,normal
2015-06-03 05:55:00+00:00,7.7,Docklands Library,511,63.1,6.6,-37.8195002,144.9418888,ENV,REAL_511,Real sensor series - Docklands Library - board 511,42,real_sensor_board_511,8.185007134623245,0,normal
2015-06-03 06:05:00+00:00,7.7,Docklands Library,511,62.8,6.6,-37.8195002,144.9418888,ENV,REAL_511,Real sensor series - Docklands Library - board 511,42,real_sensor_board_511,8.088005707698596,0,normal
2015-06-03 06:15:00+00:00,7.4,Docklands Library,511,63.0,6.7,-37.8195002,144.9418888,ENV,REAL_511,Real sensor series - Docklands Library - board 511,42,real_sensor_board_511,7.980404566158876,0,normal
2015-06-04 01:20:00+00:00,6.1,Docklands Library,511,52.2,7.0,-37.8195002,144.9418888,ENV,REAL_511,Real sensor series - Docklands Library - board 511,42,real_sensor_board_511,7.8643236529271014,0,normal
2015-06-04 04:15:00+00:00,6.1,Docklands Library,511,52.2,7.1,-37.8195002,144.9418888,ENV,REAL_511,Real sensor series - Docklands Library - board 511,42,real_sensor_board_511,7.771458922341682,0,normal
2015-06-04 04:25:00+00:00,6.1,Docklands Library,511,52.4,7.1,-37.8195002,144.9418888,ENV,REAL_511,Real sensor series - Docklands Library - board 511,42,real_sensor_board_511,7.697167137873347,0,normal
2015-06-04 04:45:00+00:00,6.1,Docklands Library,511,52.2,7.2,-37.8195002,144.9418888,ENV,REAL_511,Real sensor series - Docklands Library - board 511,42,real_sensor_board_511,7.637733710298678,0,normal
2015-06-04 06:10:00+00:00,5.8,Docklands Library,511,52.2,7.3,-37.8195002,144.9418888,ENV,REAL_511,Real sensor series - Docklands Library - board 511,42,real_sensor_board_511,7.590186968238943,0,normal
2015-06-04 06:20:00+00:00,5.8,Docklands Library,511,52.4,7.3,-37.8195002,144.9418888,ENV,REAL_511,Real sensor series - Docklands Library - board 511,42,real_sensor_board_511,7.552149574591155,0,normal
