timestamp,temp_observed,location,boardid,humidity_avg,light_avg,latitude,longitude,model,scenario_id,scenario_name,seed,dataset_name,temp_clean,is_anomaly,anomaly_type
2014-12-15 01:45:00+00:00,21.6,Fitzroy Gardens,507,44.8,97.2,-37.8149218,144.9822582,ENV,REAL_507,Real sensor series - Fitzroy Gardens - board 507,42,real_sensor_board_507,28.25,1,weak_multivariate_excursion
2014-12-15 01:55:00+00:00,21.6,Fitzroy Gardens,507,44.5,97.2,-37.8149218,144.9822582,ENV,REAL_507,Real sensor series - Fitzroy Gardens - board 507,42,real_sensor_board_507,28.220000000000002,1,weak_multivariate_excursion
2014-12-16 03:15:00+00:00,32.3,Fitzroy Gardens,507,10.9,95.2,-37.8149218,144.9822582,ENV,REAL_507,Real sensor series - Fitzroy Gardens - board 507,42,real_sensor_board_507,28.156000000000006,1,weak_multivariate_excursion
2014-12-16 03:35:00+00:00,30.6,Fitzroy Gardens,507,11.9,95.2,-37.8149218,144.9822582,ENV,REAL_507,Real sensor series - Fitzroy Gardens - board 507,42,real_sensor_board_507,28.064800000000005,1,weak_multivariate_excursion
2014-12-16 03:45:00+00:00,31.3,Fitzroy Gardens,507,13.0,97.4,-37.8149218,144.9822582,ENV,REAL_507,Real sensor series - Fitzroy Gardens - board 507,42,real_sensor_board_507,27.381840000000004,0,normal
2014-12-16 04:35:00+00:00,30.0,Fitzroy Gardens,507,11.4,95.2,-37.8149218,144.9822582,ENV,REAL_507,Real sensor series - Fitzroy Gardens - board 507,42,real_sensor_board_507,26.225472000000003,0,normal
2014-12-16 04:45:00+00:00,29.7,Fitzroy Gardens,507,10.5,93.8,-37.8149218,144.9822582,ENV,REAL_507,Real sensor series - Fitzroy Gardens - board 507,42,real_sensor_board_507,25.300377600000004,0,normal
2014-12-16 04:55:00+00:00,29.4,Fitzroy Gardens,507,10.1,92.7,-37.8149218,144.9822582,ENV,REAL_507,Real sensor series - Fitzroy Gardens - board 507,42,real_sensor_board_507,24.560302080000007,1,weak_multivariate_excursion
2014-12-16 05:05:00+00:00,29.4,Fitzroy Gardens,507,10.1,94.6,-37.8149218,144.9822582,ENV,REAL_507,Real sensor series - Fitzroy Gardens - board 507,42,real_sensor_board_507,23.968241664000008,1,weak_multivariate_excursion
2014-12-16 05:15:00+00:00,28.4,Fitzroy Gardens,507,10.0,92.7,-37.8149218,144.9822582,ENV,REAL_507,Real sensor series - Fitzroy Gardens - board 507,42,real_sensor_board_507,23.494593331200008,1,weak_multivariate_excursion
2014-12-16 05:25:00+00:00,28.1,Fitzroy Gardens,507,10.9,91.2,-37.8149218,144.9822582,ENV,REAL_507,Real sensor series - Fitzroy Gardens - board 507,42,real_sensor_board_507,23.08567466496001,1,weak_multivariate_excursion
2014-12-16 05:35:00+00:00,27.7,Fitzroy Gardens,507,11.2,89.1,-37.8149218,144.9822582,ENV,REAL_507,Real sensor series - Fitzroy Gardens - board 507,42,real_sensor_board_507,22.72853973196801,1,weak_multivariate_excursion
2014-12-16 05:50:00+00:00,21.3,Fitzroy Gardens,507,39.6,91.3,-37.8149218,144.9822582,ENV,REAL_507,Real sensor series - Fitzroy Gardens - board 507,42,real_sensor_board_507,22.412831785574408,1,weak_multivariate_excursion
2014-12-16 06:00:00+00:00,21.6,Fitzroy Gardens,507,38.4,96.7,-37.8149218,144.9822582,ENV,REAL_507,Real sensor series - Fitzroy Gardens - board 507,42,real_sensor_board_507,22.130265428459527,1,weak_multivariate_excursion
2014-12-16 06:10:00+00:00,21.0,Fitzroy Gardens,507,39.5,95.2,-37.8149218,144.9822582,ENV,REAL_507,Real sensor series - Fitzroy Gardens - board 507,42,real_sensor_board_507,21.90421234276762,0,normal
2014-12-16 06:20:00+00:00,20.6,Fitzroy Gardens,507,42.3,93.4,-37.8149218,144.9822582,ENV,REAL_507,Real sensor series - Fitzroy Gardens - board 507,42,real_sensor_board_507,21.723369874214097,0,normal
2014-12-16 06:30:00+00:00,19.7,Fitzroy Gardens,507,43.6,93.7,-37.8149218,144.9822582,ENV,REAL_507,Real sensor series - Fitzroy Gardens - board 507,42,real_sensor_board_507,21.498695899371278,0,normal
2014-12-16 06:40:00+00:00,20.0,Fitzroy Gardens,507,42.1,93.4,-37.8149218,144.9822582,ENV,REAL_507,Real sensor series - Fitzroy Gardens - board 507,42,real_sensor_board_507,21.198956719497023,0,normal
2014-12-16 06:50:00+00:00,20.0,Fitzroy Gardens,507,34.6,94.7,-37.8149218,144.9822582,ENV,REAL_507,Real sensor series - Fitzroy Gardens - board 507,42,real_sensor_board_507,20.959165375597617,0,normal
2014-12-16 07:00:00+00:00,21.0,Fitzroy Gardens,507,34.6,93.8,-37.8149218,144.9822582,ENV,REAL_507,Real sensor series - Fitzroy Gardens - board 507,42,real_sensor_board_507,20.767332300478095,0,normal
2014-12-16 07:10:00+00:00,20.0,Fitzroy Gardens,507,37.4,94.1,-37.8149218,144.9822582,ENV,REAL_507,Real sensor series - Fitzroy Gardens - board 507,42,real_sensor_board_507,20.55386584038248,0,normal
2014-12-16 07:20:00+00:00,18.7,Fitzroy Gardens,507,41.7,93.5,-37.8149218,144.9822582,ENV,REAL_507,Real sensor series - Fitzroy Gardens - board 507,42,real_sensor_board_507,20.183092672305982,0,normal
2014-12-16 07:30:00+00:00,18.4,Fitzroy Gardens,507,36.3,87.3,-37.8149218,144.9822582,ENV,REAL_507,Real sensor series - Fitzroy Gardens - board 507,42,real_sensor_board_507,19.826474137844787,0,normal
2014-12-16 07:40:00+00:00,18.4,Fitzroy Gardens,507,35.4,91.6,-37.8149218,144.9822582,ENV,REAL_507,Real sensor series - Fitzroy Gardens - board 507,42,real_sensor_board_507,19.54117931027583,0,normal
2014-12-16 07:50:00+00:00,18.4,Fitzroy Gardens,507,36.6,91.1,-37.8149218,144.9822582,ENV,REAL_507,Real sensor series - Fitzroy Gardens - board 507,42,real_sensor_board_507,19.312943448220665,0,normal
2014-12-16 08:00:00+00:00,16.5,Fitzroy Gardens,507,39.2,88.3,-37.8149218,144.9822582,ENV,REAL_507,Real sensor series - Fitzroy Gardens - board 507,42,real_sensor_board_507,18.93035475857653,0,normal
2014-12-16 08:10:00+00:00,16.5,Fitzroy Gardens,507,40.4,85.7,-37.8149218,144.9822582,ENV,REAL_507,Real sensor series - Fitzroy Gardens - board 507,42,real_sensor_board_507,18.564283806861226,0,normal
2014-12-16 08:20:00+00:00,16.8,Fitzroy Gardens,507,36.3,82.9,-37.8149218,144.9822582,ENV,REAL_507,Real sensor series - Fitzroy Gardens - board 507,42,real_sensor_board_507,18.271427045488984,0,normal
2014-12-16 08:30:00+00:00,17.1,Fitzroy Gardens,507,33.8,88.9,-37.8149218,144.9822582,ENV,REAL_507,Real sensor series - Fitzroy Gardens - board 507,42,real_sensor_board_507,18.03714163639119,0,normal
2014-12-16 08:40:00+00:00,17.4,Fitzroy Gardens,507,33.3,89.6,-37.8149218,144.9822582,ENV,REAL_507,Real sensor series - Fitzroy Gardens - board 507,42,real_sensor_board_507,17.849713309112953,0,normal
2014-12-16 08:50:00+00:00,17.1,Fitzroy Gardens,507,34.3,84.6,-37.8149218,144.9822582,ENV,REAL_507,Real sensor series - Fitzroy Gardens - board 507,42,real_sensor_board_507,17.639770647290362,0,normal
2014-12-16 09:05:00+00:00,17.1,Fitzroy Gardens,507,35.4,82.4,-37.8149218,144.9822582,ENV,REAL_507,Real sensor series - Fitzroy Gardens - board 507,42,real_sensor_board_507,17.47181651783229,0,normal
2014-12-16 09:15:00+00:00,17.1,Fitzroy Gardens,507,31.7,72.7,-37.8149218,144.9822582,ENV,REAL_507,Real sensor series - Fitzroy Gardens - board 507,42,real_sensor_board_507,17.337453214265835,0,normal
2014-12-16 09:25:00+00:00,16.8,Fitzroy Gardens,507,28.3,65.0,-37.8149218,144.9822582,ENV,REAL_507,Real sensor series - Fitzroy Gardens - board 507,42,real_sensor_board_507,17.22996257141267,0,normal
2014-12-16 09:35:00+00:00,16.8,Fitzroy Gardens,507,29.4,55.0,-37.8149218,144.9822582,ENV,REAL_507,Real sensor series - Fitzroy Gardens - board 507,42,real_sensor_board_507,17.083970057130138,1,weak_multivariate_excursion
2014-12-16 09:45:00+00:00,16.8,Fitzroy Gardens,507,32.1,30.4,-37.8149218,144.9822582,ENV,REAL_507,Real sensor series - Fitzroy Gardens - board 507,42,real_sensor_board_507,16.96717604570411,1,weak_multivariate_excursion
2014-12-16 09:55:00+00:00,16.5,Fitzroy Gardens,507,33.5,12.0,-37.8149218,144.9822582,ENV,REAL_507,Real sensor series - Fitzroy Gardens - board 507,42,real_sensor_board_507,16.87374083656329,1,weak_multivariate_excursion
2014-12-16 10:05:00+00:00,11.9,Fitzroy Gardens,507,51.4,3.1,-37.8149218,144.9822582,ENV,REAL_507,Real sensor series - Fitzroy Gardens - board 507,42,real_sensor_board_507,16.338992669250633,1,weak_multivariate_excursion
2014-12-16 10:15:00+00:00,12.3,Fitzroy Gardens,507,50.3,1.4,-37.8149218,144.9822582,ENV,REAL_507,Real sensor series - Fitzroy Gardens - board 507,42,real_sensor_board_507,15.911194135400507,1,weak_multivariate_excursion
2014-12-16 10:25:00+00:00,13.5,Fitzroy Gardens,507,47.2,1.0,-37.8149218,144.9822582,ENV,REAL_507,Real sensor series - Fitzroy Gardens - board 507,42,real_sensor_board_507,15.568955308320406,0,normal
2014-12-16 10:35:00+00:00,13.5,Fitzroy Gardens,507,44.2,1.0,-37.8149218,144.9822582,ENV,REAL_507,Real sensor series - Fitzroy Gardens - board 507,42,real_sensor_board_507,15.295164246656325,0,normal
2014-12-16 10:45:00+00:00,14.2,Fitzroy Gardens,507,40.9,0.9,-37.8149218,144.9822582,ENV,REAL_507,Real sensor series - Fitzroy Gardens - board 507,42,real_sensor_board_507,15.016131397325061,0,normal
2014-12-16 10:55:00+00:00,14.2,Fitzroy Gardens,507,38.2,1.0,-37.8149218,144.9822582,ENV,REAL_507,Real sensor series - Fitzroy Gardens - board 507,42,real_sensor_board_507,14.792905117860052,0,normal
2014-12-16 11:05:00+00:00,14.2,Fitzroy Gardens,507,37.3,1.0,-37.8149218,144.9822582,ENV,REAL_507,Real sensor series - Fitzroy Gardens - board 507,42,real_sensor_board_507,14.614324094288044,0,normal
2014-12-16 11:15:00+00:00,14.2,Fitzroy Gardens,507,38.0,1.0,-37.8149218,144.9822582,ENV,REAL_507,Real sensor series - Fitzroy Gardens - board 507,42,real_sensor_board_507,14.471459275430437,0,normal
2014-12-16 11:25:00+00:00,13.9,Fitzroy Gardens,507,37.7,1.1,-37.8149218,144.9822582,ENV,REAL_507,Real sensor series - Fitzroy Gardens - board 507,42,real_sensor_board_507,14.277167420344352,0,normal
2014-12-16 11:35:00+00:00,13.9,Fitzroy Gardens,507,38.0,1.0,-37.8149218,144.9822582,ENV,REAL_507,Real sensor series - Fitzroy Gardens - board 507,42,real_sensor_board_507,14.121733936275483,0,normal
2014-12-16 11:45:00+00:00,13.9,Fitzroy Gardens,507,38.4,1.1,-37.8149218,144.9822582,ENV,REAL_507,Real sensor series - Fitzroy Gardens - board 507,42,real_sensor_board_507,13.997387149020387,0,normal
2014-12-16 11:55:00+00:00,13.9,Fitzroy Gardens,507,38.7,1.1,-37.8149218,144.9822582,ENV,REAL_507,Real sensor series - Fitzroy Gardens - board 507,42,real_sensor_board_507,13.897909719216312,0,normal
2014-12-16 12:05:00+00:00,13.5,Fitzroy Gardens,507,38.5,1.1,-37.8149218,144.9822582,ENV,REAL_507,Real sensor series - Fitzroy Gardens - board 507,42,real_sensor_board_507,13.75832777537305,0,normal
2014-12-16 12:20:00+00:00,13.5,Fitzroy Gardens,507,39.5,1.0,-37.8149218,144.9822582,ENV,REAL_507,Real sensor series - Fitzroy Gardens - board 507,42,real_sensor_board_507,13.646662220298442,0,normal
2014-12-16 12:30:00+00:00,13.2,Fitzroy Gardens,507,40.7,1.0,-37.8149218,144.9822582,ENV,REAL_507,Real sensor series - Fitzroy Gardens - board 507,42,real_sensor_board_507,13.557329776238754,0,normal
2014-12-16 12:40:00+00:00,13.2,Fitzroy Gardens,507,40.7,1.1,-37.8149218,144.9822582,ENV,REAL_507,Real sensor series - Fitzroy Gardens - board 507,42,real_sensor_board_507,13.485863820991005,0,normal
2014-12-16 12:50:00+00:00,13.2,Fitzroy Gardens,507,40.6,1.1,-37.8149218,144.9822582,ENV,REAL_507,Real sensor series - Fitzroy Gardens - board 507,42,real_sensor_board_507,13.428691056792806,0,normal
2014-12-16 13:00:00+00:00,13.2,Fitzroy Gardens,507,42.0,1.1,-37.8149218,144.9822582,ENV,REAL_507,Real sensor series - Fitzroy Gardens - board 507,42,real_sensor_board_507,13.382952845434247,0,normal
2014-12-16 13:10:00+00:00,13.2,Fitzroy Gardens,507,41.7,1.1,-37.8149218,144.9822582,ENV,REAL_507,Real sensor series - Fitzroy Gardens - board 507,42,real_sensor_board_507,13.3463622763474,0,normal
2014-12-16 13:20:00+00:00,12.9,Fitzroy Gardens,507,41.5,1.1,-37.8149218,144.9822582,ENV,REAL_507,Real sensor series - Fitzroy Gardens - board 507,42,real_sensor_board_507,13.25708982107792,0,normal
2014-12-16 13:30:00+00:00,12.9,Fitzroy Gardens,507,41.5,1.1,-37.8149218,144.9822582,ENV,REAL_507,Real sensor series - Fitzroy Gardens - board 507,42,real_sensor_board_507,13.185671856862337,0,normal
2014-12-16 13:40:00+00:00,12.9,Fitzroy Gardens,507,43.1,1.1,-37.8149218,144.9822582,ENV,REAL_507,Real sensor series - Fitzroy Gardens - board 507,42,real_sensor_board_507,13.12853748548987,0,normal
2014-12-16 13:50:00+00:00,12.6,Fitzroy Gardens,507,44.4,1.1,-37.8149218,144.9822582,ENV,REAL_507,Real sensor series - Fitzroy Gardens - board 507,42,real_sensor_board_507,13.022829988391896,0,normal
2014-12-16 14:00:00+00:00,12.3,Fitzroy Gardens,507,45.6,1.1,-37.8149218,144.9822582,ENV,REAL_507,Real sensor series - Fitzroy Gardens - board 507,42,real_sensor_board_507,12.938263990713518,0,normal
2014-12-16 14:10:00+00:00,12.6,Fitzroy Gardens,507,44.7,1.1,-37.8149218,144.9822582,ENV,REAL_507,Real sensor series - Fitzroy Gardens - board 507,42,real_sensor_board_507,12.870611192570815,0,normal
2014-12-16 14:20:00+00:00,12.6,Fitzroy Gardens,507,45.8,1.2,-37.8149218,144.9822582,ENV,REAL_507,Real sensor series - Fitzroy Gardens - board 507,42,real_sensor_board_507,12.816488954056652,0,normal
2014-12-16 14:30:00+00:00,12.6,Fitzroy Gardens,507,45.3,1.1,-37.8149218,144.9822582,ENV,REAL_507,Real sensor series - Fitzroy Gardens - board 507,42,real_sensor_board_507,12.713191163245323,0,normal
2014-12-16 14:40:00+00:00,12.3,Fitzroy Gardens,507,46.6,1.1,-37.8149218,144.9822582,ENV,REAL_507,Real sensor series - Fitzroy Gardens - board 507,42,real_sensor_board_507,12.63055293059626,0,normal
2014-12-16 14:50:00+00:00,12.3,Fitzroy Gardens,507,45.9,1.1,-37.8149218,144.9822582,ENV,REAL_507,Real sensor series - Fitzroy Gardens - board 507,42,real_sensor_board_507,12.564442344477008,0,normal
2014-12-16 15:00:00+00:00,11.9,Fitzroy Gardens,507,46.4,1.1,-37.8149218,144.9822582,ENV,REAL_507,Real sensor series - Fitzroy Gardens - board 507,42,real_sensor_board_507,12.431553875581608,0,normal
2014-12-16 15:10:00+00:00,11.6,Fitzroy Gardens,507,47.2,1.1,-37.8149218,144.9822582,ENV,REAL_507,Real sensor series - Fitzroy Gardens - board 507,42,real_sensor_board_507,12.265243100465288,0,normal
2014-12-16 15:25:00+00:00,11.6,Fitzroy Gardens,507,47.0,1.1,-37.8149218,144.9822582,ENV,REAL_507,Real sensor series - Fitzroy Gardens - board 507,42,real_sensor_board_507,12.132194480372231,0,normal
2014-12-16 15:35:00+00:00,11.6,Fitzroy Gardens,507,47.5,1.1,-37.8149218,144.9822582,ENV,REAL_507,Real sensor series - Fitzroy Gardens - board 507,42,real_sensor_board_507,12.025755584297785,0,normal
2014-12-16 15:45:00+00:00,11.6,Fitzroy Gardens,507,47.0,1.1,-37.8149218,144.9822582,ENV,REAL_507,Real sensor series - Fitzroy Gardens - board 507,42,real_sensor_board_507,11.940604467438229,0,normal
2014-12-16 15:55:00+00:00,11.3,Fitzroy Gardens,507,48.1,1.1,-37.8149218,144.9822582,ENV,REAL_507,Real sensor series - Fitzroy Gardens - board 507,42,real_sensor_board_507,11.872483573950584,0,normal
2014-12-16 16:05:00+00:00,11.3,Fitzroy Gardens,507,48.5,1.1,-37.8149218,144.9822582,ENV,REAL_507,Real sensor series - Fitzroy Gardens - board 507,42,real_sensor_board_507,11.817986859160468,0,normal
2014-12-16 16:15:00+00:00,11.3,Fitzroy Gardens,507,48.6,1.1,-37.8149218,144.9822582,ENV,REAL_507,Real sensor series - Fitzroy Gardens - board 507,42,real_sensor_board_507,11.714389487328376,0,normal
2014-12-16 16:25:00+00:00,11.6,Fitzroy Gardens,507,48.0,1.1,-37.8149218,144.9822582,ENV,REAL_507,Real sensor series - Fitzroy Gardens - board 507,42,real_sensor_board_507,11.6315115898627,0,normal
2014-12-16 16:35:00+00:00,11.6,Fitzroy Gardens,507,48.6,1.1,-37.8149218,144.9822582,ENV,REAL_507,Real sensor series - Fitzroy Gardens - board 507,42,real_sensor_board_507,11.565209271890161,0,normal
2014-12-16 16:45:00+00:00,11.3,Fitzroy Gardens,507,48.6,1.1,-37.8149218,144.9822582,ENV,REAL_507,Real sensor series - Fitzroy Gardens - board 507,42,real_sensor_board_507,11.51216741751213,0,normal
2014-12-16 16:55:00+00:00,11.0,Fitzroy Gardens,507,49.9,1.3,-37.8149218,144.9822582,ENV,REAL_507,Real sensor series - Fitzroy Gardens - board 507,42,real_sensor_board_507,11.469733934009703,0,normal
2014-12-16 17:05:00+00:00,11.3,Fitzroy Gardens,507,49.6,1.1,-37.8149218,144.9822582,ENV,REAL_507,Real sensor series - Fitzroy Gardens - board 507,42,real_sensor_board_507,11.435787147207762,0,normal
2014-12-16 17:15:00+00:00,11.3,Fitzroy Gardens,507,49.6,1.1,-37.8149218,144.9822582,ENV,REAL_507,Real sensor series - Fitzroy Gardens - board 507,42,real_sensor_board_507,11.40862971776621,0,normal
2014-12-16 17:25:00+00:00,11.0,Fitzroy Gardens,507,49.7,1.1,-37.8149218,144.9822582,ENV,REAL_507,Real sensor series - Fitzroy Gardens - board 507,42,real_sensor_board_507,11.386903774212968,0,normal
2014-12-16 17:35:00+00:00,11.0,Fitzroy Gardens,507,49.9,1.1,-37.8149218,144.9822582,ENV,REAL_507,Real sensor series - Fitzroy Gardens - board 507,42,real_sensor_board_507,11.369523019370375,0,normal
2014-12-16 17:45:00+00:00,11.0,Fitzroy Gardens,507,50.0,1.1,-37.8149218,144.9822582,ENV,REAL_507,Real sensor series - Fitzroy Gardens - board 507,42,real_sensor_board_507,11.3556184154963,0,normal
2014-12-16 17:55:00+00:00,11.0,Fitzroy Gardens,507,50.2,1.1,-37.8149218,144.9822582,ENV,REAL_507,Real sensor series - Fitzroy Gardens - board 507,42,real_sensor_board_507,11.34449473239704,0,normal
2014-12-16 18:05:00+00:00,10.6,Fitzroy Gardens,507,49.7,1.2,-37.8149218,144.9822582,ENV,REAL_507,Real sensor series - Fitzroy Gardens - board 507,42,real_sensor_board_507,11.335595785917633,0,normal
2014-12-16 18:15:00+00:00,10.6,Fitzroy Gardens,507,49.9,2.1,-37.8149218,144.9822582,ENV,REAL_507,Real sensor series - Fitzroy Gardens - board 507,42,real_sensor_board_507,11.328476628734107,0,normal
2014-12-16 18:25:00+00:00,10.6,Fitzroy Gardens,507,50.2,7.5,-37.8149218,144.9822582,ENV,REAL_507,Real sensor series - Fitzroy Gardens - board 507,42,real_sensor_board_507,11.322781302987286,1,weak_multivariate_excursion
2014-12-16 18:40:00+00:00,10.6,Fitzroy Gardens,507,50.7,24.8,-37.8149218,144.9822582,ENV,REAL_507,Real sensor series - Fitzroy Gardens - board 507,42,real_sensor_board_507,11.318225042389829,1,weak_multivariate_excursion
2014-12-16 18:50:00+00:00,11.0,Fitzroy Gardens,507,49.2,46.3,-37.8149218,144.9822582,ENV,REAL_507,Real sensor series - Fitzroy Gardens - board 507,42,real_sensor_board_507,11.314580033911863,1,weak_multivariate_excursion
2014-12-16 19:00:00+00:00,10.6,Fitzroy Gardens,507,50.3,61.8,-37.8149218,144.9822582,ENV,REAL_507,Real sensor series - Fitzroy Gardens - board 507,42,real_sensor_board_507,11.31166402712949,1,weak_multivariate_excursion
2014-12-16 19:10:00+00:00,10.6,Fitzroy Gardens,507,50.2,72.1,-37.8149218,144.9822582,ENV,REAL_507,Real sensor series - Fitzroy Gardens - board 507,42,real_sensor_board_507,11.309331221703593,1,weak_multivariate_excursion
2014-12-16 19:20:00+00:00,10.6,Fitzroy Gardens,507,50.5,78.0,-37.8149218,144.9822582,ENV,REAL_507,Real sensor series - Fitzroy Gardens - board 507,42,real_sensor_board_507,11.307464977362875,0,normal
2014-12-16 19:30:00+00:00,11.0,Fitzroy Gardens,507,49.9,81.4,-37.8149218,144.9822582,ENV,REAL_507,Real sensor series - Fitzroy Gardens - board 507,42,real_sensor_board_507,11.3059719818903,0,normal
2014-12-16 19:40:00+00:00,11.0,Fitzroy Gardens,507,49.4,83.9,-37.8149218,144.9822582,ENV,REAL_507,Real sensor series - Fitzroy Gardens - board 507,42,real_sensor_board_507,11.304777585512241,0,normal
2014-12-16 19:50:00+00:00,11.3,Fitzroy Gardens,507,49.6,86.6,-37.8149218,144.9822582,ENV,REAL_507,Real sensor series - Fitzroy Gardens - board 507,42,real_sensor_board_507,11.303822068409794,0,normal
2014-12-16 20:00:00+00:00,11.6,Fitzroy Gardens,507,48.8,90.7,-37.8149218,144.9822582,ENV,REAL_507,Real sensor series - Fitzroy Gardens - board 507,42,real_sensor_board_507,11.363057654727836,0,normal
2014-12-16 20:10:00+00:00,11.9,Fitzroy Gardens,507,48.1,92.4,-37.8149218,144.9822582,ENV,REAL_507,Real sensor series - Fitzroy Gardens - board 507,42,real_sensor_board_507,11.47044612378227,0,normal
2014-12-16 20:20:00+00:00,12.3,Fitzroy Gardens,507,46.4,93.2,-37.8149218,144.9822582,ENV,REAL_507,Real sensor series - Fitzroy Gardens - board 507,42,real_sensor_board_507,11.636356899025818,0,normal
2014-12-16 20:30:00+00:00,12.9,Fitzroy Gardens,507,45.8,93.8,-37.8149218,144.9822582,ENV,REAL_507,Real sensor series - Fitzroy Gardens - board 507,42,real_sensor_board_507,11.889085519220655,0,normal
2014-12-16 20:40:00+00:00,13.2,Fitzroy Gardens,507,44.8,94.2,-37.8149218,144.9822582,ENV,REAL_507,Real sensor series - Fitzroy Gardens - board 507,42,real_sensor_board_507,12.151268415376526,0,normal
2014-12-16 20:50:00+00:00,15.5,Fitzroy Gardens,507,42.0,94.6,-37.8149218,144.9822582,ENV,REAL_507,Real sensor series - Fitzroy Gardens - board 507,42,real_sensor_board_507,12.681014732301222,1,weak_multivariate_excursion
2014-12-16 21:00:00+00:00,19.7,Fitzroy Gardens,507,35.2,96.2,-37.8149218,144.9822582,ENV,REAL_507,Real sensor series - Fitzroy Gardens - board 507,42,real_sensor_board_507,13.10481178584098,1,weak_multivariate_excursion
2014-12-16 21:10:00+00:00,14.8,Fitzroy Gardens,507,38.8,95.2,-37.8149218,144.9822582,ENV,REAL_507,Real sensor series - Fitzroy Gardens - board 507,42,real_sensor_board_507,13.583849428672783,1,weak_multivariate_excursion
2014-12-16 21:20:00+00:00,14.8,Fitzroy Gardens,507,40.7,96.1,-37.8149218,144.9822582,ENV,REAL_507,Real sensor series - Fitzroy Gardens - board 507,42,real_sensor_board_507,14.027079542938228,1,weak_multivariate_excursion
2014-12-16 21:30:00+00:00,16.5,Fitzroy Gardens,507,37.1,95.7,-37.8149218,144.9822582,ENV,REAL_507,Real sensor series - Fitzroy Gardens - board 507,42,real_sensor_board_507,14.381663634350584,0,normal
2014-12-16 21:40:00+00:00,16.5,Fitzroy Gardens,507,34.1,95.7,-37.8149218,144.9822582,ENV,REAL_507,Real sensor series - Fitzroy Gardens - board 507,42,real_sensor_board_507,14.805330907480469,0,normal
2014-12-16 21:55:00+00:00,16.8,Fitzroy Gardens,507,36.2,96.3,-37.8149218,144.9822582,ENV,REAL_507,Real sensor series - Fitzroy Gardens - board 507,42,real_sensor_board_507,15.144264725984376,0,normal
2014-12-16 22:05:00+00:00,16.5,Fitzroy Gardens,507,35.8,95.7,-37.8149218,144.9822582,ENV,REAL_507,Real sensor series - Fitzroy Gardens - board 507,42,real_sensor_board_507,15.415411780787503,0,normal
2014-12-16 22:15:00+00:00,15.8,Fitzroy Gardens,507,35.2,95.7,-37.8149218,144.9822582,ENV,REAL_507,Real sensor series - Fitzroy Gardens - board 507,42,real_sensor_board_507,15.692329424630003,0,normal
2014-12-16 22:25:00+00:00,15.8,Fitzroy Gardens,507,35.7,96.0,-37.8149218,144.9822582,ENV,REAL_507,Real sensor series - Fitzroy Gardens - board 507,42,real_sensor_board_507,15.913863539704003,0,normal
2014-12-16 22:35:00+00:00,16.8,Fitzroy Gardens,507,33.5,97.6,-37.8149218,144.9822582,ENV,REAL_507,Real sensor series - Fitzroy Gardens - board 507,42,real_sensor_board_507,16.091090831763204,0,normal
2014-12-16 22:45:00+00:00,19.0,Fitzroy Gardens,507,29.2,97.5,-37.8149218,144.9822582,ENV,REAL_507,Real sensor series - Fitzroy Gardens - board 507,42,real_sensor_board_507,16.672872665410562,0,normal
2014-12-16 22:55:00+00:00,16.8,Fitzroy Gardens,507,32.1,97.5,-37.8149218,144.9822582,ENV,REAL_507,Real sensor series - Fitzroy Gardens - board 507,42,real_sensor_board_507,17.13829813232845,0,normal
2014-12-16 23:05:00+00:00,20.0,Fitzroy Gardens,507,31.6,98.2,-37.8149218,144.9822582,ENV,REAL_507,Real sensor series - Fitzroy Gardens - board 507,42,real_sensor_board_507,17.59063850586276,0,normal
2014-12-16 23:15:00+00:00,22.3,Fitzroy Gardens,507,28.0,98.2,-37.8149218,144.9822582,ENV,REAL_507,Real sensor series - Fitzroy Gardens - board 507,42,real_sensor_board_507,18.01251080469021,0,normal
2014-12-16 23:25:00+00:00,22.6,Fitzroy Gardens,507,27.5,98.3,-37.8149218,144.9822582,ENV,REAL_507,Real sensor series - Fitzroy Gardens - board 507,42,real_sensor_board_507,18.410008643752168,0,normal
2014-12-16 23:35:00+00:00,22.6,Fitzroy Gardens,507,25.9,98.3,-37.8149218,144.9822582,ENV,REAL_507,Real sensor series - Fitzroy Gardens - board 507,42,real_sensor_board_507,18.728006915001735,0,normal
2014-12-16 23:45:00+00:00,22.6,Fitzroy Gardens,507,26.9,98.2,-37.8149218,144.9822582,ENV,REAL_507,Real sensor series - Fitzroy Gardens - board 507,42,real_sensor_board_507,18.982405532001387,0,normal
2014-12-16 23:55:00+00:00,19.4,Fitzroy Gardens,507,27.2,98.1,-37.8149218,144.9822582,ENV,REAL_507,Real sensor series - Fitzroy Gardens - board 507,42,real_sensor_board_507,19.185924425601108,0,normal
2014-12-17 00:05:00+00:00,20.0,Fitzroy Gardens,507,25.4,98.1,-37.8149218,144.9822582,ENV,REAL_507,Real sensor series - Fitzroy Gardens - board 507,42,real_sensor_board_507,19.348739540480885,0,normal
2014-12-17 00:15:00+00:00,21.6,Fitzroy Gardens,507,25.4,98.0,-37.8149218,144.9822582,ENV,REAL_507,Real sensor series - Fitzroy Gardens - board 507,42,real_sensor_board_507,19.538991632384707,0,normal
2014-12-17 00:25:00+00:00,20.6,Fitzroy Gardens,507,26.9,98.0,-37.8149218,144.9822582,ENV,REAL_507,Real sensor series - Fitzroy Gardens - board 507,42,real_sensor_board_507,19.691193305907767,0,normal
2014-12-17 00:35:00+00:00,21.0,Fitzroy Gardens,507,23.4,97.9,-37.8149218,144.9822582,ENV,REAL_507,Real sensor series - Fitzroy Gardens - board 507,42,real_sensor_board_507,19.812954644726215,0,normal
2014-12-17 00:45:00+00:00,21.6,Fitzroy Gardens,507,23.2,97.9,-37.8149218,144.9822582,ENV,REAL_507,Real sensor series - Fitzroy Gardens - board 507,42,real_sensor_board_507,19.970363715780973,0,normal
2014-12-17 00:55:00+00:00,21.0,Fitzroy Gardens,507,23.4,94.9,-37.8149218,144.9822582,ENV,REAL_507,Real sensor series - Fitzroy Gardens - board 507,42,real_sensor_board_507,20.09629097262478,0,normal
2014-12-17 01:10:00+00:00,20.6,Fitzroy Gardens,507,24.0,94.9,-37.8149218,144.9822582,ENV,REAL_507,Real sensor series - Fitzroy Gardens - board 507,42,real_sensor_board_507,20.197032778099825,0,normal
2014-12-17 01:20:00+00:00,20.3,Fitzroy Gardens,507,23.9,97.1,-37.8149218,144.9822582,ENV,REAL_507,Real sensor series - Fitzroy Gardens - board 507,42,real_sensor_board_507,20.27762622247986,0,normal
2014-12-17 01:30:00+00:00,19.0,Fitzroy Gardens,507,24.0,97.1,-37.8149218,144.9822582,ENV,REAL_507,Real sensor series - Fitzroy Gardens - board 507,42,real_sensor_board_507,20.422100977983888,0,normal
2014-12-17 01:40:00+00:00,20.0,Fitzroy Gardens,507,24.5,97.0,-37.8149218,144.9822582,ENV,REAL_507,Real sensor series - Fitzroy Gardens - board 507,42,real_sensor_board_507,20.53768078238711,0,normal
2014-12-17 01:50:00+00:00,21.0,Fitzroy Gardens,507,24.8,97.4,-37.8149218,144.9822582,ENV,REAL_507,Real sensor series - Fitzroy Gardens - board 507,42,real_sensor_board_507,20.630144625909686,0,normal
2014-12-17 02:00:00+00:00,20.0,Fitzroy Gardens,507,24.0,96.6,-37.8149218,144.9822582,ENV,REAL_507,Real sensor series - Fitzroy Gardens - board 507,42,real_sensor_board_507,20.704115700727748,0,normal
2014-12-17 02:10:00+00:00,19.7,Fitzroy Gardens,507,24.3,97.2,-37.8149218,144.9822582,ENV,REAL_507,Real sensor series - Fitzroy Gardens - board 507,42,real_sensor_board_507,20.763292560582197,0,normal
2014-12-17 02:20:00+00:00,20.6,Fitzroy Gardens,507,26.4,97.3,-37.8149218,144.9822582,ENV,REAL_507,Real sensor series - Fitzroy Gardens - board 507,42,real_sensor_board_507,20.810634048465758,0,normal
2014-12-17 02:30:00+00:00,20.3,Fitzroy Gardens,507,25.6,97.2,-37.8149218,144.9822582,ENV,REAL_507,Real sensor series - Fitzroy Gardens - board 507,42,real_sensor_board_507,20.848507238772605,0,normal
2014-12-17 02:40:00+00:00,20.6,Fitzroy Gardens,507,26.9,97.2,-37.8149218,144.9822582,ENV,REAL_507,Real sensor series - Fitzroy Gardens - board 507,42,real_sensor_board_507,20.878805791018085,0,normal
2014-12-17 02:50:00+00:00,21.0,Fitzroy Gardens,507,26.2,97.2,-37.8149218,144.9822582,ENV,REAL_507,Real sensor series - Fitzroy Gardens - board 507,42,real_sensor_board_507,20.903044632814467,0,normal
2014-12-17 03:00:00+00:00,20.3,Fitzroy Gardens,507,25.9,97.2,-37.8149218,144.9822582,ENV,REAL_507,Real sensor series - Fitzroy Gardens - board 507,42,real_sensor_board_507,20.922435706251573,0,normal
2014-12-17 03:10:00+00:00,21.3,Fitzroy Gardens,507,25.9,97.2,-37.8149218,144.9822582,ENV,REAL_507,Real sensor series - Fitzroy Gardens - board 507,42,real_sensor_board_507,20.937948565001257,0,normal
2014-12-17 03:20:00+00:00,21.6,Fitzroy Gardens,507,24.5,97.2,-37.8149218,144.9822582,ENV,REAL_507,Real sensor series - Fitzroy Gardens - board 507,42,real_sensor_board_507,21.01035885200101,0,normal
2014-12-17 03:30:00+00:00,21.0,Fitzroy Gardens,507,25.0,97.2,-37.8149218,144.9822582,ENV,REAL_507,Real sensor series - Fitzroy Gardens - board 507,42,real_sensor_board_507,21.068287081600808,0,normal
2014-12-17 03:40:00+00:00,21.6,Fitzroy Gardens,507,23.5,97.2,-37.8149218,144.9822582,ENV,REAL_507,Real sensor series - Fitzroy Gardens - board 507,42,real_sensor_board_507,21.11462966528065,0,normal
2014-12-17 03:50:00+00:00,21.3,Fitzroy Gardens,507,25.1,97.2,-37.8149218,144.9822582,ENV,REAL_507,Real sensor series - Fitzroy Gardens - board 507,42,real_sensor_board_507,21.21170373222452,0,normal
2014-12-17 04:00:00+00:00,21.0,Fitzroy Gardens,507,25.4,97.2,-37.8149218,144.9822582,ENV,REAL_507,Real sensor series - Fitzroy Gardens - board 507,42,real_sensor_board_507,21.28936298577962,0,normal
2014-12-17 04:15:00+00:00,21.9,Fitzroy Gardens,507,22.8,97.2,-37.8149218,144.9822582,ENV,REAL_507,Real sensor series - Fitzroy Gardens - board 507,42,real_sensor_board_507,21.351490388623695,0,normal
2014-12-17 04:25:00+00:00,21.6,Fitzroy Gardens,507,23.9,97.4,-37.8149218,144.9822582,ENV,REAL_507,Real sensor series - Fitzroy Gardens - board 507,42,real_sensor_board_507,21.401192310898956,0,normal
2014-12-17 04:35:00+00:00,23.2,Fitzroy Gardens,507,23.9,97.4,-37.8149218,144.9822582,ENV,REAL_507,Real sensor series - Fitzroy Gardens - board 507,42,real_sensor_board_507,21.440953848719165,0,normal
2014-12-17 04:45:00+00:00,22.6,Fitzroy Gardens,507,23.4,97.3,-37.8149218,144.9822582,ENV,REAL_507,Real sensor series - Fitzroy Gardens - board 507,42,real_sensor_board_507,21.472763078975333,0,normal
2014-12-17 04:55:00+00:00,22.6,Fitzroy Gardens,507,23.1,97.2,-37.8149218,144.9822582,ENV,REAL_507,Real sensor series - Fitzroy Gardens - board 507,42,real_sensor_board_507,21.498210463180268,0,normal
2014-12-17 05:05:00+00:00,22.6,Fitzroy Gardens,507,23.2,97.1,-37.8149218,144.9822582,ENV,REAL_507,Real sensor series - Fitzroy Gardens - board 507,42,real_sensor_board_507,21.518568370544216,0,normal
2014-12-17 05:15:00+00:00,22.3,Fitzroy Gardens,507,25.0,97.1,-37.8149218,144.9822582,ENV,REAL_507,Real sensor series - Fitzroy Gardens - board 507,42,real_sensor_board_507,21.534854696435374,0,normal
2014-12-17 05:25:00+00:00,21.6,Fitzroy Gardens,507,25.0,97.0,-37.8149218,144.9822582,ENV,REAL_507,Real sensor series - Fitzroy Gardens - board 507,42,real_sensor_board_507,21.547883757148302,0,normal
2014-12-17 05:35:00+00:00,22.3,Fitzroy Gardens,507,24.2,97.1,-37.8149218,144.9822582,ENV,REAL_507,Real sensor series - Fitzroy Gardens - board 507,42,real_sensor_board_507,21.558307005718643,0,normal
2014-12-17 05:45:00+00:00,21.9,Fitzroy Gardens,507,24.2,97.0,-37.8149218,144.9822582,ENV,REAL_507,Real sensor series - Fitzroy Gardens - board 507,42,real_sensor_board_507,21.566645604574916,0,normal
2014-12-17 05:55:00+00:00,22.6,Fitzroy Gardens,507,23.7,97.0,-37.8149218,144.9822582,ENV,REAL_507,Real sensor series - Fitzroy Gardens - board 507,42,real_sensor_board_507,21.573316483659934,0,normal
2014-12-17 06:05:00+00:00,22.6,Fitzroy Gardens,507,23.4,96.9,-37.8149218,144.9822582,ENV,REAL_507,Real sensor series - Fitzroy Gardens - board 507,42,real_sensor_board_507,21.51865318692795,0,normal
2014-12-17 06:15:00+00:00,22.6,Fitzroy Gardens,507,23.2,96.8,-37.8149218,144.9822582,ENV,REAL_507,Real sensor series - Fitzroy Gardens - board 507,42,real_sensor_board_507,21.474922549542363,0,normal
2014-12-17 06:25:00+00:00,22.6,Fitzroy Gardens,507,23.9,96.1,-37.8149218,144.9822582,ENV,REAL_507,Real sensor series - Fitzroy Gardens - board 507,42,real_sensor_board_507,21.379938039633892,0,normal
2014-12-17 06:35:00+00:00,20.3,Fitzroy Gardens,507,27.8,93.8,-37.8149218,144.9822582,ENV,REAL_507,Real sensor series - Fitzroy Gardens - board 507,42,real_sensor_board_507,21.163950431707114,0,normal
2014-12-17 06:45:00+00:00,19.7,Fitzroy Gardens,507,29.7,93.2,-37.8149218,144.9822582,ENV,REAL_507,Real sensor series - Fitzroy Gardens - board 507,42,real_sensor_board_507,20.871160345365695,0,normal
2014-12-17 06:55:00+00:00,19.4,Fitzroy Gardens,507,31.1,92.6,-37.8149218,144.9822582,ENV,REAL_507,Real sensor series - Fitzroy Gardens - board 507,42,real_sensor_board_507,20.576928276292556,0,normal
2014-12-17 07:05:00+00:00,19.0,Fitzroy Gardens,507,33.0,92.0,-37.8149218,144.9822582,ENV,REAL_507,Real sensor series - Fitzroy Gardens - board 507,42,real_sensor_board_507,20.261542621034046,0,normal
2014-12-17 07:15:00+00:00,19.0,Fitzroy Gardens,507,33.5,91.1,-37.8149218,144.9822582,ENV,REAL_507,Real sensor series - Fitzroy Gardens - board 507,42,real_sensor_board_507,20.00923409682724,0,normal
2014-12-17 07:30:00+00:00,18.7,Fitzroy Gardens,507,34.4,90.3,-37.8149218,144.9822582,ENV,REAL_507,Real sensor series - Fitzroy Gardens - board 507,42,real_sensor_board_507,19.74738727746179,0,normal
2014-12-17 07:40:00+00:00,18.4,Fitzroy Gardens,507,35.5,89.6,-37.8149218,144.9822582,ENV,REAL_507,Real sensor series - Fitzroy Gardens - board 507,42,real_sensor_board_507,19.477909821969433,0,normal
2014-12-17 07:50:00+00:00,18.4,Fitzroy Gardens,507,35.5,89.1,-37.8149218,144.9822582,ENV,REAL_507,Real sensor series - Fitzroy Gardens - board 507,42,real_sensor_board_507,19.26232785757555,0,normal
2014-12-17 08:00:00+00:00,18.4,Fitzroy Gardens,507,37.1,88.4,-37.8149218,144.9822582,ENV,REAL_507,Real sensor series - Fitzroy Gardens - board 507,42,real_sensor_board_507,19.089862286060438,0,normal
2014-12-17 08:10:00+00:00,18.1,Fitzroy Gardens,507,35.1,87.6,-37.8149218,144.9822582,ENV,REAL_507,Real sensor series - Fitzroy Gardens - board 507,42,real_sensor_board_507,18.891889828848353,0,normal
2014-12-17 08:20:00+00:00,18.1,Fitzroy Gardens,507,34.1,86.9,-37.8149218,144.9822582,ENV,REAL_507,Real sensor series - Fitzroy Gardens - board 507,42,real_sensor_board_507,18.733511863078682,0,normal
2014-12-17 08:30:00+00:00,18.1,Fitzroy Gardens,507,33.6,89.0,-37.8149218,144.9822582,ENV,REAL_507,Real sensor series - Fitzroy Gardens - board 507,42,real_sensor_board_507,18.606809490462947,0,normal
2014-12-17 08:40:00+00:00,18.1,Fitzroy Gardens,507,33.8,85.2,-37.8149218,144.9822582,ENV,REAL_507,Real sensor series - Fitzroy Gardens - board 507,42,real_sensor_board_507,18.50544759237036,0,normal
2014-12-17 08:50:00+00:00,17.7,Fitzroy Gardens,507,34.1,83.1,-37.8149218,144.9822582,ENV,REAL_507,Real sensor series - Fitzroy Gardens - board 507,42,real_sensor_board_507,18.344358073896288,0,normal
2014-12-17 09:00:00+00:00,17.4,Fitzroy Gardens,507,34.7,79.1,-37.8149218,144.9822582,ENV,REAL_507,Real sensor series - Fitzroy Gardens - board 507,42,real_sensor_board_507,18.155486459117032,0,normal
2014-12-17 09:10:00+00:00,17.1,Fitzroy Gardens,507,35.4,75.7,-37.8149218,144.9822582,ENV,REAL_507,Real sensor series - Fitzroy Gardens - board 507,42,real_sensor_board_507,17.94438916729363,0,normal
2014-12-17 09:20:00+00:00,16.8,Fitzroy Gardens,507,35.5,69.2,-37.8149218,144.9822582,ENV,REAL_507,Real sensor series - Fitzroy Gardens - board 507,42,real_sensor_board_507,17.715511333834904,0,normal
2014-12-17 09:30:00+00:00,16.5,Fitzroy Gardens,507,36.2,57.8,-37.8149218,144.9822582,ENV,REAL_507,Real sensor series - Fitzroy Gardens - board 507,42,real_sensor_board_507,17.472409067067925,1,weak_multivariate_excursion
2014-12-17 09:40:00+00:00,16.1,Fitzroy Gardens,507,36.9,39.4,-37.8149218,144.9822582,ENV,REAL_507,Real sensor series - Fitzroy Gardens - board 507,42,real_sensor_board_507,17.197927253654342,1,weak_multivariate_excursion
2014-12-17 09:50:00+00:00,15.8,Fitzroy Gardens,507,38.0,15.1,-37.8149218,144.9822582,ENV,REAL_507,Real sensor series - Fitzroy Gardens - board 507,42,real_sensor_board_507,16.918341802923475,1,weak_multivariate_excursion
2014-12-17 10:00:00+00:00,15.5,Fitzroy Gardens,507,38.5,3.4,-37.8149218,144.9822582,ENV,REAL_507,Real sensor series - Fitzroy Gardens - board 507,42,real_sensor_board_507,16.63467344233878,1,weak_multivariate_excursion
2014-12-17 10:10:00+00:00,15.2,Fitzroy Gardens,507,39.2,1.4,-37.8149218,144.9822582,ENV,REAL_507,Real sensor series - Fitzroy Gardens - board 507,42,real_sensor_board_507,16.347738753871024,1,weak_multivariate_excursion
2014-12-17 10:20:00+00:00,15.2,Fitzroy Gardens,507,39.3,1.1,-37.8149218,144.9822582,ENV,REAL_507,Real sensor series - Fitzroy Gardens - board 507,42,real_sensor_board_507,16.11819100309682,0,normal
2014-12-17 10:30:00+00:00,14.8,Fitzroy Gardens,507,40.1,1.0,-37.8149218,144.9822582,ENV,REAL_507,Real sensor series - Fitzroy Gardens - board 507,42,real_sensor_board_507,15.854552802477457,0,normal
2014-12-17 10:45:00+00:00,14.8,Fitzroy Gardens,507,40.3,1.0,-37.8149218,144.9822582,ENV,REAL_507,Real sensor series - Fitzroy Gardens - board 507,42,real_sensor_board_507,15.643642241981967,0,normal
2014-12-17 10:55:00+00:00,14.5,Fitzroy Gardens,507,41.5,1.0,-37.8149218,144.9822582,ENV,REAL_507,Real sensor series - Fitzroy Gardens - board 507,42,real_sensor_board_507,15.414913793585574,0,normal
2014-12-17 11:05:00+00:00,14.5,Fitzroy Gardens,507,42.0,1.1,-37.8149218,144.9822582,ENV,REAL_507,Real sensor series - Fitzroy Gardens - board 507,42,real_sensor_board_507,15.231931034868461,0,normal
2014-12-17 11:15:00+00:00,14.2,Fitzroy Gardens,507,42.8,1.1,-37.8149218,144.9822582,ENV,REAL_507,Real sensor series - Fitzroy Gardens - board 507,42,real_sensor_board_507,15.02554482789477,0,normal
2014-12-17 11:25:00+00:00,14.2,Fitzroy Gardens,507,42.8,1.0,-37.8149218,144.9822582,ENV,REAL_507,Real sensor series - Fitzroy Gardens - board 507,42,real_sensor_board_507,14.860435862315816,0,normal
2014-12-17 11:35:00+00:00,14.2,Fitzroy Gardens,507,42.5,1.1,-37.8149218,144.9822582,ENV,REAL_507,Real sensor series - Fitzroy Gardens - board 507,42,real_sensor_board_507,14.728348689852654,0,normal
2014-12-17 11:45:00+00:00,14.2,Fitzroy Gardens,507,43.3,1.1,-37.8149218,144.9822582,ENV,REAL_507,Real sensor series - Fitzroy Gardens - board 507,42,real_sensor_board_507,14.622678951882124,0,normal
2014-12-17 11:55:00+00:00,14.2,Fitzroy Gardens,507,42.6,1.1,-37.8149218,144.9822582,ENV,REAL_507,Real sensor series - Fitzroy Gardens - board 507,42,real_sensor_board_507,14.5381431615057,0,normal
2014-12-17 12:05:00+00:00,14.2,Fitzroy Gardens,507,42.3,1.1,-37.8149218,144.9822582,ENV,REAL_507,Real sensor series - Fitzroy Gardens - board 507,42,real_sensor_board_507,14.47051452920456,0,normal
2014-12-17 12:15:00+00:00,13.9,Fitzroy Gardens,507,41.8,1.1,-37.8149218,144.9822582,ENV,REAL_507,Real sensor series - Fitzroy Gardens - board 507,42,real_sensor_board_507,14.356411623363648,0,normal
2014-12-17 12:25:00+00:00,13.9,Fitzroy Gardens,507,41.0,1.2,-37.8149218,144.9822582,ENV,REAL_507,Real sensor series - Fitzroy Gardens - board 507,42,real_sensor_board_507,14.265129298690919,0,normal
2014-12-17 12:35:00+00:00,13.9,Fitzroy Gardens,507,40.6,1.1,-37.8149218,144.9822582,ENV,REAL_507,Real sensor series - Fitzroy Gardens - board 507,42,real_sensor_board_507,14.192103438952735,0,normal
2014-12-17 12:45:00+00:00,13.5,Fitzroy Gardens,507,40.7,1.1,-37.8149218,144.9822582,ENV,REAL_507,Real sensor series - Fitzroy Gardens - board 507,42,real_sensor_board_507,14.053682751162189,0,normal
2014-12-17 12:55:00+00:00,13.5,Fitzroy Gardens,507,40.6,1.1,-37.8149218,144.9822582,ENV,REAL_507,Real sensor series - Fitzroy Gardens - board 507,42,real_sensor_board_507,13.94294620092975,0,normal
2014-12-17 13:05:00+00:00,13.2,Fitzroy Gardens,507,41.7,1.1,-37.8149218,144.9822582,ENV,REAL_507,Real sensor series - Fitzroy Gardens - board 507,42,real_sensor_board_507,13.794356960743801,0,normal
2014-12-17 13:15:00+00:00,12.9,Fitzroy Gardens,507,41.8,1.2,-37.8149218,144.9822582,ENV,REAL_507,Real sensor series - Fitzroy Gardens - board 507,42,real_sensor_board_507,13.615485568595043,0,normal
2014-12-17 13:25:00+00:00,12.6,Fitzroy Gardens,507,42.5,1.2,-37.8149218,144.9822582,ENV,REAL_507,Real sensor series - Fitzroy Gardens - board 507,42,real_sensor_board_507,13.412388454876034,0,normal
2014-12-17 13:35:00+00:00,12.3,Fitzroy Gardens,507,42.9,1.2,-37.8149218,144.9822582,ENV,REAL_507,Real sensor series - Fitzroy Gardens - board 507,42,real_sensor_board_507,13.249910763900827,0,normal
2014-12-17 13:45:00+00:00,11.9,Fitzroy Gardens,507,44.2,1.1,-37.8149218,144.9822582,ENV,REAL_507,Real sensor series - Fitzroy Gardens - board 507,42,real_sensor_board_507,13.119928611120661,0,normal
2014-12-17 14:00:00+00:00,11.6,Fitzroy Gardens,507,44.8,1.2,-37.8149218,144.9822582,ENV,REAL_507,Real sensor series - Fitzroy Gardens - board 507,42,real_sensor_board_507,12.95594288889653,0,normal
2014-12-17 14:10:00+00:00,11.3,Fitzroy Gardens,507,46.4,1.2,-37.8149218,144.9822582,ENV,REAL_507,Real sensor series - Fitzroy Gardens - board 507,42,real_sensor_board_507,12.824754311117225,0,normal
2014-12-17 14:20:00+00:00,11.3,Fitzroy Gardens,507,46.7,1.2,-37.8149218,144.9822582,ENV,REAL_507,Real sensor series - Fitzroy Gardens - board 507,42,real_sensor_board_507,12.639803448893781,0,normal
2014-12-17 14:30:00+00:00,11.3,Fitzroy Gardens,507,47.0,1.2,-37.8149218,144.9822582,ENV,REAL_507,Real sensor series - Fitzroy Gardens - board 507,42,real_sensor_board_507,12.491842759115027,0,normal
2014-12-17 14:40:00+00:00,11.6,Fitzroy Gardens,507,47.8,1.2,-37.8149218,144.9822582,ENV,REAL_507,Real sensor series - Fitzroy Gardens - board 507,42,real_sensor_board_507,12.373474207292023,0,normal
2014-12-17 14:50:00+00:00,11.6,Fitzroy Gardens,507,47.3,1.2,-37.8149218,144.9822582,ENV,REAL_507,Real sensor series - Fitzroy Gardens - board 507,42,real_sensor_board_507,12.27877936583362,0,normal
2014-12-17 15:00:00+00:00,11.6,Fitzroy Gardens,507,47.8,1.2,-37.8149218,144.9822582,ENV,REAL_507,Real sensor series - Fitzroy Gardens - board 507,42,real_sensor_board_507,12.143023492666897,0,normal
2014-12-17 15:10:00+00:00,11.0,Fitzroy Gardens,507,49.2,1.2,-37.8149218,144.9822582,ENV,REAL_507,Real sensor series - Fitzroy Gardens - board 507,42,real_sensor_board_507,12.034418794133519,0,normal
2014-12-17 15:20:00+00:00,11.9,Fitzroy Gardens,507,47.8,1.1,-37.8149218,144.9822582,ENV,REAL_507,Real sensor series - Fitzroy Gardens - board 507,42,real_sensor_board_507,11.947535035306815,0,normal
2014-12-17 15:30:00+00:00,11.9,Fitzroy Gardens,507,47.0,1.1,-37.8149218,144.9822582,ENV,REAL_507,Real sensor series - Fitzroy Gardens - board 507,42,real_sensor_board_507,11.878028028245453,0,normal
2014-12-17 15:40:00+00:00,12.3,Fitzroy Gardens,507,45.9,1.1,-37.8149218,144.9822582,ENV,REAL_507,Real sensor series - Fitzroy Gardens - board 507,42,real_sensor_board_507,11.822422422596363,0,normal
2014-12-17 15:50:00+00:00,12.6,Fitzroy Gardens,507,45.1,1.1,-37.8149218,144.9822582,ENV,REAL_507,Real sensor series - Fitzroy Gardens - board 507,42,real_sensor_board_507,11.777937938077091,0,normal
2014-12-17 16:00:00+00:00,12.6,Fitzroy Gardens,507,45.0,1.1,-37.8149218,144.9822582,ENV,REAL_507,Real sensor series - Fitzroy Gardens - board 507,42,real_sensor_board_507,11.742350350461674,0,normal
2014-12-17 16:10:00+00:00,11.9,Fitzroy Gardens,507,45.8,1.1,-37.8149218,144.9822582,ENV,REAL_507,Real sensor series - Fitzroy Gardens - board 507,42,real_sensor_board_507,11.71388028036934,0,normal
2014-12-17 16:20:00+00:00,11.6,Fitzroy Gardens,507,47.0,1.1,-37.8149218,144.9822582,ENV,REAL_507,Real sensor series - Fitzroy Gardens - board 507,42,real_sensor_board_507,11.631104224295472,0,normal
2014-12-17 16:30:00+00:00,11.6,Fitzroy Gardens,507,48.5,1.2,-37.8149218,144.9822582,ENV,REAL_507,Real sensor series - Fitzroy Gardens - board 507,42,real_sensor_board_507,11.564883379436377,0,normal
2014-12-17 16:40:00+00:00,11.6,Fitzroy Gardens,507,49.1,1.1,-37.8149218,144.9822582,ENV,REAL_507,Real sensor series - Fitzroy Gardens - board 507,42,real_sensor_board_507,11.511906703549101,0,normal
2014-12-17 16:50:00+00:00,11.6,Fitzroy Gardens,507,49.2,1.1,-37.8149218,144.9822582,ENV,REAL_507,Real sensor series - Fitzroy Gardens - board 507,42,real_sensor_board_507,11.469525362839281,0,normal
2014-12-17 17:05:00+00:00,11.3,Fitzroy Gardens,507,50.8,1.1,-37.8149218,144.9822582,ENV,REAL_507,Real sensor series - Fitzroy Gardens - board 507,42,real_sensor_board_507,11.435620290271425,0,normal
2014-12-17 17:15:00+00:00,11.3,Fitzroy Gardens,507,50.8,1.1,-37.8149218,144.9822582,ENV,REAL_507,Real sensor series - Fitzroy Gardens - board 507,42,real_sensor_board_507,11.40849623221714,0,normal
2014-12-17 17:25:00+00:00,11.0,Fitzroy Gardens,507,52.1,1.2,-37.8149218,144.9822582,ENV,REAL_507,Real sensor series - Fitzroy Gardens - board 507,42,real_sensor_board_507,11.386796985773712,0,normal
2014-12-17 17:35:00+00:00,11.3,Fitzroy Gardens,507,51.3,1.1,-37.8149218,144.9822582,ENV,REAL_507,Real sensor series - Fitzroy Gardens - board 507,42,real_sensor_board_507,11.36943758861897,0,normal
2014-12-17 17:45:00+00:00,11.3,Fitzroy Gardens,507,50.7,1.2,-37.8149218,144.9822582,ENV,REAL_507,Real sensor series - Fitzroy Gardens - board 507,42,real_sensor_board_507,11.355550070895177,0,normal
2014-12-17 17:55:00+00:00,11.3,Fitzroy Gardens,507,51.0,1.2,-37.8149218,144.9822582,ENV,REAL_507,Real sensor series - Fitzroy Gardens - board 507,42,real_sensor_board_507,11.344440056716142,0,normal
2014-12-17 18:05:00+00:00,11.3,Fitzroy Gardens,507,49.6,1.2,-37.8149218,144.9822582,ENV,REAL_507,Real sensor series - Fitzroy Gardens - board 507,42,real_sensor_board_507,11.335552045372914,0,normal
2014-12-17 18:15:00+00:00,11.0,Fitzroy Gardens,507,50.7,1.6,-37.8149218,144.9822582,ENV,REAL_507,Real sensor series - Fitzroy Gardens - board 507,42,real_sensor_board_507,11.328441636298331,0,normal
2014-12-17 18:25:00+00:00,10.6,Fitzroy Gardens,507,52.1,4.2,-37.8149218,144.9822582,ENV,REAL_507,Real sensor series - Fitzroy Gardens - board 507,42,real_sensor_board_507,11.322753309038665,0,normal
2014-12-17 18:35:00+00:00,10.6,Fitzroy Gardens,507,52.9,15.9,-37.8149218,144.9822582,ENV,REAL_507,Real sensor series - Fitzroy Gardens - board 507,42,real_sensor_board_507,11.318202647230933,1,weak_multivariate_excursion
2014-12-17 18:45:00+00:00,10.6,Fitzroy Gardens,507,52.9,41.8,-37.8149218,144.9822582,ENV,REAL_507,Real sensor series - Fitzroy Gardens - board 507,42,real_sensor_board_507,11.314562117784746,1,weak_multivariate_excursion
2014-12-17 18:55:00+00:00,10.6,Fitzroy Gardens,507,52.6,59.2,-37.8149218,144.9822582,ENV,REAL_507,Real sensor series - Fitzroy Gardens - board 507,42,real_sensor_board_507,11.311649694227796,1,weak_multivariate_excursion
2014-12-17 19:05:00+00:00,10.6,Fitzroy Gardens,507,52.4,72.7,-37.8149218,144.9822582,ENV,REAL_507,Real sensor series - Fitzroy Gardens - board 507,42,real_sensor_board_507,11.309319755382237,1,weak_multivariate_excursion
2014-12-17 19:15:00+00:00,10.6,Fitzroy Gardens,507,52.2,79.2,-37.8149218,144.9822582,ENV,REAL_507,Real sensor series - Fitzroy Gardens - board 507,42,real_sensor_board_507,11.30745580430579,1,weak_multivariate_excursion
2014-12-17 19:25:00+00:00,10.6,Fitzroy Gardens,507,52.4,79.4,-37.8149218,144.9822582,ENV,REAL_507,Real sensor series - Fitzroy Gardens - board 507,42,real_sensor_board_507,11.305964643444632,0,normal
2014-12-17 19:35:00+00:00,10.6,Fitzroy Gardens,507,52.9,80.7,-37.8149218,144.9822582,ENV,REAL_507,Real sensor series - Fitzroy Gardens - board 507,42,real_sensor_board_507,11.304771714755706,0,normal
2014-12-17 19:45:00+00:00,11.0,Fitzroy Gardens,507,51.3,86.0,-37.8149218,144.9822582,ENV,REAL_507,Real sensor series - Fitzroy Gardens - board 507,42,real_sensor_board_507,11.303817371804564,0,normal
2014-12-17 19:55:00+00:00,11.9,Fitzroy Gardens,507,49.1,91.3,-37.8149218,144.9822582,ENV,REAL_507,Real sensor series - Fitzroy Gardens - board 507,42,real_sensor_board_507,11.423053897443653,0,normal
2014-12-17 20:05:00+00:00,12.3,Fitzroy Gardens,507,47.8,88.6,-37.8149218,144.9822582,ENV,REAL_507,Real sensor series - Fitzroy Gardens - board 507,42,real_sensor_board_507,11.598443117954924,0,normal
2014-12-17 20:20:00+00:00,12.6,Fitzroy Gardens,507,47.8,90.9,-37.8149218,144.9822582,ENV,REAL_507,Real sensor series - Fitzroy Gardens - board 507,42,real_sensor_board_507,11.798754494363939,0,normal
2014-12-17 20:30:00+00:00,13.5,Fitzroy Gardens,507,47.7,94.0,-37.8149218,144.9822582,ENV,REAL_507,Real sensor series - Fitzroy Gardens - board 507,42,real_sensor_board_507,12.13900359549115,0,normal
2014-12-17 20:40:00+00:00,14.2,Fitzroy Gardens,507,45.6,94.3,-37.8149218,144.9822582,ENV,REAL_507,Real sensor series - Fitzroy Gardens - board 507,42,real_sensor_board_507,12.55120287639292,0,normal
2014-12-17 20:50:00+00:00,16.1,Fitzroy Gardens,507,42.8,95.3,-37.8149218,144.9822582,ENV,REAL_507,Real sensor series - Fitzroy Gardens - board 507,42,real_sensor_board_507,13.260962301114338,1,weak_multivariate_excursion
2014-12-17 21:00:00+00:00,21.0,Fitzroy Gardens,507,38.0,96.2,-37.8149218,144.9822582,ENV,REAL_507,Real sensor series - Fitzroy Gardens - board 507,42,real_sensor_board_507,13.968769840891472,1,weak_multivariate_excursion
2014-12-17 21:10:00+00:00,20.0,Fitzroy Gardens,507,34.6,95.3,-37.8149218,144.9822582,ENV,REAL_507,Real sensor series - Fitzroy Gardens - board 507,42,real_sensor_board_507,14.715015872713177,1,weak_multivariate_excursion
2014-12-17 21:20:00+00:00,16.8,Fitzroy Gardens,507,37.3,95.3,-37.8149218,144.9822582,ENV,REAL_507,Real sensor series - Fitzroy Gardens - board 507,42,real_sensor_board_507,15.652012698170541,0,normal
2014-12-17 21:30:00+00:00,17.7,Fitzroy Gardens,507,36.5,95.6,-37.8149218,144.9822582,ENV,REAL_507,Real sensor series - Fitzroy Gardens - board 507,42,real_sensor_board_507,16.401610158536432,0,normal
2014-12-17 21:40:00+00:00,19.7,Fitzroy Gardens,507,32.4,96.1,-37.8149218,144.9822582,ENV,REAL_507,Real sensor series - Fitzroy Gardens - board 507,42,real_sensor_board_507,17.061288126829147,0,normal
2014-12-17 21:50:00+00:00,19.4,Fitzroy Gardens,507,32.7,96.2,-37.8149218,144.9822582,ENV,REAL_507,Real sensor series - Fitzroy Gardens - board 507,42,real_sensor_board_507,17.58903050146332,0,normal
2014-12-17 22:00:00+00:00,19.7,Fitzroy Gardens,507,32.2,95.6,-37.8149218,144.9822582,ENV,REAL_507,Real sensor series - Fitzroy Gardens - board 507,42,real_sensor_board_507,18.011224401170658,0,normal
2014-12-17 22:10:00+00:00,19.4,Fitzroy Gardens,507,31.6,95.5,-37.8149218,144.9822582,ENV,REAL_507,Real sensor series - Fitzroy Gardens - board 507,42,real_sensor_board_507,18.408979520936526,0,normal
2014-12-17 22:20:00+00:00,19.7,Fitzroy Gardens,507,31.9,95.5,-37.8149218,144.9822582,ENV,REAL_507,Real sensor series - Fitzroy Gardens - board 507,42,real_sensor_board_507,18.847183616749223,0,normal
2014-12-17 22:30:00+00:00,20.6,Fitzroy Gardens,507,30.5,96.8,-37.8149218,144.9822582,ENV,REAL_507,Real sensor series - Fitzroy Gardens - board 507,42,real_sensor_board_507,19.277746893399378,1,weak_multivariate_excursion
2014-12-17 22:40:00+00:00,24.5,Fitzroy Gardens,507,26.5,97.8,-37.8149218,144.9822582,ENV,REAL_507,Real sensor series - Fitzroy Gardens - board 507,42,real_sensor_board_507,19.882197514719504,1,weak_multivariate_excursion
2014-12-17 22:50:00+00:00,22.3,Fitzroy Gardens,507,26.1,97.5,-37.8149218,144.9822582,ENV,REAL_507,Real sensor series - Fitzroy Gardens - board 507,42,real_sensor_board_507,20.365758011775604,1,weak_multivariate_excursion
2014-12-17 23:00:00+00:00,23.5,Fitzroy Gardens,507,24.8,97.2,-37.8149218,144.9822582,ENV,REAL_507,Real sensor series - Fitzroy Gardens - board 507,42,real_sensor_board_507,20.752606409420483,1,weak_multivariate_excursion
2014-12-17 23:10:00+00:00,27.4,Fitzroy Gardens,507,21.2,98.0,-37.8149218,144.9822582,ENV,REAL_507,Real sensor series - Fitzroy Gardens - board 507,42,real_sensor_board_507,21.06208512753639,1,weak_multivariate_excursion
2014-12-17 23:20:00+00:00,28.4,Fitzroy Gardens,507,21.8,98.2,-37.8149218,144.9822582,ENV,REAL_507,Real sensor series - Fitzroy Gardens - board 507,42,real_sensor_board_507,21.36966810202911,1,weak_multivariate_excursion
2014-12-17 23:35:00+00:00,26.8,Fitzroy Gardens,507,21.7,98.2,-37.8149218,144.9822582,ENV,REAL_507,Real sensor series - Fitzroy Gardens - board 507,42,real_sensor_board_507,21.675734481623287,1,weak_multivariate_excursion
2014-12-17 23:45:00+00:00,25.2,Fitzroy Gardens,507,22.3,98.1,-37.8149218,144.9822582,ENV,REAL_507,Real sensor series - Fitzroy Gardens - board 507,42,real_sensor_board_507,21.920587585298634,0,normal
2014-12-17 23:55:00+00:00,27.1,Fitzroy Gardens,507,23.4,98.0,-37.8149218,144.9822582,ENV,REAL_507,Real sensor series - Fitzroy Gardens - board 507,42,real_sensor_board_507,22.11647006823891,0,normal
2014-12-18 00:15:00+00:00,23.5,Fitzroy Gardens,507,26.7,95.6,-37.8149218,144.9822582,ENV,REAL_507,Real sensor series - Fitzroy Gardens - board 507,42,real_sensor_board_507,22.39317605459113,0,normal
2014-12-18 00:25:00+00:00,22.6,Fitzroy Gardens,507,26.9,95.5,-37.8149218,144.9822582,ENV,REAL_507,Real sensor series - Fitzroy Gardens - board 507,42,real_sensor_board_507,22.614540843672906,0,normal
2014-12-18 00:35:00+00:00,25.2,Fitzroy Gardens,507,24.6,97.6,-37.8149218,144.9822582,ENV,REAL_507,Real sensor series - Fitzroy Gardens - board 507,42,real_sensor_board_507,22.791632674938324,0,normal
2014-12-18 00:45:00+00:00,23.5,Fitzroy Gardens,507,25.6,96.7,-37.8149218,144.9822582,ENV,REAL_507,Real sensor series - Fitzroy Gardens - board 507,42,real_sensor_board_507,22.93330613995066,0,normal
2014-12-18 00:55:00+00:00,22.9,Fitzroy Gardens,507,25.9,95.8,-37.8149218,144.9822582,ENV,REAL_507,Real sensor series - Fitzroy Gardens - board 507,42,real_sensor_board_507,23.046644911960527,0,normal
2014-12-18 01:05:00+00:00,24.5,Fitzroy Gardens,507,24.8,96.1,-37.8149218,144.9822582,ENV,REAL_507,Real sensor series - Fitzroy Gardens - board 507,42,real_sensor_board_507,23.137315929568423,0,normal
2014-12-18 01:15:00+00:00,22.3,Fitzroy Gardens,507,25.1,95.2,-37.8149218,144.9822582,ENV,REAL_507,Real sensor series - Fitzroy Gardens - board 507,42,real_sensor_board_507,23.20985274365474,0,normal
2014-12-18 01:25:00+00:00,22.3,Fitzroy Gardens,507,25.4,95.3,-37.8149218,144.9822582,ENV,REAL_507,Real sensor series - Fitzroy Gardens - board 507,42,real_sensor_board_507,23.267882194923793,0,normal
2014-12-18 01:35:00+00:00,21.6,Fitzroy Gardens,507,25.4,93.1,-37.8149218,144.9822582,ENV,REAL_507,Real sensor series - Fitzroy Gardens - board 507,42,real_sensor_board_507,23.314305755939035,0,normal
2014-12-18 01:45:00+00:00,22.9,Fitzroy Gardens,507,24.0,96.6,-37.8149218,144.9822582,ENV,REAL_507,Real sensor series - Fitzroy Gardens - board 507,42,real_sensor_board_507,23.35144460475123,0,normal
2014-12-18 01:55:00+00:00,22.9,Fitzroy Gardens,507,24.0,96.4,-37.8149218,144.9822582,ENV,REAL_507,Real sensor series - Fitzroy Gardens - board 507,42,real_sensor_board_507,23.381155683800984,0,normal
2014-12-18 02:05:00+00:00,23.5,Fitzroy Gardens,507,23.5,96.3,-37.8149218,144.9822582,ENV,REAL_507,Real sensor series - Fitzroy Gardens - board 507,42,real_sensor_board_507,23.404924547040785,0,normal
2014-12-18 02:15:00+00:00,23.9,Fitzroy Gardens,507,24.0,96.5,-37.8149218,144.9822582,ENV,REAL_507,Real sensor series - Fitzroy Gardens - board 507,42,real_sensor_board_507,23.36393963763263,0,normal
2014-12-18 02:25:00+00:00,23.9,Fitzroy Gardens,507,22.8,97.6,-37.8149218,144.9822582,ENV,REAL_507,Real sensor series - Fitzroy Gardens - board 507,42,real_sensor_board_507,23.331151710106106,0,normal
2014-12-18 02:35:00+00:00,23.5,Fitzroy Gardens,507,23.2,96.6,-37.8149218,144.9822582,ENV,REAL_507,Real sensor series - Fitzroy Gardens - board 507,42,real_sensor_board_507,23.24492136808489,0,normal
2014-12-18 02:50:00+00:00,24.5,Fitzroy Gardens,507,22.0,97.7,-37.8149218,144.9822582,ENV,REAL_507,Real sensor series - Fitzroy Gardens - board 507,42,real_sensor_board_507,23.175937094467912,0,normal
2014-12-18 03:00:00+00:00,25.5,Fitzroy Gardens,507,20.9,96.7,-37.8149218,144.9822582,ENV,REAL_507,Real sensor series - Fitzroy Gardens - board 507,42,real_sensor_board_507,23.12074967557433,0,normal
2014-12-18 03:10:00+00:00,24.2,Fitzroy Gardens,507,20.7,96.4,-37.8149218,144.9822582,ENV,REAL_507,Real sensor series - Fitzroy Gardens - board 507,42,real_sensor_board_507,23.076599740459464,0,normal
2014-12-18 03:20:00+00:00,23.2,Fitzroy Gardens,507,23.1,95.7,-37.8149218,144.9822582,ENV,REAL_507,Real sensor series - Fitzroy Gardens - board 507,42,real_sensor_board_507,23.041279792367575,0,normal
2014-12-18 03:30:00+00:00,24.5,Fitzroy Gardens,507,21.3,97.1,-37.8149218,144.9822582,ENV,REAL_507,Real sensor series - Fitzroy Gardens - board 507,42,real_sensor_board_507,22.893023833894063,0,normal
2014-12-18 03:40:00+00:00,23.2,Fitzroy Gardens,507,21.7,95.2,-37.8149218,144.9822582,ENV,REAL_507,Real sensor series - Fitzroy Gardens - board 507,42,real_sensor_board_507,22.77441906711525,0,normal
2014-12-18 03:50:00+00:00,22.9,Fitzroy Gardens,507,21.7,93.9,-37.8149218,144.9822582,ENV,REAL_507,Real sensor series - Fitzroy Gardens - board 507,42,real_sensor_board_507,22.5395352536922,0,normal
2014-12-18 04:00:00+00:00,21.0,Fitzroy Gardens,507,29.2,93.5,-37.8149218,144.9822582,ENV,REAL_507,Real sensor series - Fitzroy Gardens - board 507,42,real_sensor_board_507,22.23162820295376,0,normal
2014-12-18 04:10:00+00:00,20.6,Fitzroy Gardens,507,30.8,93.1,-37.8149218,144.9822582,ENV,REAL_507,Real sensor series - Fitzroy Gardens - board 507,42,real_sensor_board_507,21.905302562363012,0,normal
2014-12-18 04:20:00+00:00,20.0,Fitzroy Gardens,507,34.4,85.5,-37.8149218,144.9822582,ENV,REAL_507,Real sensor series - Fitzroy Gardens - board 507,42,real_sensor_board_507,21.52424204989041,1,weak_multivariate_excursion
2014-12-18 04:30:00+00:00,15.5,Fitzroy Gardens,507,52.4,90.2,-37.8149218,144.9822582,ENV,REAL_507,Real sensor series - Fitzroy Gardens - board 507,42,real_sensor_board_507,20.439393639912332,1,weak_multivariate_excursion
2014-12-18 04:40:00+00:00,15.5,Fitzroy Gardens,507,53.7,91.4,-37.8149218,144.9822582,ENV,REAL_507,Real sensor series - Fitzroy Gardens - board 507,42,real_sensor_board_507,19.571514911929867,1,weak_multivariate_excursion
2014-12-18 04:50:00+00:00,16.1,Fitzroy Gardens,507,51.6,92.9,-37.8149218,144.9822582,ENV,REAL_507,Real sensor series - Fitzroy Gardens - board 507,42,real_sensor_board_507,18.817211929543895,0,normal
2014-12-18 05:00:00+00:00,15.8,Fitzroy Gardens,507,51.1,91.0,-37.8149218,144.9822582,ENV,REAL_507,Real sensor series - Fitzroy Gardens - board 507,42,real_sensor_board_507,18.213769543635117,0,normal
2014-12-18 05:10:00+00:00,15.5,Fitzroy Gardens,507,50.3,89.1,-37.8149218,144.9822582,ENV,REAL_507,Real sensor series - Fitzroy Gardens - board 507,42,real_sensor_board_507,17.671015634908095,0,normal
2014-12-18 05:20:00+00:00,14.5,Fitzroy Gardens,507,54.9,85.8,-37.8149218,144.9822582,ENV,REAL_507,Real sensor series - Fitzroy Gardens - board 507,42,real_sensor_board_507,17.236812507926476,0,normal
2014-12-18 05:30:00+00:00,13.5,Fitzroy Gardens,507,57.8,86.2,-37.8149218,144.9822582,ENV,REAL_507,Real sensor series - Fitzroy Gardens - board 507,42,real_sensor_board_507,16.889450006341182,0,normal
2014-12-18 05:40:00+00:00,13.5,Fitzroy Gardens,507,58.4,86.9,-37.8149218,144.9822582,ENV,REAL_507,Real sensor series - Fitzroy Gardens - board 507,42,real_sensor_board_507,16.611560005072946,0,normal
2014-12-18 05:55:00+00:00,13.5,Fitzroy Gardens,507,60.4,87.5,-37.8149218,144.9822582,ENV,REAL_507,Real sensor series - Fitzroy Gardens - board 507,42,real_sensor_board_507,16.38924800405836,0,normal
2014-12-18 06:05:00+00:00,13.9,Fitzroy Gardens,507,57.9,84.4,-37.8149218,144.9822582,ENV,REAL_507,Real sensor series - Fitzroy Gardens - board 507,42,real_sensor_board_507,16.21139840324669,0,normal
2014-12-18 06:15:00+00:00,13.5,Fitzroy Gardens,507,59.5,83.9,-37.8149218,144.9822582,ENV,REAL_507,Real sensor series - Fitzroy Gardens - board 507,42,real_sensor_board_507,16.069118722597352,0,normal
2014-12-18 06:25:00+00:00,13.9,Fitzroy Gardens,507,57.4,91.1,-37.8149218,144.9822582,ENV,REAL_507,Real sensor series - Fitzroy Gardens - board 507,42,real_sensor_board_507,15.955294978077882,0,normal
2014-12-18 06:35:00+00:00,14.8,Fitzroy Gardens,507,53.3,94.4,-37.8149218,144.9822582,ENV,REAL_507,Real sensor series - Fitzroy Gardens - board 507,42,real_sensor_board_507,15.804235982462306,0,normal
2014-12-18 06:45:00+00:00,15.5,Fitzroy Gardens,507,51.0,93.5,-37.8149218,144.9822582,ENV,REAL_507,Real sensor series - Fitzroy Gardens - board 507,42,real_sensor_board_507,15.603388785969846,0,normal
2014-12-18 06:55:00+00:00,15.5,Fitzroy Gardens,507,51.3,93.6,-37.8149218,144.9822582,ENV,REAL_507,Real sensor series - Fitzroy Gardens - board 507,42,real_sensor_board_507,15.442711028775879,0,normal
2014-12-18 07:05:00+00:00,16.1,Fitzroy Gardens,507,48.8,94.2,-37.8149218,144.9822582,ENV,REAL_507,Real sensor series - Fitzroy Gardens - board 507,42,real_sensor_board_507,15.314168823020704,0,normal
2014-12-18 07:15:00+00:00,15.5,Fitzroy Gardens,507,50.8,92.2,-37.8149218,144.9822582,ENV,REAL_507,Real sensor series - Fitzroy Gardens - board 507,42,real_sensor_board_507,15.211335058416566,0,normal
2014-12-18 07:25:00+00:00,15.8,Fitzroy Gardens,507,51.1,90.4,-37.8149218,144.9822582,ENV,REAL_507,Real sensor series - Fitzroy Gardens - board 507,42,real_sensor_board_507,15.129068046733254,0,normal
2014-12-18 07:35:00+00:00,15.5,Fitzroy Gardens,507,52.2,87.3,-37.8149218,144.9822582,ENV,REAL_507,Real sensor series - Fitzroy Gardens - board 507,42,real_sensor_board_507,15.003254437386603,0,normal
2014-12-18 07:45:00+00:00,15.5,Fitzroy Gardens,507,51.3,84.5,-37.8149218,144.9822582,ENV,REAL_507,Real sensor series - Fitzroy Gardens - board 507,42,real_sensor_board_507,14.902603549909283,0,normal
2014-12-18 07:55:00+00:00,14.8,Fitzroy Gardens,507,54.4,87.4,-37.8149218,144.9822582,ENV,REAL_507,Real sensor series - Fitzroy Gardens - board 507,42,real_sensor_board_507,14.822082839927427,0,normal
2014-12-18 08:05:00+00:00,14.5,Fitzroy Gardens,507,57.3,87.9,-37.8149218,144.9822582,ENV,REAL_507,Real sensor series - Fitzroy Gardens - board 507,42,real_sensor_board_507,14.757666271941943,0,normal
2014-12-18 08:15:00+00:00,14.8,Fitzroy Gardens,507,55.5,88.8,-37.8149218,144.9822582,ENV,REAL_507,Real sensor series - Fitzroy Gardens - board 507,42,real_sensor_board_507,14.706133017553556,0,normal
2014-12-18 08:25:00+00:00,14.5,Fitzroy Gardens,507,54.1,83.1,-37.8149218,144.9822582,ENV,REAL_507,Real sensor series - Fitzroy Gardens - board 507,42,real_sensor_board_507,14.724906414042847,0,normal
2014-12-18 08:35:00+00:00,14.8,Fitzroy Gardens,507,54.6,86.2,-37.8149218,144.9822582,ENV,REAL_507,Real sensor series - Fitzroy Gardens - board 507,42,real_sensor_board_507,14.73992513123428,0,normal
2014-12-18 08:45:00+00:00,15.2,Fitzroy Gardens,507,51.6,88.1,-37.8149218,144.9822582,ENV,REAL_507,Real sensor series - Fitzroy Gardens - board 507,42,real_sensor_board_507,14.751940104987426,0,normal
2014-12-18 08:55:00+00:00,14.8,Fitzroy Gardens,507,52.2,82.4,-37.8149218,144.9822582,ENV,REAL_507,Real sensor series - Fitzroy Gardens - board 507,42,real_sensor_board_507,14.761552083989942,0,normal
2014-12-18 09:10:00+00:00,14.5,Fitzroy Gardens,507,54.0,75.8,-37.8149218,144.9822582,ENV,REAL_507,Real sensor series - Fitzroy Gardens - board 507,42,real_sensor_board_507,14.769241667191956,1,weak_multivariate_excursion
2014-12-18 09:20:00+00:00,14.5,Fitzroy Gardens,507,53.3,60.9,-37.8149218,144.9822582,ENV,REAL_507,Real sensor series - Fitzroy Gardens - board 507,42,real_sensor_board_507,14.775393333753566,1,weak_multivariate_excursion
2014-12-18 09:30:00+00:00,14.5,Fitzroy Gardens,507,53.7,51.9,-37.8149218,144.9822582,ENV,REAL_507,Real sensor series - Fitzroy Gardens - board 507,42,real_sensor_board_507,14.780314667002855,1,weak_multivariate_excursion
2014-12-18 09:40:00+00:00,14.2,Fitzroy Gardens,507,54.0,42.1,-37.8149218,144.9822582,ENV,REAL_507,Real sensor series - Fitzroy Gardens - board 507,42,real_sensor_board_507,14.784251733602286,1,weak_multivariate_excursion
2014-12-18 09:50:00+00:00,14.5,Fitzroy Gardens,507,54.6,9.8,-37.8149218,144.9822582,ENV,REAL_507,Real sensor series - Fitzroy Gardens - board 507,42,real_sensor_board_507,14.72740138688183,1,weak_multivariate_excursion
2014-12-18 10:00:00+00:00,14.2,Fitzroy Gardens,507,56.7,5.6,-37.8149218,144.9822582,ENV,REAL_507,Real sensor series - Fitzroy Gardens - board 507,42,real_sensor_board_507,14.681921109505465,1,weak_multivariate_excursion
2014-12-18 10:10:00+00:00,14.5,Fitzroy Gardens,507,56.8,1.5,-37.8149218,144.9822582,ENV,REAL_507,Real sensor series - Fitzroy Gardens - board 507,42,real_sensor_board_507,14.645536887604374,0,normal
2014-12-18 10:20:00+00:00,14.8,Fitzroy Gardens,507,55.1,1.0,-37.8149218,144.9822582,ENV,REAL_507,Real sensor series - Fitzroy Gardens - board 507,42,real_sensor_board_507,14.6164295100835,0,normal
2014-12-18 10:30:00+00:00,14.5,Fitzroy Gardens,507,54.4,1.1,-37.8149218,144.9822582,ENV,REAL_507,Real sensor series - Fitzroy Gardens - board 507,42,real_sensor_board_507,14.593143608066802,0,normal
2014-12-18 10:40:00+00:00,14.5,Fitzroy Gardens,507,53.5,1.1,-37.8149218,144.9822582,ENV,REAL_507,Real sensor series - Fitzroy Gardens - board 507,42,real_sensor_board_507,14.574514886453443,0,normal
2014-12-18 10:50:00+00:00,14.8,Fitzroy Gardens,507,52.6,1.0,-37.8149218,144.9822582,ENV,REAL_507,Real sensor series - Fitzroy Gardens - board 507,42,real_sensor_board_507,14.559611909162756,0,normal
2014-12-18 11:00:00+00:00,15.2,Fitzroy Gardens,507,51.4,1.0,-37.8149218,144.9822582,ENV,REAL_507,Real sensor series - Fitzroy Gardens - board 507,42,real_sensor_board_507,14.547689527330206,0,normal
2014-12-18 11:10:00+00:00,15.2,Fitzroy Gardens,507,50.7,1.1,-37.8149218,144.9822582,ENV,REAL_507,Real sensor series - Fitzroy Gardens - board 507,42,real_sensor_board_507,14.538151621864166,0,normal
2014-12-18 11:20:00+00:00,14.8,Fitzroy Gardens,507,50.7,1.1,-37.8149218,144.9822582,ENV,REAL_507,Real sensor series - Fitzroy Gardens - board 507,42,real_sensor_board_507,14.530521297491335,0,normal
2014-12-18 11:30:00+00:00,14.8,Fitzroy Gardens,507,51.0,1.0,-37.8149218,144.9822582,ENV,REAL_507,Real sensor series - Fitzroy Gardens - board 507,42,real_sensor_board_507,14.46441703799307,0,normal
2014-12-18 11:40:00+00:00,14.5,Fitzroy Gardens,507,43.7,1.0,-37.8149218,144.9822582,ENV,REAL_507,Real sensor series - Fitzroy Gardens - board 507,42,real_sensor_board_507,14.411533630394455,0,normal
2014-12-18 11:50:00+00:00,14.2,Fitzroy Gardens,507,44.2,1.0,-37.8149218,144.9822582,ENV,REAL_507,Real sensor series - Fitzroy Gardens - board 507,42,real_sensor_board_507,14.369226904315564,0,normal
2014-12-18 12:00:00+00:00,13.9,Fitzroy Gardens,507,44.7,0.9,-37.8149218,144.9822582,ENV,REAL_507,Real sensor series - Fitzroy Gardens - board 507,42,real_sensor_board_507,14.275381523452452,0,normal
2014-12-18 12:10:00+00:00,13.9,Fitzroy Gardens,507,43.4,0.9,-37.8149218,144.9822582,ENV,REAL_507,Real sensor series - Fitzroy Gardens - board 507,42,real_sensor_board_507,14.200305218761962,0,normal
2014-12-18 12:25:00+00:00,13.9,Fitzroy Gardens,507,42.5,1.0,-37.8149218,144.9822582,ENV,REAL_507,Real sensor series - Fitzroy Gardens - board 507,42,real_sensor_board_507,14.14024417500957,0,normal
2014-12-18 12:35:00+00:00,13.5,Fitzroy Gardens,507,43.4,1.0,-37.8149218,144.9822582,ENV,REAL_507,Real sensor series - Fitzroy Gardens - board 507,42,real_sensor_board_507,14.012195340007658,0,normal
2014-12-18 12:45:00+00:00,13.2,Fitzroy Gardens,507,43.9,1.0,-37.8149218,144.9822582,ENV,REAL_507,Real sensor series - Fitzroy Gardens - board 507,42,real_sensor_board_507,13.849756272006127,0,normal
2014-12-18 12:55:00+00:00,12.9,Fitzroy Gardens,507,43.7,1.0,-37.8149218,144.9822582,ENV,REAL_507,Real sensor series - Fitzroy Gardens - board 507,42,real_sensor_board_507,13.659805017604903,0,normal
2014-12-18 13:05:00+00:00,12.9,Fitzroy Gardens,507,45.1,1.0,-37.8149218,144.9822582,ENV,REAL_507,Real sensor series - Fitzroy Gardens - board 507,42,real_sensor_board_507,13.507844014083924,0,normal
2014-12-18 13:15:00+00:00,12.9,Fitzroy Gardens,507,45.6,1.0,-37.8149218,144.9822582,ENV,REAL_507,Real sensor series - Fitzroy Gardens - board 507,42,real_sensor_board_507,13.38627521126714,0,normal
2014-12-18 13:25:00+00:00,12.6,Fitzroy Gardens,507,46.2,1.0,-37.8149218,144.9822582,ENV,REAL_507,Real sensor series - Fitzroy Gardens - board 507,42,real_sensor_board_507,13.229020169013712,0,normal
2014-12-18 13:35:00+00:00,12.6,Fitzroy Gardens,507,47.0,1.0,-37.8149218,144.9822582,ENV,REAL_507,Real sensor series - Fitzroy Gardens - board 507,42,real_sensor_board_507,13.10321613521097,0,normal
2014-12-18 13:45:00+00:00,12.3,Fitzroy Gardens,507,47.5,1.0,-37.8149218,144.9822582,ENV,REAL_507,Real sensor series - Fitzroy Gardens - board 507,42,real_sensor_board_507,13.002572908168776,0,normal
2014-12-18 13:55:00+00:00,12.3,Fitzroy Gardens,507,48.0,1.0,-37.8149218,144.9822582,ENV,REAL_507,Real sensor series - Fitzroy Gardens - board 507,42,real_sensor_board_507,12.922058326535021,0,normal
2014-12-18 14:05:00+00:00,12.6,Fitzroy Gardens,507,47.8,1.0,-37.8149218,144.9822582,ENV,REAL_507,Real sensor series - Fitzroy Gardens - board 507,42,real_sensor_board_507,12.857646661228017,0,normal
2014-12-18 14:15:00+00:00,12.6,Fitzroy Gardens,507,48.3,1.1,-37.8149218,144.9822582,ENV,REAL_507,Real sensor series - Fitzroy Gardens - board 507,42,real_sensor_board_507,12.746117328982415,0,normal
2014-12-18 14:25:00+00:00,12.3,Fitzroy Gardens,507,48.3,1.0,-37.8149218,144.9822582,ENV,REAL_507,Real sensor series - Fitzroy Gardens - board 507,42,real_sensor_board_507,12.656893863185934,0,normal
2014-12-18 14:35:00+00:00,12.6,Fitzroy Gardens,507,48.8,1.0,-37.8149218,144.9822582,ENV,REAL_507,Real sensor series - Fitzroy Gardens - board 507,42,real_sensor_board_507,12.585515090548748,0,normal
2014-12-18 14:45:00+00:00,12.3,Fitzroy Gardens,507,49.7,1.0,-37.8149218,144.9822582,ENV,REAL_507,Real sensor series - Fitzroy Gardens - board 507,42,real_sensor_board_507,12.528412072439,0,normal
2014-12-18 14:55:00+00:00,12.3,Fitzroy Gardens,507,49.6,1.0,-37.8149218,144.9822582,ENV,REAL_507,Real sensor series - Fitzroy Gardens - board 507,42,real_sensor_board_507,12.482729657951202,0,normal
2014-12-18 15:05:00+00:00,12.3,Fitzroy Gardens,507,50.2,1.0,-37.8149218,144.9822582,ENV,REAL_507,Real sensor series - Fitzroy Gardens - board 507,42,real_sensor_board_507,12.446183726360964,0,normal
2014-12-18 15:15:00+00:00,12.3,Fitzroy Gardens,507,50.0,1.0,-37.8149218,144.9822582,ENV,REAL_507,Real sensor series - Fitzroy Gardens - board 507,42,real_sensor_board_507,12.416946981088772,0,normal
2014-12-18 15:25:00+00:00,11.9,Fitzroy Gardens,507,50.8,1.1,-37.8149218,144.9822582,ENV,REAL_507,Real sensor series - Fitzroy Gardens - board 507,42,real_sensor_board_507,12.313557584871019,0,normal
2014-12-18 15:40:00+00:00,11.9,Fitzroy Gardens,507,50.5,1.0,-37.8149218,144.9822582,ENV,REAL_507,Real sensor series - Fitzroy Gardens - board 507,42,real_sensor_board_507,12.230846067896817,0,normal
2014-12-18 15:50:00+00:00,11.9,Fitzroy Gardens,507,50.5,1.0,-37.8149218,144.9822582,ENV,REAL_507,Real sensor series - Fitzroy Gardens - board 507,42,real_sensor_board_507,12.164676854317454,0,normal
2014-12-18 16:00:00+00:00,11.6,Fitzroy Gardens,507,51.8,1.1,-37.8149218,144.9822582,ENV,REAL_507,Real sensor series - Fitzroy Gardens - board 507,42,real_sensor_board_507,12.111741483453965,0,normal
2014-12-18 16:10:00+00:00,11.6,Fitzroy Gardens,507,51.3,1.1,-37.8149218,144.9822582,ENV,REAL_507,Real sensor series - Fitzroy Gardens - board 507,42,real_sensor_board_507,12.069393186763174,0,normal
2014-12-18 16:20:00+00:00,11.6,Fitzroy Gardens,507,51.1,1.1,-37.8149218,144.9822582,ENV,REAL_507,Real sensor series - Fitzroy Gardens - board 507,42,real_sensor_board_507,12.035514549410541,0,normal
2014-12-18 16:30:00+00:00,11.3,Fitzroy Gardens,507,51.9,1.1,-37.8149218,144.9822582,ENV,REAL_507,Real sensor series - Fitzroy Gardens - board 507,42,real_sensor_board_507,12.008411639528434,0,normal
2014-12-18 16:40:00+00:00,11.3,Fitzroy Gardens,507,52.6,1.1,-37.8149218,144.9822582,ENV,REAL_507,Real sensor series - Fitzroy Gardens - board 507,42,real_sensor_board_507,11.98672931162275,0,normal
2014-12-18 16:50:00+00:00,11.3,Fitzroy Gardens,507,51.6,1.1,-37.8149218,144.9822582,ENV,REAL_507,Real sensor series - Fitzroy Gardens - board 507,42,real_sensor_board_507,11.969383449298201,0,normal
2014-12-18 17:00:00+00:00,11.3,Fitzroy Gardens,507,51.6,1.1,-37.8149218,144.9822582,ENV,REAL_507,Real sensor series - Fitzroy Gardens - board 507,42,real_sensor_board_507,11.955506759438562,0,normal
2014-12-18 17:10:00+00:00,11.0,Fitzroy Gardens,507,51.8,1.0,-37.8149218,144.9822582,ENV,REAL_507,Real sensor series - Fitzroy Gardens - board 507,42,real_sensor_board_507,11.94440540755085,0,normal
2014-12-18 17:20:00+00:00,11.3,Fitzroy Gardens,507,51.8,1.1,-37.8149218,144.9822582,ENV,REAL_507,Real sensor series - Fitzroy Gardens - board 507,42,real_sensor_board_507,11.935524326040682,0,normal
2014-12-18 17:30:00+00:00,11.0,Fitzroy Gardens,507,52.6,1.1,-37.8149218,144.9822582,ENV,REAL_507,Real sensor series - Fitzroy Gardens - board 507,42,real_sensor_board_507,11.928419460832547,0,normal
2014-12-18 17:40:00+00:00,11.0,Fitzroy Gardens,507,52.9,1.1,-37.8149218,144.9822582,ENV,REAL_507,Real sensor series - Fitzroy Gardens - board 507,42,real_sensor_board_507,11.922735568666038,0,normal
2014-12-18 17:50:00+00:00,10.6,Fitzroy Gardens,507,53.8,1.1,-37.8149218,144.9822582,ENV,REAL_507,Real sensor series - Fitzroy Gardens - board 507,42,real_sensor_board_507,11.918188454932832,0,normal
2014-12-18 18:00:00+00:00,10.3,Fitzroy Gardens,507,55.2,1.1,-37.8149218,144.9822582,ENV,REAL_507,Real sensor series - Fitzroy Gardens - board 507,42,real_sensor_board_507,11.914550763946266,0,normal
2014-12-18 18:10:00+00:00,10.3,Fitzroy Gardens,507,56.0,1.3,-37.8149218,144.9822582,ENV,REAL_507,Real sensor series - Fitzroy Gardens - board 507,42,real_sensor_board_507,11.911640611157015,0,normal
2014-12-18 18:20:00+00:00,10.0,Fitzroy Gardens,507,55.7,2.6,-37.8149218,144.9822582,ENV,REAL_507,Real sensor series - Fitzroy Gardens - board 507,42,real_sensor_board_507,11.909312488925613,1,weak_multivariate_excursion
2014-12-20 03:05:00+00:00,21.0,Fitzroy Gardens,507,35.8,97.1,-37.8149218,144.9822582,ENV,REAL_507,Real sensor series - Fitzroy Gardens - board 507,42,real_sensor_board_507,13.727449991140492,1,weak_multivariate_excursion
2014-12-20 03:15:00+00:00,21.6,Fitzroy Gardens,507,33.5,97.1,-37.8149218,144.9822582,ENV,REAL_507,Real sensor series - Fitzroy Gardens - board 507,42,real_sensor_board_507,15.301959992912394,1,weak_multivariate_excursion
2014-12-20 03:25:00+00:00,21.9,Fitzroy Gardens,507,32.7,97.1,-37.8149218,144.9822582,ENV,REAL_507,Real sensor series - Fitzroy Gardens - board 507,42,real_sensor_board_507,16.621567994329915,1,weak_multivariate_excursion
2014-12-20 03:35:00+00:00,22.9,Fitzroy Gardens,507,30.8,97.2,-37.8149218,144.9822582,ENV,REAL_507,Real sensor series - Fitzroy Gardens - board 507,42,real_sensor_board_507,17.75725439546393,0,normal
2014-12-20 03:45:00+00:00,22.6,Fitzroy Gardens,507,31.0,97.2,-37.8149218,144.9822582,ENV,REAL_507,Real sensor series - Fitzroy Gardens - board 507,42,real_sensor_board_507,18.665803516371145,0,normal
2014-12-20 03:55:00+00:00,23.5,Fitzroy Gardens,507,29.8,97.1,-37.8149218,144.9822582,ENV,REAL_507,Real sensor series - Fitzroy Gardens - board 507,42,real_sensor_board_507,19.45264281309692,0,normal
2014-12-20 04:05:00+00:00,22.3,Fitzroy Gardens,507,30.0,97.2,-37.8149218,144.9822582,ENV,REAL_507,Real sensor series - Fitzroy Gardens - board 507,42,real_sensor_board_507,20.082114250477535,0,normal
2014-12-20 04:15:00+00:00,23.5,Fitzroy Gardens,507,29.2,97.2,-37.8149218,144.9822582,ENV,REAL_507,Real sensor series - Fitzroy Gardens - board 507,42,real_sensor_board_507,20.58569140038203,0,normal
2014-12-20 04:25:00+00:00,23.9,Fitzroy Gardens,507,29.7,97.4,-37.8149218,144.9822582,ENV,REAL_507,Real sensor series - Fitzroy Gardens - board 507,42,real_sensor_board_507,20.988553120305625,0,normal
2014-12-20 04:35:00+00:00,24.5,Fitzroy Gardens,507,29.2,97.4,-37.8149218,144.9822582,ENV,REAL_507,Real sensor series - Fitzroy Gardens - board 507,42,real_sensor_board_507,21.3108424962445,0,normal
2014-12-20 04:45:00+00:00,23.9,Fitzroy Gardens,507,30.0,97.3,-37.8149218,144.9822582,ENV,REAL_507,Real sensor series - Fitzroy Gardens - board 507,42,real_sensor_board_507,21.5686739969956,0,normal
2014-12-20 04:55:00+00:00,23.2,Fitzroy Gardens,507,31.6,97.2,-37.8149218,144.9822582,ENV,REAL_507,Real sensor series - Fitzroy Gardens - board 507,42,real_sensor_board_507,21.77493919759648,0,normal
2014-12-20 05:05:00+00:00,23.2,Fitzroy Gardens,507,31.0,97.1,-37.8149218,144.9822582,ENV,REAL_507,Real sensor series - Fitzroy Gardens - board 507,42,real_sensor_board_507,21.939951358077185,0,normal
2014-12-20 05:15:00+00:00,22.9,Fitzroy Gardens,507,31.3,97.1,-37.8149218,144.9822582,ENV,REAL_507,Real sensor series - Fitzroy Gardens - board 507,42,real_sensor_board_507,22.071961086461748,0,normal
2014-12-20 05:25:00+00:00,22.6,Fitzroy Gardens,507,34.1,97.1,-37.8149218,144.9822582,ENV,REAL_507,Real sensor series - Fitzroy Gardens - board 507,42,real_sensor_board_507,22.1775688691694,0,normal
2014-12-20 05:35:00+00:00,22.9,Fitzroy Gardens,507,32.5,97.1,-37.8149218,144.9822582,ENV,REAL_507,Real sensor series - Fitzroy Gardens - board 507,42,real_sensor_board_507,22.26205509533552,0,normal
2014-12-20 05:45:00+00:00,23.2,Fitzroy Gardens,507,32.7,97.1,-37.8149218,144.9822582,ENV,REAL_507,Real sensor series - Fitzroy Gardens - board 507,42,real_sensor_board_507,22.329644076268416,0,normal
2014-12-20 05:55:00+00:00,22.3,Fitzroy Gardens,507,34.3,97.0,-37.8149218,144.9822582,ENV,REAL_507,Real sensor series - Fitzroy Gardens - board 507,42,real_sensor_board_507,22.383715261014732,0,normal
2014-12-20 06:10:00+00:00,23.2,Fitzroy Gardens,507,34.3,96.9,-37.8149218,144.9822582,ENV,REAL_507,Real sensor series - Fitzroy Gardens - board 507,42,real_sensor_board_507,22.426972208811787,0,normal
2014-12-20 06:20:00+00:00,23.2,Fitzroy Gardens,507,36.3,96.8,-37.8149218,144.9822582,ENV,REAL_507,Real sensor series - Fitzroy Gardens - board 507,42,real_sensor_board_507,22.40157776704943,0,normal
2014-12-20 06:30:00+00:00,22.9,Fitzroy Gardens,507,37.4,96.1,-37.8149218,144.9822582,ENV,REAL_507,Real sensor series - Fitzroy Gardens - board 507,42,real_sensor_board_507,22.38126221363955,0,normal
2014-12-20 06:40:00+00:00,20.6,Fitzroy Gardens,507,42.0,93.5,-37.8149218,144.9822582,ENV,REAL_507,Real sensor series - Fitzroy Gardens - board 507,42,real_sensor_board_507,22.02500977091164,0,normal
2014-12-20 06:50:00+00:00,20.3,Fitzroy Gardens,507,44.0,92.9,-37.8149218,144.9822582,ENV,REAL_507,Real sensor series - Fitzroy Gardens - board 507,42,real_sensor_board_507,21.680007816729315,0,normal
2014-12-20 07:00:00+00:00,19.0,Fitzroy Gardens,507,47.2,92.3,-37.8149218,144.9822582,ENV,REAL_507,Real sensor series - Fitzroy Gardens - board 507,42,real_sensor_board_507,21.144006253383452,0,normal
2014-12-20 07:10:00+00:00,19.0,Fitzroy Gardens,507,47.3,91.6,-37.8149218,144.9822582,ENV,REAL_507,Real sensor series - Fitzroy Gardens - board 507,42,real_sensor_board_507,20.715205002706764,0,normal
2014-12-20 07:20:00+00:00,18.7,Fitzroy Gardens,507,48.6,91.1,-37.8149218,144.9822582,ENV,REAL_507,Real sensor series - Fitzroy Gardens - board 507,42,real_sensor_board_507,20.31216400216541,0,normal
2014-12-20 07:30:00+00:00,18.7,Fitzroy Gardens,507,48.5,90.1,-37.8149218,144.9822582,ENV,REAL_507,Real sensor series - Fitzroy Gardens - board 507,42,real_sensor_board_507,19.989731201732326,0,normal
2014-12-20 07:40:00+00:00,18.4,Fitzroy Gardens,507,48.9,89.5,-37.8149218,144.9822582,ENV,REAL_507,Real sensor series - Fitzroy Gardens - board 507,42,real_sensor_board_507,19.731784961385863,0,normal
2014-12-20 07:50:00+00:00,18.7,Fitzroy Gardens,507,49.2,89.0,-37.8149218,144.9822582,ENV,REAL_507,Real sensor series - Fitzroy Gardens - board 507,42,real_sensor_board_507,19.46542796910869,0,normal
2014-12-20 08:00:00+00:00,18.1,Fitzroy Gardens,507,49.9,88.2,-37.8149218,144.9822582,ENV,REAL_507,Real sensor series - Fitzroy Gardens - board 507,42,real_sensor_board_507,19.19234237528695,0,normal
2014-12-20 08:10:00+00:00,18.1,Fitzroy Gardens,507,50.7,87.5,-37.8149218,144.9822582,ENV,REAL_507,Real sensor series - Fitzroy Gardens - board 507,42,real_sensor_board_507,18.973873900229563,0,normal
2014-12-20 08:20:00+00:00,17.7,Fitzroy Gardens,507,51.0,86.8,-37.8149218,144.9822582,ENV,REAL_507,Real sensor series - Fitzroy Gardens - board 507,42,real_sensor_board_507,18.71909912018365,0,normal
2014-12-20 08:30:00+00:00,17.4,Fitzroy Gardens,507,51.8,86.8,-37.8149218,144.9822582,ENV,REAL_507,Real sensor series - Fitzroy Gardens - board 507,42,real_sensor_board_507,18.45527929614692,0,normal
2014-12-20 08:40:00+00:00,17.4,Fitzroy Gardens,507,52.1,84.9,-37.8149218,144.9822582,ENV,REAL_507,Real sensor series - Fitzroy Gardens - board 507,42,real_sensor_board_507,18.244223436917537,0,normal
2014-12-20 08:50:00+00:00,17.4,Fitzroy Gardens,507,52.4,82.7,-37.8149218,144.9822582,ENV,REAL_507,Real sensor series - Fitzroy Gardens - board 507,42,real_sensor_board_507,18.07537874953403,0,normal
2014-12-20 09:00:00+00:00,17.4,Fitzroy Gardens,507,52.9,78.7,-37.8149218,144.9822582,ENV,REAL_507,Real sensor series - Fitzroy Gardens - board 507,42,real_sensor_board_507,17.940302999627225,0,normal
2014-12-20 09:15:00+00:00,17.1,Fitzroy Gardens,507,53.2,75.4,-37.8149218,144.9822582,ENV,REAL_507,Real sensor series - Fitzroy Gardens - board 507,42,real_sensor_board_507,17.77224239970178,0,normal
2014-12-20 09:25:00+00:00,17.1,Fitzroy Gardens,507,53.7,69.0,-37.8149218,144.9822582,ENV,REAL_507,Real sensor series - Fitzroy Gardens - board 507,42,real_sensor_board_507,17.637793919761428,0,normal
2014-12-20 09:35:00+00:00,17.1,Fitzroy Gardens,507,54.1,57.9,-37.8149218,144.9822582,ENV,REAL_507,Real sensor series - Fitzroy Gardens - board 507,42,real_sensor_board_507,17.530235135809143,1,weak_multivariate_excursion
2014-12-20 09:45:00+00:00,16.8,Fitzroy Gardens,507,54.3,40.0,-37.8149218,144.9822582,ENV,REAL_507,Real sensor series - Fitzroy Gardens - board 507,42,real_sensor_board_507,17.444188108647317,1,weak_multivariate_excursion
2014-12-20 09:55:00+00:00,17.1,Fitzroy Gardens,507,53.2,18.6,-37.8149218,144.9822582,ENV,REAL_507,Real sensor series - Fitzroy Gardens - board 507,42,real_sensor_board_507,17.315350486917854,1,weak_multivariate_excursion
2014-12-20 10:05:00+00:00,14.8,Fitzroy Gardens,507,60.1,6.7,-37.8149218,144.9822582,ENV,REAL_507,Real sensor series - Fitzroy Gardens - board 507,42,real_sensor_board_507,17.012280389534283,1,weak_multivariate_excursion
2014-12-20 10:15:00+00:00,14.5,Fitzroy Gardens,507,60.6,4.4,-37.8149218,144.9822582,ENV,REAL_507,Real sensor series - Fitzroy Gardens - board 507,42,real_sensor_board_507,16.769824311627428,1,weak_multivariate_excursion
2014-12-20 10:25:00+00:00,15.2,Fitzroy Gardens,507,57.8,4.1,-37.8149218,144.9822582,ENV,REAL_507,Real sensor series - Fitzroy Gardens - board 507,42,real_sensor_board_507,16.575859449301944,0,normal
2014-12-20 10:35:00+00:00,15.5,Fitzroy Gardens,507,56.8,3.9,-37.8149218,144.9822582,ENV,REAL_507,Real sensor series - Fitzroy Gardens - board 507,42,real_sensor_board_507,16.420687559441557,0,normal
2014-12-20 10:45:00+00:00,15.8,Fitzroy Gardens,507,55.9,4.0,-37.8149218,144.9822582,ENV,REAL_507,Real sensor series - Fitzroy Gardens - board 507,42,real_sensor_board_507,16.296550047553247,0,normal
2014-12-20 10:55:00+00:00,15.8,Fitzroy Gardens,507,55.9,4.1,-37.8149218,144.9822582,ENV,REAL_507,Real sensor series - Fitzroy Gardens - board 507,42,real_sensor_board_507,16.1372400380426,0,normal
2014-12-20 11:05:00+00:00,15.8,Fitzroy Gardens,507,54.3,4.2,-37.8149218,144.9822582,ENV,REAL_507,Real sensor series - Fitzroy Gardens - board 507,42,real_sensor_board_507,16.00979203043408,0,normal
2014-12-20 11:15:00+00:00,15.8,Fitzroy Gardens,507,53.8,4.2,-37.8149218,144.9822582,ENV,REAL_507,Real sensor series - Fitzroy Gardens - board 507,42,real_sensor_board_507,15.907833624347266,0,normal
2014-12-20 11:25:00+00:00,15.8,Fitzroy Gardens,507,54.6,3.1,-37.8149218,144.9822582,ENV,REAL_507,Real sensor series - Fitzroy Gardens - board 507,42,real_sensor_board_507,15.826266899477814,0,normal
2014-12-20 11:35:00+00:00,15.5,Fitzroy Gardens,507,55.1,3.7,-37.8149218,144.9822582,ENV,REAL_507,Real sensor series - Fitzroy Gardens - board 507,42,real_sensor_board_507,15.70101351958225,0,normal
2014-12-20 11:45:00+00:00,15.5,Fitzroy Gardens,507,55.2,4.2,-37.8149218,144.9822582,ENV,REAL_507,Real sensor series - Fitzroy Gardens - board 507,42,real_sensor_board_507,15.600810815665803,0,normal
2014-12-20 11:55:00+00:00,15.5,Fitzroy Gardens,507,55.4,1.0,-37.8149218,144.9822582,ENV,REAL_507,Real sensor series - Fitzroy Gardens - board 507,42,real_sensor_board_507,15.440648652532644,0,normal
2014-12-20 12:05:00+00:00,15.2,Fitzroy Gardens,507,55.7,0.9,-37.8149218,144.9822582,ENV,REAL_507,Real sensor series - Fitzroy Gardens - board 507,42,real_sensor_board_507,15.312518922026117,0,normal
2014-12-20 12:15:00+00:00,14.5,Fitzroy Gardens,507,58.5,0.9,-37.8149218,144.9822582,ENV,REAL_507,Real sensor series - Fitzroy Gardens - board 507,42,real_sensor_board_507,15.150015137620894,0,normal
2014-12-20 12:30:00+00:00,14.8,Fitzroy Gardens,507,57.6,0.9,-37.8149218,144.9822582,ENV,REAL_507,Real sensor series - Fitzroy Gardens - board 507,42,real_sensor_board_507,15.020012110096717,0,normal
2014-12-20 12:40:00+00:00,14.2,Fitzroy Gardens,507,59.0,0.9,-37.8149218,144.9822582,ENV,REAL_507,Real sensor series - Fitzroy Gardens - board 507,42,real_sensor_board_507,14.856009688077375,0,normal
2014-12-20 12:50:00+00:00,13.9,Fitzroy Gardens,507,59.2,0.9,-37.8149218,144.9822582,ENV,REAL_507,Real sensor series - Fitzroy Gardens - board 507,42,real_sensor_board_507,14.6648077504619,0,normal
2014-12-20 13:00:00+00:00,13.9,Fitzroy Gardens,507,60.3,0.9,-37.8149218,144.9822582,ENV,REAL_507,Real sensor series - Fitzroy Gardens - board 507,42,real_sensor_board_507,14.511846200369522,0,normal
2014-12-20 13:10:00+00:00,13.5,Fitzroy Gardens,507,60.4,0.9,-37.8149218,144.9822582,ENV,REAL_507,Real sensor series - Fitzroy Gardens - board 507,42,real_sensor_board_507,14.389476960295617,0,normal
2014-12-20 13:20:00+00:00,13.5,Fitzroy Gardens,507,61.1,0.9,-37.8149218,144.9822582,ENV,REAL_507,Real sensor series - Fitzroy Gardens - board 507,42,real_sensor_board_507,14.211581568236493,0,normal
2014-12-20 13:30:00+00:00,13.9,Fitzroy Gardens,507,61.4,0.9,-37.8149218,144.9822582,ENV,REAL_507,Real sensor series - Fitzroy Gardens - board 507,42,real_sensor_board_507,14.069265254589194,0,normal
2014-12-20 13:40:00+00:00,13.5,Fitzroy Gardens,507,61.5,1.0,-37.8149218,144.9822582,ENV,REAL_507,Real sensor series - Fitzroy Gardens - board 507,42,real_sensor_board_507,13.955412203671354,0,normal
2014-12-20 13:50:00+00:00,13.2,Fitzroy Gardens,507,62.0,0.9,-37.8149218,144.9822582,ENV,REAL_507,Real sensor series - Fitzroy Gardens - board 507,42,real_sensor_board_507,13.804329762937085,0,normal
2014-12-20 14:00:00+00:00,13.2,Fitzroy Gardens,507,62.5,1.0,-37.8149218,144.9822582,ENV,REAL_507,Real sensor series - Fitzroy Gardens - board 507,42,real_sensor_board_507,13.68346381034967,0,normal
2014-12-20 14:10:00+00:00,13.2,Fitzroy Gardens,507,62.3,0.9,-37.8149218,144.9822582,ENV,REAL_507,Real sensor series - Fitzroy Gardens - board 507,42,real_sensor_board_507,13.586771048279736,0,normal
2014-12-20 14:20:00+00:00,12.9,Fitzroy Gardens,507,63.4,0.9,-37.8149218,144.9822582,ENV,REAL_507,Real sensor series - Fitzroy Gardens - board 507,42,real_sensor_board_507,13.44941683862379,0,normal
2014-12-20 14:30:00+00:00,12.9,Fitzroy Gardens,507,64.1,1.0,-37.8149218,144.9822582,ENV,REAL_507,Real sensor series - Fitzroy Gardens - board 507,42,real_sensor_board_507,13.339533470899033,0,normal
2014-12-20 14:40:00+00:00,12.6,Fitzroy Gardens,507,64.5,1.0,-37.8149218,144.9822582,ENV,REAL_507,Real sensor series - Fitzroy Gardens - board 507,42,real_sensor_board_507,13.251626776719228,0,normal
2014-12-20 14:50:00+00:00,12.6,Fitzroy Gardens,507,64.4,1.0,-37.8149218,144.9822582,ENV,REAL_507,Real sensor series - Fitzroy Gardens - board 507,42,real_sensor_board_507,13.181301421375382,0,normal
2014-12-20 15:00:00+00:00,12.3,Fitzroy Gardens,507,64.5,1.0,-37.8149218,144.9822582,ENV,REAL_507,Real sensor series - Fitzroy Gardens - board 507,42,real_sensor_board_507,13.065041137100305,0,normal
2014-12-20 15:10:00+00:00,12.3,Fitzroy Gardens,507,64.9,1.0,-37.8149218,144.9822582,ENV,REAL_507,Real sensor series - Fitzroy Gardens - board 507,42,real_sensor_board_507,12.972032909680244,0,normal
2014-12-20 15:20:00+00:00,12.3,Fitzroy Gardens,507,65.3,1.0,-37.8149218,144.9822582,ENV,REAL_507,Real sensor series - Fitzroy Gardens - board 507,42,real_sensor_board_507,12.897626327744195,0,normal
2014-12-20 15:30:00+00:00,12.3,Fitzroy Gardens,507,65.3,1.0,-37.8149218,144.9822582,ENV,REAL_507,Real sensor series - Fitzroy Gardens - board 507,42,real_sensor_board_507,12.838101062195356,0,normal
2014-12-20 15:45:00+00:00,12.3,Fitzroy Gardens,507,66.1,1.0,-37.8149218,144.9822582,ENV,REAL_507,Real sensor series - Fitzroy Gardens - board 507,42,real_sensor_board_507,12.790480849756285,0,normal
2014-12-20 15:55:00+00:00,12.6,Fitzroy Gardens,507,66.9,1.0,-37.8149218,144.9822582,ENV,REAL_507,Real sensor series - Fitzroy Gardens - board 507,42,real_sensor_board_507,12.75238467980503,0,normal
2014-12-20 16:05:00+00:00,12.3,Fitzroy Gardens,507,66.6,1.0,-37.8149218,144.9822582,ENV,REAL_507,Real sensor series - Fitzroy Gardens - board 507,42,real_sensor_board_507,12.721907743844024,0,normal
2014-12-20 16:15:00+00:00,12.3,Fitzroy Gardens,507,67.2,1.0,-37.8149218,144.9822582,ENV,REAL_507,Real sensor series - Fitzroy Gardens - board 507,42,real_sensor_board_507,12.69752619507522,0,normal
2014-12-20 16:25:00+00:00,12.3,Fitzroy Gardens,507,66.6,1.0,-37.8149218,144.9822582,ENV,REAL_507,Real sensor series - Fitzroy Gardens - board 507,42,real_sensor_board_507,12.678020956060177,0,normal
2014-12-20 16:35:00+00:00,12.3,Fitzroy Gardens,507,67.2,1.0,-37.8149218,144.9822582,ENV,REAL_507,Real sensor series - Fitzroy Gardens - board 507,42,real_sensor_board_507,12.602416764848144,0,normal
2014-12-20 16:45:00+00:00,11.9,Fitzroy Gardens,507,67.1,1.0,-37.8149218,144.9822582,ENV,REAL_507,Real sensor series - Fitzroy Gardens - board 507,42,real_sensor_board_507,12.541933411878517,0,normal
2014-12-20 16:55:00+00:00,12.9,Fitzroy Gardens,507,65.8,1.0,-37.8149218,144.9822582,ENV,REAL_507,Real sensor series - Fitzroy Gardens - board 507,42,real_sensor_board_507,12.493546729502816,0,normal
2014-12-20 17:05:00+00:00,12.6,Fitzroy Gardens,507,64.9,1.0,-37.8149218,144.9822582,ENV,REAL_507,Real sensor series - Fitzroy Gardens - board 507,42,real_sensor_board_507,12.454837383602253,0,normal
2014-12-20 17:15:00+00:00,13.2,Fitzroy Gardens,507,64.2,1.0,-37.8149218,144.9822582,ENV,REAL_507,Real sensor series - Fitzroy Gardens - board 507,42,real_sensor_board_507,12.423869906881805,0,normal
2014-12-20 17:25:00+00:00,12.6,Fitzroy Gardens,507,64.4,1.0,-37.8149218,144.9822582,ENV,REAL_507,Real sensor series - Fitzroy Gardens - board 507,42,real_sensor_board_507,12.399095925505446,0,normal
2014-12-20 17:35:00+00:00,12.6,Fitzroy Gardens,507,64.5,1.0,-37.8149218,144.9822582,ENV,REAL_507,Real sensor series - Fitzroy Gardens - board 507,42,real_sensor_board_507,12.379276740404357,0,normal
2014-12-20 17:45:00+00:00,12.6,Fitzroy Gardens,507,64.2,1.0,-37.8149218,144.9822582,ENV,REAL_507,Real sensor series - Fitzroy Gardens - board 507,42,real_sensor_board_507,12.363421392323488,0,normal
2014-12-20 17:55:00+00:00,12.6,Fitzroy Gardens,507,63.6,1.0,-37.8149218,144.9822582,ENV,REAL_507,Real sensor series - Fitzroy Gardens - board 507,42,real_sensor_board_507,12.350737113858791,0,normal
2014-12-20 18:05:00+00:00,12.6,Fitzroy Gardens,507,63.7,1.1,-37.8149218,144.9822582,ENV,REAL_507,Real sensor series - Fitzroy Gardens - board 507,42,real_sensor_board_507,12.400589691087033,0,normal
2014-12-20 18:15:00+00:00,12.3,Fitzroy Gardens,507,64.1,1.7,-37.8149218,144.9822582,ENV,REAL_507,Real sensor series - Fitzroy Gardens - board 507,42,real_sensor_board_507,12.440471752869627,0,normal
2014-12-20 18:25:00+00:00,12.3,Fitzroy Gardens,507,63.9,5.5,-37.8149218,144.9822582,ENV,REAL_507,Real sensor series - Fitzroy Gardens - board 507,42,real_sensor_board_507,12.472377402295702,1,weak_multivariate_excursion
2014-12-20 18:35:00+00:00,12.3,Fitzroy Gardens,507,64.4,21.0,-37.8149218,144.9822582,ENV,REAL_507,Real sensor series - Fitzroy Gardens - board 507,42,real_sensor_board_507,12.497901921836561,1,weak_multivariate_excursion
2014-12-20 18:45:00+00:00,12.3,Fitzroy Gardens,507,64.2,43.5,-37.8149218,144.9822582,ENV,REAL_507,Real sensor series - Fitzroy Gardens - board 507,42,real_sensor_board_507,12.51832153746925,1,weak_multivariate_excursion
2014-12-20 19:00:00+00:00,11.9,Fitzroy Gardens,507,63.9,61.1,-37.8149218,144.9822582,ENV,REAL_507,Real sensor series - Fitzroy Gardens - board 507,42,real_sensor_board_507,12.5346572299754,1,weak_multivariate_excursion
2014-12-20 19:10:00+00:00,11.9,Fitzroy Gardens,507,64.7,70.8,-37.8149218,144.9822582,ENV,REAL_507,Real sensor series - Fitzroy Gardens - board 507,42,real_sensor_board_507,12.54772578398032,1,weak_multivariate_excursion
2014-12-20 19:20:00+00:00,12.3,Fitzroy Gardens,507,64.1,76.3,-37.8149218,144.9822582,ENV,REAL_507,Real sensor series - Fitzroy Gardens - board 507,42,real_sensor_board_507,12.558180627184257,0,normal
2014-12-20 19:30:00+00:00,12.6,Fitzroy Gardens,507,63.4,79.9,-37.8149218,144.9822582,ENV,REAL_507,Real sensor series - Fitzroy Gardens - board 507,42,real_sensor_board_507,12.566544501747405,0,normal
2014-12-20 19:40:00+00:00,12.3,Fitzroy Gardens,507,62.6,82.5,-37.8149218,144.9822582,ENV,REAL_507,Real sensor series - Fitzroy Gardens - board 507,42,real_sensor_board_507,12.573235601397924,0,normal
2014-12-20 19:50:00+00:00,12.6,Fitzroy Gardens,507,62.5,86.3,-37.8149218,144.9822582,ENV,REAL_507,Real sensor series - Fitzroy Gardens - board 507,42,real_sensor_board_507,12.63858848111834,0,normal
2014-12-20 20:00:00+00:00,12.9,Fitzroy Gardens,507,62.0,89.4,-37.8149218,144.9822582,ENV,REAL_507,Real sensor series - Fitzroy Gardens - board 507,42,real_sensor_board_507,12.690870784894672,0,normal
2014-12-20 20:10:00+00:00,13.2,Fitzroy Gardens,507,61.1,92.4,-37.8149218,144.9822582,ENV,REAL_507,Real sensor series - Fitzroy Gardens - board 507,42,real_sensor_board_507,12.792696627915738,0,normal
2014-12-20 20:20:00+00:00,13.9,Fitzroy Gardens,507,60.1,93.2,-37.8149218,144.9822582,ENV,REAL_507,Real sensor series - Fitzroy Gardens - board 507,42,real_sensor_board_507,13.014157302332592,0,normal
2014-12-20 20:30:00+00:00,14.5,Fitzroy Gardens,507,59.5,93.7,-37.8149218,144.9822582,ENV,REAL_507,Real sensor series - Fitzroy Gardens - board 507,42,real_sensor_board_507,13.311325841866074,0,normal
2014-12-20 20:40:00+00:00,14.8,Fitzroy Gardens,507,58.2,94.1,-37.8149218,144.9822582,ENV,REAL_507,Real sensor series - Fitzroy Gardens - board 507,42,real_sensor_board_507,13.609060673492861,0,normal
2014-12-20 20:50:00+00:00,15.8,Fitzroy Gardens,507,56.8,95.0,-37.8149218,144.9822582,ENV,REAL_507,Real sensor series - Fitzroy Gardens - board 507,42,real_sensor_board_507,14.047248538794289,1,weak_multivariate_excursion
2014-12-20 21:00:00+00:00,19.0,Fitzroy Gardens,507,52.6,96.0,-37.8149218,144.9822582,ENV,REAL_507,Real sensor series - Fitzroy Gardens - board 507,42,real_sensor_board_507,14.597798831035433,1,weak_multivariate_excursion
2014-12-20 21:10:00+00:00,17.7,Fitzroy Gardens,507,53.7,95.2,-37.8149218,144.9822582,ENV,REAL_507,Real sensor series - Fitzroy Gardens - board 507,42,real_sensor_board_507,15.158239064828347,1,weak_multivariate_excursion
2014-12-20 21:20:00+00:00,16.8,Fitzroy Gardens,507,53.8,95.4,-37.8149218,144.9822582,ENV,REAL_507,Real sensor series - Fitzroy Gardens - board 507,42,real_sensor_board_507,15.666591251862677,0,normal
2014-12-20 21:30:00+00:00,17.4,Fitzroy Gardens,507,53.5,95.4,-37.8149218,144.9822582,ENV,REAL_507,Real sensor series - Fitzroy Gardens - board 507,42,real_sensor_board_507,16.153273001490142,0,normal
2014-12-20 21:40:00+00:00,18.1,Fitzroy Gardens,507,48.5,96.2,-37.8149218,144.9822582,ENV,REAL_507,Real sensor series - Fitzroy Gardens - board 507,42,real_sensor_board_507,16.602618401192114,0,normal
2014-12-20 21:50:00+00:00,18.4,Fitzroy Gardens,507,49.4,96.3,-37.8149218,144.9822582,ENV,REAL_507,Real sensor series - Fitzroy Gardens - board 507,42,real_sensor_board_507,16.962094720953694,0,normal
2014-12-20 22:05:00+00:00,18.7,Fitzroy Gardens,507,48.8,95.6,-37.8149218,144.9822582,ENV,REAL_507,Real sensor series - Fitzroy Gardens - board 507,42,real_sensor_board_507,17.30967577676296,0,normal
2014-12-20 22:15:00+00:00,18.4,Fitzroy Gardens,507,47.8,95.4,-37.8149218,144.9822582,ENV,REAL_507,Real sensor series - Fitzroy Gardens - board 507,42,real_sensor_board_507,17.647740621410367,0,normal
2014-12-20 22:25:00+00:00,19.4,Fitzroy Gardens,507,47.0,95.4,-37.8149218,144.9822582,ENV,REAL_507,Real sensor series - Fitzroy Gardens - board 507,42,real_sensor_board_507,17.998192497128294,0,normal
2014-12-20 22:35:00+00:00,20.3,Fitzroy Gardens,507,46.6,95.9,-37.8149218,144.9822582,ENV,REAL_507,Real sensor series - Fitzroy Gardens - board 507,42,real_sensor_board_507,18.458553997702637,1,weak_multivariate_excursion
2014-12-20 22:45:00+00:00,23.9,Fitzroy Gardens,507,39.0,97.9,-37.8149218,144.9822582,ENV,REAL_507,Real sensor series - Fitzroy Gardens - board 507,42,real_sensor_board_507,18.96684319816211,1,weak_multivariate_excursion
2014-12-20 22:55:00+00:00,21.0,Fitzroy Gardens,507,40.9,96.2,-37.8149218,144.9822582,ENV,REAL_507,Real sensor series - Fitzroy Gardens - board 507,42,real_sensor_board_507,19.813474558529688,1,weak_multivariate_excursion
2014-12-20 23:05:00+00:00,23.2,Fitzroy Gardens,507,38.7,97.8,-37.8149218,144.9822582,ENV,REAL_507,Real sensor series - Fitzroy Gardens - board 507,42,real_sensor_board_507,20.63077964682375,1,weak_multivariate_excursion
2014-12-20 23:15:00+00:00,29.4,Fitzroy Gardens,507,33.9,98.3,-37.8149218,144.9822582,ENV,REAL_507,Real sensor series - Fitzroy Gardens - board 507,42,real_sensor_board_507,21.984623717459,1,weak_multivariate_excursion
2014-12-20 23:25:00+00:00,27.4,Fitzroy Gardens,507,32.5,98.3,-37.8149218,144.9822582,ENV,REAL_507,Real sensor series - Fitzroy Gardens - board 507,42,real_sensor_board_507,23.267698973967203,1,weak_multivariate_excursion
2014-12-20 23:35:00+00:00,28.4,Fitzroy Gardens,507,31.1,98.3,-37.8149218,144.9822582,ENV,REAL_507,Real sensor series - Fitzroy Gardens - board 507,42,real_sensor_board_507,24.414159179173765,0,normal
2014-12-20 23:45:00+00:00,29.4,Fitzroy Gardens,507,31.1,98.2,-37.8149218,144.9822582,ENV,REAL_507,Real sensor series - Fitzroy Gardens - board 507,42,real_sensor_board_507,25.411327343339014,0,normal
2014-12-20 23:55:00+00:00,29.4,Fitzroy Gardens,507,29.8,98.2,-37.8149218,144.9822582,ENV,REAL_507,Real sensor series - Fitzroy Gardens - board 507,42,real_sensor_board_507,26.20906187467121,0,normal
2014-12-21 00:05:00+00:00,30.3,Fitzroy Gardens,507,29.4,98.2,-37.8149218,144.9822582,ENV,REAL_507,Real sensor series - Fitzroy Gardens - board 507,42,real_sensor_board_507,26.847249499736968,1,weak_multivariate_excursion
2014-12-21 00:15:00+00:00,32.3,Fitzroy Gardens,507,28.1,98.1,-37.8149218,144.9822582,ENV,REAL_507,Real sensor series - Fitzroy Gardens - board 507,42,real_sensor_board_507,27.41779959978958,1,weak_multivariate_excursion
2014-12-21 00:25:00+00:00,32.3,Fitzroy Gardens,507,30.6,98.0,-37.8149218,144.9822582,ENV,REAL_507,Real sensor series - Fitzroy Gardens - board 507,42,real_sensor_board_507,27.874239679831664,1,weak_multivariate_excursion
2014-12-21 00:35:00+00:00,31.0,Fitzroy Gardens,507,32.2,97.9,-37.8149218,144.9822582,ENV,REAL_507,Real sensor series - Fitzroy Gardens - board 507,42,real_sensor_board_507,28.35939174386533,0,normal
2014-12-21 00:45:00+00:00,31.0,Fitzroy Gardens,507,31.6,97.9,-37.8149218,144.9822582,ENV,REAL_507,Real sensor series - Fitzroy Gardens - board 507,42,real_sensor_board_507,28.74751339509227,0,normal
2014-12-21 00:55:00+00:00,29.0,Fitzroy Gardens,507,34.1,97.8,-37.8149218,144.9822582,ENV,REAL_507,Real sensor series - Fitzroy Gardens - board 507,42,real_sensor_board_507,29.058010716073817,0,normal
2014-12-21 01:05:00+00:00,29.7,Fitzroy Gardens,507,34.1,97.0,-37.8149218,144.9822582,ENV,REAL_507,Real sensor series - Fitzroy Gardens - board 507,42,real_sensor_board_507,29.366408572859054,0,normal
2014-12-21 01:20:00+00:00,31.6,Fitzroy Gardens,507,32.7,97.0,-37.8149218,144.9822582,ENV,REAL_507,Real sensor series - Fitzroy Gardens - board 507,42,real_sensor_board_507,29.613126858287245,0,normal
2014-12-21 01:30:00+00:00,30.3,Fitzroy Gardens,507,32.5,97.1,-37.8149218,144.9822582,ENV,REAL_507,Real sensor series - Fitzroy Gardens - board 507,42,real_sensor_board_507,29.8105014866298,0,normal
2014-12-21 01:40:00+00:00,30.6,Fitzroy Gardens,507,26.4,97.1,-37.8149218,144.9822582,ENV,REAL_507,Real sensor series - Fitzroy Gardens - board 507,42,real_sensor_board_507,30.048401189303842,0,normal
2014-12-21 01:50:00+00:00,30.6,Fitzroy Gardens,507,26.5,97.2,-37.8149218,144.9822582,ENV,REAL_507,Real sensor series - Fitzroy Gardens - board 507,42,real_sensor_board_507,30.238720951443074,0,normal
2014-12-21 02:00:00+00:00,31.0,Fitzroy Gardens,507,29.8,97.1,-37.8149218,144.9822582,ENV,REAL_507,Real sensor series - Fitzroy Gardens - board 507,42,real_sensor_board_507,30.39097676115446,0,normal
2014-12-21 02:10:00+00:00,30.3,Fitzroy Gardens,507,32.7,97.2,-37.8149218,144.9822582,ENV,REAL_507,Real sensor series - Fitzroy Gardens - board 507,42,real_sensor_board_507,30.51278140892357,0,normal
2014-12-21 02:20:00+00:00,29.7,Fitzroy Gardens,507,30.0,97.2,-37.8149218,144.9822582,ENV,REAL_507,Real sensor series - Fitzroy Gardens - board 507,42,real_sensor_board_507,30.67022512713886,0,normal
2014-12-21 02:30:00+00:00,30.6,Fitzroy Gardens,507,30.3,97.2,-37.8149218,144.9822582,ENV,REAL_507,Real sensor series - Fitzroy Gardens - board 507,42,real_sensor_board_507,30.85618010171109,0,normal
2014-12-21 02:40:00+00:00,31.0,Fitzroy Gardens,507,28.7,97.1,-37.8149218,144.9822582,ENV,REAL_507,Real sensor series - Fitzroy Gardens - board 507,42,real_sensor_board_507,31.06494408136887,0,normal
2014-12-21 02:50:00+00:00,31.3,Fitzroy Gardens,507,25.4,97.2,-37.8149218,144.9822582,ENV,REAL_507,Real sensor series - Fitzroy Gardens - board 507,42,real_sensor_board_507,31.3119552650951,0,normal
2014-12-21 03:00:00+00:00,31.9,Fitzroy Gardens,507,25.7,96.8,-37.8149218,144.9822582,ENV,REAL_507,Real sensor series - Fitzroy Gardens - board 507,42,real_sensor_board_507,31.509564212076082,0,normal
2014-12-21 03:10:00+00:00,32.3,Fitzroy Gardens,507,23.9,97.1,-37.8149218,144.9822582,ENV,REAL_507,Real sensor series - Fitzroy Gardens - board 507,42,real_sensor_board_507,31.667651369660867,0,normal
2014-12-21 03:20:00+00:00,32.9,Fitzroy Gardens,507,24.6,97.3,-37.8149218,144.9822582,ENV,REAL_507,Real sensor series - Fitzroy Gardens - board 507,42,real_sensor_board_507,31.854121095728694,0,normal
2014-12-21 03:30:00+00:00,32.6,Fitzroy Gardens,507,22.0,97.3,-37.8149218,144.9822582,ENV,REAL_507,Real sensor series - Fitzroy Gardens - board 507,42,real_sensor_board_507,32.00329687658296,0,normal
2014-12-21 03:40:00+00:00,32.9,Fitzroy Gardens,507,19.9,97.3,-37.8149218,144.9822582,ENV,REAL_507,Real sensor series - Fitzroy Gardens - board 507,42,real_sensor_board_507,32.12263750126637,0,normal
2014-12-21 03:50:00+00:00,32.9,Fitzroy Gardens,507,19.3,97.4,-37.8149218,144.9822582,ENV,REAL_507,Real sensor series - Fitzroy Gardens - board 507,42,real_sensor_board_507,32.218110001013095,0,normal
2014-12-21 04:00:00+00:00,33.5,Fitzroy Gardens,507,19.6,96.9,-37.8149218,144.9822582,ENV,REAL_507,Real sensor series - Fitzroy Gardens - board 507,42,real_sensor_board_507,32.29448800081048,0,normal
2014-12-21 04:10:00+00:00,34.8,Fitzroy Gardens,507,18.3,97.4,-37.8149218,144.9822582,ENV,REAL_507,Real sensor series - Fitzroy Gardens - board 507,42,real_sensor_board_507,32.35559040064839,0,normal
2014-12-21 04:20:00+00:00,32.6,Fitzroy Gardens,507,21.8,97.7,-37.8149218,144.9822582,ENV,REAL_507,Real sensor series - Fitzroy Gardens - board 507,42,real_sensor_board_507,32.404472320518714,0,normal
2014-12-21 04:35:00+00:00,34.5,Fitzroy Gardens,507,20.2,97.6,-37.8149218,144.9822582,ENV,REAL_507,Real sensor series - Fitzroy Gardens - board 507,42,real_sensor_board_507,32.443577856414976,0,normal
2014-12-21 04:45:00+00:00,33.9,Fitzroy Gardens,507,18.3,97.2,-37.8149218,144.9822582,ENV,REAL_507,Real sensor series - Fitzroy Gardens - board 507,42,real_sensor_board_507,32.474862285131984,0,normal
2014-12-21 04:55:00+00:00,33.9,Fitzroy Gardens,507,18.3,97.2,-37.8149218,144.9822582,ENV,REAL_507,Real sensor series - Fitzroy Gardens - board 507,42,real_sensor_board_507,32.49988982810559,0,normal
2014-12-21 05:05:00+00:00,33.2,Fitzroy Gardens,507,19.9,96.9,-37.8149218,144.9822582,ENV,REAL_507,Real sensor series - Fitzroy Gardens - board 507,42,real_sensor_board_507,32.51991186248447,0,normal
2014-12-21 05:15:00+00:00,32.6,Fitzroy Gardens,507,22.3,96.9,-37.8149218,144.9822582,ENV,REAL_507,Real sensor series - Fitzroy Gardens - board 507,42,real_sensor_board_507,32.53592948998758,0,normal
2014-12-21 05:25:00+00:00,33.2,Fitzroy Gardens,507,20.5,97.1,-37.8149218,144.9822582,ENV,REAL_507,Real sensor series - Fitzroy Gardens - board 507,42,real_sensor_board_507,32.54874359199007,0,normal
2014-12-21 05:35:00+00:00,33.9,Fitzroy Gardens,507,19.8,96.5,-37.8149218,144.9822582,ENV,REAL_507,Real sensor series - Fitzroy Gardens - board 507,42,real_sensor_board_507,32.558994873592056,0,normal
2014-12-21 05:45:00+00:00,34.2,Fitzroy Gardens,507,20.5,97.3,-37.8149218,144.9822582,ENV,REAL_507,Real sensor series - Fitzroy Gardens - board 507,42,real_sensor_board_507,32.56719589887365,0,normal
2014-12-21 05:55:00+00:00,34.5,Fitzroy Gardens,507,20.2,96.2,-37.8149218,144.9822582,ENV,REAL_507,Real sensor series - Fitzroy Gardens - board 507,42,real_sensor_board_507,32.573756719098924,0,normal
2014-12-21 06:05:00+00:00,31.6,Fitzroy Gardens,507,22.6,94.4,-37.8149218,144.9822582,ENV,REAL_507,Real sensor series - Fitzroy Gardens - board 507,42,real_sensor_board_507,32.37900537527914,0,normal
2014-12-21 06:15:00+00:00,30.0,Fitzroy Gardens,507,26.1,96.0,-37.8149218,144.9822582,ENV,REAL_507,Real sensor series - Fitzroy Gardens - board 507,42,real_sensor_board_507,31.903204300223315,0,normal
2014-12-21 06:25:00+00:00,29.7,Fitzroy Gardens,507,29.4,96.2,-37.8149218,144.9822582,ENV,REAL_507,Real sensor series - Fitzroy Gardens - board 507,42,real_sensor_board_507,31.462563440178656,1,weak_multivariate_excursion
2014-12-21 06:35:00+00:00,27.4,Fitzroy Gardens,507,35.1,93.6,-37.8149218,144.9822582,ENV,REAL_507,Real sensor series - Fitzroy Gardens - board 507,42,real_sensor_board_507,30.91005075214293,1,weak_multivariate_excursion
2014-12-21 06:45:00+00:00,26.5,Fitzroy Gardens,507,37.1,93.8,-37.8149218,144.9822582,ENV,REAL_507,Real sensor series - Fitzroy Gardens - board 507,42,real_sensor_board_507,30.468040601714343,1,weak_multivariate_excursion
2014-12-21 06:55:00+00:00,26.5,Fitzroy Gardens,507,39.8,93.7,-37.8149218,144.9822582,ENV,REAL_507,Real sensor series - Fitzroy Gardens - board 507,42,real_sensor_board_507,30.054432481371474,0,normal
2014-12-21 07:05:00+00:00,27.1,Fitzroy Gardens,507,41.2,93.5,-37.8149218,144.9822582,ENV,REAL_507,Real sensor series - Fitzroy Gardens - board 507,42,real_sensor_board_507,29.663545985097183,0,normal
2014-12-21 07:15:00+00:00,27.4,Fitzroy Gardens,507,40.3,93.6,-37.8149218,144.9822582,ENV,REAL_507,Real sensor series - Fitzroy Gardens - board 507,42,real_sensor_board_507,29.21083678807775,0,normal
2014-12-21 07:25:00+00:00,28.7,Fitzroy Gardens,507,31.1,93.7,-37.8149218,144.9822582,ENV,REAL_507,Real sensor series - Fitzroy Gardens - board 507,42,real_sensor_board_507,28.848669430462202,0,normal
2014-12-21 07:35:00+00:00,28.7,Fitzroy Gardens,507,29.7,93.1,-37.8149218,144.9822582,ENV,REAL_507,Real sensor series - Fitzroy Gardens - board 507,42,real_sensor_board_507,28.498935544369765,0,normal
2014-12-21 07:50:00+00:00,28.4,Fitzroy Gardens,507,29.8,89.6,-37.8149218,144.9822582,ENV,REAL_507,Real sensor series - Fitzroy Gardens - board 507,42,real_sensor_board_507,28.159148435495812,0,normal
2014-12-21 08:00:00+00:00,28.1,Fitzroy Gardens,507,30.2,88.9,-37.8149218,144.9822582,ENV,REAL_507,Real sensor series - Fitzroy Gardens - board 507,42,real_sensor_board_507,27.827318748396653,0,normal
2014-12-21 08:10:00+00:00,26.1,Fitzroy Gardens,507,40.9,92.1,-37.8149218,144.9822582,ENV,REAL_507,Real sensor series - Fitzroy Gardens - board 507,42,real_sensor_board_507,27.561854998717326,0,normal
2014-12-21 08:20:00+00:00,26.8,Fitzroy Gardens,507,40.6,91.8,-37.8149218,144.9822582,ENV,REAL_507,Real sensor series - Fitzroy Gardens - board 507,42,real_sensor_board_507,27.349483998973863,0,normal
2014-12-21 08:30:00+00:00,26.5,Fitzroy Gardens,507,38.0,88.7,-37.8149218,144.9822582,ENV,REAL_507,Real sensor series - Fitzroy Gardens - board 507,42,real_sensor_board_507,27.09958719917909,0,normal
2014-12-21 08:40:00+00:00,26.1,Fitzroy Gardens,507,34.4,82.7,-37.8149218,144.9822582,ENV,REAL_507,Real sensor series - Fitzroy Gardens - board 507,42,real_sensor_board_507,26.899669759343276,0,normal
2014-12-21 08:50:00+00:00,26.1,Fitzroy Gardens,507,32.8,83.0,-37.8149218,144.9822582,ENV,REAL_507,Real sensor series - Fitzroy Gardens - board 507,42,real_sensor_board_507,26.739735807474624,0,normal
2014-12-21 09:00:00+00:00,25.5,Fitzroy Gardens,507,32.7,80.8,-37.8149218,144.9822582,ENV,REAL_507,Real sensor series - Fitzroy Gardens - board 507,42,real_sensor_board_507,26.491788645979703,0,normal
2014-12-21 09:10:00+00:00,25.5,Fitzroy Gardens,507,32.4,79.0,-37.8149218,144.9822582,ENV,REAL_507,Real sensor series - Fitzroy Gardens - board 507,42,real_sensor_board_507,26.293430916783766,0,normal
2014-12-21 09:20:00+00:00,25.2,Fitzroy Gardens,507,31.3,72.0,-37.8149218,144.9822582,ENV,REAL_507,Real sensor series - Fitzroy Gardens - board 507,42,real_sensor_board_507,26.074744733427014,0,normal
2014-12-21 09:30:00+00:00,25.2,Fitzroy Gardens,507,31.6,66.6,-37.8149218,144.9822582,ENV,REAL_507,Real sensor series - Fitzroy Gardens - board 507,42,real_sensor_board_507,25.899795786741613,1,weak_multivariate_excursion
2014-12-21 09:40:00+00:00,24.8,Fitzroy Gardens,507,32.5,40.2,-37.8149218,144.9822582,ENV,REAL_507,Real sensor series - Fitzroy Gardens - board 507,42,real_sensor_board_507,25.679836629393293,1,weak_multivariate_excursion
2014-12-21 09:50:00+00:00,24.8,Fitzroy Gardens,507,33.8,18.4,-37.8149218,144.9822582,ENV,REAL_507,Real sensor series - Fitzroy Gardens - board 507,42,real_sensor_board_507,25.503869303514637,1,weak_multivariate_excursion
2014-12-21 10:00:00+00:00,24.5,Fitzroy Gardens,507,34.7,4.3,-37.8149218,144.9822582,ENV,REAL_507,Real sensor series - Fitzroy Gardens - board 507,42,real_sensor_board_507,25.30309544281171,1,weak_multivariate_excursion
2014-12-21 10:10:00+00:00,22.6,Fitzroy Gardens,507,47.2,1.4,-37.8149218,144.9822582,ENV,REAL_507,Real sensor series - Fitzroy Gardens - board 507,42,real_sensor_board_507,24.76247635424937,1,weak_multivariate_excursion
2014-12-21 10:20:00+00:00,21.6,Fitzroy Gardens,507,50.7,0.9,-37.8149218,144.9822582,ENV,REAL_507,Real sensor series - Fitzroy Gardens - board 507,42,real_sensor_board_507,24.129981083399496,0,normal
2014-12-21 10:30:00+00:00,21.3,Fitzroy Gardens,507,51.9,0.8,-37.8149218,144.9822582,ENV,REAL_507,Real sensor series - Fitzroy Gardens - board 507,42,real_sensor_board_507,23.5639848667196,0,normal
2014-12-21 10:40:00+00:00,21.3,Fitzroy Gardens,507,51.8,0.8,-37.8149218,144.9822582,ENV,REAL_507,Real sensor series - Fitzroy Gardens - board 507,42,real_sensor_board_507,23.111187893375682,0,normal
2014-12-21 10:55:00+00:00,21.0,Fitzroy Gardens,507,50.8,0.7,-37.8149218,144.9822582,ENV,REAL_507,Real sensor series - Fitzroy Gardens - board 507,42,real_sensor_board_507,22.748950314700547,0,normal
2014-12-21 11:05:00+00:00,21.3,Fitzroy Gardens,507,46.9,0.8,-37.8149218,144.9822582,ENV,REAL_507,Real sensor series - Fitzroy Gardens - board 507,42,real_sensor_board_507,22.45916025176044,0,normal
2014-12-21 11:15:00+00:00,21.0,Fitzroy Gardens,507,45.8,0.7,-37.8149218,144.9822582,ENV,REAL_507,Real sensor series - Fitzroy Gardens - board 507,42,real_sensor_board_507,22.167328201408353,0,normal
2014-12-21 11:25:00+00:00,21.3,Fitzroy Gardens,507,42.8,0.7,-37.8149218,144.9822582,ENV,REAL_507,Real sensor series - Fitzroy Gardens - board 507,42,real_sensor_board_507,21.93386256112668,0,normal
2014-12-21 11:35:00+00:00,20.3,Fitzroy Gardens,507,53.5,0.8,-37.8149218,144.9822582,ENV,REAL_507,Real sensor series - Fitzroy Gardens - board 507,42,real_sensor_board_507,21.607090048901348,0,normal
2014-12-21 11:45:00+00:00,19.0,Fitzroy Gardens,507,59.8,0.8,-37.8149218,144.9822582,ENV,REAL_507,Real sensor series - Fitzroy Gardens - board 507,42,real_sensor_board_507,21.08567203912108,0,normal
2014-12-21 11:55:00+00:00,18.7,Fitzroy Gardens,507,60.3,0.9,-37.8149218,144.9822582,ENV,REAL_507,Real sensor series - Fitzroy Gardens - board 507,42,real_sensor_board_507,20.608537631296862,0,normal
2014-12-21 12:05:00+00:00,18.7,Fitzroy Gardens,507,60.1,0.9,-37.8149218,144.9822582,ENV,REAL_507,Real sensor series - Fitzroy Gardens - board 507,42,real_sensor_board_507,20.226830105037493,0,normal
2014-12-21 12:15:00+00:00,18.7,Fitzroy Gardens,507,61.1,0.8,-37.8149218,144.9822582,ENV,REAL_507,Real sensor series - Fitzroy Gardens - board 507,42,real_sensor_board_507,19.921464084029992,0,normal
2014-12-21 12:25:00+00:00,18.7,Fitzroy Gardens,507,61.1,0.8,-37.8149218,144.9822582,ENV,REAL_507,Real sensor series - Fitzroy Gardens - board 507,42,real_sensor_board_507,19.677171267223997,0,normal
2014-12-21 12:35:00+00:00,18.4,Fitzroy Gardens,507,61.5,0.9,-37.8149218,144.9822582,ENV,REAL_507,Real sensor series - Fitzroy Gardens - board 507,42,real_sensor_board_507,19.4217370137792,0,normal
2014-12-21 12:45:00+00:00,18.4,Fitzroy Gardens,507,62.2,0.9,-37.8149218,144.9822582,ENV,REAL_507,Real sensor series - Fitzroy Gardens - board 507,42,real_sensor_board_507,19.21738961102336,0,normal
2014-12-21 12:55:00+00:00,18.4,Fitzroy Gardens,507,62.0,0.9,-37.8149218,144.9822582,ENV,REAL_507,Real sensor series - Fitzroy Gardens - board 507,42,real_sensor_board_507,19.053911688818687,0,normal
2014-12-21 13:05:00+00:00,18.1,Fitzroy Gardens,507,62.3,0.9,-37.8149218,144.9822582,ENV,REAL_507,Real sensor series - Fitzroy Gardens - board 507,42,real_sensor_board_507,18.86312935105495,0,normal
2014-12-21 13:15:00+00:00,18.1,Fitzroy Gardens,507,61.9,0.8,-37.8149218,144.9822582,ENV,REAL_507,Real sensor series - Fitzroy Gardens - board 507,42,real_sensor_board_507,18.71050348084396,0,normal
2014-12-21 13:25:00+00:00,18.1,Fitzroy Gardens,507,61.7,0.9,-37.8149218,144.9822582,ENV,REAL_507,Real sensor series - Fitzroy Gardens - board 507,42,real_sensor_board_507,18.58840278467517,0,normal
2014-12-21 13:35:00+00:00,17.7,Fitzroy Gardens,507,62.6,0.9,-37.8149218,144.9822582,ENV,REAL_507,Real sensor series - Fitzroy Gardens - board 507,42,real_sensor_board_507,18.410722227740138,0,normal
2014-12-21 13:45:00+00:00,17.4,Fitzroy Gardens,507,63.9,0.9,-37.8149218,144.9822582,ENV,REAL_507,Real sensor series - Fitzroy Gardens - board 507,42,real_sensor_board_507,18.208577782192112,0,normal
2014-12-21 13:55:00+00:00,17.4,Fitzroy Gardens,507,65.0,0.9,-37.8149218,144.9822582,ENV,REAL_507,Real sensor series - Fitzroy Gardens - board 507,42,real_sensor_board_507,18.04686222575369,0,normal
2014-12-21 14:10:00+00:00,17.4,Fitzroy Gardens,507,64.5,0.9,-37.8149218,144.9822582,ENV,REAL_507,Real sensor series - Fitzroy Gardens - board 507,42,real_sensor_board_507,17.917489780602953,0,normal
2014-12-21 14:20:00+00:00,17.1,Fitzroy Gardens,507,65.8,0.9,-37.8149218,144.9822582,ENV,REAL_507,Real sensor series - Fitzroy Gardens - board 507,42,real_sensor_board_507,17.753991824482362,0,normal
2014-12-21 14:30:00+00:00,17.1,Fitzroy Gardens,507,65.5,0.9,-37.8149218,144.9822582,ENV,REAL_507,Real sensor series - Fitzroy Gardens - board 507,42,real_sensor_board_507,17.62319345958589,0,normal
2014-12-21 14:40:00+00:00,16.8,Fitzroy Gardens,507,66.0,0.9,-37.8149218,144.9822582,ENV,REAL_507,Real sensor series - Fitzroy Gardens - board 507,42,real_sensor_board_507,17.518554767668714,0,normal
2014-12-21 14:50:00+00:00,17.1,Fitzroy Gardens,507,65.6,0.9,-37.8149218,144.9822582,ENV,REAL_507,Real sensor series - Fitzroy Gardens - board 507,42,real_sensor_board_507,17.43484381413497,0,normal
2014-12-21 15:00:00+00:00,17.1,Fitzroy Gardens,507,65.5,0.9,-37.8149218,144.9822582,ENV,REAL_507,Real sensor series - Fitzroy Gardens - board 507,42,real_sensor_board_507,17.36787505130798,0,normal
2014-12-21 15:10:00+00:00,17.1,Fitzroy Gardens,507,63.7,0.9,-37.8149218,144.9822582,ENV,REAL_507,Real sensor series - Fitzroy Gardens - board 507,42,real_sensor_board_507,17.314300041046387,0,normal
2014-12-21 15:20:00+00:00,17.1,Fitzroy Gardens,507,63.1,0.9,-37.8149218,144.9822582,ENV,REAL_507,Real sensor series - Fitzroy Gardens - board 507,42,real_sensor_board_507,17.271440032837113,0,normal
2014-12-21 15:30:00+00:00,17.1,Fitzroy Gardens,507,62.3,0.9,-37.8149218,144.9822582,ENV,REAL_507,Real sensor series - Fitzroy Gardens - board 507,42,real_sensor_board_507,17.23715202626969,0,normal
2014-12-21 15:40:00+00:00,17.1,Fitzroy Gardens,507,62.0,0.9,-37.8149218,144.9822582,ENV,REAL_507,Real sensor series - Fitzroy Gardens - board 507,42,real_sensor_board_507,17.209721621015753,0,normal
2014-12-21 15:50:00+00:00,17.1,Fitzroy Gardens,507,61.7,0.9,-37.8149218,144.9822582,ENV,REAL_507,Real sensor series - Fitzroy Gardens - board 507,42,real_sensor_board_507,17.187777296812605,0,normal
2014-12-21 16:00:00+00:00,17.1,Fitzroy Gardens,507,61.7,0.9,-37.8149218,144.9822582,ENV,REAL_507,Real sensor series - Fitzroy Gardens - board 507,42,real_sensor_board_507,17.170221837450086,0,normal
2014-12-21 16:10:00+00:00,17.1,Fitzroy Gardens,507,61.5,0.9,-37.8149218,144.9822582,ENV,REAL_507,Real sensor series - Fitzroy Gardens - board 507,42,real_sensor_board_507,17.096177469960068,0,normal
2014-12-21 16:20:00+00:00,16.8,Fitzroy Gardens,507,63.0,0.9,-37.8149218,144.9822582,ENV,REAL_507,Real sensor series - Fitzroy Gardens - board 507,42,real_sensor_board_507,17.036941975968055,0,normal
2014-12-21 16:30:00+00:00,16.5,Fitzroy Gardens,507,62.6,0.9,-37.8149218,144.9822582,ENV,REAL_507,Real sensor series - Fitzroy Gardens - board 507,42,real_sensor_board_507,16.989553580774444,0,normal
2014-12-21 16:40:00+00:00,16.8,Fitzroy Gardens,507,62.3,0.9,-37.8149218,144.9822582,ENV,REAL_507,Real sensor series - Fitzroy Gardens - board 507,42,real_sensor_board_507,16.951642864619558,0,normal
2014-12-21 16:50:00+00:00,16.8,Fitzroy Gardens,507,62.0,0.9,-37.8149218,144.9822582,ENV,REAL_507,Real sensor series - Fitzroy Gardens - board 507,42,real_sensor_board_507,16.921314291695648,0,normal
2014-12-21 17:00:00+00:00,16.8,Fitzroy Gardens,507,62.6,0.9,-37.8149218,144.9822582,ENV,REAL_507,Real sensor series - Fitzroy Gardens - board 507,42,real_sensor_board_507,16.89705143335652,0,normal
2014-12-21 17:10:00+00:00,16.1,Fitzroy Gardens,507,63.0,0.9,-37.8149218,144.9822582,ENV,REAL_507,Real sensor series - Fitzroy Gardens - board 507,42,real_sensor_board_507,16.877641146685217,0,normal
2014-12-21 17:25:00+00:00,16.1,Fitzroy Gardens,507,63.7,0.9,-37.8149218,144.9822582,ENV,REAL_507,Real sensor series - Fitzroy Gardens - board 507,42,real_sensor_board_507,16.862112917348174,0,normal
2014-12-21 17:35:00+00:00,16.8,Fitzroy Gardens,507,62.6,0.9,-37.8149218,144.9822582,ENV,REAL_507,Real sensor series - Fitzroy Gardens - board 507,42,real_sensor_board_507,16.84969033387854,0,normal
2014-12-21 17:45:00+00:00,16.1,Fitzroy Gardens,507,63.6,0.9,-37.8149218,144.9822582,ENV,REAL_507,Real sensor series - Fitzroy Gardens - board 507,42,real_sensor_board_507,16.839752267102835,0,normal
2014-12-21 17:55:00+00:00,15.8,Fitzroy Gardens,507,64.2,0.9,-37.8149218,144.9822582,ENV,REAL_507,Real sensor series - Fitzroy Gardens - board 507,42,real_sensor_board_507,16.83180181368227,0,normal
2014-12-21 18:05:00+00:00,16.1,Fitzroy Gardens,507,64.9,1.0,-37.8149218,144.9822582,ENV,REAL_507,Real sensor series - Fitzroy Gardens - board 507,42,real_sensor_board_507,16.825441450945817,0,normal
2014-12-21 18:15:00+00:00,16.1,Fitzroy Gardens,507,65.0,1.4,-37.8149218,144.9822582,ENV,REAL_507,Real sensor series - Fitzroy Gardens - board 507,42,real_sensor_board_507,16.820353160756653,0,normal
2014-12-21 18:25:00+00:00,16.8,Fitzroy Gardens,507,63.6,2.8,-37.8149218,144.9822582,ENV,REAL_507,Real sensor series - Fitzroy Gardens - board 507,42,real_sensor_board_507,16.816282528605324,0,normal
2014-12-21 18:35:00+00:00,16.8,Fitzroy Gardens,507,61.4,10.5,-37.8149218,144.9822582,ENV,REAL_507,Real sensor series - Fitzroy Gardens - board 507,42,real_sensor_board_507,16.81302602288426,1,weak_multivariate_excursion
2014-12-21 18:45:00+00:00,16.5,Fitzroy Gardens,507,61.1,28.1,-37.8149218,144.9822582,ENV,REAL_507,Real sensor series - Fitzroy Gardens - board 507,42,real_sensor_board_507,16.810420818307406,1,weak_multivariate_excursion
2014-12-21 18:55:00+00:00,16.5,Fitzroy Gardens,507,61.2,49.0,-37.8149218,144.9822582,ENV,REAL_507,Real sensor series - Fitzroy Gardens - board 507,42,real_sensor_board_507,16.808336654645927,1,weak_multivariate_excursion
2014-12-21 19:05:00+00:00,16.5,Fitzroy Gardens,507,61.4,59.6,-37.8149218,144.9822582,ENV,REAL_507,Real sensor series - Fitzroy Gardens - board 507,42,real_sensor_board_507,16.806669323716743,1,weak_multivariate_excursion
2014-12-21 19:15:00+00:00,16.5,Fitzroy Gardens,507,61.9,68.6,-37.8149218,144.9822582,ENV,REAL_507,Real sensor series - Fitzroy Gardens - board 507,42,real_sensor_board_507,16.805335458973396,0,normal
2014-12-21 19:25:00+00:00,16.8,Fitzroy Gardens,507,61.2,73.7,-37.8149218,144.9822582,ENV,REAL_507,Real sensor series - Fitzroy Gardens - board 507,42,real_sensor_board_507,16.804268367178718,0,normal
2014-12-21 19:35:00+00:00,16.8,Fitzroy Gardens,507,61.9,69.7,-37.8149218,144.9822582,ENV,REAL_507,Real sensor series - Fitzroy Gardens - board 507,42,real_sensor_board_507,16.803414693742976,0,normal
2014-12-21 19:45:00+00:00,16.8,Fitzroy Gardens,507,61.7,73.9,-37.8149218,144.9822582,ENV,REAL_507,Real sensor series - Fitzroy Gardens - board 507,42,real_sensor_board_507,16.802731754994383,0,normal
2014-12-21 19:55:00+00:00,16.8,Fitzroy Gardens,507,61.9,85.0,-37.8149218,144.9822582,ENV,REAL_507,Real sensor series - Fitzroy Gardens - board 507,42,real_sensor_board_507,16.80218540399551,0,normal
2014-12-21 20:05:00+00:00,16.8,Fitzroy Gardens,507,62.0,81.0,-37.8149218,144.9822582,ENV,REAL_507,Real sensor series - Fitzroy Gardens - board 507,42,real_sensor_board_507,16.801748323196406,0,normal
2014-12-21 20:15:00+00:00,17.1,Fitzroy Gardens,507,61.5,88.2,-37.8149218,144.9822582,ENV,REAL_507,Real sensor series - Fitzroy Gardens - board 507,42,real_sensor_board_507,16.86139865855713,0,normal
2014-12-21 20:25:00+00:00,17.1,Fitzroy Gardens,507,61.5,89.3,-37.8149218,144.9822582,ENV,REAL_507,Real sensor series - Fitzroy Gardens - board 507,42,real_sensor_board_507,16.909118926845704,0,normal
2014-12-21 20:40:00+00:00,17.4,Fitzroy Gardens,507,60.1,91.0,-37.8149218,144.9822582,ENV,REAL_507,Real sensor series - Fitzroy Gardens - board 507,42,real_sensor_board_507,17.007295141476565,0,normal
2014-12-21 20:50:00+00:00,17.4,Fitzroy Gardens,507,60.0,91.4,-37.8149218,144.9822582,ENV,REAL_507,Real sensor series - Fitzroy Gardens - board 507,42,real_sensor_board_507,17.08583611318125,0,normal
2014-12-21 21:00:00+00:00,18.4,Fitzroy Gardens,507,58.5,94.3,-37.8149218,144.9822582,ENV,REAL_507,Real sensor series - Fitzroy Gardens - board 507,42,real_sensor_board_507,17.348668890545,0,normal
2014-12-21 21:10:00+00:00,18.7,Fitzroy Gardens,507,57.8,93.9,-37.8149218,144.9822582,ENV,REAL_507,Real sensor series - Fitzroy Gardens - board 507,42,real_sensor_board_507,17.618935112436,0,normal
2014-12-21 21:20:00+00:00,19.4,Fitzroy Gardens,507,56.8,95.3,-37.8149218,144.9822582,ENV,REAL_507,Real sensor series - Fitzroy Gardens - board 507,42,real_sensor_board_507,17.835148089948802,0,normal
2014-12-21 21:30:00+00:00,18.7,Fitzroy Gardens,507,55.7,94.5,-37.8149218,144.9822582,ENV,REAL_507,Real sensor series - Fitzroy Gardens - board 507,42,real_sensor_board_507,18.008118471959044,0,normal
2014-12-21 21:40:00+00:00,18.7,Fitzroy Gardens,507,56.3,94.6,-37.8149218,144.9822582,ENV,REAL_507,Real sensor series - Fitzroy Gardens - board 507,42,real_sensor_board_507,18.286494777567235,0,normal
2014-12-21 21:50:00+00:00,19.7,Fitzroy Gardens,507,55.4,95.4,-37.8149218,144.9822582,ENV,REAL_507,Real sensor series - Fitzroy Gardens - board 507,42,real_sensor_board_507,18.56919582205379,0,normal
2014-12-21 22:00:00+00:00,19.7,Fitzroy Gardens,507,54.8,95.3,-37.8149218,144.9822582,ENV,REAL_507,Real sensor series - Fitzroy Gardens - board 507,42,real_sensor_board_507,18.795356657643033,0,normal
2014-12-21 22:10:00+00:00,20.0,Fitzroy Gardens,507,54.6,95.6,-37.8149218,144.9822582,ENV,REAL_507,Real sensor series - Fitzroy Gardens - board 507,42,real_sensor_board_507,19.036285326114427,0,normal
2014-12-21 22:20:00+00:00,21.0,Fitzroy Gardens,507,51.8,95.7,-37.8149218,144.9822582,ENV,REAL_507,Real sensor series - Fitzroy Gardens - board 507,42,real_sensor_board_507,19.429028260891542,0,normal
2014-12-21 22:30:00+00:00,21.9,Fitzroy Gardens,507,50.0,96.3,-37.8149218,144.9822582,ENV,REAL_507,Real sensor series - Fitzroy Gardens - board 507,42,real_sensor_board_507,19.803222608713234,0,normal
2014-12-21 22:40:00+00:00,21.3,Fitzroy Gardens,507,48.3,96.6,-37.8149218,144.9822582,ENV,REAL_507,Real sensor series - Fitzroy Gardens - board 507,42,real_sensor_board_507,20.10257808697059,0,normal
2014-12-21 22:50:00+00:00,21.6,Fitzroy Gardens,507,49.4,96.6,-37.8149218,144.9822582,ENV,REAL_507,Real sensor series - Fitzroy Gardens - board 507,42,real_sensor_board_507,20.40206246957647,0,normal
2014-12-21 23:00:00+00:00,22.3,Fitzroy Gardens,507,48.1,97.1,-37.8149218,144.9822582,ENV,REAL_507,Real sensor series - Fitzroy Gardens - board 507,42,real_sensor_board_507,20.701649975661176,0,normal
2014-12-21 23:10:00+00:00,24.5,Fitzroy Gardens,507,46.2,97.9,-37.8149218,144.9822582,ENV,REAL_507,Real sensor series - Fitzroy Gardens - board 507,42,real_sensor_board_507,21.021319980528943,0,normal
2014-12-21 23:20:00+00:00,25.2,Fitzroy Gardens,507,45.6,98.0,-37.8149218,144.9822582,ENV,REAL_507,Real sensor series - Fitzroy Gardens - board 507,42,real_sensor_board_507,21.397055984423154,0,normal
2014-12-21 23:30:00+00:00,21.3,Fitzroy Gardens,507,50.7,96.9,-37.8149218,144.9822582,ENV,REAL_507,Real sensor series - Fitzroy Gardens - board 507,42,real_sensor_board_507,21.697644787538522,0,normal
2014-12-21 23:45:00+00:00,23.5,Fitzroy Gardens,507,47.8,96.6,-37.8149218,144.9822582,ENV,REAL_507,Real sensor series - Fitzroy Gardens - board 507,42,real_sensor_board_507,21.938115830030817,0,normal
2014-12-21 23:55:00+00:00,24.5,Fitzroy Gardens,507,46.4,98.0,-37.8149218,144.9822582,ENV,REAL_507,Real sensor series - Fitzroy Gardens - board 507,42,real_sensor_board_507,22.130492664024658,0,normal
2014-12-22 00:05:00+00:00,26.1,Fitzroy Gardens,507,44.5,97.9,-37.8149218,144.9822582,ENV,REAL_507,Real sensor series - Fitzroy Gardens - board 507,42,real_sensor_board_507,22.284394131219727,0,normal
2014-12-22 00:15:00+00:00,24.5,Fitzroy Gardens,507,46.7,97.9,-37.8149218,144.9822582,ENV,REAL_507,Real sensor series - Fitzroy Gardens - board 507,42,real_sensor_board_507,22.40751530497578,0,normal
2014-12-22 00:25:00+00:00,26.1,Fitzroy Gardens,507,45.3,97.8,-37.8149218,144.9822582,ENV,REAL_507,Real sensor series - Fitzroy Gardens - board 507,42,real_sensor_board_507,22.506012243980628,0,normal
2014-12-22 00:35:00+00:00,25.5,Fitzroy Gardens,507,45.1,97.8,-37.8149218,144.9822582,ENV,REAL_507,Real sensor series - Fitzroy Gardens - board 507,42,real_sensor_board_507,22.584809795184505,0,normal
2014-12-22 00:45:00+00:00,24.8,Fitzroy Gardens,507,47.3,97.7,-37.8149218,144.9822582,ENV,REAL_507,Real sensor series - Fitzroy Gardens - board 507,42,real_sensor_board_507,22.707847836147604,0,normal
2014-12-22 00:55:00+00:00,24.8,Fitzroy Gardens,507,46.4,97.5,-37.8149218,144.9822582,ENV,REAL_507,Real sensor series - Fitzroy Gardens - board 507,42,real_sensor_board_507,22.806278268918085,0,normal
2014-12-22 01:05:00+00:00,24.2,Fitzroy Gardens,507,48.1,97.2,-37.8149218,144.9822582,ENV,REAL_507,Real sensor series - Fitzroy Gardens - board 507,42,real_sensor_board_507,22.94502261513447,0,normal
2014-12-22 01:15:00+00:00,24.2,Fitzroy Gardens,507,48.9,96.9,-37.8149218,144.9822582,ENV,REAL_507,Real sensor series - Fitzroy Gardens - board 507,42,real_sensor_board_507,23.056018092107575,0,normal
2014-12-22 01:25:00+00:00,23.5,Fitzroy Gardens,507,48.6,97.0,-37.8149218,144.9822582,ENV,REAL_507,Real sensor series - Fitzroy Gardens - board 507,42,real_sensor_board_507,23.14481447368606,0,normal
2014-12-22 01:35:00+00:00,23.5,Fitzroy Gardens,507,47.8,97.0,-37.8149218,144.9822582,ENV,REAL_507,Real sensor series - Fitzroy Gardens - board 507,42,real_sensor_board_507,23.21585157894885,0,normal
2014-12-22 01:45:00+00:00,22.9,Fitzroy Gardens,507,48.9,96.9,-37.8149218,144.9822582,ENV,REAL_507,Real sensor series - Fitzroy Gardens - board 507,42,real_sensor_board_507,23.27268126315908,0,normal
2014-12-22 01:55:00+00:00,23.2,Fitzroy Gardens,507,49.2,96.9,-37.8149218,144.9822582,ENV,REAL_507,Real sensor series - Fitzroy Gardens - board 507,42,real_sensor_board_507,23.318145010527264,0,normal
2014-12-22 02:05:00+00:00,22.9,Fitzroy Gardens,507,50.2,96.9,-37.8149218,144.9822582,ENV,REAL_507,Real sensor series - Fitzroy Gardens - board 507,42,real_sensor_board_507,23.35451600842181,0,normal
2014-12-22 02:15:00+00:00,21.3,Fitzroy Gardens,507,52.9,96.9,-37.8149218,144.9822582,ENV,REAL_507,Real sensor series - Fitzroy Gardens - board 507,42,real_sensor_board_507,23.38361280673745,0,normal
2014-12-22 02:25:00+00:00,21.3,Fitzroy Gardens,507,53.0,96.7,-37.8149218,144.9822582,ENV,REAL_507,Real sensor series - Fitzroy Gardens - board 507,42,real_sensor_board_507,23.40689024538996,0,normal
2014-12-22 02:35:00+00:00,22.3,Fitzroy Gardens,507,52.1,96.3,-37.8149218,144.9822582,ENV,REAL_507,Real sensor series - Fitzroy Gardens - board 507,42,real_sensor_board_507,23.425512196311967,0,normal
2014-12-22 02:45:00+00:00,22.3,Fitzroy Gardens,507,52.7,96.4,-37.8149218,144.9822582,ENV,REAL_507,Real sensor series - Fitzroy Gardens - board 507,42,real_sensor_board_507,23.440409757049572,0,normal
2014-12-22 03:00:00+00:00,21.9,Fitzroy Gardens,507,53.0,96.5,-37.8149218,144.9822582,ENV,REAL_507,Real sensor series - Fitzroy Gardens - board 507,42,real_sensor_board_507,23.39232780563966,0,normal
2014-12-22 03:10:00+00:00,22.9,Fitzroy Gardens,507,52.4,96.6,-37.8149218,144.9822582,ENV,REAL_507,Real sensor series - Fitzroy Gardens - board 507,42,real_sensor_board_507,23.353862244511728,0,normal
2014-12-22 03:20:00+00:00,23.2,Fitzroy Gardens,507,51.6,96.6,-37.8149218,144.9822582,ENV,REAL_507,Real sensor series - Fitzroy Gardens - board 507,42,real_sensor_board_507,23.323089795609384,0,normal
2014-12-22 03:30:00+00:00,24.2,Fitzroy Gardens,507,48.8,96.3,-37.8149218,144.9822582,ENV,REAL_507,Real sensor series - Fitzroy Gardens - board 507,42,real_sensor_board_507,23.298471836487508,0,normal
2014-12-22 03:40:00+00:00,23.9,Fitzroy Gardens,507,50.2,96.1,-37.8149218,144.9822582,ENV,REAL_507,Real sensor series - Fitzroy Gardens - board 507,42,real_sensor_board_507,23.21877746919001,0,normal
2014-12-22 03:50:00+00:00,23.5,Fitzroy Gardens,507,50.7,95.5,-37.8149218,144.9822582,ENV,REAL_507,Real sensor series - Fitzroy Gardens - board 507,42,real_sensor_board_507,23.155021975352007,0,normal
2014-12-22 04:00:00+00:00,22.6,Fitzroy Gardens,507,53.0,95.2,-37.8149218,144.9822582,ENV,REAL_507,Real sensor series - Fitzroy Gardens - board 507,42,real_sensor_board_507,23.104017580281607,0,normal
2014-12-22 04:10:00+00:00,22.9,Fitzroy Gardens,507,53.5,95.4,-37.8149218,144.9822582,ENV,REAL_507,Real sensor series - Fitzroy Gardens - board 507,42,real_sensor_board_507,23.063214064225285,0,normal
2014-12-22 04:20:00+00:00,23.2,Fitzroy Gardens,507,51.8,95.5,-37.8149218,144.9822582,ENV,REAL_507,Real sensor series - Fitzroy Gardens - board 507,42,real_sensor_board_507,23.03057125138023,0,normal
2014-12-22 04:30:00+00:00,23.5,Fitzroy Gardens,507,50.3,96.1,-37.8149218,144.9822582,ENV,REAL_507,Real sensor series - Fitzroy Gardens - board 507,42,real_sensor_board_507,22.944457001104183,0,normal
2014-12-22 04:40:00+00:00,24.2,Fitzroy Gardens,507,50.0,95.6,-37.8149218,144.9822582,ENV,REAL_507,Real sensor series - Fitzroy Gardens - board 507,42,real_sensor_board_507,22.87556560088335,0,normal
2014-12-22 04:50:00+00:00,23.5,Fitzroy Gardens,507,50.2,95.1,-37.8149218,144.9822582,ENV,REAL_507,Real sensor series - Fitzroy Gardens - board 507,42,real_sensor_board_507,22.76045248070668,0,normal
2014-12-22 05:00:00+00:00,23.9,Fitzroy Gardens,507,51.4,95.9,-37.8149218,144.9822582,ENV,REAL_507,Real sensor series - Fitzroy Gardens - board 507,42,real_sensor_board_507,22.668361984565344,0,normal
2014-12-22 05:10:00+00:00,23.2,Fitzroy Gardens,507,51.8,95.9,-37.8149218,144.9822582,ENV,REAL_507,Real sensor series - Fitzroy Gardens - board 507,42,real_sensor_board_507,22.594689587652276,0,normal
2014-12-22 05:20:00+00:00,22.9,Fitzroy Gardens,507,53.3,94.6,-37.8149218,144.9822582,ENV,REAL_507,Real sensor series - Fitzroy Gardens - board 507,42,real_sensor_board_507,22.535751670121822,0,normal
2014-12-22 05:30:00+00:00,22.6,Fitzroy Gardens,507,53.7,94.1,-37.8149218,144.9822582,ENV,REAL_507,Real sensor series - Fitzroy Gardens - board 507,42,real_sensor_board_507,22.48860133609746,0,normal
2014-12-22 05:40:00+00:00,21.9,Fitzroy Gardens,507,54.6,93.9,-37.8149218,144.9822582,ENV,REAL_507,Real sensor series - Fitzroy Gardens - board 507,42,real_sensor_board_507,22.45088106887797,0,normal
2014-12-22 05:50:00+00:00,21.9,Fitzroy Gardens,507,55.1,93.7,-37.8149218,144.9822582,ENV,REAL_507,Real sensor series - Fitzroy Gardens - board 507,42,real_sensor_board_507,22.340704855102373,0,normal
2014-12-22 06:00:00+00:00,22.3,Fitzroy Gardens,507,53.7,94.0,-37.8149218,144.9822582,ENV,REAL_507,Real sensor series - Fitzroy Gardens - board 507,42,real_sensor_board_507,22.252563884081898,0,normal
2014-12-22 06:15:00+00:00,21.9,Fitzroy Gardens,507,53.3,93.0,-37.8149218,144.9822582,ENV,REAL_507,Real sensor series - Fitzroy Gardens - board 507,42,real_sensor_board_507,22.18205110726552,0,normal
2014-12-22 06:25:00+00:00,21.9,Fitzroy Gardens,507,54.1,92.0,-37.8149218,144.9822582,ENV,REAL_507,Real sensor series - Fitzroy Gardens - board 507,42,real_sensor_board_507,22.125640885812416,0,normal
2014-12-22 06:35:00+00:00,21.6,Fitzroy Gardens,507,54.4,91.5,-37.8149218,144.9822582,ENV,REAL_507,Real sensor series - Fitzroy Gardens - board 507,42,real_sensor_board_507,22.020512708649935,0,normal
2014-12-22 06:45:00+00:00,21.3,Fitzroy Gardens,507,55.1,91.7,-37.8149218,144.9822582,ENV,REAL_507,Real sensor series - Fitzroy Gardens - board 507,42,real_sensor_board_507,21.93641016691995,0,normal
2014-12-22 06:55:00+00:00,21.6,Fitzroy Gardens,507,55.7,89.3,-37.8149218,144.9822582,ENV,REAL_507,Real sensor series - Fitzroy Gardens - board 507,42,real_sensor_board_507,21.86912813353596,0,normal
2014-12-22 07:05:00+00:00,21.3,Fitzroy Gardens,507,55.7,89.0,-37.8149218,144.9822582,ENV,REAL_507,Real sensor series - Fitzroy Gardens - board 507,42,real_sensor_board_507,21.81530250682877,0,normal
2014-12-22 07:15:00+00:00,21.6,Fitzroy Gardens,507,55.1,90.2,-37.8149218,144.9822582,ENV,REAL_507,Real sensor series - Fitzroy Gardens - board 507,42,real_sensor_board_507,21.71224200546302,0,normal
2014-12-22 07:25:00+00:00,21.6,Fitzroy Gardens,507,54.4,90.8,-37.8149218,144.9822582,ENV,REAL_507,Real sensor series - Fitzroy Gardens - board 507,42,real_sensor_board_507,21.629793604370416,0,normal
2014-12-22 07:35:00+00:00,21.3,Fitzroy Gardens,507,55.7,89.2,-37.8149218,144.9822582,ENV,REAL_507,Real sensor series - Fitzroy Gardens - board 507,42,real_sensor_board_507,21.563834883496334,0,normal
2014-12-22 07:45:00+00:00,21.3,Fitzroy Gardens,507,56.2,87.8,-37.8149218,144.9822582,ENV,REAL_507,Real sensor series - Fitzroy Gardens - board 507,42,real_sensor_board_507,21.51106790679707,0,normal
2014-12-22 07:55:00+00:00,21.3,Fitzroy Gardens,507,56.3,85.8,-37.8149218,144.9822582,ENV,REAL_507,Real sensor series - Fitzroy Gardens - board 507,42,real_sensor_board_507,21.468854325437658,0,normal
2014-12-22 08:05:00+00:00,21.3,Fitzroy Gardens,507,56.3,82.0,-37.8149218,144.9822582,ENV,REAL_507,Real sensor series - Fitzroy Gardens - board 507,42,real_sensor_board_507,21.43508346035013,0,normal
2014-12-22 08:15:00+00:00,21.0,Fitzroy Gardens,507,57.0,78.4,-37.8149218,144.9822582,ENV,REAL_507,Real sensor series - Fitzroy Gardens - board 507,42,real_sensor_board_507,21.408066768280104,0,normal
2014-12-22 08:25:00+00:00,21.0,Fitzroy Gardens,507,57.1,76.3,-37.8149218,144.9822582,ENV,REAL_507,Real sensor series - Fitzroy Gardens - board 507,42,real_sensor_board_507,21.386453414624086,0,normal
2014-12-22 08:35:00+00:00,21.0,Fitzroy Gardens,507,57.1,73.9,-37.8149218,144.9822582,ENV,REAL_507,Real sensor series - Fitzroy Gardens - board 507,42,real_sensor_board_507,21.36916273169927,0,normal
2014-12-22 08:45:00+00:00,21.3,Fitzroy Gardens,507,56.5,68.1,-37.8149218,144.9822582,ENV,REAL_507,Real sensor series - Fitzroy Gardens - board 507,42,real_sensor_board_507,21.355330185359417,0,normal
2014-12-22 08:55:00+00:00,21.3,Fitzroy Gardens,507,56.0,64.9,-37.8149218,144.9822582,ENV,REAL_507,Real sensor series - Fitzroy Gardens - board 507,42,real_sensor_board_507,21.344264148287536,0,normal
2014-12-22 09:05:00+00:00,21.3,Fitzroy Gardens,507,55.5,62.9,-37.8149218,144.9822582,ENV,REAL_507,Real sensor series - Fitzroy Gardens - board 507,42,real_sensor_board_507,21.33541131863003,0,normal
2014-12-22 09:15:00+00:00,21.3,Fitzroy Gardens,507,56.0,54.3,-37.8149218,144.9822582,ENV,REAL_507,Real sensor series - Fitzroy Gardens - board 507,42,real_sensor_board_507,21.328329054904025,1,weak_multivariate_excursion
2014-12-22 09:30:00+00:00,21.3,Fitzroy Gardens,507,56.0,35.4,-37.8149218,144.9822582,ENV,REAL_507,Real sensor series - Fitzroy Gardens - board 507,42,real_sensor_board_507,21.322663243923223,1,weak_multivariate_excursion
2014-12-22 09:40:00+00:00,21.0,Fitzroy Gardens,507,56.0,14.8,-37.8149218,144.9822582,ENV,REAL_507,Real sensor series - Fitzroy Gardens - board 507,42,real_sensor_board_507,21.31813059513858,1,weak_multivariate_excursion
2014-12-22 09:50:00+00:00,20.6,Fitzroy Gardens,507,58.5,8.0,-37.8149218,144.9822582,ENV,REAL_507,Real sensor series - Fitzroy Gardens - board 507,42,real_sensor_board_507,21.314504476110866,1,weak_multivariate_excursion
2014-12-22 10:00:00+00:00,20.6,Fitzroy Gardens,507,61.4,2.3,-37.8149218,144.9822582,ENV,REAL_507,Real sensor series - Fitzroy Gardens - board 507,42,real_sensor_board_507,21.311603580888693,0,normal
2014-12-22 10:10:00+00:00,18.4,Fitzroy Gardens,507,69.4,1.1,-37.8149218,144.9822582,ENV,REAL_507,Real sensor series - Fitzroy Gardens - board 507,42,real_sensor_board_507,21.30928286471096,0,normal
2014-12-22 10:20:00+00:00,19.0,Fitzroy Gardens,507,68.2,0.8,-37.8149218,144.9822582,ENV,REAL_507,Real sensor series - Fitzroy Gardens - board 507,42,real_sensor_board_507,21.30742629176877,0,normal
2014-12-22 10:30:00+00:00,19.4,Fitzroy Gardens,507,67.2,0.9,-37.8149218,144.9822582,ENV,REAL_507,Real sensor series - Fitzroy Gardens - board 507,42,real_sensor_board_507,21.305941033415017,0,normal
2014-12-22 10:40:00+00:00,20.0,Fitzroy Gardens,507,64.5,0.7,-37.8149218,144.9822582,ENV,REAL_507,Real sensor series - Fitzroy Gardens - board 507,42,real_sensor_board_507,21.304752826732017,0,normal
2014-12-22 10:50:00+00:00,21.0,Fitzroy Gardens,507,62.2,0.7,-37.8149218,144.9822582,ENV,REAL_507,Real sensor series - Fitzroy Gardens - board 507,42,real_sensor_board_507,21.303802261385616,0,normal
2014-12-22 11:00:00+00:00,21.3,Fitzroy Gardens,507,61.2,0.7,-37.8149218,144.9822582,ENV,REAL_507,Real sensor series - Fitzroy Gardens - board 507,42,real_sensor_board_507,21.303041809108496,0,normal
2014-12-22 11:10:00+00:00,21.3,Fitzroy Gardens,507,61.4,0.7,-37.8149218,144.9822582,ENV,REAL_507,Real sensor series - Fitzroy Gardens - board 507,42,real_sensor_board_507,21.3024334472868,0,normal
2014-12-22 11:20:00+00:00,21.0,Fitzroy Gardens,507,62.0,0.7,-37.8149218,144.9822582,ENV,REAL_507,Real sensor series - Fitzroy Gardens - board 507,42,real_sensor_board_507,21.30194675782944,0,normal
2014-12-22 11:30:00+00:00,20.6,Fitzroy Gardens,507,63.0,0.7,-37.8149218,144.9822582,ENV,REAL_507,Real sensor series - Fitzroy Gardens - board 507,42,real_sensor_board_507,21.301557406263555,0,normal
2014-12-22 11:40:00+00:00,21.3,Fitzroy Gardens,507,61.4,0.7,-37.8149218,144.9822582,ENV,REAL_507,Real sensor series - Fitzroy Gardens - board 507,42,real_sensor_board_507,21.301245925010846,0,normal
2014-12-22 11:50:00+00:00,21.3,Fitzroy Gardens,507,60.3,0.7,-37.8149218,144.9822582,ENV,REAL_507,Real sensor series - Fitzroy Gardens - board 507,42,real_sensor_board_507,21.300996740008678,0,normal
2014-12-22 12:00:00+00:00,21.3,Fitzroy Gardens,507,60.4,0.7,-37.8149218,144.9822582,ENV,REAL_507,Real sensor series - Fitzroy Gardens - board 507,42,real_sensor_board_507,21.240797392006943,0,normal
2014-12-22 12:10:00+00:00,21.6,Fitzroy Gardens,507,59.8,0.7,-37.8149218,144.9822582,ENV,REAL_507,Real sensor series - Fitzroy Gardens - board 507,42,real_sensor_board_507,21.192637913605555,0,normal
2014-12-22 12:20:00+00:00,21.6,Fitzroy Gardens,507,59.3,0.7,-37.8149218,144.9822582,ENV,REAL_507,Real sensor series - Fitzroy Gardens - board 507,42,real_sensor_board_507,21.154110330884443,0,normal
2014-12-22 12:35:00+00:00,21.6,Fitzroy Gardens,507,59.2,0.7,-37.8149218,144.9822582,ENV,REAL_507,Real sensor series - Fitzroy Gardens - board 507,42,real_sensor_board_507,21.123288264707554,0,normal
2014-12-22 12:45:00+00:00,21.6,Fitzroy Gardens,507,58.9,0.7,-37.8149218,144.9822582,ENV,REAL_507,Real sensor series - Fitzroy Gardens - board 507,42,real_sensor_board_507,21.098630611766044,0,normal
2014-12-22 12:55:00+00:00,21.6,Fitzroy Gardens,507,58.4,0.7,-37.8149218,144.9822582,ENV,REAL_507,Real sensor series - Fitzroy Gardens - board 507,42,real_sensor_board_507,21.078904489412835,0,normal
2014-12-22 13:05:00+00:00,21.3,Fitzroy Gardens,507,58.9,0.6,-37.8149218,144.9822582,ENV,REAL_507,Real sensor series - Fitzroy Gardens - board 507,42,real_sensor_board_507,21.063123591530267,0,normal
2014-12-22 13:15:00+00:00,21.6,Fitzroy Gardens,507,57.9,0.7,-37.8149218,144.9822582,ENV,REAL_507,Real sensor series - Fitzroy Gardens - board 507,42,real_sensor_board_507,21.050498873224214,0,normal
2014-12-22 13:25:00+00:00,21.6,Fitzroy Gardens,507,58.9,0.7,-37.8149218,144.9822582,ENV,REAL_507,Real sensor series - Fitzroy Gardens - board 507,42,real_sensor_board_507,21.04039909857937,0,normal
2014-12-22 13:35:00+00:00,21.3,Fitzroy Gardens,507,60.9,0.7,-37.8149218,144.9822582,ENV,REAL_507,Real sensor series - Fitzroy Gardens - board 507,42,real_sensor_board_507,20.9523192788635,0,normal
2014-12-22 13:45:00+00:00,20.3,Fitzroy Gardens,507,65.3,0.7,-37.8149218,144.9822582,ENV,REAL_507,Real sensor series - Fitzroy Gardens - board 507,42,real_sensor_board_507,20.821855423090803,0,normal
2014-12-22 13:55:00+00:00,19.7,Fitzroy Gardens,507,68.2,0.7,-37.8149218,144.9822582,ENV,REAL_507,Real sensor series - Fitzroy Gardens - board 507,42,real_sensor_board_507,20.717484338472644,0,normal
2014-12-22 14:05:00+00:00,19.7,Fitzroy Gardens,507,69.3,0.7,-37.8149218,144.9822582,ENV,REAL_507,Real sensor series - Fitzroy Gardens - board 507,42,real_sensor_board_507,20.633987470778116,0,normal
2014-12-22 14:15:00+00:00,19.7,Fitzroy Gardens,507,69.3,0.7,-37.8149218,144.9822582,ENV,REAL_507,Real sensor series - Fitzroy Gardens - board 507,42,real_sensor_board_507,20.567189976622494,0,normal
2014-12-22 14:25:00+00:00,19.7,Fitzroy Gardens,507,69.6,0.7,-37.8149218,144.9822582,ENV,REAL_507,Real sensor series - Fitzroy Gardens - board 507,42,real_sensor_board_507,20.453751981297994,0,normal
2014-12-22 14:35:00+00:00,20.0,Fitzroy Gardens,507,69.1,0.7,-37.8149218,144.9822582,ENV,REAL_507,Real sensor series - Fitzroy Gardens - board 507,42,real_sensor_board_507,20.363001585038397,0,normal
2014-12-22 14:45:00+00:00,20.3,Fitzroy Gardens,507,66.4,0.7,-37.8149218,144.9822582,ENV,REAL_507,Real sensor series - Fitzroy Gardens - board 507,42,real_sensor_board_507,20.290401268030717,0,normal
2014-12-22 14:55:00+00:00,19.7,Fitzroy Gardens,507,68.8,0.7,-37.8149218,144.9822582,ENV,REAL_507,Real sensor series - Fitzroy Gardens - board 507,42,real_sensor_board_507,20.232321014424574,0,normal
2014-12-22 15:05:00+00:00,20.0,Fitzroy Gardens,507,68.8,0.7,-37.8149218,144.9822582,ENV,REAL_507,Real sensor series - Fitzroy Gardens - board 507,42,real_sensor_board_507,20.125856811539663,0,normal
2014-12-22 15:15:00+00:00,20.3,Fitzroy Gardens,507,66.0,0.7,-37.8149218,144.9822582,ENV,REAL_507,Real sensor series - Fitzroy Gardens - board 507,42,real_sensor_board_507,20.04068544923173,0,normal
2014-12-22 15:25:00+00:00,20.0,Fitzroy Gardens,507,66.4,0.7,-37.8149218,144.9822582,ENV,REAL_507,Real sensor series - Fitzroy Gardens - board 507,42,real_sensor_board_507,19.972548359385385,0,normal
2014-12-22 15:35:00+00:00,20.3,Fitzroy Gardens,507,63.7,0.6,-37.8149218,144.9822582,ENV,REAL_507,Real sensor series - Fitzroy Gardens - board 507,42,real_sensor_board_507,19.91803868750831,0,normal
2014-12-22 15:50:00+00:00,20.0,Fitzroy Gardens,507,64.7,0.6,-37.8149218,144.9822582,ENV,REAL_507,Real sensor series - Fitzroy Gardens - board 507,42,real_sensor_board_507,19.87443095000665,0,normal
2014-12-22 16:00:00+00:00,19.4,Fitzroy Gardens,507,68.3,0.6,-37.8149218,144.9822582,ENV,REAL_507,Real sensor series - Fitzroy Gardens - board 507,42,real_sensor_board_507,19.83954476000532,0,normal
2014-12-22 16:10:00+00:00,19.4,Fitzroy Gardens,507,68.9,0.7,-37.8149218,144.9822582,ENV,REAL_507,Real sensor series - Fitzroy Gardens - board 507,42,real_sensor_board_507,19.811635808004258,0,normal
2014-12-22 16:20:00+00:00,19.4,Fitzroy Gardens,507,68.8,0.7,-37.8149218,144.9822582,ENV,REAL_507,Real sensor series - Fitzroy Gardens - board 507,42,real_sensor_board_507,19.78930864640341,0,normal
2014-12-22 16:30:00+00:00,19.0,Fitzroy Gardens,507,69.7,0.7,-37.8149218,144.9822582,ENV,REAL_507,Real sensor series - Fitzroy Gardens - board 507,42,real_sensor_board_507,19.771446917122727,0,normal
2014-12-22 16:40:00+00:00,19.0,Fitzroy Gardens,507,70.1,0.7,-37.8149218,144.9822582,ENV,REAL_507,Real sensor series - Fitzroy Gardens - board 507,42,real_sensor_board_507,19.757157533698184,0,normal
2014-12-22 16:50:00+00:00,19.4,Fitzroy Gardens,507,69.4,0.7,-37.8149218,144.9822582,ENV,REAL_507,Real sensor series - Fitzroy Gardens - board 507,42,real_sensor_board_507,19.745726026958547,0,normal
2014-12-22 17:00:00+00:00,19.4,Fitzroy Gardens,507,68.9,0.6,-37.8149218,144.9822582,ENV,REAL_507,Real sensor series - Fitzroy Gardens - board 507,42,real_sensor_board_507,19.73658082156684,0,normal
2014-12-22 17:10:00+00:00,19.4,Fitzroy Gardens,507,69.6,0.7,-37.8149218,144.9822582,ENV,REAL_507,Real sensor series - Fitzroy Gardens - board 507,42,real_sensor_board_507,19.729264657253474,0,normal
2014-12-22 17:20:00+00:00,19.4,Fitzroy Gardens,507,69.7,0.7,-37.8149218,144.9822582,ENV,REAL_507,Real sensor series - Fitzroy Gardens - board 507,42,real_sensor_board_507,19.72341172580278,0,normal
2014-12-22 17:30:00+00:00,19.7,Fitzroy Gardens,507,69.1,0.7,-37.8149218,144.9822582,ENV,REAL_507,Real sensor series - Fitzroy Gardens - board 507,42,real_sensor_board_507,19.718729380642227,0,normal
2014-12-22 17:40:00+00:00,19.4,Fitzroy Gardens,507,69.1,0.7,-37.8149218,144.9822582,ENV,REAL_507,Real sensor series - Fitzroy Gardens - board 507,42,real_sensor_board_507,19.714983504513782,0,normal
2014-12-22 17:50:00+00:00,19.4,Fitzroy Gardens,507,69.7,0.7,-37.8149218,144.9822582,ENV,REAL_507,Real sensor series - Fitzroy Gardens - board 507,42,real_sensor_board_507,19.711986803611026,0,normal
2014-12-22 18:00:00+00:00,19.0,Fitzroy Gardens,507,70.5,0.7,-37.8149218,144.9822582,ENV,REAL_507,Real sensor series - Fitzroy Gardens - board 507,42,real_sensor_board_507,19.709589442888824,0,normal
2014-12-22 18:10:00+00:00,19.0,Fitzroy Gardens,507,71.8,0.7,-37.8149218,144.9822582,ENV,REAL_507,Real sensor series - Fitzroy Gardens - board 507,42,real_sensor_board_507,19.70767155431106,0,normal
2014-12-22 18:20:00+00:00,19.7,Fitzroy Gardens,507,70.5,0.9,-37.8149218,144.9822582,ENV,REAL_507,Real sensor series - Fitzroy Gardens - board 507,42,real_sensor_board_507,19.706137243448847,0,normal
2014-12-22 18:30:00+00:00,20.0,Fitzroy Gardens,507,68.5,1.4,-37.8149218,144.9822582,ENV,REAL_507,Real sensor series - Fitzroy Gardens - board 507,42,real_sensor_board_507,19.70490979475908,0,normal
2014-12-22 18:40:00+00:00,20.0,Fitzroy Gardens,507,67.5,4.6,-37.8149218,144.9822582,ENV,REAL_507,Real sensor series - Fitzroy Gardens - board 507,42,real_sensor_board_507,19.703927835807264,1,weak_multivariate_excursion
2014-12-22 18:50:00+00:00,20.3,Fitzroy Gardens,507,64.7,18.7,-37.8149218,144.9822582,ENV,REAL_507,Real sensor series - Fitzroy Gardens - board 507,42,real_sensor_board_507,19.76314226864581,1,weak_multivariate_excursion
2014-12-22 19:05:00+00:00,19.7,Fitzroy Gardens,507,67.4,44.6,-37.8149218,144.9822582,ENV,REAL_507,Real sensor series - Fitzroy Gardens - board 507,42,real_sensor_board_507,19.81051381491665,1,weak_multivariate_excursion
2014-12-22 19:15:00+00:00,19.7,Fitzroy Gardens,507,68.6,57.7,-37.8149218,144.9822582,ENV,REAL_507,Real sensor series - Fitzroy Gardens - board 507,42,real_sensor_board_507,19.84841105193332,1,weak_multivariate_excursion
2014-12-22 19:25:00+00:00,20.0,Fitzroy Gardens,507,67.2,66.0,-37.8149218,144.9822582,ENV,REAL_507,Real sensor series - Fitzroy Gardens - board 507,42,real_sensor_board_507,19.878728841546653,0,normal
2014-12-22 19:35:00+00:00,20.0,Fitzroy Gardens,507,66.4,74.0,-37.8149218,144.9822582,ENV,REAL_507,Real sensor series - Fitzroy Gardens - board 507,42,real_sensor_board_507,19.962983073237325,0,normal
2014-12-22 19:45:00+00:00,20.3,Fitzroy Gardens,507,62.5,85.9,-37.8149218,144.9822582,ENV,REAL_507,Real sensor series - Fitzroy Gardens - board 507,42,real_sensor_board_507,20.03038645858986,0,normal
2014-12-22 19:55:00+00:00,20.3,Fitzroy Gardens,507,62.0,88.7,-37.8149218,144.9822582,ENV,REAL_507,Real sensor series - Fitzroy Gardens - board 507,42,real_sensor_board_507,20.08430916687189,0,normal
2014-12-22 20:05:00+00:00,20.6,Fitzroy Gardens,507,60.0,88.1,-37.8149218,144.9822582,ENV,REAL_507,Real sensor series - Fitzroy Gardens - board 507,42,real_sensor_board_507,20.187447333497513,0,normal
2014-12-22 20:15:00+00:00,20.6,Fitzroy Gardens,507,58.9,88.4,-37.8149218,144.9822582,ENV,REAL_507,Real sensor series - Fitzroy Gardens - board 507,42,real_sensor_board_507,20.269957866798013,0,normal
2014-12-22 20:25:00+00:00,21.0,Fitzroy Gardens,507,58.1,90.0,-37.8149218,144.9822582,ENV,REAL_507,Real sensor series - Fitzroy Gardens - board 507,42,real_sensor_board_507,20.41596629343841,0,normal
2014-12-22 20:35:00+00:00,21.0,Fitzroy Gardens,507,59.0,87.6,-37.8149218,144.9822582,ENV,REAL_507,Real sensor series - Fitzroy Gardens - board 507,42,real_sensor_board_507,20.532773034750726,0,normal
2014-12-22 20:45:00+00:00,21.0,Fitzroy Gardens,507,58.1,82.5,-37.8149218,144.9822582,ENV,REAL_507,Real sensor series - Fitzroy Gardens - board 507,42,real_sensor_board_507,20.62621842780058,0,normal
2014-12-22 20:55:00+00:00,21.0,Fitzroy Gardens,507,56.7,85.0,-37.8149218,144.9822582,ENV,REAL_507,Real sensor series - Fitzroy Gardens - board 507,42,real_sensor_board_507,20.700974742240465,0,normal
2014-12-22 21:05:00+00:00,21.3,Fitzroy Gardens,507,57.6,87.0,-37.8149218,144.9822582,ENV,REAL_507,Real sensor series - Fitzroy Gardens - board 507,42,real_sensor_board_507,20.820779793792376,0,normal
2014-12-22 21:15:00+00:00,21.3,Fitzroy Gardens,507,56.3,89.5,-37.8149218,144.9822582,ENV,REAL_507,Real sensor series - Fitzroy Gardens - board 507,42,real_sensor_board_507,20.916623835033903,0,normal
2014-12-22 21:25:00+00:00,21.3,Fitzroy Gardens,507,55.4,88.9,-37.8149218,144.9822582,ENV,REAL_507,Real sensor series - Fitzroy Gardens - board 507,42,real_sensor_board_507,20.993299068027124,0,normal
2014-12-22 21:35:00+00:00,21.9,Fitzroy Gardens,507,50.8,92.0,-37.8149218,144.9822582,ENV,REAL_507,Real sensor series - Fitzroy Gardens - board 507,42,real_sensor_board_507,21.0546392544217,0,normal
2014-12-22 21:45:00+00:00,21.3,Fitzroy Gardens,507,52.4,87.7,-37.8149218,144.9822582,ENV,REAL_507,Real sensor series - Fitzroy Gardens - board 507,42,real_sensor_board_507,21.22371140353736,0,normal
2014-12-22 21:55:00+00:00,22.9,Fitzroy Gardens,507,51.1,94.8,-37.8149218,144.9822582,ENV,REAL_507,Real sensor series - Fitzroy Gardens - board 507,42,real_sensor_board_507,21.558969122829893,0,normal
2014-12-22 22:05:00+00:00,23.9,Fitzroy Gardens,507,47.3,95.0,-37.8149218,144.9822582,ENV,REAL_507,Real sensor series - Fitzroy Gardens - board 507,42,real_sensor_board_507,21.827175298263917,0,normal
2014-12-22 22:20:00+00:00,23.2,Fitzroy Gardens,507,47.7,94.4,-37.8149218,144.9822582,ENV,REAL_507,Real sensor series - Fitzroy Gardens - board 507,42,real_sensor_board_507,22.041740238611133,0,normal
2014-12-22 22:30:00+00:00,24.5,Fitzroy Gardens,507,45.5,95.8,-37.8149218,144.9822582,ENV,REAL_507,Real sensor series - Fitzroy Gardens - board 507,42,real_sensor_board_507,22.21339219088891,0,normal
2014-12-22 22:40:00+00:00,23.9,Fitzroy Gardens,507,45.3,94.2,-37.8149218,144.9822582,ENV,REAL_507,Real sensor series - Fitzroy Gardens - board 507,42,real_sensor_board_507,22.35071375271113,0,normal
2014-12-22 22:50:00+00:00,23.9,Fitzroy Gardens,507,45.8,93.9,-37.8149218,144.9822582,ENV,REAL_507,Real sensor series - Fitzroy Gardens - board 507,42,real_sensor_board_507,22.460571002168905,0,normal
2014-12-22 23:00:00+00:00,24.5,Fitzroy Gardens,507,45.9,95.6,-37.8149218,144.9822582,ENV,REAL_507,Real sensor series - Fitzroy Gardens - board 507,42,real_sensor_board_507,22.548456801735128,0,normal
2014-12-22 23:10:00+00:00,25.8,Fitzroy Gardens,507,44.0,96.8,-37.8149218,144.9822582,ENV,REAL_507,Real sensor series - Fitzroy Gardens - board 507,42,real_sensor_board_507,22.678765441388105,1,weak_multivariate_excursion
2014-12-22 23:20:00+00:00,29.4,Fitzroy Gardens,507,37.9,98.0,-37.8149218,144.9822582,ENV,REAL_507,Real sensor series - Fitzroy Gardens - board 507,42,real_sensor_board_507,22.783012353110486,1,weak_multivariate_excursion
2014-12-22 23:30:00+00:00,27.1,Fitzroy Gardens,507,38.7,96.4,-37.8149218,144.9822582,ENV,REAL_507,Real sensor series - Fitzroy Gardens - board 507,42,real_sensor_board_507,22.86640988248839,1,weak_multivariate_excursion
2014-12-22 23:40:00+00:00,26.8,Fitzroy Gardens,507,40.3,96.6,-37.8149218,144.9822582,ENV,REAL_507,Real sensor series - Fitzroy Gardens - board 507,42,real_sensor_board_507,22.933127905990712,1,weak_multivariate_excursion
2014-12-22 23:50:00+00:00,26.5,Fitzroy Gardens,507,39.6,95.3,-37.8149218,144.9822582,ENV,REAL_507,Real sensor series - Fitzroy Gardens - board 507,42,real_sensor_board_507,22.98650232479257,0,normal
2014-12-23 00:00:00+00:00,22.9,Fitzroy Gardens,507,50.3,92.6,-37.8149218,144.9822582,ENV,REAL_507,Real sensor series - Fitzroy Gardens - board 507,42,real_sensor_board_507,23.029201859834057,0,normal
2014-12-23 00:10:00+00:00,22.9,Fitzroy Gardens,507,50.5,96.1,-37.8149218,144.9822582,ENV,REAL_507,Real sensor series - Fitzroy Gardens - board 507,42,real_sensor_board_507,23.123361487867246,0,normal
2014-12-23 00:20:00+00:00,22.9,Fitzroy Gardens,507,49.6,93.5,-37.8149218,144.9822582,ENV,REAL_507,Real sensor series - Fitzroy Gardens - board 507,42,real_sensor_board_507,23.1986891902938,0,normal
2014-12-23 00:30:00+00:00,23.2,Fitzroy Gardens,507,49.9,94.6,-37.8149218,144.9822582,ENV,REAL_507,Real sensor series - Fitzroy Gardens - board 507,42,real_sensor_board_507,23.258951352235037,0,normal
2014-12-23 00:40:00+00:00,22.9,Fitzroy Gardens,507,49.2,94.2,-37.8149218,144.9822582,ENV,REAL_507,Real sensor series - Fitzroy Gardens - board 507,42,real_sensor_board_507,23.30716108178803,0,normal
2014-12-23 00:50:00+00:00,22.9,Fitzroy Gardens,507,50.0,94.4,-37.8149218,144.9822582,ENV,REAL_507,Real sensor series - Fitzroy Gardens - board 507,42,real_sensor_board_507,23.285728865430425,0,normal
2014-12-23 01:00:00+00:00,23.2,Fitzroy Gardens,507,48.8,93.5,-37.8149218,144.9822582,ENV,REAL_507,Real sensor series - Fitzroy Gardens - board 507,42,real_sensor_board_507,23.26858309234434,0,normal
2014-12-23 01:10:00+00:00,22.9,Fitzroy Gardens,507,48.3,94.7,-37.8149218,144.9822582,ENV,REAL_507,Real sensor series - Fitzroy Gardens - board 507,42,real_sensor_board_507,23.254866473875474,0,normal
2014-12-23 01:25:00+00:00,23.2,Fitzroy Gardens,507,48.9,95.0,-37.8149218,144.9822582,ENV,REAL_507,Real sensor series - Fitzroy Gardens - board 507,42,real_sensor_board_507,23.24389317910038,0,normal
2014-12-23 01:35:00+00:00,23.2,Fitzroy Gardens,507,48.1,93.4,-37.8149218,144.9822582,ENV,REAL_507,Real sensor series - Fitzroy Gardens - board 507,42,real_sensor_board_507,23.235114543280304,0,normal
2014-12-23 01:45:00+00:00,23.2,Fitzroy Gardens,507,49.1,95.2,-37.8149218,144.9822582,ENV,REAL_507,Real sensor series - Fitzroy Gardens - board 507,42,real_sensor_board_507,23.228091634624246,0,normal
2014-12-23 01:55:00+00:00,24.8,Fitzroy Gardens,507,43.7,95.9,-37.8149218,144.9822582,ENV,REAL_507,Real sensor series - Fitzroy Gardens - board 507,42,real_sensor_board_507,23.2224733076994,0,normal
2014-12-23 02:05:00+00:00,23.5,Fitzroy Gardens,507,45.6,94.0,-37.8149218,144.9822582,ENV,REAL_507,Real sensor series - Fitzroy Gardens - board 507,42,real_sensor_board_507,23.15797864615952,0,normal
2014-12-23 02:15:00+00:00,24.5,Fitzroy Gardens,507,44.2,95.7,-37.8149218,144.9822582,ENV,REAL_507,Real sensor series - Fitzroy Gardens - board 507,42,real_sensor_board_507,23.106382916927615,0,normal
2014-12-23 02:25:00+00:00,23.9,Fitzroy Gardens,507,44.7,92.2,-37.8149218,144.9822582,ENV,REAL_507,Real sensor series - Fitzroy Gardens - board 507,42,real_sensor_board_507,23.06510633354209,0,normal
2014-12-23 02:35:00+00:00,24.2,Fitzroy Gardens,507,43.1,95.4,-37.8149218,144.9822582,ENV,REAL_507,Real sensor series - Fitzroy Gardens - board 507,42,real_sensor_board_507,23.032085066833673,0,normal
2014-12-23 02:45:00+00:00,24.8,Fitzroy Gardens,507,43.9,94.5,-37.8149218,144.9822582,ENV,REAL_507,Real sensor series - Fitzroy Gardens - board 507,42,real_sensor_board_507,23.00566805346694,0,normal
2014-12-23 02:55:00+00:00,23.2,Fitzroy Gardens,507,45.5,88.3,-37.8149218,144.9822582,ENV,REAL_507,Real sensor series - Fitzroy Gardens - board 507,42,real_sensor_board_507,22.98453444277355,0,normal
2014-12-23 03:05:00+00:00,22.6,Fitzroy Gardens,507,53.0,94.0,-37.8149218,144.9822582,ENV,REAL_507,Real sensor series - Fitzroy Gardens - board 507,42,real_sensor_board_507,22.967627554218843,0,normal
2014-12-23 03:15:00+00:00,22.3,Fitzroy Gardens,507,52.7,93.6,-37.8149218,144.9822582,ENV,REAL_507,Real sensor series - Fitzroy Gardens - board 507,42,real_sensor_board_507,22.894102043375074,0,normal
2014-12-23 03:25:00+00:00,22.9,Fitzroy Gardens,507,50.2,93.5,-37.8149218,144.9822582,ENV,REAL_507,Real sensor series - Fitzroy Gardens - board 507,42,real_sensor_board_507,22.77528163470006,0,normal
2014-12-23 03:35:00+00:00,21.9,Fitzroy Gardens,507,50.7,90.7,-37.8149218,144.9822582,ENV,REAL_507,Real sensor series - Fitzroy Gardens - board 507,42,real_sensor_board_507,22.60022530776005,0,normal
2014-12-23 03:45:00+00:00,21.9,Fitzroy Gardens,507,51.9,93.4,-37.8149218,144.9822582,ENV,REAL_507,Real sensor series - Fitzroy Gardens - board 507,42,real_sensor_board_507,22.46018024620804,0,normal
2014-12-23 03:55:00+00:00,21.3,Fitzroy Gardens,507,56.3,93.5,-37.8149218,144.9822582,ENV,REAL_507,Real sensor series - Fitzroy Gardens - board 507,42,real_sensor_board_507,22.34814419696643,0,normal
2014-12-23 04:05:00+00:00,20.3,Fitzroy Gardens,507,63.1,93.5,-37.8149218,144.9822582,ENV,REAL_507,Real sensor series - Fitzroy Gardens - board 507,42,real_sensor_board_507,22.258515357573145,0,normal
2014-12-23 04:15:00+00:00,20.6,Fitzroy Gardens,507,60.8,95.2,-37.8149218,144.9822582,ENV,REAL_507,Real sensor series - Fitzroy Gardens - board 507,42,real_sensor_board_507,22.126812286058517,0,normal
2014-12-23 04:25:00+00:00,21.0,Fitzroy Gardens,507,57.4,95.1,-37.8149218,144.9822582,ENV,REAL_507,Real sensor series - Fitzroy Gardens - board 507,42,real_sensor_board_507,21.961449828846817,0,normal
2014-12-23 04:40:00+00:00,21.9,Fitzroy Gardens,507,54.3,97.6,-37.8149218,144.9822582,ENV,REAL_507,Real sensor series - Fitzroy Gardens - board 507,42,real_sensor_board_507,21.769159863077455,0,normal
2014-12-23 04:50:00+00:00,21.9,Fitzroy Gardens,507,55.7,94.9,-37.8149218,144.9822582,ENV,REAL_507,Real sensor series - Fitzroy Gardens - board 507,42,real_sensor_board_507,21.615327890461963,0,normal
2014-12-23 05:00:00+00:00,21.6,Fitzroy Gardens,507,53.7,97.2,-37.8149218,144.9822582,ENV,REAL_507,Real sensor series - Fitzroy Gardens - board 507,42,real_sensor_board_507,21.49226231236957,0,normal
2014-12-23 05:10:00+00:00,20.6,Fitzroy Gardens,507,55.5,95.1,-37.8149218,144.9822582,ENV,REAL_507,Real sensor series - Fitzroy Gardens - board 507,42,real_sensor_board_507,21.313809849895655,0,normal
2014-12-23 05:20:00+00:00,21.0,Fitzroy Gardens,507,54.9,95.3,-37.8149218,144.9822582,ENV,REAL_507,Real sensor series - Fitzroy Gardens - board 507,42,real_sensor_board_507,21.171047879916525,0,normal
2014-12-23 05:30:00+00:00,21.0,Fitzroy Gardens,507,56.7,94.8,-37.8149218,144.9822582,ENV,REAL_507,Real sensor series - Fitzroy Gardens - board 507,42,real_sensor_board_507,20.996838303933224,0,normal
2014-12-23 05:40:00+00:00,20.0,Fitzroy Gardens,507,59.0,92.6,-37.8149218,144.9822582,ENV,REAL_507,Real sensor series - Fitzroy Gardens - board 507,42,real_sensor_board_507,20.79747064314658,0,normal
2014-12-23 05:50:00+00:00,19.0,Fitzroy Gardens,507,60.1,92.8,-37.8149218,144.9822582,ENV,REAL_507,Real sensor series - Fitzroy Gardens - board 507,42,real_sensor_board_507,20.437976514517263,0,normal
2014-12-23 06:00:00+00:00,18.4,Fitzroy Gardens,507,59.2,93.2,-37.8149218,144.9822582,ENV,REAL_507,Real sensor series - Fitzroy Gardens - board 507,42,real_sensor_board_507,20.03038121161381,0,normal
2014-12-23 06:10:00+00:00,18.4,Fitzroy Gardens,507,60.4,91.9,-37.8149218,144.9822582,ENV,REAL_507,Real sensor series - Fitzroy Gardens - board 507,42,real_sensor_board_507,19.704304969291048,0,normal
2014-12-23 06:20:00+00:00,17.7,Fitzroy Gardens,507,60.1,89.1,-37.8149218,144.9822582,ENV,REAL_507,Real sensor series - Fitzroy Gardens - board 507,42,real_sensor_board_507,19.303443975432838,0,normal
2014-12-23 06:30:00+00:00,17.4,Fitzroy Gardens,507,60.4,87.1,-37.8149218,144.9822582,ENV,REAL_507,Real sensor series - Fitzroy Gardens - board 507,42,real_sensor_board_507,18.92275518034627,0,normal
2014-12-23 06:40:00+00:00,17.4,Fitzroy Gardens,507,60.0,81.6,-37.8149218,144.9822582,ENV,REAL_507,Real sensor series - Fitzroy Gardens - board 507,42,real_sensor_board_507,18.61820414427702,0,normal
2014-12-23 06:50:00+00:00,17.4,Fitzroy Gardens,507,59.3,83.0,-37.8149218,144.9822582,ENV,REAL_507,Real sensor series - Fitzroy Gardens - board 507,42,real_sensor_board_507,18.374563315421614,0,normal
2014-12-23 07:00:00+00:00,17.4,Fitzroy Gardens,507,57.9,88.7,-37.8149218,144.9822582,ENV,REAL_507,Real sensor series - Fitzroy Gardens - board 507,42,real_sensor_board_507,18.17965065233729,0,normal
2014-12-23 07:10:00+00:00,17.4,Fitzroy Gardens,507,58.4,90.3,-37.8149218,144.9822582,ENV,REAL_507,Real sensor series - Fitzroy Gardens - board 507,42,real_sensor_board_507,18.023720521869834,0,normal
2014-12-23 07:20:00+00:00,17.4,Fitzroy Gardens,507,57.9,91.8,-37.8149218,144.9822582,ENV,REAL_507,Real sensor series - Fitzroy Gardens - board 507,42,real_sensor_board_507,17.898976417495867,0,normal
2014-12-23 07:30:00+00:00,17.1,Fitzroy Gardens,507,57.9,81.6,-37.8149218,144.9822582,ENV,REAL_507,Real sensor series - Fitzroy Gardens - board 507,42,real_sensor_board_507,17.739181133996695,0,normal
2014-12-23 07:40:00+00:00,17.1,Fitzroy Gardens,507,58.4,81.7,-37.8149218,144.9822582,ENV,REAL_507,Real sensor series - Fitzroy Gardens - board 507,42,real_sensor_board_507,17.611344907197356,0,normal
2014-12-23 07:55:00+00:00,17.1,Fitzroy Gardens,507,59.0,80.4,-37.8149218,144.9822582,ENV,REAL_507,Real sensor series - Fitzroy Gardens - board 507,42,real_sensor_board_507,17.509075925757887,0,normal
2014-12-23 08:05:00+00:00,17.1,Fitzroy Gardens,507,57.4,83.3,-37.8149218,144.9822582,ENV,REAL_507,Real sensor series - Fitzroy Gardens - board 507,42,real_sensor_board_507,17.42726074060631,1,weak_multivariate_excursion
2014-12-23 08:15:00+00:00,16.8,Fitzroy Gardens,507,57.8,66.6,-37.8149218,144.9822582,ENV,REAL_507,Real sensor series - Fitzroy Gardens - board 507,42,real_sensor_board_507,17.30180859248505,1,weak_multivariate_excursion
2014-12-23 08:25:00+00:00,16.8,Fitzroy Gardens,507,57.1,64.0,-37.8149218,144.9822582,ENV,REAL_507,Real sensor series - Fitzroy Gardens - board 507,42,real_sensor_board_507,17.20144687398804,1,weak_multivariate_excursion
2014-12-23 08:35:00+00:00,16.8,Fitzroy Gardens,507,56.8,55.5,-37.8149218,144.9822582,ENV,REAL_507,Real sensor series - Fitzroy Gardens - board 507,42,real_sensor_board_507,17.12115749919043,0,normal
2014-12-23 08:45:00+00:00,16.8,Fitzroy Gardens,507,56.8,63.0,-37.8149218,144.9822582,ENV,REAL_507,Real sensor series - Fitzroy Gardens - board 507,42,real_sensor_board_507,17.056925999352345,1,weak_multivariate_excursion
2014-12-23 08:55:00+00:00,16.8,Fitzroy Gardens,507,58.7,35.2,-37.8149218,144.9822582,ENV,REAL_507,Real sensor series - Fitzroy Gardens - board 507,42,real_sensor_board_507,17.005540799481878,1,weak_multivariate_excursion
2014-12-23 09:05:00+00:00,16.5,Fitzroy Gardens,507,58.5,38.4,-37.8149218,144.9822582,ENV,REAL_507,Real sensor series - Fitzroy Gardens - board 507,42,real_sensor_board_507,16.904432639585504,1,weak_multivariate_excursion
2014-12-23 09:15:00+00:00,16.5,Fitzroy Gardens,507,57.1,39.4,-37.8149218,144.9822582,ENV,REAL_507,Real sensor series - Fitzroy Gardens - board 507,42,real_sensor_board_507,16.823546111668403,0,normal
2014-12-23 09:25:00+00:00,16.5,Fitzroy Gardens,507,56.5,29.1,-37.8149218,144.9822582,ENV,REAL_507,Real sensor series - Fitzroy Gardens - board 507,42,real_sensor_board_507,16.758836889334724,0,normal
2014-12-23 09:35:00+00:00,16.5,Fitzroy Gardens,507,55.2,29.2,-37.8149218,144.9822582,ENV,REAL_507,Real sensor series - Fitzroy Gardens - board 507,42,real_sensor_board_507,16.70706951146778,0,normal
2014-12-23 09:45:00+00:00,16.1,Fitzroy Gardens,507,54.9,19.8,-37.8149218,144.9822582,ENV,REAL_507,Real sensor series - Fitzroy Gardens - board 507,42,real_sensor_board_507,16.585655609174225,1,weak_multivariate_excursion
2014-12-23 09:55:00+00:00,16.1,Fitzroy Gardens,507,54.6,4.5,-37.8149218,144.9822582,ENV,REAL_507,Real sensor series - Fitzroy Gardens - board 507,42,real_sensor_board_507,16.488524487339383,1,weak_multivariate_excursion
2014-12-23 10:05:00+00:00,16.1,Fitzroy Gardens,507,54.1,1.4,-37.8149218,144.9822582,ENV,REAL_507,Real sensor series - Fitzroy Gardens - board 507,42,real_sensor_board_507,16.410819589871508,1,weak_multivariate_excursion
2014-12-23 10:15:00+00:00,16.1,Fitzroy Gardens,507,55.1,1.1,-37.8149218,144.9822582,ENV,REAL_507,Real sensor series - Fitzroy Gardens - board 507,42,real_sensor_board_507,16.348655671897205,0,normal
2014-12-23 10:25:00+00:00,16.1,Fitzroy Gardens,507,54.8,1.0,-37.8149218,144.9822582,ENV,REAL_507,Real sensor series - Fitzroy Gardens - board 507,42,real_sensor_board_507,16.298924537517763,0,normal
2014-12-23 10:35:00+00:00,16.1,Fitzroy Gardens,507,54.6,0.9,-37.8149218,144.9822582,ENV,REAL_507,Real sensor series - Fitzroy Gardens - board 507,42,real_sensor_board_507,16.25913963001421,0,normal
2014-12-23 10:45:00+00:00,16.1,Fitzroy Gardens,507,54.4,0.9,-37.8149218,144.9822582,ENV,REAL_507,Real sensor series - Fitzroy Gardens - board 507,42,real_sensor_board_507,16.22731170401137,0,normal
2014-12-23 10:55:00+00:00,16.1,Fitzroy Gardens,507,54.1,1.0,-37.8149218,144.9822582,ENV,REAL_507,Real sensor series - Fitzroy Gardens - board 507,42,real_sensor_board_507,16.2018493632091,0,normal
2014-12-23 11:10:00+00:00,16.1,Fitzroy Gardens,507,53.7,1.0,-37.8149218,144.9822582,ENV,REAL_507,Real sensor series - Fitzroy Gardens - board 507,42,real_sensor_board_507,16.18147949056728,0,normal
2014-12-23 11:20:00+00:00,16.1,Fitzroy Gardens,507,53.7,1.0,-37.8149218,144.9822582,ENV,REAL_507,Real sensor series - Fitzroy Gardens - board 507,42,real_sensor_board_507,16.165183592453825,0,normal
2014-12-23 11:30:00+00:00,15.8,Fitzroy Gardens,507,53.0,1.0,-37.8149218,144.9822582,ENV,REAL_507,Real sensor series - Fitzroy Gardens - board 507,42,real_sensor_board_507,16.09214687396306,0,normal
2014-12-23 11:40:00+00:00,15.8,Fitzroy Gardens,507,52.7,1.0,-37.8149218,144.9822582,ENV,REAL_507,Real sensor series - Fitzroy Gardens - board 507,42,real_sensor_board_507,16.03371749917045,0,normal
2014-12-23 11:50:00+00:00,15.8,Fitzroy Gardens,507,52.2,1.0,-37.8149218,144.9822582,ENV,REAL_507,Real sensor series - Fitzroy Gardens - board 507,42,real_sensor_board_507,15.98697399933636,0,normal
2014-12-23 12:00:00+00:00,15.8,Fitzroy Gardens,507,51.8,1.0,-37.8149218,144.9822582,ENV,REAL_507,Real sensor series - Fitzroy Gardens - board 507,42,real_sensor_board_507,15.949579199469088,0,normal
2014-12-23 12:10:00+00:00,15.5,Fitzroy Gardens,507,51.0,0.9,-37.8149218,144.9822582,ENV,REAL_507,Real sensor series - Fitzroy Gardens - board 507,42,real_sensor_board_507,15.85966335957527,0,normal
2014-12-23 12:20:00+00:00,15.5,Fitzroy Gardens,507,49.2,0.9,-37.8149218,144.9822582,ENV,REAL_507,Real sensor series - Fitzroy Gardens - board 507,42,real_sensor_board_507,15.787730687660217,0,normal
2014-12-23 12:30:00+00:00,15.5,Fitzroy Gardens,507,49.4,0.9,-37.8149218,144.9822582,ENV,REAL_507,Real sensor series - Fitzroy Gardens - board 507,42,real_sensor_board_507,15.730184550128174,0,normal
2014-12-23 12:40:00+00:00,15.5,Fitzroy Gardens,507,50.5,0.9,-37.8149218,144.9822582,ENV,REAL_507,Real sensor series - Fitzroy Gardens - board 507,42,real_sensor_board_507,15.68414764010254,0,normal
2014-12-23 12:50:00+00:00,15.5,Fitzroy Gardens,507,50.5,0.9,-37.8149218,144.9822582,ENV,REAL_507,Real sensor series - Fitzroy Gardens - board 507,42,real_sensor_board_507,15.647318112082031,0,normal
2014-12-23 13:00:00+00:00,15.5,Fitzroy Gardens,507,49.7,0.9,-37.8149218,144.9822582,ENV,REAL_507,Real sensor series - Fitzroy Gardens - board 507,42,real_sensor_board_507,15.617854489665625,0,normal
2014-12-23 13:10:00+00:00,15.5,Fitzroy Gardens,507,45.3,0.9,-37.8149218,144.9822582,ENV,REAL_507,Real sensor series - Fitzroy Gardens - board 507,42,real_sensor_board_507,15.5942835917325,0,normal
2014-12-23 13:20:00+00:00,15.5,Fitzroy Gardens,507,45.9,0.9,-37.8149218,144.9822582,ENV,REAL_507,Real sensor series - Fitzroy Gardens - board 507,42,real_sensor_board_507,15.575426873386,0,normal
2014-12-23 13:30:00+00:00,15.5,Fitzroy Gardens,507,46.1,0.9,-37.8149218,144.9822582,ENV,REAL_507,Real sensor series - Fitzroy Gardens - board 507,42,real_sensor_board_507,15.5603414987088,0,normal
2014-12-23 13:40:00+00:00,15.5,Fitzroy Gardens,507,46.1,0.9,-37.8149218,144.9822582,ENV,REAL_507,Real sensor series - Fitzroy Gardens - board 507,42,real_sensor_board_507,15.54827319896704,0,normal
2014-12-23 13:50:00+00:00,15.5,Fitzroy Gardens,507,47.8,0.9,-37.8149218,144.9822582,ENV,REAL_507,Real sensor series - Fitzroy Gardens - board 507,42,real_sensor_board_507,15.538618559173633,0,normal
2014-12-23 14:00:00+00:00,15.2,Fitzroy Gardens,507,47.2,0.9,-37.8149218,144.9822582,ENV,REAL_507,Real sensor series - Fitzroy Gardens - board 507,42,real_sensor_board_507,15.470894847338908,0,normal
2014-12-23 14:15:00+00:00,15.2,Fitzroy Gardens,507,48.1,0.9,-37.8149218,144.9822582,ENV,REAL_507,Real sensor series - Fitzroy Gardens - board 507,42,real_sensor_board_507,15.416715877871127,0,normal
2014-12-23 14:25:00+00:00,15.2,Fitzroy Gardens,507,48.1,0.9,-37.8149218,144.9822582,ENV,REAL_507,Real sensor series - Fitzroy Gardens - board 507,42,real_sensor_board_507,15.373372702296901,0,normal
2014-12-23 14:35:00+00:00,14.8,Fitzroy Gardens,507,47.8,0.8,-37.8149218,144.9822582,ENV,REAL_507,Real sensor series - Fitzroy Gardens - board 507,42,real_sensor_board_507,15.258698161837522,0,normal
2014-12-23 14:45:00+00:00,14.8,Fitzroy Gardens,507,47.8,0.8,-37.8149218,144.9822582,ENV,REAL_507,Real sensor series - Fitzroy Gardens - board 507,42,real_sensor_board_507,15.166958529470019,0,normal
2014-12-23 14:55:00+00:00,14.5,Fitzroy Gardens,507,48.6,0.8,-37.8149218,144.9822582,ENV,REAL_507,Real sensor series - Fitzroy Gardens - board 507,42,real_sensor_board_507,15.093566823576017,0,normal
2014-12-23 15:05:00+00:00,14.8,Fitzroy Gardens,507,48.8,0.8,-37.8149218,144.9822582,ENV,REAL_507,Real sensor series - Fitzroy Gardens - board 507,42,real_sensor_board_507,15.034853458860816,0,normal
2014-12-23 15:15:00+00:00,14.5,Fitzroy Gardens,507,49.1,0.9,-37.8149218,144.9822582,ENV,REAL_507,Real sensor series - Fitzroy Gardens - board 507,42,real_sensor_board_507,14.927882767088654,0,normal
2014-12-23 15:25:00+00:00,14.5,Fitzroy Gardens,507,49.2,0.9,-37.8149218,144.9822582,ENV,REAL_507,Real sensor series - Fitzroy Gardens - board 507,42,real_sensor_board_507,14.842306213670925,0,normal
2014-12-23 15:35:00+00:00,14.5,Fitzroy Gardens,507,49.9,0.9,-37.8149218,144.9822582,ENV,REAL_507,Real sensor series - Fitzroy Gardens - board 507,42,real_sensor_board_507,14.773844970936741,0,normal
2014-12-23 15:45:00+00:00,14.8,Fitzroy Gardens,507,50.0,1.0,-37.8149218,144.9822582,ENV,REAL_507,Real sensor series - Fitzroy Gardens - board 507,42,real_sensor_board_507,14.719075976749394,0,normal
2014-12-23 15:55:00+00:00,14.5,Fitzroy Gardens,507,50.3,0.9,-37.8149218,144.9822582,ENV,REAL_507,Real sensor series - Fitzroy Gardens - board 507,42,real_sensor_board_507,14.675260781399517,0,normal
2014-12-23 16:05:00+00:00,13.9,Fitzroy Gardens,507,50.8,0.9,-37.8149218,144.9822582,ENV,REAL_507,Real sensor series - Fitzroy Gardens - board 507,42,real_sensor_board_507,14.580208625119614,0,normal
2014-12-23 16:15:00+00:00,14.2,Fitzroy Gardens,507,51.0,0.9,-37.8149218,144.9822582,ENV,REAL_507,Real sensor series - Fitzroy Gardens - board 507,42,real_sensor_board_507,14.504166900095692,0,normal
2014-12-23 16:25:00+00:00,14.2,Fitzroy Gardens,507,51.1,0.9,-37.8149218,144.9822582,ENV,REAL_507,Real sensor series - Fitzroy Gardens - board 507,42,real_sensor_board_507,14.383333520076555,0,normal
2014-12-23 16:35:00+00:00,13.9,Fitzroy Gardens,507,51.0,0.9,-37.8149218,144.9822582,ENV,REAL_507,Real sensor series - Fitzroy Gardens - board 507,42,real_sensor_board_507,14.286666816061246,0,normal
2014-12-23 16:45:00+00:00,13.9,Fitzroy Gardens,507,52.1,1.0,-37.8149218,144.9822582,ENV,REAL_507,Real sensor series - Fitzroy Gardens - board 507,42,real_sensor_board_507,14.209333452848998,0,normal
2014-12-23 16:55:00+00:00,13.9,Fitzroy Gardens,507,53.0,1.0,-37.8149218,144.9822582,ENV,REAL_507,Real sensor series - Fitzroy Gardens - board 507,42,real_sensor_board_507,14.147466762279201,0,normal
2014-12-23 17:05:00+00:00,13.9,Fitzroy Gardens,507,52.7,1.1,-37.8149218,144.9822582,ENV,REAL_507,Real sensor series - Fitzroy Gardens - board 507,42,real_sensor_board_507,14.09797340982336,0,normal
2014-12-23 17:15:00+00:00,13.9,Fitzroy Gardens,507,52.6,1.0,-37.8149218,144.9822582,ENV,REAL_507,Real sensor series - Fitzroy Gardens - board 507,42,real_sensor_board_507,14.058378727858688,0,normal
2014-12-23 17:30:00+00:00,13.2,Fitzroy Gardens,507,57.1,0.9,-37.8149218,144.9822582,ENV,REAL_507,Real sensor series - Fitzroy Gardens - board 507,42,real_sensor_board_507,14.026702982286952,0,normal
2014-12-23 17:40:00+00:00,13.2,Fitzroy Gardens,507,59.0,0.9,-37.8149218,144.9822582,ENV,REAL_507,Real sensor series - Fitzroy Gardens - board 507,42,real_sensor_board_507,14.001362385829562,0,normal
2014-12-23 17:50:00+00:00,13.2,Fitzroy Gardens,507,61.2,1.0,-37.8149218,144.9822582,ENV,REAL_507,Real sensor series - Fitzroy Gardens - board 507,42,real_sensor_board_507,13.981089908663652,0,normal
2014-12-23 18:00:00+00:00,12.9,Fitzroy Gardens,507,63.6,0.9,-37.8149218,144.9822582,ENV,REAL_507,Real sensor series - Fitzroy Gardens - board 507,42,real_sensor_board_507,13.964871926930922,0,normal
2014-12-23 18:10:00+00:00,12.6,Fitzroy Gardens,507,63.3,0.9,-37.8149218,144.9822582,ENV,REAL_507,Real sensor series - Fitzroy Gardens - board 507,42,real_sensor_board_507,13.951897541544739,0,normal
2014-12-23 18:20:00+00:00,12.6,Fitzroy Gardens,507,63.6,1.1,-37.8149218,144.9822582,ENV,REAL_507,Real sensor series - Fitzroy Gardens - board 507,42,real_sensor_board_507,13.941518033235791,0,normal
2014-12-23 18:30:00+00:00,12.9,Fitzroy Gardens,507,64.4,3.0,-37.8149218,144.9822582,ENV,REAL_507,Real sensor series - Fitzroy Gardens - board 507,42,real_sensor_board_507,13.933214426588634,1,weak_multivariate_excursion
2014-12-23 18:40:00+00:00,12.9,Fitzroy Gardens,507,64.1,16.0,-37.8149218,144.9822582,ENV,REAL_507,Real sensor series - Fitzroy Gardens - board 507,42,real_sensor_board_507,13.92657154127091,1,weak_multivariate_excursion
2014-12-23 18:50:00+00:00,12.9,Fitzroy Gardens,507,64.1,41.1,-37.8149218,144.9822582,ENV,REAL_507,Real sensor series - Fitzroy Gardens - board 507,42,real_sensor_board_507,13.981257233016729,1,weak_multivariate_excursion
2014-12-23 19:00:00+00:00,12.9,Fitzroy Gardens,507,63.9,62.7,-37.8149218,144.9822582,ENV,REAL_507,Real sensor series - Fitzroy Gardens - board 507,42,real_sensor_board_507,14.025005786413384,1,weak_multivariate_excursion
2015-01-05 03:05:00+00:00,20.3,Fitzroy Gardens,507,48.3,96.0,-37.8149218,144.9822582,ENV,REAL_507,Real sensor series - Fitzroy Gardens - board 507,42,real_sensor_board_507,15.280004629130708,1,weak_multivariate_excursion
2015-01-05 03:15:00+00:00,22.3,Fitzroy Gardens,507,46.1,97.3,-37.8149218,144.9822582,ENV,REAL_507,Real sensor series - Fitzroy Gardens - board 507,42,real_sensor_board_507,16.68400370330457,1,weak_multivariate_excursion
2015-01-05 03:25:00+00:00,22.3,Fitzroy Gardens,507,44.8,97.2,-37.8149218,144.9822582,ENV,REAL_507,Real sensor series - Fitzroy Gardens - board 507,42,real_sensor_board_507,17.807202962643657,1,weak_multivariate_excursion
2015-01-05 03:35:00+00:00,22.6,Fitzroy Gardens,507,43.9,97.0,-37.8149218,144.9822582,ENV,REAL_507,Real sensor series - Fitzroy Gardens - board 507,42,real_sensor_board_507,18.705762370114925,0,normal
2015-01-05 03:45:00+00:00,22.3,Fitzroy Gardens,507,43.9,97.1,-37.8149218,144.9822582,ENV,REAL_507,Real sensor series - Fitzroy Gardens - board 507,42,real_sensor_board_507,19.42460989609194,0,normal
2015-01-05 03:55:00+00:00,22.6,Fitzroy Gardens,507,43.9,96.9,-37.8149218,144.9822582,ENV,REAL_507,Real sensor series - Fitzroy Gardens - board 507,42,real_sensor_board_507,19.999687916873555,0,normal
2015-01-05 04:05:00+00:00,22.3,Fitzroy Gardens,507,43.6,97.2,-37.8149218,144.9822582,ENV,REAL_507,Real sensor series - Fitzroy Gardens - board 507,42,real_sensor_board_507,20.459750333498846,0,normal
2015-01-05 04:15:00+00:00,22.6,Fitzroy Gardens,507,43.6,97.1,-37.8149218,144.9822582,ENV,REAL_507,Real sensor series - Fitzroy Gardens - board 507,42,real_sensor_board_507,20.827800266799077,0,normal
2015-01-05 04:25:00+00:00,22.6,Fitzroy Gardens,507,43.9,96.8,-37.8149218,144.9822582,ENV,REAL_507,Real sensor series - Fitzroy Gardens - board 507,42,real_sensor_board_507,21.122240213439262,0,normal
2015-01-05 04:35:00+00:00,22.3,Fitzroy Gardens,507,44.8,96.8,-37.8149218,144.9822582,ENV,REAL_507,Real sensor series - Fitzroy Gardens - board 507,42,real_sensor_board_507,21.357792170751413,0,normal
2015-01-05 04:45:00+00:00,22.3,Fitzroy Gardens,507,46.6,97.3,-37.8149218,144.9822582,ENV,REAL_507,Real sensor series - Fitzroy Gardens - board 507,42,real_sensor_board_507,21.54623373660113,0,normal
2015-01-05 04:55:00+00:00,23.9,Fitzroy Gardens,507,43.7,97.1,-37.8149218,144.9822582,ENV,REAL_507,Real sensor series - Fitzroy Gardens - board 507,42,real_sensor_board_507,21.696986989280905,0,normal
2015-01-05 05:05:00+00:00,22.9,Fitzroy Gardens,507,43.7,97.0,-37.8149218,144.9822582,ENV,REAL_507,Real sensor series - Fitzroy Gardens - board 507,42,real_sensor_board_507,21.817589591424724,0,normal
2015-01-05 05:15:00+00:00,22.6,Fitzroy Gardens,507,44.0,96.9,-37.8149218,144.9822582,ENV,REAL_507,Real sensor series - Fitzroy Gardens - board 507,42,real_sensor_board_507,21.91407167313978,0,normal
2015-01-05 05:25:00+00:00,22.6,Fitzroy Gardens,507,44.7,97.0,-37.8149218,144.9822582,ENV,REAL_507,Real sensor series - Fitzroy Gardens - board 507,42,real_sensor_board_507,21.991257338511826,0,normal
2015-01-05 05:35:00+00:00,22.3,Fitzroy Gardens,507,45.6,96.3,-37.8149218,144.9822582,ENV,REAL_507,Real sensor series - Fitzroy Gardens - board 507,42,real_sensor_board_507,22.05300587080946,0,normal
2015-01-05 05:45:00+00:00,23.2,Fitzroy Gardens,507,44.8,96.9,-37.8149218,144.9822582,ENV,REAL_507,Real sensor series - Fitzroy Gardens - board 507,42,real_sensor_board_507,22.10240469664757,0,normal
2015-01-05 05:55:00+00:00,22.6,Fitzroy Gardens,507,45.0,96.8,-37.8149218,144.9822582,ENV,REAL_507,Real sensor series - Fitzroy Gardens - board 507,42,real_sensor_board_507,22.141923757318057,0,normal
2015-01-05 06:05:00+00:00,22.9,Fitzroy Gardens,507,44.0,96.8,-37.8149218,144.9822582,ENV,REAL_507,Real sensor series - Fitzroy Gardens - board 507,42,real_sensor_board_507,22.173539005854447,0,normal
2015-01-05 06:20:00+00:00,22.3,Fitzroy Gardens,507,46.2,96.6,-37.8149218,144.9822582,ENV,REAL_507,Real sensor series - Fitzroy Gardens - board 507,42,real_sensor_board_507,22.19883120468356,0,normal
2015-01-05 06:30:00+00:00,20.6,Fitzroy Gardens,507,48.1,96.5,-37.8149218,144.9822582,ENV,REAL_507,Real sensor series - Fitzroy Gardens - board 507,42,real_sensor_board_507,22.07906496374685,0,normal
2015-01-05 06:40:00+00:00,21.6,Fitzroy Gardens,507,47.2,94.4,-37.8149218,144.9822582,ENV,REAL_507,Real sensor series - Fitzroy Gardens - board 507,42,real_sensor_board_507,21.78325197099748,0,normal
2015-01-05 06:50:00+00:00,19.7,Fitzroy Gardens,507,51.8,93.5,-37.8149218,144.9822582,ENV,REAL_507,Real sensor series - Fitzroy Gardens - board 507,42,real_sensor_board_507,21.366601576797986,0,normal
2015-01-05 07:00:00+00:00,19.7,Fitzroy Gardens,507,52.7,92.7,-37.8149218,144.9822582,ENV,REAL_507,Real sensor series - Fitzroy Gardens - board 507,42,real_sensor_board_507,21.03328126143839,0,normal
2015-01-05 07:10:00+00:00,19.7,Fitzroy Gardens,507,51.8,92.1,-37.8149218,144.9822582,ENV,REAL_507,Real sensor series - Fitzroy Gardens - board 507,42,real_sensor_board_507,20.766625009150715,0,normal
2015-01-05 07:20:00+00:00,19.7,Fitzroy Gardens,507,51.6,91.2,-37.8149218,144.9822582,ENV,REAL_507,Real sensor series - Fitzroy Gardens - board 507,42,real_sensor_board_507,20.553300007320573,0,normal
2015-01-05 07:30:00+00:00,19.4,Fitzroy Gardens,507,52.6,90.3,-37.8149218,144.9822582,ENV,REAL_507,Real sensor series - Fitzroy Gardens - board 507,42,real_sensor_board_507,20.322640005856456,0,normal
2015-01-05 07:40:00+00:00,19.4,Fitzroy Gardens,507,51.8,89.5,-37.8149218,144.9822582,ENV,REAL_507,Real sensor series - Fitzroy Gardens - board 507,42,real_sensor_board_507,20.138112004685166,0,normal
2015-01-05 07:50:00+00:00,19.4,Fitzroy Gardens,507,50.0,88.9,-37.8149218,144.9822582,ENV,REAL_507,Real sensor series - Fitzroy Gardens - board 507,42,real_sensor_board_507,19.99048960374813,0,normal
2015-01-05 08:00:00+00:00,19.4,Fitzroy Gardens,507,49.7,87.9,-37.8149218,144.9822582,ENV,REAL_507,Real sensor series - Fitzroy Gardens - board 507,42,real_sensor_board_507,19.872391682998504,0,normal
2015-01-05 08:10:00+00:00,19.4,Fitzroy Gardens,507,49.7,87.4,-37.8149218,144.9822582,ENV,REAL_507,Real sensor series - Fitzroy Gardens - board 507,42,real_sensor_board_507,19.777913346398805,0,normal
2015-01-05 08:20:00+00:00,19.0,Fitzroy Gardens,507,49.2,86.4,-37.8149218,144.9822582,ENV,REAL_507,Real sensor series - Fitzroy Gardens - board 507,42,real_sensor_board_507,19.622330677119045,0,normal
2015-01-05 08:30:00+00:00,18.7,Fitzroy Gardens,507,48.9,85.5,-37.8149218,144.9822582,ENV,REAL_507,Real sensor series - Fitzroy Gardens - board 507,42,real_sensor_board_507,19.437864541695237,0,normal
2015-01-05 08:40:00+00:00,18.4,Fitzroy Gardens,507,49.4,84.0,-37.8149218,144.9822582,ENV,REAL_507,Real sensor series - Fitzroy Gardens - board 507,42,real_sensor_board_507,19.230291633356188,0,normal
2015-01-05 08:50:00+00:00,18.4,Fitzroy Gardens,507,50.0,82.5,-37.8149218,144.9822582,ENV,REAL_507,Real sensor series - Fitzroy Gardens - board 507,42,real_sensor_board_507,19.06423330668495,0,normal
2015-01-05 09:00:00+00:00,18.1,Fitzroy Gardens,507,49.7,81.2,-37.8149218,144.9822582,ENV,REAL_507,Real sensor series - Fitzroy Gardens - board 507,42,real_sensor_board_507,18.87138664534796,0,normal
2015-01-05 09:10:00+00:00,17.7,Fitzroy Gardens,507,49.9,76.9,-37.8149218,144.9822582,ENV,REAL_507,Real sensor series - Fitzroy Gardens - board 507,42,real_sensor_board_507,18.63710931627837,0,normal
2015-01-05 09:20:00+00:00,17.7,Fitzroy Gardens,507,50.0,71.7,-37.8149218,144.9822582,ENV,REAL_507,Real sensor series - Fitzroy Gardens - board 507,42,real_sensor_board_507,18.449687453022698,0,normal
2015-01-05 09:35:00+00:00,17.4,Fitzroy Gardens,507,49.4,60.8,-37.8149218,144.9822582,ENV,REAL_507,Real sensor series - Fitzroy Gardens - board 507,42,real_sensor_board_507,18.23974996241816,1,weak_multivariate_excursion
2015-01-05 09:45:00+00:00,17.4,Fitzroy Gardens,507,49.1,39.2,-37.8149218,144.9822582,ENV,REAL_507,Real sensor series - Fitzroy Gardens - board 507,42,real_sensor_board_507,18.071799969934528,1,weak_multivariate_excursion
2015-01-05 09:55:00+00:00,17.4,Fitzroy Gardens,507,49.9,21.3,-37.8149218,144.9822582,ENV,REAL_507,Real sensor series - Fitzroy Gardens - board 507,42,real_sensor_board_507,17.937439975947623,1,weak_multivariate_excursion
2015-01-05 10:05:00+00:00,17.1,Fitzroy Gardens,507,50.3,8.1,-37.8149218,144.9822582,ENV,REAL_507,Real sensor series - Fitzroy Gardens - board 507,42,real_sensor_board_507,17.7699519807581,1,weak_multivariate_excursion
2015-01-05 10:15:00+00:00,14.5,Fitzroy Gardens,507,62.8,4.4,-37.8149218,144.9822582,ENV,REAL_507,Real sensor series - Fitzroy Gardens - board 507,42,real_sensor_board_507,17.575961584606482,1,weak_multivariate_excursion
2015-01-05 10:25:00+00:00,14.8,Fitzroy Gardens,507,59.5,3.9,-37.8149218,144.9822582,ENV,REAL_507,Real sensor series - Fitzroy Gardens - board 507,42,real_sensor_board_507,17.420769267685188,1,weak_multivariate_excursion
2015-01-05 10:35:00+00:00,15.5,Fitzroy Gardens,507,58.1,3.8,-37.8149218,144.9822582,ENV,REAL_507,Real sensor series - Fitzroy Gardens - board 507,42,real_sensor_board_507,17.29661541414815,0,normal
2015-01-05 10:45:00+00:00,15.8,Fitzroy Gardens,507,57.3,3.7,-37.8149218,144.9822582,ENV,REAL_507,Real sensor series - Fitzroy Gardens - board 507,42,real_sensor_board_507,17.197292331318522,0,normal
2015-01-05 10:55:00+00:00,15.8,Fitzroy Gardens,507,58.2,3.7,-37.8149218,144.9822582,ENV,REAL_507,Real sensor series - Fitzroy Gardens - board 507,42,real_sensor_board_507,17.11783386505482,0,normal
2015-01-05 11:05:00+00:00,16.1,Fitzroy Gardens,507,59.5,3.8,-37.8149218,144.9822582,ENV,REAL_507,Real sensor series - Fitzroy Gardens - board 507,42,real_sensor_board_507,17.054267092043858,0,normal
2015-01-05 11:15:00+00:00,16.5,Fitzroy Gardens,507,59.5,3.6,-37.8149218,144.9822582,ENV,REAL_507,Real sensor series - Fitzroy Gardens - board 507,42,real_sensor_board_507,17.003413673635087,0,normal
2015-01-05 11:25:00+00:00,16.5,Fitzroy Gardens,507,59.6,3.8,-37.8149218,144.9822582,ENV,REAL_507,Real sensor series - Fitzroy Gardens - board 507,42,real_sensor_board_507,16.96273093890807,0,normal
2015-01-05 11:35:00+00:00,16.5,Fitzroy Gardens,507,60.6,3.6,-37.8149218,144.9822582,ENV,REAL_507,Real sensor series - Fitzroy Gardens - board 507,42,real_sensor_board_507,16.930184751126458,0,normal
2015-01-05 11:45:00+00:00,16.5,Fitzroy Gardens,507,60.9,3.4,-37.8149218,144.9822582,ENV,REAL_507,Real sensor series - Fitzroy Gardens - board 507,42,real_sensor_board_507,16.904147800901168,0,normal
2015-01-05 11:55:00+00:00,16.5,Fitzroy Gardens,507,62.0,3.8,-37.8149218,144.9822582,ENV,REAL_507,Real sensor series - Fitzroy Gardens - board 507,42,real_sensor_board_507,16.883318240720936,0,normal
2015-01-05 12:05:00+00:00,16.5,Fitzroy Gardens,507,62.3,0.9,-37.8149218,144.9822582,ENV,REAL_507,Real sensor series - Fitzroy Gardens - board 507,42,real_sensor_board_507,16.86665459257675,0,normal
2015-01-05 12:15:00+00:00,16.5,Fitzroy Gardens,507,62.6,0.8,-37.8149218,144.9822582,ENV,REAL_507,Real sensor series - Fitzroy Gardens - board 507,42,real_sensor_board_507,16.8533236740614,0,normal
2015-01-05 12:25:00+00:00,16.8,Fitzroy Gardens,507,63.6,0.8,-37.8149218,144.9822582,ENV,REAL_507,Real sensor series - Fitzroy Gardens - board 507,42,real_sensor_board_507,16.84265893924912,0,normal
2015-01-05 12:35:00+00:00,16.8,Fitzroy Gardens,507,63.6,0.8,-37.8149218,144.9822582,ENV,REAL_507,Real sensor series - Fitzroy Gardens - board 507,42,real_sensor_board_507,16.774127151399295,0,normal
2015-01-05 12:50:00+00:00,16.8,Fitzroy Gardens,507,64.7,0.8,-37.8149218,144.9822582,ENV,REAL_507,Real sensor series - Fitzroy Gardens - board 507,42,real_sensor_board_507,16.719301721119436,0,normal
2015-01-05 13:00:00+00:00,16.8,Fitzroy Gardens,507,66.1,0.9,-37.8149218,144.9822582,ENV,REAL_507,Real sensor series - Fitzroy Gardens - board 507,42,real_sensor_board_507,16.73544137689555,0,normal
2015-01-05 13:10:00+00:00,17.1,Fitzroy Gardens,507,66.1,0.9,-37.8149218,144.9822582,ENV,REAL_507,Real sensor series - Fitzroy Gardens - board 507,42,real_sensor_board_507,16.748353101516443,0,normal
2015-01-05 13:20:00+00:00,17.4,Fitzroy Gardens,507,65.6,0.8,-37.8149218,144.9822582,ENV,REAL_507,Real sensor series - Fitzroy Gardens - board 507,42,real_sensor_board_507,16.758682481213157,0,normal
2015-01-05 13:30:00+00:00,17.1,Fitzroy Gardens,507,65.5,0.8,-37.8149218,144.9822582,ENV,REAL_507,Real sensor series - Fitzroy Gardens - board 507,42,real_sensor_board_507,16.766945984970526,0,normal
2015-01-05 13:40:00+00:00,17.1,Fitzroy Gardens,507,66.4,0.7,-37.8149218,144.9822582,ENV,REAL_507,Real sensor series - Fitzroy Gardens - board 507,42,real_sensor_board_507,16.77355678797642,0,normal
2015-01-05 13:50:00+00:00,17.1,Fitzroy Gardens,507,66.1,0.8,-37.8149218,144.9822582,ENV,REAL_507,Real sensor series - Fitzroy Gardens - board 507,42,real_sensor_board_507,16.77884543038114,0,normal
2015-01-05 14:00:00+00:00,17.1,Fitzroy Gardens,507,66.1,0.8,-37.8149218,144.9822582,ENV,REAL_507,Real sensor series - Fitzroy Gardens - board 507,42,real_sensor_board_507,16.783076344304913,0,normal
2015-01-05 14:10:00+00:00,16.8,Fitzroy Gardens,507,65.8,0.8,-37.8149218,144.9822582,ENV,REAL_507,Real sensor series - Fitzroy Gardens - board 507,42,real_sensor_board_507,16.78646107544393,0,normal
2015-01-05 14:20:00+00:00,16.8,Fitzroy Gardens,507,66.3,0.8,-37.8149218,144.9822582,ENV,REAL_507,Real sensor series - Fitzroy Gardens - board 507,42,real_sensor_board_507,16.789168860355147,0,normal
2015-01-05 14:30:00+00:00,16.8,Fitzroy Gardens,507,66.3,0.8,-37.8149218,144.9822582,ENV,REAL_507,Real sensor series - Fitzroy Gardens - board 507,42,real_sensor_board_507,16.791335088284118,0,normal
2015-01-05 14:40:00+00:00,16.8,Fitzroy Gardens,507,66.4,0.7,-37.8149218,144.9822582,ENV,REAL_507,Real sensor series - Fitzroy Gardens - board 507,42,real_sensor_board_507,16.793068070627296,0,normal
2015-01-05 14:50:00+00:00,16.1,Fitzroy Gardens,507,67.1,0.8,-37.8149218,144.9822582,ENV,REAL_507,Real sensor series - Fitzroy Gardens - board 507,42,real_sensor_board_507,16.79445445650184,0,normal
2015-01-05 15:00:00+00:00,16.1,Fitzroy Gardens,507,67.8,0.8,-37.8149218,144.9822582,ENV,REAL_507,Real sensor series - Fitzroy Gardens - board 507,42,real_sensor_board_507,16.795563565201473,0,normal
2015-01-05 15:10:00+00:00,16.1,Fitzroy Gardens,507,68.2,0.9,-37.8149218,144.9822582,ENV,REAL_507,Real sensor series - Fitzroy Gardens - board 507,42,real_sensor_board_507,16.79645085216118,0,normal
2015-01-05 15:20:00+00:00,16.8,Fitzroy Gardens,507,67.2,0.9,-37.8149218,144.9822582,ENV,REAL_507,Real sensor series - Fitzroy Gardens - board 507,42,real_sensor_board_507,16.797160681728943,0,normal
2015-01-05 15:30:00+00:00,16.8,Fitzroy Gardens,507,65.5,0.9,-37.8149218,144.9822582,ENV,REAL_507,Real sensor series - Fitzroy Gardens - board 507,42,real_sensor_board_507,16.797728545383155,0,normal
2015-01-05 15:40:00+00:00,17.1,Fitzroy Gardens,507,65.5,0.9,-37.8149218,144.9822582,ENV,REAL_507,Real sensor series - Fitzroy Gardens - board 507,42,real_sensor_board_507,16.798182836306523,0,normal
2015-01-05 15:55:00+00:00,17.1,Fitzroy Gardens,507,65.8,0.9,-37.8149218,144.9822582,ENV,REAL_507,Real sensor series - Fitzroy Gardens - board 507,42,real_sensor_board_507,16.798546269045218,0,normal
2015-01-05 16:05:00+00:00,17.1,Fitzroy Gardens,507,64.9,0.9,-37.8149218,144.9822582,ENV,REAL_507,Real sensor series - Fitzroy Gardens - board 507,42,real_sensor_board_507,16.798837015236174,0,normal
2015-01-05 16:15:00+00:00,17.1,Fitzroy Gardens,507,66.1,0.9,-37.8149218,144.9822582,ENV,REAL_507,Real sensor series - Fitzroy Gardens - board 507,42,real_sensor_board_507,16.79906961218894,0,normal
2015-01-05 16:25:00+00:00,17.1,Fitzroy Gardens,507,66.0,0.9,-37.8149218,144.9822582,ENV,REAL_507,Real sensor series - Fitzroy Gardens - board 507,42,real_sensor_board_507,16.799255689751153,0,normal
2015-01-05 16:35:00+00:00,17.1,Fitzroy Gardens,507,61.1,0.9,-37.8149218,144.9822582,ENV,REAL_507,Real sensor series - Fitzroy Gardens - board 507,42,real_sensor_board_507,16.799404551800922,0,normal
2015-01-05 16:45:00+00:00,17.1,Fitzroy Gardens,507,60.6,0.9,-37.8149218,144.9822582,ENV,REAL_507,Real sensor series - Fitzroy Gardens - board 507,42,real_sensor_board_507,16.739523641440737,0,normal
2015-01-05 16:55:00+00:00,16.8,Fitzroy Gardens,507,61.4,0.9,-37.8149218,144.9822582,ENV,REAL_507,Real sensor series - Fitzroy Gardens - board 507,42,real_sensor_board_507,16.691618913152592,0,normal
2015-01-05 17:05:00+00:00,16.5,Fitzroy Gardens,507,62.2,0.9,-37.8149218,144.9822582,ENV,REAL_507,Real sensor series - Fitzroy Gardens - board 507,42,real_sensor_board_507,16.653295130522075,0,normal
2015-01-05 17:15:00+00:00,16.5,Fitzroy Gardens,507,61.7,0.9,-37.8149218,144.9822582,ENV,REAL_507,Real sensor series - Fitzroy Gardens - board 507,42,real_sensor_board_507,16.622636104417662,0,normal
2015-01-05 17:25:00+00:00,16.5,Fitzroy Gardens,507,61.2,0.9,-37.8149218,144.9822582,ENV,REAL_507,Real sensor series - Fitzroy Gardens - board 507,42,real_sensor_board_507,16.59810888353413,0,normal
2015-01-05 17:35:00+00:00,16.5,Fitzroy Gardens,507,61.9,0.9,-37.8149218,144.9822582,ENV,REAL_507,Real sensor series - Fitzroy Gardens - board 507,42,real_sensor_board_507,16.578487106827307,0,normal
2015-01-05 17:45:00+00:00,16.8,Fitzroy Gardens,507,61.2,0.9,-37.8149218,144.9822582,ENV,REAL_507,Real sensor series - Fitzroy Gardens - board 507,42,real_sensor_board_507,16.622789685461846,0,normal
2015-01-05 17:55:00+00:00,16.5,Fitzroy Gardens,507,62.0,0.9,-37.8149218,144.9822582,ENV,REAL_507,Real sensor series - Fitzroy Gardens - board 507,42,real_sensor_board_507,16.658231748369477,0,normal
2015-01-05 18:05:00+00:00,16.5,Fitzroy Gardens,507,61.1,0.9,-37.8149218,144.9822582,ENV,REAL_507,Real sensor series - Fitzroy Gardens - board 507,42,real_sensor_board_507,16.686585398695584,0,normal
2015-01-05 18:15:00+00:00,16.5,Fitzroy Gardens,507,61.5,0.9,-37.8149218,144.9822582,ENV,REAL_507,Real sensor series - Fitzroy Gardens - board 507,42,real_sensor_board_507,16.709268318956468,0,normal
2015-01-05 18:25:00+00:00,16.5,Fitzroy Gardens,507,61.7,1.1,-37.8149218,144.9822582,ENV,REAL_507,Real sensor series - Fitzroy Gardens - board 507,42,real_sensor_board_507,16.727414655165177,0,normal
2015-01-05 18:35:00+00:00,16.5,Fitzroy Gardens,507,61.4,2.7,-37.8149218,144.9822582,ENV,REAL_507,Real sensor series - Fitzroy Gardens - board 507,42,real_sensor_board_507,16.741931724132144,0,normal
2015-01-05 18:45:00+00:00,16.5,Fitzroy Gardens,507,61.2,10.3,-37.8149218,144.9822582,ENV,REAL_507,Real sensor series - Fitzroy Gardens - board 507,42,real_sensor_board_507,16.753545379305717,1,weak_multivariate_excursion
2015-01-05 18:55:00+00:00,16.1,Fitzroy Gardens,507,61.5,30.3,-37.8149218,144.9822582,ENV,REAL_507,Real sensor series - Fitzroy Gardens - board 507,42,real_sensor_board_507,16.762836303444573,1,weak_multivariate_excursion
2015-01-05 19:10:00+00:00,16.5,Fitzroy Gardens,507,62.2,44.4,-37.8149218,144.9822582,ENV,REAL_507,Real sensor series - Fitzroy Gardens - board 507,42,real_sensor_board_507,16.770269042755658,1,weak_multivariate_excursion
2015-01-05 19:20:00+00:00,16.1,Fitzroy Gardens,507,61.4,58.6,-37.8149218,144.9822582,ENV,REAL_507,Real sensor series - Fitzroy Gardens - board 507,42,real_sensor_board_507,16.77621523420453,1,weak_multivariate_excursion
2015-01-05 19:30:00+00:00,16.5,Fitzroy Gardens,507,61.4,68.5,-37.8149218,144.9822582,ENV,REAL_507,Real sensor series - Fitzroy Gardens - board 507,42,real_sensor_board_507,16.780972187363624,1,weak_multivariate_excursion
2015-01-05 19:40:00+00:00,17.1,Fitzroy Gardens,507,61.7,78.6,-37.8149218,144.9822582,ENV,REAL_507,Real sensor series - Fitzroy Gardens - board 507,42,real_sensor_board_507,16.7847777498909,0,normal
2015-01-05 19:50:00+00:00,16.8,Fitzroy Gardens,507,61.5,81.7,-37.8149218,144.9822582,ENV,REAL_507,Real sensor series - Fitzroy Gardens - board 507,42,real_sensor_board_507,16.84782219991272,0,normal
2015-01-05 20:00:00+00:00,17.1,Fitzroy Gardens,507,61.4,85.6,-37.8149218,144.9822582,ENV,REAL_507,Real sensor series - Fitzroy Gardens - board 507,42,real_sensor_board_507,16.89825775993018,0,normal
2015-01-05 20:10:00+00:00,17.7,Fitzroy Gardens,507,60.3,91.2,-37.8149218,144.9822582,ENV,REAL_507,Real sensor series - Fitzroy Gardens - board 507,42,real_sensor_board_507,17.058606207944145,0,normal
2015-01-05 20:20:00+00:00,17.7,Fitzroy Gardens,507,58.5,89.2,-37.8149218,144.9822582,ENV,REAL_507,Real sensor series - Fitzroy Gardens - board 507,42,real_sensor_board_507,17.186884966355315,0,normal
2015-01-05 20:30:00+00:00,17.7,Fitzroy Gardens,507,58.2,90.9,-37.8149218,144.9822582,ENV,REAL_507,Real sensor series - Fitzroy Gardens - board 507,42,real_sensor_board_507,17.289507973084252,0,normal
2015-01-05 20:40:00+00:00,17.7,Fitzroy Gardens,507,57.1,91.1,-37.8149218,144.9822582,ENV,REAL_507,Real sensor series - Fitzroy Gardens - board 507,42,real_sensor_board_507,17.3716063784674,0,normal
2015-01-05 20:50:00+00:00,18.4,Fitzroy Gardens,507,57.0,92.6,-37.8149218,144.9822582,ENV,REAL_507,Real sensor series - Fitzroy Gardens - board 507,42,real_sensor_board_507,17.57728510277392,0,normal
2015-01-05 21:00:00+00:00,19.0,Fitzroy Gardens,507,56.2,94.9,-37.8149218,144.9822582,ENV,REAL_507,Real sensor series - Fitzroy Gardens - board 507,42,real_sensor_board_507,17.861828082219137,0,normal
2015-01-05 21:10:00+00:00,19.4,Fitzroy Gardens,507,54.6,93.6,-37.8149218,144.9822582,ENV,REAL_507,Real sensor series - Fitzroy Gardens - board 507,42,real_sensor_board_507,18.08946246577531,0,normal
2015-01-05 21:20:00+00:00,19.0,Fitzroy Gardens,507,55.1,93.5,-37.8149218,144.9822582,ENV,REAL_507,Real sensor series - Fitzroy Gardens - board 507,42,real_sensor_board_507,18.27156997262025,0,normal
2015-01-05 21:30:00+00:00,19.0,Fitzroy Gardens,507,54.0,94.5,-37.8149218,144.9822582,ENV,REAL_507,Real sensor series - Fitzroy Gardens - board 507,42,real_sensor_board_507,18.4972559780962,0,normal
2015-01-05 21:40:00+00:00,19.4,Fitzroy Gardens,507,54.8,94.4,-37.8149218,144.9822582,ENV,REAL_507,Real sensor series - Fitzroy Gardens - board 507,42,real_sensor_board_507,18.677804782476958,0,normal
2015-01-05 21:50:00+00:00,21.0,Fitzroy Gardens,507,48.6,95.1,-37.8149218,144.9822582,ENV,REAL_507,Real sensor series - Fitzroy Gardens - board 507,42,real_sensor_board_507,19.002243825981566,0,normal
2015-01-05 22:00:00+00:00,20.6,Fitzroy Gardens,507,50.0,96.2,-37.8149218,144.9822582,ENV,REAL_507,Real sensor series - Fitzroy Gardens - board 507,42,real_sensor_board_507,19.321795060785252,0,normal
2015-01-05 22:10:00+00:00,20.6,Fitzroy Gardens,507,49.9,95.7,-37.8149218,144.9822582,ENV,REAL_507,Real sensor series - Fitzroy Gardens - board 507,42,real_sensor_board_507,19.577436048628204,0,normal
2015-01-05 22:25:00+00:00,20.3,Fitzroy Gardens,507,50.7,95.4,-37.8149218,144.9822582,ENV,REAL_507,Real sensor series - Fitzroy Gardens - board 507,42,real_sensor_board_507,19.861948838902563,1,weak_multivariate_excursion
2015-01-08 06:00:00+00:00,23.5,Fitzroy Gardens,507,59.0,91.1,-37.8149218,144.9822582,ENV,REAL_507,Real sensor series - Fitzroy Gardens - board 507,42,real_sensor_board_507,20.46955907112205,1,weak_multivariate_excursion
2015-01-08 06:10:00+00:00,23.5,Fitzroy Gardens,507,58.7,91.3,-37.8149218,144.9822582,ENV,REAL_507,Real sensor series - Fitzroy Gardens - board 507,42,real_sensor_board_507,21.01564725689764,1,weak_multivariate_excursion
2015-01-08 06:20:00+00:00,23.2,Fitzroy Gardens,507,58.5,89.4,-37.8149218,144.9822582,ENV,REAL_507,Real sensor series - Fitzroy Gardens - board 507,42,real_sensor_board_507,21.452517805518113,0,normal
2015-01-08 06:30:00+00:00,23.2,Fitzroy Gardens,507,58.2,88.2,-37.8149218,144.9822582,ENV,REAL_507,Real sensor series - Fitzroy Gardens - board 507,42,real_sensor_board_507,21.80201424441449,0,normal
2015-01-08 06:40:00+00:00,23.2,Fitzroy Gardens,507,58.7,89.0,-37.8149218,144.9822582,ENV,REAL_507,Real sensor series - Fitzroy Gardens - board 507,42,real_sensor_board_507,22.081611395531592,0,normal
2015-01-08 06:50:00+00:00,23.5,Fitzroy Gardens,507,59.3,90.0,-37.8149218,144.9822582,ENV,REAL_507,Real sensor series - Fitzroy Gardens - board 507,42,real_sensor_board_507,22.305289116425275,0,normal
2015-01-08 07:00:00+00:00,23.2,Fitzroy Gardens,507,59.5,91.2,-37.8149218,144.9822582,ENV,REAL_507,Real sensor series - Fitzroy Gardens - board 507,42,real_sensor_board_507,22.484231293140223,0,normal
2015-01-08 07:10:00+00:00,23.5,Fitzroy Gardens,507,57.6,92.2,-37.8149218,144.9822582,ENV,REAL_507,Real sensor series - Fitzroy Gardens - board 507,42,real_sensor_board_507,22.62738503451218,0,normal
2015-01-08 07:20:00+00:00,23.9,Fitzroy Gardens,507,57.9,91.8,-37.8149218,144.9822582,ENV,REAL_507,Real sensor series - Fitzroy Gardens - board 507,42,real_sensor_board_507,22.741908027609746,0,normal
2015-01-08 07:30:00+00:00,23.9,Fitzroy Gardens,507,54.9,91.6,-37.8149218,144.9822582,ENV,REAL_507,Real sensor series - Fitzroy Gardens - board 507,42,real_sensor_board_507,22.833526422087797,0,normal
2015-01-08 07:40:00+00:00,23.5,Fitzroy Gardens,507,52.1,90.7,-37.8149218,144.9822582,ENV,REAL_507,Real sensor series - Fitzroy Gardens - board 507,42,real_sensor_board_507,22.90682113767024,0,normal
2015-01-08 07:50:00+00:00,23.2,Fitzroy Gardens,507,53.3,89.1,-37.8149218,144.9822582,ENV,REAL_507,Real sensor series - Fitzroy Gardens - board 507,42,real_sensor_board_507,22.965456910136194,0,normal
2015-01-08 08:05:00+00:00,23.5,Fitzroy Gardens,507,50.5,88.9,-37.8149218,144.9822582,ENV,REAL_507,Real sensor series - Fitzroy Gardens - board 507,42,real_sensor_board_507,23.012365528108955,0,normal
2015-01-08 08:15:00+00:00,23.5,Fitzroy Gardens,507,50.5,88.0,-37.8149218,144.9822582,ENV,REAL_507,Real sensor series - Fitzroy Gardens - board 507,42,real_sensor_board_507,23.049892422487165,0,normal
2015-01-08 08:25:00+00:00,22.9,Fitzroy Gardens,507,50.7,82.3,-37.8149218,144.9822582,ENV,REAL_507,Real sensor series - Fitzroy Gardens - board 507,42,real_sensor_board_507,23.079913937989733,0,normal
2015-01-08 08:35:00+00:00,23.2,Fitzroy Gardens,507,50.8,83.9,-37.8149218,144.9822582,ENV,REAL_507,Real sensor series - Fitzroy Gardens - board 507,42,real_sensor_board_507,23.103931150391787,0,normal
2015-01-08 08:45:00+00:00,23.2,Fitzroy Gardens,507,49.9,80.5,-37.8149218,144.9822582,ENV,REAL_507,Real sensor series - Fitzroy Gardens - board 507,42,real_sensor_board_507,23.123144920313432,0,normal
2015-01-08 08:55:00+00:00,22.9,Fitzroy Gardens,507,50.7,75.7,-37.8149218,144.9822582,ENV,REAL_507,Real sensor series - Fitzroy Gardens - board 507,42,real_sensor_board_507,23.078515936250746,0,normal
2015-01-08 09:05:00+00:00,23.2,Fitzroy Gardens,507,49.7,73.2,-37.8149218,144.9822582,ENV,REAL_507,Real sensor series - Fitzroy Gardens - board 507,42,real_sensor_board_507,23.042812749000596,0,normal
2015-01-08 09:15:00+00:00,22.3,Fitzroy Gardens,507,52.2,64.0,-37.8149218,144.9822582,ENV,REAL_507,Real sensor series - Fitzroy Gardens - board 507,42,real_sensor_board_507,22.954250199200477,0,normal
2015-01-08 09:25:00+00:00,21.9,Fitzroy Gardens,507,54.4,53.0,-37.8149218,144.9822582,ENV,REAL_507,Real sensor series - Fitzroy Gardens - board 507,42,real_sensor_board_507,22.823400159360382,1,weak_multivariate_excursion
2015-01-08 09:35:00+00:00,21.9,Fitzroy Gardens,507,54.3,34.4,-37.8149218,144.9822582,ENV,REAL_507,Real sensor series - Fitzroy Gardens - board 507,42,real_sensor_board_507,22.718720127488307,1,weak_multivariate_excursion
2015-01-08 09:45:00+00:00,22.6,Fitzroy Gardens,507,53.7,23.4,-37.8149218,144.9822582,ENV,REAL_507,Real sensor series - Fitzroy Gardens - board 507,42,real_sensor_board_507,22.63497610199065,1,weak_multivariate_excursion
2015-01-08 09:55:00+00:00,22.3,Fitzroy Gardens,507,54.9,9.1,-37.8149218,144.9822582,ENV,REAL_507,Real sensor series - Fitzroy Gardens - board 507,42,real_sensor_board_507,22.48798088159252,1,weak_multivariate_excursion
2015-01-08 10:05:00+00:00,22.3,Fitzroy Gardens,507,55.5,2.2,-37.8149218,144.9822582,ENV,REAL_507,Real sensor series - Fitzroy Gardens - board 507,42,real_sensor_board_507,22.370384705274017,1,weak_multivariate_excursion
2015-01-08 10:15:00+00:00,21.6,Fitzroy Gardens,507,57.8,0.8,-37.8149218,144.9822582,ENV,REAL_507,Real sensor series - Fitzroy Gardens - board 507,42,real_sensor_board_507,22.27630776421921,0,normal
2015-01-08 10:25:00+00:00,21.3,Fitzroy Gardens,507,58.2,0.7,-37.8149218,144.9822582,ENV,REAL_507,Real sensor series - Fitzroy Gardens - board 507,42,real_sensor_board_507,22.14104621137537,0,normal
2015-01-08 10:35:00+00:00,21.0,Fitzroy Gardens,507,59.5,0.6,-37.8149218,144.9822582,ENV,REAL_507,Real sensor series - Fitzroy Gardens - board 507,42,real_sensor_board_507,22.0328369691003,0,normal
2015-01-08 10:45:00+00:00,21.3,Fitzroy Gardens,507,58.2,0.6,-37.8149218,144.9822582,ENV,REAL_507,Real sensor series - Fitzroy Gardens - board 507,42,real_sensor_board_507,21.94626957528024,0,normal
2015-01-08 10:55:00+00:00,21.9,Fitzroy Gardens,507,56.3,0.6,-37.8149218,144.9822582,ENV,REAL_507,Real sensor series - Fitzroy Gardens - board 507,42,real_sensor_board_507,21.877015660224192,0,normal
2015-01-08 11:05:00+00:00,21.6,Fitzroy Gardens,507,57.1,0.6,-37.8149218,144.9822582,ENV,REAL_507,Real sensor series - Fitzroy Gardens - board 507,42,real_sensor_board_507,21.821612528179354,0,normal
2015-01-08 11:20:00+00:00,21.6,Fitzroy Gardens,507,58.4,0.6,-37.8149218,144.9822582,ENV,REAL_507,Real sensor series - Fitzroy Gardens - board 507,42,real_sensor_board_507,21.717290022543487,0,normal
2015-01-08 11:30:00+00:00,21.0,Fitzroy Gardens,507,60.4,0.6,-37.8149218,144.9822582,ENV,REAL_507,Real sensor series - Fitzroy Gardens - board 507,42,real_sensor_board_507,21.63383201803479,0,normal
2015-01-08 11:40:00+00:00,21.0,Fitzroy Gardens,507,61.1,0.6,-37.8149218,144.9822582,ENV,REAL_507,Real sensor series - Fitzroy Gardens - board 507,42,real_sensor_board_507,21.567065614427836,0,normal
2015-01-08 11:50:00+00:00,21.0,Fitzroy Gardens,507,62.8,1.5,-37.8149218,144.9822582,ENV,REAL_507,Real sensor series - Fitzroy Gardens - board 507,42,real_sensor_board_507,21.51365249154227,0,normal
2015-01-08 12:00:00+00:00,21.6,Fitzroy Gardens,507,61.5,0.6,-37.8149218,144.9822582,ENV,REAL_507,Real sensor series - Fitzroy Gardens - board 507,42,real_sensor_board_507,21.410921993233817,0,normal
2015-01-08 12:10:00+00:00,21.6,Fitzroy Gardens,507,61.2,0.6,-37.8149218,144.9822582,ENV,REAL_507,Real sensor series - Fitzroy Gardens - board 507,42,real_sensor_board_507,21.328737594587054,0,normal
2015-01-08 12:20:00+00:00,21.0,Fitzroy Gardens,507,63.0,0.6,-37.8149218,144.9822582,ENV,REAL_507,Real sensor series - Fitzroy Gardens - board 507,42,real_sensor_board_507,21.26299007566964,0,normal
2015-01-08 12:30:00+00:00,21.3,Fitzroy Gardens,507,60.8,0.6,-37.8149218,144.9822582,ENV,REAL_507,Real sensor series - Fitzroy Gardens - board 507,42,real_sensor_board_507,21.210392060535714,0,normal
2015-01-08 12:40:00+00:00,21.3,Fitzroy Gardens,507,60.6,0.6,-37.8149218,144.9822582,ENV,REAL_507,Real sensor series - Fitzroy Gardens - board 507,42,real_sensor_board_507,21.168313648428573,0,normal
2015-01-08 12:50:00+00:00,20.6,Fitzroy Gardens,507,64.7,0.7,-37.8149218,144.9822582,ENV,REAL_507,Real sensor series - Fitzroy Gardens - board 507,42,real_sensor_board_507,21.05465091874286,0,normal
2015-01-08 13:00:00+00:00,20.0,Fitzroy Gardens,507,68.2,0.7,-37.8149218,144.9822582,ENV,REAL_507,Real sensor series - Fitzroy Gardens - board 507,42,real_sensor_board_507,20.84372073499429,0,normal
2015-01-08 13:10:00+00:00,19.7,Fitzroy Gardens,507,68.0,0.7,-37.8149218,144.9822582,ENV,REAL_507,Real sensor series - Fitzroy Gardens - board 507,42,real_sensor_board_507,20.614976587995432,0,normal
2015-01-08 13:20:00+00:00,19.7,Fitzroy Gardens,507,67.8,0.7,-37.8149218,144.9822582,ENV,REAL_507,Real sensor series - Fitzroy Gardens - board 507,42,real_sensor_board_507,20.43198127039635,0,normal
2015-01-08 13:30:00+00:00,19.7,Fitzroy Gardens,507,68.0,0.8,-37.8149218,144.9822582,ENV,REAL_507,Real sensor series - Fitzroy Gardens - board 507,42,real_sensor_board_507,20.285585016317082,0,normal
2015-01-08 13:40:00+00:00,19.7,Fitzroy Gardens,507,68.2,0.9,-37.8149218,144.9822582,ENV,REAL_507,Real sensor series - Fitzroy Gardens - board 507,42,real_sensor_board_507,20.16846801305367,0,normal
2015-01-08 13:50:00+00:00,19.7,Fitzroy Gardens,507,68.0,0.8,-37.8149218,144.9822582,ENV,REAL_507,Real sensor series - Fitzroy Gardens - board 507,42,real_sensor_board_507,20.074774410442938,0,normal
2015-01-08 14:00:00+00:00,19.4,Fitzroy Gardens,507,67.7,0.8,-37.8149218,144.9822582,ENV,REAL_507,Real sensor series - Fitzroy Gardens - board 507,42,real_sensor_board_507,19.93981952835435,0,normal
2015-01-08 14:10:00+00:00,19.0,Fitzroy Gardens,507,67.5,0.8,-37.8149218,144.9822582,ENV,REAL_507,Real sensor series - Fitzroy Gardens - board 507,42,real_sensor_board_507,19.75185562268348,0,normal
2015-01-08 14:25:00+00:00,19.0,Fitzroy Gardens,507,66.7,0.8,-37.8149218,144.9822582,ENV,REAL_507,Real sensor series - Fitzroy Gardens - board 507,42,real_sensor_board_507,19.601484498146785,0,normal
2015-01-08 14:35:00+00:00,19.0,Fitzroy Gardens,507,66.4,0.8,-37.8149218,144.9822582,ENV,REAL_507,Real sensor series - Fitzroy Gardens - board 507,42,real_sensor_board_507,19.48118759851743,0,normal
2015-01-08 14:45:00+00:00,19.0,Fitzroy Gardens,507,66.9,0.8,-37.8149218,144.9822582,ENV,REAL_507,Real sensor series - Fitzroy Gardens - board 507,42,real_sensor_board_507,19.384950078813944,0,normal
2015-01-08 14:55:00+00:00,18.7,Fitzroy Gardens,507,66.3,0.8,-37.8149218,144.9822582,ENV,REAL_507,Real sensor series - Fitzroy Gardens - board 507,42,real_sensor_board_507,19.247960063051156,0,normal
2015-01-08 15:05:00+00:00,18.7,Fitzroy Gardens,507,66.4,0.8,-37.8149218,144.9822582,ENV,REAL_507,Real sensor series - Fitzroy Gardens - board 507,42,real_sensor_board_507,19.138368050440924,0,normal
2015-01-08 15:15:00+00:00,18.7,Fitzroy Gardens,507,66.3,0.9,-37.8149218,144.9822582,ENV,REAL_507,Real sensor series - Fitzroy Gardens - board 507,42,real_sensor_board_507,19.050694440352743,0,normal
2015-01-08 15:25:00+00:00,18.7,Fitzroy Gardens,507,66.0,0.9,-37.8149218,144.9822582,ENV,REAL_507,Real sensor series - Fitzroy Gardens - board 507,42,real_sensor_board_507,18.980555552282198,0,normal
2015-01-08 15:35:00+00:00,18.7,Fitzroy Gardens,507,66.0,0.9,-37.8149218,144.9822582,ENV,REAL_507,Real sensor series - Fitzroy Gardens - board 507,42,real_sensor_board_507,18.92444444182576,0,normal
2015-01-08 15:45:00+00:00,18.1,Fitzroy Gardens,507,66.7,0.9,-37.8149218,144.9822582,ENV,REAL_507,Real sensor series - Fitzroy Gardens - board 507,42,real_sensor_board_507,18.759555553460608,0,normal
2015-01-08 15:55:00+00:00,18.1,Fitzroy Gardens,507,66.9,0.9,-37.8149218,144.9822582,ENV,REAL_507,Real sensor series - Fitzroy Gardens - board 507,42,real_sensor_board_507,18.62764444276849,0,normal
2015-01-08 16:05:00+00:00,18.1,Fitzroy Gardens,507,66.7,0.9,-37.8149218,144.9822582,ENV,REAL_507,Real sensor series - Fitzroy Gardens - board 507,42,real_sensor_board_507,18.522115554214793,0,normal
2015-01-08 16:15:00+00:00,17.7,Fitzroy Gardens,507,65.0,0.9,-37.8149218,144.9822582,ENV,REAL_507,Real sensor series - Fitzroy Gardens - board 507,42,real_sensor_board_507,18.357692443371835,0,normal
2015-01-08 16:25:00+00:00,17.7,Fitzroy Gardens,507,64.4,0.9,-37.8149218,144.9822582,ENV,REAL_507,Real sensor series - Fitzroy Gardens - board 507,42,real_sensor_board_507,18.22615395469747,0,normal
2015-01-08 16:35:00+00:00,17.7,Fitzroy Gardens,507,64.1,0.9,-37.8149218,144.9822582,ENV,REAL_507,Real sensor series - Fitzroy Gardens - board 507,42,real_sensor_board_507,18.120923163757976,0,normal
2015-01-08 16:45:00+00:00,17.7,Fitzroy Gardens,507,63.7,0.9,-37.8149218,144.9822582,ENV,REAL_507,Real sensor series - Fitzroy Gardens - board 507,42,real_sensor_board_507,18.03673853100638,0,normal
2015-01-08 16:55:00+00:00,17.7,Fitzroy Gardens,507,63.9,0.9,-37.8149218,144.9822582,ENV,REAL_507,Real sensor series - Fitzroy Gardens - board 507,42,real_sensor_board_507,17.969390824805107,0,normal
2015-01-08 17:05:00+00:00,17.7,Fitzroy Gardens,507,63.3,0.9,-37.8149218,144.9822582,ENV,REAL_507,Real sensor series - Fitzroy Gardens - board 507,42,real_sensor_board_507,17.915512659844087,0,normal
2015-01-08 17:15:00+00:00,17.4,Fitzroy Gardens,507,64.5,0.9,-37.8149218,144.9822582,ENV,REAL_507,Real sensor series - Fitzroy Gardens - board 507,42,real_sensor_board_507,17.81241012787527,0,normal
2015-01-08 17:25:00+00:00,17.4,Fitzroy Gardens,507,64.9,0.9,-37.8149218,144.9822582,ENV,REAL_507,Real sensor series - Fitzroy Gardens - board 507,42,real_sensor_board_507,17.729928102300217,0,normal
2015-01-08 17:40:00+00:00,17.4,Fitzroy Gardens,507,64.5,0.9,-37.8149218,144.9822582,ENV,REAL_507,Real sensor series - Fitzroy Gardens - board 507,42,real_sensor_board_507,17.663942481840174,0,normal
2015-01-08 17:50:00+00:00,17.4,Fitzroy Gardens,507,65.2,0.9,-37.8149218,144.9822582,ENV,REAL_507,Real sensor series - Fitzroy Gardens - board 507,42,real_sensor_board_507,17.61115398547214,0,normal
2015-01-08 18:00:00+00:00,17.4,Fitzroy Gardens,507,65.2,0.9,-37.8149218,144.9822582,ENV,REAL_507,Real sensor series - Fitzroy Gardens - board 507,42,real_sensor_board_507,17.568923188377713,0,normal
2015-01-08 18:10:00+00:00,17.4,Fitzroy Gardens,507,65.0,0.9,-37.8149218,144.9822582,ENV,REAL_507,Real sensor series - Fitzroy Gardens - board 507,42,real_sensor_board_507,17.53513855070217,0,normal
2015-01-08 18:20:00+00:00,17.4,Fitzroy Gardens,507,65.3,0.9,-37.8149218,144.9822582,ENV,REAL_507,Real sensor series - Fitzroy Gardens - board 507,42,real_sensor_board_507,17.508110840561738,0,normal
2015-01-08 18:30:00+00:00,16.8,Fitzroy Gardens,507,67.5,0.9,-37.8149218,144.9822582,ENV,REAL_507,Real sensor series - Fitzroy Gardens - board 507,42,real_sensor_board_507,17.366488672449393,0,normal
2015-01-08 18:40:00+00:00,16.8,Fitzroy Gardens,507,67.5,1.0,-37.8149218,144.9822582,ENV,REAL_507,Real sensor series - Fitzroy Gardens - board 507,42,real_sensor_board_507,17.253190937959516,0,normal
2015-01-08 18:50:00+00:00,16.5,Fitzroy Gardens,507,68.9,1.7,-37.8149218,144.9822582,ENV,REAL_507,Real sensor series - Fitzroy Gardens - board 507,42,real_sensor_board_507,17.102552750367614,0,normal
2015-01-08 19:00:00+00:00,16.1,Fitzroy Gardens,507,71.0,5.8,-37.8149218,144.9822582,ENV,REAL_507,Real sensor series - Fitzroy Gardens - board 507,42,real_sensor_board_507,16.982042200294092,0,normal
2015-01-08 19:10:00+00:00,16.1,Fitzroy Gardens,507,71.6,9.5,-37.8149218,144.9822582,ENV,REAL_507,Real sensor series - Fitzroy Gardens - board 507,42,real_sensor_board_507,16.885633760235276,0,normal
2015-01-08 19:20:00+00:00,16.5,Fitzroy Gardens,507,72.4,18.0,-37.8149218,144.9822582,ENV,REAL_507,Real sensor series - Fitzroy Gardens - board 507,42,real_sensor_board_507,16.728507008188224,1,weak_multivariate_excursion
2015-01-08 19:30:00+00:00,16.1,Fitzroy Gardens,507,72.1,37.4,-37.8149218,144.9822582,ENV,REAL_507,Real sensor series - Fitzroy Gardens - board 507,42,real_sensor_board_507,16.602805606550582,1,weak_multivariate_excursion
2015-01-08 19:40:00+00:00,16.1,Fitzroy Gardens,507,72.1,49.3,-37.8149218,144.9822582,ENV,REAL_507,Real sensor series - Fitzroy Gardens - board 507,42,real_sensor_board_507,16.502244485240467,1,weak_multivariate_excursion
2015-01-08 19:50:00+00:00,15.8,Fitzroy Gardens,507,71.5,48.0,-37.8149218,144.9822582,ENV,REAL_507,Real sensor series - Fitzroy Gardens - board 507,42,real_sensor_board_507,16.421795588192374,0,normal
2015-01-08 20:00:00+00:00,16.1,Fitzroy Gardens,507,71.2,53.7,-37.8149218,144.9822582,ENV,REAL_507,Real sensor series - Fitzroy Gardens - board 507,42,real_sensor_board_507,16.3574364705539,0,normal
2015-01-08 20:10:00+00:00,16.5,Fitzroy Gardens,507,70.8,56.3,-37.8149218,144.9822582,ENV,REAL_507,Real sensor series - Fitzroy Gardens - board 507,42,real_sensor_board_507,16.30594917644312,0,normal
2015-01-08 20:20:00+00:00,16.1,Fitzroy Gardens,507,71.3,68.2,-37.8149218,144.9822582,ENV,REAL_507,Real sensor series - Fitzroy Gardens - board 507,42,real_sensor_board_507,16.2047593411545,0,normal
2015-01-08 20:30:00+00:00,15.8,Fitzroy Gardens,507,71.3,77.6,-37.8149218,144.9822582,ENV,REAL_507,Real sensor series - Fitzroy Gardens - board 507,42,real_sensor_board_507,16.123807472923602,0,normal
2015-01-08 20:40:00+00:00,15.8,Fitzroy Gardens,507,71.8,65.9,-37.8149218,144.9822582,ENV,REAL_507,Real sensor series - Fitzroy Gardens - board 507,42,real_sensor_board_507,16.059045978338883,0,normal
2015-01-08 20:55:00+00:00,15.8,Fitzroy Gardens,507,71.6,76.9,-37.8149218,144.9822582,ENV,REAL_507,Real sensor series - Fitzroy Gardens - board 507,42,real_sensor_board_507,16.007236782671107,0,normal
2015-01-08 21:05:00+00:00,15.8,Fitzroy Gardens,507,72.1,73.7,-37.8149218,144.9822582,ENV,REAL_507,Real sensor series - Fitzroy Gardens - board 507,42,real_sensor_board_507,15.965789426136887,0,normal
2015-01-08 21:15:00+00:00,15.8,Fitzroy Gardens,507,71.8,76.2,-37.8149218,144.9822582,ENV,REAL_507,Real sensor series - Fitzroy Gardens - board 507,42,real_sensor_board_507,15.93263154090951,0,normal
2015-01-08 21:25:00+00:00,15.8,Fitzroy Gardens,507,72.1,74.1,-37.8149218,144.9822582,ENV,REAL_507,Real sensor series - Fitzroy Gardens - board 507,42,real_sensor_board_507,15.906105232727608,0,normal
2015-01-08 21:35:00+00:00,15.5,Fitzroy Gardens,507,71.9,74.8,-37.8149218,144.9822582,ENV,REAL_507,Real sensor series - Fitzroy Gardens - board 507,42,real_sensor_board_507,15.884884186182088,0,normal
2015-01-08 21:45:00+00:00,15.5,Fitzroy Gardens,507,71.2,80.8,-37.8149218,144.9822582,ENV,REAL_507,Real sensor series - Fitzroy Gardens - board 507,42,real_sensor_board_507,15.867907348945671,0,normal
2015-01-08 21:55:00+00:00,15.5,Fitzroy Gardens,507,72.4,76.1,-37.8149218,144.9822582,ENV,REAL_507,Real sensor series - Fitzroy Gardens - board 507,42,real_sensor_board_507,15.854325879156537,0,normal
2015-01-08 22:05:00+00:00,15.2,Fitzroy Gardens,507,71.8,88.2,-37.8149218,144.9822582,ENV,REAL_507,Real sensor series - Fitzroy Gardens - board 507,42,real_sensor_board_507,15.843460703325231,0,normal
2015-01-08 22:15:00+00:00,15.5,Fitzroy Gardens,507,71.2,84.6,-37.8149218,144.9822582,ENV,REAL_507,Real sensor series - Fitzroy Gardens - board 507,42,real_sensor_board_507,15.834768562660186,0,normal
2015-01-08 22:25:00+00:00,15.5,Fitzroy Gardens,507,70.8,88.0,-37.8149218,144.9822582,ENV,REAL_507,Real sensor series - Fitzroy Gardens - board 507,42,real_sensor_board_507,15.82781485012815,0,normal
2015-01-08 22:35:00+00:00,15.5,Fitzroy Gardens,507,70.5,86.9,-37.8149218,144.9822582,ENV,REAL_507,Real sensor series - Fitzroy Gardens - board 507,42,real_sensor_board_507,15.82225188010252,0,normal
2015-01-08 22:45:00+00:00,15.5,Fitzroy Gardens,507,71.0,81.6,-37.8149218,144.9822582,ENV,REAL_507,Real sensor series - Fitzroy Gardens - board 507,42,real_sensor_board_507,15.817801504082016,0,normal
2015-01-08 22:55:00+00:00,15.2,Fitzroy Gardens,507,71.2,85.8,-37.8149218,144.9822582,ENV,REAL_507,Real sensor series - Fitzroy Gardens - board 507,42,real_sensor_board_507,15.814241203265613,0,normal
2015-01-08 23:05:00+00:00,15.5,Fitzroy Gardens,507,69.9,89.8,-37.8149218,144.9822582,ENV,REAL_507,Real sensor series - Fitzroy Gardens - board 507,42,real_sensor_board_507,15.81139296261249,0,normal
2015-01-08 23:15:00+00:00,15.5,Fitzroy Gardens,507,68.6,91.8,-37.8149218,144.9822582,ENV,REAL_507,Real sensor series - Fitzroy Gardens - board 507,42,real_sensor_board_507,15.809114370089993,0,normal
2015-01-08 23:25:00+00:00,15.2,Fitzroy Gardens,507,68.9,88.1,-37.8149218,144.9822582,ENV,REAL_507,Real sensor series - Fitzroy Gardens - board 507,42,real_sensor_board_507,15.807291496071995,0,normal
2015-01-08 23:35:00+00:00,15.2,Fitzroy Gardens,507,68.3,92.1,-37.8149218,144.9822582,ENV,REAL_507,Real sensor series - Fitzroy Gardens - board 507,42,real_sensor_board_507,15.805833196857597,0,normal
2015-01-08 23:45:00+00:00,15.5,Fitzroy Gardens,507,66.6,91.2,-37.8149218,144.9822582,ENV,REAL_507,Real sensor series - Fitzroy Gardens - board 507,42,real_sensor_board_507,15.804666557486078,0,normal
2015-01-08 23:55:00+00:00,15.8,Fitzroy Gardens,507,65.6,92.4,-37.8149218,144.9822582,ENV,REAL_507,Real sensor series - Fitzroy Gardens - board 507,42,real_sensor_board_507,15.803733245988862,0,normal
2015-01-09 00:10:00+00:00,16.1,Fitzroy Gardens,507,64.5,94.3,-37.8149218,144.9822582,ENV,REAL_507,Real sensor series - Fitzroy Gardens - board 507,42,real_sensor_board_507,15.80298659679109,0,normal
2015-01-09 00:20:00+00:00,16.8,Fitzroy Gardens,507,63.4,94.9,-37.8149218,144.9822582,ENV,REAL_507,Real sensor series - Fitzroy Gardens - board 507,42,real_sensor_board_507,15.802389277432873,0,normal
2015-01-09 00:30:00+00:00,16.5,Fitzroy Gardens,507,62.5,93.5,-37.8149218,144.9822582,ENV,REAL_507,Real sensor series - Fitzroy Gardens - board 507,42,real_sensor_board_507,15.801911421946299,0,normal
2015-01-09 00:40:00+00:00,16.5,Fitzroy Gardens,507,62.8,92.8,-37.8149218,144.9822582,ENV,REAL_507,Real sensor series - Fitzroy Gardens - board 507,42,real_sensor_board_507,15.80152913755704,0,normal
2015-01-09 00:50:00+00:00,16.1,Fitzroy Gardens,507,63.3,92.6,-37.8149218,144.9822582,ENV,REAL_507,Real sensor series - Fitzroy Gardens - board 507,42,real_sensor_board_507,15.861223310045633,0,normal
2015-01-09 01:00:00+00:00,15.8,Fitzroy Gardens,507,64.5,89.8,-37.8149218,144.9822582,ENV,REAL_507,Real sensor series - Fitzroy Gardens - board 507,42,real_sensor_board_507,15.908978648036507,0,normal
2015-01-09 01:10:00+00:00,15.8,Fitzroy Gardens,507,65.2,89.4,-37.8149218,144.9822582,ENV,REAL_507,Real sensor series - Fitzroy Gardens - board 507,42,real_sensor_board_507,15.947182918429208,0,normal
2015-01-09 01:20:00+00:00,15.8,Fitzroy Gardens,507,64.2,92.2,-37.8149218,144.9822582,ENV,REAL_507,Real sensor series - Fitzroy Gardens - board 507,42,real_sensor_board_507,15.977746334743367,0,normal
2015-01-09 01:30:00+00:00,16.1,Fitzroy Gardens,507,62.6,91.7,-37.8149218,144.9822582,ENV,REAL_507,Real sensor series - Fitzroy Gardens - board 507,42,real_sensor_board_507,16.002197067794697,0,normal
2015-01-09 01:40:00+00:00,16.5,Fitzroy Gardens,507,62.3,91.9,-37.8149218,144.9822582,ENV,REAL_507,Real sensor series - Fitzroy Gardens - board 507,42,real_sensor_board_507,16.021757654235756,0,normal
2015-01-09 01:50:00+00:00,16.1,Fitzroy Gardens,507,62.6,90.8,-37.8149218,144.9822582,ENV,REAL_507,Real sensor series - Fitzroy Gardens - board 507,42,real_sensor_board_507,16.037406123388607,0,normal
2015-01-09 02:00:00+00:00,15.8,Fitzroy Gardens,507,61.5,91.9,-37.8149218,144.9822582,ENV,REAL_507,Real sensor series - Fitzroy Gardens - board 507,42,real_sensor_board_507,16.049924898710884,0,normal
2015-01-09 02:10:00+00:00,16.1,Fitzroy Gardens,507,61.2,91.1,-37.8149218,144.9822582,ENV,REAL_507,Real sensor series - Fitzroy Gardens - board 507,42,real_sensor_board_507,16.05993991896871,0,normal
2015-01-09 02:20:00+00:00,16.1,Fitzroy Gardens,507,61.7,89.9,-37.8149218,144.9822582,ENV,REAL_507,Real sensor series - Fitzroy Gardens - board 507,42,real_sensor_board_507,16.067951935174968,0,normal
2015-01-09 02:30:00+00:00,16.5,Fitzroy Gardens,507,60.9,91.9,-37.8149218,144.9822582,ENV,REAL_507,Real sensor series - Fitzroy Gardens - board 507,42,real_sensor_board_507,16.154361548139974,0,normal
2015-01-09 02:40:00+00:00,16.5,Fitzroy Gardens,507,60.1,91.8,-37.8149218,144.9822582,ENV,REAL_507,Real sensor series - Fitzroy Gardens - board 507,42,real_sensor_board_507,16.22348923851198,0,normal
2015-01-09 02:50:00+00:00,16.1,Fitzroy Gardens,507,60.0,91.5,-37.8149218,144.9822582,ENV,REAL_507,Real sensor series - Fitzroy Gardens - board 507,42,real_sensor_board_507,16.278791390809584,0,normal
2015-01-09 03:00:00+00:00,16.1,Fitzroy Gardens,507,59.8,90.7,-37.8149218,144.9822582,ENV,REAL_507,Real sensor series - Fitzroy Gardens - board 507,42,real_sensor_board_507,16.243033112647666,0,normal
2015-01-09 03:15:00+00:00,16.1,Fitzroy Gardens,507,60.3,91.2,-37.8149218,144.9822582,ENV,REAL_507,Real sensor series - Fitzroy Gardens - board 507,42,real_sensor_board_507,16.214426490118136,0,normal
2015-01-09 03:25:00+00:00,16.1,Fitzroy Gardens,507,59.5,92.0,-37.8149218,144.9822582,ENV,REAL_507,Real sensor series - Fitzroy Gardens - board 507,42,real_sensor_board_507,16.191541192094512,0,normal
2015-01-09 03:35:00+00:00,16.5,Fitzroy Gardens,507,59.6,90.6,-37.8149218,144.9822582,ENV,REAL_507,Real sensor series - Fitzroy Gardens - board 507,42,real_sensor_board_507,16.17323295367561,0,normal
2015-01-09 03:45:00+00:00,16.5,Fitzroy Gardens,507,59.2,91.2,-37.8149218,144.9822582,ENV,REAL_507,Real sensor series - Fitzroy Gardens - board 507,42,real_sensor_board_507,16.15858636294049,0,normal
2015-01-09 03:55:00+00:00,16.5,Fitzroy Gardens,507,58.5,91.9,-37.8149218,144.9822582,ENV,REAL_507,Real sensor series - Fitzroy Gardens - board 507,42,real_sensor_board_507,16.146869090352393,0,normal
2015-01-09 04:05:00+00:00,16.5,Fitzroy Gardens,507,57.9,92.5,-37.8149218,144.9822582,ENV,REAL_507,Real sensor series - Fitzroy Gardens - board 507,42,real_sensor_board_507,16.137495272281917,0,normal
2015-01-09 04:15:00+00:00,17.1,Fitzroy Gardens,507,57.4,93.4,-37.8149218,144.9822582,ENV,REAL_507,Real sensor series - Fitzroy Gardens - board 507,42,real_sensor_board_507,16.129996217825536,0,normal
2015-01-09 04:25:00+00:00,17.1,Fitzroy Gardens,507,57.3,90.7,-37.8149218,144.9822582,ENV,REAL_507,Real sensor series - Fitzroy Gardens - board 507,42,real_sensor_board_507,16.12399697426043,0,normal
2015-01-09 04:35:00+00:00,16.5,Fitzroy Gardens,507,57.8,88.9,-37.8149218,144.9822582,ENV,REAL_507,Real sensor series - Fitzroy Gardens - board 507,42,real_sensor_board_507,16.199197579408345,0,normal
2015-01-09 04:45:00+00:00,16.8,Fitzroy Gardens,507,58.7,90.3,-37.8149218,144.9822582,ENV,REAL_507,Real sensor series - Fitzroy Gardens - board 507,42,real_sensor_board_507,16.259358063526676,0,normal
2015-01-09 04:55:00+00:00,16.5,Fitzroy Gardens,507,59.5,87.3,-37.8149218,144.9822582,ENV,REAL_507,Real sensor series - Fitzroy Gardens - board 507,42,real_sensor_board_507,16.30748645082134,0,normal
2015-01-09 05:05:00+00:00,16.5,Fitzroy Gardens,507,59.2,89.1,-37.8149218,144.9822582,ENV,REAL_507,Real sensor series - Fitzroy Gardens - board 507,42,real_sensor_board_507,16.345989160657073,0,normal
2015-01-09 05:15:00+00:00,16.1,Fitzroy Gardens,507,59.3,86.9,-37.8149218,144.9822582,ENV,REAL_507,Real sensor series - Fitzroy Gardens - board 507,42,real_sensor_board_507,16.37679132852566,0,normal
2015-01-09 05:25:00+00:00,16.1,Fitzroy Gardens,507,59.6,86.8,-37.8149218,144.9822582,ENV,REAL_507,Real sensor series - Fitzroy Gardens - board 507,42,real_sensor_board_507,16.401433062820526,0,normal
2015-01-09 05:35:00+00:00,16.1,Fitzroy Gardens,507,59.2,86.3,-37.8149218,144.9822582,ENV,REAL_507,Real sensor series - Fitzroy Gardens - board 507,42,real_sensor_board_507,16.421146450256423,0,normal
2015-01-09 05:45:00+00:00,16.1,Fitzroy Gardens,507,58.7,86.1,-37.8149218,144.9822582,ENV,REAL_507,Real sensor series - Fitzroy Gardens - board 507,42,real_sensor_board_507,16.436917160205137,0,normal
2015-01-09 05:55:00+00:00,15.5,Fitzroy Gardens,507,59.6,86.0,-37.8149218,144.9822582,ENV,REAL_507,Real sensor series - Fitzroy Gardens - board 507,42,real_sensor_board_507,16.44953372816411,0,normal
2015-01-09 06:05:00+00:00,15.8,Fitzroy Gardens,507,61.7,82.6,-37.8149218,144.9822582,ENV,REAL_507,Real sensor series - Fitzroy Gardens - board 507,42,real_sensor_board_507,16.51962698253129,0,normal
2015-01-09 06:15:00+00:00,15.5,Fitzroy Gardens,507,60.3,84.2,-37.8149218,144.9822582,ENV,REAL_507,Real sensor series - Fitzroy Gardens - board 507,42,real_sensor_board_507,16.635701586025032,0,normal
2015-01-09 06:30:00+00:00,15.8,Fitzroy Gardens,507,59.5,87.2,-37.8149218,144.9822582,ENV,REAL_507,Real sensor series - Fitzroy Gardens - board 507,42,real_sensor_board_507,16.728561268820027,1,weak_multivariate_excursion
2015-01-20 01:00:00+00:00,27.4,Fitzroy Gardens,507,35.5,96.8,-37.8149218,144.9822582,ENV,REAL_507,Real sensor series - Fitzroy Gardens - board 507,42,real_sensor_board_507,18.86284901505602,1,weak_multivariate_excursion
2015-01-20 01:10:00+00:00,27.4,Fitzroy Gardens,507,35.8,96.8,-37.8149218,144.9822582,ENV,REAL_507,Real sensor series - Fitzroy Gardens - board 507,42,real_sensor_board_507,20.570279212044817,1,weak_multivariate_excursion
2015-01-20 01:20:00+00:00,27.4,Fitzroy Gardens,507,33.9,96.6,-37.8149218,144.9822582,ENV,REAL_507,Real sensor series - Fitzroy Gardens - board 507,42,real_sensor_board_507,21.936223369635854,1,weak_multivariate_excursion
2015-01-20 01:30:00+00:00,27.4,Fitzroy Gardens,507,34.3,96.5,-37.8149218,144.9822582,ENV,REAL_507,Real sensor series - Fitzroy Gardens - board 507,42,real_sensor_board_507,23.028978695708684,0,normal
2015-01-20 01:40:00+00:00,27.4,Fitzroy Gardens,507,34.4,96.5,-37.8149218,144.9822582,ENV,REAL_507,Real sensor series - Fitzroy Gardens - board 507,42,real_sensor_board_507,23.903182956566948,0,normal
2015-01-20 01:50:00+00:00,27.4,Fitzroy Gardens,507,33.6,96.2,-37.8149218,144.9822582,ENV,REAL_507,Real sensor series - Fitzroy Gardens - board 507,42,real_sensor_board_507,24.60254636525356,0,normal
2015-01-20 02:00:00+00:00,27.4,Fitzroy Gardens,507,34.7,95.8,-37.8149218,144.9822582,ENV,REAL_507,Real sensor series - Fitzroy Gardens - board 507,42,real_sensor_board_507,25.162037092202848,0,normal
2015-01-20 02:10:00+00:00,27.7,Fitzroy Gardens,507,34.7,96.3,-37.8149218,144.9822582,ENV,REAL_507,Real sensor series - Fitzroy Gardens - board 507,42,real_sensor_board_507,25.60962967376228,0,normal
2015-01-20 02:25:00+00:00,29.0,Fitzroy Gardens,507,32.8,96.7,-37.8149218,144.9822582,ENV,REAL_507,Real sensor series - Fitzroy Gardens - board 507,42,real_sensor_board_507,26.027703739009826,0,normal
2015-01-20 02:35:00+00:00,28.4,Fitzroy Gardens,507,33.5,96.5,-37.8149218,144.9822582,ENV,REAL_507,Real sensor series - Fitzroy Gardens - board 507,42,real_sensor_board_507,26.36216299120786,0,normal
2015-01-20 02:45:00+00:00,28.4,Fitzroy Gardens,507,33.8,96.1,-37.8149218,144.9822582,ENV,REAL_507,Real sensor series - Fitzroy Gardens - board 507,42,real_sensor_board_507,26.629730392966287,0,normal
2015-01-20 02:55:00+00:00,27.7,Fitzroy Gardens,507,34.4,95.8,-37.8149218,144.9822582,ENV,REAL_507,Real sensor series - Fitzroy Gardens - board 507,42,real_sensor_board_507,26.843784314373032,0,normal
2015-01-20 03:05:00+00:00,27.7,Fitzroy Gardens,507,33.9,95.6,-37.8149218,144.9822582,ENV,REAL_507,Real sensor series - Fitzroy Gardens - board 507,42,real_sensor_board_507,27.155027451498427,0,normal
2015-01-20 03:15:00+00:00,27.4,Fitzroy Gardens,507,34.1,95.3,-37.8149218,144.9822582,ENV,REAL_507,Real sensor series - Fitzroy Gardens - board 507,42,real_sensor_board_507,27.404021961198744,0,normal
2015-01-20 03:25:00+00:00,27.7,Fitzroy Gardens,507,33.9,95.4,-37.8149218,144.9822582,ENV,REAL_507,Real sensor series - Fitzroy Gardens - board 507,42,real_sensor_board_507,27.603217568958996,0,normal
2015-01-20 03:35:00+00:00,28.4,Fitzroy Gardens,507,33.2,96.6,-37.8149218,144.9822582,ENV,REAL_507,Real sensor series - Fitzroy Gardens - board 507,42,real_sensor_board_507,27.8825740551672,0,normal
2015-01-20 03:45:00+00:00,29.0,Fitzroy Gardens,507,31.4,96.4,-37.8149218,144.9822582,ENV,REAL_507,Real sensor series - Fitzroy Gardens - board 507,42,real_sensor_board_507,28.106059244133764,0,normal
2015-01-20 03:55:00+00:00,29.7,Fitzroy Gardens,507,30.2,96.7,-37.8149218,144.9822582,ENV,REAL_507,Real sensor series - Fitzroy Gardens - board 507,42,real_sensor_board_507,28.284847395307015,0,normal
2015-01-20 04:05:00+00:00,30.3,Fitzroy Gardens,507,30.3,96.7,-37.8149218,144.9822582,ENV,REAL_507,Real sensor series - Fitzroy Gardens - board 507,42,real_sensor_board_507,28.427877916245613,0,normal
2015-01-20 04:15:00+00:00,29.7,Fitzroy Gardens,507,28.9,96.7,-37.8149218,144.9822582,ENV,REAL_507,Real sensor series - Fitzroy Gardens - board 507,42,real_sensor_board_507,28.542302332996492,0,normal
2015-01-20 04:25:00+00:00,30.0,Fitzroy Gardens,507,28.7,96.9,-37.8149218,144.9822582,ENV,REAL_507,Real sensor series - Fitzroy Gardens - board 507,42,real_sensor_board_507,28.713841866397193,0,normal
2015-01-20 04:35:00+00:00,30.6,Fitzroy Gardens,507,27.3,96.9,-37.8149218,144.9822582,ENV,REAL_507,Real sensor series - Fitzroy Gardens - board 507,42,real_sensor_board_507,28.851073493117756,0,normal
2015-01-20 04:45:00+00:00,30.6,Fitzroy Gardens,507,27.5,96.4,-37.8149218,144.9822582,ENV,REAL_507,Real sensor series - Fitzroy Gardens - board 507,42,real_sensor_board_507,28.960858794494204,0,normal
2015-01-20 04:55:00+00:00,31.0,Fitzroy Gardens,507,26.2,96.8,-37.8149218,144.9822582,ENV,REAL_507,Real sensor series - Fitzroy Gardens - board 507,42,real_sensor_board_507,29.048687035595364,0,normal
2015-01-20 05:05:00+00:00,31.3,Fitzroy Gardens,507,26.5,96.8,-37.8149218,144.9822582,ENV,REAL_507,Real sensor series - Fitzroy Gardens - board 507,42,real_sensor_board_507,29.11894962847629,0,normal
2015-01-20 05:15:00+00:00,31.3,Fitzroy Gardens,507,26.2,96.3,-37.8149218,144.9822582,ENV,REAL_507,Real sensor series - Fitzroy Gardens - board 507,42,real_sensor_board_507,29.175159702781034,0,normal
2015-01-20 05:25:00+00:00,30.3,Fitzroy Gardens,507,26.4,95.5,-37.8149218,144.9822582,ENV,REAL_507,Real sensor series - Fitzroy Gardens - board 507,42,real_sensor_board_507,29.220127762224827,0,normal
2015-01-20 05:40:00+00:00,30.0,Fitzroy Gardens,507,27.2,95.7,-37.8149218,144.9822582,ENV,REAL_507,Real sensor series - Fitzroy Gardens - board 507,42,real_sensor_board_507,29.25610220977986,0,normal
2015-01-20 05:50:00+00:00,30.3,Fitzroy Gardens,507,25.9,95.8,-37.8149218,144.9822582,ENV,REAL_507,Real sensor series - Fitzroy Gardens - board 507,42,real_sensor_board_507,29.28488176782389,0,normal
2015-01-20 06:00:00+00:00,29.4,Fitzroy Gardens,507,28.6,94.4,-37.8149218,144.9822582,ENV,REAL_507,Real sensor series - Fitzroy Gardens - board 507,42,real_sensor_board_507,29.307905414259114,0,normal
2015-01-20 06:10:00+00:00,29.0,Fitzroy Gardens,507,27.2,94.0,-37.8149218,144.9822582,ENV,REAL_507,Real sensor series - Fitzroy Gardens - board 507,42,real_sensor_board_507,29.326324331407292,0,normal
2015-01-20 06:20:00+00:00,29.0,Fitzroy Gardens,507,28.0,93.8,-37.8149218,144.9822582,ENV,REAL_507,Real sensor series - Fitzroy Gardens - board 507,42,real_sensor_board_507,29.341059465125834,0,normal
2015-01-20 06:30:00+00:00,28.7,Fitzroy Gardens,507,28.3,93.6,-37.8149218,144.9822582,ENV,REAL_507,Real sensor series - Fitzroy Gardens - board 507,42,real_sensor_board_507,29.352847572100668,0,normal
2015-01-20 06:40:00+00:00,29.7,Fitzroy Gardens,507,27.6,94.6,-37.8149218,144.9822582,ENV,REAL_507,Real sensor series - Fitzroy Gardens - board 507,42,real_sensor_board_507,29.282278057680536,0,normal
2015-01-20 06:50:00+00:00,29.7,Fitzroy Gardens,507,27.3,94.6,-37.8149218,144.9822582,ENV,REAL_507,Real sensor series - Fitzroy Gardens - board 507,42,real_sensor_board_507,29.22582244614443,0,normal
2015-01-20 07:00:00+00:00,29.4,Fitzroy Gardens,507,26.9,93.5,-37.8149218,144.9822582,ENV,REAL_507,Real sensor series - Fitzroy Gardens - board 507,42,real_sensor_board_507,29.120657956915544,0,normal
2015-01-20 07:10:00+00:00,28.4,Fitzroy Gardens,507,27.8,91.2,-37.8149218,144.9822582,ENV,REAL_507,Real sensor series - Fitzroy Gardens - board 507,42,real_sensor_board_507,28.976526365532436,0,normal
2015-01-20 07:20:00+00:00,28.1,Fitzroy Gardens,507,30.0,89.9,-37.8149218,144.9822582,ENV,REAL_507,Real sensor series - Fitzroy Gardens - board 507,42,real_sensor_board_507,28.86122109242595,0,normal
2015-01-20 07:30:00+00:00,28.1,Fitzroy Gardens,507,29.1,91.8,-37.8149218,144.9822582,ENV,REAL_507,Real sensor series - Fitzroy Gardens - board 507,42,real_sensor_board_507,28.708976873940763,0,normal
2015-01-20 07:40:00+00:00,28.4,Fitzroy Gardens,507,29.2,92.0,-37.8149218,144.9822582,ENV,REAL_507,Real sensor series - Fitzroy Gardens - board 507,42,real_sensor_board_507,28.587181499152614,0,normal
2015-01-20 07:50:00+00:00,28.1,Fitzroy Gardens,507,28.9,89.6,-37.8149218,144.9822582,ENV,REAL_507,Real sensor series - Fitzroy Gardens - board 507,42,real_sensor_board_507,28.489745199322094,0,normal
2015-01-20 08:00:00+00:00,27.4,Fitzroy Gardens,507,29.8,88.2,-37.8149218,144.9822582,ENV,REAL_507,Real sensor series - Fitzroy Gardens - board 507,42,real_sensor_board_507,28.331796159457674,0,normal
2015-01-20 08:10:00+00:00,27.7,Fitzroy Gardens,507,29.8,89.6,-37.8149218,144.9822582,ENV,REAL_507,Real sensor series - Fitzroy Gardens - board 507,42,real_sensor_board_507,28.20543692756614,0,normal
2015-01-20 08:20:00+00:00,27.7,Fitzroy Gardens,507,30.5,89.6,-37.8149218,144.9822582,ENV,REAL_507,Real sensor series - Fitzroy Gardens - board 507,42,real_sensor_board_507,28.044349542052913,0,normal
2015-01-20 08:30:00+00:00,27.4,Fitzroy Gardens,507,30.8,86.8,-37.8149218,144.9822582,ENV,REAL_507,Real sensor series - Fitzroy Gardens - board 507,42,real_sensor_board_507,27.91547963364233,0,normal
2015-01-20 08:45:00+00:00,26.8,Fitzroy Gardens,507,31.0,82.5,-37.8149218,144.9822582,ENV,REAL_507,Real sensor series - Fitzroy Gardens - board 507,42,real_sensor_board_507,27.692383706913866,0,normal
2015-01-20 08:55:00+00:00,26.5,Fitzroy Gardens,507,32.8,77.4,-37.8149218,144.9822582,ENV,REAL_507,Real sensor series - Fitzroy Gardens - board 507,42,real_sensor_board_507,27.453906965531093,0,normal
2015-01-20 09:05:00+00:00,26.1,Fitzroy Gardens,507,32.4,73.5,-37.8149218,144.9822582,ENV,REAL_507,Real sensor series - Fitzroy Gardens - board 507,42,real_sensor_board_507,27.183125572424878,0,normal
2015-01-20 09:15:00+00:00,25.5,Fitzroy Gardens,507,35.1,65.9,-37.8149218,144.9822582,ENV,REAL_507,Real sensor series - Fitzroy Gardens - board 507,42,real_sensor_board_507,26.846500457939904,0,normal
2015-01-20 09:25:00+00:00,25.5,Fitzroy Gardens,507,36.8,58.0,-37.8149218,144.9822582,ENV,REAL_507,Real sensor series - Fitzroy Gardens - board 507,42,real_sensor_board_507,26.577200366351924,1,weak_multivariate_excursion
2015-01-20 09:35:00+00:00,24.8,Fitzroy Gardens,507,38.8,41.6,-37.8149218,144.9822582,ENV,REAL_507,Real sensor series - Fitzroy Gardens - board 507,42,real_sensor_board_507,26.22176029308154,1,weak_multivariate_excursion
2015-01-20 09:45:00+00:00,24.5,Fitzroy Gardens,507,39.9,20.6,-37.8149218,144.9822582,ENV,REAL_507,Real sensor series - Fitzroy Gardens - board 507,42,real_sensor_board_507,25.877408234465236,1,weak_multivariate_excursion
2015-01-20 09:55:00+00:00,23.9,Fitzroy Gardens,507,40.9,9.2,-37.8149218,144.9822582,ENV,REAL_507,Real sensor series - Fitzroy Gardens - board 507,42,real_sensor_board_507,25.48192658757219,1,weak_multivariate_excursion
2015-01-20 10:05:00+00:00,23.9,Fitzroy Gardens,507,40.9,2.2,-37.8149218,144.9822582,ENV,REAL_507,Real sensor series - Fitzroy Gardens - board 507,42,real_sensor_board_507,25.165541270057755,1,weak_multivariate_excursion
2015-01-20 10:15:00+00:00,23.5,Fitzroy Gardens,507,41.8,0.8,-37.8149218,144.9822582,ENV,REAL_507,Real sensor series - Fitzroy Gardens - board 507,42,real_sensor_board_507,24.832433016046206,0,normal
2015-01-20 10:35:00+00:00,23.5,Fitzroy Gardens,507,42.5,0.7,-37.8149218,144.9822582,ENV,REAL_507,Real sensor series - Fitzroy Gardens - board 507,42,real_sensor_board_507,24.565946412836965,0,normal
2015-01-20 10:45:00+00:00,23.5,Fitzroy Gardens,507,42.1,0.6,-37.8149218,144.9822582,ENV,REAL_507,Real sensor series - Fitzroy Gardens - board 507,42,real_sensor_board_507,24.352757130269573,0,normal
2015-01-20 10:55:00+00:00,22.9,Fitzroy Gardens,507,43.4,0.7,-37.8149218,144.9822582,ENV,REAL_507,Real sensor series - Fitzroy Gardens - board 507,42,real_sensor_board_507,24.12220570421566,0,normal
2015-01-20 11:05:00+00:00,22.9,Fitzroy Gardens,507,44.2,0.7,-37.8149218,144.9822582,ENV,REAL_507,Real sensor series - Fitzroy Gardens - board 507,42,real_sensor_board_507,23.93776456337253,0,normal
2015-01-20 11:15:00+00:00,22.6,Fitzroy Gardens,507,44.4,0.7,-37.8149218,144.9822582,ENV,REAL_507,Real sensor series - Fitzroy Gardens - board 507,42,real_sensor_board_507,23.730211650698024,0,normal
2015-01-20 11:25:00+00:00,22.6,Fitzroy Gardens,507,45.8,0.8,-37.8149218,144.9822582,ENV,REAL_507,Real sensor series - Fitzroy Gardens - board 507,42,real_sensor_board_507,23.56416932055842,0,normal
2015-01-20 11:35:00+00:00,22.6,Fitzroy Gardens,507,45.5,0.7,-37.8149218,144.9822582,ENV,REAL_507,Real sensor series - Fitzroy Gardens - board 507,42,real_sensor_board_507,23.371335456446737,0,normal
2015-01-20 11:45:00+00:00,22.6,Fitzroy Gardens,507,46.2,0.7,-37.8149218,144.9822582,ENV,REAL_507,Real sensor series - Fitzroy Gardens - board 507,42,real_sensor_board_507,23.217068365157388,0,normal
2015-01-20 12:00:00+00:00,22.6,Fitzroy Gardens,507,47.3,0.7,-37.8149218,144.9822582,ENV,REAL_507,Real sensor series - Fitzroy Gardens - board 507,42,real_sensor_board_507,23.09365469212591,0,normal
2015-01-20 12:10:00+00:00,23.2,Fitzroy Gardens,507,45.6,0.7,-37.8149218,144.9822582,ENV,REAL_507,Real sensor series - Fitzroy Gardens - board 507,42,real_sensor_board_507,22.99492375370073,0,normal
2015-01-20 12:20:00+00:00,23.2,Fitzroy Gardens,507,44.4,0.9,-37.8149218,144.9822582,ENV,REAL_507,Real sensor series - Fitzroy Gardens - board 507,42,real_sensor_board_507,22.915939002960585,0,normal
2015-01-20 12:30:00+00:00,22.3,Fitzroy Gardens,507,47.7,0.7,-37.8149218,144.9822582,ENV,REAL_507,Real sensor series - Fitzroy Gardens - board 507,42,real_sensor_board_507,22.792751202368468,0,normal
2015-01-20 12:40:00+00:00,22.3,Fitzroy Gardens,507,48.0,0.7,-37.8149218,144.9822582,ENV,REAL_507,Real sensor series - Fitzroy Gardens - board 507,42,real_sensor_board_507,22.694200961894776,0,normal
2015-01-20 12:50:00+00:00,21.9,Fitzroy Gardens,507,46.9,0.7,-37.8149218,144.9822582,ENV,REAL_507,Real sensor series - Fitzroy Gardens - board 507,42,real_sensor_board_507,22.61536076951582,0,normal
2015-01-20 13:00:00+00:00,21.3,Fitzroy Gardens,507,50.2,0.8,-37.8149218,144.9822582,ENV,REAL_507,Real sensor series - Fitzroy Gardens - board 507,42,real_sensor_board_507,22.552288615612657,0,normal
2015-01-20 13:10:00+00:00,21.9,Fitzroy Gardens,507,48.8,0.8,-37.8149218,144.9822582,ENV,REAL_507,Real sensor series - Fitzroy Gardens - board 507,42,real_sensor_board_507,22.501830892490126,0,normal
2015-01-20 13:20:00+00:00,22.3,Fitzroy Gardens,507,47.8,0.7,-37.8149218,144.9822582,ENV,REAL_507,Real sensor series - Fitzroy Gardens - board 507,42,real_sensor_board_507,22.461464713992104,0,normal
2015-01-20 13:30:00+00:00,22.3,Fitzroy Gardens,507,49.1,0.7,-37.8149218,144.9822582,ENV,REAL_507,Real sensor series - Fitzroy Gardens - board 507,42,real_sensor_board_507,22.34917177119368,0,normal
2015-01-20 13:40:00+00:00,21.9,Fitzroy Gardens,507,48.9,0.7,-37.8149218,144.9822582,ENV,REAL_507,Real sensor series - Fitzroy Gardens - board 507,42,real_sensor_board_507,22.259337416954946,0,normal
2015-01-20 13:50:00+00:00,22.3,Fitzroy Gardens,507,47.3,0.7,-37.8149218,144.9822582,ENV,REAL_507,Real sensor series - Fitzroy Gardens - board 507,42,real_sensor_board_507,22.187469933563957,0,normal
2015-01-20 14:00:00+00:00,22.3,Fitzroy Gardens,507,47.0,0.7,-37.8149218,144.9822582,ENV,REAL_507,Real sensor series - Fitzroy Gardens - board 507,42,real_sensor_board_507,22.129975946851165,0,normal
2015-01-20 14:10:00+00:00,21.9,Fitzroy Gardens,507,47.3,0.7,-37.8149218,144.9822582,ENV,REAL_507,Real sensor series - Fitzroy Gardens - board 507,42,real_sensor_board_507,22.08398075748093,0,normal
2015-01-20 14:20:00+00:00,21.9,Fitzroy Gardens,507,47.2,0.7,-37.8149218,144.9822582,ENV,REAL_507,Real sensor series - Fitzroy Gardens - board 507,42,real_sensor_board_507,21.987184605984744,0,normal
2015-01-20 14:30:00+00:00,21.6,Fitzroy Gardens,507,47.8,0.7,-37.8149218,144.9822582,ENV,REAL_507,Real sensor series - Fitzroy Gardens - board 507,42,real_sensor_board_507,21.849747684787797,0,normal
2015-01-20 14:40:00+00:00,21.3,Fitzroy Gardens,507,53.5,0.7,-37.8149218,144.9822582,ENV,REAL_507,Real sensor series - Fitzroy Gardens - board 507,42,real_sensor_board_507,21.73979814783024,0,normal
2015-01-20 14:50:00+00:00,20.3,Fitzroy Gardens,507,57.4,0.8,-37.8149218,144.9822582,ENV,REAL_507,Real sensor series - Fitzroy Gardens - board 507,42,real_sensor_board_507,21.45183851826419,0,normal
2015-01-20 15:00:00+00:00,20.0,Fitzroy Gardens,507,59.3,0.8,-37.8149218,144.9822582,ENV,REAL_507,Real sensor series - Fitzroy Gardens - board 507,42,real_sensor_board_507,21.22147081461135,0,normal
2015-01-20 15:15:00+00:00,20.0,Fitzroy Gardens,507,59.6,0.7,-37.8149218,144.9822582,ENV,REAL_507,Real sensor series - Fitzroy Gardens - board 507,42,real_sensor_board_507,20.97717665168908,0,normal
2015-01-20 15:25:00+00:00,20.3,Fitzroy Gardens,507,57.6,0.7,-37.8149218,144.9822582,ENV,REAL_507,Real sensor series - Fitzroy Gardens - board 507,42,real_sensor_board_507,20.781741321351266,0,normal
2015-01-20 15:35:00+00:00,20.0,Fitzroy Gardens,507,58.2,0.7,-37.8149218,144.9822582,ENV,REAL_507,Real sensor series - Fitzroy Gardens - board 507,42,real_sensor_board_507,20.625393057081013,0,normal
2015-01-20 15:45:00+00:00,19.7,Fitzroy Gardens,507,57.8,0.8,-37.8149218,144.9822582,ENV,REAL_507,Real sensor series - Fitzroy Gardens - board 507,42,real_sensor_board_507,20.44031444566481,0,normal
2015-01-20 15:55:00+00:00,19.7,Fitzroy Gardens,507,55.4,0.8,-37.8149218,144.9822582,ENV,REAL_507,Real sensor series - Fitzroy Gardens - board 507,42,real_sensor_board_507,20.292251556531852,0,normal
2015-01-20 16:05:00+00:00,19.7,Fitzroy Gardens,507,54.0,0.8,-37.8149218,144.9822582,ENV,REAL_507,Real sensor series - Fitzroy Gardens - board 507,42,real_sensor_board_507,20.173801245225484,0,normal
2015-01-20 16:15:00+00:00,19.4,Fitzroy Gardens,507,54.0,0.8,-37.8149218,144.9822582,ENV,REAL_507,Real sensor series - Fitzroy Gardens - board 507,42,real_sensor_board_507,20.019040996180387,0,normal
2015-01-20 16:25:00+00:00,19.0,Fitzroy Gardens,507,53.3,0.8,-37.8149218,144.9822582,ENV,REAL_507,Real sensor series - Fitzroy Gardens - board 507,42,real_sensor_board_507,19.81523279694431,0,normal
2015-01-20 16:35:00+00:00,19.0,Fitzroy Gardens,507,51.8,0.8,-37.8149218,144.9822582,ENV,REAL_507,Real sensor series - Fitzroy Gardens - board 507,42,real_sensor_board_507,19.65218623755545,0,normal
2015-01-20 16:45:00+00:00,19.0,Fitzroy Gardens,507,51.9,0.8,-37.8149218,144.9822582,ENV,REAL_507,Real sensor series - Fitzroy Gardens - board 507,42,real_sensor_board_507,19.52174899004436,0,normal
2015-01-20 16:55:00+00:00,19.0,Fitzroy Gardens,507,50.8,0.8,-37.8149218,144.9822582,ENV,REAL_507,Real sensor series - Fitzroy Gardens - board 507,42,real_sensor_board_507,19.41739919203549,0,normal
2015-01-20 17:05:00+00:00,19.0,Fitzroy Gardens,507,51.4,0.8,-37.8149218,144.9822582,ENV,REAL_507,Real sensor series - Fitzroy Gardens - board 507,42,real_sensor_board_507,19.333919353628392,0,normal
2015-01-20 17:15:00+00:00,19.0,Fitzroy Gardens,507,51.3,0.8,-37.8149218,144.9822582,ENV,REAL_507,Real sensor series - Fitzroy Gardens - board 507,42,real_sensor_board_507,19.267135482902713,0,normal
2015-01-20 17:25:00+00:00,19.0,Fitzroy Gardens,507,51.6,0.8,-37.8149218,144.9822582,ENV,REAL_507,Real sensor series - Fitzroy Gardens - board 507,42,real_sensor_board_507,19.21370838632217,0,normal
2015-01-20 17:35:00+00:00,19.0,Fitzroy Gardens,507,51.1,0.8,-37.8149218,144.9822582,ENV,REAL_507,Real sensor series - Fitzroy Gardens - board 507,42,real_sensor_board_507,19.170966709057737,0,normal
2015-01-20 17:45:00+00:00,18.7,Fitzroy Gardens,507,52.9,0.8,-37.8149218,144.9822582,ENV,REAL_507,Real sensor series - Fitzroy Gardens - board 507,42,real_sensor_board_507,19.13677336724619,0,normal
2015-01-20 17:55:00+00:00,18.7,Fitzroy Gardens,507,53.2,0.8,-37.8149218,144.9822582,ENV,REAL_507,Real sensor series - Fitzroy Gardens - board 507,42,real_sensor_board_507,19.10941869379695,0,normal
2015-01-20 18:05:00+00:00,18.7,Fitzroy Gardens,507,52.2,0.8,-37.8149218,144.9822582,ENV,REAL_507,Real sensor series - Fitzroy Gardens - board 507,42,real_sensor_board_507,19.08753495503756,0,normal
2015-01-20 18:15:00+00:00,18.7,Fitzroy Gardens,507,51.4,0.8,-37.8149218,144.9822582,ENV,REAL_507,Real sensor series - Fitzroy Gardens - board 507,42,real_sensor_board_507,19.07002796403005,0,normal
2015-01-20 18:30:00+00:00,19.0,Fitzroy Gardens,507,49.7,0.8,-37.8149218,144.9822582,ENV,REAL_507,Real sensor series - Fitzroy Gardens - board 507,42,real_sensor_board_507,19.056022371224042,0,normal
2015-01-20 18:40:00+00:00,19.0,Fitzroy Gardens,507,49.6,0.8,-37.8149218,144.9822582,ENV,REAL_507,Real sensor series - Fitzroy Gardens - board 507,42,real_sensor_board_507,19.044817896979236,0,normal
2015-01-20 19:00:00+00:00,19.0,Fitzroy Gardens,507,50.5,2.6,-37.8149218,144.9822582,ENV,REAL_507,Real sensor series - Fitzroy Gardens - board 507,42,real_sensor_board_507,19.03585431758339,0,normal
2015-01-20 19:10:00+00:00,19.0,Fitzroy Gardens,507,51.3,11.3,-37.8149218,144.9822582,ENV,REAL_507,Real sensor series - Fitzroy Gardens - board 507,42,real_sensor_board_507,19.028683454066712,1,weak_multivariate_excursion
2015-01-20 19:20:00+00:00,19.4,Fitzroy Gardens,507,49.6,29.1,-37.8149218,144.9822582,ENV,REAL_507,Real sensor series - Fitzroy Gardens - board 507,42,real_sensor_board_507,19.10294676325337,1,weak_multivariate_excursion
2015-01-20 19:30:00+00:00,19.4,Fitzroy Gardens,507,49.2,44.0,-37.8149218,144.9822582,ENV,REAL_507,Real sensor series - Fitzroy Gardens - board 507,42,real_sensor_board_507,19.1623574106027,1,weak_multivariate_excursion
2015-01-20 19:40:00+00:00,19.4,Fitzroy Gardens,507,49.2,58.1,-37.8149218,144.9822582,ENV,REAL_507,Real sensor series - Fitzroy Gardens - board 507,42,real_sensor_board_507,19.20988592848216,1,weak_multivariate_excursion
2015-01-20 19:50:00+00:00,19.4,Fitzroy Gardens,507,49.6,67.4,-37.8149218,144.9822582,ENV,REAL_507,Real sensor series - Fitzroy Gardens - board 507,42,real_sensor_board_507,19.24790874278573,1,weak_multivariate_excursion
2015-01-20 20:00:00+00:00,19.4,Fitzroy Gardens,507,51.1,74.5,-37.8149218,144.9822582,ENV,REAL_507,Real sensor series - Fitzroy Gardens - board 507,42,real_sensor_board_507,19.278326994228582,0,normal
2015-01-20 20:10:00+00:00,19.7,Fitzroy Gardens,507,50.3,80.1,-37.8149218,144.9822582,ENV,REAL_507,Real sensor series - Fitzroy Gardens - board 507,42,real_sensor_board_507,19.362661595382868,0,normal
2015-01-20 20:20:00+00:00,20.0,Fitzroy Gardens,507,49.6,84.3,-37.8149218,144.9822582,ENV,REAL_507,Real sensor series - Fitzroy Gardens - board 507,42,real_sensor_board_507,19.490129276306295,0,normal
2015-01-20 20:30:00+00:00,20.0,Fitzroy Gardens,507,48.0,87.4,-37.8149218,144.9822582,ENV,REAL_507,Real sensor series - Fitzroy Gardens - board 507,42,real_sensor_board_507,19.59210342104504,0,normal
2015-01-20 20:40:00+00:00,20.3,Fitzroy Gardens,507,46.9,89.1,-37.8149218,144.9822582,ENV,REAL_507,Real sensor series - Fitzroy Gardens - board 507,42,real_sensor_board_507,19.73368273683603,0,normal
2015-01-20 20:50:00+00:00,20.3,Fitzroy Gardens,507,48.1,90.7,-37.8149218,144.9822582,ENV,REAL_507,Real sensor series - Fitzroy Gardens - board 507,42,real_sensor_board_507,19.846946189468824,0,normal
2015-01-20 21:00:00+00:00,20.3,Fitzroy Gardens,507,49.2,90.8,-37.8149218,144.9822582,ENV,REAL_507,Real sensor series - Fitzroy Gardens - board 507,42,real_sensor_board_507,19.93755695157506,0,normal
2015-01-20 21:10:00+00:00,20.3,Fitzroy Gardens,507,50.0,91.6,-37.8149218,144.9822582,ENV,REAL_507,Real sensor series - Fitzroy Gardens - board 507,42,real_sensor_board_507,20.01004556126005,0,normal
2015-01-20 21:20:00+00:00,21.0,Fitzroy Gardens,507,50.8,92.6,-37.8149218,144.9822582,ENV,REAL_507,Real sensor series - Fitzroy Gardens - board 507,42,real_sensor_board_507,20.20803644900804,0,normal
2015-01-20 21:35:00+00:00,21.3,Fitzroy Gardens,507,50.2,93.0,-37.8149218,144.9822582,ENV,REAL_507,Real sensor series - Fitzroy Gardens - board 507,42,real_sensor_board_507,20.426429159206435,0,normal
2015-01-20 21:45:00+00:00,21.6,Fitzroy Gardens,507,50.3,94.0,-37.8149218,144.9822582,ENV,REAL_507,Real sensor series - Fitzroy Gardens - board 507,42,real_sensor_board_507,20.66114332736515,0,normal
2015-01-20 21:55:00+00:00,22.3,Fitzroy Gardens,507,50.0,93.5,-37.8149218,144.9822582,ENV,REAL_507,Real sensor series - Fitzroy Gardens - board 507,42,real_sensor_board_507,20.90891466189212,0,normal
2015-01-20 22:05:00+00:00,21.9,Fitzroy Gardens,507,50.8,92.2,-37.8149218,144.9822582,ENV,REAL_507,Real sensor series - Fitzroy Gardens - board 507,42,real_sensor_board_507,21.1871317295137,0,normal
2015-01-20 22:15:00+00:00,22.9,Fitzroy Gardens,507,49.7,95.2,-37.8149218,144.9822582,ENV,REAL_507,Real sensor series - Fitzroy Gardens - board 507,42,real_sensor_board_507,21.52970538361096,0,normal
2015-01-20 22:25:00+00:00,23.5,Fitzroy Gardens,507,47.3,94.7,-37.8149218,144.9822582,ENV,REAL_507,Real sensor series - Fitzroy Gardens - board 507,42,real_sensor_board_507,21.923764306888767,0,normal
2015-01-20 22:35:00+00:00,24.5,Fitzroy Gardens,507,44.7,94.7,-37.8149218,144.9822582,ENV,REAL_507,Real sensor series - Fitzroy Gardens - board 507,42,real_sensor_board_507,22.439011445511014,1,weak_multivariate_excursion
2015-01-20 22:45:00+00:00,29.0,Fitzroy Gardens,507,37.9,98.0,-37.8149218,144.9822582,ENV,REAL_507,Real sensor series - Fitzroy Gardens - board 507,42,real_sensor_board_507,23.751209156408812,1,weak_multivariate_excursion
2015-01-20 22:55:00+00:00,31.0,Fitzroy Gardens,507,34.3,98.2,-37.8149218,144.9822582,ENV,REAL_507,Real sensor series - Fitzroy Gardens - board 507,42,real_sensor_board_507,25.060967325127052,1,weak_multivariate_excursion
2015-01-20 23:05:00+00:00,30.3,Fitzroy Gardens,507,31.6,98.2,-37.8149218,144.9822582,ENV,REAL_507,Real sensor series - Fitzroy Gardens - board 507,42,real_sensor_board_507,26.168773860101645,1,weak_multivariate_excursion
2015-01-20 23:25:00+00:00,31.9,Fitzroy Gardens,507,32.1,98.2,-37.8149218,144.9822582,ENV,REAL_507,Real sensor series - Fitzroy Gardens - board 507,42,real_sensor_board_507,27.135019088081318,0,normal
2015-01-20 23:35:00+00:00,31.9,Fitzroy Gardens,507,30.3,98.2,-37.8149218,144.9822582,ENV,REAL_507,Real sensor series - Fitzroy Gardens - board 507,42,real_sensor_board_507,28.028015270465055,0,normal
2015-01-20 23:45:00+00:00,32.9,Fitzroy Gardens,507,30.3,98.2,-37.8149218,144.9822582,ENV,REAL_507,Real sensor series - Fitzroy Gardens - board 507,42,real_sensor_board_507,28.802412216372044,0,normal
2015-01-20 23:55:00+00:00,32.9,Fitzroy Gardens,507,30.5,98.1,-37.8149218,144.9822582,ENV,REAL_507,Real sensor series - Fitzroy Gardens - board 507,42,real_sensor_board_507,29.421929773097634,0,normal
2015-01-21 00:05:00+00:00,33.5,Fitzroy Gardens,507,29.7,98.1,-37.8149218,144.9822582,ENV,REAL_507,Real sensor series - Fitzroy Gardens - board 507,42,real_sensor_board_507,29.99754381847811,0,normal
2015-01-21 00:15:00+00:00,32.9,Fitzroy Gardens,507,29.4,98.0,-37.8149218,144.9822582,ENV,REAL_507,Real sensor series - Fitzroy Gardens - board 507,42,real_sensor_board_507,30.458035054782492,0,normal
2015-01-21 00:25:00+00:00,32.3,Fitzroy Gardens,507,30.2,98.0,-37.8149218,144.9822582,ENV,REAL_507,Real sensor series - Fitzroy Gardens - board 507,42,real_sensor_board_507,30.826428043825995,0,normal
2015-01-21 00:35:00+00:00,32.9,Fitzroy Gardens,507,28.6,97.9,-37.8149218,144.9822582,ENV,REAL_507,Real sensor series - Fitzroy Gardens - board 507,42,real_sensor_board_507,31.121142435060797,0,normal
2015-01-21 00:50:00+00:00,34.8,Fitzroy Gardens,507,27.3,97.8,-37.8149218,144.9822582,ENV,REAL_507,Real sensor series - Fitzroy Gardens - board 507,42,real_sensor_board_507,31.35691394804864,0,normal
2015-01-21 01:00:00+00:00,34.2,Fitzroy Gardens,507,27.0,97.8,-37.8149218,144.9822582,ENV,REAL_507,Real sensor series - Fitzroy Gardens - board 507,42,real_sensor_board_507,31.545531158438912,0,normal
2015-01-21 01:10:00+00:00,33.9,Fitzroy Gardens,507,27.6,97.8,-37.8149218,144.9822582,ENV,REAL_507,Real sensor series - Fitzroy Gardens - board 507,42,real_sensor_board_507,31.69642492675113,0,normal
2015-01-21 01:20:00+00:00,33.5,Fitzroy Gardens,507,28.1,97.0,-37.8149218,144.9822582,ENV,REAL_507,Real sensor series - Fitzroy Gardens - board 507,42,real_sensor_board_507,31.877139941400905,0,normal
2015-01-21 01:30:00+00:00,32.3,Fitzroy Gardens,507,28.1,97.2,-37.8149218,144.9822582,ENV,REAL_507,Real sensor series - Fitzroy Gardens - board 507,42,real_sensor_board_507,32.081711953120724,0,normal
2015-01-21 01:40:00+00:00,32.9,Fitzroy Gardens,507,28.4,97.2,-37.8149218,144.9822582,ENV,REAL_507,Real sensor series - Fitzroy Gardens - board 507,42,real_sensor_board_507,32.24536956249658,0,normal
2015-01-21 01:50:00+00:00,30.6,Fitzroy Gardens,507,30.2,93.2,-37.8149218,144.9822582,ENV,REAL_507,Real sensor series - Fitzroy Gardens - board 507,42,real_sensor_board_507,32.37629564999726,0,normal
2015-01-21 02:00:00+00:00,32.3,Fitzroy Gardens,507,28.4,97.3,-37.8149218,144.9822582,ENV,REAL_507,Real sensor series - Fitzroy Gardens - board 507,42,real_sensor_board_507,32.48103651999781,0,normal
2015-01-21 02:10:00+00:00,31.6,Fitzroy Gardens,507,28.1,97.4,-37.8149218,144.9822582,ENV,REAL_507,Real sensor series - Fitzroy Gardens - board 507,42,real_sensor_board_507,32.564829215998245,0,normal
2015-01-21 02:20:00+00:00,32.6,Fitzroy Gardens,507,26.9,94.3,-37.8149218,144.9822582,ENV,REAL_507,Real sensor series - Fitzroy Gardens - board 507,42,real_sensor_board_507,32.6318633727986,0,normal
2015-01-21 02:30:00+00:00,32.3,Fitzroy Gardens,507,28.0,96.7,-37.8149218,144.9822582,ENV,REAL_507,Real sensor series - Fitzroy Gardens - board 507,42,real_sensor_board_507,32.68549069823888,0,normal
2015-01-21 02:40:00+00:00,33.5,Fitzroy Gardens,507,26.1,97.4,-37.8149218,144.9822582,ENV,REAL_507,Real sensor series - Fitzroy Gardens - board 507,42,real_sensor_board_507,32.7283925585911,0,normal
2015-01-21 02:50:00+00:00,33.5,Fitzroy Gardens,507,25.6,97.5,-37.8149218,144.9822582,ENV,REAL_507,Real sensor series - Fitzroy Gardens - board 507,42,real_sensor_board_507,32.76271404687289,0,normal
2015-01-21 03:00:00+00:00,33.5,Fitzroy Gardens,507,26.9,97.5,-37.8149218,144.9822582,ENV,REAL_507,Real sensor series - Fitzroy Gardens - board 507,42,real_sensor_board_507,32.79017123749831,0,normal
2015-01-21 03:10:00+00:00,34.2,Fitzroy Gardens,507,25.1,95.2,-37.8149218,144.9822582,ENV,REAL_507,Real sensor series - Fitzroy Gardens - board 507,42,real_sensor_board_507,32.81213698999865,0,normal
2015-01-21 03:20:00+00:00,31.9,Fitzroy Gardens,507,27.0,94.7,-37.8149218,144.9822582,ENV,REAL_507,Real sensor series - Fitzroy Gardens - board 507,42,real_sensor_board_507,32.82970959199892,0,normal
2015-01-21 03:30:00+00:00,31.3,Fitzroy Gardens,507,28.3,93.9,-37.8149218,144.9822582,ENV,REAL_507,Real sensor series - Fitzroy Gardens - board 507,42,real_sensor_board_507,32.84376767359914,0,normal
2015-01-21 03:40:00+00:00,31.9,Fitzroy Gardens,507,28.7,94.9,-37.8149218,144.9822582,ENV,REAL_507,Real sensor series - Fitzroy Gardens - board 507,42,real_sensor_board_507,32.85501413887931,0,normal
2015-01-21 03:50:00+00:00,32.9,Fitzroy Gardens,507,27.0,97.6,-37.8149218,144.9822582,ENV,REAL_507,Real sensor series - Fitzroy Gardens - board 507,42,real_sensor_board_507,32.864011311103454,0,normal
2015-01-21 04:05:00+00:00,34.8,Fitzroy Gardens,507,24.5,97.5,-37.8149218,144.9822582,ENV,REAL_507,Real sensor series - Fitzroy Gardens - board 507,42,real_sensor_board_507,32.87120904888276,0,normal
2015-01-21 04:15:00+00:00,34.5,Fitzroy Gardens,507,23.9,94.9,-37.8149218,144.9822582,ENV,REAL_507,Real sensor series - Fitzroy Gardens - board 507,42,real_sensor_board_507,32.87696723910621,0,normal
2015-01-21 04:25:00+00:00,33.9,Fitzroy Gardens,507,25.1,97.5,-37.8149218,144.9822582,ENV,REAL_507,Real sensor series - Fitzroy Gardens - board 507,42,real_sensor_board_507,32.881573791284964,0,normal
2015-01-21 04:35:00+00:00,32.9,Fitzroy Gardens,507,25.1,94.3,-37.8149218,144.9822582,ENV,REAL_507,Real sensor series - Fitzroy Gardens - board 507,42,real_sensor_board_507,32.88525903302797,0,normal
2015-01-21 04:45:00+00:00,31.6,Fitzroy Gardens,507,27.3,92.9,-37.8149218,144.9822582,ENV,REAL_507,Real sensor series - Fitzroy Gardens - board 507,42,real_sensor_board_507,32.88820722642238,0,normal
2015-01-21 04:55:00+00:00,30.6,Fitzroy Gardens,507,28.9,92.8,-37.8149218,144.9822582,ENV,REAL_507,Real sensor series - Fitzroy Gardens - board 507,42,real_sensor_board_507,32.89056578113791,0,normal
2015-01-21 05:05:00+00:00,33.2,Fitzroy Gardens,507,26.7,96.7,-37.8149218,144.9822582,ENV,REAL_507,Real sensor series - Fitzroy Gardens - board 507,42,real_sensor_board_507,32.89245262491033,0,normal
2015-01-21 05:15:00+00:00,31.6,Fitzroy Gardens,507,26.5,94.7,-37.8149218,144.9822582,ENV,REAL_507,Real sensor series - Fitzroy Gardens - board 507,42,real_sensor_board_507,32.89396209992826,0,normal
2015-01-21 05:25:00+00:00,32.9,Fitzroy Gardens,507,26.4,97.3,-37.8149218,144.9822582,ENV,REAL_507,Real sensor series - Fitzroy Gardens - board 507,42,real_sensor_board_507,32.89516967994261,0,normal
2015-01-21 05:35:00+00:00,33.9,Fitzroy Gardens,507,23.5,97.1,-37.8149218,144.9822582,ENV,REAL_507,Real sensor series - Fitzroy Gardens - board 507,42,real_sensor_board_507,32.77613574395409,0,normal
2015-01-21 05:45:00+00:00,34.8,Fitzroy Gardens,507,24.0,96.9,-37.8149218,144.9822582,ENV,REAL_507,Real sensor series - Fitzroy Gardens - board 507,42,real_sensor_board_507,32.600908595163276,0,normal
2015-01-21 05:55:00+00:00,34.5,Fitzroy Gardens,507,23.2,96.8,-37.8149218,144.9822582,ENV,REAL_507,Real sensor series - Fitzroy Gardens - board 507,42,real_sensor_board_507,32.46072687613062,0,normal
2015-01-21 06:05:00+00:00,33.5,Fitzroy Gardens,507,24.0,96.7,-37.8149218,144.9822582,ENV,REAL_507,Real sensor series - Fitzroy Gardens - board 507,42,real_sensor_board_507,32.3485815009045,0,normal
2015-01-21 06:15:00+00:00,32.9,Fitzroy Gardens,507,25.3,96.5,-37.8149218,144.9822582,ENV,REAL_507,Real sensor series - Fitzroy Gardens - board 507,42,real_sensor_board_507,32.258865200723605,0,normal
2015-01-21 06:25:00+00:00,32.9,Fitzroy Gardens,507,25.7,96.0,-37.8149218,144.9822582,ENV,REAL_507,Real sensor series - Fitzroy Gardens - board 507,42,real_sensor_board_507,32.12709216057888,0,normal
2015-01-21 06:35:00+00:00,32.3,Fitzroy Gardens,507,27.5,94.7,-37.8149218,144.9822582,ENV,REAL_507,Real sensor series - Fitzroy Gardens - board 507,42,real_sensor_board_507,32.02167372846311,0,normal
2015-01-21 06:45:00+00:00,31.6,Fitzroy Gardens,507,28.0,93.5,-37.8149218,144.9822582,ENV,REAL_507,Real sensor series - Fitzroy Gardens - board 507,42,real_sensor_board_507,31.937338982770488,0,normal
2015-01-21 06:55:00+00:00,31.6,Fitzroy Gardens,507,27.6,93.5,-37.8149218,144.9822582,ENV,REAL_507,Real sensor series - Fitzroy Gardens - board 507,42,real_sensor_board_507,31.869871186216393,0,normal
2015-01-21 07:05:00+00:00,31.9,Fitzroy Gardens,507,27.2,93.2,-37.8149218,144.9822582,ENV,REAL_507,Real sensor series - Fitzroy Gardens - board 507,42,real_sensor_board_507,31.695896948973115,0,normal
2015-01-21 07:20:00+00:00,30.6,Fitzroy Gardens,507,32.4,91.6,-37.8149218,144.9822582,ENV,REAL_507,Real sensor series - Fitzroy Gardens - board 507,42,real_sensor_board_507,31.476717559178493,0,normal
2015-01-21 07:30:00+00:00,31.0,Fitzroy Gardens,507,29.5,91.4,-37.8149218,144.9822582,ENV,REAL_507,Real sensor series - Fitzroy Gardens - board 507,42,real_sensor_board_507,31.301374047342797,0,normal
2015-01-21 07:40:00+00:00,30.6,Fitzroy Gardens,507,30.2,89.9,-37.8149218,144.9822582,ENV,REAL_507,Real sensor series - Fitzroy Gardens - board 507,42,real_sensor_board_507,31.16109923787424,0,normal
2015-01-21 07:50:00+00:00,30.6,Fitzroy Gardens,507,30.2,89.3,-37.8149218,144.9822582,ENV,REAL_507,Real sensor series - Fitzroy Gardens - board 507,42,real_sensor_board_507,31.048879390299394,0,normal
2015-01-21 08:00:00+00:00,30.3,Fitzroy Gardens,507,30.8,88.8,-37.8149218,144.9822582,ENV,REAL_507,Real sensor series - Fitzroy Gardens - board 507,42,real_sensor_board_507,30.89910351223952,0,normal
2015-01-21 08:10:00+00:00,30.3,Fitzroy Gardens,507,30.6,87.9,-37.8149218,144.9822582,ENV,REAL_507,Real sensor series - Fitzroy Gardens - board 507,42,real_sensor_board_507,30.779282809791617,0,normal
2015-01-21 08:20:00+00:00,30.0,Fitzroy Gardens,507,31.3,87.7,-37.8149218,144.9822582,ENV,REAL_507,Real sensor series - Fitzroy Gardens - board 507,42,real_sensor_board_507,30.623426247833294,0,normal
2015-01-21 08:30:00+00:00,29.7,Fitzroy Gardens,507,31.7,87.6,-37.8149218,144.9822582,ENV,REAL_507,Real sensor series - Fitzroy Gardens - board 507,42,real_sensor_board_507,30.43874099826664,0,normal
2015-01-21 08:40:00+00:00,29.7,Fitzroy Gardens,507,33.3,87.7,-37.8149218,144.9822582,ENV,REAL_507,Real sensor series - Fitzroy Gardens - board 507,42,real_sensor_board_507,30.290992798613313,0,normal
2015-01-21 08:50:00+00:00,29.4,Fitzroy Gardens,507,34.1,86.2,-37.8149218,144.9822582,ENV,REAL_507,Real sensor series - Fitzroy Gardens - board 507,42,real_sensor_board_507,30.11279423889065,0,normal
2015-01-21 09:00:00+00:00,29.0,Fitzroy Gardens,507,35.4,83.9,-37.8149218,144.9822582,ENV,REAL_507,Real sensor series - Fitzroy Gardens - board 507,42,real_sensor_board_507,29.890235391112522,0,normal
2015-01-21 09:10:00+00:00,28.7,Fitzroy Gardens,507,36.3,79.0,-37.8149218,144.9822582,ENV,REAL_507,Real sensor series - Fitzroy Gardens - board 507,42,real_sensor_board_507,29.65218831289002,0,normal
2015-01-21 09:20:00+00:00,28.4,Fitzroy Gardens,507,38.0,75.8,-37.8149218,144.9822582,ENV,REAL_507,Real sensor series - Fitzroy Gardens - board 507,42,real_sensor_board_507,29.401750650312017,0,normal
2015-01-21 09:30:00+00:00,28.1,Fitzroy Gardens,507,39.5,67.4,-37.8149218,144.9822582,ENV,REAL_507,Real sensor series - Fitzroy Gardens - board 507,42,real_sensor_board_507,29.141400520249615,1,weak_multivariate_excursion
2015-01-21 09:40:00+00:00,27.7,Fitzroy Gardens,507,40.3,52.4,-37.8149218,144.9822582,ENV,REAL_507,Real sensor series - Fitzroy Gardens - board 507,42,real_sensor_board_507,28.853120416199694,1,weak_multivariate_excursion
2015-01-21 09:50:00+00:00,27.4,Fitzroy Gardens,507,41.7,26.0,-37.8149218,144.9822582,ENV,REAL_507,Real sensor series - Fitzroy Gardens - board 507,42,real_sensor_board_507,28.562496332959757,1,weak_multivariate_excursion
2015-01-21 10:00:00+00:00,27.4,Fitzroy Gardens,507,42.0,6.7,-37.8149218,144.9822582,ENV,REAL_507,Real sensor series - Fitzroy Gardens - board 507,42,real_sensor_board_507,28.329997066367806,1,weak_multivariate_excursion
2015-01-21 10:10:00+00:00,21.9,Fitzroy Gardens,507,59.6,4.1,-37.8149218,144.9822582,ENV,REAL_507,Real sensor series - Fitzroy Gardens - board 507,42,real_sensor_board_507,27.443997653094247,1,weak_multivariate_excursion
2015-01-21 10:25:00+00:00,22.3,Fitzroy Gardens,507,64.4,3.6,-37.8149218,144.9822582,ENV,REAL_507,Real sensor series - Fitzroy Gardens - board 507,42,real_sensor_board_507,26.5951981224754,1,weak_multivariate_excursion
2015-01-21 10:35:00+00:00,23.2,Fitzroy Gardens,507,57.8,3.5,-37.8149218,144.9822582,ENV,REAL_507,Real sensor series - Fitzroy Gardens - board 507,42,real_sensor_board_507,25.91615849798032,0,normal
2015-01-21 10:45:00+00:00,22.9,Fitzroy Gardens,507,57.6,3.6,-37.8149218,144.9822582,ENV,REAL_507,Real sensor series - Fitzroy Gardens - board 507,42,real_sensor_board_507,25.372926798384256,0,normal
2015-01-21 10:55:00+00:00,22.9,Fitzroy Gardens,507,58.1,3.4,-37.8149218,144.9822582,ENV,REAL_507,Real sensor series - Fitzroy Gardens - board 507,42,real_sensor_board_507,24.938341438707408,0,normal
2015-01-21 11:05:00+00:00,23.2,Fitzroy Gardens,507,56.7,3.5,-37.8149218,144.9822582,ENV,REAL_507,Real sensor series - Fitzroy Gardens - board 507,42,real_sensor_board_507,24.590673150965927,0,normal
2015-01-21 11:15:00+00:00,23.9,Fitzroy Gardens,507,58.1,3.4,-37.8149218,144.9822582,ENV,REAL_507,Real sensor series - Fitzroy Gardens - board 507,42,real_sensor_board_507,24.312538520772744,0,normal
2015-01-21 11:25:00+00:00,23.2,Fitzroy Gardens,507,58.5,3.5,-37.8149218,144.9822582,ENV,REAL_507,Real sensor series - Fitzroy Gardens - board 507,42,real_sensor_board_507,24.030030816618194,0,normal
2015-01-21 11:35:00+00:00,22.9,Fitzroy Gardens,507,59.2,3.5,-37.8149218,144.9822582,ENV,REAL_507,Real sensor series - Fitzroy Gardens - board 507,42,real_sensor_board_507,23.804024653294555,0,normal
2015-01-21 11:45:00+00:00,22.6,Fitzroy Gardens,507,60.0,3.5,-37.8149218,144.9822582,ENV,REAL_507,Real sensor series - Fitzroy Gardens - board 507,42,real_sensor_board_507,23.623219722635646,0,normal
2015-01-21 11:55:00+00:00,22.3,Fitzroy Gardens,507,60.9,3.5,-37.8149218,144.9822582,ENV,REAL_507,Real sensor series - Fitzroy Gardens - board 507,42,real_sensor_board_507,23.47857577810852,0,normal
2015-01-21 12:15:00+00:00,21.6,Fitzroy Gardens,507,60.1,0.6,-37.8149218,144.9822582,ENV,REAL_507,Real sensor series - Fitzroy Gardens - board 507,42,real_sensor_board_507,23.36286062248682,0,normal
2015-01-21 12:25:00+00:00,21.6,Fitzroy Gardens,507,60.1,0.6,-37.8149218,144.9822582,ENV,REAL_507,Real sensor series - Fitzroy Gardens - board 507,42,real_sensor_board_507,23.270288497989455,0,normal
2015-01-21 12:35:00+00:00,21.3,Fitzroy Gardens,507,60.6,0.7,-37.8149218,144.9822582,ENV,REAL_507,Real sensor series - Fitzroy Gardens - board 507,42,real_sensor_board_507,23.196230798391568,0,normal
2015-01-21 12:45:00+00:00,21.0,Fitzroy Gardens,507,60.0,0.6,-37.8149218,144.9822582,ENV,REAL_507,Real sensor series - Fitzroy Gardens - board 507,42,real_sensor_board_507,23.13698463871326,0,normal
2015-01-21 12:55:00+00:00,20.6,Fitzroy Gardens,507,60.8,0.7,-37.8149218,144.9822582,ENV,REAL_507,Real sensor series - Fitzroy Gardens - board 507,42,real_sensor_board_507,23.089587710970605,0,normal
2015-01-21 13:05:00+00:00,20.3,Fitzroy Gardens,507,61.1,0.7,-37.8149218,144.9822582,ENV,REAL_507,Real sensor series - Fitzroy Gardens - board 507,42,real_sensor_board_507,23.051670168776482,1,weak_multivariate_excursion
2015-01-21 22:30:00+00:00,21.3,Fitzroy Gardens,507,59.5,95.2,-37.8149218,144.9822582,ENV,REAL_507,Real sensor series - Fitzroy Gardens - board 507,42,real_sensor_board_507,23.081336135021186,1,weak_multivariate_excursion
2015-01-21 23:35:00+00:00,27.7,Fitzroy Gardens,507,45.1,98.1,-37.8149218,144.9822582,ENV,REAL_507,Real sensor series - Fitzroy Gardens - board 507,42,real_sensor_board_507,23.10506890801695,1,weak_multivariate_excursion
2015-01-21 23:45:00+00:00,30.6,Fitzroy Gardens,507,43.7,98.1,-37.8149218,144.9822582,ENV,REAL_507,Real sensor series - Fitzroy Gardens - board 507,42,real_sensor_board_507,23.124055126413563,1,weak_multivariate_excursion
2015-01-21 23:55:00+00:00,29.4,Fitzroy Gardens,507,43.6,98.1,-37.8149218,144.9822582,ENV,REAL_507,Real sensor series - Fitzroy Gardens - board 507,42,real_sensor_board_507,23.139244101130853,1,weak_multivariate_excursion
2015-01-22 22:20:00+00:00,22.3,Fitzroy Gardens,507,47.0,94.5,-37.8149218,144.9822582,ENV,REAL_507,Real sensor series - Fitzroy Gardens - board 507,42,real_sensor_board_507,23.211395280904682,1,weak_multivariate_excursion
2015-01-22 22:30:00+00:00,22.6,Fitzroy Gardens,507,48.5,94.6,-37.8149218,144.9822582,ENV,REAL_507,Real sensor series - Fitzroy Gardens - board 507,42,real_sensor_board_507,23.269116224723746,1,weak_multivariate_excursion
2015-01-22 22:40:00+00:00,24.5,Fitzroy Gardens,507,45.8,97.8,-37.8149218,144.9822582,ENV,REAL_507,Real sensor series - Fitzroy Gardens - board 507,42,real_sensor_board_507,23.515292979778998,0,normal
2015-01-22 22:50:00+00:00,25.8,Fitzroy Gardens,507,44.2,98.0,-37.8149218,144.9822582,ENV,REAL_507,Real sensor series - Fitzroy Gardens - board 507,42,real_sensor_board_507,23.7122343838232,0,normal
2015-01-22 23:00:00+00:00,26.1,Fitzroy Gardens,507,41.7,98.1,-37.8149218,144.9822582,ENV,REAL_507,Real sensor series - Fitzroy Gardens - board 507,42,real_sensor_board_507,23.929787507058563,0,normal
2015-01-22 23:10:00+00:00,27.1,Fitzroy Gardens,507,39.5,98.1,-37.8149218,144.9822582,ENV,REAL_507,Real sensor series - Fitzroy Gardens - board 507,42,real_sensor_board_507,24.103830005646852,0,normal
2015-01-22 23:20:00+00:00,27.4,Fitzroy Gardens,507,36.0,98.1,-37.8149218,144.9822582,ENV,REAL_507,Real sensor series - Fitzroy Gardens - board 507,42,real_sensor_board_507,24.243064004517485,0,normal
2015-01-22 23:30:00+00:00,27.7,Fitzroy Gardens,507,33.0,98.1,-37.8149218,144.9822582,ENV,REAL_507,Real sensor series - Fitzroy Gardens - board 507,42,real_sensor_board_507,24.35445120361399,0,normal
2015-01-22 23:40:00+00:00,26.8,Fitzroy Gardens,507,31.4,98.1,-37.8149218,144.9822582,ENV,REAL_507,Real sensor series - Fitzroy Gardens - board 507,42,real_sensor_board_507,24.443560962891194,0,normal
2015-01-22 23:50:00+00:00,26.8,Fitzroy Gardens,507,29.2,98.1,-37.8149218,144.9822582,ENV,REAL_507,Real sensor series - Fitzroy Gardens - board 507,42,real_sensor_board_507,24.51484877031296,1,weak_multivariate_excursion
2015-01-23 00:40:00+00:00,22.3,Fitzroy Gardens,507,40.7,96.1,-37.8149218,144.9822582,ENV,REAL_507,Real sensor series - Fitzroy Gardens - board 507,42,real_sensor_board_507,24.57187901625037,1,weak_multivariate_excursion
2015-01-23 01:05:00+00:00,25.2,Fitzroy Gardens,507,46.6,97.8,-37.8149218,144.9822582,ENV,REAL_507,Real sensor series - Fitzroy Gardens - board 507,42,real_sensor_board_507,24.617503213000298,1,weak_multivariate_excursion
2015-01-23 01:15:00+00:00,26.5,Fitzroy Gardens,507,46.1,97.8,-37.8149218,144.9822582,ENV,REAL_507,Real sensor series - Fitzroy Gardens - board 507,42,real_sensor_board_507,24.65400257040024,0,normal
2015-01-23 01:25:00+00:00,23.2,Fitzroy Gardens,507,50.3,97.2,-37.8149218,144.9822582,ENV,REAL_507,Real sensor series - Fitzroy Gardens - board 507,42,real_sensor_board_507,24.683202056320194,0,normal
2015-01-23 01:35:00+00:00,24.8,Fitzroy Gardens,507,43.6,96.9,-37.8149218,144.9822582,ENV,REAL_507,Real sensor series - Fitzroy Gardens - board 507,42,real_sensor_board_507,24.70656164505616,0,normal
2015-01-23 01:45:00+00:00,23.5,Fitzroy Gardens,507,39.9,96.9,-37.8149218,144.9822582,ENV,REAL_507,Real sensor series - Fitzroy Gardens - board 507,42,real_sensor_board_507,24.665249316044928,0,normal
2015-01-23 01:55:00+00:00,24.8,Fitzroy Gardens,507,38.2,97.0,-37.8149218,144.9822582,ENV,REAL_507,Real sensor series - Fitzroy Gardens - board 507,42,real_sensor_board_507,24.63219945283594,0,normal
2015-01-23 02:05:00+00:00,24.8,Fitzroy Gardens,507,38.4,97.3,-37.8149218,144.9822582,ENV,REAL_507,Real sensor series - Fitzroy Gardens - board 507,42,real_sensor_board_507,24.60575956226875,0,normal
2015-01-23 02:15:00+00:00,23.9,Fitzroy Gardens,507,39.2,97.1,-37.8149218,144.9822582,ENV,REAL_507,Real sensor series - Fitzroy Gardens - board 507,42,real_sensor_board_507,24.584607649815005,0,normal
2015-01-23 02:25:00+00:00,25.5,Fitzroy Gardens,507,37.4,97.0,-37.8149218,144.9822582,ENV,REAL_507,Real sensor series - Fitzroy Gardens - board 507,42,real_sensor_board_507,24.567686119852006,0,normal
2015-01-23 02:45:00+00:00,24.8,Fitzroy Gardens,507,44.2,97.0,-37.8149218,144.9822582,ENV,REAL_507,Real sensor series - Fitzroy Gardens - board 507,42,real_sensor_board_507,24.494148895881604,0,normal
2015-01-23 02:55:00+00:00,25.2,Fitzroy Gardens,507,46.4,97.0,-37.8149218,144.9822582,ENV,REAL_507,Real sensor series - Fitzroy Gardens - board 507,42,real_sensor_board_507,24.375319116705285,0,normal
2015-01-23 03:05:00+00:00,23.2,Fitzroy Gardens,507,47.8,97.0,-37.8149218,144.9822582,ENV,REAL_507,Real sensor series - Fitzroy Gardens - board 507,42,real_sensor_board_507,24.28025529336423,0,normal
2015-01-23 03:15:00+00:00,24.5,Fitzroy Gardens,507,47.2,97.1,-37.8149218,144.9822582,ENV,REAL_507,Real sensor series - Fitzroy Gardens - board 507,42,real_sensor_board_507,24.124204234691387,0,normal
2015-01-23 03:25:00+00:00,24.5,Fitzroy Gardens,507,45.9,97.1,-37.8149218,144.9822582,ENV,REAL_507,Real sensor series - Fitzroy Gardens - board 507,42,real_sensor_board_507,23.99936338775311,0,normal
2015-01-23 03:35:00+00:00,24.2,Fitzroy Gardens,507,46.2,97.1,-37.8149218,144.9822582,ENV,REAL_507,Real sensor series - Fitzroy Gardens - board 507,42,real_sensor_board_507,23.83949071020249,0,normal
2015-01-23 03:45:00+00:00,22.6,Fitzroy Gardens,507,48.8,96.4,-37.8149218,144.9822582,ENV,REAL_507,Real sensor series - Fitzroy Gardens - board 507,42,real_sensor_board_507,23.711592568161993,0,normal
2015-01-23 03:55:00+00:00,23.2,Fitzroy Gardens,507,48.5,96.8,-37.8149218,144.9822582,ENV,REAL_507,Real sensor series - Fitzroy Gardens - board 507,42,real_sensor_board_507,23.609274054529596,0,normal
2015-01-23 05:00:00+00:00,21.9,Fitzroy Gardens,507,47.5,97.2,-37.8149218,144.9822582,ENV,REAL_507,Real sensor series - Fitzroy Gardens - board 507,42,real_sensor_board_507,23.52741924362368,0,normal
2015-01-23 05:10:00+00:00,21.3,Fitzroy Gardens,507,46.9,97.2,-37.8149218,144.9822582,ENV,REAL_507,Real sensor series - Fitzroy Gardens - board 507,42,real_sensor_board_507,23.461935394898944,0,normal
2015-01-23 05:20:00+00:00,23.9,Fitzroy Gardens,507,44.0,97.1,-37.8149218,144.9822582,ENV,REAL_507,Real sensor series - Fitzroy Gardens - board 507,42,real_sensor_board_507,23.409548315919157,0,normal
2015-01-23 05:30:00+00:00,23.5,Fitzroy Gardens,507,43.3,96.9,-37.8149218,144.9822582,ENV,REAL_507,Real sensor series - Fitzroy Gardens - board 507,42,real_sensor_board_507,23.247638652735326,0,normal
2015-01-23 05:40:00+00:00,23.2,Fitzroy Gardens,507,44.5,96.8,-37.8149218,144.9822582,ENV,REAL_507,Real sensor series - Fitzroy Gardens - board 507,42,real_sensor_board_507,23.11811092218826,0,normal
2015-01-23 05:50:00+00:00,21.9,Fitzroy Gardens,507,45.5,96.7,-37.8149218,144.9822582,ENV,REAL_507,Real sensor series - Fitzroy Gardens - board 507,42,real_sensor_board_507,23.01448873775061,0,normal
2015-01-23 06:00:00+00:00,23.2,Fitzroy Gardens,507,44.0,96.6,-37.8149218,144.9822582,ENV,REAL_507,Real sensor series - Fitzroy Gardens - board 507,42,real_sensor_board_507,22.93159099020049,0,normal
2015-01-23 06:10:00+00:00,21.0,Fitzroy Gardens,507,46.7,96.4,-37.8149218,144.9822582,ENV,REAL_507,Real sensor series - Fitzroy Gardens - board 507,42,real_sensor_board_507,22.865272792160393,0,normal
2015-01-23 06:20:00+00:00,21.6,Fitzroy Gardens,507,46.9,96.3,-37.8149218,144.9822582,ENV,REAL_507,Real sensor series - Fitzroy Gardens - board 507,42,real_sensor_board_507,22.812218233728316,0,normal
2015-01-23 06:30:00+00:00,21.3,Fitzroy Gardens,507,48.5,94.6,-37.8149218,144.9822582,ENV,REAL_507,Real sensor series - Fitzroy Gardens - board 507,42,real_sensor_board_507,22.769774586982653,0,normal
2015-01-23 06:40:00+00:00,20.3,Fitzroy Gardens,507,49.2,93.9,-37.8149218,144.9822582,ENV,REAL_507,Real sensor series - Fitzroy Gardens - board 507,42,real_sensor_board_507,22.675819669586122,0,normal
2015-01-23 06:50:00+00:00,20.3,Fitzroy Gardens,507,47.8,93.4,-37.8149218,144.9822582,ENV,REAL_507,Real sensor series - Fitzroy Gardens - board 507,42,real_sensor_board_507,22.600655735668898,0,normal
2015-01-23 07:00:00+00:00,20.0,Fitzroy Gardens,507,47.5,92.4,-37.8149218,144.9822582,ENV,REAL_507,Real sensor series - Fitzroy Gardens - board 507,42,real_sensor_board_507,22.46052458853512,0,normal
2015-01-23 07:10:00+00:00,20.3,Fitzroy Gardens,507,47.8,91.6,-37.8149218,144.9822582,ENV,REAL_507,Real sensor series - Fitzroy Gardens - board 507,42,real_sensor_board_507,22.348419670828093,0,normal
2015-01-23 07:25:00+00:00,19.4,Fitzroy Gardens,507,48.6,90.9,-37.8149218,144.9822582,ENV,REAL_507,Real sensor series - Fitzroy Gardens - board 507,42,real_sensor_board_507,22.258735736662473,0,normal
2015-01-23 07:35:00+00:00,20.0,Fitzroy Gardens,507,47.2,90.9,-37.8149218,144.9822582,ENV,REAL_507,Real sensor series - Fitzroy Gardens - board 507,42,real_sensor_board_507,22.186988589329978,0,normal
2015-01-23 07:45:00+00:00,19.7,Fitzroy Gardens,507,48.0,89.1,-37.8149218,144.9822582,ENV,REAL_507,Real sensor series - Fitzroy Gardens - board 507,42,real_sensor_board_507,22.069590871463983,0,normal
2015-01-23 07:55:00+00:00,19.4,Fitzroy Gardens,507,49.6,88.5,-37.8149218,144.9822582,ENV,REAL_507,Real sensor series - Fitzroy Gardens - board 507,42,real_sensor_board_507,21.975672697171188,0,normal
2015-01-23 08:25:00+00:00,18.7,Fitzroy Gardens,507,51.4,86.0,-37.8149218,144.9822582,ENV,REAL_507,Real sensor series - Fitzroy Gardens - board 507,42,real_sensor_board_507,21.84053815773695,1,weak_multivariate_excursion
2015-01-28 05:25:00+00:00,24.5,Fitzroy Gardens,507,28.9,93.8,-37.8149218,144.9822582,ENV,REAL_507,Real sensor series - Fitzroy Gardens - board 507,42,real_sensor_board_507,21.732430526189564,1,weak_multivariate_excursion
2015-01-28 05:35:00+00:00,24.5,Fitzroy Gardens,507,29.7,92.7,-37.8149218,144.9822582,ENV,REAL_507,Real sensor series - Fitzroy Gardens - board 507,42,real_sensor_board_507,21.585944420951652,1,weak_multivariate_excursion
2015-01-28 05:55:00+00:00,23.2,Fitzroy Gardens,507,30.0,93.8,-37.8149218,144.9822582,ENV,REAL_507,Real sensor series - Fitzroy Gardens - board 507,42,real_sensor_board_507,21.46875553676132,0,normal
2015-01-28 06:10:00+00:00,23.9,Fitzroy Gardens,507,28.4,96.5,-37.8149218,144.9822582,ENV,REAL_507,Real sensor series - Fitzroy Gardens - board 507,42,real_sensor_board_507,21.375004429409056,0,normal
2015-01-28 06:20:00+00:00,23.9,Fitzroy Gardens,507,29.2,95.6,-37.8149218,144.9822582,ENV,REAL_507,Real sensor series - Fitzroy Gardens - board 507,42,real_sensor_board_507,21.300003543527247,0,normal
2015-01-28 06:30:00+00:00,22.6,Fitzroy Gardens,507,30.2,93.6,-37.8149218,144.9822582,ENV,REAL_507,Real sensor series - Fitzroy Gardens - board 507,42,real_sensor_board_507,21.1000028348218,0,normal
2015-01-28 06:40:00+00:00,22.3,Fitzroy Gardens,507,30.3,94.4,-37.8149218,144.9822582,ENV,REAL_507,Real sensor series - Fitzroy Gardens - board 507,42,real_sensor_board_507,20.940002267857444,0,normal
2015-01-28 06:50:00+00:00,22.3,Fitzroy Gardens,507,29.8,94.1,-37.8149218,144.9822582,ENV,REAL_507,Real sensor series - Fitzroy Gardens - board 507,42,real_sensor_board_507,20.812001814285956,0,normal
2015-01-28 07:00:00+00:00,21.9,Fitzroy Gardens,507,30.0,94.1,-37.8149218,144.9822582,ENV,REAL_507,Real sensor series - Fitzroy Gardens - board 507,42,real_sensor_board_507,20.709601451428767,0,normal
2015-01-28 07:10:00+00:00,22.3,Fitzroy Gardens,507,31.0,92.8,-37.8149218,144.9822582,ENV,REAL_507,Real sensor series - Fitzroy Gardens - board 507,42,real_sensor_board_507,20.627681161143016,0,normal
2015-01-28 07:20:00+00:00,21.3,Fitzroy Gardens,507,31.3,90.3,-37.8149218,144.9822582,ENV,REAL_507,Real sensor series - Fitzroy Gardens - board 507,42,real_sensor_board_507,20.502144928914415,0,normal
2015-01-28 07:30:00+00:00,21.0,Fitzroy Gardens,507,32.5,90.5,-37.8149218,144.9822582,ENV,REAL_507,Real sensor series - Fitzroy Gardens - board 507,42,real_sensor_board_507,20.40171594313153,0,normal
2015-01-28 07:40:00+00:00,21.0,Fitzroy Gardens,507,32.8,88.3,-37.8149218,144.9822582,ENV,REAL_507,Real sensor series - Fitzroy Gardens - board 507,42,real_sensor_board_507,20.261372754505228,0,normal
2015-01-28 07:50:00+00:00,21.0,Fitzroy Gardens,507,32.5,87.4,-37.8149218,144.9822582,ENV,REAL_507,Real sensor series - Fitzroy Gardens - board 507,42,real_sensor_board_507,20.149098203604183,0,normal
2015-01-28 08:00:00+00:00,20.3,Fitzroy Gardens,507,33.2,86.4,-37.8149218,144.9822582,ENV,REAL_507,Real sensor series - Fitzroy Gardens - board 507,42,real_sensor_board_507,20.05927856288335,0,normal
2015-01-28 08:50:00+00:00,19.7,Fitzroy Gardens,507,34.1,79.1,-37.8149218,144.9822582,ENV,REAL_507,Real sensor series - Fitzroy Gardens - board 507,42,real_sensor_board_507,19.987422850306682,0,normal
2015-01-28 09:15:00+00:00,19.0,Fitzroy Gardens,507,35.1,70.2,-37.8149218,144.9822582,ENV,REAL_507,Real sensor series - Fitzroy Gardens - board 507,42,real_sensor_board_507,19.789938280245348,0,normal
2015-01-28 09:25:00+00:00,18.7,Fitzroy Gardens,507,35.5,61.7,-37.8149218,144.9822582,ENV,REAL_507,Real sensor series - Fitzroy Gardens - board 507,42,real_sensor_board_507,19.63195062419628,1,weak_multivariate_excursion
2015-01-28 09:35:00+00:00,18.4,Fitzroy Gardens,507,36.3,47.6,-37.8149218,144.9822582,ENV,REAL_507,Real sensor series - Fitzroy Gardens - board 507,42,real_sensor_board_507,19.505560499357024,1,weak_multivariate_excursion
2015-01-28 09:45:00+00:00,18.4,Fitzroy Gardens,507,36.5,25.6,-37.8149218,144.9822582,ENV,REAL_507,Real sensor series - Fitzroy Gardens - board 507,42,real_sensor_board_507,19.40444839948562,1,weak_multivariate_excursion
2015-01-28 09:55:00+00:00,18.4,Fitzroy Gardens,507,37.1,7.3,-37.8149218,144.9822582,ENV,REAL_507,Real sensor series - Fitzroy Gardens - board 507,42,real_sensor_board_507,19.323558719588497,1,weak_multivariate_excursion
2015-01-28 10:05:00+00:00,17.7,Fitzroy Gardens,507,38.5,1.6,-37.8149218,144.9822582,ENV,REAL_507,Real sensor series - Fitzroy Gardens - board 507,42,real_sensor_board_507,19.2588469756708,1,weak_multivariate_excursion
2015-01-28 10:15:00+00:00,17.7,Fitzroy Gardens,507,39.0,0.8,-37.8149218,144.9822582,ENV,REAL_507,Real sensor series - Fitzroy Gardens - board 507,42,real_sensor_board_507,19.20707758053664,0,normal
2015-01-28 10:25:00+00:00,17.7,Fitzroy Gardens,507,39.3,0.8,-37.8149218,144.9822582,ENV,REAL_507,Real sensor series - Fitzroy Gardens - board 507,42,real_sensor_board_507,19.165662064429313,0,normal
2015-01-28 10:35:00+00:00,17.4,Fitzroy Gardens,507,40.6,0.7,-37.8149218,144.9822582,ENV,REAL_507,Real sensor series - Fitzroy Gardens - board 507,42,real_sensor_board_507,19.13252965154345,0,normal
2015-01-28 10:45:00+00:00,17.4,Fitzroy Gardens,507,40.7,0.7,-37.8149218,144.9822582,ENV,REAL_507,Real sensor series - Fitzroy Gardens - board 507,42,real_sensor_board_507,19.10602372123476,0,normal
2015-01-28 11:05:00+00:00,17.1,Fitzroy Gardens,507,41.5,0.8,-37.8149218,144.9822582,ENV,REAL_507,Real sensor series - Fitzroy Gardens - board 507,42,real_sensor_board_507,19.08481897698781,0,normal
2015-01-28 11:15:00+00:00,16.8,Fitzroy Gardens,507,41.2,0.8,-37.8149218,144.9822582,ENV,REAL_507,Real sensor series - Fitzroy Gardens - board 507,42,real_sensor_board_507,19.067855181590247,0,normal
2015-01-28 11:25:00+00:00,16.8,Fitzroy Gardens,507,41.0,0.8,-37.8149218,144.9822582,ENV,REAL_507,Real sensor series - Fitzroy Gardens - board 507,42,real_sensor_board_507,19.0542841452722,0,normal
2015-01-28 11:35:00+00:00,16.5,Fitzroy Gardens,507,41.4,0.8,-37.8149218,144.9822582,ENV,REAL_507,Real sensor series - Fitzroy Gardens - board 507,42,real_sensor_board_507,19.04342731621776,0,normal
2015-01-28 11:45:00+00:00,16.1,Fitzroy Gardens,507,41.8,0.8,-37.8149218,144.9822582,ENV,REAL_507,Real sensor series - Fitzroy Gardens - board 507,42,real_sensor_board_507,19.034741852974207,0,normal
2015-01-28 11:55:00+00:00,16.1,Fitzroy Gardens,507,42.6,0.8,-37.8149218,144.9822582,ENV,REAL_507,Real sensor series - Fitzroy Gardens - board 507,42,real_sensor_board_507,19.027793482379366,1,weak_multivariate_excursion
2015-02-03 01:45:00+00:00,20.3,Fitzroy Gardens,507,41.2,96.7,-37.8149218,144.9822582,ENV,REAL_507,Real sensor series - Fitzroy Gardens - board 507,42,real_sensor_board_507,19.022234785903493,1,weak_multivariate_excursion
2015-02-03 01:55:00+00:00,20.6,Fitzroy Gardens,507,41.5,97.0,-37.8149218,144.9822582,ENV,REAL_507,Real sensor series - Fitzroy Gardens - board 507,42,real_sensor_board_507,19.097787828722794,1,weak_multivariate_excursion
2015-02-03 02:05:00+00:00,19.4,Fitzroy Gardens,507,39.9,96.8,-37.8149218,144.9822582,ENV,REAL_507,Real sensor series - Fitzroy Gardens - board 507,42,real_sensor_board_507,19.158230262978236,0,normal
2015-02-03 02:15:00+00:00,19.7,Fitzroy Gardens,507,41.2,96.8,-37.8149218,144.9822582,ENV,REAL_507,Real sensor series - Fitzroy Gardens - board 507,42,real_sensor_board_507,19.20658421038259,0,normal
2015-02-03 02:25:00+00:00,20.0,Fitzroy Gardens,507,42.5,96.9,-37.8149218,144.9822582,ENV,REAL_507,Real sensor series - Fitzroy Gardens - board 507,42,real_sensor_board_507,19.245267368306074,0,normal
2015-02-03 02:35:00+00:00,19.4,Fitzroy Gardens,507,41.5,96.9,-37.8149218,144.9822582,ENV,REAL_507,Real sensor series - Fitzroy Gardens - board 507,42,real_sensor_board_507,19.276213894644858,0,normal
2015-02-03 02:45:00+00:00,19.7,Fitzroy Gardens,507,42.3,96.9,-37.8149218,144.9822582,ENV,REAL_507,Real sensor series - Fitzroy Gardens - board 507,42,real_sensor_board_507,19.360971115715888,0,normal
2015-02-03 02:55:00+00:00,20.6,Fitzroy Gardens,507,41.0,97.1,-37.8149218,144.9822582,ENV,REAL_507,Real sensor series - Fitzroy Gardens - board 507,42,real_sensor_board_507,19.42877689257271,0,normal
2015-02-03 03:10:00+00:00,19.4,Fitzroy Gardens,507,42.6,97.1,-37.8149218,144.9822582,ENV,REAL_507,Real sensor series - Fitzroy Gardens - board 507,42,real_sensor_board_507,19.48302151405817,0,normal
2015-02-03 03:20:00+00:00,19.7,Fitzroy Gardens,507,44.2,97.2,-37.8149218,144.9822582,ENV,REAL_507,Real sensor series - Fitzroy Gardens - board 507,42,real_sensor_board_507,19.526417211246535,0,normal
2015-02-03 03:30:00+00:00,21.0,Fitzroy Gardens,507,41.8,96.0,-37.8149218,144.9822582,ENV,REAL_507,Real sensor series - Fitzroy Gardens - board 507,42,real_sensor_board_507,19.56113376899723,0,normal
2015-02-03 03:40:00+00:00,20.3,Fitzroy Gardens,507,41.8,97.1,-37.8149218,144.9822582,ENV,REAL_507,Real sensor series - Fitzroy Gardens - board 507,42,real_sensor_board_507,19.588907015197787,0,normal
2015-02-03 03:50:00+00:00,19.0,Fitzroy Gardens,507,42.8,97.1,-37.8149218,144.9822582,ENV,REAL_507,Real sensor series - Fitzroy Gardens - board 507,42,real_sensor_board_507,19.61112561215823,0,normal
2015-02-03 04:40:00+00:00,20.0,Fitzroy Gardens,507,38.7,97.2,-37.8149218,144.9822582,ENV,REAL_507,Real sensor series - Fitzroy Gardens - board 507,42,real_sensor_board_507,19.628900489726586,0,normal
2015-02-03 04:50:00+00:00,19.4,Fitzroy Gardens,507,40.1,97.2,-37.8149218,144.9822582,ENV,REAL_507,Real sensor series - Fitzroy Gardens - board 507,42,real_sensor_board_507,19.64312039178127,0,normal
2015-02-03 05:00:00+00:00,21.0,Fitzroy Gardens,507,37.9,97.3,-37.8149218,144.9822582,ENV,REAL_507,Real sensor series - Fitzroy Gardens - board 507,42,real_sensor_board_507,19.654496313425017,0,normal
2015-02-03 05:10:00+00:00,20.0,Fitzroy Gardens,507,40.7,97.3,-37.8149218,144.9822582,ENV,REAL_507,Real sensor series - Fitzroy Gardens - board 507,42,real_sensor_board_507,19.663597050740016,0,normal
2015-02-03 05:20:00+00:00,21.6,Fitzroy Gardens,507,38.7,97.2,-37.8149218,144.9822582,ENV,REAL_507,Real sensor series - Fitzroy Gardens - board 507,42,real_sensor_board_507,19.61087764059201,0,normal
2015-02-03 05:30:00+00:00,20.6,Fitzroy Gardens,507,42.0,97.1,-37.8149218,144.9822582,ENV,REAL_507,Real sensor series - Fitzroy Gardens - board 507,42,real_sensor_board_507,19.56870211247361,0,normal
2015-02-03 05:40:00+00:00,21.0,Fitzroy Gardens,507,41.5,97.0,-37.8149218,144.9822582,ENV,REAL_507,Real sensor series - Fitzroy Gardens - board 507,42,real_sensor_board_507,19.53496168997889,0,normal
2015-02-03 05:50:00+00:00,19.0,Fitzroy Gardens,507,42.3,96.7,-37.8149218,144.9822582,ENV,REAL_507,Real sensor series - Fitzroy Gardens - board 507,42,real_sensor_board_507,19.50796935198311,0,normal
2015-02-03 06:00:00+00:00,20.6,Fitzroy Gardens,507,41.0,96.5,-37.8149218,144.9822582,ENV,REAL_507,Real sensor series - Fitzroy Gardens - board 507,42,real_sensor_board_507,19.40637548158649,0,normal
2015-02-03 06:10:00+00:00,20.3,Fitzroy Gardens,507,39.2,96.0,-37.8149218,144.9822582,ENV,REAL_507,Real sensor series - Fitzroy Gardens - board 507,42,real_sensor_board_507,19.32510038526919,0,normal
2015-02-03 06:25:00+00:00,18.7,Fitzroy Gardens,507,43.4,95.2,-37.8149218,144.9822582,ENV,REAL_507,Real sensor series - Fitzroy Gardens - board 507,42,real_sensor_board_507,19.260080308215354,0,normal
2015-02-03 06:35:00+00:00,18.1,Fitzroy Gardens,507,44.2,94.6,-37.8149218,144.9822582,ENV,REAL_507,Real sensor series - Fitzroy Gardens - board 507,42,real_sensor_board_507,19.208064246572285,0,normal
2015-02-03 06:45:00+00:00,18.1,Fitzroy Gardens,507,45.6,94.2,-37.8149218,144.9822582,ENV,REAL_507,Real sensor series - Fitzroy Gardens - board 507,42,real_sensor_board_507,19.166451397257827,0,normal
2015-02-03 06:55:00+00:00,18.1,Fitzroy Gardens,507,45.9,92.9,-37.8149218,144.9822582,ENV,REAL_507,Real sensor series - Fitzroy Gardens - board 507,42,real_sensor_board_507,19.133161117806264,0,normal
2015-02-03 07:05:00+00:00,17.1,Fitzroy Gardens,507,48.5,91.9,-37.8149218,144.9822582,ENV,REAL_507,Real sensor series - Fitzroy Gardens - board 507,42,real_sensor_board_507,19.106528894245013,0,normal
2015-02-03 07:15:00+00:00,18.1,Fitzroy Gardens,507,45.6,92.4,-37.8149218,144.9822582,ENV,REAL_507,Real sensor series - Fitzroy Gardens - board 507,42,real_sensor_board_507,19.085223115396012,0,normal
2015-02-03 07:25:00+00:00,17.4,Fitzroy Gardens,507,46.6,88.4,-37.8149218,144.9822582,ENV,REAL_507,Real sensor series - Fitzroy Gardens - board 507,42,real_sensor_board_507,19.06817849231681,0,normal
2015-02-03 07:35:00+00:00,17.4,Fitzroy Gardens,507,46.7,88.5,-37.8149218,144.9822582,ENV,REAL_507,Real sensor series - Fitzroy Gardens - board 507,42,real_sensor_board_507,19.05454279385345,0,normal
2015-02-03 07:45:00+00:00,16.8,Fitzroy Gardens,507,47.7,87.4,-37.8149218,144.9822582,ENV,REAL_507,Real sensor series - Fitzroy Gardens - board 507,42,real_sensor_board_507,19.04363423508276,0,normal
2015-02-03 08:15:00+00:00,16.8,Fitzroy Gardens,507,50.0,87.9,-37.8149218,144.9822582,ENV,REAL_507,Real sensor series - Fitzroy Gardens - board 507,42,real_sensor_board_507,19.03490738806621,0,normal
2015-02-23 05:00:00+00:00,19.0,Fitzroy Gardens,507,62.3,90.3,-37.8149218,144.9822582,ENV,REAL_507,Real sensor series - Fitzroy Gardens - board 507,42,real_sensor_board_507,19.027925910452968,0,normal
2015-02-23 05:10:00+00:00,19.0,Fitzroy Gardens,507,62.8,87.9,-37.8149218,144.9822582,ENV,REAL_507,Real sensor series - Fitzroy Gardens - board 507,42,real_sensor_board_507,19.022340728362376,0,normal
2015-02-23 05:20:00+00:00,19.0,Fitzroy Gardens,507,61.7,88.4,-37.8149218,144.9822582,ENV,REAL_507,Real sensor series - Fitzroy Gardens - board 507,42,real_sensor_board_507,19.0178725826899,0,normal
2015-02-23 05:30:00+00:00,19.0,Fitzroy Gardens,507,60.4,90.2,-37.8149218,144.9822582,ENV,REAL_507,Real sensor series - Fitzroy Gardens - board 507,42,real_sensor_board_507,19.01429806615192,0,normal
2015-02-23 05:40:00+00:00,19.4,Fitzroy Gardens,507,59.6,91.7,-37.8149218,144.9822582,ENV,REAL_507,Real sensor series - Fitzroy Gardens - board 507,42,real_sensor_board_507,18.951438452921536,0,normal
2015-02-23 05:50:00+00:00,19.4,Fitzroy Gardens,507,58.2,91.4,-37.8149218,144.9822582,ENV,REAL_507,Real sensor series - Fitzroy Gardens - board 507,42,real_sensor_board_507,18.90115076233723,0,normal
2015-02-23 06:00:00+00:00,19.4,Fitzroy Gardens,507,58.7,90.1,-37.8149218,144.9822582,ENV,REAL_507,Real sensor series - Fitzroy Gardens - board 507,42,real_sensor_board_507,18.800920609869785,0,normal
2015-02-23 06:10:00+00:00,19.0,Fitzroy Gardens,507,59.2,91.0,-37.8149218,144.9822582,ENV,REAL_507,Real sensor series - Fitzroy Gardens - board 507,42,real_sensor_board_507,18.720736487895827,0,normal
2015-02-23 06:20:00+00:00,19.0,Fitzroy Gardens,507,60.8,89.1,-37.8149218,144.9822582,ENV,REAL_507,Real sensor series - Fitzroy Gardens - board 507,42,real_sensor_board_507,18.656589190316662,0,normal
2015-02-23 06:30:00+00:00,19.4,Fitzroy Gardens,507,60.1,91.7,-37.8149218,144.9822582,ENV,REAL_507,Real sensor series - Fitzroy Gardens - board 507,42,real_sensor_board_507,18.605271352253332,0,normal
2015-02-23 06:40:00+00:00,19.0,Fitzroy Gardens,507,58.7,91.1,-37.8149218,144.9822582,ENV,REAL_507,Real sensor series - Fitzroy Gardens - board 507,42,real_sensor_board_507,18.564217081802667,0,normal
2015-02-23 06:50:00+00:00,19.0,Fitzroy Gardens,507,58.1,91.2,-37.8149218,144.9822582,ENV,REAL_507,Real sensor series - Fitzroy Gardens - board 507,42,real_sensor_board_507,18.531373665442132,0,normal
2015-02-23 07:00:00+00:00,19.0,Fitzroy Gardens,507,56.8,90.9,-37.8149218,144.9822582,ENV,REAL_507,Real sensor series - Fitzroy Gardens - board 507,42,real_sensor_board_507,18.505098932353704,0,normal
2015-02-23 07:10:00+00:00,19.0,Fitzroy Gardens,507,56.2,90.0,-37.8149218,144.9822582,ENV,REAL_507,Real sensor series - Fitzroy Gardens - board 507,42,real_sensor_board_507,18.484079145882966,0,normal
2015-02-23 07:25:00+00:00,18.7,Fitzroy Gardens,507,57.8,86.3,-37.8149218,144.9822582,ENV,REAL_507,Real sensor series - Fitzroy Gardens - board 507,42,real_sensor_board_507,18.467263316706372,0,normal
2015-02-23 07:35:00+00:00,18.4,Fitzroy Gardens,507,56.2,81.7,-37.8149218,144.9822582,ENV,REAL_507,Real sensor series - Fitzroy Gardens - board 507,42,real_sensor_board_507,18.453810653365096,0,normal
2015-02-23 07:45:00+00:00,18.1,Fitzroy Gardens,507,56.7,76.5,-37.8149218,144.9822582,ENV,REAL_507,Real sensor series - Fitzroy Gardens - board 507,42,real_sensor_board_507,18.38304852269208,0,normal
2015-02-23 07:55:00+00:00,18.1,Fitzroy Gardens,507,57.8,70.7,-37.8149218,144.9822582,ENV,REAL_507,Real sensor series - Fitzroy Gardens - board 507,42,real_sensor_board_507,18.326438818153665,1,weak_multivariate_excursion
2015-02-23 08:55:00+00:00,16.5,Fitzroy Gardens,507,65.5,22.2,-37.8149218,144.9822582,ENV,REAL_507,Real sensor series - Fitzroy Gardens - board 507,42,real_sensor_board_507,18.141151054522933,1,weak_multivariate_excursion
2015-02-23 09:05:00+00:00,17.1,Fitzroy Gardens,507,58.9,12.0,-37.8149218,144.9822582,ENV,REAL_507,Real sensor series - Fitzroy Gardens - board 507,42,real_sensor_board_507,17.992920843618347,1,weak_multivariate_excursion
2015-02-23 09:15:00+00:00,17.4,Fitzroy Gardens,507,58.9,5.0,-37.8149218,144.9822582,ENV,REAL_507,Real sensor series - Fitzroy Gardens - board 507,42,real_sensor_board_507,17.87433667489468,0,normal
2015-02-23 09:25:00+00:00,17.4,Fitzroy Gardens,507,55.7,1.7,-37.8149218,144.9822582,ENV,REAL_507,Real sensor series - Fitzroy Gardens - board 507,42,real_sensor_board_507,17.779469339915742,0,normal
2015-02-23 09:35:00+00:00,17.4,Fitzroy Gardens,507,55.1,0.8,-37.8149218,144.9822582,ENV,REAL_507,Real sensor series - Fitzroy Gardens - board 507,42,real_sensor_board_507,17.703575471932595,0,normal
2015-02-23 09:45:00+00:00,17.1,Fitzroy Gardens,507,53.8,0.8,-37.8149218,144.9822582,ENV,REAL_507,Real sensor series - Fitzroy Gardens - board 507,42,real_sensor_board_507,17.642860377546075,0,normal
2015-02-23 10:05:00+00:00,17.4,Fitzroy Gardens,507,55.4,0.7,-37.8149218,144.9822582,ENV,REAL_507,Real sensor series - Fitzroy Gardens - board 507,42,real_sensor_board_507,17.594288302036862,0,normal
2015-02-23 10:15:00+00:00,17.4,Fitzroy Gardens,507,55.5,0.7,-37.8149218,144.9822582,ENV,REAL_507,Real sensor series - Fitzroy Gardens - board 507,42,real_sensor_board_507,17.55543064162949,0,normal
2015-02-23 10:25:00+00:00,17.4,Fitzroy Gardens,507,54.1,0.7,-37.8149218,144.9822582,ENV,REAL_507,Real sensor series - Fitzroy Gardens - board 507,42,real_sensor_board_507,17.524344513303593,0,normal
2015-02-23 10:40:00+00:00,17.4,Fitzroy Gardens,507,54.1,0.7,-37.8149218,144.9822582,ENV,REAL_507,Real sensor series - Fitzroy Gardens - board 507,42,real_sensor_board_507,17.499475610642875,0,normal
2015-02-23 10:50:00+00:00,17.4,Fitzroy Gardens,507,55.5,0.7,-37.8149218,144.9822582,ENV,REAL_507,Real sensor series - Fitzroy Gardens - board 507,42,real_sensor_board_507,17.4795804885143,0,normal
2015-02-23 11:00:00+00:00,17.4,Fitzroy Gardens,507,56.2,0.8,-37.8149218,144.9822582,ENV,REAL_507,Real sensor series - Fitzroy Gardens - board 507,42,real_sensor_board_507,17.46366439081144,0,normal
2015-02-23 11:10:00+00:00,17.1,Fitzroy Gardens,507,58.4,0.8,-37.8149218,144.9822582,ENV,REAL_507,Real sensor series - Fitzroy Gardens - board 507,42,real_sensor_board_507,17.450931512649152,0,normal
2015-02-23 11:20:00+00:00,15.2,Fitzroy Gardens,507,66.1,0.8,-37.8149218,144.9822582,ENV,REAL_507,Real sensor series - Fitzroy Gardens - board 507,42,real_sensor_board_507,17.44074521011932,0,normal
2015-02-23 11:30:00+00:00,15.5,Fitzroy Gardens,507,65.3,0.7,-37.8149218,144.9822582,ENV,REAL_507,Real sensor series - Fitzroy Gardens - board 507,42,real_sensor_board_507,17.432596168095458,0,normal
2015-02-23 11:40:00+00:00,15.8,Fitzroy Gardens,507,63.0,0.7,-37.8149218,144.9822582,ENV,REAL_507,Real sensor series - Fitzroy Gardens - board 507,42,real_sensor_board_507,17.426076934476367,0,normal
2015-02-23 12:10:00+00:00,15.5,Fitzroy Gardens,507,62.2,0.7,-37.8149218,144.9822582,ENV,REAL_507,Real sensor series - Fitzroy Gardens - board 507,42,real_sensor_board_507,17.420861547581094,0,normal
2015-02-23 12:30:00+00:00,15.8,Fitzroy Gardens,507,55.2,0.7,-37.8149218,144.9822582,ENV,REAL_507,Real sensor series - Fitzroy Gardens - board 507,42,real_sensor_board_507,17.416689238064876,1,weak_multivariate_excursion
2015-02-24 23:05:00+00:00,16.8,Fitzroy Gardens,507,61.1,92.5,-37.8149218,144.9822582,ENV,REAL_507,Real sensor series - Fitzroy Gardens - board 507,42,real_sensor_board_507,17.4133513904519,1,weak_multivariate_excursion
2015-02-24 23:15:00+00:00,17.1,Fitzroy Gardens,507,63.4,91.9,-37.8149218,144.9822582,ENV,REAL_507,Real sensor series - Fitzroy Gardens - board 507,42,real_sensor_board_507,17.41068111236152,1,weak_multivariate_excursion
2015-02-24 23:25:00+00:00,18.1,Fitzroy Gardens,507,61.1,92.6,-37.8149218,144.9822582,ENV,REAL_507,Real sensor series - Fitzroy Gardens - board 507,42,real_sensor_board_507,17.468544889889216,0,normal
2015-02-24 23:35:00+00:00,17.7,Fitzroy Gardens,507,61.5,93.0,-37.8149218,144.9822582,ENV,REAL_507,Real sensor series - Fitzroy Gardens - board 507,42,real_sensor_board_507,17.594835911911375,1,weak_multivariate_excursion
2015-02-24 23:45:00+00:00,21.0,Fitzroy Gardens,507,61.1,97.0,-37.8149218,144.9822582,ENV,REAL_507,Real sensor series - Fitzroy Gardens - board 507,42,real_sensor_board_507,18.2758687295291,1,weak_multivariate_excursion
2015-02-25 00:55:00+00:00,22.9,Fitzroy Gardens,507,45.0,95.2,-37.8149218,144.9822582,ENV,REAL_507,Real sensor series - Fitzroy Gardens - board 507,42,real_sensor_board_507,19.20069498362328,1,weak_multivariate_excursion
2015-02-25 01:10:00+00:00,23.2,Fitzroy Gardens,507,43.9,95.2,-37.8149218,144.9822582,ENV,REAL_507,Real sensor series - Fitzroy Gardens - board 507,42,real_sensor_board_507,20.000555986898625,1,weak_multivariate_excursion
2015-02-25 01:20:00+00:00,25.5,Fitzroy Gardens,507,41.7,95.7,-37.8149218,144.9822582,ENV,REAL_507,Real sensor series - Fitzroy Gardens - board 507,42,real_sensor_board_507,20.640444789518902,1,weak_multivariate_excursion
2015-02-25 01:30:00+00:00,23.9,Fitzroy Gardens,507,44.0,96.3,-37.8149218,144.9822582,ENV,REAL_507,Real sensor series - Fitzroy Gardens - board 507,42,real_sensor_board_507,21.21235583161512,1,weak_multivariate_excursion
2015-02-25 01:40:00+00:00,25.5,Fitzroy Gardens,507,39.0,96.1,-37.8149218,144.9822582,ENV,REAL_507,Real sensor series - Fitzroy Gardens - board 507,42,real_sensor_board_507,21.749884665292097,0,normal
2015-02-25 01:50:00+00:00,25.5,Fitzroy Gardens,507,39.2,96.8,-37.8149218,144.9822582,ENV,REAL_507,Real sensor series - Fitzroy Gardens - board 507,42,real_sensor_board_507,22.35990773223368,0,normal
2015-02-25 02:00:00+00:00,23.5,Fitzroy Gardens,507,44.0,96.3,-37.8149218,144.9822582,ENV,REAL_507,Real sensor series - Fitzroy Gardens - board 507,42,real_sensor_board_507,22.927926185786944,0,normal
2015-02-25 02:10:00+00:00,23.2,Fitzroy Gardens,507,44.0,94.5,-37.8149218,144.9822582,ENV,REAL_507,Real sensor series - Fitzroy Gardens - board 507,42,real_sensor_board_507,23.442340948629557,0,normal
2015-02-25 02:20:00+00:00,24.8,Fitzroy Gardens,507,39.5,96.8,-37.8149218,144.9822582,ENV,REAL_507,Real sensor series - Fitzroy Gardens - board 507,42,real_sensor_board_507,23.85387275890365,0,normal
2015-02-25 02:30:00+00:00,26.1,Fitzroy Gardens,507,37.4,96.9,-37.8149218,144.9822582,ENV,REAL_507,Real sensor series - Fitzroy Gardens - board 507,42,real_sensor_board_507,24.18309820712292,0,normal
2015-02-25 02:40:00+00:00,27.4,Fitzroy Gardens,507,37.3,97.0,-37.8149218,144.9822582,ENV,REAL_507,Real sensor series - Fitzroy Gardens - board 507,42,real_sensor_board_507,24.506478565698337,0,normal
2015-02-25 02:50:00+00:00,27.7,Fitzroy Gardens,507,37.7,97.0,-37.8149218,144.9822582,ENV,REAL_507,Real sensor series - Fitzroy Gardens - board 507,42,real_sensor_board_507,24.76518285255867,0,normal
2015-02-25 03:00:00+00:00,25.8,Fitzroy Gardens,507,40.7,97.0,-37.8149218,144.9822582,ENV,REAL_507,Real sensor series - Fitzroy Gardens - board 507,42,real_sensor_board_507,24.97214628204694,0,normal
2015-02-25 03:10:00+00:00,25.8,Fitzroy Gardens,507,38.7,96.7,-37.8149218,144.9822582,ENV,REAL_507,Real sensor series - Fitzroy Gardens - board 507,42,real_sensor_board_507,25.137717025637553,0,normal
2015-02-25 03:20:00+00:00,25.2,Fitzroy Gardens,507,41.4,93.8,-37.8149218,144.9822582,ENV,REAL_507,Real sensor series - Fitzroy Gardens - board 507,42,real_sensor_board_507,25.270173620510043,0,normal
2015-02-25 03:30:00+00:00,26.8,Fitzroy Gardens,507,39.3,95.8,-37.8149218,144.9822582,ENV,REAL_507,Real sensor series - Fitzroy Gardens - board 507,42,real_sensor_board_507,25.376138896408037,0,normal
2015-02-25 03:40:00+00:00,26.5,Fitzroy Gardens,507,38.8,93.3,-37.8149218,144.9822582,ENV,REAL_507,Real sensor series - Fitzroy Gardens - board 507,42,real_sensor_board_507,25.460911117126432,0,normal
2015-02-25 04:00:00+00:00,27.1,Fitzroy Gardens,507,40.1,97.0,-37.8149218,144.9822582,ENV,REAL_507,Real sensor series - Fitzroy Gardens - board 507,42,real_sensor_board_507,25.528728893701146,0,normal
2015-02-25 04:55:00+00:00,27.4,Fitzroy Gardens,507,38.7,96.8,-37.8149218,144.9822582,ENV,REAL_507,Real sensor series - Fitzroy Gardens - board 507,42,real_sensor_board_507,25.582983114960918,0,normal
2015-02-25 05:05:00+00:00,26.5,Fitzroy Gardens,507,38.2,96.8,-37.8149218,144.9822582,ENV,REAL_507,Real sensor series - Fitzroy Gardens - board 507,42,real_sensor_board_507,25.626386491968734,0,normal
2015-02-25 05:15:00+00:00,28.1,Fitzroy Gardens,507,37.7,96.8,-37.8149218,144.9822582,ENV,REAL_507,Real sensor series - Fitzroy Gardens - board 507,42,real_sensor_board_507,25.66110919357499,0,normal
2015-02-25 05:25:00+00:00,27.4,Fitzroy Gardens,507,38.4,96.8,-37.8149218,144.9822582,ENV,REAL_507,Real sensor series - Fitzroy Gardens - board 507,42,real_sensor_board_507,25.688887354859993,0,normal
2015-02-25 05:35:00+00:00,27.4,Fitzroy Gardens,507,37.9,96.8,-37.8149218,144.9822582,ENV,REAL_507,Real sensor series - Fitzroy Gardens - board 507,42,real_sensor_board_507,25.711109883887996,0,normal
2015-02-25 05:45:00+00:00,27.7,Fitzroy Gardens,507,38.4,96.6,-37.8149218,144.9822582,ENV,REAL_507,Real sensor series - Fitzroy Gardens - board 507,42,real_sensor_board_507,25.728887907110398,0,normal
2015-02-25 05:55:00+00:00,27.1,Fitzroy Gardens,507,38.8,96.3,-37.8149218,144.9822582,ENV,REAL_507,Real sensor series - Fitzroy Gardens - board 507,42,real_sensor_board_507,25.74311032568832,0,normal
2015-02-25 06:05:00+00:00,28.1,Fitzroy Gardens,507,38.5,95.8,-37.8149218,144.9822582,ENV,REAL_507,Real sensor series - Fitzroy Gardens - board 507,42,real_sensor_board_507,25.75448826055066,0,normal
2015-02-25 06:25:00+00:00,27.4,Fitzroy Gardens,507,39.2,96.0,-37.8149218,144.9822582,ENV,REAL_507,Real sensor series - Fitzroy Gardens - board 507,42,real_sensor_board_507,25.763590608440527,0,normal
2015-02-25 06:35:00+00:00,25.8,Fitzroy Gardens,507,42.0,94.4,-37.8149218,144.9822582,ENV,REAL_507,Real sensor series - Fitzroy Gardens - board 507,42,real_sensor_board_507,25.710872486752425,0,normal
2015-02-25 06:45:00+00:00,25.5,Fitzroy Gardens,507,44.2,93.2,-37.8149218,144.9822582,ENV,REAL_507,Real sensor series - Fitzroy Gardens - board 507,42,real_sensor_board_507,25.60869798940194,0,normal
2015-02-25 06:55:00+00:00,24.8,Fitzroy Gardens,507,45.1,91.7,-37.8149218,144.9822582,ENV,REAL_507,Real sensor series - Fitzroy Gardens - board 507,42,real_sensor_board_507,25.526958391521553,0,normal
2015-02-25 07:05:00+00:00,25.2,Fitzroy Gardens,507,47.0,91.3,-37.8149218,144.9822582,ENV,REAL_507,Real sensor series - Fitzroy Gardens - board 507,42,real_sensor_board_507,25.461566713217245,0,normal
2015-02-25 07:15:00+00:00,24.8,Fitzroy Gardens,507,43.9,90.0,-37.8149218,144.9822582,ENV,REAL_507,Real sensor series - Fitzroy Gardens - board 507,42,real_sensor_board_507,25.3292533705738,0,normal
2015-02-25 07:30:00+00:00,25.2,Fitzroy Gardens,507,41.0,88.8,-37.8149218,144.9822582,ENV,REAL_507,Real sensor series - Fitzroy Gardens - board 507,42,real_sensor_board_507,25.22340269645904,0,normal
2015-02-25 07:40:00+00:00,24.5,Fitzroy Gardens,507,42.0,87.7,-37.8149218,144.9822582,ENV,REAL_507,Real sensor series - Fitzroy Gardens - board 507,42,real_sensor_board_507,25.078722157167235,0,normal
2015-02-25 08:10:00+00:00,23.9,Fitzroy Gardens,507,42.8,84.4,-37.8149218,144.9822582,ENV,REAL_507,Real sensor series - Fitzroy Gardens - board 507,42,real_sensor_board_507,24.84297772573379,1,weak_multivariate_excursion
2015-02-25 08:50:00+00:00,22.9,Fitzroy Gardens,507,44.8,66.1,-37.8149218,144.9822582,ENV,REAL_507,Real sensor series - Fitzroy Gardens - board 507,42,real_sensor_board_507,24.454382180587032,1,weak_multivariate_excursion
2015-02-25 09:00:00+00:00,22.6,Fitzroy Gardens,507,45.6,40.7,-37.8149218,144.9822582,ENV,REAL_507,Real sensor series - Fitzroy Gardens - board 507,42,real_sensor_board_507,24.083505744469626,1,weak_multivariate_excursion
2015-02-25 09:10:00+00:00,22.3,Fitzroy Gardens,507,46.9,18.8,-37.8149218,144.9822582,ENV,REAL_507,Real sensor series - Fitzroy Gardens - board 507,42,real_sensor_board_507,23.726804595575704,1,weak_multivariate_excursion
2015-02-25 09:20:00+00:00,21.6,Fitzroy Gardens,507,48.8,4.2,-37.8149218,144.9822582,ENV,REAL_507,Real sensor series - Fitzroy Gardens - board 507,42,real_sensor_board_507,23.301443676460565,1,weak_multivariate_excursion
2015-02-25 09:30:00+00:00,21.6,Fitzroy Gardens,507,48.9,1.0,-37.8149218,144.9822582,ENV,REAL_507,Real sensor series - Fitzroy Gardens - board 507,42,real_sensor_board_507,22.961154941168452,1,weak_multivariate_excursion
2015-02-25 09:40:00+00:00,21.6,Fitzroy Gardens,507,48.3,0.6,-37.8149218,144.9822582,ENV,REAL_507,Real sensor series - Fitzroy Gardens - board 507,42,real_sensor_board_507,22.68892395293476,0,normal
2015-02-25 09:50:00+00:00,21.0,Fitzroy Gardens,507,50.2,0.6,-37.8149218,144.9822582,ENV,REAL_507,Real sensor series - Fitzroy Gardens - board 507,42,real_sensor_board_507,22.411139162347812,0,normal
2015-02-25 10:00:00+00:00,21.3,Fitzroy Gardens,507,49.7,0.6,-37.8149218,144.9822582,ENV,REAL_507,Real sensor series - Fitzroy Gardens - board 507,42,real_sensor_board_507,22.188911329878252,0,normal
2015-02-25 10:10:00+00:00,21.3,Fitzroy Gardens,507,50.2,0.7,-37.8149218,144.9822582,ENV,REAL_507,Real sensor series - Fitzroy Gardens - board 507,42,real_sensor_board_507,22.011129063902604,0,normal
2015-02-25 10:20:00+00:00,21.0,Fitzroy Gardens,507,51.0,0.6,-37.8149218,144.9822582,ENV,REAL_507,Real sensor series - Fitzroy Gardens - board 507,42,real_sensor_board_507,21.868903251122084,0,normal
2015-02-25 10:35:00+00:00,20.0,Fitzroy Gardens,507,53.0,0.6,-37.8149218,144.9822582,ENV,REAL_507,Real sensor series - Fitzroy Gardens - board 507,42,real_sensor_board_507,21.69512260089767,0,normal
2015-02-25 10:45:00+00:00,19.7,Fitzroy Gardens,507,54.6,0.6,-37.8149218,144.9822582,ENV,REAL_507,Real sensor series - Fitzroy Gardens - board 507,42,real_sensor_board_507,21.556098080718137,0,normal
2015-02-25 10:55:00+00:00,19.4,Fitzroy Gardens,507,55.1,0.6,-37.8149218,144.9822582,ENV,REAL_507,Real sensor series - Fitzroy Gardens - board 507,42,real_sensor_board_507,21.444878464574508,0,normal
2015-02-25 11:05:00+00:00,19.4,Fitzroy Gardens,507,55.1,0.6,-37.8149218,144.9822582,ENV,REAL_507,Real sensor series - Fitzroy Gardens - board 507,42,real_sensor_board_507,21.355902771659608,0,normal
2015-02-25 11:15:00+00:00,19.0,Fitzroy Gardens,507,56.2,0.6,-37.8149218,144.9822582,ENV,REAL_507,Real sensor series - Fitzroy Gardens - board 507,42,real_sensor_board_507,21.284722217327687,0,normal
2015-02-25 11:25:00+00:00,19.0,Fitzroy Gardens,507,56.8,0.6,-37.8149218,144.9822582,ENV,REAL_507,Real sensor series - Fitzroy Gardens - board 507,42,real_sensor_board_507,21.22777777386215,0,normal
2015-02-25 11:35:00+00:00,18.4,Fitzroy Gardens,507,57.9,0.6,-37.8149218,144.9822582,ENV,REAL_507,Real sensor series - Fitzroy Gardens - board 507,42,real_sensor_board_507,21.18222221908972,0,normal
2015-02-25 11:45:00+00:00,18.4,Fitzroy Gardens,507,58.4,0.6,-37.8149218,144.9822582,ENV,REAL_507,Real sensor series - Fitzroy Gardens - board 507,42,real_sensor_board_507,21.145777775271775,1,weak_multivariate_excursion
2015-02-25 23:00:00+00:00,18.7,Fitzroy Gardens,507,59.3,93.4,-37.8149218,144.9822582,ENV,REAL_507,Real sensor series - Fitzroy Gardens - board 507,42,real_sensor_board_507,21.11662222021742,1,weak_multivariate_excursion
2015-02-25 23:10:00+00:00,19.7,Fitzroy Gardens,507,57.6,94.1,-37.8149218,144.9822582,ENV,REAL_507,Real sensor series - Fitzroy Gardens - board 507,42,real_sensor_board_507,21.093297776173934,1,weak_multivariate_excursion
2015-02-25 23:25:00+00:00,19.4,Fitzroy Gardens,507,57.3,94.8,-37.8149218,144.9822582,ENV,REAL_507,Real sensor series - Fitzroy Gardens - board 507,42,real_sensor_board_507,21.074638220939146,0,normal
2015-02-25 23:35:00+00:00,19.4,Fitzroy Gardens,507,55.7,93.7,-37.8149218,144.9822582,ENV,REAL_507,Real sensor series - Fitzroy Gardens - board 507,42,real_sensor_board_507,21.059710576751318,0,normal
2015-02-25 23:45:00+00:00,21.0,Fitzroy Gardens,507,56.3,97.6,-37.8149218,144.9822582,ENV,REAL_507,Real sensor series - Fitzroy Gardens - board 507,42,real_sensor_board_507,21.047768461401056,0,normal
2015-02-25 23:55:00+00:00,21.6,Fitzroy Gardens,507,53.5,95.5,-37.8149218,144.9822582,ENV,REAL_507,Real sensor series - Fitzroy Gardens - board 507,42,real_sensor_board_507,21.038214769120845,1,weak_multivariate_excursion
2015-02-26 00:05:00+00:00,25.2,Fitzroy Gardens,507,46.2,97.8,-37.8149218,144.9822582,ENV,REAL_507,Real sensor series - Fitzroy Gardens - board 507,42,real_sensor_board_507,21.030571815296675,1,weak_multivariate_excursion
2015-02-26 00:15:00+00:00,21.0,Fitzroy Gardens,507,51.1,96.8,-37.8149218,144.9822582,ENV,REAL_507,Real sensor series - Fitzroy Gardens - board 507,42,real_sensor_board_507,21.02445745223734,1,weak_multivariate_excursion
2015-02-26 00:45:00+00:00,25.2,Fitzroy Gardens,507,46.1,96.8,-37.8149218,144.9822582,ENV,REAL_507,Real sensor series - Fitzroy Gardens - board 507,42,real_sensor_board_507,21.139565961789874,1,weak_multivariate_excursion
2015-02-26 00:55:00+00:00,21.0,Fitzroy Gardens,507,53.5,95.2,-37.8149218,144.9822582,ENV,REAL_507,Real sensor series - Fitzroy Gardens - board 507,42,real_sensor_board_507,21.2316527694319,1,weak_multivariate_excursion
2015-02-26 01:05:00+00:00,22.3,Fitzroy Gardens,507,51.4,95.3,-37.8149218,144.9822582,ENV,REAL_507,Real sensor series - Fitzroy Gardens - board 507,42,real_sensor_board_507,21.36532221554552,0,normal
2015-02-26 01:15:00+00:00,22.3,Fitzroy Gardens,507,52.6,95.9,-37.8149218,144.9822582,ENV,REAL_507,Real sensor series - Fitzroy Gardens - board 507,42,real_sensor_board_507,21.552257772436416,0,normal
2015-02-26 01:25:00+00:00,21.0,Fitzroy Gardens,507,53.8,97.0,-37.8149218,144.9822582,ENV,REAL_507,Real sensor series - Fitzroy Gardens - board 507,42,real_sensor_board_507,21.701806217949134,0,normal
2015-02-26 01:35:00+00:00,21.9,Fitzroy Gardens,507,52.2,95.0,-37.8149218,144.9822582,ENV,REAL_507,Real sensor series - Fitzroy Gardens - board 507,42,real_sensor_board_507,21.82144497435931,0,normal
2015-02-26 01:45:00+00:00,22.6,Fitzroy Gardens,507,50.8,96.8,-37.8149218,144.9822582,ENV,REAL_507,Real sensor series - Fitzroy Gardens - board 507,42,real_sensor_board_507,21.91715597948745,0,normal
2015-02-26 01:55:00+00:00,23.5,Fitzroy Gardens,507,49.6,97.0,-37.8149218,144.9822582,ENV,REAL_507,Real sensor series - Fitzroy Gardens - board 507,42,real_sensor_board_507,22.05372478358996,0,normal
2015-02-26 02:05:00+00:00,24.5,Fitzroy Gardens,507,47.0,96.7,-37.8149218,144.9822582,ENV,REAL_507,Real sensor series - Fitzroy Gardens - board 507,42,real_sensor_board_507,22.162979826871968,0,normal
2015-02-26 02:15:00+00:00,22.9,Fitzroy Gardens,507,50.3,96.0,-37.8149218,144.9822582,ENV,REAL_507,Real sensor series - Fitzroy Gardens - board 507,42,real_sensor_board_507,22.250383861497575,0,normal
2015-02-26 02:25:00+00:00,22.3,Fitzroy Gardens,507,49.7,96.0,-37.8149218,144.9822582,ENV,REAL_507,Real sensor series - Fitzroy Gardens - board 507,42,real_sensor_board_507,22.32030708919806,0,normal
2015-02-26 02:40:00+00:00,21.6,Fitzroy Gardens,507,54.4,94.3,-37.8149218,144.9822582,ENV,REAL_507,Real sensor series - Fitzroy Gardens - board 507,42,real_sensor_board_507,22.376245671358447,0,normal
2015-02-26 02:50:00+00:00,22.6,Fitzroy Gardens,507,51.3,95.3,-37.8149218,144.9822582,ENV,REAL_507,Real sensor series - Fitzroy Gardens - board 507,42,real_sensor_board_507,22.48099653708676,0,normal
2015-02-26 03:00:00+00:00,22.3,Fitzroy Gardens,507,49.2,97.2,-37.8149218,144.9822582,ENV,REAL_507,Real sensor series - Fitzroy Gardens - board 507,42,real_sensor_board_507,22.624797229669408,0,normal
2015-02-26 03:10:00+00:00,24.8,Fitzroy Gardens,507,45.5,97.0,-37.8149218,144.9822582,ENV,REAL_507,Real sensor series - Fitzroy Gardens - board 507,42,real_sensor_board_507,22.67983778373553,0,normal
2015-02-26 03:20:00+00:00,24.5,Fitzroy Gardens,507,45.9,97.1,-37.8149218,144.9822582,ENV,REAL_507,Real sensor series - Fitzroy Gardens - board 507,42,real_sensor_board_507,22.723870226988424,0,normal
2015-02-26 03:30:00+00:00,24.5,Fitzroy Gardens,507,44.5,97.0,-37.8149218,144.9822582,ENV,REAL_507,Real sensor series - Fitzroy Gardens - board 507,42,real_sensor_board_507,22.69909618159074,0,normal
2015-02-26 03:40:00+00:00,23.9,Fitzroy Gardens,507,44.2,95.6,-37.8149218,144.9822582,ENV,REAL_507,Real sensor series - Fitzroy Gardens - board 507,42,real_sensor_board_507,22.67927694527259,0,normal
2015-02-26 04:00:00+00:00,23.9,Fitzroy Gardens,507,44.8,96.9,-37.8149218,144.9822582,ENV,REAL_507,Real sensor series - Fitzroy Gardens - board 507,42,real_sensor_board_507,22.663421556218072,0,normal
2015-02-26 04:50:00+00:00,24.5,Fitzroy Gardens,507,42.1,96.8,-37.8149218,144.9822582,ENV,REAL_507,Real sensor series - Fitzroy Gardens - board 507,42,real_sensor_board_507,22.650737244974458,0,normal
2015-02-26 05:00:00+00:00,24.5,Fitzroy Gardens,507,41.7,96.8,-37.8149218,144.9822582,ENV,REAL_507,Real sensor series - Fitzroy Gardens - board 507,42,real_sensor_board_507,22.640589795979565,0,normal
2015-02-26 05:10:00+00:00,23.2,Fitzroy Gardens,507,42.0,96.8,-37.8149218,144.9822582,ENV,REAL_507,Real sensor series - Fitzroy Gardens - board 507,42,real_sensor_board_507,22.63247183678365,0,normal
2015-02-26 05:20:00+00:00,24.2,Fitzroy Gardens,507,42.9,96.8,-37.8149218,144.9822582,ENV,REAL_507,Real sensor series - Fitzroy Gardens - board 507,42,real_sensor_board_507,22.62597746942692,0,normal
2015-02-26 05:30:00+00:00,23.9,Fitzroy Gardens,507,42.3,95.3,-37.8149218,144.9822582,ENV,REAL_507,Real sensor series - Fitzroy Gardens - board 507,42,real_sensor_board_507,22.620781975541536,0,normal
2015-02-26 05:40:00+00:00,22.6,Fitzroy Gardens,507,44.5,96.5,-37.8149218,144.9822582,ENV,REAL_507,Real sensor series - Fitzroy Gardens - board 507,42,real_sensor_board_507,22.61662558043323,0,normal
2015-02-26 05:55:00+00:00,21.9,Fitzroy Gardens,507,46.7,96.3,-37.8149218,144.9822582,ENV,REAL_507,Real sensor series - Fitzroy Gardens - board 507,42,real_sensor_board_507,22.613300464346583,0,normal
2015-02-26 06:05:00+00:00,22.6,Fitzroy Gardens,507,45.6,93.3,-37.8149218,144.9822582,ENV,REAL_507,Real sensor series - Fitzroy Gardens - board 507,42,real_sensor_board_507,22.610640371477267,0,normal
2015-02-26 06:15:00+00:00,24.2,Fitzroy Gardens,507,44.7,95.2,-37.8149218,144.9822582,ENV,REAL_507,Real sensor series - Fitzroy Gardens - board 507,42,real_sensor_board_507,22.608512297181814,0,normal
2015-02-26 06:25:00+00:00,24.5,Fitzroy Gardens,507,43.4,96.1,-37.8149218,144.9822582,ENV,REAL_507,Real sensor series - Fitzroy Gardens - board 507,42,real_sensor_board_507,22.546809837745453,0,normal
2015-02-26 06:35:00+00:00,22.6,Fitzroy Gardens,507,46.9,94.5,-37.8149218,144.9822582,ENV,REAL_507,Real sensor series - Fitzroy Gardens - board 507,42,real_sensor_board_507,22.417447870196362,0,normal
2015-02-26 06:45:00+00:00,21.6,Fitzroy Gardens,507,50.5,93.8,-37.8149218,144.9822582,ENV,REAL_507,Real sensor series - Fitzroy Gardens - board 507,42,real_sensor_board_507,22.25395829615709,0,normal
2015-02-26 06:55:00+00:00,20.6,Fitzroy Gardens,507,52.7,93.1,-37.8149218,144.9822582,ENV,REAL_507,Real sensor series - Fitzroy Gardens - board 507,42,real_sensor_board_507,22.003166636925673,0,normal
2015-02-26 07:05:00+00:00,21.0,Fitzroy Gardens,507,52.9,91.5,-37.8149218,144.9822582,ENV,REAL_507,Real sensor series - Fitzroy Gardens - board 507,42,real_sensor_board_507,21.72253330954054,0,normal
2015-02-26 07:15:00+00:00,20.3,Fitzroy Gardens,507,54.4,89.5,-37.8149218,144.9822582,ENV,REAL_507,Real sensor series - Fitzroy Gardens - board 507,42,real_sensor_board_507,21.438026647632434,0,normal
2015-02-26 07:25:00+00:00,20.0,Fitzroy Gardens,507,53.8,88.1,-37.8149218,144.9822582,ENV,REAL_507,Real sensor series - Fitzroy Gardens - board 507,42,real_sensor_board_507,21.15042131810595,0,normal
2015-02-26 07:35:00+00:00,19.7,Fitzroy Gardens,507,54.4,87.1,-37.8149218,144.9822582,ENV,REAL_507,Real sensor series - Fitzroy Gardens - board 507,42,real_sensor_board_507,20.920337054484758,0,normal
2015-02-26 07:45:00+00:00,20.0,Fitzroy Gardens,507,55.2,86.2,-37.8149218,144.9822582,ENV,REAL_507,Real sensor series - Fitzroy Gardens - board 507,42,real_sensor_board_507,20.67626964358781,0,normal
2015-02-26 08:05:00+00:00,19.4,Fitzroy Gardens,507,56.0,82.5,-37.8149218,144.9822582,ENV,REAL_507,Real sensor series - Fitzroy Gardens - board 507,42,real_sensor_board_507,20.421015714870247,0,normal
2015-02-26 08:35:00+00:00,19.0,Fitzroy Gardens,507,54.3,75.4,-37.8149218,144.9822582,ENV,REAL_507,Real sensor series - Fitzroy Gardens - board 507,42,real_sensor_board_507,20.1368125718962,1,weak_multivariate_excursion
2015-02-26 08:55:00+00:00,18.7,Fitzroy Gardens,507,53.2,53.4,-37.8149218,144.9822582,ENV,REAL_507,Real sensor series - Fitzroy Gardens - board 507,42,real_sensor_board_507,19.84945005751696,1,weak_multivariate_excursion
2015-02-26 09:10:00+00:00,18.4,Fitzroy Gardens,507,54.6,31.5,-37.8149218,144.9822582,ENV,REAL_507,Real sensor series - Fitzroy Gardens - board 507,42,real_sensor_board_507,19.619560046013568,1,weak_multivariate_excursion
2015-02-26 09:20:00+00:00,18.4,Fitzroy Gardens,507,55.1,11.6,-37.8149218,144.9822582,ENV,REAL_507,Real sensor series - Fitzroy Gardens - board 507,42,real_sensor_board_507,19.435648036810854,1,weak_multivariate_excursion
2015-02-26 09:30:00+00:00,18.1,Fitzroy Gardens,507,56.2,4.4,-37.8149218,144.9822582,ENV,REAL_507,Real sensor series - Fitzroy Gardens - board 507,42,real_sensor_board_507,19.288518429448686,1,weak_multivariate_excursion
2015-02-26 09:40:00+00:00,18.1,Fitzroy Gardens,507,56.5,3.7,-37.8149218,144.9822582,ENV,REAL_507,Real sensor series - Fitzroy Gardens - board 507,42,real_sensor_board_507,19.17081474355895,0,normal
2015-02-26 09:50:00+00:00,18.1,Fitzroy Gardens,507,55.5,3.6,-37.8149218,144.9822582,ENV,REAL_507,Real sensor series - Fitzroy Gardens - board 507,42,real_sensor_board_507,19.07665179484716,0,normal
2015-02-26 10:00:00+00:00,18.4,Fitzroy Gardens,507,55.4,3.6,-37.8149218,144.9822582,ENV,REAL_507,Real sensor series - Fitzroy Gardens - board 507,42,real_sensor_board_507,19.001321435877728,0,normal
2015-02-26 10:10:00+00:00,18.4,Fitzroy Gardens,507,55.1,3.6,-37.8149218,144.9822582,ENV,REAL_507,Real sensor series - Fitzroy Gardens - board 507,42,real_sensor_board_507,18.941057148702185,0,normal
2015-02-26 10:20:00+00:00,18.4,Fitzroy Gardens,507,55.4,3.6,-37.8149218,144.9822582,ENV,REAL_507,Real sensor series - Fitzroy Gardens - board 507,42,real_sensor_board_507,18.892845718961752,0,normal
2015-02-26 10:30:00+00:00,18.4,Fitzroy Gardens,507,55.7,3.7,-37.8149218,144.9822582,ENV,REAL_507,Real sensor series - Fitzroy Gardens - board 507,42,real_sensor_board_507,18.8542765751694,0,normal
2015-02-26 10:40:00+00:00,18.4,Fitzroy Gardens,507,57.0,3.7,-37.8149218,144.9822582,ENV,REAL_507,Real sensor series - Fitzroy Gardens - board 507,42,real_sensor_board_507,18.82342126013552,0,normal
2015-02-26 10:50:00+00:00,18.1,Fitzroy Gardens,507,57.4,3.7,-37.8149218,144.9822582,ENV,REAL_507,Real sensor series - Fitzroy Gardens - board 507,42,real_sensor_board_507,18.798737008108418,0,normal
2015-02-26 11:50:00+00:00,17.4,Fitzroy Gardens,507,54.3,3.7,-37.8149218,144.9822582,ENV,REAL_507,Real sensor series - Fitzroy Gardens - board 507,42,real_sensor_board_507,18.778989606486736,0,normal
2015-02-26 12:15:00+00:00,17.1,Fitzroy Gardens,507,56.8,0.6,-37.8149218,144.9822582,ENV,REAL_507,Real sensor series - Fitzroy Gardens - board 507,42,real_sensor_board_507,18.76319168518939,0,normal
2015-02-26 12:25:00+00:00,17.1,Fitzroy Gardens,507,57.6,0.6,-37.8149218,144.9822582,ENV,REAL_507,Real sensor series - Fitzroy Gardens - board 507,42,real_sensor_board_507,18.750553348151513,1,weak_multivariate_excursion
2015-02-26 23:00:00+00:00,18.7,Fitzroy Gardens,507,54.0,92.3,-37.8149218,144.9822582,ENV,REAL_507,Real sensor series - Fitzroy Gardens - board 507,42,real_sensor_board_507,18.740442678521212,1,weak_multivariate_excursion
2015-02-26 23:10:00+00:00,19.0,Fitzroy Gardens,507,54.9,93.2,-37.8149218,144.9822582,ENV,REAL_507,Real sensor series - Fitzroy Gardens - board 507,42,real_sensor_board_507,18.732354142816973,1,weak_multivariate_excursion
2015-02-26 23:20:00+00:00,18.7,Fitzroy Gardens,507,54.0,92.6,-37.8149218,144.9822582,ENV,REAL_507,Real sensor series - Fitzroy Gardens - board 507,42,real_sensor_board_507,18.785883314253578,0,normal
2015-02-26 23:30:00+00:00,20.3,Fitzroy Gardens,507,54.0,95.0,-37.8149218,144.9822582,ENV,REAL_507,Real sensor series - Fitzroy Gardens - board 507,42,real_sensor_board_507,18.968706651402865,0,normal
2015-02-26 23:40:00+00:00,19.7,Fitzroy Gardens,507,52.2,92.9,-37.8149218,144.9822582,ENV,REAL_507,Real sensor series - Fitzroy Gardens - board 507,42,real_sensor_board_507,19.114965321122295,0,normal
2015-02-26 23:50:00+00:00,19.7,Fitzroy Gardens,507,54.3,93.6,-37.8149218,144.9822582,ENV,REAL_507,Real sensor series - Fitzroy Gardens - board 507,42,real_sensor_board_507,19.351972256897838,0,normal
2015-02-27 00:00:00+00:00,21.3,Fitzroy Gardens,507,52.6,97.8,-37.8149218,144.9822582,ENV,REAL_507,Real sensor series - Fitzroy Gardens - board 507,42,real_sensor_board_507,19.741577805518272,1,weak_multivariate_excursion
2015-02-27 00:50:00+00:00,25.8,Fitzroy Gardens,507,40.7,97.6,-37.8149218,144.9822582,ENV,REAL_507,Real sensor series - Fitzroy Gardens - board 507,42,real_sensor_board_507,20.573262244414618,1,weak_multivariate_excursion
2015-02-27 01:05:00+00:00,25.5,Fitzroy Gardens,507,39.6,97.5,-37.8149218,144.9822582,ENV,REAL_507,Real sensor series - Fitzroy Gardens - board 507,42,real_sensor_board_507,21.298609795531696,1,weak_multivariate_excursion
2015-02-27 01:15:00+00:00,23.9,Fitzroy Gardens,507,42.5,97.3,-37.8149218,144.9822582,ENV,REAL_507,Real sensor series - Fitzroy Gardens - board 507,42,real_sensor_board_507,21.878887836425356,0,normal
2015-02-27 01:25:00+00:00,26.1,Fitzroy Gardens,507,39.9,97.1,-37.8149218,144.9822582,ENV,REAL_507,Real sensor series - Fitzroy Gardens - board 507,42,real_sensor_board_507,22.343110269140286,0,normal
2015-02-27 01:35:00+00:00,25.8,Fitzroy Gardens,507,39.6,96.8,-37.8149218,144.9822582,ENV,REAL_507,Real sensor series - Fitzroy Gardens - board 507,42,real_sensor_board_507,22.71448821531223,0,normal
2015-02-27 01:45:00+00:00,24.2,Fitzroy Gardens,507,41.5,96.7,-37.8149218,144.9822582,ENV,REAL_507,Real sensor series - Fitzroy Gardens - board 507,42,real_sensor_board_507,23.011590572249784,0,normal
2015-02-27 01:55:00+00:00,25.2,Fitzroy Gardens,507,38.8,96.7,-37.8149218,144.9822582,ENV,REAL_507,Real sensor series - Fitzroy Gardens - board 507,42,real_sensor_board_507,23.249272457799826,0,normal
2015-02-27 02:05:00+00:00,24.5,Fitzroy Gardens,507,37.3,96.8,-37.8149218,144.9822582,ENV,REAL_507,Real sensor series - Fitzroy Gardens - board 507,42,real_sensor_board_507,23.439417966239862,0,normal
2015-02-27 02:15:00+00:00,25.8,Fitzroy Gardens,507,37.3,96.9,-37.8149218,144.9822582,ENV,REAL_507,Real sensor series - Fitzroy Gardens - board 507,42,real_sensor_board_507,23.59153437299189,0,normal
2015-02-27 02:25:00+00:00,26.8,Fitzroy Gardens,507,36.8,96.8,-37.8149218,144.9822582,ENV,REAL_507,Real sensor series - Fitzroy Gardens - board 507,42,real_sensor_board_507,23.713227498393515,0,normal
2015-02-27 02:35:00+00:00,26.1,Fitzroy Gardens,507,36.8,96.9,-37.8149218,144.9822582,ENV,REAL_507,Real sensor series - Fitzroy Gardens - board 507,42,real_sensor_board_507,23.810581998714813,0,normal
2015-02-27 02:45:00+00:00,24.5,Fitzroy Gardens,507,38.0,96.9,-37.8149218,144.9822582,ENV,REAL_507,Real sensor series - Fitzroy Gardens - board 507,42,real_sensor_board_507,23.88846559897185,0,normal
2015-02-27 02:55:00+00:00,26.1,Fitzroy Gardens,507,37.6,96.9,-37.8149218,144.9822582,ENV,REAL_507,Real sensor series - Fitzroy Gardens - board 507,42,real_sensor_board_507,23.95077247917748,0,normal
2015-02-27 03:05:00+00:00,26.1,Fitzroy Gardens,507,36.6,97.0,-37.8149218,144.9822582,ENV,REAL_507,Real sensor series - Fitzroy Gardens - board 507,42,real_sensor_board_507,24.000617983341986,0,normal
2015-02-27 03:15:00+00:00,25.5,Fitzroy Gardens,507,37.1,97.1,-37.8149218,144.9822582,ENV,REAL_507,Real sensor series - Fitzroy Gardens - board 507,42,real_sensor_board_507,24.04049438667359,0,normal
2015-02-27 03:25:00+00:00,26.5,Fitzroy Gardens,507,36.9,96.9,-37.8149218,144.9822582,ENV,REAL_507,Real sensor series - Fitzroy Gardens - board 507,42,real_sensor_board_507,24.07239550933887,0,normal
2015-02-27 03:35:00+00:00,24.2,Fitzroy Gardens,507,38.7,95.8,-37.8149218,144.9822582,ENV,REAL_507,Real sensor series - Fitzroy Gardens - board 507,42,real_sensor_board_507,24.0979164074711,0,normal
2015-02-27 03:45:00+00:00,25.8,Fitzroy Gardens,507,36.3,97.0,-37.8149218,144.9822582,ENV,REAL_507,Real sensor series - Fitzroy Gardens - board 507,42,real_sensor_board_507,24.058333125976883,1,weak_multivariate_excursion
2015-02-27 13:00:00+00:00,17.4,Fitzroy Gardens,507,54.0,0.7,-37.8149218,144.9822582,ENV,REAL_507,Real sensor series - Fitzroy Gardens - board 507,42,real_sensor_board_507,22.72666650078151,1,weak_multivariate_excursion
2015-02-27 13:10:00+00:00,17.4,Fitzroy Gardens,507,53.8,0.7,-37.8149218,144.9822582,ENV,REAL_507,Real sensor series - Fitzroy Gardens - board 507,42,real_sensor_board_507,21.661333200625208,1,weak_multivariate_excursion
2015-02-27 13:20:00+00:00,17.4,Fitzroy Gardens,507,54.0,0.7,-37.8149218,144.9822582,ENV,REAL_507,Real sensor series - Fitzroy Gardens - board 507,42,real_sensor_board_507,20.809066560500167,0,normal
2015-02-27 13:30:00+00:00,17.4,Fitzroy Gardens,507,53.7,0.9,-37.8149218,144.9822582,ENV,REAL_507,Real sensor series - Fitzroy Gardens - board 507,42,real_sensor_board_507,20.127253248400134,0,normal
2015-02-27 13:40:00+00:00,17.4,Fitzroy Gardens,507,54.1,0.7,-37.8149218,144.9822582,ENV,REAL_507,Real sensor series - Fitzroy Gardens - board 507,42,real_sensor_board_507,19.58180259872011,0,normal
2015-02-27 13:55:00+00:00,17.1,Fitzroy Gardens,507,54.8,0.7,-37.8149218,144.9822582,ENV,REAL_507,Real sensor series - Fitzroy Gardens - board 507,42,real_sensor_board_507,19.08544207897609,0,normal
2015-02-27 14:05:00+00:00,17.1,Fitzroy Gardens,507,55.4,0.7,-37.8149218,144.9822582,ENV,REAL_507,Real sensor series - Fitzroy Gardens - board 507,42,real_sensor_board_507,18.688353663180873,0,normal
2015-02-27 14:15:00+00:00,17.1,Fitzroy Gardens,507,57.0,0.7,-37.8149218,144.9822582,ENV,REAL_507,Real sensor series - Fitzroy Gardens - board 507,42,real_sensor_board_507,18.3706829305447,0,normal
2015-02-27 14:25:00+00:00,17.1,Fitzroy Gardens,507,56.7,0.6,-37.8149218,144.9822582,ENV,REAL_507,Real sensor series - Fitzroy Gardens - board 507,42,real_sensor_board_507,18.11654634443576,0,normal
2015-02-27 14:35:00+00:00,17.1,Fitzroy Gardens,507,57.0,0.6,-37.8149218,144.9822582,ENV,REAL_507,Real sensor series - Fitzroy Gardens - board 507,42,real_sensor_board_507,17.91323707554861,0,normal
2015-02-27 14:45:00+00:00,16.8,Fitzroy Gardens,507,57.1,0.7,-37.8149218,144.9822582,ENV,REAL_507,Real sensor series - Fitzroy Gardens - board 507,42,real_sensor_board_507,17.75058966043889,0,normal
2015-02-27 14:55:00+00:00,16.5,Fitzroy Gardens,507,58.2,0.7,-37.8149218,144.9822582,ENV,REAL_507,Real sensor series - Fitzroy Gardens - board 507,42,real_sensor_board_507,17.620471728351113,0,normal
2015-02-27 15:05:00+00:00,16.5,Fitzroy Gardens,507,58.7,0.7,-37.8149218,144.9822582,ENV,REAL_507,Real sensor series - Fitzroy Gardens - board 507,42,real_sensor_board_507,17.516377382680894,0,normal
2015-02-27 15:15:00+00:00,16.5,Fitzroy Gardens,507,58.7,0.7,-37.8149218,144.9822582,ENV,REAL_507,Real sensor series - Fitzroy Gardens - board 507,42,real_sensor_board_507,17.433101906144717,0,normal
2015-02-27 15:25:00+00:00,16.8,Fitzroy Gardens,507,57.9,0.7,-37.8149218,144.9822582,ENV,REAL_507,Real sensor series - Fitzroy Gardens - board 507,42,real_sensor_board_507,17.366481524915777,0,normal
2015-02-27 15:35:00+00:00,16.8,Fitzroy Gardens,507,57.6,0.7,-37.8149218,144.9822582,ENV,REAL_507,Real sensor series - Fitzroy Gardens - board 507,42,real_sensor_board_507,17.313185219932624,0,normal
2015-02-27 15:45:00+00:00,16.8,Fitzroy Gardens,507,57.8,0.6,-37.8149218,144.9822582,ENV,REAL_507,Real sensor series - Fitzroy Gardens - board 507,42,real_sensor_board_507,17.2705481759461,0,normal
2015-02-27 15:55:00+00:00,16.8,Fitzroy Gardens,507,57.9,0.6,-37.8149218,144.9822582,ENV,REAL_507,Real sensor series - Fitzroy Gardens - board 507,42,real_sensor_board_507,17.236438540756883,0,normal
2015-02-27 18:10:00+00:00,16.8,Fitzroy Gardens,507,58.4,0.7,-37.8149218,144.9822582,ENV,REAL_507,Real sensor series - Fitzroy Gardens - board 507,42,real_sensor_board_507,17.20915083260551,0,normal
2015-02-27 18:20:00+00:00,16.8,Fitzroy Gardens,507,59.0,0.7,-37.8149218,144.9822582,ENV,REAL_507,Real sensor series - Fitzroy Gardens - board 507,42,real_sensor_board_507,17.18732066608441,0,normal
2015-02-27 18:30:00+00:00,16.8,Fitzroy Gardens,507,59.6,0.7,-37.8149218,144.9822582,ENV,REAL_507,Real sensor series - Fitzroy Gardens - board 507,42,real_sensor_board_507,17.16985653286753,0,normal
2015-02-27 18:40:00+00:00,16.8,Fitzroy Gardens,507,59.3,0.7,-37.8149218,144.9822582,ENV,REAL_507,Real sensor series - Fitzroy Gardens - board 507,42,real_sensor_board_507,17.155885226294025,0,normal
2015-02-27 18:50:00+00:00,16.8,Fitzroy Gardens,507,58.7,0.7,-37.8149218,144.9822582,ENV,REAL_507,Real sensor series - Fitzroy Gardens - board 507,42,real_sensor_board_507,17.14470818103522,0,normal
2015-02-27 19:00:00+00:00,17.1,Fitzroy Gardens,507,57.9,0.6,-37.8149218,144.9822582,ENV,REAL_507,Real sensor series - Fitzroy Gardens - board 507,42,real_sensor_board_507,17.13576654482818,0,normal
2015-02-27 19:10:00+00:00,17.1,Fitzroy Gardens,507,57.9,0.7,-37.8149218,144.9822582,ENV,REAL_507,Real sensor series - Fitzroy Gardens - board 507,42,real_sensor_board_507,17.128613235862545,0,normal
2015-02-27 19:20:00+00:00,17.1,Fitzroy Gardens,507,57.4,0.9,-37.8149218,144.9822582,ENV,REAL_507,Real sensor series - Fitzroy Gardens - board 507,42,real_sensor_board_507,17.122890588690037,0,normal
2015-02-27 19:30:00+00:00,17.1,Fitzroy Gardens,507,57.6,0.9,-37.8149218,144.9822582,ENV,REAL_507,Real sensor series - Fitzroy Gardens - board 507,42,real_sensor_board_507,17.11831247095203,0,normal
2015-02-27 19:40:00+00:00,17.1,Fitzroy Gardens,507,57.3,3.1,-37.8149218,144.9822582,ENV,REAL_507,Real sensor series - Fitzroy Gardens - board 507,42,real_sensor_board_507,17.114649976761626,0,normal
2015-02-27 19:50:00+00:00,17.4,Fitzroy Gardens,507,57.3,13.1,-37.8149218,144.9822582,ENV,REAL_507,Real sensor series - Fitzroy Gardens - board 507,42,real_sensor_board_507,17.1717199814093,1,weak_multivariate_excursion
2015-02-27 22:55:00+00:00,20.0,Fitzroy Gardens,507,53.8,89.1,-37.8149218,144.9822582,ENV,REAL_507,Real sensor series - Fitzroy Gardens - board 507,42,real_sensor_board_507,17.737375985127443,1,weak_multivariate_excursion
2015-02-27 23:05:00+00:00,20.0,Fitzroy Gardens,507,52.7,91.8,-37.8149218,144.9822582,ENV,REAL_507,Real sensor series - Fitzroy Gardens - board 507,42,real_sensor_board_507,18.189900788101955,1,weak_multivariate_excursion
2015-02-27 23:15:00+00:00,20.3,Fitzroy Gardens,507,52.9,92.5,-37.8149218,144.9822582,ENV,REAL_507,Real sensor series - Fitzroy Gardens - board 507,42,real_sensor_board_507,18.611920630481563,0,normal
2015-02-27 23:25:00+00:00,21.3,Fitzroy Gardens,507,51.6,93.5,-37.8149218,144.9822582,ENV,REAL_507,Real sensor series - Fitzroy Gardens - board 507,42,real_sensor_board_507,19.149536504385253,0,normal
2015-02-27 23:40:00+00:00,21.6,Fitzroy Gardens,507,51.3,91.4,-37.8149218,144.9822582,ENV,REAL_507,Real sensor series - Fitzroy Gardens - board 507,42,real_sensor_board_507,19.639629203508203,0,normal
2015-02-27 23:50:00+00:00,21.9,Fitzroy Gardens,507,49.1,82.7,-37.8149218,144.9822582,ENV,REAL_507,Real sensor series - Fitzroy Gardens - board 507,42,real_sensor_board_507,20.091703362806562,0,normal
2015-02-28 01:00:00+00:00,22.6,Fitzroy Gardens,507,39.5,82.3,-37.8149218,144.9822582,ENV,REAL_507,Real sensor series - Fitzroy Gardens - board 507,42,real_sensor_board_507,20.53336269024525,0,normal
2015-02-28 01:10:00+00:00,22.3,Fitzroy Gardens,507,40.4,85.5,-37.8149218,144.9822582,ENV,REAL_507,Real sensor series - Fitzroy Gardens - board 507,42,real_sensor_board_507,20.9466901521962,0,normal
2015-02-28 01:20:00+00:00,22.9,Fitzroy Gardens,507,36.9,90.6,-37.8149218,144.9822582,ENV,REAL_507,Real sensor series - Fitzroy Gardens - board 507,42,real_sensor_board_507,21.337352121756965,0,normal
2015-02-28 01:30:00+00:00,23.2,Fitzroy Gardens,507,37.6,90.9,-37.8149218,144.9822582,ENV,REAL_507,Real sensor series - Fitzroy Gardens - board 507,42,real_sensor_board_507,21.709881697405574,0,normal
2015-02-28 01:40:00+00:00,23.2,Fitzroy Gardens,507,37.4,89.9,-37.8149218,144.9822582,ENV,REAL_507,Real sensor series - Fitzroy Gardens - board 507,42,real_sensor_board_507,22.00790535792446,0,normal
2015-02-28 01:50:00+00:00,23.9,Fitzroy Gardens,507,35.5,92.7,-37.8149218,144.9822582,ENV,REAL_507,Real sensor series - Fitzroy Gardens - board 507,42,real_sensor_board_507,22.38632428633957,0,normal
2015-02-28 02:00:00+00:00,24.5,Fitzroy Gardens,507,34.7,93.2,-37.8149218,144.9822582,ENV,REAL_507,Real sensor series - Fitzroy Gardens - board 507,42,real_sensor_board_507,22.80905942907166,0,normal
2015-02-28 02:10:00+00:00,24.5,Fitzroy Gardens,507,35.1,92.6,-37.8149218,144.9822582,ENV,REAL_507,Real sensor series - Fitzroy Gardens - board 507,42,real_sensor_board_507,23.14724754325733,0,normal
2015-02-28 02:20:00+00:00,24.8,Fitzroy Gardens,507,35.2,94.0,-37.8149218,144.9822582,ENV,REAL_507,Real sensor series - Fitzroy Gardens - board 507,42,real_sensor_board_507,23.477798034605865,0,normal
2015-02-28 02:30:00+00:00,25.5,Fitzroy Gardens,507,34.7,94.3,-37.8149218,144.9822582,ENV,REAL_507,Real sensor series - Fitzroy Gardens - board 507,42,real_sensor_board_507,23.882238427684694,0,normal
2015-02-28 02:45:00+00:00,26.1,Fitzroy Gardens,507,34.6,94.3,-37.8149218,144.9822582,ENV,REAL_507,Real sensor series - Fitzroy Gardens - board 507,42,real_sensor_board_507,24.32579074214776,0,normal
2015-02-28 02:55:00+00:00,26.5,Fitzroy Gardens,507,34.3,94.0,-37.8149218,144.9822582,ENV,REAL_507,Real sensor series - Fitzroy Gardens - board 507,42,real_sensor_board_507,24.76063259371821,0,normal
2015-02-28 03:05:00+00:00,26.8,Fitzroy Gardens,507,32.2,92.6,-37.8149218,144.9822582,ENV,REAL_507,Real sensor series - Fitzroy Gardens - board 507,42,real_sensor_board_507,25.16850607497457,0,normal
2015-02-28 03:15:00+00:00,27.4,Fitzroy Gardens,507,34.3,95.5,-37.8149218,144.9822582,ENV,REAL_507,Real sensor series - Fitzroy Gardens - board 507,42,real_sensor_board_507,25.614804859979657,0,normal
2015-02-28 03:25:00+00:00,29.0,Fitzroy Gardens,507,33.2,95.8,-37.8149218,144.9822582,ENV,REAL_507,Real sensor series - Fitzroy Gardens - board 507,42,real_sensor_board_507,26.031843887983726,0,normal
2015-02-28 03:35:00+00:00,29.7,Fitzroy Gardens,507,30.0,95.8,-37.8149218,144.9822582,ENV,REAL_507,Real sensor series - Fitzroy Gardens - board 507,42,real_sensor_board_507,26.36547511038698,0,normal
2015-02-28 03:45:00+00:00,28.1,Fitzroy Gardens,507,32.4,89.5,-37.8149218,144.9822582,ENV,REAL_507,Real sensor series - Fitzroy Gardens - board 507,42,real_sensor_board_507,26.712380088309587,0,normal
2015-02-28 04:15:00+00:00,27.7,Fitzroy Gardens,507,31.6,93.1,-37.8149218,144.9822582,ENV,REAL_507,Real sensor series - Fitzroy Gardens - board 507,42,real_sensor_board_507,27.16990407064767,0,normal
2015-02-28 04:25:00+00:00,27.7,Fitzroy Gardens,507,32.1,91.8,-37.8149218,144.9822582,ENV,REAL_507,Real sensor series - Fitzroy Gardens - board 507,42,real_sensor_board_507,27.615923256518137,0,normal
2015-02-28 04:55:00+00:00,29.4,Fitzroy Gardens,507,30.5,93.8,-37.8149218,144.9822582,ENV,REAL_507,Real sensor series - Fitzroy Gardens - board 507,42,real_sensor_board_507,27.97273860521451,0,normal
2015-02-28 05:05:00+00:00,29.4,Fitzroy Gardens,507,30.2,93.9,-37.8149218,144.9822582,ENV,REAL_507,Real sensor series - Fitzroy Gardens - board 507,42,real_sensor_board_507,28.258190884171608,0,normal
2015-02-28 05:15:00+00:00,30.0,Fitzroy Gardens,507,27.0,92.2,-37.8149218,144.9822582,ENV,REAL_507,Real sensor series - Fitzroy Gardens - board 507,42,real_sensor_board_507,28.486552707337285,0,normal
2015-02-28 05:25:00+00:00,29.7,Fitzroy Gardens,507,27.3,89.6,-37.8149218,144.9822582,ENV,REAL_507,Real sensor series - Fitzroy Gardens - board 507,42,real_sensor_board_507,28.66924216586983,0,normal
2015-02-28 05:35:00+00:00,29.4,Fitzroy Gardens,507,28.1,88.5,-37.8149218,144.9822582,ENV,REAL_507,Real sensor series - Fitzroy Gardens - board 507,42,real_sensor_board_507,28.815393732695863,0,normal
2015-02-28 05:45:00+00:00,29.4,Fitzroy Gardens,507,28.6,89.3,-37.8149218,144.9822582,ENV,REAL_507,Real sensor series - Fitzroy Gardens - board 507,42,real_sensor_board_507,28.93231498615669,0,normal
2015-02-28 06:00:00+00:00,30.0,Fitzroy Gardens,507,27.0,94.9,-37.8149218,144.9822582,ENV,REAL_507,Real sensor series - Fitzroy Gardens - board 507,42,real_sensor_board_507,29.025851988925353,0,normal
2015-02-28 06:10:00+00:00,31.3,Fitzroy Gardens,507,26.2,95.4,-37.8149218,144.9822582,ENV,REAL_507,Real sensor series - Fitzroy Gardens - board 507,42,real_sensor_board_507,29.100681591140283,1,weak_multivariate_excursion
2015-02-28 06:20:00+00:00,33.5,Fitzroy Gardens,507,23.4,96.3,-37.8149218,144.9822582,ENV,REAL_507,Real sensor series - Fitzroy Gardens - board 507,42,real_sensor_board_507,29.160545272912227,1,weak_multivariate_excursion
2015-02-28 06:30:00+00:00,33.2,Fitzroy Gardens,507,22.8,96.1,-37.8149218,144.9822582,ENV,REAL_507,Real sensor series - Fitzroy Gardens - board 507,42,real_sensor_board_507,29.208436218329783,1,weak_multivariate_excursion
2015-02-28 06:40:00+00:00,31.3,Fitzroy Gardens,507,24.5,94.3,-37.8149218,144.9822582,ENV,REAL_507,Real sensor series - Fitzroy Gardens - board 507,42,real_sensor_board_507,29.246748974663827,0,normal
2015-02-28 06:50:00+00:00,31.3,Fitzroy Gardens,507,25.0,93.6,-37.8149218,144.9822582,ENV,REAL_507,Real sensor series - Fitzroy Gardens - board 507,42,real_sensor_board_507,29.277399179731063,0,normal
2015-02-28 07:00:00+00:00,31.0,Fitzroy Gardens,507,24.5,92.4,-37.8149218,144.9822582,ENV,REAL_507,Real sensor series - Fitzroy Gardens - board 507,42,real_sensor_board_507,29.30191934378485,0,normal
2015-02-28 07:10:00+00:00,30.6,Fitzroy Gardens,507,24.3,90.5,-37.8149218,144.9822582,ENV,REAL_507,Real sensor series - Fitzroy Gardens - board 507,42,real_sensor_board_507,29.32153547502788,0,normal
2015-02-28 07:20:00+00:00,31.0,Fitzroy Gardens,507,23.9,90.4,-37.8149218,144.9822582,ENV,REAL_507,Real sensor series - Fitzroy Gardens - board 507,42,real_sensor_board_507,29.337228380022303,0,normal
2015-02-28 07:30:00+00:00,30.6,Fitzroy Gardens,507,23.4,87.1,-37.8149218,144.9822582,ENV,REAL_507,Real sensor series - Fitzroy Gardens - board 507,42,real_sensor_board_507,29.349782704017844,0,normal
2015-02-28 07:40:00+00:00,30.3,Fitzroy Gardens,507,24.3,85.5,-37.8149218,144.9822582,ENV,REAL_507,Real sensor series - Fitzroy Gardens - board 507,42,real_sensor_board_507,29.359826163214276,0,normal
2015-02-28 07:50:00+00:00,30.3,Fitzroy Gardens,507,23.5,84.8,-37.8149218,144.9822582,ENV,REAL_507,Real sensor series - Fitzroy Gardens - board 507,42,real_sensor_board_507,29.36786093057142,1,weak_multivariate_excursion
2015-02-28 08:50:00+00:00,28.4,Fitzroy Gardens,507,27.3,37.8,-37.8149218,144.9822582,ENV,REAL_507,Real sensor series - Fitzroy Gardens - board 507,42,real_sensor_board_507,29.174288744457137,1,weak_multivariate_excursion
2015-02-28 09:05:00+00:00,27.7,Fitzroy Gardens,507,28.4,18.4,-37.8149218,144.9822582,ENV,REAL_507,Real sensor series - Fitzroy Gardens - board 507,42,real_sensor_board_507,28.87943099556571,1,weak_multivariate_excursion
2015-02-28 09:15:00+00:00,27.7,Fitzroy Gardens,507,28.0,3.2,-37.8149218,144.9822582,ENV,REAL_507,Real sensor series - Fitzroy Gardens - board 507,42,real_sensor_board_507,28.643544796452566,1,weak_multivariate_excursion
2015-02-28 09:25:00+00:00,27.7,Fitzroy Gardens,507,31.4,0.5,-37.8149218,144.9822582,ENV,REAL_507,Real sensor series - Fitzroy Gardens - board 507,42,real_sensor_board_507,28.454835837162054,1,weak_multivariate_excursion
2015-02-28 09:35:00+00:00,20.0,Fitzroy Gardens,507,63.7,0.8,-37.8149218,144.9822582,ENV,REAL_507,Real sensor series - Fitzroy Gardens - board 507,42,real_sensor_board_507,26.763868669729646,1,weak_multivariate_excursion
2015-02-28 09:45:00+00:00,19.4,Fitzroy Gardens,507,64.9,0.7,-37.8149218,144.9822582,ENV,REAL_507,Real sensor series - Fitzroy Gardens - board 507,42,real_sensor_board_507,25.29109493578372,1,weak_multivariate_excursion
2015-02-28 09:55:00+00:00,18.7,Fitzroy Gardens,507,69.3,0.8,-37.8149218,144.9822582,ENV,REAL_507,Real sensor series - Fitzroy Gardens - board 507,42,real_sensor_board_507,23.972875948626978,1,weak_multivariate_excursion
2015-02-28 10:05:00+00:00,18.1,Fitzroy Gardens,507,71.5,0.8,-37.8149218,144.9822582,ENV,REAL_507,Real sensor series - Fitzroy Gardens - board 507,42,real_sensor_board_507,22.85830075890158,1,weak_multivariate_excursion
2015-02-28 10:15:00+00:00,18.4,Fitzroy Gardens,507,72.9,0.7,-37.8149218,144.9822582,ENV,REAL_507,Real sensor series - Fitzroy Gardens - board 507,42,real_sensor_board_507,21.966640607121267,0,normal
2015-02-28 10:25:00+00:00,18.4,Fitzroy Gardens,507,73.4,0.7,-37.8149218,144.9822582,ENV,REAL_507,Real sensor series - Fitzroy Gardens - board 507,42,real_sensor_board_507,21.253312485697013,0,normal
2015-02-28 10:35:00+00:00,18.4,Fitzroy Gardens,507,74.2,0.8,-37.8149218,144.9822582,ENV,REAL_507,Real sensor series - Fitzroy Gardens - board 507,42,real_sensor_board_507,20.68264998855761,0,normal
2015-02-28 10:45:00+00:00,18.4,Fitzroy Gardens,507,74.3,0.8,-37.8149218,144.9822582,ENV,REAL_507,Real sensor series - Fitzroy Gardens - board 507,42,real_sensor_board_507,20.22611999084609,0,normal
2015-02-28 10:55:00+00:00,18.4,Fitzroy Gardens,507,74.9,0.8,-37.8149218,144.9822582,ENV,REAL_507,Real sensor series - Fitzroy Gardens - board 507,42,real_sensor_board_507,19.860895992676873,0,normal
2015-02-28 11:05:00+00:00,18.4,Fitzroy Gardens,507,74.8,0.8,-37.8149218,144.9822582,ENV,REAL_507,Real sensor series - Fitzroy Gardens - board 507,42,real_sensor_board_507,19.5087167941415,0,normal
2015-02-28 11:25:00+00:00,18.1,Fitzroy Gardens,507,74.9,0.9,-37.8149218,144.9822582,ENV,REAL_507,Real sensor series - Fitzroy Gardens - board 507,42,real_sensor_board_507,19.2269734353132,0,normal
2015-02-28 11:35:00+00:00,18.1,Fitzroy Gardens,507,74.5,0.8,-37.8149218,144.9822582,ENV,REAL_507,Real sensor series - Fitzroy Gardens - board 507,42,real_sensor_board_507,19.001578748250562,0,normal
2015-02-28 11:45:00+00:00,18.1,Fitzroy Gardens,507,74.8,0.8,-37.8149218,144.9822582,ENV,REAL_507,Real sensor series - Fitzroy Gardens - board 507,42,real_sensor_board_507,18.82126299860045,0,normal
2015-02-28 11:55:00+00:00,18.1,Fitzroy Gardens,507,74.8,0.7,-37.8149218,144.9822582,ENV,REAL_507,Real sensor series - Fitzroy Gardens - board 507,42,real_sensor_board_507,18.67701039888036,0,normal
2015-02-28 13:10:00+00:00,18.1,Fitzroy Gardens,507,75.7,0.7,-37.8149218,144.9822582,ENV,REAL_507,Real sensor series - Fitzroy Gardens - board 507,42,real_sensor_board_507,18.561608319104288,0,normal
2015-02-28 13:20:00+00:00,17.7,Fitzroy Gardens,507,75.6,0.7,-37.8149218,144.9822582,ENV,REAL_507,Real sensor series - Fitzroy Gardens - board 507,42,real_sensor_board_507,18.46928665528343,0,normal
2015-02-28 13:30:00+00:00,18.1,Fitzroy Gardens,507,75.6,0.7,-37.8149218,144.9822582,ENV,REAL_507,Real sensor series - Fitzroy Gardens - board 507,42,real_sensor_board_507,18.315429324226745,0,normal
2015-02-28 13:40:00+00:00,17.7,Fitzroy Gardens,507,75.3,0.6,-37.8149218,144.9822582,ENV,REAL_507,Real sensor series - Fitzroy Gardens - board 507,42,real_sensor_board_507,18.192343459381398,0,normal
2015-02-28 13:50:00+00:00,17.7,Fitzroy Gardens,507,75.4,0.7,-37.8149218,144.9822582,ENV,REAL_507,Real sensor series - Fitzroy Gardens - board 507,42,real_sensor_board_507,18.09387476750512,0,normal
2015-02-28 14:00:00+00:00,17.7,Fitzroy Gardens,507,75.1,0.7,-37.8149218,144.9822582,ENV,REAL_507,Real sensor series - Fitzroy Gardens - board 507,42,real_sensor_board_507,18.015099814004095,0,normal
2015-02-28 14:10:00+00:00,17.7,Fitzroy Gardens,507,75.1,0.7,-37.8149218,144.9822582,ENV,REAL_507,Real sensor series - Fitzroy Gardens - board 507,42,real_sensor_board_507,17.952079851203276,0,normal
2015-02-28 14:20:00+00:00,17.7,Fitzroy Gardens,507,74.6,0.8,-37.8149218,144.9822582,ENV,REAL_507,Real sensor series - Fitzroy Gardens - board 507,42,real_sensor_board_507,17.901663880962623,0,normal
2015-02-28 14:30:00+00:00,17.1,Fitzroy Gardens,507,74.8,0.7,-37.8149218,144.9822582,ENV,REAL_507,Real sensor series - Fitzroy Gardens - board 507,42,real_sensor_board_507,17.7413311047701,0,normal
2015-02-28 14:40:00+00:00,17.1,Fitzroy Gardens,507,74.5,0.7,-37.8149218,144.9822582,ENV,REAL_507,Real sensor series - Fitzroy Gardens - board 507,42,real_sensor_board_507,17.613064883816083,0,normal
2015-02-28 14:50:00+00:00,16.8,Fitzroy Gardens,507,74.5,0.8,-37.8149218,144.9822582,ENV,REAL_507,Real sensor series - Fitzroy Gardens - board 507,42,real_sensor_board_507,17.450451907052866,0,normal
2015-02-28 15:00:00+00:00,16.5,Fitzroy Gardens,507,74.9,0.7,-37.8149218,144.9822582,ENV,REAL_507,Real sensor series - Fitzroy Gardens - board 507,42,real_sensor_board_507,17.260361525642292,0,normal
2015-02-28 15:10:00+00:00,16.5,Fitzroy Gardens,507,75.3,0.8,-37.8149218,144.9822582,ENV,REAL_507,Real sensor series - Fitzroy Gardens - board 507,42,real_sensor_board_507,17.108289220513836,0,normal
2015-02-28 15:20:00+00:00,16.1,Fitzroy Gardens,507,74.9,0.8,-37.8149218,144.9822582,ENV,REAL_507,Real sensor series - Fitzroy Gardens - board 507,42,real_sensor_board_507,16.98663137641107,0,normal
2015-02-28 15:35:00+00:00,15.8,Fitzroy Gardens,507,74.8,0.7,-37.8149218,144.9822582,ENV,REAL_507,Real sensor series - Fitzroy Gardens - board 507,42,real_sensor_board_507,16.889305101128855,0,normal
2015-02-28 15:45:00+00:00,15.5,Fitzroy Gardens,507,73.8,0.7,-37.8149218,144.9822582,ENV,REAL_507,Real sensor series - Fitzroy Gardens - board 507,42,real_sensor_board_507,16.811444080903083,0,normal
2015-02-28 15:55:00+00:00,15.8,Fitzroy Gardens,507,72.9,0.7,-37.8149218,144.9822582,ENV,REAL_507,Real sensor series - Fitzroy Gardens - board 507,42,real_sensor_board_507,16.749155264722468,0,normal
2015-02-28 16:55:00+00:00,14.8,Fitzroy Gardens,507,71.6,0.7,-37.8149218,144.9822582,ENV,REAL_507,Real sensor series - Fitzroy Gardens - board 507,42,real_sensor_board_507,16.699324211777974,0,normal
2015-02-28 17:05:00+00:00,15.5,Fitzroy Gardens,507,69.7,0.7,-37.8149218,144.9822582,ENV,REAL_507,Real sensor series - Fitzroy Gardens - board 507,42,real_sensor_board_507,16.65945936942238,0,normal
2015-02-28 17:15:00+00:00,15.2,Fitzroy Gardens,507,69.3,0.7,-37.8149218,144.9822582,ENV,REAL_507,Real sensor series - Fitzroy Gardens - board 507,42,real_sensor_board_507,16.627567495537903,0,normal
2015-02-28 18:05:00+00:00,15.2,Fitzroy Gardens,507,64.7,0.6,-37.8149218,144.9822582,ENV,REAL_507,Real sensor series - Fitzroy Gardens - board 507,42,real_sensor_board_507,16.602053996430325,0,normal
2015-02-28 18:15:00+00:00,14.8,Fitzroy Gardens,507,65.2,0.6,-37.8149218,144.9822582,ENV,REAL_507,Real sensor series - Fitzroy Gardens - board 507,42,real_sensor_board_507,16.58164319714426,0,normal
2015-02-28 18:25:00+00:00,14.8,Fitzroy Gardens,507,65.5,0.6,-37.8149218,144.9822582,ENV,REAL_507,Real sensor series - Fitzroy Gardens - board 507,42,real_sensor_board_507,16.565314557715407,1,weak_multivariate_excursion
2015-02-28 20:10:00+00:00,14.2,Fitzroy Gardens,507,63.9,54.9,-37.8149218,144.9822582,ENV,REAL_507,Real sensor series - Fitzroy Gardens - board 507,42,real_sensor_board_507,16.552251646172326,1,weak_multivariate_excursion
2015-02-28 21:00:00+00:00,14.5,Fitzroy Gardens,507,63.3,82.8,-37.8149218,144.9822582,ENV,REAL_507,Real sensor series - Fitzroy Gardens - board 507,42,real_sensor_board_507,16.54180131693786,1,weak_multivariate_excursion
2015-03-01 12:55:00+00:00,14.8,Fitzroy Gardens,507,52.6,0.6,-37.8149218,144.9822582,ENV,REAL_507,Real sensor series - Fitzroy Gardens - board 507,42,real_sensor_board_507,16.533441053550288,1,weak_multivariate_excursion
2015-03-01 13:05:00+00:00,15.2,Fitzroy Gardens,507,51.6,0.6,-37.8149218,144.9822582,ENV,REAL_507,Real sensor series - Fitzroy Gardens - board 507,42,real_sensor_board_507,16.52675284284023,1,weak_multivariate_excursion
2015-03-01 13:15:00+00:00,14.8,Fitzroy Gardens,507,52.7,0.6,-37.8149218,144.9822582,ENV,REAL_507,Real sensor series - Fitzroy Gardens - board 507,42,real_sensor_board_507,16.521402274272187,1,weak_multivariate_excursion
2015-03-02 08:45:00+00:00,19.0,Fitzroy Gardens,507,44.4,46.3,-37.8149218,144.9822582,ENV,REAL_507,Real sensor series - Fitzroy Gardens - board 507,42,real_sensor_board_507,16.75712181941775,1,weak_multivariate_excursion
2015-03-02 08:55:00+00:00,19.0,Fitzroy Gardens,507,44.7,23.6,-37.8149218,144.9822582,ENV,REAL_507,Real sensor series - Fitzroy Gardens - board 507,42,real_sensor_board_507,16.9456974555342,1,weak_multivariate_excursion
2015-03-02 09:10:00+00:00,19.0,Fitzroy Gardens,507,43.7,8.8,-37.8149218,144.9822582,ENV,REAL_507,Real sensor series - Fitzroy Gardens - board 507,42,real_sensor_board_507,17.09655796442736,1,weak_multivariate_excursion
2015-03-02 09:20:00+00:00,19.0,Fitzroy Gardens,507,42.9,1.7,-37.8149218,144.9822582,ENV,REAL_507,Real sensor series - Fitzroy Gardens - board 507,42,real_sensor_board_507,17.21724637154189,1,weak_multivariate_excursion
2015-03-02 09:30:00+00:00,18.4,Fitzroy Gardens,507,44.4,0.8,-37.8149218,144.9822582,ENV,REAL_507,Real sensor series - Fitzroy Gardens - board 507,42,real_sensor_board_507,17.31379709723351,0,normal
2015-03-02 09:40:00+00:00,18.1,Fitzroy Gardens,507,44.5,0.7,-37.8149218,144.9822582,ENV,REAL_507,Real sensor series - Fitzroy Gardens - board 507,42,real_sensor_board_507,17.39103767778681,0,normal
2015-03-02 09:50:00+00:00,18.4,Fitzroy Gardens,507,45.1,0.7,-37.8149218,144.9822582,ENV,REAL_507,Real sensor series - Fitzroy Gardens - board 507,42,real_sensor_board_507,17.45283014222945,0,normal
2015-03-02 10:00:00+00:00,18.7,Fitzroy Gardens,507,45.0,0.7,-37.8149218,144.9822582,ENV,REAL_507,Real sensor series - Fitzroy Gardens - board 507,42,real_sensor_board_507,17.50226411378356,0,normal
2015-03-02 10:10:00+00:00,18.1,Fitzroy Gardens,507,47.0,0.8,-37.8149218,144.9822582,ENV,REAL_507,Real sensor series - Fitzroy Gardens - board 507,42,real_sensor_board_507,17.54181129102685,0,normal
2015-03-02 10:20:00+00:00,18.1,Fitzroy Gardens,507,47.8,0.8,-37.8149218,144.9822582,ENV,REAL_507,Real sensor series - Fitzroy Gardens - board 507,42,real_sensor_board_507,17.57344903282148,0,normal
2015-03-02 10:30:00+00:00,18.1,Fitzroy Gardens,507,47.3,0.7,-37.8149218,144.9822582,ENV,REAL_507,Real sensor series - Fitzroy Gardens - board 507,42,real_sensor_board_507,17.598759226257183,0,normal
2015-03-02 10:40:00+00:00,18.4,Fitzroy Gardens,507,46.7,0.7,-37.8149218,144.9822582,ENV,REAL_507,Real sensor series - Fitzroy Gardens - board 507,42,real_sensor_board_507,17.619007381005748,0,normal
2015-03-02 10:50:00+00:00,17.7,Fitzroy Gardens,507,48.3,0.7,-37.8149218,144.9822582,ENV,REAL_507,Real sensor series - Fitzroy Gardens - board 507,42,real_sensor_board_507,17.6352059048046,0,normal
2015-03-02 11:00:00+00:00,17.7,Fitzroy Gardens,507,48.3,0.7,-37.8149218,144.9822582,ENV,REAL_507,Real sensor series - Fitzroy Gardens - board 507,42,real_sensor_board_507,17.64816472384368,0,normal
2015-03-02 11:10:00+00:00,17.7,Fitzroy Gardens,507,48.9,0.7,-37.8149218,144.9822582,ENV,REAL_507,Real sensor series - Fitzroy Gardens - board 507,42,real_sensor_board_507,17.658531779074945,0,normal
2015-03-02 11:20:00+00:00,18.1,Fitzroy Gardens,507,48.6,0.7,-37.8149218,144.9822582,ENV,REAL_507,Real sensor series - Fitzroy Gardens - board 507,42,real_sensor_board_507,17.666825423259958,0,normal
2015-03-02 11:30:00+00:00,17.7,Fitzroy Gardens,507,48.5,0.7,-37.8149218,144.9822582,ENV,REAL_507,Real sensor series - Fitzroy Gardens - board 507,42,real_sensor_board_507,17.673460338607967,0,normal
2015-03-02 11:40:00+00:00,18.1,Fitzroy Gardens,507,48.8,0.7,-37.8149218,144.9822582,ENV,REAL_507,Real sensor series - Fitzroy Gardens - board 507,42,real_sensor_board_507,17.678768270886373,0,normal
2015-03-02 11:50:00+00:00,18.1,Fitzroy Gardens,507,48.6,0.7,-37.8149218,144.9822582,ENV,REAL_507,Real sensor series - Fitzroy Gardens - board 507,42,real_sensor_board_507,17.683014616709098,0,normal
2015-03-02 13:05:00+00:00,17.1,Fitzroy Gardens,507,50.0,0.8,-37.8149218,144.9822582,ENV,REAL_507,Real sensor series - Fitzroy Gardens - board 507,42,real_sensor_board_507,17.626411693367277,0,normal
2015-03-02 13:15:00+00:00,16.8,Fitzroy Gardens,507,49.9,0.7,-37.8149218,144.9822582,ENV,REAL_507,Real sensor series - Fitzroy Gardens - board 507,42,real_sensor_board_507,17.58112935469382,0,normal
2015-03-02 13:25:00+00:00,16.8,Fitzroy Gardens,507,50.0,0.7,-37.8149218,144.9822582,ENV,REAL_507,Real sensor series - Fitzroy Gardens - board 507,42,real_sensor_board_507,17.544903483755057,0,normal
2015-03-02 13:35:00+00:00,16.8,Fitzroy Gardens,507,50.5,0.8,-37.8149218,144.9822582,ENV,REAL_507,Real sensor series - Fitzroy Gardens - board 507,42,real_sensor_board_507,17.515922787004047,0,normal
2015-03-02 13:45:00+00:00,16.8,Fitzroy Gardens,507,50.3,0.7,-37.8149218,144.9822582,ENV,REAL_507,Real sensor series - Fitzroy Gardens - board 507,42,real_sensor_board_507,17.492738229603237,0,normal
2015-03-02 13:55:00+00:00,16.5,Fitzroy Gardens,507,52.6,0.8,-37.8149218,144.9822582,ENV,REAL_507,Real sensor series - Fitzroy Gardens - board 507,42,real_sensor_board_507,17.47419058368259,0,normal
2015-03-02 14:05:00+00:00,16.8,Fitzroy Gardens,507,52.4,0.7,-37.8149218,144.9822582,ENV,REAL_507,Real sensor series - Fitzroy Gardens - board 507,42,real_sensor_board_507,17.399352466946073,0,normal
2015-03-02 14:15:00+00:00,16.5,Fitzroy Gardens,507,53.3,0.8,-37.8149218,144.9822582,ENV,REAL_507,Real sensor series - Fitzroy Gardens - board 507,42,real_sensor_board_507,17.33948197355686,0,normal
2015-03-02 14:25:00+00:00,16.5,Fitzroy Gardens,507,53.3,0.8,-37.8149218,144.9822582,ENV,REAL_507,Real sensor series - Fitzroy Gardens - board 507,42,real_sensor_board_507,17.291585578845492,0,normal
2015-03-02 14:45:00+00:00,17.4,Fitzroy Gardens,507,49.6,0.7,-37.8149218,144.9822582,ENV,REAL_507,Real sensor series - Fitzroy Gardens - board 507,42,real_sensor_board_507,17.253268463076395,0,normal
2015-03-02 14:55:00+00:00,17.4,Fitzroy Gardens,507,49.7,0.7,-37.8149218,144.9822582,ENV,REAL_507,Real sensor series - Fitzroy Gardens - board 507,42,real_sensor_board_507,17.222614770461117,0,normal
2015-03-02 15:05:00+00:00,17.4,Fitzroy Gardens,507,49.4,0.7,-37.8149218,144.9822582,ENV,REAL_507,Real sensor series - Fitzroy Gardens - board 507,42,real_sensor_board_507,17.198091816368894,0,normal
2015-03-02 15:15:00+00:00,17.4,Fitzroy Gardens,507,49.6,0.7,-37.8149218,144.9822582,ENV,REAL_507,Real sensor series - Fitzroy Gardens - board 507,42,real_sensor_board_507,17.178473453095116,0,normal
2015-03-02 15:25:00+00:00,17.4,Fitzroy Gardens,507,49.7,0.7,-37.8149218,144.9822582,ENV,REAL_507,Real sensor series - Fitzroy Gardens - board 507,42,real_sensor_board_507,17.162778762476094,0,normal
2015-03-02 15:40:00+00:00,17.1,Fitzroy Gardens,507,51.1,0.7,-37.8149218,144.9822582,ENV,REAL_507,Real sensor series - Fitzroy Gardens - board 507,42,real_sensor_board_507,17.150223009980877,0,normal
2015-03-02 17:00:00+00:00,17.1,Fitzroy Gardens,507,51.4,0.8,-37.8149218,144.9822582,ENV,REAL_507,Real sensor series - Fitzroy Gardens - board 507,42,real_sensor_board_507,17.140178407984703,0,normal
2015-03-02 17:10:00+00:00,17.4,Fitzroy Gardens,507,50.3,0.8,-37.8149218,144.9822582,ENV,REAL_507,Real sensor series - Fitzroy Gardens - board 507,42,real_sensor_board_507,17.132142726387762,0,normal
2015-03-02 17:20:00+00:00,17.1,Fitzroy Gardens,507,51.8,0.8,-37.8149218,144.9822582,ENV,REAL_507,Real sensor series - Fitzroy Gardens - board 507,42,real_sensor_board_507,17.12571418111021,0,normal
2015-03-02 17:30:00+00:00,16.8,Fitzroy Gardens,507,53.8,0.8,-37.8149218,144.9822582,ENV,REAL_507,Real sensor series - Fitzroy Gardens - board 507,42,real_sensor_board_507,17.18057134488817,0,normal
2015-03-02 17:40:00+00:00,17.1,Fitzroy Gardens,507,52.7,0.7,-37.8149218,144.9822582,ENV,REAL_507,Real sensor series - Fitzroy Gardens - board 507,42,real_sensor_board_507,17.224457075910536,0,normal
2015-03-02 17:50:00+00:00,17.1,Fitzroy Gardens,507,51.6,0.7,-37.8149218,144.9822582,ENV,REAL_507,Real sensor series - Fitzroy Gardens - board 507,42,real_sensor_board_507,17.25956566072843,0,normal
2015-03-02 18:10:00+00:00,17.1,Fitzroy Gardens,507,51.6,0.8,-37.8149218,144.9822582,ENV,REAL_507,Real sensor series - Fitzroy Gardens - board 507,42,real_sensor_board_507,17.287652528582743,1,weak_multivariate_excursion
2015-03-02 21:05:00+00:00,16.5,Fitzroy Gardens,507,56.3,86.3,-37.8149218,144.9822582,ENV,REAL_507,Real sensor series - Fitzroy Gardens - board 507,42,real_sensor_board_507,17.310122022866196,1,weak_multivariate_excursion
2015-03-02 21:15:00+00:00,17.1,Fitzroy Gardens,507,52.2,88.5,-37.8149218,144.9822582,ENV,REAL_507,Real sensor series - Fitzroy Gardens - board 507,42,real_sensor_board_507,17.328097618292958,1,weak_multivariate_excursion
2015-03-02 21:25:00+00:00,17.7,Fitzroy Gardens,507,52.1,90.2,-37.8149218,144.9822582,ENV,REAL_507,Real sensor series - Fitzroy Gardens - board 507,42,real_sensor_board_507,17.342478094634366,0,normal
2015-03-02 21:35:00+00:00,17.4,Fitzroy Gardens,507,50.7,90.8,-37.8149218,144.9822582,ENV,REAL_507,Real sensor series - Fitzroy Gardens - board 507,42,real_sensor_board_507,17.413982475707492,0,normal
2015-03-02 21:45:00+00:00,17.7,Fitzroy Gardens,507,51.1,91.6,-37.8149218,144.9822582,ENV,REAL_507,Real sensor series - Fitzroy Gardens - board 507,42,real_sensor_board_507,17.471185980565995,0,normal
2015-03-02 22:00:00+00:00,18.1,Fitzroy Gardens,507,51.3,92.4,-37.8149218,144.9822582,ENV,REAL_507,Real sensor series - Fitzroy Gardens - board 507,42,real_sensor_board_507,17.596948784452795,0,normal
2015-03-02 22:10:00+00:00,18.4,Fitzroy Gardens,507,50.5,92.8,-37.8149218,144.9822582,ENV,REAL_507,Real sensor series - Fitzroy Gardens - board 507,42,real_sensor_board_507,17.757559027562237,0,normal
2015-03-02 22:20:00+00:00,18.4,Fitzroy Gardens,507,50.8,93.4,-37.8149218,144.9822582,ENV,REAL_507,Real sensor series - Fitzroy Gardens - board 507,42,real_sensor_board_507,17.88604722204979,0,normal
2015-03-02 22:30:00+00:00,18.4,Fitzroy Gardens,507,50.0,93.5,-37.8149218,144.9822582,ENV,REAL_507,Real sensor series - Fitzroy Gardens - board 507,42,real_sensor_board_507,17.98883777763983,0,normal
2015-03-02 22:40:00+00:00,19.4,Fitzroy Gardens,507,49.4,93.5,-37.8149218,144.9822582,ENV,REAL_507,Real sensor series - Fitzroy Gardens - board 507,42,real_sensor_board_507,18.131070222111866,0,normal
2015-03-02 22:50:00+00:00,19.0,Fitzroy Gardens,507,49.6,94.0,-37.8149218,144.9822582,ENV,REAL_507,Real sensor series - Fitzroy Gardens - board 507,42,real_sensor_board_507,18.304856177689494,0,normal
2015-03-02 23:00:00+00:00,19.4,Fitzroy Gardens,507,49.7,93.8,-37.8149218,144.9822582,ENV,REAL_507,Real sensor series - Fitzroy Gardens - board 507,42,real_sensor_board_507,18.443884942151595,0,normal
2015-03-02 23:10:00+00:00,19.0,Fitzroy Gardens,507,50.3,93.5,-37.8149218,144.9822582,ENV,REAL_507,Real sensor series - Fitzroy Gardens - board 507,42,real_sensor_board_507,18.635107953721278,0,normal
2015-03-02 23:20:00+00:00,18.7,Fitzroy Gardens,507,50.5,93.1,-37.8149218,144.9822582,ENV,REAL_507,Real sensor series - Fitzroy Gardens - board 507,42,real_sensor_board_507,18.788086362977023,0,normal
2015-03-02 23:30:00+00:00,19.7,Fitzroy Gardens,507,49.7,95.5,-37.8149218,144.9822582,ENV,REAL_507,Real sensor series - Fitzroy Gardens - board 507,42,real_sensor_board_507,18.97046909038162,0,normal
2015-03-02 23:40:00+00:00,20.0,Fitzroy Gardens,507,49.1,94.8,-37.8149218,144.9822582,ENV,REAL_507,Real sensor series - Fitzroy Gardens - board 507,42,real_sensor_board_507,19.176375272305297,1,weak_multivariate_excursion
2015-03-03 00:40:00+00:00,22.6,Fitzroy Gardens,507,45.9,97.3,-37.8149218,144.9822582,ENV,REAL_507,Real sensor series - Fitzroy Gardens - board 507,42,real_sensor_board_507,19.801100217844237,1,weak_multivariate_excursion
2015-03-03 00:50:00+00:00,24.2,Fitzroy Gardens,507,41.2,97.6,-37.8149218,144.9822582,ENV,REAL_507,Real sensor series - Fitzroy Gardens - board 507,42,real_sensor_board_507,20.30088017427539,1,weak_multivariate_excursion
2015-03-03 01:00:00+00:00,24.2,Fitzroy Gardens,507,43.1,97.3,-37.8149218,144.9822582,ENV,REAL_507,Real sensor series - Fitzroy Gardens - board 507,42,real_sensor_board_507,20.760704139420312,0,normal
2015-03-03 01:15:00+00:00,25.5,Fitzroy Gardens,507,39.8,97.3,-37.8149218,144.9822582,ENV,REAL_507,Real sensor series - Fitzroy Gardens - board 507,42,real_sensor_board_507,21.12856331153625,0,normal
2015-03-03 01:25:00+00:00,24.8,Fitzroy Gardens,507,40.7,97.1,-37.8149218,144.9822582,ENV,REAL_507,Real sensor series - Fitzroy Gardens - board 507,42,real_sensor_board_507,21.422850649229,0,normal
2015-03-03 01:35:00+00:00,22.6,Fitzroy Gardens,507,43.1,96.9,-37.8149218,144.9822582,ENV,REAL_507,Real sensor series - Fitzroy Gardens - board 507,42,real_sensor_board_507,21.6582805193832,0,normal
2015-03-03 01:45:00+00:00,22.9,Fitzroy Gardens,507,43.6,96.9,-37.8149218,144.9822582,ENV,REAL_507,Real sensor series - Fitzroy Gardens - board 507,42,real_sensor_board_507,21.84662441550656,0,normal
2015-03-03 01:55:00+00:00,23.5,Fitzroy Gardens,507,41.8,96.9,-37.8149218,144.9822582,ENV,REAL_507,Real sensor series - Fitzroy Gardens - board 507,42,real_sensor_board_507,21.99729953240525,0,normal
2015-03-03 02:05:00+00:00,22.3,Fitzroy Gardens,507,42.3,96.9,-37.8149218,144.9822582,ENV,REAL_507,Real sensor series - Fitzroy Gardens - board 507,42,real_sensor_board_507,22.1178396259242,0,normal
2015-03-03 02:15:00+00:00,23.5,Fitzroy Gardens,507,40.9,96.8,-37.8149218,144.9822582,ENV,REAL_507,Real sensor series - Fitzroy Gardens - board 507,42,real_sensor_board_507,22.21427170073936,0,normal
2015-03-03 02:25:00+00:00,22.9,Fitzroy Gardens,507,41.4,97.0,-37.8149218,144.9822582,ENV,REAL_507,Real sensor series - Fitzroy Gardens - board 507,42,real_sensor_board_507,22.29141736059149,0,normal
2015-03-03 02:35:00+00:00,22.3,Fitzroy Gardens,507,41.2,96.6,-37.8149218,144.9822582,ENV,REAL_507,Real sensor series - Fitzroy Gardens - board 507,42,real_sensor_board_507,22.35313388847319,0,normal
2015-03-03 02:45:00+00:00,23.2,Fitzroy Gardens,507,39.9,96.8,-37.8149218,144.9822582,ENV,REAL_507,Real sensor series - Fitzroy Gardens - board 507,42,real_sensor_board_507,22.402507110778554,0,normal
2015-03-03 02:55:00+00:00,23.5,Fitzroy Gardens,507,40.1,97.0,-37.8149218,144.9822582,ENV,REAL_507,Real sensor series - Fitzroy Gardens - board 507,42,real_sensor_board_507,22.442005688622842,0,normal
2015-03-03 03:05:00+00:00,23.5,Fitzroy Gardens,507,39.5,97.1,-37.8149218,144.9822582,ENV,REAL_507,Real sensor series - Fitzroy Gardens - board 507,42,real_sensor_board_507,22.473604550898273,0,normal
2015-03-03 03:15:00+00:00,23.9,Fitzroy Gardens,507,39.2,97.0,-37.8149218,144.9822582,ENV,REAL_507,Real sensor series - Fitzroy Gardens - board 507,42,real_sensor_board_507,22.498883640718617,0,normal
2015-03-03 03:35:00+00:00,24.5,Fitzroy Gardens,507,38.5,97.2,-37.8149218,144.9822582,ENV,REAL_507,Real sensor series - Fitzroy Gardens - board 507,42,real_sensor_board_507,22.459106912574896,0,normal
2015-03-03 03:55:00+00:00,23.2,Fitzroy Gardens,507,38.5,97.2,-37.8149218,144.9822582,ENV,REAL_507,Real sensor series - Fitzroy Gardens - board 507,42,real_sensor_board_507,22.42728553005992,1,weak_multivariate_excursion
2015-03-03 13:00:00+00:00,14.2,Fitzroy Gardens,507,57.3,0.9,-37.8149218,144.9822582,ENV,REAL_507,Real sensor series - Fitzroy Gardens - board 507,42,real_sensor_board_507,22.06182842404794,1,weak_multivariate_excursion
2015-03-03 18:10:00+00:00,14.8,Fitzroy Gardens,507,54.3,0.9,-37.8149218,144.9822582,ENV,REAL_507,Real sensor series - Fitzroy Gardens - board 507,42,real_sensor_board_507,21.329462739238352,1,weak_multivariate_excursion
2015-03-03 18:20:00+00:00,14.5,Fitzroy Gardens,507,54.9,0.9,-37.8149218,144.9822582,ENV,REAL_507,Real sensor series - Fitzroy Gardens - board 507,42,real_sensor_board_507,20.74357019139068,1,weak_multivariate_excursion
2015-03-03 18:30:00+00:00,14.5,Fitzroy Gardens,507,56.0,0.9,-37.8149218,144.9822582,ENV,REAL_507,Real sensor series - Fitzroy Gardens - board 507,42,real_sensor_board_507,20.274856153112545,0,normal
2015-03-03 18:40:00+00:00,14.8,Fitzroy Gardens,507,55.1,0.9,-37.8149218,144.9822582,ENV,REAL_507,Real sensor series - Fitzroy Gardens - board 507,42,real_sensor_board_507,19.899884922490035,1,weak_multivariate_excursion
2015-03-03 19:50:00+00:00,14.5,Fitzroy Gardens,507,53.5,15.5,-37.8149218,144.9822582,ENV,REAL_507,Real sensor series - Fitzroy Gardens - board 507,42,real_sensor_board_507,19.59990793799203,1,weak_multivariate_excursion
2015-03-03 20:45:00+00:00,14.8,Fitzroy Gardens,507,52.7,81.3,-37.8149218,144.9822582,ENV,REAL_507,Real sensor series - Fitzroy Gardens - board 507,42,real_sensor_board_507,19.299926350393623,1,weak_multivariate_excursion
2015-03-03 23:05:00+00:00,16.8,Fitzroy Gardens,507,45.6,92.6,-37.8149218,144.9822582,ENV,REAL_507,Real sensor series - Fitzroy Gardens - board 507,42,real_sensor_board_507,18.979941080314898,1,weak_multivariate_excursion
2015-03-03 23:15:00+00:00,17.4,Fitzroy Gardens,507,44.7,95.0,-37.8149218,144.9822582,ENV,REAL_507,Real sensor series - Fitzroy Gardens - board 507,42,real_sensor_board_507,18.72395286425192,1,weak_multivariate_excursion
2015-03-03 23:25:00+00:00,18.4,Fitzroy Gardens,507,43.6,93.2,-37.8149218,144.9822582,ENV,REAL_507,Real sensor series - Fitzroy Gardens - board 507,42,real_sensor_board_507,18.519162291401535,0,normal
2015-03-03 23:40:00+00:00,18.4,Fitzroy Gardens,507,44.0,93.6,-37.8149218,144.9822582,ENV,REAL_507,Real sensor series - Fitzroy Gardens - board 507,42,real_sensor_board_507,18.29532983312123,0,normal
2015-03-03 23:50:00+00:00,18.4,Fitzroy Gardens,507,42.3,94.5,-37.8149218,144.9822582,ENV,REAL_507,Real sensor series - Fitzroy Gardens - board 507,42,real_sensor_board_507,18.116263866496983,1,weak_multivariate_excursion
2015-03-04 08:10:00+00:00,20.6,Fitzroy Gardens,507,42.6,78.0,-37.8149218,144.9822582,ENV,REAL_507,Real sensor series - Fitzroy Gardens - board 507,42,real_sensor_board_507,17.973011093197588,1,weak_multivariate_excursion
2015-03-04 13:00:00+00:00,18.1,Fitzroy Gardens,507,42.6,0.8,-37.8149218,144.9822582,ENV,REAL_507,Real sensor series - Fitzroy Gardens - board 507,42,real_sensor_board_507,17.85840887455807,1,weak_multivariate_excursion
2015-03-04 13:10:00+00:00,18.4,Fitzroy Gardens,507,42.0,0.9,-37.8149218,144.9822582,ENV,REAL_507,Real sensor series - Fitzroy Gardens - board 507,42,real_sensor_board_507,17.766727099646456,1,weak_multivariate_excursion
2015-03-04 13:20:00+00:00,18.4,Fitzroy Gardens,507,41.4,0.9,-37.8149218,144.9822582,ENV,REAL_507,Real sensor series - Fitzroy Gardens - board 507,42,real_sensor_board_507,17.693381679717167,0,normal
2015-03-04 13:30:00+00:00,17.7,Fitzroy Gardens,507,42.1,0.8,-37.8149218,144.9822582,ENV,REAL_507,Real sensor series - Fitzroy Gardens - board 507,42,real_sensor_board_507,17.634705343773735,0,normal
2015-03-04 13:40:00+00:00,17.4,Fitzroy Gardens,507,43.4,0.8,-37.8149218,144.9822582,ENV,REAL_507,Real sensor series - Fitzroy Gardens - board 507,42,real_sensor_board_507,17.587764275018987,0,normal
2015-03-04 13:50:00+00:00,17.4,Fitzroy Gardens,507,43.9,0.8,-37.8149218,144.9822582,ENV,REAL_507,Real sensor series - Fitzroy Gardens - board 507,42,real_sensor_board_507,17.55021142001519,0,normal
2015-03-04 14:00:00+00:00,17.4,Fitzroy Gardens,507,43.7,0.8,-37.8149218,144.9822582,ENV,REAL_507,Real sensor series - Fitzroy Gardens - board 507,42,real_sensor_board_507,17.520169136012154,0,normal
2015-03-04 14:10:00+00:00,17.7,Fitzroy Gardens,507,42.3,0.9,-37.8149218,144.9822582,ENV,REAL_507,Real sensor series - Fitzroy Gardens - board 507,42,real_sensor_board_507,17.496135308809723,0,normal
2015-03-04 14:20:00+00:00,17.7,Fitzroy Gardens,507,42.5,1.0,-37.8149218,144.9822582,ENV,REAL_507,Real sensor series - Fitzroy Gardens - board 507,42,real_sensor_board_507,17.476908247047778,0,normal
2015-03-04 14:30:00+00:00,17.4,Fitzroy Gardens,507,43.4,0.9,-37.8149218,144.9822582,ENV,REAL_507,Real sensor series - Fitzroy Gardens - board 507,42,real_sensor_board_507,17.461526597638223,0,normal
2015-03-04 14:40:00+00:00,17.4,Fitzroy Gardens,507,43.4,0.9,-37.8149218,144.9822582,ENV,REAL_507,Real sensor series - Fitzroy Gardens - board 507,42,real_sensor_board_507,17.449221278110578,0,normal
2015-03-04 14:50:00+00:00,17.4,Fitzroy Gardens,507,44.5,0.9,-37.8149218,144.9822582,ENV,REAL_507,Real sensor series - Fitzroy Gardens - board 507,42,real_sensor_board_507,17.43937702248846,0,normal
2015-03-04 15:00:00+00:00,15.5,Fitzroy Gardens,507,56.5,0.9,-37.8149218,144.9822582,ENV,REAL_507,Real sensor series - Fitzroy Gardens - board 507,42,real_sensor_board_507,17.25150161799077,0,normal
2015-03-04 15:10:00+00:00,15.8,Fitzroy Gardens,507,54.1,0.9,-37.8149218,144.9822582,ENV,REAL_507,Real sensor series - Fitzroy Gardens - board 507,42,real_sensor_board_507,17.101201294392617,0,normal
2015-03-04 15:25:00+00:00,15.8,Fitzroy Gardens,507,55.4,0.9,-37.8149218,144.9822582,ENV,REAL_507,Real sensor series - Fitzroy Gardens - board 507,42,real_sensor_board_507,16.980961035514095,0,normal
2015-03-04 15:35:00+00:00,14.8,Fitzroy Gardens,507,61.1,0.9,-37.8149218,144.9822582,ENV,REAL_507,Real sensor series - Fitzroy Gardens - board 507,42,real_sensor_board_507,16.88476882841128,1,weak_multivariate_excursion
2015-03-04 23:05:00+00:00,14.5,Fitzroy Gardens,507,39.8,92.6,-37.8149218,144.9822582,ENV,REAL_507,Real sensor series - Fitzroy Gardens - board 507,42,real_sensor_board_507,16.807815062729023,1,weak_multivariate_excursion
2015-03-04 23:55:00+00:00,16.5,Fitzroy Gardens,507,37.7,94.6,-37.8149218,144.9822582,ENV,REAL_507,Real sensor series - Fitzroy Gardens - board 507,42,real_sensor_board_507,16.74625205018322,1,weak_multivariate_excursion
2015-03-05 09:00:00+00:00,15.5,Fitzroy Gardens,507,33.8,18.0,-37.8149218,144.9822582,ENV,REAL_507,Real sensor series - Fitzroy Gardens - board 507,42,real_sensor_board_507,16.697001640146578,1,weak_multivariate_excursion
2015-03-05 09:10:00+00:00,15.2,Fitzroy Gardens,507,37.4,3.9,-37.8149218,144.9822582,ENV,REAL_507,Real sensor series - Fitzroy Gardens - board 507,42,real_sensor_board_507,16.65760131211726,1,weak_multivariate_excursion
2015-03-05 09:20:00+00:00,14.8,Fitzroy Gardens,507,38.5,1.2,-37.8149218,144.9822582,ENV,REAL_507,Real sensor series - Fitzroy Gardens - board 507,42,real_sensor_board_507,16.62608104969381,1,weak_multivariate_excursion
2015-03-05 18:15:00+00:00,13.9,Fitzroy Gardens,507,48.1,1.0,-37.8149218,144.9822582,ENV,REAL_507,Real sensor series - Fitzroy Gardens - board 507,42,real_sensor_board_507,16.600864839755047,0,normal
2015-03-05 18:25:00+00:00,13.5,Fitzroy Gardens,507,48.5,1.0,-37.8149218,144.9822582,ENV,REAL_507,Real sensor series - Fitzroy Gardens - board 507,42,real_sensor_board_507,16.58069187180404,1,weak_multivariate_excursion
2015-03-05 20:05:00+00:00,14.5,Fitzroy Gardens,507,49.4,22.7,-37.8149218,144.9822582,ENV,REAL_507,Real sensor series - Fitzroy Gardens - board 507,42,real_sensor_board_507,16.56455349744323,1,weak_multivariate_excursion
2015-03-05 23:00:00+00:00,16.5,Fitzroy Gardens,507,54.0,91.7,-37.8149218,144.9822582,ENV,REAL_507,Real sensor series - Fitzroy Gardens - board 507,42,real_sensor_board_507,16.471642797954587,1,weak_multivariate_excursion
2015-03-06 16:40:00+00:00,14.8,Fitzroy Gardens,507,61.7,0.8,-37.8149218,144.9822582,ENV,REAL_507,Real sensor series - Fitzroy Gardens - board 507,42,real_sensor_board_507,16.39731423836367,1,weak_multivariate_excursion
2015-03-06 18:20:00+00:00,14.2,Fitzroy Gardens,507,63.3,0.8,-37.8149218,144.9822582,ENV,REAL_507,Real sensor series - Fitzroy Gardens - board 507,42,real_sensor_board_507,16.337851390690936,1,weak_multivariate_excursion
2015-03-06 20:05:00+00:00,14.2,Fitzroy Gardens,507,59.8,47.1,-37.8149218,144.9822582,ENV,REAL_507,Real sensor series - Fitzroy Gardens - board 507,42,real_sensor_board_507,16.290281112552748,1,weak_multivariate_excursion
2015-03-06 20:15:00+00:00,13.9,Fitzroy Gardens,507,60.9,60.4,-37.8149218,144.9822582,ENV,REAL_507,Real sensor series - Fitzroy Gardens - board 507,42,real_sensor_board_507,16.2522248900422,1,weak_multivariate_excursion
2015-03-07 08:45:00+00:00,17.4,Fitzroy Gardens,507,59.8,52.4,-37.8149218,144.9822582,ENV,REAL_507,Real sensor series - Fitzroy Gardens - board 507,42,real_sensor_board_507,16.22177991203376,1,weak_multivariate_excursion
2015-03-07 15:55:00+00:00,16.5,Fitzroy Gardens,507,62.6,0.8,-37.8149218,144.9822582,ENV,REAL_507,Real sensor series - Fitzroy Gardens - board 507,42,real_sensor_board_507,16.197423929627007,1,weak_multivariate_excursion
2015-03-07 16:15:00+00:00,16.5,Fitzroy Gardens,507,62.5,0.8,-37.8149218,144.9822582,ENV,REAL_507,Real sensor series - Fitzroy Gardens - board 507,42,real_sensor_board_507,16.177939143701607,1,weak_multivariate_excursion
2015-03-07 16:45:00+00:00,16.5,Fitzroy Gardens,507,62.6,0.8,-37.8149218,144.9822582,ENV,REAL_507,Real sensor series - Fitzroy Gardens - board 507,42,real_sensor_board_507,16.162351314961285,0,normal
2015-03-07 16:55:00+00:00,16.5,Fitzroy Gardens,507,62.3,0.8,-37.8149218,144.9822582,ENV,REAL_507,Real sensor series - Fitzroy Gardens - board 507,42,real_sensor_board_507,16.08988105196903,0,normal
2015-03-07 17:05:00+00:00,16.5,Fitzroy Gardens,507,62.3,0.8,-37.8149218,144.9822582,ENV,REAL_507,Real sensor series - Fitzroy Gardens - board 507,42,real_sensor_board_507,16.031904841575226,0,normal
2015-03-07 17:20:00+00:00,16.5,Fitzroy Gardens,507,60.9,0.8,-37.8149218,144.9822582,ENV,REAL_507,Real sensor series - Fitzroy Gardens - board 507,42,real_sensor_board_507,15.985523873260181,0,normal
2015-03-07 17:30:00+00:00,16.5,Fitzroy Gardens,507,60.3,0.8,-37.8149218,144.9822582,ENV,REAL_507,Real sensor series - Fitzroy Gardens - board 507,42,real_sensor_board_507,15.948419098608145,0,normal
2015-03-07 17:40:00+00:00,16.5,Fitzroy Gardens,507,60.0,0.8,-37.8149218,144.9822582,ENV,REAL_507,Real sensor series - Fitzroy Gardens - board 507,42,real_sensor_board_507,15.918735278886517,0,normal
2015-03-07 17:50:00+00:00,16.5,Fitzroy Gardens,507,60.1,0.7,-37.8149218,144.9822582,ENV,REAL_507,Real sensor series - Fitzroy Gardens - board 507,42,real_sensor_board_507,15.954988223109215,0,normal
2015-03-07 18:00:00+00:00,16.1,Fitzroy Gardens,507,60.0,0.8,-37.8149218,144.9822582,ENV,REAL_507,Real sensor series - Fitzroy Gardens - board 507,42,real_sensor_board_507,15.983990578487374,0,normal
2015-03-07 18:10:00+00:00,16.1,Fitzroy Gardens,507,59.6,0.7,-37.8149218,144.9822582,ENV,REAL_507,Real sensor series - Fitzroy Gardens - board 507,42,real_sensor_board_507,16.007192462789902,0,normal
2015-03-07 18:20:00+00:00,16.1,Fitzroy Gardens,507,59.6,0.7,-37.8149218,144.9822582,ENV,REAL_507,Real sensor series - Fitzroy Gardens - board 507,42,real_sensor_board_507,16.025753970231925,0,normal
2015-03-07 18:30:00+00:00,16.1,Fitzroy Gardens,507,59.6,0.7,-37.8149218,144.9822582,ENV,REAL_507,Real sensor series - Fitzroy Gardens - board 507,42,real_sensor_board_507,16.04060317618554,0,normal
2015-03-07 18:40:00+00:00,15.8,Fitzroy Gardens,507,60.1,0.7,-37.8149218,144.9822582,ENV,REAL_507,Real sensor series - Fitzroy Gardens - board 507,42,real_sensor_board_507,16.132482540948434,0,normal
2015-03-07 18:50:00+00:00,15.5,Fitzroy Gardens,507,61.1,0.7,-37.8149218,144.9822582,ENV,REAL_507,Real sensor series - Fitzroy Gardens - board 507,42,real_sensor_board_507,16.205986032758748,0,normal
2015-03-07 19:00:00+00:00,15.8,Fitzroy Gardens,507,61.2,0.7,-37.8149218,144.9822582,ENV,REAL_507,Real sensor series - Fitzroy Gardens - board 507,42,real_sensor_board_507,16.264788826207,0,normal
2015-03-07 19:10:00+00:00,15.8,Fitzroy Gardens,507,61.1,0.7,-37.8149218,144.9822582,ENV,REAL_507,Real sensor series - Fitzroy Gardens - board 507,42,real_sensor_board_507,16.3118310609656,0,normal
2015-03-07 19:20:00+00:00,15.8,Fitzroy Gardens,507,60.9,0.7,-37.8149218,144.9822582,ENV,REAL_507,Real sensor series - Fitzroy Gardens - board 507,42,real_sensor_board_507,16.34946484877248,0,normal
2015-03-07 19:30:00+00:00,15.8,Fitzroy Gardens,507,61.1,0.7,-37.8149218,144.9822582,ENV,REAL_507,Real sensor series - Fitzroy Gardens - board 507,42,real_sensor_board_507,16.379571879017984,0,normal
2015-03-07 19:40:00+00:00,15.5,Fitzroy Gardens,507,61.4,1.2,-37.8149218,144.9822582,ENV,REAL_507,Real sensor series - Fitzroy Gardens - board 507,42,real_sensor_board_507,16.403657503214387,0,normal
2015-03-07 19:50:00+00:00,15.2,Fitzroy Gardens,507,62.5,5.7,-37.8149218,144.9822582,ENV,REAL_507,Real sensor series - Fitzroy Gardens - board 507,42,real_sensor_board_507,16.42292600257151,0,normal
2015-03-08 12:20:00+00:00,15.5,Fitzroy Gardens,507,57.0,0.7,-37.8149218,144.9822582,ENV,REAL_507,Real sensor series - Fitzroy Gardens - board 507,42,real_sensor_board_507,16.43834080205721,1,weak_multivariate_excursion
2015-03-08 20:30:00+00:00,13.9,Fitzroy Gardens,507,63.4,74.7,-37.8149218,144.9822582,ENV,REAL_507,Real sensor series - Fitzroy Gardens - board 507,42,real_sensor_board_507,16.450672641645767,1,weak_multivariate_excursion
2015-03-08 23:05:00+00:00,19.0,Fitzroy Gardens,507,50.2,96.0,-37.8149218,144.9822582,ENV,REAL_507,Real sensor series - Fitzroy Gardens - board 507,42,real_sensor_board_507,16.900538113316614,1,weak_multivariate_excursion
2015-03-08 23:15:00+00:00,19.4,Fitzroy Gardens,507,49.9,95.2,-37.8149218,144.9822582,ENV,REAL_507,Real sensor series - Fitzroy Gardens - board 507,42,real_sensor_board_507,17.32043049065329,1,weak_multivariate_excursion
2015-03-08 23:25:00+00:00,18.7,Fitzroy Gardens,507,48.3,94.3,-37.8149218,144.9822582,ENV,REAL_507,Real sensor series - Fitzroy Gardens - board 507,42,real_sensor_board_507,17.736344392522632,0,normal
2015-03-08 23:35:00+00:00,19.4,Fitzroy Gardens,507,48.8,94.3,-37.8149218,144.9822582,ENV,REAL_507,Real sensor series - Fitzroy Gardens - board 507,42,real_sensor_board_507,18.069075514018106,0,normal
2015-03-08 23:45:00+00:00,20.0,Fitzroy Gardens,507,47.3,94.6,-37.8149218,144.9822582,ENV,REAL_507,Real sensor series - Fitzroy Gardens - board 507,42,real_sensor_board_507,18.455260411214486,0,normal
2015-03-08 23:55:00+00:00,20.6,Fitzroy Gardens,507,45.1,95.5,-37.8149218,144.9822582,ENV,REAL_507,Real sensor series - Fitzroy Gardens - board 507,42,real_sensor_board_507,18.82420832897159,1,weak_multivariate_excursion
2015-03-09 00:45:00+00:00,25.5,Fitzroy Gardens,507,39.2,97.6,-37.8149218,144.9822582,ENV,REAL_507,Real sensor series - Fitzroy Gardens - board 507,42,real_sensor_board_507,19.179366663177273,1,weak_multivariate_excursion
2015-03-09 00:55:00+00:00,26.5,Fitzroy Gardens,507,37.6,97.4,-37.8149218,144.9822582,ENV,REAL_507,Real sensor series - Fitzroy Gardens - board 507,42,real_sensor_board_507,19.46349333054182,1,weak_multivariate_excursion
2015-03-09 01:10:00+00:00,24.5,Fitzroy Gardens,507,41.2,97.2,-37.8149218,144.9822582,ENV,REAL_507,Real sensor series - Fitzroy Gardens - board 507,42,real_sensor_board_507,20.030794664433458,1,weak_multivariate_excursion
2015-03-09 01:20:00+00:00,22.3,Fitzroy Gardens,507,39.3,94.0,-37.8149218,144.9822582,ENV,REAL_507,Real sensor series - Fitzroy Gardens - board 507,42,real_sensor_board_507,20.604635731546765,0,normal
2015-03-09 01:30:00+00:00,20.6,Fitzroy Gardens,507,43.6,93.5,-37.8149218,144.9822582,ENV,REAL_507,Real sensor series - Fitzroy Gardens - board 507,42,real_sensor_board_507,21.263708585237413,0,normal
2015-03-09 01:40:00+00:00,20.3,Fitzroy Gardens,507,46.4,95.3,-37.8149218,144.9822582,ENV,REAL_507,Real sensor series - Fitzroy Gardens - board 507,42,real_sensor_board_507,21.850966868189932,0,normal
2015-03-09 01:50:00+00:00,23.9,Fitzroy Gardens,507,41.0,96.8,-37.8149218,144.9822582,ENV,REAL_507,Real sensor series - Fitzroy Gardens - board 507,42,real_sensor_board_507,22.320773494551947,0,normal
2015-03-09 02:00:00+00:00,24.2,Fitzroy Gardens,507,39.5,96.8,-37.8149218,144.9822582,ENV,REAL_507,Real sensor series - Fitzroy Gardens - board 507,42,real_sensor_board_507,22.69661879564156,0,normal
2015-03-09 02:10:00+00:00,24.2,Fitzroy Gardens,507,38.5,96.9,-37.8149218,144.9822582,ENV,REAL_507,Real sensor series - Fitzroy Gardens - board 507,42,real_sensor_board_507,22.997295036513247,0,normal
2015-03-09 02:20:00+00:00,26.8,Fitzroy Gardens,507,35.5,97.0,-37.8149218,144.9822582,ENV,REAL_507,Real sensor series - Fitzroy Gardens - board 507,42,real_sensor_board_507,23.237836029210598,0,normal
2015-03-09 02:30:00+00:00,24.8,Fitzroy Gardens,507,37.6,97.0,-37.8149218,144.9822582,ENV,REAL_507,Real sensor series - Fitzroy Gardens - board 507,42,real_sensor_board_507,23.43026882336848,0,normal
2015-03-09 02:40:00+00:00,25.5,Fitzroy Gardens,507,35.4,97.0,-37.8149218,144.9822582,ENV,REAL_507,Real sensor series - Fitzroy Gardens - board 507,42,real_sensor_board_507,23.584215058694785,0,normal
2015-03-09 02:50:00+00:00,25.8,Fitzroy Gardens,507,34.6,97.0,-37.8149218,144.9822582,ENV,REAL_507,Real sensor series - Fitzroy Gardens - board 507,42,real_sensor_board_507,23.70737204695583,0,normal
2015-03-09 03:00:00+00:00,26.5,Fitzroy Gardens,507,34.1,97.3,-37.8149218,144.9822582,ENV,REAL_507,Real sensor series - Fitzroy Gardens - board 507,42,real_sensor_board_507,23.805897637564662,0,normal
2015-03-09 03:10:00+00:00,26.5,Fitzroy Gardens,507,34.1,97.1,-37.8149218,144.9822582,ENV,REAL_507,Real sensor series - Fitzroy Gardens - board 507,42,real_sensor_board_507,23.88471811005173,0,normal
2015-03-09 03:20:00+00:00,25.5,Fitzroy Gardens,507,33.9,97.3,-37.8149218,144.9822582,ENV,REAL_507,Real sensor series - Fitzroy Gardens - board 507,42,real_sensor_board_507,23.947774488041382,0,normal
2015-03-09 03:30:00+00:00,25.5,Fitzroy Gardens,507,35.1,94.7,-37.8149218,144.9822582,ENV,REAL_507,Real sensor series - Fitzroy Gardens - board 507,42,real_sensor_board_507,23.998219590433106,0,normal
2015-03-09 03:40:00+00:00,24.2,Fitzroy Gardens,507,35.5,94.9,-37.8149218,144.9822582,ENV,REAL_507,Real sensor series - Fitzroy Gardens - board 507,42,real_sensor_board_507,23.978575672346487,0,normal
2015-03-09 04:00:00+00:00,22.9,Fitzroy Gardens,507,36.0,95.6,-37.8149218,144.9822582,ENV,REAL_507,Real sensor series - Fitzroy Gardens - board 507,42,real_sensor_board_507,23.88286053787719,1,weak_multivariate_excursion
2015-03-09 04:55:00+00:00,26.1,Fitzroy Gardens,507,30.8,97.1,-37.8149218,144.9822582,ENV,REAL_507,Real sensor series - Fitzroy Gardens - board 507,42,real_sensor_board_507,23.806288430301752,1,weak_multivariate_excursion
2015-03-09 05:15:00+00:00,24.2,Fitzroy Gardens,507,31.9,96.1,-37.8149218,144.9822582,ENV,REAL_507,Real sensor series - Fitzroy Gardens - board 507,42,real_sensor_board_507,23.7450307442414,1,weak_multivariate_excursion
2015-03-09 05:25:00+00:00,22.9,Fitzroy Gardens,507,34.7,95.7,-37.8149218,144.9822582,ENV,REAL_507,Real sensor series - Fitzroy Gardens - board 507,42,real_sensor_board_507,23.69602459539312,0,normal
2015-03-09 05:35:00+00:00,21.6,Fitzroy Gardens,507,36.9,93.5,-37.8149218,144.9822582,ENV,REAL_507,Real sensor series - Fitzroy Gardens - board 507,42,real_sensor_board_507,23.656819676314495,0,normal
2015-03-09 05:45:00+00:00,24.2,Fitzroy Gardens,507,33.8,94.5,-37.8149218,144.9822582,ENV,REAL_507,Real sensor series - Fitzroy Gardens - board 507,42,real_sensor_board_507,23.5054557410516,0,normal
2015-03-09 05:55:00+00:00,23.5,Fitzroy Gardens,507,34.6,93.9,-37.8149218,144.9822582,ENV,REAL_507,Real sensor series - Fitzroy Gardens - board 507,42,real_sensor_board_507,23.38436459284128,0,normal
2015-03-09 06:05:00+00:00,23.5,Fitzroy Gardens,507,34.3,96.0,-37.8149218,144.9822582,ENV,REAL_507,Real sensor series - Fitzroy Gardens - board 507,42,real_sensor_board_507,23.287491674273028,0,normal
2015-03-09 06:15:00+00:00,21.9,Fitzroy Gardens,507,37.1,92.0,-37.8149218,144.9822582,ENV,REAL_507,Real sensor series - Fitzroy Gardens - board 507,42,real_sensor_board_507,23.149993339418423,0,normal
2015-03-09 06:25:00+00:00,22.6,Fitzroy Gardens,507,37.3,96.7,-37.8149218,144.9822582,ENV,REAL_507,Real sensor series - Fitzroy Gardens - board 507,42,real_sensor_board_507,22.89999467153474,0,normal
2015-03-09 06:35:00+00:00,22.9,Fitzroy Gardens,507,35.5,94.2,-37.8149218,144.9822582,ENV,REAL_507,Real sensor series - Fitzroy Gardens - board 507,42,real_sensor_board_507,22.639995737227792,0,normal
2015-03-09 06:45:00+00:00,21.3,Fitzroy Gardens,507,38.8,95.3,-37.8149218,144.9822582,ENV,REAL_507,Real sensor series - Fitzroy Gardens - board 507,42,real_sensor_board_507,22.371996589782235,0,normal
2015-03-09 06:55:00+00:00,19.4,Fitzroy Gardens,507,54.1,92.7,-37.8149218,144.9822582,ENV,REAL_507,Real sensor series - Fitzroy Gardens - board 507,42,real_sensor_board_507,21.777597271825787,0,normal
2015-03-09 07:05:00+00:00,18.7,Fitzroy Gardens,507,56.2,90.6,-37.8149218,144.9822582,ENV,REAL_507,Real sensor series - Fitzroy Gardens - board 507,42,real_sensor_board_507,21.22207781746063,0,normal
2015-03-09 07:15:00+00:00,19.0,Fitzroy Gardens,507,55.2,89.8,-37.8149218,144.9822582,ENV,REAL_507,Real sensor series - Fitzroy Gardens - board 507,42,real_sensor_board_507,20.717662253968506,0,normal
2015-03-09 07:30:00+00:00,17.7,Fitzroy Gardens,507,57.0,86.2,-37.8149218,144.9822582,ENV,REAL_507,Real sensor series - Fitzroy Gardens - board 507,42,real_sensor_board_507,20.114129803174805,0,normal
2015-03-09 07:40:00+00:00,17.7,Fitzroy Gardens,507,56.2,84.8,-37.8149218,144.9822582,ENV,REAL_507,Real sensor series - Fitzroy Gardens - board 507,42,real_sensor_board_507,19.631303842539843,0,normal
2015-03-09 07:50:00+00:00,17.7,Fitzroy Gardens,507,55.1,83.4,-37.8149218,144.9822582,ENV,REAL_507,Real sensor series - Fitzroy Gardens - board 507,42,real_sensor_board_507,19.245043074031877,1,weak_multivariate_excursion
2015-03-09 08:50:00+00:00,16.8,Fitzroy Gardens,507,55.4,33.1,-37.8149218,144.9822582,ENV,REAL_507,Real sensor series - Fitzroy Gardens - board 507,42,real_sensor_board_507,18.756034459225503,1,weak_multivariate_excursion
2015-03-09 09:00:00+00:00,16.8,Fitzroy Gardens,507,54.8,10.9,-37.8149218,144.9822582,ENV,REAL_507,Real sensor series - Fitzroy Gardens - board 507,42,real_sensor_board_507,18.364827567380402,1,weak_multivariate_excursion
2015-03-09 09:10:00+00:00,16.8,Fitzroy Gardens,507,54.1,1.4,-37.8149218,144.9822582,ENV,REAL_507,Real sensor series - Fitzroy Gardens - board 507,42,real_sensor_board_507,18.051862053904323,1,weak_multivariate_excursion
2015-03-09 09:20:00+00:00,16.8,Fitzroy Gardens,507,53.2,0.8,-37.8149218,144.9822582,ENV,REAL_507,Real sensor series - Fitzroy Gardens - board 507,42,real_sensor_board_507,17.80148964312346,0,normal
2015-03-09 09:30:00+00:00,16.8,Fitzroy Gardens,507,52.7,0.7,-37.8149218,144.9822582,ENV,REAL_507,Real sensor series - Fitzroy Gardens - board 507,42,real_sensor_board_507,17.601191714498768,0,normal
2015-03-09 09:40:00+00:00,16.8,Fitzroy Gardens,507,52.6,0.7,-37.8149218,144.9822582,ENV,REAL_507,Real sensor series - Fitzroy Gardens - board 507,42,real_sensor_board_507,17.440953371599015,0,normal
2015-03-09 09:50:00+00:00,16.5,Fitzroy Gardens,507,53.2,0.8,-37.8149218,144.9822582,ENV,REAL_507,Real sensor series - Fitzroy Gardens - board 507,42,real_sensor_board_507,17.252762697279213,0,normal
2015-03-09 10:00:00+00:00,16.5,Fitzroy Gardens,507,53.3,0.8,-37.8149218,144.9822582,ENV,REAL_507,Real sensor series - Fitzroy Gardens - board 507,42,real_sensor_board_507,17.10221015782337,0,normal
2015-03-09 10:10:00+00:00,16.5,Fitzroy Gardens,507,53.3,0.8,-37.8149218,144.9822582,ENV,REAL_507,Real sensor series - Fitzroy Gardens - board 507,42,real_sensor_board_507,16.981768126258697,0,normal
2015-03-09 10:20:00+00:00,16.5,Fitzroy Gardens,507,53.7,0.9,-37.8149218,144.9822582,ENV,REAL_507,Real sensor series - Fitzroy Gardens - board 507,42,real_sensor_board_507,16.88541450100696,0,normal
2015-03-09 10:30:00+00:00,16.5,Fitzroy Gardens,507,53.8,1.0,-37.8149218,144.9822582,ENV,REAL_507,Real sensor series - Fitzroy Gardens - board 507,42,real_sensor_board_507,16.80833160080557,0,normal
2015-03-09 10:45:00+00:00,16.5,Fitzroy Gardens,507,53.8,0.7,-37.8149218,144.9822582,ENV,REAL_507,Real sensor series - Fitzroy Gardens - board 507,42,real_sensor_board_507,16.746665280644457,0,normal
2015-03-09 10:55:00+00:00,16.5,Fitzroy Gardens,507,53.0,0.7,-37.8149218,144.9822582,ENV,REAL_507,Real sensor series - Fitzroy Gardens - board 507,42,real_sensor_board_507,16.697332224515566,0,normal
2015-03-09 11:05:00+00:00,16.1,Fitzroy Gardens,507,53.3,0.7,-37.8149218,144.9822582,ENV,REAL_507,Real sensor series - Fitzroy Gardens - board 507,42,real_sensor_board_507,16.577865779612452,0,normal
2015-03-09 11:15:00+00:00,16.1,Fitzroy Gardens,507,52.7,0.7,-37.8149218,144.9822582,ENV,REAL_507,Real sensor series - Fitzroy Gardens - board 507,42,real_sensor_board_507,16.482292623689965,0,normal
2015-03-09 11:25:00+00:00,16.1,Fitzroy Gardens,507,53.2,0.7,-37.8149218,144.9822582,ENV,REAL_507,Real sensor series - Fitzroy Gardens - board 507,42,real_sensor_board_507,16.40583409895197,0,normal
2015-03-09 11:35:00+00:00,16.1,Fitzroy Gardens,507,53.2,0.7,-37.8149218,144.9822582,ENV,REAL_507,Real sensor series - Fitzroy Gardens - board 507,42,real_sensor_board_507,16.344667279161577,0,normal
2015-03-09 11:45:00+00:00,16.1,Fitzroy Gardens,507,52.7,0.7,-37.8149218,144.9822582,ENV,REAL_507,Real sensor series - Fitzroy Gardens - board 507,42,real_sensor_board_507,16.295733823329265,0,normal
2015-03-09 13:05:00+00:00,15.8,Fitzroy Gardens,507,53.5,0.8,-37.8149218,144.9822582,ENV,REAL_507,Real sensor series - Fitzroy Gardens - board 507,42,real_sensor_board_507,16.256587058663413,0,normal
2015-03-09 13:15:00+00:00,15.8,Fitzroy Gardens,507,53.2,0.8,-37.8149218,144.9822582,ENV,REAL_507,Real sensor series - Fitzroy Gardens - board 507,42,real_sensor_board_507,16.225269646930734,0,normal
2015-03-09 13:35:00+00:00,15.8,Fitzroy Gardens,507,52.9,0.8,-37.8149218,144.9822582,ENV,REAL_507,Real sensor series - Fitzroy Gardens - board 507,42,real_sensor_board_507,16.200215717544587,0,normal
2015-03-09 13:45:00+00:00,15.8,Fitzroy Gardens,507,52.6,0.8,-37.8149218,144.9822582,ENV,REAL_507,Real sensor series - Fitzroy Gardens - board 507,42,real_sensor_board_507,16.180172574035673,0,normal
2015-03-09 14:00:00+00:00,15.8,Fitzroy Gardens,507,53.0,0.8,-37.8149218,144.9822582,ENV,REAL_507,Real sensor series - Fitzroy Gardens - board 507,42,real_sensor_board_507,16.16413805922854,0,normal
2015-03-09 15:50:00+00:00,15.5,Fitzroy Gardens,507,51.8,0.8,-37.8149218,144.9822582,ENV,REAL_507,Real sensor series - Fitzroy Gardens - board 507,42,real_sensor_board_507,16.151310447382834,0,normal
2015-03-09 16:00:00+00:00,15.2,Fitzroy Gardens,507,51.3,0.8,-37.8149218,144.9822582,ENV,REAL_507,Real sensor series - Fitzroy Gardens - board 507,42,real_sensor_board_507,16.141048357906268,0,normal
2015-03-09 17:05:00+00:00,15.2,Fitzroy Gardens,507,50.8,0.8,-37.8149218,144.9822582,ENV,REAL_507,Real sensor series - Fitzroy Gardens - board 507,42,real_sensor_board_507,16.132838686325016,0,normal
2015-03-09 17:15:00+00:00,15.2,Fitzroy Gardens,507,51.0,0.8,-37.8149218,144.9822582,ENV,REAL_507,Real sensor series - Fitzroy Gardens - board 507,42,real_sensor_board_507,16.126270949060014,0,normal
2015-03-09 17:25:00+00:00,15.2,Fitzroy Gardens,507,50.5,0.8,-37.8149218,144.9822582,ENV,REAL_507,Real sensor series - Fitzroy Gardens - board 507,42,real_sensor_board_507,16.121016759248015,0,normal
2015-03-09 17:35:00+00:00,15.2,Fitzroy Gardens,507,50.5,0.8,-37.8149218,144.9822582,ENV,REAL_507,Real sensor series - Fitzroy Gardens - board 507,42,real_sensor_board_507,16.11681340739841,0,normal
2015-03-09 18:15:00+00:00,15.2,Fitzroy Gardens,507,50.2,0.8,-37.8149218,144.9822582,ENV,REAL_507,Real sensor series - Fitzroy Gardens - board 507,42,real_sensor_board_507,16.11345072591873,0,normal
2015-03-09 18:25:00+00:00,15.2,Fitzroy Gardens,507,49.1,0.8,-37.8149218,144.9822582,ENV,REAL_507,Real sensor series - Fitzroy Gardens - board 507,42,real_sensor_board_507,16.110760580734986,0,normal
2015-03-09 18:35:00+00:00,14.8,Fitzroy Gardens,507,49.2,0.8,-37.8149218,144.9822582,ENV,REAL_507,Real sensor series - Fitzroy Gardens - board 507,42,real_sensor_board_507,16.108608464587988,0,normal
2015-03-09 18:45:00+00:00,14.8,Fitzroy Gardens,507,49.6,0.8,-37.8149218,144.9822582,ENV,REAL_507,Real sensor series - Fitzroy Gardens - board 507,42,real_sensor_board_507,16.10688677167039,1,weak_multivariate_excursion
2015-03-09 23:10:00+00:00,18.4,Fitzroy Gardens,507,43.4,94.2,-37.8149218,144.9822582,ENV,REAL_507,Real sensor series - Fitzroy Gardens - board 507,42,real_sensor_board_507,16.56550941733631,1,weak_multivariate_excursion
2015-03-09 23:20:00+00:00,18.4,Fitzroy Gardens,507,42.8,95.2,-37.8149218,144.9822582,ENV,REAL_507,Real sensor series - Fitzroy Gardens - board 507,42,real_sensor_board_507,16.93240753386905,1,weak_multivariate_excursion
2015-03-09 23:35:00+00:00,19.0,Fitzroy Gardens,507,42.6,95.0,-37.8149218,144.9822582,ENV,REAL_507,Real sensor series - Fitzroy Gardens - board 507,42,real_sensor_board_507,17.22592602709524,0,normal
2015-03-09 23:45:00+00:00,18.4,Fitzroy Gardens,507,41.7,94.0,-37.8149218,144.9822582,ENV,REAL_507,Real sensor series - Fitzroy Gardens - board 507,42,real_sensor_board_507,17.460740821676193,0,normal
2015-03-09 23:55:00+00:00,18.4,Fitzroy Gardens,507,42.3,93.9,-37.8149218,144.9822582,ENV,REAL_507,Real sensor series - Fitzroy Gardens - board 507,42,real_sensor_board_507,17.768592657340957,1,weak_multivariate_excursion
2015-03-10 00:45:00+00:00,24.2,Fitzroy Gardens,507,34.7,97.5,-37.8149218,144.9822582,ENV,REAL_507,Real sensor series - Fitzroy Gardens - board 507,42,real_sensor_board_507,18.53487412587277,1,weak_multivariate_excursion
2015-03-10 00:55:00+00:00,25.2,Fitzroy Gardens,507,33.8,97.3,-37.8149218,144.9822582,ENV,REAL_507,Real sensor series - Fitzroy Gardens - board 507,42,real_sensor_board_507,19.287899300698214,1,weak_multivariate_excursion
2015-03-10 01:05:00+00:00,24.2,Fitzroy Gardens,507,35.1,97.1,-37.8149218,144.9822582,ENV,REAL_507,Real sensor series - Fitzroy Gardens - board 507,42,real_sensor_board_507,19.950319440558573,1,weak_multivariate_excursion
2015-03-10 01:15:00+00:00,24.8,Fitzroy Gardens,507,34.7,96.9,-37.8149218,144.9822582,ENV,REAL_507,Real sensor series - Fitzroy Gardens - board 507,42,real_sensor_board_507,20.540255552446858,0,normal
2015-03-10 01:25:00+00:00,24.8,Fitzroy Gardens,507,32.8,96.7,-37.8149218,144.9822582,ENV,REAL_507,Real sensor series - Fitzroy Gardens - board 507,42,real_sensor_board_507,21.012204441957486,0,normal
2015-03-10 01:35:00+00:00,22.3,Fitzroy Gardens,507,35.8,96.7,-37.8149218,144.9822582,ENV,REAL_507,Real sensor series - Fitzroy Gardens - board 507,42,real_sensor_board_507,21.44976355356599,0,normal
2015-03-10 01:45:00+00:00,24.5,Fitzroy Gardens,507,33.9,96.7,-37.8149218,144.9822582,ENV,REAL_507,Real sensor series - Fitzroy Gardens - board 507,42,real_sensor_board_507,21.799810842852793,0,normal
2015-03-10 01:55:00+00:00,22.9,Fitzroy Gardens,507,35.7,96.7,-37.8149218,144.9822582,ENV,REAL_507,Real sensor series - Fitzroy Gardens - board 507,42,real_sensor_board_507,22.079848674282236,0,normal
2015-03-10 02:05:00+00:00,22.9,Fitzroy Gardens,507,36.2,96.8,-37.8149218,144.9822582,ENV,REAL_507,Real sensor series - Fitzroy Gardens - board 507,42,real_sensor_board_507,22.30387893942579,0,normal
2015-03-10 02:25:00+00:00,23.5,Fitzroy Gardens,507,35.4,96.9,-37.8149218,144.9822582,ENV,REAL_507,Real sensor series - Fitzroy Gardens - board 507,42,real_sensor_board_507,22.483103151540632,0,normal
2015-03-10 02:35:00+00:00,23.9,Fitzroy Gardens,507,34.7,96.9,-37.8149218,144.9822582,ENV,REAL_507,Real sensor series - Fitzroy Gardens - board 507,42,real_sensor_board_507,22.626482521232507,0,normal
2015-03-10 02:50:00+00:00,23.2,Fitzroy Gardens,507,35.4,96.9,-37.8149218,144.9822582,ENV,REAL_507,Real sensor series - Fitzroy Gardens - board 507,42,real_sensor_board_507,22.741186016986006,0,normal
2015-03-10 03:00:00+00:00,23.5,Fitzroy Gardens,507,35.4,97.0,-37.8149218,144.9822582,ENV,REAL_507,Real sensor series - Fitzroy Gardens - board 507,42,real_sensor_board_507,22.832948813588807,0,normal
2015-03-10 03:10:00+00:00,23.9,Fitzroy Gardens,507,35.1,97.0,-37.8149218,144.9822582,ENV,REAL_507,Real sensor series - Fitzroy Gardens - board 507,42,real_sensor_board_507,22.906359050871046,0,normal
2015-03-10 03:20:00+00:00,21.6,Fitzroy Gardens,507,37.9,97.0,-37.8149218,144.9822582,ENV,REAL_507,Real sensor series - Fitzroy Gardens - board 507,42,real_sensor_board_507,22.96508724069684,0,normal
2015-03-10 03:30:00+00:00,22.6,Fitzroy Gardens,507,36.5,97.0,-37.8149218,144.9822582,ENV,REAL_507,Real sensor series - Fitzroy Gardens - board 507,42,real_sensor_board_507,23.012069792557472,0,normal
2015-03-10 03:40:00+00:00,23.9,Fitzroy Gardens,507,34.4,97.1,-37.8149218,144.9822582,ENV,REAL_507,Real sensor series - Fitzroy Gardens - board 507,42,real_sensor_board_507,22.989655834045976,0,normal
2015-03-10 03:50:00+00:00,23.2,Fitzroy Gardens,507,35.8,97.1,-37.8149218,144.9822582,ENV,REAL_507,Real sensor series - Fitzroy Gardens - board 507,42,real_sensor_board_507,22.971724667236785,0,normal
2015-03-10 04:30:00+00:00,23.9,Fitzroy Gardens,507,34.4,96.9,-37.8149218,144.9822582,ENV,REAL_507,Real sensor series - Fitzroy Gardens - board 507,42,real_sensor_board_507,22.89737973378943,0,normal
2015-03-10 04:40:00+00:00,23.5,Fitzroy Gardens,507,33.6,96.8,-37.8149218,144.9822582,ENV,REAL_507,Real sensor series - Fitzroy Gardens - board 507,42,real_sensor_board_507,22.837903787031543,0,normal
2015-03-10 04:50:00+00:00,23.5,Fitzroy Gardens,507,33.8,96.8,-37.8149218,144.9822582,ENV,REAL_507,Real sensor series - Fitzroy Gardens - board 507,42,real_sensor_board_507,22.790323029625235,0,normal
2015-03-10 05:00:00+00:00,22.6,Fitzroy Gardens,507,34.9,96.7,-37.8149218,144.9822582,ENV,REAL_507,Real sensor series - Fitzroy Gardens - board 507,42,real_sensor_board_507,22.752258423700187,0,normal
2015-03-10 05:10:00+00:00,22.3,Fitzroy Gardens,507,37.7,96.7,-37.8149218,144.9822582,ENV,REAL_507,Real sensor series - Fitzroy Gardens - board 507,42,real_sensor_board_507,22.72180673896015,0,normal
2015-03-10 05:20:00+00:00,21.3,Fitzroy Gardens,507,36.6,96.6,-37.8149218,144.9822582,ENV,REAL_507,Real sensor series - Fitzroy Gardens - board 507,42,real_sensor_board_507,22.69744539116812,0,normal
2015-03-10 05:30:00+00:00,22.6,Fitzroy Gardens,507,34.9,96.6,-37.8149218,144.9822582,ENV,REAL_507,Real sensor series - Fitzroy Gardens - board 507,42,real_sensor_board_507,22.6179563129345,0,normal
2015-03-10 05:40:00+00:00,22.3,Fitzroy Gardens,507,35.4,96.6,-37.8149218,144.9822582,ENV,REAL_507,Real sensor series - Fitzroy Gardens - board 507,42,real_sensor_board_507,22.554365050347602,0,normal
2015-03-10 05:55:00+00:00,20.6,Fitzroy Gardens,507,37.4,96.5,-37.8149218,144.9822582,ENV,REAL_507,Real sensor series - Fitzroy Gardens - board 507,42,real_sensor_board_507,22.42349204027808,0,normal
2015-03-10 06:05:00+00:00,22.6,Fitzroy Gardens,507,37.4,96.5,-37.8149218,144.9822582,ENV,REAL_507,Real sensor series - Fitzroy Gardens - board 507,42,real_sensor_board_507,22.258793632222467,0,normal
2015-03-10 06:15:00+00:00,22.6,Fitzroy Gardens,507,37.3,96.4,-37.8149218,144.9822582,ENV,REAL_507,Real sensor series - Fitzroy Gardens - board 507,42,real_sensor_board_507,22.067034905777977,0,normal
2015-03-10 06:25:00+00:00,21.3,Fitzroy Gardens,507,37.7,96.2,-37.8149218,144.9822582,ENV,REAL_507,Real sensor series - Fitzroy Gardens - board 507,42,real_sensor_board_507,21.913627924622382,0,normal
2015-03-10 06:35:00+00:00,21.9,Fitzroy Gardens,507,38.0,96.1,-37.8149218,144.9822582,ENV,REAL_507,Real sensor series - Fitzroy Gardens - board 507,42,real_sensor_board_507,21.730902339697906,0,normal
2015-03-10 06:55:00+00:00,21.0,Fitzroy Gardens,507,40.6,95.4,-37.8149218,144.9822582,ENV,REAL_507,Real sensor series - Fitzroy Gardens - board 507,42,real_sensor_board_507,21.504721871758328,0,normal
2015-03-10 07:05:00+00:00,20.0,Fitzroy Gardens,507,42.5,90.4,-37.8149218,144.9822582,ENV,REAL_507,Real sensor series - Fitzroy Gardens - board 507,42,real_sensor_board_507,21.203777497406662,0,normal
2015-03-10 07:15:00+00:00,20.0,Fitzroy Gardens,507,42.5,87.9,-37.8149218,144.9822582,ENV,REAL_507,Real sensor series - Fitzroy Gardens - board 507,42,real_sensor_board_507,20.96302199792533,0,normal
2015-03-10 07:25:00+00:00,19.7,Fitzroy Gardens,507,43.6,85.9,-37.8149218,144.9822582,ENV,REAL_507,Real sensor series - Fitzroy Gardens - board 507,42,real_sensor_board_507,20.710417598340268,0,normal
2015-03-10 07:35:00+00:00,19.7,Fitzroy Gardens,507,41.4,84.7,-37.8149218,144.9822582,ENV,REAL_507,Real sensor series - Fitzroy Gardens - board 507,42,real_sensor_board_507,20.508334078672217,0,normal
2015-03-10 07:45:00+00:00,19.7,Fitzroy Gardens,507,41.0,82.6,-37.8149218,144.9822582,ENV,REAL_507,Real sensor series - Fitzroy Gardens - board 507,42,real_sensor_board_507,20.346667262937775,1,weak_multivariate_excursion
2015-03-10 08:45:00+00:00,17.7,Fitzroy Gardens,507,43.4,39.9,-37.8149218,144.9822582,ENV,REAL_507,Real sensor series - Fitzroy Gardens - board 507,42,real_sensor_board_507,19.81733381035022,1,weak_multivariate_excursion
2015-03-10 08:55:00+00:00,17.4,Fitzroy Gardens,507,44.0,15.9,-37.8149218,144.9822582,ENV,REAL_507,Real sensor series - Fitzroy Gardens - board 507,42,real_sensor_board_507,19.333867048280176,1,weak_multivariate_excursion
2015-03-10 09:10:00+00:00,17.1,Fitzroy Gardens,507,44.4,2.3,-37.8149218,144.9822582,ENV,REAL_507,Real sensor series - Fitzroy Gardens - board 507,42,real_sensor_board_507,18.947093638624143,1,weak_multivariate_excursion
2015-03-10 09:20:00+00:00,16.8,Fitzroy Gardens,507,45.1,0.8,-37.8149218,144.9822582,ENV,REAL_507,Real sensor series - Fitzroy Gardens - board 507,42,real_sensor_board_507,18.637674910899314,1,weak_multivariate_excursion
2015-03-10 09:30:00+00:00,16.5,Fitzroy Gardens,507,45.6,0.6,-37.8149218,144.9822582,ENV,REAL_507,Real sensor series - Fitzroy Gardens - board 507,42,real_sensor_board_507,18.390139928719453,0,normal
2015-03-10 09:40:00+00:00,16.5,Fitzroy Gardens,507,46.1,0.7,-37.8149218,144.9822582,ENV,REAL_507,Real sensor series - Fitzroy Gardens - board 507,42,real_sensor_board_507,18.19211194297556,0,normal
2015-03-10 09:50:00+00:00,16.1,Fitzroy Gardens,507,48.0,0.6,-37.8149218,144.9822582,ENV,REAL_507,Real sensor series - Fitzroy Gardens - board 507,42,real_sensor_board_507,18.033689554380448,1,weak_multivariate_excursion
2015-03-10 10:00:00+00:00,12.9,Fitzroy Gardens,507,58.1,0.7,-37.8149218,144.9822582,ENV,REAL_507,Real sensor series - Fitzroy Gardens - board 507,42,real_sensor_board_507,17.90695164350436,1,weak_multivariate_excursion
2015-03-10 10:10:00+00:00,14.2,Fitzroy Gardens,507,56.0,0.6,-37.8149218,144.9822582,ENV,REAL_507,Real sensor series - Fitzroy Gardens - board 507,42,real_sensor_board_507,17.805561314803487,1,weak_multivariate_excursion
2015-03-10 10:20:00+00:00,14.2,Fitzroy Gardens,507,56.7,0.6,-37.8149218,144.9822582,ENV,REAL_507,Real sensor series - Fitzroy Gardens - board 507,42,real_sensor_board_507,17.72444905184279,0,normal
2015-03-10 10:30:00+00:00,14.5,Fitzroy Gardens,507,55.2,0.6,-37.8149218,144.9822582,ENV,REAL_507,Real sensor series - Fitzroy Gardens - board 507,42,real_sensor_board_507,17.65955924147423,0,normal
2015-03-10 10:40:00+00:00,14.8,Fitzroy Gardens,507,54.6,0.6,-37.8149218,144.9822582,ENV,REAL_507,Real sensor series - Fitzroy Gardens - board 507,42,real_sensor_board_507,17.607647393179384,0,normal
2015-03-10 10:50:00+00:00,14.8,Fitzroy Gardens,507,54.3,0.6,-37.8149218,144.9822582,ENV,REAL_507,Real sensor series - Fitzroy Gardens - board 507,42,real_sensor_board_507,17.566117914543508,0,normal
2015-03-10 11:00:00+00:00,14.8,Fitzroy Gardens,507,54.0,0.7,-37.8149218,144.9822582,ENV,REAL_507,Real sensor series - Fitzroy Gardens - board 507,42,real_sensor_board_507,17.532894331634807,0,normal
2015-03-10 11:50:00+00:00,14.5,Fitzroy Gardens,507,52.2,0.6,-37.8149218,144.9822582,ENV,REAL_507,Real sensor series - Fitzroy Gardens - board 507,42,real_sensor_board_507,17.506315465307846,0,normal
2015-03-10 13:05:00+00:00,12.9,Fitzroy Gardens,507,56.7,0.7,-37.8149218,144.9822582,ENV,REAL_507,Real sensor series - Fitzroy Gardens - board 507,42,real_sensor_board_507,17.485052372246276,0,normal
2015-03-10 13:15:00+00:00,12.6,Fitzroy Gardens,507,57.8,0.7,-37.8149218,144.9822582,ENV,REAL_507,Real sensor series - Fitzroy Gardens - board 507,42,real_sensor_board_507,17.468041897797022,1,weak_multivariate_excursion
2015-03-11 00:20:00+00:00,28.7,Fitzroy Gardens,507,25.9,97.7,-37.8149218,144.9822582,ENV,REAL_507,Real sensor series - Fitzroy Gardens - board 507,42,real_sensor_board_507,18.43443351823762,1,weak_multivariate_excursion
2015-03-11 01:00:00+00:00,26.8,Fitzroy Gardens,507,32.1,97.2,-37.8149218,144.9822582,ENV,REAL_507,Real sensor series - Fitzroy Gardens - board 507,42,real_sensor_board_507,19.267546814590094,1,weak_multivariate_excursion
2015-03-11 01:15:00+00:00,25.5,Fitzroy Gardens,507,32.2,97.0,-37.8149218,144.9822582,ENV,REAL_507,Real sensor series - Fitzroy Gardens - board 507,42,real_sensor_board_507,20.054037451672077,1,weak_multivariate_excursion
2015-03-11 01:25:00+00:00,24.5,Fitzroy Gardens,507,34.3,96.7,-37.8149218,144.9822582,ENV,REAL_507,Real sensor series - Fitzroy Gardens - board 507,42,real_sensor_board_507,20.683229961337663,1,weak_multivariate_excursion
2015-03-11 01:35:00+00:00,24.5,Fitzroy Gardens,507,33.9,96.6,-37.8149218,144.9822582,ENV,REAL_507,Real sensor series - Fitzroy Gardens - board 507,42,real_sensor_board_507,21.18658396907013,0,normal
2015-03-11 01:45:00+00:00,23.5,Fitzroy Gardens,507,38.5,96.7,-37.8149218,144.9822582,ENV,REAL_507,Real sensor series - Fitzroy Gardens - board 507,42,real_sensor_board_507,21.589267175256108,0,normal
2015-03-11 01:55:00+00:00,23.5,Fitzroy Gardens,507,39.6,96.7,-37.8149218,144.9822582,ENV,REAL_507,Real sensor series - Fitzroy Gardens - board 507,42,real_sensor_board_507,21.91141374020489,0,normal
2015-03-11 02:05:00+00:00,23.5,Fitzroy Gardens,507,39.2,96.8,-37.8149218,144.9822582,ENV,REAL_507,Real sensor series - Fitzroy Gardens - board 507,42,real_sensor_board_507,22.16913099216391,0,normal
2015-03-11 02:15:00+00:00,22.3,Fitzroy Gardens,507,37.1,96.8,-37.8149218,144.9822582,ENV,REAL_507,Real sensor series - Fitzroy Gardens - board 507,42,real_sensor_board_507,22.37530479373113,0,normal
2015-03-11 02:25:00+00:00,23.2,Fitzroy Gardens,507,37.7,96.8,-37.8149218,144.9822582,ENV,REAL_507,Real sensor series - Fitzroy Gardens - board 507,42,real_sensor_board_507,22.540243834984903,0,normal
2015-03-11 02:35:00+00:00,24.2,Fitzroy Gardens,507,35.5,96.9,-37.8149218,144.9822582,ENV,REAL_507,Real sensor series - Fitzroy Gardens - board 507,42,real_sensor_board_507,22.672195067987925,0,normal
2015-03-11 02:45:00+00:00,22.6,Fitzroy Gardens,507,36.2,96.9,-37.8149218,144.9822582,ENV,REAL_507,Real sensor series - Fitzroy Gardens - board 507,42,real_sensor_board_507,22.77775605439034,0,normal
2015-03-11 02:55:00+00:00,23.5,Fitzroy Gardens,507,35.8,97.0,-37.8149218,144.9822582,ENV,REAL_507,Real sensor series - Fitzroy Gardens - board 507,42,real_sensor_board_507,22.862204843512274,0,normal
2015-03-11 03:05:00+00:00,23.2,Fitzroy Gardens,507,34.3,96.8,-37.8149218,144.9822582,ENV,REAL_507,Real sensor series - Fitzroy Gardens - board 507,42,real_sensor_board_507,22.92976387480982,0,normal
2015-03-11 03:15:00+00:00,24.2,Fitzroy Gardens,507,33.8,97.0,-37.8149218,144.9822582,ENV,REAL_507,Real sensor series - Fitzroy Gardens - board 507,42,real_sensor_board_507,22.983811099847856,0,normal
2015-03-11 03:25:00+00:00,24.5,Fitzroy Gardens,507,35.5,97.0,-37.8149218,144.9822582,ENV,REAL_507,Real sensor series - Fitzroy Gardens - board 507,42,real_sensor_board_507,23.027048879878286,0,normal
2015-03-11 03:35:00+00:00,23.5,Fitzroy Gardens,507,34.4,97.0,-37.8149218,144.9822582,ENV,REAL_507,Real sensor series - Fitzroy Gardens - board 507,42,real_sensor_board_507,23.061639103902632,0,normal
2015-03-11 03:45:00+00:00,25.2,Fitzroy Gardens,507,35.8,97.1,-37.8149218,144.9822582,ENV,REAL_507,Real sensor series - Fitzroy Gardens - board 507,42,real_sensor_board_507,22.969311283122106,0,normal
2015-03-11 03:55:00+00:00,23.9,Fitzroy Gardens,507,35.8,97.1,-37.8149218,144.9822582,ENV,REAL_507,Real sensor series - Fitzroy Gardens - board 507,42,real_sensor_board_507,22.835449026497688,1,weak_multivariate_excursion
2015-03-11 16:55:00+00:00,13.9,Fitzroy Gardens,507,55.5,0.8,-37.8149218,144.9822582,ENV,REAL_507,Real sensor series - Fitzroy Gardens - board 507,42,real_sensor_board_507,22.64835922119815,1,weak_multivariate_excursion
2015-03-11 18:10:00+00:00,13.9,Fitzroy Gardens,507,54.8,0.7,-37.8149218,144.9822582,ENV,REAL_507,Real sensor series - Fitzroy Gardens - board 507,42,real_sensor_board_507,22.37868737695852,1,weak_multivariate_excursion
2015-03-12 00:40:00+00:00,20.3,Fitzroy Gardens,507,35.2,95.5,-37.8149218,144.9822582,ENV,REAL_507,Real sensor series - Fitzroy Gardens - board 507,42,real_sensor_board_507,22.102949901566816,1,weak_multivariate_excursion
2015-03-12 01:00:00+00:00,18.7,Fitzroy Gardens,507,36.0,95.8,-37.8149218,144.9822582,ENV,REAL_507,Real sensor series - Fitzroy Gardens - board 507,42,real_sensor_board_507,21.882359921253453,1,weak_multivariate_excursion
2015-03-12 01:10:00+00:00,19.7,Fitzroy Gardens,507,35.5,96.4,-37.8149218,144.9822582,ENV,REAL_507,Real sensor series - Fitzroy Gardens - board 507,42,real_sensor_board_507,21.565887937002763,0,normal
2015-03-12 01:20:00+00:00,18.4,Fitzroy Gardens,507,36.5,96.0,-37.8149218,144.9822582,ENV,REAL_507,Real sensor series - Fitzroy Gardens - board 507,42,real_sensor_board_507,21.312710349602213,0,normal
2015-03-12 01:30:00+00:00,18.4,Fitzroy Gardens,507,36.6,96.1,-37.8149218,144.9822582,ENV,REAL_507,Real sensor series - Fitzroy Gardens - board 507,42,real_sensor_board_507,21.110168279681773,0,normal
2015-03-12 01:40:00+00:00,19.4,Fitzroy Gardens,507,36.5,96.2,-37.8149218,144.9822582,ENV,REAL_507,Real sensor series - Fitzroy Gardens - board 507,42,real_sensor_board_507,20.88813462374542,0,normal
2015-03-12 01:50:00+00:00,20.3,Fitzroy Gardens,507,31.6,96.1,-37.8149218,144.9822582,ENV,REAL_507,Real sensor series - Fitzroy Gardens - board 507,42,real_sensor_board_507,20.650507698996336,0,normal
2015-03-12 02:00:00+00:00,18.7,Fitzroy Gardens,507,35.8,96.6,-37.8149218,144.9822582,ENV,REAL_507,Real sensor series - Fitzroy Gardens - board 507,42,real_sensor_board_507,20.46040615919707,0,normal
2015-03-12 02:10:00+00:00,21.9,Fitzroy Gardens,507,33.3,96.9,-37.8149218,144.9822582,ENV,REAL_507,Real sensor series - Fitzroy Gardens - board 507,42,real_sensor_board_507,20.30832492735766,0,normal
2015-03-12 02:20:00+00:00,19.7,Fitzroy Gardens,507,36.2,96.9,-37.8149218,144.9822582,ENV,REAL_507,Real sensor series - Fitzroy Gardens - board 507,42,real_sensor_board_507,20.12665994188613,0,normal
2015-03-12 02:30:00+00:00,18.1,Fitzroy Gardens,507,36.2,96.2,-37.8149218,144.9822582,ENV,REAL_507,Real sensor series - Fitzroy Gardens - board 507,42,real_sensor_board_507,19.981327953508902,0,normal
2015-03-12 02:40:00+00:00,19.0,Fitzroy Gardens,507,34.1,95.3,-37.8149218,144.9822582,ENV,REAL_507,Real sensor series - Fitzroy Gardens - board 507,42,real_sensor_board_507,19.78506236280712,0,normal
2015-03-12 02:55:00+00:00,21.0,Fitzroy Gardens,507,32.7,97.2,-37.8149218,144.9822582,ENV,REAL_507,Real sensor series - Fitzroy Gardens - board 507,42,real_sensor_board_507,19.568049890245696,0,normal
2015-03-12 03:05:00+00:00,19.7,Fitzroy Gardens,507,31.9,96.2,-37.8149218,144.9822582,ENV,REAL_507,Real sensor series - Fitzroy Gardens - board 507,42,real_sensor_board_507,19.39443991219656,0,normal
2015-03-12 03:15:00+00:00,21.3,Fitzroy Gardens,507,31.9,97.0,-37.8149218,144.9822582,ENV,REAL_507,Real sensor series - Fitzroy Gardens - board 507,42,real_sensor_board_507,19.25555192975725,0,normal
2015-03-12 03:25:00+00:00,20.0,Fitzroy Gardens,507,34.4,95.4,-37.8149218,144.9822582,ENV,REAL_507,Real sensor series - Fitzroy Gardens - board 507,42,real_sensor_board_507,19.1444415438058,0,normal
2015-03-12 03:35:00+00:00,21.6,Fitzroy Gardens,507,32.7,97.1,-37.8149218,144.9822582,ENV,REAL_507,Real sensor series - Fitzroy Gardens - board 507,42,real_sensor_board_507,18.99555323504464,0,normal
2015-03-12 03:45:00+00:00,19.4,Fitzroy Gardens,507,36.5,95.9,-37.8149218,144.9822582,ENV,REAL_507,Real sensor series - Fitzroy Gardens - board 507,42,real_sensor_board_507,18.87644258803571,0,normal
2015-03-12 03:55:00+00:00,21.0,Fitzroy Gardens,507,34.4,96.9,-37.8149218,144.9822582,ENV,REAL_507,Real sensor series - Fitzroy Gardens - board 507,42,real_sensor_board_507,18.72115407042857,1,weak_multivariate_excursion
2015-03-12 08:20:00+00:00,15.5,Fitzroy Gardens,507,40.6,69.6,-37.8149218,144.9822582,ENV,REAL_507,Real sensor series - Fitzroy Gardens - board 507,42,real_sensor_board_507,18.59692325634286,1,weak_multivariate_excursion
2015-03-12 12:15:00+00:00,14.8,Fitzroy Gardens,507,46.9,0.7,-37.8149218,144.9822582,ENV,REAL_507,Real sensor series - Fitzroy Gardens - board 507,42,real_sensor_board_507,18.497538605074286,1,weak_multivariate_excursion
2015-03-12 13:00:00+00:00,14.8,Fitzroy Gardens,507,43.1,0.7,-37.8149218,144.9822582,ENV,REAL_507,Real sensor series - Fitzroy Gardens - board 507,42,real_sensor_board_507,18.27803088405943,1,weak_multivariate_excursion
2015-03-12 13:10:00+00:00,14.8,Fitzroy Gardens,507,40.4,0.7,-37.8149218,144.9822582,ENV,REAL_507,Real sensor series - Fitzroy Gardens - board 507,42,real_sensor_board_507,17.922424707247544,0,normal
2015-03-14 09:10:00+00:00,18.1,Fitzroy Gardens,507,57.0,0.8,-37.8149218,144.9822582,ENV,REAL_507,Real sensor series - Fitzroy Gardens - board 507,42,real_sensor_board_507,17.637939765798034,0,normal
2015-03-14 09:20:00+00:00,18.1,Fitzroy Gardens,507,57.4,0.6,-37.8149218,144.9822582,ENV,REAL_507,Real sensor series - Fitzroy Gardens - board 507,42,real_sensor_board_507,17.330351812638426,0,normal
2015-03-14 09:30:00+00:00,17.4,Fitzroy Gardens,507,61.2,0.6,-37.8149218,144.9822582,ENV,REAL_507,Real sensor series - Fitzroy Gardens - board 507,42,real_sensor_board_507,17.024281450110742,0,normal
2015-03-14 09:40:00+00:00,16.5,Fitzroy Gardens,507,64.7,0.7,-37.8149218,144.9822582,ENV,REAL_507,Real sensor series - Fitzroy Gardens - board 507,42,real_sensor_board_507,16.779425160088593,0,normal
2015-03-14 09:50:00+00:00,16.5,Fitzroy Gardens,507,65.3,0.7,-37.8149218,144.9822582,ENV,REAL_507,Real sensor series - Fitzroy Gardens - board 507,42,real_sensor_board_507,16.523540128070877,0,normal
2015-03-14 10:00:00+00:00,15.2,Fitzroy Gardens,507,71.2,0.7,-37.8149218,144.9822582,ENV,REAL_507,Real sensor series - Fitzroy Gardens - board 507,42,real_sensor_board_507,16.318832102456703,0,normal
2015-03-14 10:10:00+00:00,15.2,Fitzroy Gardens,507,70.2,0.7,-37.8149218,144.9822582,ENV,REAL_507,Real sensor series - Fitzroy Gardens - board 507,42,real_sensor_board_507,16.095065681965362,0,normal
2015-03-14 10:20:00+00:00,15.8,Fitzroy Gardens,507,70.1,0.7,-37.8149218,144.9822582,ENV,REAL_507,Real sensor series - Fitzroy Gardens - board 507,42,real_sensor_board_507,15.916052545572292,0,normal
2015-03-14 10:30:00+00:00,16.1,Fitzroy Gardens,507,71.2,0.7,-37.8149218,144.9822582,ENV,REAL_507,Real sensor series - Fitzroy Gardens - board 507,42,real_sensor_board_507,15.772842036457835,0,normal
2015-03-14 10:40:00+00:00,15.8,Fitzroy Gardens,507,71.0,0.8,-37.8149218,144.9822582,ENV,REAL_507,Real sensor series - Fitzroy Gardens - board 507,42,real_sensor_board_507,15.658273629166267,0,normal
2015-03-14 10:50:00+00:00,15.5,Fitzroy Gardens,507,71.2,0.8,-37.8149218,144.9822582,ENV,REAL_507,Real sensor series - Fitzroy Gardens - board 507,42,real_sensor_board_507,15.566618903333016,0,normal
2015-03-14 11:00:00+00:00,15.2,Fitzroy Gardens,507,71.6,0.7,-37.8149218,144.9822582,ENV,REAL_507,Real sensor series - Fitzroy Gardens - board 507,42,real_sensor_board_507,15.493295122666414,0,normal
2015-03-14 11:10:00+00:00,14.8,Fitzroy Gardens,507,69.9,0.8,-37.8149218,144.9822582,ENV,REAL_507,Real sensor series - Fitzroy Gardens - board 507,42,real_sensor_board_507,15.434636098133133,0,normal
2015-03-14 11:20:00+00:00,14.8,Fitzroy Gardens,507,69.3,0.8,-37.8149218,144.9822582,ENV,REAL_507,Real sensor series - Fitzroy Gardens - board 507,42,real_sensor_board_507,15.387708878506508,0,normal
2015-03-14 11:30:00+00:00,14.8,Fitzroy Gardens,507,69.6,0.8,-37.8149218,144.9822582,ENV,REAL_507,Real sensor series - Fitzroy Gardens - board 507,42,real_sensor_board_507,15.410167102805207,0,normal
2015-03-14 11:40:00+00:00,14.8,Fitzroy Gardens,507,71.0,0.9,-37.8149218,144.9822582,ENV,REAL_507,Real sensor series - Fitzroy Gardens - board 507,42,real_sensor_board_507,15.488133682244166,0,normal
2015-03-14 11:50:00+00:00,15.2,Fitzroy Gardens,507,69.6,0.8,-37.8149218,144.9822582,ENV,REAL_507,Real sensor series - Fitzroy Gardens - board 507,42,real_sensor_board_507,15.550506945795334,0,normal
2015-03-14 12:10:00+00:00,14.8,Fitzroy Gardens,507,70.8,0.8,-37.8149218,144.9822582,ENV,REAL_507,Real sensor series - Fitzroy Gardens - board 507,42,real_sensor_board_507,15.600405556636268,0,normal
2015-03-14 18:10:00+00:00,13.9,Fitzroy Gardens,507,44.8,0.8,-37.8149218,144.9822582,ENV,REAL_507,Real sensor series - Fitzroy Gardens - board 507,42,real_sensor_board_507,15.640324445309016,0,normal
2015-03-14 18:20:00+00:00,13.5,Fitzroy Gardens,507,43.6,0.7,-37.8149218,144.9822582,ENV,REAL_507,Real sensor series - Fitzroy Gardens - board 507,42,real_sensor_board_507,15.672259556247214,0,normal
2015-03-14 20:05:00+00:00,13.5,Fitzroy Gardens,507,45.8,7.4,-37.8149218,144.9822582,ENV,REAL_507,Real sensor series - Fitzroy Gardens - board 507,42,real_sensor_board_507,15.697807644997772,0,normal
2015-03-15 13:00:00+00:00,13.2,Fitzroy Gardens,507,59.6,0.7,-37.8149218,144.9822582,ENV,REAL_507,Real sensor series - Fitzroy Gardens - board 507,42,real_sensor_board_507,15.718246115998218,1,weak_multivariate_excursion
2015-03-15 22:55:00+00:00,14.2,Fitzroy Gardens,507,55.9,90.5,-37.8149218,144.9822582,ENV,REAL_507,Real sensor series - Fitzroy Gardens - board 507,42,real_sensor_board_507,15.794596892798575,1,weak_multivariate_excursion
2015-03-16 00:20:00+00:00,20.3,Fitzroy Gardens,507,45.1,96.2,-37.8149218,144.9822582,ENV,REAL_507,Real sensor series - Fitzroy Gardens - board 507,42,real_sensor_board_507,16.69567751423886,1,weak_multivariate_excursion
2015-03-16 00:40:00+00:00,23.5,Fitzroy Gardens,507,39.0,97.1,-37.8149218,144.9822582,ENV,REAL_507,Real sensor series - Fitzroy Gardens - board 507,42,real_sensor_board_507,17.876542011391088,1,weak_multivariate_excursion
2015-03-16 01:00:00+00:00,26.1,Fitzroy Gardens,507,34.4,97.1,-37.8149218,144.9822582,ENV,REAL_507,Real sensor series - Fitzroy Gardens - board 507,42,real_sensor_board_507,18.88123360911287,1,weak_multivariate_excursion
2015-03-16 01:10:00+00:00,23.5,Fitzroy Gardens,507,35.7,96.3,-37.8149218,144.9822582,ENV,REAL_507,Real sensor series - Fitzroy Gardens - board 507,42,real_sensor_board_507,19.684986887290293,1,weak_multivariate_excursion
2015-03-16 01:20:00+00:00,25.5,Fitzroy Gardens,507,33.8,96.4,-37.8149218,144.9822582,ENV,REAL_507,Real sensor series - Fitzroy Gardens - board 507,42,real_sensor_board_507,20.327989509832236,1,weak_multivariate_excursion
2015-03-16 01:30:00+00:00,22.9,Fitzroy Gardens,507,36.2,95.7,-37.8149218,144.9822582,ENV,REAL_507,Real sensor series - Fitzroy Gardens - board 507,42,real_sensor_board_507,20.842391607865792,1,weak_multivariate_excursion
2015-03-16 01:40:00+00:00,23.5,Fitzroy Gardens,507,33.9,96.3,-37.8149218,144.9822582,ENV,REAL_507,Real sensor series - Fitzroy Gardens - board 507,42,real_sensor_board_507,21.253913286292637,1,weak_multivariate_excursion
2015-03-16 01:50:00+00:00,26.8,Fitzroy Gardens,507,32.1,96.5,-37.8149218,144.9822582,ENV,REAL_507,Real sensor series - Fitzroy Gardens - board 507,42,real_sensor_board_507,21.58313062903411,1,weak_multivariate_excursion
2015-03-16 02:00:00+00:00,24.2,Fitzroy Gardens,507,33.5,95.1,-37.8149218,144.9822582,ENV,REAL_507,Real sensor series - Fitzroy Gardens - board 507,42,real_sensor_board_507,21.846504503227287,1,weak_multivariate_excursion
2015-03-16 02:10:00+00:00,22.9,Fitzroy Gardens,507,33.0,94.3,-37.8149218,144.9822582,ENV,REAL_507,Real sensor series - Fitzroy Gardens - board 507,42,real_sensor_board_507,22.11720360258183,0,normal
2015-03-16 02:20:00+00:00,22.9,Fitzroy Gardens,507,33.3,94.0,-37.8149218,144.9822582,ENV,REAL_507,Real sensor series - Fitzroy Gardens - board 507,42,real_sensor_board_507,22.333762882065468,0,normal
2015-03-16 02:30:00+00:00,22.9,Fitzroy Gardens,507,33.6,93.9,-37.8149218,144.9822582,ENV,REAL_507,Real sensor series - Fitzroy Gardens - board 507,42,real_sensor_board_507,22.567010305652374,0,normal
2015-03-16 02:40:00+00:00,22.9,Fitzroy Gardens,507,34.4,93.4,-37.8149218,144.9822582,ENV,REAL_507,Real sensor series - Fitzroy Gardens - board 507,42,real_sensor_board_507,22.7536082445219,0,normal
2015-03-16 02:55:00+00:00,22.9,Fitzroy Gardens,507,33.2,93.8,-37.8149218,144.9822582,ENV,REAL_507,Real sensor series - Fitzroy Gardens - board 507,42,real_sensor_board_507,22.90288659561752,0,normal
2015-03-16 03:05:00+00:00,22.9,Fitzroy Gardens,507,33.6,93.5,-37.8149218,144.9822582,ENV,REAL_507,Real sensor series - Fitzroy Gardens - board 507,42,real_sensor_board_507,23.022309276494017,0,normal
2015-03-16 03:15:00+00:00,22.6,Fitzroy Gardens,507,33.8,93.5,-37.8149218,144.9822582,ENV,REAL_507,Real sensor series - Fitzroy Gardens - board 507,42,real_sensor_board_507,23.117847421195215,0,normal
2015-03-16 03:25:00+00:00,23.2,Fitzroy Gardens,507,33.6,94.9,-37.8149218,144.9822582,ENV,REAL_507,Real sensor series - Fitzroy Gardens - board 507,42,real_sensor_board_507,23.194277936956173,0,normal
2015-03-16 03:35:00+00:00,23.5,Fitzroy Gardens,507,33.3,94.0,-37.8149218,144.9822582,ENV,REAL_507,Real sensor series - Fitzroy Gardens - board 507,42,real_sensor_board_507,23.255422349564938,0,normal
2015-03-16 03:45:00+00:00,23.2,Fitzroy Gardens,507,32.7,94.3,-37.8149218,144.9822582,ENV,REAL_507,Real sensor series - Fitzroy Gardens - board 507,42,real_sensor_board_507,23.30433787965195,0,normal
2015-03-16 03:55:00+00:00,24.2,Fitzroy Gardens,507,31.7,95.2,-37.8149218,144.9822582,ENV,REAL_507,Real sensor series - Fitzroy Gardens - board 507,42,real_sensor_board_507,23.34347030372156,0,normal
2015-03-16 04:45:00+00:00,24.5,Fitzroy Gardens,507,31.6,94.9,-37.8149218,144.9822582,ENV,REAL_507,Real sensor series - Fitzroy Gardens - board 507,42,real_sensor_board_507,23.374776242977248,0,normal
2015-03-16 04:55:00+00:00,24.2,Fitzroy Gardens,507,32.7,94.1,-37.8149218,144.9822582,ENV,REAL_507,Real sensor series - Fitzroy Gardens - board 507,42,real_sensor_board_507,23.3998209943818,0,normal
2015-03-16 05:05:00+00:00,23.5,Fitzroy Gardens,507,32.1,93.9,-37.8149218,144.9822582,ENV,REAL_507,Real sensor series - Fitzroy Gardens - board 507,42,real_sensor_board_507,23.41985679550544,0,normal
2015-03-16 05:15:00+00:00,24.2,Fitzroy Gardens,507,31.1,95.0,-37.8149218,144.9822582,ENV,REAL_507,Real sensor series - Fitzroy Gardens - board 507,42,real_sensor_board_507,23.375885436404353,0,normal
2015-03-16 05:25:00+00:00,24.5,Fitzroy Gardens,507,31.0,94.9,-37.8149218,144.9822582,ENV,REAL_507,Real sensor series - Fitzroy Gardens - board 507,42,real_sensor_board_507,23.340708349123485,0,normal
2015-03-16 05:35:00+00:00,26.5,Fitzroy Gardens,507,29.5,96.0,-37.8149218,144.9822582,ENV,REAL_507,Real sensor series - Fitzroy Gardens - board 507,42,real_sensor_board_507,23.31256667929879,0,normal
2015-03-16 05:45:00+00:00,27.7,Fitzroy Gardens,507,25.7,96.2,-37.8149218,144.9822582,ENV,REAL_507,Real sensor series - Fitzroy Gardens - board 507,42,real_sensor_board_507,23.290053343439034,1,weak_multivariate_excursion
2015-03-16 05:55:00+00:00,24.2,Fitzroy Gardens,507,31.9,92.2,-37.8149218,144.9822582,ENV,REAL_507,Real sensor series - Fitzroy Gardens - board 507,42,real_sensor_board_507,23.27204267475123,1,weak_multivariate_excursion
2015-03-16 06:10:00+00:00,23.9,Fitzroy Gardens,507,31.7,92.5,-37.8149218,144.9822582,ENV,REAL_507,Real sensor series - Fitzroy Gardens - board 507,42,real_sensor_board_507,23.257634139800984,1,weak_multivariate_excursion
2015-03-16 06:20:00+00:00,23.9,Fitzroy Gardens,507,32.4,92.1,-37.8149218,144.9822582,ENV,REAL_507,Real sensor series - Fitzroy Gardens - board 507,42,real_sensor_board_507,23.246107311840788,0,normal
2015-03-16 06:30:00+00:00,23.5,Fitzroy Gardens,507,31.6,91.1,-37.8149218,144.9822582,ENV,REAL_507,Real sensor series - Fitzroy Gardens - board 507,42,real_sensor_board_507,23.236885849472632,0,normal
2015-03-16 06:40:00+00:00,23.5,Fitzroy Gardens,507,31.9,88.7,-37.8149218,144.9822582,ENV,REAL_507,Real sensor series - Fitzroy Gardens - board 507,42,real_sensor_board_507,23.229508679578107,0,normal
2015-03-16 06:50:00+00:00,23.2,Fitzroy Gardens,507,32.1,86.5,-37.8149218,144.9822582,ENV,REAL_507,Real sensor series - Fitzroy Gardens - board 507,42,real_sensor_board_507,23.223606943662485,0,normal
2015-03-16 07:00:00+00:00,23.2,Fitzroy Gardens,507,32.4,84.9,-37.8149218,144.9822582,ENV,REAL_507,Real sensor series - Fitzroy Gardens - board 507,42,real_sensor_board_507,23.21888555492999,0,normal
2015-03-16 07:10:00+00:00,23.2,Fitzroy Gardens,507,32.2,86.4,-37.8149218,144.9822582,ENV,REAL_507,Real sensor series - Fitzroy Gardens - board 507,42,real_sensor_board_507,23.215108443943993,0,normal
2015-03-16 07:20:00+00:00,23.2,Fitzroy Gardens,507,32.4,87.2,-37.8149218,144.9822582,ENV,REAL_507,Real sensor series - Fitzroy Gardens - board 507,42,real_sensor_board_507,23.212086755155195,0,normal
2015-03-16 07:30:00+00:00,22.9,Fitzroy Gardens,507,33.8,85.9,-37.8149218,144.9822582,ENV,REAL_507,Real sensor series - Fitzroy Gardens - board 507,42,real_sensor_board_507,23.149669404124154,0,normal
2015-03-16 07:40:00+00:00,22.9,Fitzroy Gardens,507,33.5,87.9,-37.8149218,144.9822582,ENV,REAL_507,Real sensor series - Fitzroy Gardens - board 507,42,real_sensor_board_507,23.099735523299323,1,weak_multivariate_excursion
2015-03-16 08:30:00+00:00,21.9,Fitzroy Gardens,507,35.8,48.9,-37.8149218,144.9822582,ENV,REAL_507,Real sensor series - Fitzroy Gardens - board 507,42,real_sensor_board_507,22.859788418639457,1,weak_multivariate_excursion
2015-03-16 09:00:00+00:00,21.0,Fitzroy Gardens,507,37.3,0.9,-37.8149218,144.9822582,ENV,REAL_507,Real sensor series - Fitzroy Gardens - board 507,42,real_sensor_board_507,22.487830734911565,1,weak_multivariate_excursion
2015-03-16 09:15:00+00:00,20.3,Fitzroy Gardens,507,39.2,0.6,-37.8149218,144.9822582,ENV,REAL_507,Real sensor series - Fitzroy Gardens - board 507,42,real_sensor_board_507,22.050264587929256,1,weak_multivariate_excursion
2015-03-16 09:25:00+00:00,20.3,Fitzroy Gardens,507,38.7,0.6,-37.8149218,144.9822582,ENV,REAL_507,Real sensor series - Fitzroy Gardens - board 507,42,real_sensor_board_507,21.700211670343407,0,normal
2015-03-16 09:35:00+00:00,20.0,Fitzroy Gardens,507,40.3,0.6,-37.8149218,144.9822582,ENV,REAL_507,Real sensor series - Fitzroy Gardens - board 507,42,real_sensor_board_507,21.360169336274726,0,normal
2015-03-16 09:45:00+00:00,19.4,Fitzroy Gardens,507,42.5,0.6,-37.8149218,144.9822582,ENV,REAL_507,Real sensor series - Fitzroy Gardens - board 507,42,real_sensor_board_507,21.028135469019784,0,normal
2015-03-16 09:55:00+00:00,17.1,Fitzroy Gardens,507,52.1,0.7,-37.8149218,144.9822582,ENV,REAL_507,Real sensor series - Fitzroy Gardens - board 507,42,real_sensor_board_507,20.76250837521583,1,weak_multivariate_excursion
2015-03-16 10:05:00+00:00,15.8,Fitzroy Gardens,507,74.3,0.7,-37.8149218,144.9822582,ENV,REAL_507,Real sensor series - Fitzroy Gardens - board 507,42,real_sensor_board_507,20.550006700172666,1,weak_multivariate_excursion
2015-03-16 10:15:00+00:00,16.8,Fitzroy Gardens,507,74.6,0.7,-37.8149218,144.9822582,ENV,REAL_507,Real sensor series - Fitzroy Gardens - board 507,42,real_sensor_board_507,20.380005360138135,1,weak_multivariate_excursion
2015-03-16 10:25:00+00:00,17.4,Fitzroy Gardens,507,74.9,0.6,-37.8149218,144.9822582,ENV,REAL_507,Real sensor series - Fitzroy Gardens - board 507,42,real_sensor_board_507,20.184004288110508,0,normal
2015-03-16 10:35:00+00:00,17.7,Fitzroy Gardens,507,74.8,0.6,-37.8149218,144.9822582,ENV,REAL_507,Real sensor series - Fitzroy Gardens - board 507,42,real_sensor_board_507,20.027203430488406,0,normal
2015-03-16 10:45:00+00:00,18.1,Fitzroy Gardens,507,75.1,0.7,-37.8149218,144.9822582,ENV,REAL_507,Real sensor series - Fitzroy Gardens - board 507,42,real_sensor_board_507,19.901762744390723,0,normal
2015-03-16 10:55:00+00:00,19.7,Fitzroy Gardens,507,76.5,0.6,-37.8149218,144.9822582,ENV,REAL_507,Real sensor series - Fitzroy Gardens - board 507,42,real_sensor_board_507,19.72141019551258,0,normal
2015-03-16 11:05:00+00:00,19.4,Fitzroy Gardens,507,76.4,0.6,-37.8149218,144.9822582,ENV,REAL_507,Real sensor series - Fitzroy Gardens - board 507,42,real_sensor_board_507,19.457128156410064,0,normal
2015-03-16 11:15:00+00:00,19.7,Fitzroy Gardens,507,76.4,0.6,-37.8149218,144.9822582,ENV,REAL_507,Real sensor series - Fitzroy Gardens - board 507,42,real_sensor_board_507,19.245702525128053,0,normal
2015-03-16 11:25:00+00:00,19.7,Fitzroy Gardens,507,76.0,0.5,-37.8149218,144.9822582,ENV,REAL_507,Real sensor series - Fitzroy Gardens - board 507,42,real_sensor_board_507,19.016562020102445,0,normal
2015-03-16 11:35:00+00:00,19.7,Fitzroy Gardens,507,76.0,0.5,-37.8149218,144.9822582,ENV,REAL_507,Real sensor series - Fitzroy Gardens - board 507,42,real_sensor_board_507,18.833249616081957,0,normal
2015-03-16 11:45:00+00:00,19.0,Fitzroy Gardens,507,75.3,0.5,-37.8149218,144.9822582,ENV,REAL_507,Real sensor series - Fitzroy Gardens - board 507,42,real_sensor_board_507,18.686599692865567,0,normal
2015-03-16 11:55:00+00:00,19.4,Fitzroy Gardens,507,74.3,0.6,-37.8149218,144.9822582,ENV,REAL_507,Real sensor series - Fitzroy Gardens - board 507,42,real_sensor_board_507,18.489279754292454,0,normal
2015-03-16 13:10:00+00:00,18.4,Fitzroy Gardens,507,66.6,0.6,-37.8149218,144.9822582,ENV,REAL_507,Real sensor series - Fitzroy Gardens - board 507,42,real_sensor_board_507,18.331423803433964,0,normal
2015-03-16 13:20:00+00:00,18.4,Fitzroy Gardens,507,64.9,0.6,-37.8149218,144.9822582,ENV,REAL_507,Real sensor series - Fitzroy Gardens - board 507,42,real_sensor_board_507,18.14513904274717,0,normal
2015-03-16 13:30:00+00:00,18.1,Fitzroy Gardens,507,66.6,0.6,-37.8149218,144.9822582,ENV,REAL_507,Real sensor series - Fitzroy Gardens - board 507,42,real_sensor_board_507,17.996111234197738,0,normal
2015-03-16 13:40:00+00:00,18.1,Fitzroy Gardens,507,69.4,0.6,-37.8149218,144.9822582,ENV,REAL_507,Real sensor series - Fitzroy Gardens - board 507,42,real_sensor_board_507,17.87688898735819,0,normal
2015-03-16 13:50:00+00:00,17.7,Fitzroy Gardens,507,66.7,0.6,-37.8149218,144.9822582,ENV,REAL_507,Real sensor series - Fitzroy Gardens - board 507,42,real_sensor_board_507,17.78151118988655,0,normal
2015-03-16 14:00:00+00:00,17.4,Fitzroy Gardens,507,65.8,0.6,-37.8149218,144.9822582,ENV,REAL_507,Real sensor series - Fitzroy Gardens - board 507,42,real_sensor_board_507,17.705208951909242,0,normal
2015-03-16 14:10:00+00:00,17.4,Fitzroy Gardens,507,61.9,0.6,-37.8149218,144.9822582,ENV,REAL_507,Real sensor series - Fitzroy Gardens - board 507,42,real_sensor_board_507,17.644167161527395,0,normal
2015-03-16 14:20:00+00:00,17.1,Fitzroy Gardens,507,61.7,0.6,-37.8149218,144.9822582,ENV,REAL_507,Real sensor series - Fitzroy Gardens - board 507,42,real_sensor_board_507,17.535333729221918,0,normal
2015-03-16 14:30:00+00:00,17.1,Fitzroy Gardens,507,60.0,0.6,-37.8149218,144.9822582,ENV,REAL_507,Real sensor series - Fitzroy Gardens - board 507,42,real_sensor_board_507,17.448266983377536,0,normal
2015-03-16 14:40:00+00:00,17.1,Fitzroy Gardens,507,58.5,0.6,-37.8149218,144.9822582,ENV,REAL_507,Real sensor series - Fitzroy Gardens - board 507,42,real_sensor_board_507,17.37861358670203,0,normal
2015-03-16 14:50:00+00:00,17.1,Fitzroy Gardens,507,57.8,0.6,-37.8149218,144.9822582,ENV,REAL_507,Real sensor series - Fitzroy Gardens - board 507,42,real_sensor_board_507,17.322890869361625,0,normal
2015-03-16 15:00:00+00:00,17.1,Fitzroy Gardens,507,58.7,0.6,-37.8149218,144.9822582,ENV,REAL_507,Real sensor series - Fitzroy Gardens - board 507,42,real_sensor_board_507,17.2783126954893,0,normal
2015-03-16 15:10:00+00:00,16.8,Fitzroy Gardens,507,60.1,0.6,-37.8149218,144.9822582,ENV,REAL_507,Real sensor series - Fitzroy Gardens - board 507,42,real_sensor_board_507,17.24265015639144,0,normal
2015-03-16 15:20:00+00:00,16.8,Fitzroy Gardens,507,59.6,0.6,-37.8149218,144.9822582,ENV,REAL_507,Real sensor series - Fitzroy Gardens - board 507,42,real_sensor_board_507,17.214120125113155,0,normal
2015-03-16 15:30:00+00:00,16.5,Fitzroy Gardens,507,59.8,0.6,-37.8149218,144.9822582,ENV,REAL_507,Real sensor series - Fitzroy Gardens - board 507,42,real_sensor_board_507,17.191296100090526,0,normal
2015-03-16 15:45:00+00:00,16.5,Fitzroy Gardens,507,58.9,0.6,-37.8149218,144.9822582,ENV,REAL_507,Real sensor series - Fitzroy Gardens - board 507,42,real_sensor_board_507,17.173036880072424,0,normal
2015-03-16 18:15:00+00:00,15.5,Fitzroy Gardens,507,61.4,0.6,-37.8149218,144.9822582,ENV,REAL_507,Real sensor series - Fitzroy Gardens - board 507,42,real_sensor_board_507,17.158429504057942,0,normal
2015-03-16 18:25:00+00:00,15.8,Fitzroy Gardens,507,60.4,0.6,-37.8149218,144.9822582,ENV,REAL_507,Real sensor series - Fitzroy Gardens - board 507,42,real_sensor_board_507,17.146743603246357,0,normal
2015-03-16 18:35:00+00:00,16.1,Fitzroy Gardens,507,59.3,0.6,-37.8149218,144.9822582,ENV,REAL_507,Real sensor series - Fitzroy Gardens - board 507,42,real_sensor_board_507,17.137394882597086,0,normal
2015-03-16 18:45:00+00:00,16.1,Fitzroy Gardens,507,56.8,0.7,-37.8149218,144.9822582,ENV,REAL_507,Real sensor series - Fitzroy Gardens - board 507,42,real_sensor_board_507,17.12991590607767,0,normal
2015-03-16 19:00:00+00:00,16.8,Fitzroy Gardens,507,55.1,0.6,-37.8149218,144.9822582,ENV,REAL_507,Real sensor series - Fitzroy Gardens - board 507,42,real_sensor_board_507,17.123932724862136,0,normal
2015-03-16 19:10:00+00:00,16.5,Fitzroy Gardens,507,57.9,0.6,-37.8149218,144.9822582,ENV,REAL_507,Real sensor series - Fitzroy Gardens - board 507,42,real_sensor_board_507,17.11914617988971,0,normal
2015-03-16 19:20:00+00:00,16.5,Fitzroy Gardens,507,58.9,0.7,-37.8149218,144.9822582,ENV,REAL_507,Real sensor series - Fitzroy Gardens - board 507,42,real_sensor_board_507,17.115316943911772,0,normal
2015-03-16 19:30:00+00:00,16.5,Fitzroy Gardens,507,56.8,0.7,-37.8149218,144.9822582,ENV,REAL_507,Real sensor series - Fitzroy Gardens - board 507,42,real_sensor_board_507,17.11225355512942,0,normal
2015-03-16 19:40:00+00:00,16.8,Fitzroy Gardens,507,57.3,0.7,-37.8149218,144.9822582,ENV,REAL_507,Real sensor series - Fitzroy Gardens - board 507,42,real_sensor_board_507,17.109802844103537,0,normal
2015-03-16 19:50:00+00:00,16.5,Fitzroy Gardens,507,57.1,0.7,-37.8149218,144.9822582,ENV,REAL_507,Real sensor series - Fitzroy Gardens - board 507,42,real_sensor_board_507,17.10784227528283,0,normal
2015-03-16 20:10:00+00:00,16.5,Fitzroy Gardens,507,57.9,5.5,-37.8149218,144.9822582,ENV,REAL_507,Real sensor series - Fitzroy Gardens - board 507,42,real_sensor_board_507,17.106273820226267,1,weak_multivariate_excursion
2015-03-16 20:30:00+00:00,17.1,Fitzroy Gardens,507,56.3,38.4,-37.8149218,144.9822582,ENV,REAL_507,Real sensor series - Fitzroy Gardens - board 507,42,real_sensor_board_507,17.105019056181014,1,weak_multivariate_excursion
2015-03-16 21:00:00+00:00,17.4,Fitzroy Gardens,507,56.2,67.5,-37.8149218,144.9822582,ENV,REAL_507,Real sensor series - Fitzroy Gardens - board 507,42,real_sensor_board_507,17.16401524494481,1,weak_multivariate_excursion
2015-03-16 21:10:00+00:00,17.7,Fitzroy Gardens,507,54.0,77.5,-37.8149218,144.9822582,ENV,REAL_507,Real sensor series - Fitzroy Gardens - board 507,42,real_sensor_board_507,17.271212195955847,1,weak_multivariate_excursion
2015-03-16 21:20:00+00:00,17.7,Fitzroy Gardens,507,54.0,82.9,-37.8149218,144.9822582,ENV,REAL_507,Real sensor series - Fitzroy Gardens - board 507,42,real_sensor_board_507,17.356969756764677,0,normal
2015-03-16 21:30:00+00:00,18.4,Fitzroy Gardens,507,51.8,84.3,-37.8149218,144.9822582,ENV,REAL_507,Real sensor series - Fitzroy Gardens - board 507,42,real_sensor_board_507,17.56557580541174,0,normal
2015-03-16 21:40:00+00:00,18.7,Fitzroy Gardens,507,49.4,83.6,-37.8149218,144.9822582,ENV,REAL_507,Real sensor series - Fitzroy Gardens - board 507,42,real_sensor_board_507,17.792460644329395,0,normal
2015-03-16 22:05:00+00:00,19.7,Fitzroy Gardens,507,46.2,88.8,-37.8149218,144.9822582,ENV,REAL_507,Real sensor series - Fitzroy Gardens - board 507,42,real_sensor_board_507,18.173968515463518,0,normal
2015-03-16 22:15:00+00:00,20.0,Fitzroy Gardens,507,42.0,86.6,-37.8149218,144.9822582,ENV,REAL_507,Real sensor series - Fitzroy Gardens - board 507,42,real_sensor_board_507,18.479174812370815,0,normal
2015-03-16 22:25:00+00:00,20.3,Fitzroy Gardens,507,41.8,91.0,-37.8149218,144.9822582,ENV,REAL_507,Real sensor series - Fitzroy Gardens - board 507,42,real_sensor_board_507,18.783339849896652,0,normal
2015-03-16 22:35:00+00:00,21.0,Fitzroy Gardens,507,39.6,91.5,-37.8149218,144.9822582,ENV,REAL_507,Real sensor series - Fitzroy Gardens - board 507,42,real_sensor_board_507,19.026671879917323,0,normal
2015-03-16 22:45:00+00:00,21.6,Fitzroy Gardens,507,33.6,91.1,-37.8149218,144.9822582,ENV,REAL_507,Real sensor series - Fitzroy Gardens - board 507,42,real_sensor_board_507,19.22133750393386,0,normal
2015-03-16 23:05:00+00:00,21.6,Fitzroy Gardens,507,33.5,89.4,-37.8149218,144.9822582,ENV,REAL_507,Real sensor series - Fitzroy Gardens - board 507,42,real_sensor_board_507,19.37707000314709,0,normal
2015-03-16 23:15:00+00:00,21.3,Fitzroy Gardens,507,34.1,89.9,-37.8149218,144.9822582,ENV,REAL_507,Real sensor series - Fitzroy Gardens - board 507,42,real_sensor_board_507,19.50165600251767,0,normal
2015-03-16 23:25:00+00:00,21.9,Fitzroy Gardens,507,33.3,92.0,-37.8149218,144.9822582,ENV,REAL_507,Real sensor series - Fitzroy Gardens - board 507,42,real_sensor_board_507,19.601324802014137,0,normal
2015-03-16 23:35:00+00:00,22.3,Fitzroy Gardens,507,32.8,93.1,-37.8149218,144.9822582,ENV,REAL_507,Real sensor series - Fitzroy Gardens - board 507,42,real_sensor_board_507,19.681059841611308,0,normal
2015-03-16 23:45:00+00:00,22.6,Fitzroy Gardens,507,31.7,91.7,-37.8149218,144.9822582,ENV,REAL_507,Real sensor series - Fitzroy Gardens - board 507,42,real_sensor_board_507,19.744847873289046,0,normal
2015-03-16 23:55:00+00:00,22.9,Fitzroy Gardens,507,30.8,93.5,-37.8149218,144.9822582,ENV,REAL_507,Real sensor series - Fitzroy Gardens - board 507,42,real_sensor_board_507,19.795878298631237,0,normal
2015-03-17 23:00:00+00:00,20.0,Fitzroy Gardens,507,54.1,90.7,-37.8149218,144.9822582,ENV,REAL_507,Real sensor series - Fitzroy Gardens - board 507,42,real_sensor_board_507,19.83670263890499,0,normal
2015-03-17 23:10:00+00:00,20.0,Fitzroy Gardens,507,52.6,90.4,-37.8149218,144.9822582,ENV,REAL_507,Real sensor series - Fitzroy Gardens - board 507,42,real_sensor_board_507,19.86936211112399,0,normal
2015-03-17 23:20:00+00:00,20.0,Fitzroy Gardens,507,52.7,91.7,-37.8149218,144.9822582,ENV,REAL_507,Real sensor series - Fitzroy Gardens - board 507,42,real_sensor_board_507,19.895489688899193,0,normal
2015-03-17 23:30:00+00:00,19.7,Fitzroy Gardens,507,53.2,89.2,-37.8149218,144.9822582,ENV,REAL_507,Real sensor series - Fitzroy Gardens - board 507,42,real_sensor_board_507,19.916391751119356,0,normal
2015-03-17 23:45:00+00:00,20.6,Fitzroy Gardens,507,52.9,92.6,-37.8149218,144.9822582,ENV,REAL_507,Real sensor series - Fitzroy Gardens - board 507,42,real_sensor_board_507,19.933113400895486,0,normal
2015-03-17 23:55:00+00:00,21.0,Fitzroy Gardens,507,51.6,92.0,-37.8149218,144.9822582,ENV,REAL_507,Real sensor series - Fitzroy Gardens - board 507,42,real_sensor_board_507,19.94649072071639,0,normal
2015-03-18 00:05:00+00:00,21.0,Fitzroy Gardens,507,50.2,90.6,-37.8149218,144.9822582,ENV,REAL_507,Real sensor series - Fitzroy Gardens - board 507,42,real_sensor_board_507,19.897192576573115,1,weak_multivariate_excursion
2015-03-18 08:35:00+00:00,19.0,Fitzroy Gardens,507,56.0,35.5,-37.8149218,144.9822582,ENV,REAL_507,Real sensor series - Fitzroy Gardens - board 507,42,real_sensor_board_507,19.717754061258493,1,weak_multivariate_excursion
2015-03-18 08:55:00+00:00,18.4,Fitzroy Gardens,507,58.5,1.8,-37.8149218,144.9822582,ENV,REAL_507,Real sensor series - Fitzroy Gardens - board 507,42,real_sensor_board_507,19.454203249006795,1,weak_multivariate_excursion
2015-03-18 09:05:00+00:00,18.4,Fitzroy Gardens,507,58.9,0.7,-37.8149218,144.9822582,ENV,REAL_507,Real sensor series - Fitzroy Gardens - board 507,42,real_sensor_board_507,19.243362599205437,1,weak_multivariate_excursion
2015-03-18 09:15:00+00:00,18.4,Fitzroy Gardens,507,58.9,0.7,-37.8149218,144.9822582,ENV,REAL_507,Real sensor series - Fitzroy Gardens - board 507,42,real_sensor_board_507,19.074690079364352,0,normal
2015-03-18 09:30:00+00:00,18.4,Fitzroy Gardens,507,60.0,0.6,-37.8149218,144.9822582,ENV,REAL_507,Real sensor series - Fitzroy Gardens - board 507,42,real_sensor_board_507,18.939752063491483,0,normal
2015-03-18 09:40:00+00:00,18.1,Fitzroy Gardens,507,60.6,0.7,-37.8149218,144.9822582,ENV,REAL_507,Real sensor series - Fitzroy Gardens - board 507,42,real_sensor_board_507,18.771801650793186,0,normal
2015-03-18 09:50:00+00:00,18.1,Fitzroy Gardens,507,61.4,0.6,-37.8149218,144.9822582,ENV,REAL_507,Real sensor series - Fitzroy Gardens - board 507,42,real_sensor_board_507,18.63744132063455,0,normal
2015-03-18 10:00:00+00:00,16.8,Fitzroy Gardens,507,68.0,0.6,-37.8149218,144.9822582,ENV,REAL_507,Real sensor series - Fitzroy Gardens - board 507,42,real_sensor_board_507,18.32995305650764,0,normal
2015-03-18 10:10:00+00:00,16.8,Fitzroy Gardens,507,69.4,0.6,-37.8149218,144.9822582,ENV,REAL_507,Real sensor series - Fitzroy Gardens - board 507,42,real_sensor_board_507,18.083962445206115,0,normal
2015-03-18 10:20:00+00:00,16.8,Fitzroy Gardens,507,68.5,0.6,-37.8149218,144.9822582,ENV,REAL_507,Real sensor series - Fitzroy Gardens - board 507,42,real_sensor_board_507,17.827169956164894,0,normal
2015-03-18 10:30:00+00:00,17.1,Fitzroy Gardens,507,68.3,0.6,-37.8149218,144.9822582,ENV,REAL_507,Real sensor series - Fitzroy Gardens - board 507,42,real_sensor_board_507,17.621735964931915,0,normal
2015-03-18 10:40:00+00:00,16.5,Fitzroy Gardens,507,68.3,0.6,-37.8149218,144.9822582,ENV,REAL_507,Real sensor series - Fitzroy Gardens - board 507,42,real_sensor_board_507,17.45738877194553,0,normal
2015-03-18 10:50:00+00:00,16.8,Fitzroy Gardens,507,69.9,0.6,-37.8149218,144.9822582,ENV,REAL_507,Real sensor series - Fitzroy Gardens - board 507,42,real_sensor_board_507,17.325911017556425,0,normal
2015-03-18 11:00:00+00:00,16.8,Fitzroy Gardens,507,70.2,0.6,-37.8149218,144.9822582,ENV,REAL_507,Real sensor series - Fitzroy Gardens - board 507,42,real_sensor_board_507,17.22072881404514,0,normal
2015-03-18 11:10:00+00:00,16.8,Fitzroy Gardens,507,70.7,0.6,-37.8149218,144.9822582,ENV,REAL_507,Real sensor series - Fitzroy Gardens - board 507,42,real_sensor_board_507,17.136583051236116,0,normal
2015-03-18 11:20:00+00:00,17.1,Fitzroy Gardens,507,71.5,0.6,-37.8149218,144.9822582,ENV,REAL_507,Real sensor series - Fitzroy Gardens - board 507,42,real_sensor_board_507,17.069266440988894,0,normal
2015-03-18 11:30:00+00:00,16.8,Fitzroy Gardens,507,71.5,0.6,-37.8149218,144.9822582,ENV,REAL_507,Real sensor series - Fitzroy Gardens - board 507,42,real_sensor_board_507,17.015413152791115,0,normal
2015-03-18 11:40:00+00:00,16.5,Fitzroy Gardens,507,71.8,0.6,-37.8149218,144.9822582,ENV,REAL_507,Real sensor series - Fitzroy Gardens - board 507,42,real_sensor_board_507,16.972330522232895,0,normal
2015-03-18 11:50:00+00:00,16.5,Fitzroy Gardens,507,72.1,0.6,-37.8149218,144.9822582,ENV,REAL_507,Real sensor series - Fitzroy Gardens - board 507,42,real_sensor_board_507,16.937864417786315,0,normal
2015-03-18 12:45:00+00:00,16.1,Fitzroy Gardens,507,71.8,0.7,-37.8149218,144.9822582,ENV,REAL_507,Real sensor series - Fitzroy Gardens - board 507,42,real_sensor_board_507,16.910291534229053,0,normal
2015-03-18 13:05:00+00:00,15.8,Fitzroy Gardens,507,71.5,0.6,-37.8149218,144.9822582,ENV,REAL_507,Real sensor series - Fitzroy Gardens - board 507,42,real_sensor_board_507,16.888233227383243,0,normal
2015-03-18 13:15:00+00:00,15.8,Fitzroy Gardens,507,71.3,0.6,-37.8149218,144.9822582,ENV,REAL_507,Real sensor series - Fitzroy Gardens - board 507,42,real_sensor_board_507,16.870586581906593,0,normal
2015-03-18 13:25:00+00:00,16.5,Fitzroy Gardens,507,69.7,0.6,-37.8149218,144.9822582,ENV,REAL_507,Real sensor series - Fitzroy Gardens - board 507,42,real_sensor_board_507,16.856469265525277,0,normal
2015-03-18 13:35:00+00:00,15.2,Fitzroy Gardens,507,71.3,0.5,-37.8149218,144.9822582,ENV,REAL_507,Real sensor series - Fitzroy Gardens - board 507,42,real_sensor_board_507,16.84517541242022,0,normal
2015-03-18 13:45:00+00:00,15.5,Fitzroy Gardens,507,72.3,0.6,-37.8149218,144.9822582,ENV,REAL_507,Real sensor series - Fitzroy Gardens - board 507,42,real_sensor_board_507,16.89614032993618,0,normal
2015-03-18 18:10:00+00:00,17.1,Fitzroy Gardens,507,54.0,0.5,-37.8149218,144.9822582,ENV,REAL_507,Real sensor series - Fitzroy Gardens - board 507,42,real_sensor_board_507,16.936912263948948,0,normal
2015-03-18 18:20:00+00:00,16.5,Fitzroy Gardens,507,55.1,0.5,-37.8149218,144.9822582,ENV,REAL_507,Real sensor series - Fitzroy Gardens - board 507,42,real_sensor_board_507,16.96952981115916,1,weak_multivariate_excursion
2015-03-18 23:00:00+00:00,22.6,Fitzroy Gardens,507,42.9,94.1,-37.8149218,144.9822582,ENV,REAL_507,Real sensor series - Fitzroy Gardens - board 507,42,real_sensor_board_507,17.955623848927328,1,weak_multivariate_excursion
2015-03-18 23:10:00+00:00,21.9,Fitzroy Gardens,507,43.1,92.0,-37.8149218,144.9822582,ENV,REAL_507,Real sensor series - Fitzroy Gardens - board 507,42,real_sensor_board_507,18.884499079141865,1,weak_multivariate_excursion
2015-03-18 23:20:00+00:00,22.6,Fitzroy Gardens,507,41.8,95.2,-37.8149218,144.9822582,ENV,REAL_507,Real sensor series - Fitzroy Gardens - board 507,42,real_sensor_board_507,19.627599263313492,0,normal
2015-03-18 23:30:00+00:00,23.2,Fitzroy Gardens,507,41.0,94.9,-37.8149218,144.9822582,ENV,REAL_507,Real sensor series - Fitzroy Gardens - board 507,42,real_sensor_board_507,20.342079410650793,0,normal
2015-03-18 23:40:00+00:00,23.2,Fitzroy Gardens,507,40.9,94.9,-37.8149218,144.9822582,ENV,REAL_507,Real sensor series - Fitzroy Gardens - board 507,42,real_sensor_board_507,20.913663528520637,0,normal
2015-03-18 23:50:00+00:00,23.5,Fitzroy Gardens,507,41.2,94.5,-37.8149218,144.9822582,ENV,REAL_507,Real sensor series - Fitzroy Gardens - board 507,42,real_sensor_board_507,21.43093082281651,0,normal
2015-03-19 00:00:00+00:00,23.9,Fitzroy Gardens,507,40.9,94.2,-37.8149218,144.9822582,ENV,REAL_507,Real sensor series - Fitzroy Gardens - board 507,42,real_sensor_board_507,21.92474465825321,1,weak_multivariate_excursion
2015-03-19 00:50:00+00:00,30.3,Fitzroy Gardens,507,33.9,97.6,-37.8149218,144.9822582,ENV,REAL_507,Real sensor series - Fitzroy Gardens - board 507,42,real_sensor_board_507,23.33979572660257,1,weak_multivariate_excursion
2015-03-19 01:00:00+00:00,29.4,Fitzroy Gardens,507,32.7,97.3,-37.8149218,144.9822582,ENV,REAL_507,Real sensor series - Fitzroy Gardens - board 507,42,real_sensor_board_507,24.551836581282057,1,weak_multivariate_excursion
2015-03-19 01:10:00+00:00,29.7,Fitzroy Gardens,507,32.2,97.0,-37.8149218,144.9822582,ENV,REAL_507,Real sensor series - Fitzroy Gardens - board 507,42,real_sensor_board_507,25.58146926502565,0,normal
2015-03-19 01:20:00+00:00,30.0,Fitzroy Gardens,507,31.7,96.7,-37.8149218,144.9822582,ENV,REAL_507,Real sensor series - Fitzroy Gardens - board 507,42,real_sensor_board_507,26.405175412020522,0,normal
2015-03-19 01:35:00+00:00,29.0,Fitzroy Gardens,507,31.9,97.1,-37.8149218,144.9822582,ENV,REAL_507,Real sensor series - Fitzroy Gardens - board 507,42,real_sensor_board_507,27.06414032961642,0,normal
2015-03-19 01:45:00+00:00,30.3,Fitzroy Gardens,507,31.4,95.7,-37.8149218,144.9822582,ENV,REAL_507,Real sensor series - Fitzroy Gardens - board 507,42,real_sensor_board_507,27.59131226369314,0,normal
2015-03-19 01:55:00+00:00,30.3,Fitzroy Gardens,507,31.7,96.9,-37.8149218,144.9822582,ENV,REAL_507,Real sensor series - Fitzroy Gardens - board 507,42,real_sensor_board_507,28.013049810954517,0,normal
2015-03-19 02:05:00+00:00,31.6,Fitzroy Gardens,507,29.2,96.9,-37.8149218,144.9822582,ENV,REAL_507,Real sensor series - Fitzroy Gardens - board 507,42,real_sensor_board_507,28.350439848763617,0,normal
2015-03-19 02:15:00+00:00,31.3,Fitzroy Gardens,507,29.5,97.1,-37.8149218,144.9822582,ENV,REAL_507,Real sensor series - Fitzroy Gardens - board 507,42,real_sensor_board_507,28.620351879010897,0,normal
2015-03-19 02:25:00+00:00,30.6,Fitzroy Gardens,507,31.1,97.3,-37.8149218,144.9822582,ENV,REAL_507,Real sensor series - Fitzroy Gardens - board 507,42,real_sensor_board_507,28.83628150320872,0,normal
2015-03-19 02:35:00+00:00,31.6,Fitzroy Gardens,507,29.1,97.2,-37.8149218,144.9822582,ENV,REAL_507,Real sensor series - Fitzroy Gardens - board 507,42,real_sensor_board_507,29.009025202566978,0,normal
2015-03-19 02:45:00+00:00,29.7,Fitzroy Gardens,507,30.8,97.0,-37.8149218,144.9822582,ENV,REAL_507,Real sensor series - Fitzroy Gardens - board 507,42,real_sensor_board_507,29.147220162053586,0,normal
2015-03-19 03:05:00+00:00,31.6,Fitzroy Gardens,507,28.9,97.1,-37.8149218,144.9822582,ENV,REAL_507,Real sensor series - Fitzroy Gardens - board 507,42,real_sensor_board_507,29.25777612964287,0,normal
2015-03-19 03:15:00+00:00,32.3,Fitzroy Gardens,507,28.3,97.1,-37.8149218,144.9822582,ENV,REAL_507,Real sensor series - Fitzroy Gardens - board 507,42,real_sensor_board_507,29.3462209037143,0,normal
2015-03-19 03:25:00+00:00,32.3,Fitzroy Gardens,507,28.7,97.1,-37.8149218,144.9822582,ENV,REAL_507,Real sensor series - Fitzroy Gardens - board 507,42,real_sensor_board_507,29.416976722971445,0,normal
2015-03-19 03:35:00+00:00,32.3,Fitzroy Gardens,507,28.7,97.1,-37.8149218,144.9822582,ENV,REAL_507,Real sensor series - Fitzroy Gardens - board 507,42,real_sensor_board_507,29.47358137837716,0,normal
2015-03-19 03:45:00+00:00,32.6,Fitzroy Gardens,507,28.3,97.1,-37.8149218,144.9822582,ENV,REAL_507,Real sensor series - Fitzroy Gardens - board 507,42,real_sensor_board_507,29.518865102701728,0,normal
2015-03-19 03:55:00+00:00,33.2,Fitzroy Gardens,507,28.3,97.2,-37.8149218,144.9822582,ENV,REAL_507,Real sensor series - Fitzroy Gardens - board 507,42,real_sensor_board_507,29.555092082161384,0,normal
2015-03-19 04:05:00+00:00,32.9,Fitzroy Gardens,507,27.6,97.1,-37.8149218,144.9822582,ENV,REAL_507,Real sensor series - Fitzroy Gardens - board 507,42,real_sensor_board_507,29.44407366572911,1,weak_multivariate_excursion
2015-03-19 08:35:00+00:00,18.7,Fitzroy Gardens,507,59.8,41.3,-37.8149218,144.9822582,ENV,REAL_507,Real sensor series - Fitzroy Gardens - board 507,42,real_sensor_board_507,27.295258932583288,1,weak_multivariate_excursion
2015-03-19 08:55:00+00:00,18.7,Fitzroy Gardens,507,59.8,5.7,-37.8149218,144.9822582,ENV,REAL_507,Real sensor series - Fitzroy Gardens - board 507,42,real_sensor_board_507,25.57620714606663,1,weak_multivariate_excursion
2015-03-19 09:05:00+00:00,18.7,Fitzroy Gardens,507,60.4,3.8,-37.8149218,144.9822582,ENV,REAL_507,Real sensor series - Fitzroy Gardens - board 507,42,real_sensor_board_507,24.200965716853304,1,weak_multivariate_excursion
2015-03-19 09:15:00+00:00,18.4,Fitzroy Gardens,507,60.3,3.7,-37.8149218,144.9822582,ENV,REAL_507,Real sensor series - Fitzroy Gardens - board 507,42,real_sensor_board_507,23.040772573482645,0,normal
2015-03-19 09:25:00+00:00,18.4,Fitzroy Gardens,507,58.5,3.8,-37.8149218,144.9822582,ENV,REAL_507,Real sensor series - Fitzroy Gardens - board 507,42,real_sensor_board_507,22.112618058786115,0,normal
2015-03-19 09:35:00+00:00,18.4,Fitzroy Gardens,507,58.2,3.8,-37.8149218,144.9822582,ENV,REAL_507,Real sensor series - Fitzroy Gardens - board 507,42,real_sensor_board_507,21.370094447028894,0,normal
2015-03-19 09:45:00+00:00,18.4,Fitzroy Gardens,507,57.8,3.9,-37.8149218,144.9822582,ENV,REAL_507,Real sensor series - Fitzroy Gardens - board 507,42,real_sensor_board_507,20.776075557623116,0,normal
2015-03-19 09:55:00+00:00,18.1,Fitzroy Gardens,507,57.0,3.9,-37.8149218,144.9822582,ENV,REAL_507,Real sensor series - Fitzroy Gardens - board 507,42,real_sensor_board_507,20.240860446098495,0,normal
2015-03-19 10:05:00+00:00,18.1,Fitzroy Gardens,507,56.8,3.8,-37.8149218,144.9822582,ENV,REAL_507,Real sensor series - Fitzroy Gardens - board 507,42,real_sensor_board_507,19.812688356878798,0,normal
2015-03-19 10:15:00+00:00,18.1,Fitzroy Gardens,507,56.5,3.9,-37.8149218,144.9822582,ENV,REAL_507,Real sensor series - Fitzroy Gardens - board 507,42,real_sensor_board_507,19.47015068550304,0,normal
2015-03-19 10:35:00+00:00,18.1,Fitzroy Gardens,507,56.0,3.9,-37.8149218,144.9822582,ENV,REAL_507,Real sensor series - Fitzroy Gardens - board 507,42,real_sensor_board_507,19.196120548402433,0,normal
2015-03-19 10:45:00+00:00,18.1,Fitzroy Gardens,507,56.2,3.8,-37.8149218,144.9822582,ENV,REAL_507,Real sensor series - Fitzroy Gardens - board 507,42,real_sensor_board_507,18.976896438721948,0,normal
2015-03-19 10:55:00+00:00,18.1,Fitzroy Gardens,507,56.7,3.8,-37.8149218,144.9822582,ENV,REAL_507,Real sensor series - Fitzroy Gardens - board 507,42,real_sensor_board_507,18.80151715097756,0,normal
2015-03-19 11:05:00+00:00,18.1,Fitzroy Gardens,507,57.0,4.0,-37.8149218,144.9822582,ENV,REAL_507,Real sensor series - Fitzroy Gardens - board 507,42,real_sensor_board_507,18.661213720782047,0,normal
2015-03-19 11:20:00+00:00,18.1,Fitzroy Gardens,507,57.1,3.9,-37.8149218,144.9822582,ENV,REAL_507,Real sensor series - Fitzroy Gardens - board 507,42,real_sensor_board_507,18.54897097662564,0,normal
2015-03-19 11:30:00+00:00,17.7,Fitzroy Gardens,507,56.8,4.0,-37.8149218,144.9822582,ENV,REAL_507,Real sensor series - Fitzroy Gardens - board 507,42,real_sensor_board_507,18.459176781300513,0,normal
2015-03-19 11:40:00+00:00,18.1,Fitzroy Gardens,507,52.6,4.0,-37.8149218,144.9822582,ENV,REAL_507,Real sensor series - Fitzroy Gardens - board 507,42,real_sensor_board_507,18.38734142504041,0,normal
2015-03-19 11:50:00+00:00,17.7,Fitzroy Gardens,507,49.9,4.0,-37.8149218,144.9822582,ENV,REAL_507,Real sensor series - Fitzroy Gardens - board 507,42,real_sensor_board_507,18.32987314003233,0,normal
2015-03-19 13:00:00+00:00,17.4,Fitzroy Gardens,507,40.7,0.8,-37.8149218,144.9822582,ENV,REAL_507,Real sensor series - Fitzroy Gardens - board 507,42,real_sensor_board_507,18.283898512025864,0,normal
2015-03-19 13:10:00+00:00,17.1,Fitzroy Gardens,507,39.8,0.8,-37.8149218,144.9822582,ENV,REAL_507,Real sensor series - Fitzroy Gardens - board 507,42,real_sensor_board_507,18.24711880962069,0,normal
2015-03-19 13:20:00+00:00,17.1,Fitzroy Gardens,507,40.9,0.8,-37.8149218,144.9822582,ENV,REAL_507,Real sensor series - Fitzroy Gardens - board 507,42,real_sensor_board_507,18.217695047696555,0,normal
2015-03-19 13:30:00+00:00,16.8,Fitzroy Gardens,507,41.4,0.8,-37.8149218,144.9822582,ENV,REAL_507,Real sensor series - Fitzroy Gardens - board 507,42,real_sensor_board_507,18.194156038157246,0,normal
2015-03-19 13:40:00+00:00,16.5,Fitzroy Gardens,507,42.1,0.7,-37.8149218,144.9822582,ENV,REAL_507,Real sensor series - Fitzroy Gardens - board 507,42,real_sensor_board_507,18.1753248305258,0,normal
2015-03-19 14:00:00+00:00,16.1,Fitzroy Gardens,507,43.7,0.8,-37.8149218,144.9822582,ENV,REAL_507,Real sensor series - Fitzroy Gardens - board 507,42,real_sensor_board_507,18.16025986442064,0,normal
2015-03-19 14:10:00+00:00,16.1,Fitzroy Gardens,507,43.9,0.8,-37.8149218,144.9822582,ENV,REAL_507,Real sensor series - Fitzroy Gardens - board 507,42,real_sensor_board_507,18.148207891536515,0,normal
2015-03-19 14:20:00+00:00,15.8,Fitzroy Gardens,507,41.7,0.8,-37.8149218,144.9822582,ENV,REAL_507,Real sensor series - Fitzroy Gardens - board 507,42,real_sensor_board_507,18.138566313229212,0,normal
2015-03-19 14:35:00+00:00,15.8,Fitzroy Gardens,507,42.3,0.8,-37.8149218,144.9822582,ENV,REAL_507,Real sensor series - Fitzroy Gardens - board 507,42,real_sensor_board_507,18.05085305058337,0,normal
2015-03-19 14:45:00+00:00,15.5,Fitzroy Gardens,507,43.7,0.8,-37.8149218,144.9822582,ENV,REAL_507,Real sensor series - Fitzroy Gardens - board 507,42,real_sensor_board_507,17.980682440466698,0,normal
2015-03-19 14:55:00+00:00,14.8,Fitzroy Gardens,507,45.6,0.8,-37.8149218,144.9822582,ENV,REAL_507,Real sensor series - Fitzroy Gardens - board 507,42,real_sensor_board_507,17.924545952373357,1,weak_multivariate_excursion
2015-03-19 23:05:00+00:00,16.5,Fitzroy Gardens,507,47.0,91.9,-37.8149218,144.9822582,ENV,REAL_507,Real sensor series - Fitzroy Gardens - board 507,42,real_sensor_board_507,17.879636761898688,1,weak_multivariate_excursion
2015-03-20 00:05:00+00:00,18.7,Fitzroy Gardens,507,39.0,97.3,-37.8149218,144.9822582,ENV,REAL_507,Real sensor series - Fitzroy Gardens - board 507,42,real_sensor_board_507,17.84370940951895,1,weak_multivariate_excursion
2015-03-20 00:50:00+00:00,22.3,Fitzroy Gardens,507,32.4,97.2,-37.8149218,144.9822582,ENV,REAL_507,Real sensor series - Fitzroy Gardens - board 507,42,real_sensor_board_507,17.81496752761516,1,weak_multivariate_excursion
2015-03-20 01:00:00+00:00,21.9,Fitzroy Gardens,507,33.2,97.0,-37.8149218,144.9822582,ENV,REAL_507,Real sensor series - Fitzroy Gardens - board 507,42,real_sensor_board_507,17.791974022092127,1,weak_multivariate_excursion
2015-03-20 01:10:00+00:00,21.9,Fitzroy Gardens,507,32.4,96.8,-37.8149218,144.9822582,ENV,REAL_507,Real sensor series - Fitzroy Gardens - board 507,42,real_sensor_board_507,17.973579217673702,0,normal
2015-03-20 01:20:00+00:00,22.3,Fitzroy Gardens,507,31.7,96.6,-37.8149218,144.9822582,ENV,REAL_507,Real sensor series - Fitzroy Gardens - board 507,42,real_sensor_board_507,18.11886337413896,0,normal
2015-03-20 01:30:00+00:00,22.3,Fitzroy Gardens,507,32.5,96.6,-37.8149218,144.9822582,ENV,REAL_507,Real sensor series - Fitzroy Gardens - board 507,42,real_sensor_board_507,18.235090699311172,0,normal
2015-03-20 01:40:00+00:00,22.6,Fitzroy Gardens,507,31.7,96.7,-37.8149218,144.9822582,ENV,REAL_507,Real sensor series - Fitzroy Gardens - board 507,42,real_sensor_board_507,18.32807255944894,0,normal
2015-03-20 01:50:00+00:00,22.9,Fitzroy Gardens,507,31.9,96.8,-37.8149218,144.9822582,ENV,REAL_507,Real sensor series - Fitzroy Gardens - board 507,42,real_sensor_board_507,18.402458047559154,0,normal
2015-03-20 02:00:00+00:00,22.3,Fitzroy Gardens,507,31.7,97.0,-37.8149218,144.9822582,ENV,REAL_507,Real sensor series - Fitzroy Gardens - board 507,42,real_sensor_board_507,18.461966438047327,0,normal
2015-03-20 02:10:00+00:00,21.9,Fitzroy Gardens,507,36.3,97.3,-37.8149218,144.9822582,ENV,REAL_507,Real sensor series - Fitzroy Gardens - board 507,42,real_sensor_board_507,18.509573150437863,1,weak_multivariate_excursion
2015-03-20 02:20:00+00:00,17.1,Fitzroy Gardens,507,39.6,91.7,-37.8149218,144.9822582,ENV,REAL_507,Real sensor series - Fitzroy Gardens - board 507,42,real_sensor_board_507,18.54765852035029,1,weak_multivariate_excursion
2015-03-20 02:30:00+00:00,16.5,Fitzroy Gardens,507,39.0,93.2,-37.8149218,144.9822582,ENV,REAL_507,Real sensor series - Fitzroy Gardens - board 507,42,real_sensor_board_507,18.578126816280232,1,weak_multivariate_excursion
2015-03-20 02:40:00+00:00,17.4,Fitzroy Gardens,507,38.8,94.4,-37.8149218,144.9822582,ENV,REAL_507,Real sensor series - Fitzroy Gardens - board 507,42,real_sensor_board_507,18.60250145302419,0,normal
2015-03-20 02:50:00+00:00,19.4,Fitzroy Gardens,507,36.6,97.1,-37.8149218,144.9822582,ENV,REAL_507,Real sensor series - Fitzroy Gardens - board 507,42,real_sensor_board_507,18.62200116241935,0,normal
2015-03-20 03:00:00+00:00,20.3,Fitzroy Gardens,507,32.7,96.9,-37.8149218,144.9822582,ENV,REAL_507,Real sensor series - Fitzroy Gardens - board 507,42,real_sensor_board_507,18.77760092993548,0,normal
2015-03-20 03:10:00+00:00,20.6,Fitzroy Gardens,507,34.3,97.0,-37.8149218,144.9822582,ENV,REAL_507,Real sensor series - Fitzroy Gardens - board 507,42,real_sensor_board_507,18.962080743948388,0,normal
2015-03-20 03:20:00+00:00,19.7,Fitzroy Gardens,507,33.5,97.0,-37.8149218,144.9822582,ENV,REAL_507,Real sensor series - Fitzroy Gardens - board 507,42,real_sensor_board_507,19.22966459515871,0,normal
2015-03-20 03:30:00+00:00,21.3,Fitzroy Gardens,507,32.2,97.0,-37.8149218,144.9822582,ENV,REAL_507,Real sensor series - Fitzroy Gardens - board 507,42,real_sensor_board_507,19.44373167612697,0,normal
2015-03-20 03:45:00+00:00,21.3,Fitzroy Gardens,507,32.5,97.0,-37.8149218,144.9822582,ENV,REAL_507,Real sensor series - Fitzroy Gardens - board 507,42,real_sensor_board_507,19.614985340901576,1,weak_multivariate_excursion
2015-03-20 08:10:00+00:00,15.5,Fitzroy Gardens,507,42.6,70.7,-37.8149218,144.9822582,ENV,REAL_507,Real sensor series - Fitzroy Gardens - board 507,42,real_sensor_board_507,19.751988272721263,1,weak_multivariate_excursion
2015-03-20 13:00:00+00:00,12.9,Fitzroy Gardens,507,42.9,0.7,-37.8149218,144.9822582,ENV,REAL_507,Real sensor series - Fitzroy Gardens - board 507,42,real_sensor_board_507,19.86159061817701,1,weak_multivariate_excursion
2015-03-20 13:05:00+00:00,12.6,Fitzroy Gardens,507,44.4,0.8,-37.8149218,144.9822582,ENV,REAL_507,Real sensor series - Fitzroy Gardens - board 507,42,real_sensor_board_507,19.94927249454161,1,weak_multivariate_excursion
2015-03-20 16:55:00+00:00,12.9,Fitzroy Gardens,507,46.2,0.8,-37.8149218,144.9822582,ENV,REAL_507,Real sensor series - Fitzroy Gardens - board 507,42,real_sensor_board_507,20.01941799563329,1,weak_multivariate_excursion
2015-03-20 17:15:00+00:00,12.9,Fitzroy Gardens,507,46.1,0.8,-37.8149218,144.9822582,ENV,REAL_507,Real sensor series - Fitzroy Gardens - board 507,42,real_sensor_board_507,20.075534396506633,1,weak_multivariate_excursion
2015-03-20 20:50:00+00:00,9.7,Fitzroy Gardens,507,53.8,76.9,-37.8149218,144.9822582,ENV,REAL_507,Real sensor series - Fitzroy Gardens - board 507,42,real_sensor_board_507,20.120427517205307,1,weak_multivariate_excursion
2015-03-20 23:00:00+00:00,14.8,Fitzroy Gardens,507,37.6,93.7,-37.8149218,144.9822582,ENV,REAL_507,Real sensor series - Fitzroy Gardens - board 507,42,real_sensor_board_507,20.156342013764245,1,weak_multivariate_excursion
2015-03-20 23:15:00+00:00,14.8,Fitzroy Gardens,507,37.6,90.3,-37.8149218,144.9822582,ENV,REAL_507,Real sensor series - Fitzroy Gardens - board 507,42,real_sensor_board_507,20.2450736110114,1,weak_multivariate_excursion
2015-03-20 23:55:00+00:00,16.1,Fitzroy Gardens,507,35.8,94.4,-37.8149218,144.9822582,ENV,REAL_507,Real sensor series - Fitzroy Gardens - board 507,42,real_sensor_board_507,20.45605888880912,1,weak_multivariate_excursion
2015-03-21 00:05:00+00:00,16.1,Fitzroy Gardens,507,36.5,95.0,-37.8149218,144.9822582,ENV,REAL_507,Real sensor series - Fitzroy Gardens - board 507,42,real_sensor_board_507,20.6248471110473,1,weak_multivariate_excursion
2015-03-21 01:05:00+00:00,22.9,Fitzroy Gardens,507,29.1,96.8,-37.8149218,144.9822582,ENV,REAL_507,Real sensor series - Fitzroy Gardens - board 507,42,real_sensor_board_507,20.75987768883784,1,weak_multivariate_excursion
2015-03-21 01:15:00+00:00,21.3,Fitzroy Gardens,507,29.1,96.6,-37.8149218,144.9822582,ENV,REAL_507,Real sensor series - Fitzroy Gardens - board 507,42,real_sensor_board_507,20.867902151070275,1,weak_multivariate_excursion
2015-03-21 01:25:00+00:00,22.6,Fitzroy Gardens,507,28.4,96.6,-37.8149218,144.9822582,ENV,REAL_507,Real sensor series - Fitzroy Gardens - board 507,42,real_sensor_board_507,21.21432172085622,0,normal
2015-03-21 01:35:00+00:00,22.9,Fitzroy Gardens,507,29.2,96.6,-37.8149218,144.9822582,ENV,REAL_507,Real sensor series - Fitzroy Gardens - board 507,42,real_sensor_board_507,21.491457376684977,0,normal
2015-03-21 01:45:00+00:00,23.5,Fitzroy Gardens,507,27.5,96.7,-37.8149218,144.9822582,ENV,REAL_507,Real sensor series - Fitzroy Gardens - board 507,42,real_sensor_board_507,21.71316590134798,0,normal
2015-03-21 01:55:00+00:00,21.3,Fitzroy Gardens,507,29.2,96.7,-37.8149218,144.9822582,ENV,REAL_507,Real sensor series - Fitzroy Gardens - board 507,42,real_sensor_board_507,21.890532721078387,0,normal
2015-03-21 02:05:00+00:00,22.6,Fitzroy Gardens,507,28.1,96.8,-37.8149218,144.9822582,ENV,REAL_507,Real sensor series - Fitzroy Gardens - board 507,42,real_sensor_board_507,22.03242617686271,0,normal
2015-03-21 02:15:00+00:00,22.6,Fitzroy Gardens,507,28.0,96.8,-37.8149218,144.9822582,ENV,REAL_507,Real sensor series - Fitzroy Gardens - board 507,42,real_sensor_board_507,22.145940941490167,0,normal
2015-03-21 02:25:00+00:00,24.5,Fitzroy Gardens,507,26.7,96.8,-37.8149218,144.9822582,ENV,REAL_507,Real sensor series - Fitzroy Gardens - board 507,42,real_sensor_board_507,22.236752753192135,0,normal
2015-03-21 02:40:00+00:00,25.5,Fitzroy Gardens,507,26.5,96.9,-37.8149218,144.9822582,ENV,REAL_507,Real sensor series - Fitzroy Gardens - board 507,42,real_sensor_board_507,22.30940220255371,0,normal
2015-03-21 02:50:00+00:00,24.5,Fitzroy Gardens,507,27.0,96.9,-37.8149218,144.9822582,ENV,REAL_507,Real sensor series - Fitzroy Gardens - board 507,42,real_sensor_board_507,22.36752176204297,0,normal
2015-03-21 03:00:00+00:00,23.9,Fitzroy Gardens,507,26.7,96.9,-37.8149218,144.9822582,ENV,REAL_507,Real sensor series - Fitzroy Gardens - board 507,42,real_sensor_board_507,22.414017409634376,0,normal
2015-03-21 03:10:00+00:00,22.6,Fitzroy Gardens,507,27.3,96.9,-37.8149218,144.9822582,ENV,REAL_507,Real sensor series - Fitzroy Gardens - board 507,42,real_sensor_board_507,22.4512139277075,0,normal
2015-03-21 03:20:00+00:00,25.2,Fitzroy Gardens,507,26.1,97.0,-37.8149218,144.9822582,ENV,REAL_507,Real sensor series - Fitzroy Gardens - board 507,42,real_sensor_board_507,22.480971142166,0,normal
2015-03-21 03:30:00+00:00,24.8,Fitzroy Gardens,507,25.6,97.0,-37.8149218,144.9822582,ENV,REAL_507,Real sensor series - Fitzroy Gardens - board 507,42,real_sensor_board_507,22.504776913732798,0,normal
2015-03-21 03:40:00+00:00,25.8,Fitzroy Gardens,507,24.5,97.1,-37.8149218,144.9822582,ENV,REAL_507,Real sensor series - Fitzroy Gardens - board 507,42,real_sensor_board_507,22.52382153098624,0,normal
2015-03-21 03:50:00+00:00,24.8,Fitzroy Gardens,507,24.0,97.1,-37.8149218,144.9822582,ENV,REAL_507,Real sensor series - Fitzroy Gardens - board 507,42,real_sensor_board_507,22.53905722478899,0,normal
2015-03-21 05:00:00+00:00,23.2,Fitzroy Gardens,507,28.9,96.6,-37.8149218,144.9822582,ENV,REAL_507,Real sensor series - Fitzroy Gardens - board 507,42,real_sensor_board_507,22.55124577983119,0,normal
2015-03-21 05:10:00+00:00,23.9,Fitzroy Gardens,507,28.3,96.6,-37.8149218,144.9822582,ENV,REAL_507,Real sensor series - Fitzroy Gardens - board 507,42,real_sensor_board_507,22.560996623864952,0,normal
2015-03-21 05:20:00+00:00,22.6,Fitzroy Gardens,507,30.8,96.6,-37.8149218,144.9822582,ENV,REAL_507,Real sensor series - Fitzroy Gardens - board 507,42,real_sensor_board_507,22.568797299091962,0,normal
2015-03-21 05:30:00+00:00,22.6,Fitzroy Gardens,507,31.4,96.6,-37.8149218,144.9822582,ENV,REAL_507,Real sensor series - Fitzroy Gardens - board 507,42,real_sensor_board_507,22.57503783927357,0,normal
2015-03-21 05:40:00+00:00,21.9,Fitzroy Gardens,507,31.6,96.6,-37.8149218,144.9822582,ENV,REAL_507,Real sensor series - Fitzroy Gardens - board 507,42,real_sensor_board_507,22.580030271418856,0,normal
2015-03-21 05:55:00+00:00,22.6,Fitzroy Gardens,507,30.6,96.6,-37.8149218,144.9822582,ENV,REAL_507,Real sensor series - Fitzroy Gardens - board 507,42,real_sensor_board_507,22.644024217135083,0,normal
2015-03-21 06:05:00+00:00,23.2,Fitzroy Gardens,507,31.0,96.6,-37.8149218,144.9822582,ENV,REAL_507,Real sensor series - Fitzroy Gardens - board 507,42,real_sensor_board_507,22.69521937370807,0,normal
2015-03-21 06:15:00+00:00,22.3,Fitzroy Gardens,507,35.4,96.5,-37.8149218,144.9822582,ENV,REAL_507,Real sensor series - Fitzroy Gardens - board 507,42,real_sensor_board_507,22.676175498966458,0,normal
2015-03-21 06:25:00+00:00,21.3,Fitzroy Gardens,507,35.5,96.4,-37.8149218,144.9822582,ENV,REAL_507,Real sensor series - Fitzroy Gardens - board 507,42,real_sensor_board_507,22.660940399173167,0,normal
2015-03-21 06:35:00+00:00,20.6,Fitzroy Gardens,507,36.3,96.3,-37.8149218,144.9822582,ENV,REAL_507,Real sensor series - Fitzroy Gardens - board 507,42,real_sensor_board_507,22.648752319338534,0,normal
2015-03-21 06:45:00+00:00,21.0,Fitzroy Gardens,507,36.5,96.2,-37.8149218,144.9822582,ENV,REAL_507,Real sensor series - Fitzroy Gardens - board 507,42,real_sensor_board_507,22.639001855470827,0,normal
2015-03-21 06:55:00+00:00,21.0,Fitzroy Gardens,507,36.6,95.8,-37.8149218,144.9822582,ENV,REAL_507,Real sensor series - Fitzroy Gardens - board 507,42,real_sensor_board_507,22.57120148437666,1,weak_multivariate_excursion
2015-03-21 07:15:00+00:00,18.7,Fitzroy Gardens,507,42.1,85.8,-37.8149218,144.9822582,ENV,REAL_507,Real sensor series - Fitzroy Gardens - board 507,42,real_sensor_board_507,22.43696118750133,1,weak_multivariate_excursion
2015-03-21 07:25:00+00:00,18.1,Fitzroy Gardens,507,42.3,84.2,-37.8149218,144.9822582,ENV,REAL_507,Real sensor series - Fitzroy Gardens - board 507,42,real_sensor_board_507,22.269568950001062,1,weak_multivariate_excursion
2015-03-21 07:35:00+00:00,18.1,Fitzroy Gardens,507,43.9,81.6,-37.8149218,144.9822582,ENV,REAL_507,Real sensor series - Fitzroy Gardens - board 507,42,real_sensor_board_507,22.075655160000853,1,weak_multivariate_excursion
2015-03-21 07:55:00+00:00,17.4,Fitzroy Gardens,507,45.6,75.6,-37.8149218,144.9822582,ENV,REAL_507,Real sensor series - Fitzroy Gardens - board 507,42,real_sensor_board_507,21.920524128000686,1,weak_multivariate_excursion
2015-03-22 08:55:00+00:00,24.2,Fitzroy Gardens,507,29.4,1.0,-37.8149218,144.9822582,ENV,REAL_507,Real sensor series - Fitzroy Gardens - board 507,42,real_sensor_board_507,21.79641930240055,1,weak_multivariate_excursion
2015-03-22 09:05:00+00:00,23.9,Fitzroy Gardens,507,29.7,0.6,-37.8149218,144.9822582,ENV,REAL_507,Real sensor series - Fitzroy Gardens - board 507,42,real_sensor_board_507,21.637135441920442,1,weak_multivariate_excursion
2015-03-22 09:15:00+00:00,23.9,Fitzroy Gardens,507,29.4,0.6,-37.8149218,144.9822582,ENV,REAL_507,Real sensor series - Fitzroy Gardens - board 507,42,real_sensor_board_507,21.509708353536354,0,normal
2015-03-22 09:35:00+00:00,22.9,Fitzroy Gardens,507,31.9,0.6,-37.8149218,144.9822582,ENV,REAL_507,Real sensor series - Fitzroy Gardens - board 507,42,real_sensor_board_507,21.407766682829084,0,normal
2015-03-22 09:45:00+00:00,22.9,Fitzroy Gardens,507,31.4,1.3,-37.8149218,144.9822582,ENV,REAL_507,Real sensor series - Fitzroy Gardens - board 507,42,real_sensor_board_507,21.326213346263266,1,weak_multivariate_excursion
2015-03-22 09:55:00+00:00,17.4,Fitzroy Gardens,507,48.3,0.8,-37.8149218,144.9822582,ENV,REAL_507,Real sensor series - Fitzroy Gardens - board 507,42,real_sensor_board_507,21.180970677010613,1,weak_multivariate_excursion
2015-03-22 10:05:00+00:00,19.7,Fitzroy Gardens,507,52.1,0.7,-37.8149218,144.9822582,ENV,REAL_507,Real sensor series - Fitzroy Gardens - board 507,42,real_sensor_board_507,21.06477654160849,1,weak_multivariate_excursion
2015-03-22 10:15:00+00:00,21.0,Fitzroy Gardens,507,41.0,0.7,-37.8149218,144.9822582,ENV,REAL_507,Real sensor series - Fitzroy Gardens - board 507,42,real_sensor_board_507,20.911821233286794,0,normal
2015-03-22 10:25:00+00:00,21.3,Fitzroy Gardens,507,41.7,0.7,-37.8149218,144.9822582,ENV,REAL_507,Real sensor series - Fitzroy Gardens - board 507,42,real_sensor_board_507,20.729456986629437,0,normal
2015-03-22 10:35:00+00:00,21.0,Fitzroy Gardens,507,40.3,0.7,-37.8149218,144.9822582,ENV,REAL_507,Real sensor series - Fitzroy Gardens - board 507,42,real_sensor_board_507,20.58356558930355,0,normal
2015-03-22 10:45:00+00:00,21.3,Fitzroy Gardens,507,34.6,0.6,-37.8149218,144.9822582,ENV,REAL_507,Real sensor series - Fitzroy Gardens - board 507,42,real_sensor_board_507,20.46685247144284,0,normal
2015-03-22 11:00:00+00:00,21.6,Fitzroy Gardens,507,34.1,0.6,-37.8149218,144.9822582,ENV,REAL_507,Real sensor series - Fitzroy Gardens - board 507,42,real_sensor_board_507,20.313481977154275,0,normal
2015-03-22 11:20:00+00:00,20.6,Fitzroy Gardens,507,35.1,0.6,-37.8149218,144.9822582,ENV,REAL_507,Real sensor series - Fitzroy Gardens - board 507,42,real_sensor_board_507,20.19078558172342,0,normal
2015-03-22 11:30:00+00:00,20.3,Fitzroy Gardens,507,35.8,0.6,-37.8149218,144.9822582,ENV,REAL_507,Real sensor series - Fitzroy Gardens - board 507,42,real_sensor_board_507,20.152628465378736,0,normal
2015-03-22 11:40:00+00:00,20.0,Fitzroy Gardens,507,36.5,0.6,-37.8149218,144.9822582,ENV,REAL_507,Real sensor series - Fitzroy Gardens - board 507,42,real_sensor_board_507,20.12210277230299,0,normal
2015-03-22 11:50:00+00:00,20.0,Fitzroy Gardens,507,36.5,0.7,-37.8149218,144.9822582,ENV,REAL_507,Real sensor series - Fitzroy Gardens - board 507,42,real_sensor_board_507,20.097682217842394,0,normal
2015-03-22 12:10:00+00:00,20.0,Fitzroy Gardens,507,36.8,0.7,-37.8149218,144.9822582,ENV,REAL_507,Real sensor series - Fitzroy Gardens - board 507,42,real_sensor_board_507,20.078145774273917,0,normal
2015-03-22 12:30:00+00:00,19.0,Fitzroy Gardens,507,38.0,0.7,-37.8149218,144.9822582,ENV,REAL_507,Real sensor series - Fitzroy Gardens - board 507,42,real_sensor_board_507,20.062516619419135,0,normal
2015-03-22 13:00:00+00:00,19.4,Fitzroy Gardens,507,38.2,0.7,-37.8149218,144.9822582,ENV,REAL_507,Real sensor series - Fitzroy Gardens - board 507,42,real_sensor_board_507,20.050013295535308,0,normal
2015-03-22 13:10:00+00:00,18.4,Fitzroy Gardens,507,39.0,0.7,-37.8149218,144.9822582,ENV,REAL_507,Real sensor series - Fitzroy Gardens - board 507,42,real_sensor_board_507,20.040010636428246,0,normal
2015-03-22 13:20:00+00:00,17.7,Fitzroy Gardens,507,41.2,0.7,-37.8149218,144.9822582,ENV,REAL_507,Real sensor series - Fitzroy Gardens - board 507,42,real_sensor_board_507,20.032008509142596,0,normal
2015-03-22 13:30:00+00:00,15.5,Fitzroy Gardens,507,49.2,0.8,-37.8149218,144.9822582,ENV,REAL_507,Real sensor series - Fitzroy Gardens - board 507,42,real_sensor_board_507,20.025606807314077,0,normal
2015-03-22 13:40:00+00:00,15.5,Fitzroy Gardens,507,52.9,0.8,-37.8149218,144.9822582,ENV,REAL_507,Real sensor series - Fitzroy Gardens - board 507,42,real_sensor_board_507,20.08048544585126,0,normal
2015-03-22 13:50:00+00:00,16.5,Fitzroy Gardens,507,51.4,0.8,-37.8149218,144.9822582,ENV,REAL_507,Real sensor series - Fitzroy Gardens - board 507,42,real_sensor_board_507,20.12438835668101,0,normal
2015-03-22 14:00:00+00:00,16.8,Fitzroy Gardens,507,52.1,0.7,-37.8149218,144.9822582,ENV,REAL_507,Real sensor series - Fitzroy Gardens - board 507,42,real_sensor_board_507,20.159510685344806,0,normal
2015-03-22 14:15:00+00:00,16.8,Fitzroy Gardens,507,51.6,0.8,-37.8149218,144.9822582,ENV,REAL_507,Real sensor series - Fitzroy Gardens - board 507,42,real_sensor_board_507,20.187608548275847,0,normal
2015-03-22 15:55:00+00:00,18.7,Fitzroy Gardens,507,40.1,0.7,-37.8149218,144.9822582,ENV,REAL_507,Real sensor series - Fitzroy Gardens - board 507,42,real_sensor_board_507,20.210086838620676,0,normal
2015-03-22 18:10:00+00:00,19.4,Fitzroy Gardens,507,42.9,0.7,-37.8149218,144.9822582,ENV,REAL_507,Real sensor series - Fitzroy Gardens - board 507,42,real_sensor_board_507,20.228069470896543,0,normal
2015-03-22 18:20:00+00:00,20.0,Fitzroy Gardens,507,44.0,0.7,-37.8149218,144.9822582,ENV,REAL_507,Real sensor series - Fitzroy Gardens - board 507,42,real_sensor_board_507,20.242455576717234,0,normal
2015-03-22 18:30:00+00:00,21.0,Fitzroy Gardens,507,45.5,0.6,-37.8149218,144.9822582,ENV,REAL_507,Real sensor series - Fitzroy Gardens - board 507,42,real_sensor_board_507,20.25396446137379,0,normal
2015-03-22 18:40:00+00:00,21.3,Fitzroy Gardens,507,44.0,0.6,-37.8149218,144.9822582,ENV,REAL_507,Real sensor series - Fitzroy Gardens - board 507,42,real_sensor_board_507,20.323171569099035,0,normal
2015-03-22 18:50:00+00:00,21.0,Fitzroy Gardens,507,45.8,0.6,-37.8149218,144.9822582,ENV,REAL_507,Real sensor series - Fitzroy Gardens - board 507,42,real_sensor_board_507,20.37853725527923,0,normal
2015-03-22 19:00:00+00:00,22.3,Fitzroy Gardens,507,44.2,0.6,-37.8149218,144.9822582,ENV,REAL_507,Real sensor series - Fitzroy Gardens - board 507,42,real_sensor_board_507,20.422829804223387,0,normal
2015-03-22 19:10:00+00:00,22.3,Fitzroy Gardens,507,44.0,0.6,-37.8149218,144.9822582,ENV,REAL_507,Real sensor series - Fitzroy Gardens - board 507,42,real_sensor_board_507,20.538263843378708,0,normal
2015-03-22 19:20:00+00:00,22.3,Fitzroy Gardens,507,44.4,0.6,-37.8149218,144.9822582,ENV,REAL_507,Real sensor series - Fitzroy Gardens - board 507,42,real_sensor_board_507,20.630611074702966,0,normal
2015-03-22 19:30:00+00:00,21.9,Fitzroy Gardens,507,45.0,0.7,-37.8149218,144.9822582,ENV,REAL_507,Real sensor series - Fitzroy Gardens - board 507,42,real_sensor_board_507,20.764488859762373,0,normal
2015-03-22 19:40:00+00:00,21.9,Fitzroy Gardens,507,45.3,0.7,-37.8149218,144.9822582,ENV,REAL_507,Real sensor series - Fitzroy Gardens - board 507,42,real_sensor_board_507,20.8715910878099,0,normal
2015-03-22 19:50:00+00:00,22.3,Fitzroy Gardens,507,45.1,0.7,-37.8149218,144.9822582,ENV,REAL_507,Real sensor series - Fitzroy Gardens - board 507,42,real_sensor_board_507,20.957272870247923,1,weak_multivariate_excursion
2015-03-22 23:05:00+00:00,21.9,Fitzroy Gardens,507,47.3,82.2,-37.8149218,144.9822582,ENV,REAL_507,Real sensor series - Fitzroy Gardens - board 507,42,real_sensor_board_507,21.08581829619834,1,weak_multivariate_excursion
2015-03-22 23:15:00+00:00,21.9,Fitzroy Gardens,507,47.0,82.3,-37.8149218,144.9822582,ENV,REAL_507,Real sensor series - Fitzroy Gardens - board 507,42,real_sensor_board_507,21.248654636958673,1,weak_multivariate_excursion
2015-03-22 23:25:00+00:00,21.9,Fitzroy Gardens,507,48.0,80.4,-37.8149218,144.9822582,ENV,REAL_507,Real sensor series - Fitzroy Gardens - board 507,42,real_sensor_board_507,21.378923709566937,0,normal
2015-03-22 23:35:00+00:00,20.6,Fitzroy Gardens,507,51.9,77.9,-37.8149218,144.9822582,ENV,REAL_507,Real sensor series - Fitzroy Gardens - board 507,42,real_sensor_board_507,21.48313896765355,0,normal
2015-03-22 23:50:00+00:00,20.6,Fitzroy Gardens,507,53.8,80.6,-37.8149218,144.9822582,ENV,REAL_507,Real sensor series - Fitzroy Gardens - board 507,42,real_sensor_board_507,21.566511174122837,0,normal
2015-03-23 00:20:00+00:00,21.3,Fitzroy Gardens,507,51.4,78.4,-37.8149218,144.9822582,ENV,REAL_507,Real sensor series - Fitzroy Gardens - board 507,42,real_sensor_board_507,21.63320893929827,0,normal
2015-03-23 01:00:00+00:00,20.3,Fitzroy Gardens,507,55.4,84.7,-37.8149218,144.9822582,ENV,REAL_507,Real sensor series - Fitzroy Gardens - board 507,42,real_sensor_board_507,21.76656715143862,0,normal
2015-03-23 01:10:00+00:00,20.6,Fitzroy Gardens,507,54.9,85.5,-37.8149218,144.9822582,ENV,REAL_507,Real sensor series - Fitzroy Gardens - board 507,42,real_sensor_board_507,21.873253721150896,0,normal
2015-03-23 01:20:00+00:00,21.3,Fitzroy Gardens,507,50.2,90.1,-37.8149218,144.9822582,ENV,REAL_507,Real sensor series - Fitzroy Gardens - board 507,42,real_sensor_board_507,21.95860297692072,0,normal
2015-03-23 01:30:00+00:00,21.6,Fitzroy Gardens,507,45.8,88.0,-37.8149218,144.9822582,ENV,REAL_507,Real sensor series - Fitzroy Gardens - board 507,42,real_sensor_board_507,22.026882381536577,0,normal
2015-03-23 01:40:00+00:00,22.6,Fitzroy Gardens,507,40.6,93.7,-37.8149218,144.9822582,ENV,REAL_507,Real sensor series - Fitzroy Gardens - board 507,42,real_sensor_board_507,22.141505905229263,0,normal
2015-03-23 01:50:00+00:00,22.6,Fitzroy Gardens,507,39.6,90.4,-37.8149218,144.9822582,ENV,REAL_507,Real sensor series - Fitzroy Gardens - board 507,42,real_sensor_board_507,22.23320472418341,0,normal
2015-03-23 02:00:00+00:00,22.9,Fitzroy Gardens,507,38.7,92.0,-37.8149218,144.9822582,ENV,REAL_507,Real sensor series - Fitzroy Gardens - board 507,42,real_sensor_board_507,22.366563779346727,0,normal
2015-03-23 02:10:00+00:00,23.5,Fitzroy Gardens,507,33.6,90.4,-37.8149218,144.9822582,ENV,REAL_507,Real sensor series - Fitzroy Gardens - board 507,42,real_sensor_board_507,22.47325102347738,0,normal
2015-03-23 02:20:00+00:00,23.5,Fitzroy Gardens,507,32.7,89.1,-37.8149218,144.9822582,ENV,REAL_507,Real sensor series - Fitzroy Gardens - board 507,42,real_sensor_board_507,22.558600818781905,0,normal
2015-03-23 02:30:00+00:00,23.2,Fitzroy Gardens,507,34.3,85.9,-37.8149218,144.9822582,ENV,REAL_507,Real sensor series - Fitzroy Gardens - board 507,42,real_sensor_board_507,22.626880655025523,0,normal
2015-03-23 02:40:00+00:00,23.5,Fitzroy Gardens,507,33.0,85.5,-37.8149218,144.9822582,ENV,REAL_507,Real sensor series - Fitzroy Gardens - board 507,42,real_sensor_board_507,22.68150452402042,0,normal
2015-03-23 02:50:00+00:00,23.9,Fitzroy Gardens,507,34.3,88.5,-37.8149218,144.9822582,ENV,REAL_507,Real sensor series - Fitzroy Gardens - board 507,42,real_sensor_board_507,22.725203619216337,0,normal
2015-03-23 03:05:00+00:00,24.2,Fitzroy Gardens,507,34.7,91.6,-37.8149218,144.9822582,ENV,REAL_507,Real sensor series - Fitzroy Gardens - board 507,42,real_sensor_board_507,22.76016289537307,0,normal
2015-03-23 03:15:00+00:00,24.5,Fitzroy Gardens,507,33.8,90.5,-37.8149218,144.9822582,ENV,REAL_507,Real sensor series - Fitzroy Gardens - board 507,42,real_sensor_board_507,22.788130316298457,0,normal
2015-03-23 03:25:00+00:00,24.8,Fitzroy Gardens,507,34.1,91.4,-37.8149218,144.9822582,ENV,REAL_507,Real sensor series - Fitzroy Gardens - board 507,42,real_sensor_board_507,22.810504253038765,0,normal
2015-03-23 03:35:00+00:00,24.2,Fitzroy Gardens,507,36.3,85.4,-37.8149218,144.9822582,ENV,REAL_507,Real sensor series - Fitzroy Gardens - board 507,42,real_sensor_board_507,22.828403402431015,0,normal
2015-03-23 03:45:00+00:00,24.2,Fitzroy Gardens,507,36.6,87.2,-37.8149218,144.9822582,ENV,REAL_507,Real sensor series - Fitzroy Gardens - board 507,42,real_sensor_board_507,22.84272272194481,0,normal
2015-03-23 03:55:00+00:00,24.8,Fitzroy Gardens,507,35.2,92.6,-37.8149218,144.9822582,ENV,REAL_507,Real sensor series - Fitzroy Gardens - board 507,42,real_sensor_board_507,22.854178177555852,0,normal
2015-03-23 04:35:00+00:00,25.5,Fitzroy Gardens,507,37.4,92.7,-37.8149218,144.9822582,ENV,REAL_507,Real sensor series - Fitzroy Gardens - board 507,42,real_sensor_board_507,22.863342542044684,0,normal
2015-03-23 05:05:00+00:00,26.1,Fitzroy Gardens,507,36.3,94.5,-37.8149218,144.9822582,ENV,REAL_507,Real sensor series - Fitzroy Gardens - board 507,42,real_sensor_board_507,22.87067403363575,0,normal
2015-03-23 05:15:00+00:00,26.5,Fitzroy Gardens,507,35.8,95.0,-37.8149218,144.9822582,ENV,REAL_507,Real sensor series - Fitzroy Gardens - board 507,42,real_sensor_board_507,22.876539226908605,1,weak_multivariate_excursion
2015-03-23 05:25:00+00:00,25.8,Fitzroy Gardens,507,36.8,87.8,-37.8149218,144.9822582,ENV,REAL_507,Real sensor series - Fitzroy Gardens - board 507,42,real_sensor_board_507,22.881231381526888,1,weak_multivariate_excursion
2015-03-23 05:35:00+00:00,22.6,Fitzroy Gardens,507,47.8,85.7,-37.8149218,144.9822582,ENV,REAL_507,Real sensor series - Fitzroy Gardens - board 507,42,real_sensor_board_507,22.82498510522151,1,weak_multivariate_excursion
2015-03-23 05:45:00+00:00,21.6,Fitzroy Gardens,507,48.9,87.8,-37.8149218,144.9822582,ENV,REAL_507,Real sensor series - Fitzroy Gardens - board 507,42,real_sensor_board_507,22.57998808417721,0,normal
2015-03-23 05:55:00+00:00,21.3,Fitzroy Gardens,507,50.7,90.5,-37.8149218,144.9822582,ENV,REAL_507,Real sensor series - Fitzroy Gardens - board 507,42,real_sensor_board_507,22.383990467341768,0,normal
2015-03-23 06:10:00+00:00,21.3,Fitzroy Gardens,507,52.2,83.6,-37.8149218,144.9822582,ENV,REAL_507,Real sensor series - Fitzroy Gardens - board 507,42,real_sensor_board_507,22.167192373873416,0,normal
2015-03-23 06:20:00+00:00,21.3,Fitzroy Gardens,507,51.3,89.6,-37.8149218,144.9822582,ENV,REAL_507,Real sensor series - Fitzroy Gardens - board 507,42,real_sensor_board_507,21.993753899098735,0,normal
2015-03-23 06:30:00+00:00,21.0,Fitzroy Gardens,507,51.0,86.5,-37.8149218,144.9822582,ENV,REAL_507,Real sensor series - Fitzroy Gardens - board 507,42,real_sensor_board_507,21.85500311927899,0,normal
2015-03-23 06:40:00+00:00,21.3,Fitzroy Gardens,507,47.3,83.1,-37.8149218,144.9822582,ENV,REAL_507,Real sensor series - Fitzroy Gardens - board 507,42,real_sensor_board_507,21.744002495423196,0,normal
2015-03-23 06:50:00+00:00,21.6,Fitzroy Gardens,507,44.4,87.8,-37.8149218,144.9822582,ENV,REAL_507,Real sensor series - Fitzroy Gardens - board 507,42,real_sensor_board_507,21.65520199633856,0,normal
2015-03-23 07:00:00+00:00,21.3,Fitzroy Gardens,507,45.8,88.6,-37.8149218,144.9822582,ENV,REAL_507,Real sensor series - Fitzroy Gardens - board 507,42,real_sensor_board_507,21.524161597070847,0,normal
2015-03-23 07:10:00+00:00,21.0,Fitzroy Gardens,507,46.4,85.8,-37.8149218,144.9822582,ENV,REAL_507,Real sensor series - Fitzroy Gardens - board 507,42,real_sensor_board_507,21.41932927765668,0,normal
2015-03-23 07:20:00+00:00,20.6,Fitzroy Gardens,507,45.9,84.7,-37.8149218,144.9822582,ENV,REAL_507,Real sensor series - Fitzroy Gardens - board 507,42,real_sensor_board_507,21.255463422125345,0,normal
2015-03-23 07:30:00+00:00,20.3,Fitzroy Gardens,507,44.8,82.7,-37.8149218,144.9822582,ENV,REAL_507,Real sensor series - Fitzroy Gardens - board 507,42,real_sensor_board_507,21.12437073770028,0,normal
2015-03-23 07:40:00+00:00,20.0,Fitzroy Gardens,507,45.3,81.2,-37.8149218,144.9822582,ENV,REAL_507,Real sensor series - Fitzroy Gardens - board 507,42,real_sensor_board_507,20.95949659016022,0,normal
2015-03-23 07:50:00+00:00,20.6,Fitzroy Gardens,507,39.5,80.1,-37.8149218,144.9822582,ENV,REAL_507,Real sensor series - Fitzroy Gardens - board 507,42,real_sensor_board_507,20.767597272128178,1,weak_multivariate_excursion
2015-03-23 08:10:00+00:00,19.7,Fitzroy Gardens,507,41.5,55.5,-37.8149218,144.9822582,ENV,REAL_507,Real sensor series - Fitzroy Gardens - board 507,42,real_sensor_board_507,20.554077817702545,1,weak_multivariate_excursion
2015-03-23 09:00:00+00:00,17.1,Fitzroy Gardens,507,59.3,0.8,-37.8149218,144.9822582,ENV,REAL_507,Real sensor series - Fitzroy Gardens - board 507,42,real_sensor_board_507,20.123262254162036,1,weak_multivariate_excursion
2015-03-23 09:10:00+00:00,17.1,Fitzroy Gardens,507,58.9,0.9,-37.8149218,144.9822582,ENV,REAL_507,Real sensor series - Fitzroy Gardens - board 507,42,real_sensor_board_507,19.77860980332963,1,weak_multivariate_excursion
2015-03-23 09:25:00+00:00,17.1,Fitzroy Gardens,507,59.2,0.9,-37.8149218,144.9822582,ENV,REAL_507,Real sensor series - Fitzroy Gardens - board 507,42,real_sensor_board_507,19.502887842663704,0,normal
2015-03-23 09:35:00+00:00,17.1,Fitzroy Gardens,507,58.2,0.8,-37.8149218,144.9822582,ENV,REAL_507,Real sensor series - Fitzroy Gardens - board 507,42,real_sensor_board_507,19.282310274130964,0,normal
2015-03-23 09:45:00+00:00,16.8,Fitzroy Gardens,507,59.0,0.8,-37.8149218,144.9822582,ENV,REAL_507,Real sensor series - Fitzroy Gardens - board 507,42,real_sensor_board_507,19.10584821930477,0,normal
2015-03-23 09:55:00+00:00,16.8,Fitzroy Gardens,507,59.3,0.8,-37.8149218,144.9822582,ENV,REAL_507,Real sensor series - Fitzroy Gardens - board 507,42,real_sensor_board_507,18.96467857544382,0,normal
2015-03-23 10:05:00+00:00,16.5,Fitzroy Gardens,507,58.4,0.8,-37.8149218,144.9822582,ENV,REAL_507,Real sensor series - Fitzroy Gardens - board 507,42,real_sensor_board_507,18.851742860355056,0,normal
2015-03-23 13:00:00+00:00,14.5,Fitzroy Gardens,507,60.8,0.8,-37.8149218,144.9822582,ENV,REAL_507,Real sensor series - Fitzroy Gardens - board 507,42,real_sensor_board_507,18.761394288284045,0,normal
2015-03-23 16:35:00+00:00,13.5,Fitzroy Gardens,507,51.6,0.8,-37.8149218,144.9822582,ENV,REAL_507,Real sensor series - Fitzroy Gardens - board 507,42,real_sensor_board_507,18.689115430627236,1,weak_multivariate_excursion
2015-03-24 00:55:00+00:00,13.9,Fitzroy Gardens,507,45.5,89.1,-37.8149218,144.9822582,ENV,REAL_507,Real sensor series - Fitzroy Gardens - board 507,42,real_sensor_board_507,18.631292344501787,1,weak_multivariate_excursion
2015-03-24 13:05:00+00:00,12.9,Fitzroy Gardens,507,51.3,0.7,-37.8149218,144.9822582,ENV,REAL_507,Real sensor series - Fitzroy Gardens - board 507,42,real_sensor_board_507,18.585033875601432,1,weak_multivariate_excursion
2015-03-24 16:00:00+00:00,11.6,Fitzroy Gardens,507,58.9,0.8,-37.8149218,144.9822582,ENV,REAL_507,Real sensor series - Fitzroy Gardens - board 507,42,real_sensor_board_507,18.548027100481146,1,weak_multivariate_excursion
2015-03-24 16:10:00+00:00,11.6,Fitzroy Gardens,507,58.5,0.8,-37.8149218,144.9822582,ENV,REAL_507,Real sensor series - Fitzroy Gardens - board 507,42,real_sensor_board_507,18.45842168038492,1,weak_multivariate_excursion
2015-03-25 08:15:00+00:00,15.8,Fitzroy Gardens,507,44.2,57.0,-37.8149218,144.9822582,ENV,REAL_507,Real sensor series - Fitzroy Gardens - board 507,42,real_sensor_board_507,18.386737344307935,1,weak_multivariate_excursion
2015-03-26 00:00:00+00:00,14.8,Fitzroy Gardens,507,34.7,95.1,-37.8149218,144.9822582,ENV,REAL_507,Real sensor series - Fitzroy Gardens - board 507,42,real_sensor_board_507,18.32938987544635,1,weak_multivariate_excursion
2015-03-26 00:30:00+00:00,18.4,Fitzroy Gardens,507,29.1,97.4,-37.8149218,144.9822582,ENV,REAL_507,Real sensor series - Fitzroy Gardens - board 507,42,real_sensor_board_507,18.28351190035708,1,weak_multivariate_excursion
2015-03-26 00:50:00+00:00,20.0,Fitzroy Gardens,507,30.2,97.2,-37.8149218,144.9822582,ENV,REAL_507,Real sensor series - Fitzroy Gardens - board 507,42,real_sensor_board_507,18.246809520285666,0,normal
2015-03-26 01:00:00+00:00,19.4,Fitzroy Gardens,507,27.5,97.0,-37.8149218,144.9822582,ENV,REAL_507,Real sensor series - Fitzroy Gardens - board 507,42,real_sensor_board_507,18.217447616228533,0,normal
2015-03-26 01:10:00+00:00,20.6,Fitzroy Gardens,507,26.5,96.6,-37.8149218,144.9822582,ENV,REAL_507,Real sensor series - Fitzroy Gardens - board 507,42,real_sensor_board_507,18.19395809298283,0,normal
2015-03-26 01:20:00+00:00,20.6,Fitzroy Gardens,507,25.7,96.7,-37.8149218,144.9822582,ENV,REAL_507,Real sensor series - Fitzroy Gardens - board 507,42,real_sensor_board_507,18.175166474386263,0,normal
2015-03-26 01:35:00+00:00,21.0,Fitzroy Gardens,507,25.4,96.6,-37.8149218,144.9822582,ENV,REAL_507,Real sensor series - Fitzroy Gardens - board 507,42,real_sensor_board_507,18.16013317950901,0,normal
2015-03-26 01:45:00+00:00,20.0,Fitzroy Gardens,507,25.3,96.8,-37.8149218,144.9822582,ENV,REAL_507,Real sensor series - Fitzroy Gardens - board 507,42,real_sensor_board_507,18.208106543607208,0,normal
2015-03-26 01:55:00+00:00,18.4,Fitzroy Gardens,507,27.0,94.4,-37.8149218,144.9822582,ENV,REAL_507,Real sensor series - Fitzroy Gardens - board 507,42,real_sensor_board_507,18.246485234885768,0,normal
2015-03-26 02:05:00+00:00,20.0,Fitzroy Gardens,507,24.2,96.8,-37.8149218,144.9822582,ENV,REAL_507,Real sensor series - Fitzroy Gardens - board 507,42,real_sensor_board_507,18.277188187908614,0,normal
2015-03-26 02:15:00+00:00,18.4,Fitzroy Gardens,507,28.0,96.3,-37.8149218,144.9822582,ENV,REAL_507,Real sensor series - Fitzroy Gardens - board 507,42,real_sensor_board_507,18.42175055032689,0,normal
2015-03-26 02:25:00+00:00,20.0,Fitzroy Gardens,507,24.8,96.8,-37.8149218,144.9822582,ENV,REAL_507,Real sensor series - Fitzroy Gardens - board 507,42,real_sensor_board_507,18.617400440261513,0,normal
2015-03-26 02:35:00+00:00,19.4,Fitzroy Gardens,507,24.5,96.9,-37.8149218,144.9822582,ENV,REAL_507,Real sensor series - Fitzroy Gardens - board 507,42,real_sensor_board_507,18.77392035220921,0,normal
2015-03-26 02:45:00+00:00,18.1,Fitzroy Gardens,507,25.3,94.3,-37.8149218,144.9822582,ENV,REAL_507,Real sensor series - Fitzroy Gardens - board 507,42,real_sensor_board_507,18.89913628176737,0,normal
2015-03-26 02:55:00+00:00,19.0,Fitzroy Gardens,507,24.2,94.4,-37.8149218,144.9822582,ENV,REAL_507,Real sensor series - Fitzroy Gardens - board 507,42,real_sensor_board_507,19.119309025413898,0,normal
2015-03-26 03:05:00+00:00,19.4,Fitzroy Gardens,507,22.3,94.3,-37.8149218,144.9822582,ENV,REAL_507,Real sensor series - Fitzroy Gardens - board 507,42,real_sensor_board_507,19.29544722033112,0,normal
2015-03-26 03:25:00+00:00,20.0,Fitzroy Gardens,507,24.3,97.2,-37.8149218,144.9822582,ENV,REAL_507,Real sensor series - Fitzroy Gardens - board 507,42,real_sensor_board_507,19.4363577762649,1,weak_multivariate_excursion
2015-03-26 03:35:00+00:00,16.8,Fitzroy Gardens,507,26.9,93.2,-37.8149218,144.9822582,ENV,REAL_507,Real sensor series - Fitzroy Gardens - board 507,42,real_sensor_board_507,19.54908622101192,1,weak_multivariate_excursion
2015-03-26 03:55:00+00:00,17.1,Fitzroy Gardens,507,26.7,93.9,-37.8149218,144.9822582,ENV,REAL_507,Real sensor series - Fitzroy Gardens - board 507,42,real_sensor_board_507,19.639268976809536,1,weak_multivariate_excursion
2015-03-27 23:55:00+00:00,14.8,Fitzroy Gardens,507,45.9,94.1,-37.8149218,144.9822582,ENV,REAL_507,Real sensor series - Fitzroy Gardens - board 507,42,real_sensor_board_507,19.711415181447627,1,weak_multivariate_excursion
2015-03-28 00:55:00+00:00,15.5,Fitzroy Gardens,507,47.5,93.2,-37.8149218,144.9822582,ENV,REAL_507,Real sensor series - Fitzroy Gardens - board 507,42,real_sensor_board_507,19.769132145158103,1,weak_multivariate_excursion
2015-03-28 01:05:00+00:00,15.5,Fitzroy Gardens,507,45.1,93.4,-37.8149218,144.9822582,ENV,REAL_507,Real sensor series - Fitzroy Gardens - board 507,42,real_sensor_board_507,19.695305716126484,1,weak_multivariate_excursion
2015-03-28 03:50:00+00:00,22.9,Fitzroy Gardens,507,33.3,97.3,-37.8149218,144.9822582,ENV,REAL_507,Real sensor series - Fitzroy Gardens - board 507,42,real_sensor_board_507,19.636244572901187,1,weak_multivariate_excursion
2015-03-28 04:40:00+00:00,21.6,Fitzroy Gardens,507,32.5,96.7,-37.8149218,144.9822582,ENV,REAL_507,Real sensor series - Fitzroy Gardens - board 507,42,real_sensor_board_507,19.508995658320952,1,weak_multivariate_excursion
2015-03-28 05:05:00+00:00,20.3,Fitzroy Gardens,507,35.1,95.7,-37.8149218,144.9822582,ENV,REAL_507,Real sensor series - Fitzroy Gardens - board 507,42,real_sensor_board_507,19.40719652665676,0,normal
2015-03-28 05:15:00+00:00,20.3,Fitzroy Gardens,507,35.8,96.2,-37.8149218,144.9822582,ENV,REAL_507,Real sensor series - Fitzroy Gardens - board 507,42,real_sensor_board_507,19.20575722132541,0,normal
2015-03-28 05:35:00+00:00,20.6,Fitzroy Gardens,507,34.6,96.4,-37.8149218,144.9822582,ENV,REAL_507,Real sensor series - Fitzroy Gardens - board 507,42,real_sensor_board_507,18.984605777060327,0,normal
2015-03-28 05:45:00+00:00,20.3,Fitzroy Gardens,507,33.3,96.4,-37.8149218,144.9822582,ENV,REAL_507,Real sensor series - Fitzroy Gardens - board 507,42,real_sensor_board_507,18.667684621648263,0,normal
2015-03-28 05:55:00+00:00,20.3,Fitzroy Gardens,507,33.5,96.5,-37.8149218,144.9822582,ENV,REAL_507,Real sensor series - Fitzroy Gardens - board 507,42,real_sensor_board_507,18.354147697318613,0,normal
2015-03-28 06:05:00+00:00,21.0,Fitzroy Gardens,507,32.8,96.5,-37.8149218,144.9822582,ENV,REAL_507,Real sensor series - Fitzroy Gardens - board 507,42,real_sensor_board_507,18.103318157854893,0,normal
2015-03-28 06:15:00+00:00,21.0,Fitzroy Gardens,507,33.0,96.5,-37.8149218,144.9822582,ENV,REAL_507,Real sensor series - Fitzroy Gardens - board 507,42,real_sensor_board_507,17.902654526283918,0,normal
2015-03-28 06:25:00+00:00,20.3,Fitzroy Gardens,507,34.6,96.4,-37.8149218,144.9822582,ENV,REAL_507,Real sensor series - Fitzroy Gardens - board 507,42,real_sensor_board_507,17.742123621027137,1,weak_multivariate_excursion
2015-03-29 08:25:00+00:00,17.1,Fitzroy Gardens,507,50.8,24.2,-37.8149218,144.9822582,ENV,REAL_507,Real sensor series - Fitzroy Gardens - board 507,42,real_sensor_board_507,17.61369889682171,1,weak_multivariate_excursion
2015-03-29 17:00:00+00:00,10.6,Fitzroy Gardens,507,62.3,0.9,-37.8149218,144.9822582,ENV,REAL_507,Real sensor series - Fitzroy Gardens - board 507,42,real_sensor_board_507,17.510959117457368,1,weak_multivariate_excursion
2015-03-29 23:00:00+00:00,13.9,Fitzroy Gardens,507,54.8,91.2,-37.8149218,144.9822582,ENV,REAL_507,Real sensor series - Fitzroy Gardens - board 507,42,real_sensor_board_507,17.428767293965898,1,weak_multivariate_excursion
2015-03-29 23:50:00+00:00,17.1,Fitzroy Gardens,507,45.3,93.7,-37.8149218,144.9822582,ENV,REAL_507,Real sensor series - Fitzroy Gardens - board 507,42,real_sensor_board_507,17.36301383517272,1,weak_multivariate_excursion
2015-03-30 09:05:00+00:00,16.5,Fitzroy Gardens,507,55.1,0.7,-37.8149218,144.9822582,ENV,REAL_507,Real sensor series - Fitzroy Gardens - board 507,42,real_sensor_board_507,17.370411068138175,1,weak_multivariate_excursion
2015-03-30 09:15:00+00:00,16.1,Fitzroy Gardens,507,57.6,0.7,-37.8149218,144.9822582,ENV,REAL_507,Real sensor series - Fitzroy Gardens - board 507,42,real_sensor_board_507,17.95632885451054,1,weak_multivariate_excursion
2015-03-30 09:25:00+00:00,17.1,Fitzroy Gardens,507,50.8,0.7,-37.8149218,144.9822582,ENV,REAL_507,Real sensor series - Fitzroy Gardens - board 507,42,real_sensor_board_507,18.425063083608435,0,normal
2015-03-30 09:35:00+00:00,17.4,Fitzroy Gardens,507,47.7,0.7,-37.8149218,144.9822582,ENV,REAL_507,Real sensor series - Fitzroy Gardens - board 507,42,real_sensor_board_507,18.800050466886752,0,normal
2015-03-30 09:45:00+00:00,17.1,Fitzroy Gardens,507,48.8,0.7,-37.8149218,144.9822582,ENV,REAL_507,Real sensor series - Fitzroy Gardens - board 507,42,real_sensor_board_507,19.1000403735094,0,normal
2015-03-30 09:55:00+00:00,16.5,Fitzroy Gardens,507,51.1,0.7,-37.8149218,144.9822582,ENV,REAL_507,Real sensor series - Fitzroy Gardens - board 507,42,real_sensor_board_507,19.34003229880752,0,normal
2015-03-30 10:05:00+00:00,16.1,Fitzroy Gardens,507,52.2,0.7,-37.8149218,144.9822582,ENV,REAL_507,Real sensor series - Fitzroy Gardens - board 507,42,real_sensor_board_507,19.53202583904602,0,normal
2015-03-30 10:15:00+00:00,15.5,Fitzroy Gardens,507,53.0,0.7,-37.8149218,144.9822582,ENV,REAL_507,Real sensor series - Fitzroy Gardens - board 507,42,real_sensor_board_507,19.68562067123682,0,normal
2015-03-30 10:25:00+00:00,15.5,Fitzroy Gardens,507,53.8,0.7,-37.8149218,144.9822582,ENV,REAL_507,Real sensor series - Fitzroy Gardens - board 507,42,real_sensor_board_507,19.80849653698946,1,weak_multivariate_excursion
2015-03-30 11:50:00+00:00,13.9,Fitzroy Gardens,507,58.1,0.8,-37.8149218,144.9822582,ENV,REAL_507,Real sensor series - Fitzroy Gardens - board 507,42,real_sensor_board_507,19.906797229591568,1,weak_multivariate_excursion
2015-03-30 13:00:00+00:00,13.2,Fitzroy Gardens,507,59.5,0.8,-37.8149218,144.9822582,ENV,REAL_507,Real sensor series - Fitzroy Gardens - board 507,42,real_sensor_board_507,19.985437783673255,1,weak_multivariate_excursion
2015-03-31 00:50:00+00:00,24.2,Fitzroy Gardens,507,37.4,96.9,-37.8149218,144.9822582,ENV,REAL_507,Real sensor series - Fitzroy Gardens - board 507,42,real_sensor_board_507,20.828350226938603,1,weak_multivariate_excursion
2015-03-31 01:00:00+00:00,25.8,Fitzroy Gardens,507,35.4,96.7,-37.8149218,144.9822582,ENV,REAL_507,Real sensor series - Fitzroy Gardens - board 507,42,real_sensor_board_507,21.56268018155088,1,weak_multivariate_excursion
2015-03-31 01:10:00+00:00,26.1,Fitzroy Gardens,507,34.9,96.6,-37.8149218,144.9822582,ENV,REAL_507,Real sensor series - Fitzroy Gardens - board 507,42,real_sensor_board_507,22.290144145240706,0,normal
2015-03-31 01:20:00+00:00,26.5,Fitzroy Gardens,507,34.1,96.6,-37.8149218,144.9822582,ENV,REAL_507,Real sensor series - Fitzroy Gardens - board 507,42,real_sensor_board_507,22.992115316192567,0,normal
2015-03-31 01:30:00+00:00,27.4,Fitzroy Gardens,507,34.7,96.6,-37.8149218,144.9822582,ENV,REAL_507,Real sensor series - Fitzroy Gardens - board 507,42,real_sensor_board_507,23.553692252954054,0,normal
2015-03-31 01:40:00+00:00,27.1,Fitzroy Gardens,507,34.3,96.7,-37.8149218,144.9822582,ENV,REAL_507,Real sensor series - Fitzroy Gardens - board 507,42,real_sensor_board_507,24.002953802363244,0,normal
2015-03-31 01:50:00+00:00,27.4,Fitzroy Gardens,507,32.5,96.7,-37.8149218,144.9822582,ENV,REAL_507,Real sensor series - Fitzroy Gardens - board 507,42,real_sensor_board_507,24.4223630418906,0,normal
2015-03-31 02:00:00+00:00,27.4,Fitzroy Gardens,507,33.2,96.8,-37.8149218,144.9822582,ENV,REAL_507,Real sensor series - Fitzroy Gardens - board 507,42,real_sensor_board_507,24.75789043351248,0,normal
2015-03-31 02:10:00+00:00,27.1,Fitzroy Gardens,507,32.2,96.8,-37.8149218,144.9822582,ENV,REAL_507,Real sensor series - Fitzroy Gardens - board 507,42,real_sensor_board_507,25.026312346809988,0,normal
2015-03-31 02:20:00+00:00,27.7,Fitzroy Gardens,507,30.0,96.8,-37.8149218,144.9822582,ENV,REAL_507,Real sensor series - Fitzroy Gardens - board 507,42,real_sensor_board_507,25.241049877447992,0,normal
2015-03-31 02:30:00+00:00,27.7,Fitzroy Gardens,507,33.3,96.8,-37.8149218,144.9822582,ENV,REAL_507,Real sensor series - Fitzroy Gardens - board 507,42,real_sensor_board_507,25.412839901958392,0,normal
2015-03-31 02:40:00+00:00,25.2,Fitzroy Gardens,507,39.9,96.7,-37.8149218,144.9822582,ENV,REAL_507,Real sensor series - Fitzroy Gardens - board 507,42,real_sensor_board_507,25.55027192156672,0,normal
2015-03-31 02:50:00+00:00,24.5,Fitzroy Gardens,507,39.5,96.7,-37.8149218,144.9822582,ENV,REAL_507,Real sensor series - Fitzroy Gardens - board 507,42,real_sensor_board_507,25.660217537253374,0,normal
2015-03-31 03:00:00+00:00,25.8,Fitzroy Gardens,507,38.0,96.5,-37.8149218,144.9822582,ENV,REAL_507,Real sensor series - Fitzroy Gardens - board 507,42,real_sensor_board_507,25.748174029802698,0,normal
2015-03-31 03:10:00+00:00,26.8,Fitzroy Gardens,507,36.9,96.7,-37.8149218,144.9822582,ENV,REAL_507,Real sensor series - Fitzroy Gardens - board 507,42,real_sensor_board_507,25.81853922384216,0,normal
2015-03-31 03:25:00+00:00,26.5,Fitzroy Gardens,507,37.4,96.8,-37.8149218,144.9822582,ENV,REAL_507,Real sensor series - Fitzroy Gardens - board 507,42,real_sensor_board_507,25.874831379073726,0,normal
2015-03-31 03:35:00+00:00,25.8,Fitzroy Gardens,507,38.8,96.6,-37.8149218,144.9822582,ENV,REAL_507,Real sensor series - Fitzroy Gardens - board 507,42,real_sensor_board_507,25.919865103258985,0,normal
2015-03-31 03:45:00+00:00,26.1,Fitzroy Gardens,507,38.5,96.9,-37.8149218,144.9822582,ENV,REAL_507,Real sensor series - Fitzroy Gardens - board 507,42,real_sensor_board_507,25.955892082607193,0,normal
2015-03-31 03:55:00+00:00,26.1,Fitzroy Gardens,507,37.7,97.0,-37.8149218,144.9822582,ENV,REAL_507,Real sensor series - Fitzroy Gardens - board 507,42,real_sensor_board_507,25.984713666085753,0,normal
2015-03-31 04:25:00+00:00,27.1,Fitzroy Gardens,507,35.5,96.8,-37.8149218,144.9822582,ENV,REAL_507,Real sensor series - Fitzroy Gardens - board 507,42,real_sensor_board_507,26.007770932868603,0,normal
2015-03-31 04:55:00+00:00,26.1,Fitzroy Gardens,507,35.5,96.6,-37.8149218,144.9822582,ENV,REAL_507,Real sensor series - Fitzroy Gardens - board 507,42,real_sensor_board_507,25.966216746294883,0,normal
2015-03-31 05:05:00+00:00,26.5,Fitzroy Gardens,507,34.9,96.5,-37.8149218,144.9822582,ENV,REAL_507,Real sensor series - Fitzroy Gardens - board 507,42,real_sensor_board_507,25.93297339703591,0,normal
2015-03-31 05:15:00+00:00,26.8,Fitzroy Gardens,507,33.5,96.5,-37.8149218,144.9822582,ENV,REAL_507,Real sensor series - Fitzroy Gardens - board 507,42,real_sensor_board_507,25.90637871762873,0,normal
2015-03-31 05:25:00+00:00,26.5,Fitzroy Gardens,507,35.1,96.4,-37.8149218,144.9822582,ENV,REAL_507,Real sensor series - Fitzroy Gardens - board 507,42,real_sensor_board_507,25.885102974102985,0,normal
2015-03-31 05:35:00+00:00,25.8,Fitzroy Gardens,507,34.6,96.3,-37.8149218,144.9822582,ENV,REAL_507,Real sensor series - Fitzroy Gardens - board 507,42,real_sensor_board_507,25.868082379282388,0,normal
2015-03-31 05:45:00+00:00,25.8,Fitzroy Gardens,507,36.3,96.2,-37.8149218,144.9822582,ENV,REAL_507,Real sensor series - Fitzroy Gardens - board 507,42,real_sensor_board_507,25.85446590342591,0,normal
2015-03-31 05:55:00+00:00,25.8,Fitzroy Gardens,507,36.2,96.2,-37.8149218,144.9822582,ENV,REAL_507,Real sensor series - Fitzroy Gardens - board 507,42,real_sensor_board_507,25.72357272274073,0,normal
2015-03-31 06:05:00+00:00,25.8,Fitzroy Gardens,507,36.9,96.1,-37.8149218,144.9822582,ENV,REAL_507,Real sensor series - Fitzroy Gardens - board 507,42,real_sensor_board_507,25.538858178192587,0,normal
2015-03-31 06:15:00+00:00,24.8,Fitzroy Gardens,507,40.6,95.9,-37.8149218,144.9822582,ENV,REAL_507,Real sensor series - Fitzroy Gardens - board 507,42,real_sensor_board_507,25.39108654255407,0,normal
2015-03-31 06:30:00+00:00,24.2,Fitzroy Gardens,507,41.2,96.0,-37.8149218,144.9822582,ENV,REAL_507,Real sensor series - Fitzroy Gardens - board 507,42,real_sensor_board_507,25.15286923404326,0,normal
2015-03-31 06:40:00+00:00,23.5,Fitzroy Gardens,507,42.6,95.7,-37.8149218,144.9822582,ENV,REAL_507,Real sensor series - Fitzroy Gardens - board 507,42,real_sensor_board_507,24.962295387234608,0,normal
2015-03-31 06:50:00+00:00,23.2,Fitzroy Gardens,507,42.6,95.5,-37.8149218,144.9822582,ENV,REAL_507,Real sensor series - Fitzroy Gardens - board 507,42,real_sensor_board_507,24.809836309787688,0,normal
2015-03-31 07:00:00+00:00,22.9,Fitzroy Gardens,507,41.5,94.9,-37.8149218,144.9822582,ENV,REAL_507,Real sensor series - Fitzroy Gardens - board 507,42,real_sensor_board_507,24.68786904783015,1,weak_multivariate_excursion
2015-03-31 07:10:00+00:00,21.6,Fitzroy Gardens,507,45.6,86.7,-37.8149218,144.9822582,ENV,REAL_507,Real sensor series - Fitzroy Gardens - board 507,42,real_sensor_board_507,24.450295238264122,1,weak_multivariate_excursion
2015-03-31 07:20:00+00:00,21.0,Fitzroy Gardens,507,47.5,84.4,-37.8149218,144.9822582,ENV,REAL_507,Real sensor series - Fitzroy Gardens - board 507,42,real_sensor_board_507,24.2002361906113,1,weak_multivariate_excursion
2015-03-31 07:30:00+00:00,20.6,Fitzroy Gardens,507,45.0,81.4,-37.8149218,144.9822582,ENV,REAL_507,Real sensor series - Fitzroy Gardens - board 507,42,real_sensor_board_507,23.940188952489038,0,normal
2015-03-31 07:40:00+00:00,20.0,Fitzroy Gardens,507,49.4,77.6,-37.8149218,144.9822582,ENV,REAL_507,Real sensor series - Fitzroy Gardens - board 507,42,real_sensor_board_507,23.732151161991233,0,normal
2015-03-31 07:50:00+00:00,19.4,Fitzroy Gardens,507,53.8,73.9,-37.8149218,144.9822582,ENV,REAL_507,Real sensor series - Fitzroy Gardens - board 507,42,real_sensor_board_507,23.505720929592986,1,weak_multivariate_excursion
2015-03-31 08:00:00+00:00,19.0,Fitzroy Gardens,507,55.4,65.6,-37.8149218,144.9822582,ENV,REAL_507,Real sensor series - Fitzroy Gardens - board 507,42,real_sensor_board_507,23.12457674367439,1,weak_multivariate_excursion
2015-03-31 08:10:00+00:00,18.7,Fitzroy Gardens,507,57.1,45.4,-37.8149218,144.9822582,ENV,REAL_507,Real sensor series - Fitzroy Gardens - board 507,42,real_sensor_board_507,22.819661394939512,1,weak_multivariate_excursion
2015-03-31 13:10:00+00:00,16.1,Fitzroy Gardens,507,60.8,0.8,-37.8149218,144.9822582,ENV,REAL_507,Real sensor series - Fitzroy Gardens - board 507,42,real_sensor_board_507,22.45572911595161,1,weak_multivariate_excursion
2015-03-31 23:05:00+00:00,20.6,Fitzroy Gardens,507,42.5,92.9,-37.8149218,144.9822582,ENV,REAL_507,Real sensor series - Fitzroy Gardens - board 507,42,real_sensor_board_507,22.084583292761288,1,weak_multivariate_excursion
2015-03-31 23:25:00+00:00,21.6,Fitzroy Gardens,507,41.5,94.1,-37.8149218,144.9822582,ENV,REAL_507,Real sensor series - Fitzroy Gardens - board 507,42,real_sensor_board_507,21.78766663420903,1,weak_multivariate_excursion
2015-03-31 23:35:00+00:00,24.2,Fitzroy Gardens,507,37.6,97.1,-37.8149218,144.9822582,ENV,REAL_507,Real sensor series - Fitzroy Gardens - board 507,42,real_sensor_board_507,21.430133307367225,1,weak_multivariate_excursion
2015-03-31 23:45:00+00:00,22.6,Fitzroy Gardens,507,39.5,93.9,-37.8149218,144.9822582,ENV,REAL_507,Real sensor series - Fitzroy Gardens - board 507,42,real_sensor_board_507,21.144106645893782,1,weak_multivariate_excursion
2015-03-31 23:55:00+00:00,22.9,Fitzroy Gardens,507,39.8,94.5,-37.8149218,144.9822582,ENV,REAL_507,Real sensor series - Fitzroy Gardens - board 507,42,real_sensor_board_507,20.795285316715024,1,weak_multivariate_excursion
2015-04-01 00:15:00+00:00,25.5,Fitzroy Gardens,507,36.0,96.6,-37.8149218,144.9822582,ENV,REAL_507,Real sensor series - Fitzroy Gardens - board 507,42,real_sensor_board_507,20.436228253372022,1,weak_multivariate_excursion
2015-04-01 08:10:00+00:00,26.1,Fitzroy Gardens,507,26.5,38.1,-37.8149218,144.9822582,ENV,REAL_507,Real sensor series - Fitzroy Gardens - board 507,42,real_sensor_board_507,20.148982602697618,1,weak_multivariate_excursion
2015-04-01 13:05:00+00:00,20.0,Fitzroy Gardens,507,50.2,0.7,-37.8149218,144.9822582,ENV,REAL_507,Real sensor series - Fitzroy Gardens - board 507,42,real_sensor_board_507,19.859186082158097,1,weak_multivariate_excursion
2015-04-01 13:25:00+00:00,19.0,Fitzroy Gardens,507,54.6,0.7,-37.8149218,144.9822582,ENV,REAL_507,Real sensor series - Fitzroy Gardens - board 507,42,real_sensor_board_507,19.62734886572648,1,weak_multivariate_excursion
2015-04-01 13:35:00+00:00,18.7,Fitzroy Gardens,507,55.7,0.8,-37.8149218,144.9822582,ENV,REAL_507,Real sensor series - Fitzroy Gardens - board 507,42,real_sensor_board_507,19.381879092581183,0,normal
2015-04-01 13:45:00+00:00,18.4,Fitzroy Gardens,507,57.3,0.8,-37.8149218,144.9822582,ENV,REAL_507,Real sensor series - Fitzroy Gardens - board 507,42,real_sensor_board_507,19.18550327406495,0,normal
2015-04-01 13:55:00+00:00,18.1,Fitzroy Gardens,507,58.2,0.8,-37.8149218,144.9822582,ENV,REAL_507,Real sensor series - Fitzroy Gardens - board 507,42,real_sensor_board_507,19.02840261925196,0,normal
2015-04-01 14:05:00+00:00,18.1,Fitzroy Gardens,507,57.6,0.8,-37.8149218,144.9822582,ENV,REAL_507,Real sensor series - Fitzroy Gardens - board 507,42,real_sensor_board_507,18.90272209540157,0,normal
2015-04-01 14:15:00+00:00,18.4,Fitzroy Gardens,507,57.1,0.9,-37.8149218,144.9822582,ENV,REAL_507,Real sensor series - Fitzroy Gardens - board 507,42,real_sensor_board_507,18.802177676321257,0,normal
2015-04-01 14:30:00+00:00,18.4,Fitzroy Gardens,507,56.8,0.9,-37.8149218,144.9822582,ENV,REAL_507,Real sensor series - Fitzroy Gardens - board 507,42,real_sensor_board_507,18.661742141057008,0,normal
2015-04-01 14:40:00+00:00,18.4,Fitzroy Gardens,507,57.0,0.9,-37.8149218,144.9822582,ENV,REAL_507,Real sensor series - Fitzroy Gardens - board 507,42,real_sensor_board_507,18.549393712845607,0,normal
2015-04-01 14:50:00+00:00,18.4,Fitzroy Gardens,507,57.3,0.9,-37.8149218,144.9822582,ENV,REAL_507,Real sensor series - Fitzroy Gardens - board 507,42,real_sensor_board_507,18.459514970276487,0,normal
2015-04-01 15:10:00+00:00,16.8,Fitzroy Gardens,507,57.1,1.0,-37.8149218,144.9822582,ENV,REAL_507,Real sensor series - Fitzroy Gardens - board 507,42,real_sensor_board_507,18.38761197622119,0,normal
2015-04-01 15:20:00+00:00,16.5,Fitzroy Gardens,507,57.8,1.0,-37.8149218,144.9822582,ENV,REAL_507,Real sensor series - Fitzroy Gardens - board 507,42,real_sensor_board_507,18.330089580976953,0,normal
2015-04-01 15:30:00+00:00,16.1,Fitzroy Gardens,507,55.9,1.0,-37.8149218,144.9822582,ENV,REAL_507,Real sensor series - Fitzroy Gardens - board 507,42,real_sensor_board_507,18.284071664781564,0,normal
2015-04-01 15:40:00+00:00,15.8,Fitzroy Gardens,507,55.2,1.0,-37.8149218,144.9822582,ENV,REAL_507,Real sensor series - Fitzroy Gardens - board 507,42,real_sensor_board_507,18.16725733182525,0,normal
2015-04-01 15:50:00+00:00,15.5,Fitzroy Gardens,507,56.0,1.0,-37.8149218,144.9822582,ENV,REAL_507,Real sensor series - Fitzroy Gardens - board 507,42,real_sensor_board_507,18.013805865460203,0,normal
2015-04-01 16:50:00+00:00,14.2,Fitzroy Gardens,507,57.9,0.9,-37.8149218,144.9822582,ENV,REAL_507,Real sensor series - Fitzroy Gardens - board 507,42,real_sensor_board_507,17.891044692368162,0,normal
2015-04-01 18:15:00+00:00,13.2,Fitzroy Gardens,507,57.8,0.9,-37.8149218,144.9822582,ENV,REAL_507,Real sensor series - Fitzroy Gardens - board 507,42,real_sensor_board_507,17.79283575389453,1,weak_multivariate_excursion
2015-04-02 00:45:00+00:00,16.5,Fitzroy Gardens,507,36.6,96.6,-37.8149218,144.9822582,ENV,REAL_507,Real sensor series - Fitzroy Gardens - board 507,42,real_sensor_board_507,17.714268603115624,1,weak_multivariate_excursion
2015-04-02 01:05:00+00:00,18.1,Fitzroy Gardens,507,37.1,97.0,-37.8149218,144.9822582,ENV,REAL_507,Real sensor series - Fitzroy Gardens - board 507,42,real_sensor_board_507,17.6514148824925,1,weak_multivariate_excursion
2015-04-02 01:15:00+00:00,17.1,Fitzroy Gardens,507,37.9,96.7,-37.8149218,144.9822582,ENV,REAL_507,Real sensor series - Fitzroy Gardens - board 507,42,real_sensor_board_507,17.601131905994,0,normal
2015-04-02 01:25:00+00:00,17.4,Fitzroy Gardens,507,36.2,95.1,-37.8149218,144.9822582,ENV,REAL_507,Real sensor series - Fitzroy Gardens - board 507,42,real_sensor_board_507,17.5609055247952,0,normal
2015-04-02 01:35:00+00:00,18.1,Fitzroy Gardens,507,35.8,96.7,-37.8149218,144.9822582,ENV,REAL_507,Real sensor series - Fitzroy Gardens - board 507,42,real_sensor_board_507,17.52872441983616,0,normal
2015-04-02 01:45:00+00:00,17.7,Fitzroy Gardens,507,36.3,93.7,-37.8149218,144.9822582,ENV,REAL_507,Real sensor series - Fitzroy Gardens - board 507,42,real_sensor_board_507,17.502979535868928,0,normal
2015-04-02 01:55:00+00:00,15.5,Fitzroy Gardens,507,39.8,92.7,-37.8149218,144.9822582,ENV,REAL_507,Real sensor series - Fitzroy Gardens - board 507,42,real_sensor_board_507,17.482383628695143,1,weak_multivariate_excursion
2015-04-02 02:05:00+00:00,19.0,Fitzroy Gardens,507,33.2,96.7,-37.8149218,144.9822582,ENV,REAL_507,Real sensor series - Fitzroy Gardens - board 507,42,real_sensor_board_507,17.465906902956114,1,weak_multivariate_excursion
2015-04-02 02:15:00+00:00,17.4,Fitzroy Gardens,507,33.5,96.9,-37.8149218,144.9822582,ENV,REAL_507,Real sensor series - Fitzroy Gardens - board 507,42,real_sensor_board_507,17.45272552236489,1,weak_multivariate_excursion
2015-04-02 02:25:00+00:00,16.1,Fitzroy Gardens,507,38.0,96.4,-37.8149218,144.9822582,ENV,REAL_507,Real sensor series - Fitzroy Gardens - board 507,42,real_sensor_board_507,17.44218041789191,0,normal
2015-04-02 02:35:00+00:00,17.1,Fitzroy Gardens,507,34.9,96.6,-37.8149218,144.9822582,ENV,REAL_507,Real sensor series - Fitzroy Gardens - board 507,42,real_sensor_board_507,17.49374433431353,0,normal
2015-04-02 02:45:00+00:00,16.5,Fitzroy Gardens,507,35.2,96.8,-37.8149218,144.9822582,ENV,REAL_507,Real sensor series - Fitzroy Gardens - board 507,42,real_sensor_board_507,17.534995467450823,0,normal
2015-04-02 02:55:00+00:00,16.8,Fitzroy Gardens,507,39.2,96.5,-37.8149218,144.9822582,ENV,REAL_507,Real sensor series - Fitzroy Gardens - board 507,42,real_sensor_board_507,17.56799637396066,0,normal
2015-04-02 03:05:00+00:00,17.7,Fitzroy Gardens,507,34.1,96.4,-37.8149218,144.9822582,ENV,REAL_507,Real sensor series - Fitzroy Gardens - board 507,42,real_sensor_board_507,17.59439709916853,0,normal
2015-04-02 03:20:00+00:00,17.7,Fitzroy Gardens,507,33.6,96.5,-37.8149218,144.9822582,ENV,REAL_507,Real sensor series - Fitzroy Gardens - board 507,42,real_sensor_board_507,17.695517679334824,0,normal
2015-04-02 03:30:00+00:00,18.1,Fitzroy Gardens,507,33.5,96.7,-37.8149218,144.9822582,ENV,REAL_507,Real sensor series - Fitzroy Gardens - board 507,42,real_sensor_board_507,17.77641414346786,0,normal
2015-04-02 03:40:00+00:00,17.7,Fitzroy Gardens,507,32.2,96.8,-37.8149218,144.9822582,ENV,REAL_507,Real sensor series - Fitzroy Gardens - board 507,42,real_sensor_board_507,17.84113131477429,1,weak_multivariate_excursion
2015-04-03 12:30:00+00:00,10.6,Fitzroy Gardens,507,64.7,0.8,-37.8149218,144.9822582,ENV,REAL_507,Real sensor series - Fitzroy Gardens - board 507,42,real_sensor_board_507,18.072905051819433,1,weak_multivariate_excursion
2015-04-04 00:05:00+00:00,19.7,Fitzroy Gardens,507,42.8,97.1,-37.8149218,144.9822582,ENV,REAL_507,Real sensor series - Fitzroy Gardens - board 507,42,real_sensor_board_507,18.25832404145555,1,weak_multivariate_excursion
2015-04-04 00:50:00+00:00,23.5,Fitzroy Gardens,507,39.3,96.6,-37.8149218,144.9822582,ENV,REAL_507,Real sensor series - Fitzroy Gardens - board 507,42,real_sensor_board_507,18.40665923316444,1,weak_multivariate_excursion
2015-04-04 01:00:00+00:00,25.5,Fitzroy Gardens,507,37.6,96.4,-37.8149218,144.9822582,ENV,REAL_507,Real sensor series - Fitzroy Gardens - board 507,42,real_sensor_board_507,18.525327386531554,1,weak_multivariate_excursion
2015-04-04 01:10:00+00:00,22.3,Fitzroy Gardens,507,39.6,95.5,-37.8149218,144.9822582,ENV,REAL_507,Real sensor series - Fitzroy Gardens - board 507,42,real_sensor_board_507,18.620261909225245,1,weak_multivariate_excursion
2015-04-04 01:20:00+00:00,22.9,Fitzroy Gardens,507,37.9,95.9,-37.8149218,144.9822582,ENV,REAL_507,Real sensor series - Fitzroy Gardens - board 507,42,real_sensor_board_507,18.8362095273802,1,weak_multivariate_excursion
2015-04-04 01:30:00+00:00,23.2,Fitzroy Gardens,507,36.9,95.9,-37.8149218,144.9822582,ENV,REAL_507,Real sensor series - Fitzroy Gardens - board 507,42,real_sensor_board_507,19.00896762190416,0,normal
2015-04-04 01:40:00+00:00,22.9,Fitzroy Gardens,507,35.7,95.5,-37.8149218,144.9822582,ENV,REAL_507,Real sensor series - Fitzroy Gardens - board 507,42,real_sensor_board_507,19.14717409752333,0,normal
2015-04-04 01:50:00+00:00,23.5,Fitzroy Gardens,507,36.5,96.4,-37.8149218,144.9822582,ENV,REAL_507,Real sensor series - Fitzroy Gardens - board 507,42,real_sensor_board_507,19.257739278018665,0,normal
2015-04-04 02:00:00+00:00,22.3,Fitzroy Gardens,507,37.9,95.6,-37.8149218,144.9822582,ENV,REAL_507,Real sensor series - Fitzroy Gardens - board 507,42,real_sensor_board_507,19.346191422414933,0,normal
2015-04-04 02:10:00+00:00,20.6,Fitzroy Gardens,507,40.4,95.3,-37.8149218,144.9822582,ENV,REAL_507,Real sensor series - Fitzroy Gardens - board 507,42,real_sensor_board_507,19.416953137931948,0,normal
2015-04-04 02:20:00+00:00,20.0,Fitzroy Gardens,507,42.6,94.1,-37.8149218,144.9822582,ENV,REAL_507,Real sensor series - Fitzroy Gardens - board 507,42,real_sensor_board_507,19.47356251034556,0,normal
2015-04-04 02:30:00+00:00,19.7,Fitzroy Gardens,507,44.2,94.3,-37.8149218,144.9822582,ENV,REAL_507,Real sensor series - Fitzroy Gardens - board 507,42,real_sensor_board_507,19.51885000827645,0,normal
2015-04-04 02:40:00+00:00,19.7,Fitzroy Gardens,507,45.9,95.1,-37.8149218,144.9822582,ENV,REAL_507,Real sensor series - Fitzroy Gardens - board 507,42,real_sensor_board_507,19.55508000662116,0,normal
2015-04-04 02:50:00+00:00,19.0,Fitzroy Gardens,507,46.7,94.5,-37.8149218,144.9822582,ENV,REAL_507,Real sensor series - Fitzroy Gardens - board 507,42,real_sensor_board_507,19.58406400529693,0,normal
2015-04-04 03:00:00+00:00,19.0,Fitzroy Gardens,507,47.3,94.6,-37.8149218,144.9822582,ENV,REAL_507,Real sensor series - Fitzroy Gardens - board 507,42,real_sensor_board_507,19.607251204237546,0,normal
2015-04-04 03:10:00+00:00,18.7,Fitzroy Gardens,507,48.0,94.4,-37.8149218,144.9822582,ENV,REAL_507,Real sensor series - Fitzroy Gardens - board 507,42,real_sensor_board_507,19.625800963390038,0,normal
2015-04-04 03:20:00+00:00,19.0,Fitzroy Gardens,507,47.7,94.4,-37.8149218,144.9822582,ENV,REAL_507,Real sensor series - Fitzroy Gardens - board 507,42,real_sensor_board_507,19.50064077071203,0,normal
2015-04-04 03:35:00+00:00,21.9,Fitzroy Gardens,507,43.6,96.9,-37.8149218,144.9822582,ENV,REAL_507,Real sensor series - Fitzroy Gardens - board 507,42,real_sensor_board_507,19.400512616569625,0,normal
2015-04-04 03:45:00+00:00,21.0,Fitzroy Gardens,507,44.7,96.3,-37.8149218,144.9822582,ENV,REAL_507,Real sensor series - Fitzroy Gardens - board 507,42,real_sensor_board_507,19.3204100932557,1,weak_multivariate_excursion
2015-04-04 03:55:00+00:00,23.9,Fitzroy Gardens,507,40.4,97.3,-37.8149218,144.9822582,ENV,REAL_507,Real sensor series - Fitzroy Gardens - board 507,42,real_sensor_board_507,19.19632807460456,1,weak_multivariate_excursion
2015-04-04 08:10:00+00:00,17.7,Fitzroy Gardens,507,42.0,38.7,-37.8149218,144.9822582,ENV,REAL_507,Real sensor series - Fitzroy Gardens - board 507,42,real_sensor_board_507,18.897062459683646,1,weak_multivariate_excursion
2015-04-04 08:20:00+00:00,17.1,Fitzroy Gardens,507,43.3,14.2,-37.8149218,144.9822582,ENV,REAL_507,Real sensor series - Fitzroy Gardens - board 507,42,real_sensor_board_507,18.53764996774692,1,weak_multivariate_excursion
2015-04-04 08:40:00+00:00,16.8,Fitzroy Gardens,507,45.3,0.9,-37.8149218,144.9822582,ENV,REAL_507,Real sensor series - Fitzroy Gardens - board 507,42,real_sensor_board_507,18.190119974197536,1,weak_multivariate_excursion
2015-04-04 09:00:00+00:00,16.1,Fitzroy Gardens,507,47.3,0.7,-37.8149218,144.9822582,ENV,REAL_507,Real sensor series - Fitzroy Gardens - board 507,42,real_sensor_board_507,17.91209597935803,1,weak_multivariate_excursion
2015-04-04 09:10:00+00:00,16.1,Fitzroy Gardens,507,47.7,0.7,-37.8149218,144.9822582,ENV,REAL_507,Real sensor series - Fitzroy Gardens - board 507,42,real_sensor_board_507,17.689676783486423,0,normal
2015-04-04 09:20:00+00:00,16.1,Fitzroy Gardens,507,48.0,0.7,-37.8149218,144.9822582,ENV,REAL_507,Real sensor series - Fitzroy Gardens - board 507,42,real_sensor_board_507,17.51174142678914,0,normal
2015-04-04 09:30:00+00:00,15.8,Fitzroy Gardens,507,49.7,0.8,-37.8149218,144.9822582,ENV,REAL_507,Real sensor series - Fitzroy Gardens - board 507,42,real_sensor_board_507,17.369393141431313,0,normal
2015-04-04 09:40:00+00:00,15.8,Fitzroy Gardens,507,50.3,0.7,-37.8149218,144.9822582,ENV,REAL_507,Real sensor series - Fitzroy Gardens - board 507,42,real_sensor_board_507,17.25551451314505,0,normal
2015-04-04 09:55:00+00:00,15.5,Fitzroy Gardens,507,52.1,0.7,-37.8149218,144.9822582,ENV,REAL_507,Real sensor series - Fitzroy Gardens - board 507,42,real_sensor_board_507,17.16441161051604,0,normal
2015-04-04 12:15:00+00:00,14.5,Fitzroy Gardens,507,63.7,0.7,-37.8149218,144.9822582,ENV,REAL_507,Real sensor series - Fitzroy Gardens - board 507,42,real_sensor_board_507,17.091529288412833,0,normal
2015-04-04 13:00:00+00:00,13.9,Fitzroy Gardens,507,61.4,0.8,-37.8149218,144.9822582,ENV,REAL_507,Real sensor series - Fitzroy Gardens - board 507,42,real_sensor_board_507,17.033223430730267,1,weak_multivariate_excursion
2015-04-05 08:05:00+00:00,14.5,Fitzroy Gardens,507,55.5,23.3,-37.8149218,144.9822582,ENV,REAL_507,Real sensor series - Fitzroy Gardens - board 507,42,real_sensor_board_507,16.986578744584214,1,weak_multivariate_excursion
2015-04-05 13:05:00+00:00,11.3,Fitzroy Gardens,507,65.2,0.8,-37.8149218,144.9822582,ENV,REAL_507,Real sensor series - Fitzroy Gardens - board 507,42,real_sensor_board_507,16.94926299566737,1,weak_multivariate_excursion
2015-04-05 23:00:00+00:00,13.9,Fitzroy Gardens,507,46.7,92.8,-37.8149218,144.9822582,ENV,REAL_507,Real sensor series - Fitzroy Gardens - board 507,42,real_sensor_board_507,16.919410396533898,1,weak_multivariate_excursion
2015-04-06 08:25:00+00:00,13.9,Fitzroy Gardens,507,41.0,5.2,-37.8149218,144.9822582,ENV,REAL_507,Real sensor series - Fitzroy Gardens - board 507,42,real_sensor_board_507,16.895528317227118,1,weak_multivariate_excursion
2015-04-06 23:00:00+00:00,14.8,Fitzroy Gardens,507,54.3,88.4,-37.8149218,144.9822582,ENV,REAL_507,Real sensor series - Fitzroy Gardens - board 507,42,real_sensor_board_507,16.876422653781695,1,weak_multivariate_excursion
2015-04-10 08:55:00+00:00,14.5,Fitzroy Gardens,507,54.4,0.7,-37.8149218,144.9822582,ENV,REAL_507,Real sensor series - Fitzroy Gardens - board 507,42,real_sensor_board_507,16.861138123025356,1,weak_multivariate_excursion
2015-04-10 21:05:00+00:00,11.6,Fitzroy Gardens,507,65.5,75.6,-37.8149218,144.9822582,ENV,REAL_507,Real sensor series - Fitzroy Gardens - board 507,42,real_sensor_board_507,16.848910498420285,1,weak_multivariate_excursion
2015-04-11 00:10:00+00:00,20.6,Fitzroy Gardens,507,45.0,96.6,-37.8149218,144.9822582,ENV,REAL_507,Real sensor series - Fitzroy Gardens - board 507,42,real_sensor_board_507,17.59912839873623,1,weak_multivariate_excursion
2015-04-11 00:50:00+00:00,23.2,Fitzroy Gardens,507,41.5,96.1,-37.8149218,144.9822582,ENV,REAL_507,Real sensor series - Fitzroy Gardens - board 507,42,real_sensor_board_507,18.659302718988982,1,weak_multivariate_excursion
2015-04-11 01:00:00+00:00,23.5,Fitzroy Gardens,507,39.8,96.2,-37.8149218,144.9822582,ENV,REAL_507,Real sensor series - Fitzroy Gardens - board 507,42,real_sensor_board_507,19.567442175191186,1,weak_multivariate_excursion
2015-04-11 01:20:00+00:00,24.2,Fitzroy Gardens,507,37.7,96.4,-37.8149218,144.9822582,ENV,REAL_507,Real sensor series - Fitzroy Gardens - board 507,42,real_sensor_board_507,20.35395374015295,0,normal
2015-04-11 01:30:00+00:00,24.8,Fitzroy Gardens,507,36.5,96.3,-37.8149218,144.9822582,ENV,REAL_507,Real sensor series - Fitzroy Gardens - board 507,42,real_sensor_board_507,20.98316299212236,0,normal
2015-04-11 01:40:00+00:00,22.9,Fitzroy Gardens,507,37.7,96.3,-37.8149218,144.9822582,ENV,REAL_507,Real sensor series - Fitzroy Gardens - board 507,42,real_sensor_board_507,21.486530393697887,0,normal
2015-04-11 01:50:00+00:00,23.9,Fitzroy Gardens,507,36.9,96.2,-37.8149218,144.9822582,ENV,REAL_507,Real sensor series - Fitzroy Gardens - board 507,42,real_sensor_board_507,21.88922431495831,0,normal
2015-04-11 02:00:00+00:00,24.5,Fitzroy Gardens,507,34.6,96.2,-37.8149218,144.9822582,ENV,REAL_507,Real sensor series - Fitzroy Gardens - board 507,42,real_sensor_board_507,22.211379451966646,0,normal
2015-04-11 02:10:00+00:00,24.8,Fitzroy Gardens,507,33.6,96.1,-37.8149218,144.9822582,ENV,REAL_507,Real sensor series - Fitzroy Gardens - board 507,42,real_sensor_board_507,22.469103561573316,0,normal
2015-04-11 02:25:00+00:00,25.8,Fitzroy Gardens,507,31.6,96.1,-37.8149218,144.9822582,ENV,REAL_507,Real sensor series - Fitzroy Gardens - board 507,42,real_sensor_board_507,22.675282849258654,0,normal
2015-04-11 02:35:00+00:00,26.1,Fitzroy Gardens,507,33.2,96.0,-37.8149218,144.9822582,ENV,REAL_507,Real sensor series - Fitzroy Gardens - board 507,42,real_sensor_board_507,22.840226279406924,0,normal
2015-04-11 02:45:00+00:00,27.4,Fitzroy Gardens,507,31.4,95.6,-37.8149218,144.9822582,ENV,REAL_507,Real sensor series - Fitzroy Gardens - board 507,42,real_sensor_board_507,22.97218102352554,0,normal
2015-04-11 02:55:00+00:00,24.5,Fitzroy Gardens,507,31.9,95.1,-37.8149218,144.9822582,ENV,REAL_507,Real sensor series - Fitzroy Gardens - board 507,42,real_sensor_board_507,23.07774481882043,0,normal
2015-04-11 03:05:00+00:00,25.5,Fitzroy Gardens,507,31.9,95.3,-37.8149218,144.9822582,ENV,REAL_507,Real sensor series - Fitzroy Gardens - board 507,42,real_sensor_board_507,23.162195855056346,0,normal
2015-04-11 03:15:00+00:00,27.1,Fitzroy Gardens,507,31.1,95.6,-37.8149218,144.9822582,ENV,REAL_507,Real sensor series - Fitzroy Gardens - board 507,42,real_sensor_board_507,23.22975668404508,0,normal
2015-04-11 03:25:00+00:00,24.5,Fitzroy Gardens,507,31.6,95.8,-37.8149218,144.9822582,ENV,REAL_507,Real sensor series - Fitzroy Gardens - board 507,42,real_sensor_board_507,23.28380534723606,0,normal
2015-04-11 03:35:00+00:00,26.1,Fitzroy Gardens,507,31.1,96.1,-37.8149218,144.9822582,ENV,REAL_507,Real sensor series - Fitzroy Gardens - board 507,42,real_sensor_board_507,23.32704427778885,0,normal
2015-04-11 03:55:00+00:00,25.5,Fitzroy Gardens,507,29.8,96.5,-37.8149218,144.9822582,ENV,REAL_507,Real sensor series - Fitzroy Gardens - board 507,42,real_sensor_board_507,23.361635422231082,0,normal
2015-04-11 04:35:00+00:00,25.5,Fitzroy Gardens,507,36.2,96.3,-37.8149218,144.9822582,ENV,REAL_507,Real sensor series - Fitzroy Gardens - board 507,42,real_sensor_board_507,23.269308337784864,0,normal
2015-04-11 04:55:00+00:00,22.9,Fitzroy Gardens,507,38.8,95.7,-37.8149218,144.9822582,ENV,REAL_507,Real sensor series - Fitzroy Gardens - board 507,42,real_sensor_board_507,23.195446670227895,0,normal
2015-04-11 05:05:00+00:00,21.6,Fitzroy Gardens,507,40.7,94.4,-37.8149218,144.9822582,ENV,REAL_507,Real sensor series - Fitzroy Gardens - board 507,42,real_sensor_board_507,22.936357336182315,0,normal
2015-04-11 05:15:00+00:00,21.9,Fitzroy Gardens,507,42.9,95.4,-37.8149218,144.9822582,ENV,REAL_507,Real sensor series - Fitzroy Gardens - board 507,42,real_sensor_board_507,22.669085868945853,0,normal
2015-04-11 05:30:00+00:00,21.3,Fitzroy Gardens,507,43.9,95.3,-37.8149218,144.9822582,ENV,REAL_507,Real sensor series - Fitzroy Gardens - board 507,42,real_sensor_board_507,22.395268695156684,0,normal
2015-04-11 05:40:00+00:00,21.3,Fitzroy Gardens,507,42.8,94.6,-37.8149218,144.9822582,ENV,REAL_507,Real sensor series - Fitzroy Gardens - board 507,42,real_sensor_board_507,22.17621495612535,0,normal
2015-04-11 05:50:00+00:00,20.3,Fitzroy Gardens,507,41.2,93.9,-37.8149218,144.9822582,ENV,REAL_507,Real sensor series - Fitzroy Gardens - board 507,42,real_sensor_board_507,21.800971964900278,0,normal
2015-04-11 06:00:00+00:00,20.0,Fitzroy Gardens,507,41.8,92.0,-37.8149218,144.9822582,ENV,REAL_507,Real sensor series - Fitzroy Gardens - board 507,42,real_sensor_board_507,21.440777571920222,0,normal
2015-04-11 06:10:00+00:00,19.7,Fitzroy Gardens,507,41.8,91.3,-37.8149218,144.9822582,ENV,REAL_507,Real sensor series - Fitzroy Gardens - board 507,42,real_sensor_board_507,21.09262205753618,0,normal
2015-04-11 06:20:00+00:00,19.0,Fitzroy Gardens,507,44.2,91.1,-37.8149218,144.9822582,ENV,REAL_507,Real sensor series - Fitzroy Gardens - board 507,42,real_sensor_board_507,20.674097646028944,0,normal
2015-04-11 06:30:00+00:00,18.4,Fitzroy Gardens,507,46.9,92.0,-37.8149218,144.9822582,ENV,REAL_507,Real sensor series - Fitzroy Gardens - board 507,42,real_sensor_board_507,20.219278116823155,0,normal
2015-04-11 06:40:00+00:00,17.7,Fitzroy Gardens,507,51.0,91.8,-37.8149218,144.9822582,ENV,REAL_507,Real sensor series - Fitzroy Gardens - board 507,42,real_sensor_board_507,19.715422493458522,0,normal
2015-04-11 06:50:00+00:00,17.1,Fitzroy Gardens,507,56.3,89.9,-37.8149218,144.9822582,ENV,REAL_507,Real sensor series - Fitzroy Gardens - board 507,42,real_sensor_board_507,19.25233799476682,0,normal
2015-04-11 07:00:00+00:00,17.1,Fitzroy Gardens,507,56.7,88.6,-37.8149218,144.9822582,ENV,REAL_507,Real sensor series - Fitzroy Gardens - board 507,42,real_sensor_board_507,18.881870395813454,0,normal
2015-04-11 07:10:00+00:00,16.8,Fitzroy Gardens,507,57.4,90.3,-37.8149218,144.9822582,ENV,REAL_507,Real sensor series - Fitzroy Gardens - board 507,42,real_sensor_board_507,18.585496316650765,0,normal
2015-04-11 07:20:00+00:00,16.8,Fitzroy Gardens,507,57.6,82.5,-37.8149218,144.9822582,ENV,REAL_507,Real sensor series - Fitzroy Gardens - board 507,42,real_sensor_board_507,18.348397053320614,0,normal
2015-04-11 07:30:00+00:00,16.8,Fitzroy Gardens,507,56.3,77.6,-37.8149218,144.9822582,ENV,REAL_507,Real sensor series - Fitzroy Gardens - board 507,42,real_sensor_board_507,18.15871764265649,0,normal
2015-04-11 07:40:00+00:00,16.8,Fitzroy Gardens,507,54.9,71.5,-37.8149218,144.9822582,ENV,REAL_507,Real sensor series - Fitzroy Gardens - board 507,42,real_sensor_board_507,18.006974114125192,1,weak_multivariate_excursion
2015-04-11 20:10:00+00:00,12.3,Fitzroy Gardens,507,55.5,1.0,-37.8149218,144.9822582,ENV,REAL_507,Real sensor series - Fitzroy Gardens - board 507,42,real_sensor_board_507,17.885579291300154,1,weak_multivariate_excursion
2015-04-13 16:30:00+00:00,12.3,Fitzroy Gardens,507,59.6,0.7,-37.8149218,144.9822582,ENV,REAL_507,Real sensor series - Fitzroy Gardens - board 507,42,real_sensor_board_507,17.788463433040125,1,weak_multivariate_excursion
2015-04-13 21:05:00+00:00,11.6,Fitzroy Gardens,507,66.7,51.2,-37.8149218,144.9822582,ENV,REAL_507,Real sensor series - Fitzroy Gardens - board 507,42,real_sensor_board_507,17.7107707464321,1,weak_multivariate_excursion
2015-04-14 01:05:00+00:00,16.5,Fitzroy Gardens,507,55.4,93.2,-37.8149218,144.9822582,ENV,REAL_507,Real sensor series - Fitzroy Gardens - board 507,42,real_sensor_board_507,17.64861659714568,1,weak_multivariate_excursion
2015-04-14 01:15:00+00:00,16.8,Fitzroy Gardens,507,52.9,93.5,-37.8149218,144.9822582,ENV,REAL_507,Real sensor series - Fitzroy Gardens - board 507,42,real_sensor_board_507,17.598893277716545,1,weak_multivariate_excursion
2015-04-14 01:25:00+00:00,16.8,Fitzroy Gardens,507,53.7,91.5,-37.8149218,144.9822582,ENV,REAL_507,Real sensor series - Fitzroy Gardens - board 507,42,real_sensor_board_507,17.559114622173237,0,normal
2015-04-14 01:35:00+00:00,17.1,Fitzroy Gardens,507,53.8,93.2,-37.8149218,144.9822582,ENV,REAL_507,Real sensor series - Fitzroy Gardens - board 507,42,real_sensor_board_507,17.52729169773859,0,normal
2015-04-14 01:45:00+00:00,17.1,Fitzroy Gardens,507,53.2,91.0,-37.8149218,144.9822582,ENV,REAL_507,Real sensor series - Fitzroy Gardens - board 507,42,real_sensor_board_507,17.501833358190872,0,normal
2015-04-14 01:55:00+00:00,17.4,Fitzroy Gardens,507,52.4,93.5,-37.8149218,144.9822582,ENV,REAL_507,Real sensor series - Fitzroy Gardens - board 507,42,real_sensor_board_507,17.481466686552697,0,normal
2015-04-14 02:05:00+00:00,17.4,Fitzroy Gardens,507,52.6,92.1,-37.8149218,144.9822582,ENV,REAL_507,Real sensor series - Fitzroy Gardens - board 507,42,real_sensor_board_507,17.465173349242157,0,normal
2015-04-14 02:15:00+00:00,18.1,Fitzroy Gardens,507,53.0,92.4,-37.8149218,144.9822582,ENV,REAL_507,Real sensor series - Fitzroy Gardens - board 507,42,real_sensor_board_507,17.452138679393727,0,normal
2015-04-14 02:25:00+00:00,18.4,Fitzroy Gardens,507,52.6,93.1,-37.8149218,144.9822582,ENV,REAL_507,Real sensor series - Fitzroy Gardens - board 507,42,real_sensor_board_507,17.44171094351498,0,normal
2015-04-14 02:35:00+00:00,19.4,Fitzroy Gardens,507,50.3,94.9,-37.8149218,144.9822582,ENV,REAL_507,Real sensor series - Fitzroy Gardens - board 507,42,real_sensor_board_507,17.433368754811983,0,normal
2015-04-14 02:45:00+00:00,21.0,Fitzroy Gardens,507,45.3,95.1,-37.8149218,144.9822582,ENV,REAL_507,Real sensor series - Fitzroy Gardens - board 507,42,real_sensor_board_507,17.426695003849588,0,normal
2015-04-14 02:55:00+00:00,20.6,Fitzroy Gardens,507,46.2,94.8,-37.8149218,144.9822582,ENV,REAL_507,Real sensor series - Fitzroy Gardens - board 507,42,real_sensor_board_507,17.42135600307967,0,normal
2015-04-14 03:05:00+00:00,20.6,Fitzroy Gardens,507,45.9,94.6,-37.8149218,144.9822582,ENV,REAL_507,Real sensor series - Fitzroy Gardens - board 507,42,real_sensor_board_507,17.417084802463737,0,normal
2015-04-14 03:15:00+00:00,21.6,Fitzroy Gardens,507,44.4,94.5,-37.8149218,144.9822582,ENV,REAL_507,Real sensor series - Fitzroy Gardens - board 507,42,real_sensor_board_507,17.41366784197099,0,normal
2015-04-14 03:25:00+00:00,21.3,Fitzroy Gardens,507,42.3,93.5,-37.8149218,144.9822582,ENV,REAL_507,Real sensor series - Fitzroy Gardens - board 507,42,real_sensor_board_507,17.410934273576792,0,normal
2015-04-14 03:35:00+00:00,21.0,Fitzroy Gardens,507,40.3,93.8,-37.8149218,144.9822582,ENV,REAL_507,Real sensor series - Fitzroy Gardens - board 507,42,real_sensor_board_507,17.408747418861434,0,normal
2015-04-14 03:45:00+00:00,21.6,Fitzroy Gardens,507,39.8,94.9,-37.8149218,144.9822582,ENV,REAL_507,Real sensor series - Fitzroy Gardens - board 507,42,real_sensor_board_507,17.406997935089148,1,weak_multivariate_excursion
2015-04-14 03:55:00+00:00,22.9,Fitzroy Gardens,507,39.5,96.1,-37.8149218,144.9822582,ENV,REAL_507,Real sensor series - Fitzroy Gardens - board 507,42,real_sensor_board_507,17.40559834807132,1,weak_multivariate_excursion
2015-04-14 08:35:00+00:00,20.0,Fitzroy Gardens,507,41.2,0.8,-37.8149218,144.9822582,ENV,REAL_507,Real sensor series - Fitzroy Gardens - board 507,42,real_sensor_board_507,17.404478678457057,1,weak_multivariate_excursion
2015-04-14 13:00:00+00:00,17.4,Fitzroy Gardens,507,47.7,0.7,-37.8149218,144.9822582,ENV,REAL_507,Real sensor series - Fitzroy Gardens - board 507,42,real_sensor_board_507,17.403582942765645,1,weak_multivariate_excursion
2015-04-14 13:10:00+00:00,17.7,Fitzroy Gardens,507,47.5,0.7,-37.8149218,144.9822582,ENV,REAL_507,Real sensor series - Fitzroy Gardens - board 507,42,real_sensor_board_507,17.402866354212517,0,normal
2015-04-14 13:20:00+00:00,18.4,Fitzroy Gardens,507,45.5,0.7,-37.8149218,144.9822582,ENV,REAL_507,Real sensor series - Fitzroy Gardens - board 507,42,real_sensor_board_507,17.402293083370015,0,normal
2015-04-14 16:15:00+00:00,17.1,Fitzroy Gardens,507,53.3,0.7,-37.8149218,144.9822582,ENV,REAL_507,Real sensor series - Fitzroy Gardens - board 507,42,real_sensor_board_507,17.341834466696014,0,normal
2015-04-14 18:10:00+00:00,16.5,Fitzroy Gardens,507,56.0,0.7,-37.8149218,144.9822582,ENV,REAL_507,Real sensor series - Fitzroy Gardens - board 507,42,real_sensor_board_507,17.293467573356814,0,normal
2015-04-14 20:35:00+00:00,16.8,Fitzroy Gardens,507,55.7,10.6,-37.8149218,144.9822582,ENV,REAL_507,Real sensor series - Fitzroy Gardens - board 507,42,real_sensor_board_507,17.254774058685452,1,weak_multivariate_excursion
2015-04-14 20:55:00+00:00,16.5,Fitzroy Gardens,507,56.7,46.3,-37.8149218,144.9822582,ENV,REAL_507,Real sensor series - Fitzroy Gardens - board 507,42,real_sensor_board_507,17.223819246948363,1,weak_multivariate_excursion
2015-04-14 21:05:00+00:00,16.1,Fitzroy Gardens,507,58.1,63.8,-37.8149218,144.9822582,ENV,REAL_507,Real sensor series - Fitzroy Gardens - board 507,42,real_sensor_board_507,17.19905539755869,1,weak_multivariate_excursion
2015-04-15 08:55:00+00:00,17.1,Fitzroy Gardens,507,59.8,0.7,-37.8149218,144.9822582,ENV,REAL_507,Real sensor series - Fitzroy Gardens - board 507,42,real_sensor_board_507,17.179244318046955,1,weak_multivariate_excursion
2015-04-15 09:05:00+00:00,17.1,Fitzroy Gardens,507,60.4,0.7,-37.8149218,144.9822582,ENV,REAL_507,Real sensor series - Fitzroy Gardens - board 507,42,real_sensor_board_507,17.163395454437566,1,weak_multivariate_excursion
2015-04-15 09:15:00+00:00,17.1,Fitzroy Gardens,507,60.3,0.7,-37.8149218,144.9822582,ENV,REAL_507,Real sensor series - Fitzroy Gardens - board 507,42,real_sensor_board_507,17.150716363550053,0,normal
2015-04-15 09:25:00+00:00,17.1,Fitzroy Gardens,507,60.6,0.7,-37.8149218,144.9822582,ENV,REAL_507,Real sensor series - Fitzroy Gardens - board 507,42,real_sensor_board_507,17.140573090840043,0,normal
2015-04-15 09:35:00+00:00,17.1,Fitzroy Gardens,507,61.5,0.8,-37.8149218,144.9822582,ENV,REAL_507,Real sensor series - Fitzroy Gardens - board 507,42,real_sensor_board_507,17.072458472672036,0,normal
2015-04-15 09:45:00+00:00,17.1,Fitzroy Gardens,507,61.5,0.8,-37.8149218,144.9822582,ENV,REAL_507,Real sensor series - Fitzroy Gardens - board 507,42,real_sensor_board_507,17.01796677813763,0,normal
2015-04-15 09:55:00+00:00,17.1,Fitzroy Gardens,507,62.3,0.9,-37.8149218,144.9822582,ENV,REAL_507,Real sensor series - Fitzroy Gardens - board 507,42,real_sensor_board_507,16.974373422510105,0,normal
2015-04-15 10:05:00+00:00,16.8,Fitzroy Gardens,507,62.3,0.8,-37.8149218,144.9822582,ENV,REAL_507,Real sensor series - Fitzroy Gardens - board 507,42,real_sensor_board_507,16.879498738008085,0,normal
2015-04-15 10:15:00+00:00,16.8,Fitzroy Gardens,507,62.5,0.8,-37.8149218,144.9822582,ENV,REAL_507,Real sensor series - Fitzroy Gardens - board 507,42,real_sensor_board_507,16.803598990406467,0,normal
2015-04-15 10:25:00+00:00,17.1,Fitzroy Gardens,507,62.6,0.9,-37.8149218,144.9822582,ENV,REAL_507,Real sensor series - Fitzroy Gardens - board 507,42,real_sensor_board_507,16.742879192325173,0,normal
2015-04-15 10:45:00+00:00,15.5,Fitzroy Gardens,507,69.3,0.7,-37.8149218,144.9822582,ENV,REAL_507,Real sensor series - Fitzroy Gardens - board 507,42,real_sensor_board_507,16.69430335386014,0,normal
2015-04-15 10:55:00+00:00,15.5,Fitzroy Gardens,507,70.2,0.7,-37.8149218,144.9822582,ENV,REAL_507,Real sensor series - Fitzroy Gardens - board 507,42,real_sensor_board_507,16.65544268308811,0,normal
2015-04-15 11:05:00+00:00,15.5,Fitzroy Gardens,507,70.2,0.7,-37.8149218,144.9822582,ENV,REAL_507,Real sensor series - Fitzroy Gardens - board 507,42,real_sensor_board_507,16.62435414647049,0,normal
2015-04-15 11:15:00+00:00,15.8,Fitzroy Gardens,507,69.6,0.7,-37.8149218,144.9822582,ENV,REAL_507,Real sensor series - Fitzroy Gardens - board 507,42,real_sensor_board_507,16.519483317176395,0,normal
2015-04-15 11:25:00+00:00,16.1,Fitzroy Gardens,507,68.8,0.8,-37.8149218,144.9822582,ENV,REAL_507,Real sensor series - Fitzroy Gardens - board 507,42,real_sensor_board_507,16.43558665374112,0,normal
2015-04-15 11:35:00+00:00,16.5,Fitzroy Gardens,507,68.2,0.8,-37.8149218,144.9822582,ENV,REAL_507,Real sensor series - Fitzroy Gardens - board 507,42,real_sensor_board_507,16.368469322992894,0,normal
2015-04-15 11:45:00+00:00,16.5,Fitzroy Gardens,507,68.5,0.9,-37.8149218,144.9822582,ENV,REAL_507,Real sensor series - Fitzroy Gardens - board 507,42,real_sensor_board_507,16.314775458394315,0,normal
2015-04-15 12:00:00+00:00,16.5,Fitzroy Gardens,507,68.3,0.8,-37.8149218,144.9822582,ENV,REAL_507,Real sensor series - Fitzroy Gardens - board 507,42,real_sensor_board_507,16.271820366715453,0,normal
2015-04-15 13:00:00+00:00,15.5,Fitzroy Gardens,507,71.3,0.8,-37.8149218,144.9822582,ENV,REAL_507,Real sensor series - Fitzroy Gardens - board 507,42,real_sensor_board_507,16.23745629337236,0,normal
2015-04-15 13:10:00+00:00,15.8,Fitzroy Gardens,507,71.6,0.8,-37.8149218,144.9822582,ENV,REAL_507,Real sensor series - Fitzroy Gardens - board 507,42,real_sensor_board_507,16.209965034697888,0,normal
2015-04-15 13:20:00+00:00,15.8,Fitzroy Gardens,507,71.5,0.8,-37.8149218,144.9822582,ENV,REAL_507,Real sensor series - Fitzroy Gardens - board 507,42,real_sensor_board_507,16.187972027758313,0,normal
2015-04-15 13:30:00+00:00,16.1,Fitzroy Gardens,507,71.0,0.8,-37.8149218,144.9822582,ENV,REAL_507,Real sensor series - Fitzroy Gardens - board 507,42,real_sensor_board_507,16.17037762220665,0,normal
2015-04-15 13:40:00+00:00,16.1,Fitzroy Gardens,507,70.5,0.8,-37.8149218,144.9822582,ENV,REAL_507,Real sensor series - Fitzroy Gardens - board 507,42,real_sensor_board_507,16.15630209776532,0,normal
2015-04-15 13:50:00+00:00,16.1,Fitzroy Gardens,507,70.8,0.9,-37.8149218,144.9822582,ENV,REAL_507,Real sensor series - Fitzroy Gardens - board 507,42,real_sensor_board_507,16.14504167821226,0,normal
2015-04-15 14:00:00+00:00,16.1,Fitzroy Gardens,507,71.5,0.9,-37.8149218,144.9822582,ENV,REAL_507,Real sensor series - Fitzroy Gardens - board 507,42,real_sensor_board_507,16.13603334256981,0,normal
2015-04-15 14:10:00+00:00,16.1,Fitzroy Gardens,507,68.2,0.8,-37.8149218,144.9822582,ENV,REAL_507,Real sensor series - Fitzroy Gardens - board 507,42,real_sensor_board_507,16.12882667405585,0,normal
2015-04-15 14:20:00+00:00,16.1,Fitzroy Gardens,507,68.2,0.9,-37.8149218,144.9822582,ENV,REAL_507,Real sensor series - Fitzroy Gardens - board 507,42,real_sensor_board_507,16.123061339244682,0,normal
2015-04-15 14:30:00+00:00,16.5,Fitzroy Gardens,507,65.8,0.8,-37.8149218,144.9822582,ENV,REAL_507,Real sensor series - Fitzroy Gardens - board 507,42,real_sensor_board_507,16.118449071395744,0,normal
2015-04-15 14:40:00+00:00,16.1,Fitzroy Gardens,507,65.0,0.8,-37.8149218,144.9822582,ENV,REAL_507,Real sensor series - Fitzroy Gardens - board 507,42,real_sensor_board_507,16.114759257116596,0,normal
2015-04-15 14:50:00+00:00,16.1,Fitzroy Gardens,507,64.5,0.8,-37.8149218,144.9822582,ENV,REAL_507,Real sensor series - Fitzroy Gardens - board 507,42,real_sensor_board_507,16.111807405693277,0,normal
2015-04-15 15:00:00+00:00,16.1,Fitzroy Gardens,507,65.0,0.7,-37.8149218,144.9822582,ENV,REAL_507,Real sensor series - Fitzroy Gardens - board 507,42,real_sensor_board_507,16.10944592455462,0,normal
2015-04-15 15:15:00+00:00,16.1,Fitzroy Gardens,507,64.2,0.8,-37.8149218,144.9822582,ENV,REAL_507,Real sensor series - Fitzroy Gardens - board 507,42,real_sensor_board_507,16.107556739643698,0,normal
2015-04-15 15:25:00+00:00,16.5,Fitzroy Gardens,507,63.1,0.8,-37.8149218,144.9822582,ENV,REAL_507,Real sensor series - Fitzroy Gardens - board 507,42,real_sensor_board_507,16.106045391714957,0,normal
2015-04-15 15:35:00+00:00,16.5,Fitzroy Gardens,507,62.5,0.7,-37.8149218,144.9822582,ENV,REAL_507,Real sensor series - Fitzroy Gardens - board 507,42,real_sensor_board_507,16.10483631337197,0,normal
2015-04-15 15:45:00+00:00,16.5,Fitzroy Gardens,507,60.0,0.7,-37.8149218,144.9822582,ENV,REAL_507,Real sensor series - Fitzroy Gardens - board 507,42,real_sensor_board_507,16.103869050697575,0,normal
2015-04-15 15:55:00+00:00,16.5,Fitzroy Gardens,507,59.3,0.8,-37.8149218,144.9822582,ENV,REAL_507,Real sensor series - Fitzroy Gardens - board 507,42,real_sensor_board_507,16.103095240558062,0,normal
2015-04-15 18:20:00+00:00,15.5,Fitzroy Gardens,507,61.7,0.7,-37.8149218,144.9822582,ENV,REAL_507,Real sensor series - Fitzroy Gardens - board 507,42,real_sensor_board_507,16.102476192446453,0,normal
2015-04-15 20:00:00+00:00,15.2,Fitzroy Gardens,507,61.4,0.7,-37.8149218,144.9822582,ENV,REAL_507,Real sensor series - Fitzroy Gardens - board 507,42,real_sensor_board_507,16.101980953957163,1,weak_multivariate_excursion
2015-04-15 20:50:00+00:00,14.8,Fitzroy Gardens,507,61.7,48.4,-37.8149218,144.9822582,ENV,REAL_507,Real sensor series - Fitzroy Gardens - board 507,42,real_sensor_board_507,16.101584763165732,1,weak_multivariate_excursion
2015-04-16 00:05:00+00:00,16.1,Fitzroy Gardens,507,57.1,94.9,-37.8149218,144.9822582,ENV,REAL_507,Real sensor series - Fitzroy Gardens - board 507,42,real_sensor_board_507,16.101267810532587,1,weak_multivariate_excursion
2015-04-16 00:35:00+00:00,15.2,Fitzroy Gardens,507,55.2,89.8,-37.8149218,144.9822582,ENV,REAL_507,Real sensor series - Fitzroy Gardens - board 507,42,real_sensor_board_507,16.10101424842607,1,weak_multivariate_excursion
2015-04-16 00:50:00+00:00,15.8,Fitzroy Gardens,507,54.6,91.0,-37.8149218,144.9822582,ENV,REAL_507,Real sensor series - Fitzroy Gardens - board 507,42,real_sensor_board_507,16.100811398740856,0,normal
2015-04-16 01:00:00+00:00,15.5,Fitzroy Gardens,507,53.3,91.7,-37.8149218,144.9822582,ENV,REAL_507,Real sensor series - Fitzroy Gardens - board 507,42,real_sensor_board_507,16.100649118992685,0,normal
2015-04-16 01:10:00+00:00,15.8,Fitzroy Gardens,507,51.4,93.6,-37.8149218,144.9822582,ENV,REAL_507,Real sensor series - Fitzroy Gardens - board 507,42,real_sensor_board_507,16.100519295194147,0,normal
2015-04-16 01:20:00+00:00,16.1,Fitzroy Gardens,507,49.9,94.9,-37.8149218,144.9822582,ENV,REAL_507,Real sensor series - Fitzroy Gardens - board 507,42,real_sensor_board_507,16.100415436155316,0,normal
2015-04-16 01:30:00+00:00,18.1,Fitzroy Gardens,507,48.0,96.5,-37.8149218,144.9822582,ENV,REAL_507,Real sensor series - Fitzroy Gardens - board 507,42,real_sensor_board_507,16.180332348924253,1,weak_multivariate_excursion
2015-04-16 01:40:00+00:00,21.3,Fitzroy Gardens,507,41.0,96.7,-37.8149218,144.9822582,ENV,REAL_507,Real sensor series - Fitzroy Gardens - board 507,42,real_sensor_board_507,16.2442658791394,1,weak_multivariate_excursion
2015-04-16 01:50:00+00:00,19.7,Fitzroy Gardens,507,42.6,96.7,-37.8149218,144.9822582,ENV,REAL_507,Real sensor series - Fitzroy Gardens - board 507,42,real_sensor_board_507,16.295412703311523,1,weak_multivariate_excursion
2015-04-16 02:00:00+00:00,20.6,Fitzroy Gardens,507,40.4,96.4,-37.8149218,144.9822582,ENV,REAL_507,Real sensor series - Fitzroy Gardens - board 507,42,real_sensor_board_507,16.33633016264922,0,normal
2015-04-16 02:10:00+00:00,19.0,Fitzroy Gardens,507,42.1,96.3,-37.8149218,144.9822582,ENV,REAL_507,Real sensor series - Fitzroy Gardens - board 507,42,real_sensor_board_507,16.369064130119376,0,normal
2015-04-16 02:20:00+00:00,18.4,Fitzroy Gardens,507,41.5,95.0,-37.8149218,144.9822582,ENV,REAL_507,Real sensor series - Fitzroy Gardens - board 507,42,real_sensor_board_507,16.315251304095504,0,normal
2015-04-16 02:30:00+00:00,16.5,Fitzroy Gardens,507,44.2,94.9,-37.8149218,144.9822582,ENV,REAL_507,Real sensor series - Fitzroy Gardens - board 507,42,real_sensor_board_507,16.272201043276404,0,normal
2015-04-16 02:40:00+00:00,16.1,Fitzroy Gardens,507,47.3,94.1,-37.8149218,144.9822582,ENV,REAL_507,Real sensor series - Fitzroy Gardens - board 507,42,real_sensor_board_507,16.237760834621124,0,normal
2015-04-16 02:50:00+00:00,16.1,Fitzroy Gardens,507,46.2,94.2,-37.8149218,144.9822582,ENV,REAL_507,Real sensor series - Fitzroy Gardens - board 507,42,real_sensor_board_507,16.2102086676969,0,normal
2015-04-16 03:00:00+00:00,16.1,Fitzroy Gardens,507,45.6,92.8,-37.8149218,144.9822582,ENV,REAL_507,Real sensor series - Fitzroy Gardens - board 507,42,real_sensor_board_507,16.26816693415752,0,normal
2015-04-16 03:10:00+00:00,16.1,Fitzroy Gardens,507,44.8,93.4,-37.8149218,144.9822582,ENV,REAL_507,Real sensor series - Fitzroy Gardens - board 507,42,real_sensor_board_507,16.374533547326017,0,normal
2015-04-16 03:30:00+00:00,18.1,Fitzroy Gardens,507,41.8,95.5,-37.8149218,144.9822582,ENV,REAL_507,Real sensor series - Fitzroy Gardens - board 507,42,real_sensor_board_507,16.459626837860814,0,normal
2015-04-16 03:40:00+00:00,17.7,Fitzroy Gardens,507,42.1,96.2,-37.8149218,144.9822582,ENV,REAL_507,Real sensor series - Fitzroy Gardens - board 507,42,real_sensor_board_507,16.52770147028865,0,normal
2015-04-16 03:50:00+00:00,19.4,Fitzroy Gardens,507,40.9,96.6,-37.8149218,144.9822582,ENV,REAL_507,Real sensor series - Fitzroy Gardens - board 507,42,real_sensor_board_507,16.582161176230922,0,normal
2015-04-16 04:45:00+00:00,17.1,Fitzroy Gardens,507,42.5,95.3,-37.8149218,144.9822582,ENV,REAL_507,Real sensor series - Fitzroy Gardens - board 507,42,real_sensor_board_507,16.62572894098474,0,normal
2015-04-16 05:05:00+00:00,17.7,Fitzroy Gardens,507,41.7,95.6,-37.8149218,144.9822582,ENV,REAL_507,Real sensor series - Fitzroy Gardens - board 507,42,real_sensor_board_507,16.660583152787794,0,normal
2015-04-16 05:15:00+00:00,17.4,Fitzroy Gardens,507,40.4,94.3,-37.8149218,144.9822582,ENV,REAL_507,Real sensor series - Fitzroy Gardens - board 507,42,real_sensor_board_507,16.628466522230237,0,normal
2015-04-16 05:25:00+00:00,16.8,Fitzroy Gardens,507,43.4,93.8,-37.8149218,144.9822582,ENV,REAL_507,Real sensor series - Fitzroy Gardens - board 507,42,real_sensor_board_507,16.52277321778419,0,normal
2015-04-16 05:35:00+00:00,16.1,Fitzroy Gardens,507,45.0,93.2,-37.8149218,144.9822582,ENV,REAL_507,Real sensor series - Fitzroy Gardens - board 507,42,real_sensor_board_507,16.438218574227356,0,normal
2015-04-16 05:45:00+00:00,15.8,Fitzroy Gardens,507,45.5,93.0,-37.8149218,144.9822582,ENV,REAL_507,Real sensor series - Fitzroy Gardens - board 507,42,real_sensor_board_507,16.370574859381886,0,normal
2015-04-16 05:55:00+00:00,15.5,Fitzroy Gardens,507,45.9,91.4,-37.8149218,144.9822582,ENV,REAL_507,Real sensor series - Fitzroy Gardens - board 507,42,real_sensor_board_507,16.31645988750551,0,normal
2015-04-16 06:05:00+00:00,15.5,Fitzroy Gardens,507,45.8,91.9,-37.8149218,144.9822582,ENV,REAL_507,Real sensor series - Fitzroy Gardens - board 507,42,real_sensor_board_507,16.27316791000441,1,weak_multivariate_excursion
2015-04-16 08:30:00+00:00,13.9,Fitzroy Gardens,507,49.7,0.8,-37.8149218,144.9822582,ENV,REAL_507,Real sensor series - Fitzroy Gardens - board 507,42,real_sensor_board_507,16.23853432800353,1,weak_multivariate_excursion
2015-04-17 00:55:00+00:00,17.4,Fitzroy Gardens,507,41.8,95.6,-37.8149218,144.9822582,ENV,REAL_507,Real sensor series - Fitzroy Gardens - board 507,42,real_sensor_board_507,16.210827462402825,1,weak_multivariate_excursion
2015-04-17 01:05:00+00:00,17.4,Fitzroy Gardens,507,41.8,95.5,-37.8149218,144.9822582,ENV,REAL_507,Real sensor series - Fitzroy Gardens - board 507,42,real_sensor_board_507,16.18866196992226,1,weak_multivariate_excursion
2015-04-17 01:15:00+00:00,17.1,Fitzroy Gardens,507,42.1,95.2,-37.8149218,144.9822582,ENV,REAL_507,Real sensor series - Fitzroy Gardens - board 507,42,real_sensor_board_507,16.170929575937812,0,normal
2015-04-17 03:50:00+00:00,15.8,Fitzroy Gardens,507,45.0,88.9,-37.8149218,144.9822582,ENV,REAL_507,Real sensor series - Fitzroy Gardens - board 507,42,real_sensor_board_507,16.15674366075025,0,normal
2015-04-17 04:00:00+00:00,15.8,Fitzroy Gardens,507,44.8,88.9,-37.8149218,144.9822582,ENV,REAL_507,Real sensor series - Fitzroy Gardens - board 507,42,real_sensor_board_507,16.145394928600204,1,weak_multivariate_excursion
2015-04-17 05:10:00+00:00,13.9,Fitzroy Gardens,507,57.1,84.2,-37.8149218,144.9822582,ENV,REAL_507,Real sensor series - Fitzroy Gardens - board 507,42,real_sensor_board_507,16.136315942880167,1,weak_multivariate_excursion
2015-04-17 13:05:00+00:00,11.9,Fitzroy Gardens,507,70.4,0.9,-37.8149218,144.9822582,ENV,REAL_507,Real sensor series - Fitzroy Gardens - board 507,42,real_sensor_board_507,16.129052754304134,1,weak_multivariate_excursion
2015-04-17 17:10:00+00:00,12.9,Fitzroy Gardens,507,73.0,0.8,-37.8149218,144.9822582,ENV,REAL_507,Real sensor series - Fitzroy Gardens - board 507,42,real_sensor_board_507,16.123242203443308,1,weak_multivariate_excursion
2015-04-17 23:00:00+00:00,13.2,Fitzroy Gardens,507,70.7,79.0,-37.8149218,144.9822582,ENV,REAL_507,Real sensor series - Fitzroy Gardens - board 507,42,real_sensor_board_507,16.11859376275465,1,weak_multivariate_excursion
2015-04-18 00:20:00+00:00,14.5,Fitzroy Gardens,507,64.1,90.3,-37.8149218,144.9822582,ENV,REAL_507,Real sensor series - Fitzroy Gardens - board 507,42,real_sensor_board_507,16.11487501020372,1,weak_multivariate_excursion
2015-04-18 00:40:00+00:00,16.1,Fitzroy Gardens,507,63.1,94.6,-37.8149218,144.9822582,ENV,REAL_507,Real sensor series - Fitzroy Gardens - board 507,42,real_sensor_board_507,16.111900008162976,1,weak_multivariate_excursion
2015-04-18 01:05:00+00:00,15.2,Fitzroy Gardens,507,58.7,88.1,-37.8149218,144.9822582,ENV,REAL_507,Real sensor series - Fitzroy Gardens - board 507,42,real_sensor_board_507,16.309520006530384,0,normal
2015-04-18 01:15:00+00:00,15.2,Fitzroy Gardens,507,61.4,86.8,-37.8149218,144.9822582,ENV,REAL_507,Real sensor series - Fitzroy Gardens - board 507,42,real_sensor_board_507,16.527616005224306,0,normal
2015-04-18 01:25:00+00:00,14.8,Fitzroy Gardens,507,58.7,88.4,-37.8149218,144.9822582,ENV,REAL_507,Real sensor series - Fitzroy Gardens - board 507,42,real_sensor_board_507,16.702092804179447,1,weak_multivariate_excursion
2015-04-18 03:45:00+00:00,21.3,Fitzroy Gardens,507,36.5,96.6,-37.8149218,144.9822582,ENV,REAL_507,Real sensor series - Fitzroy Gardens - board 507,42,real_sensor_board_507,17.241674243343557,1,weak_multivariate_excursion
2015-04-18 03:55:00+00:00,22.3,Fitzroy Gardens,507,33.2,96.8,-37.8149218,144.9822582,ENV,REAL_507,Real sensor series - Fitzroy Gardens - board 507,42,real_sensor_board_507,17.673339394674844,1,weak_multivariate_excursion
2015-04-18 04:20:00+00:00,20.0,Fitzroy Gardens,507,32.7,96.2,-37.8149218,144.9822582,ENV,REAL_507,Real sensor series - Fitzroy Gardens - board 507,42,real_sensor_board_507,18.018671515739875,0,normal
2015-04-18 04:40:00+00:00,21.0,Fitzroy Gardens,507,32.1,95.8,-37.8149218,144.9822582,ENV,REAL_507,Real sensor series - Fitzroy Gardens - board 507,42,real_sensor_board_507,18.2949372125919,0,normal
2015-04-18 05:00:00+00:00,21.3,Fitzroy Gardens,507,28.6,96.1,-37.8149218,144.9822582,ENV,REAL_507,Real sensor series - Fitzroy Gardens - board 507,42,real_sensor_board_507,18.515949770073522,0,normal
2015-04-18 05:10:00+00:00,21.0,Fitzroy Gardens,507,29.1,96.1,-37.8149218,144.9822582,ENV,REAL_507,Real sensor series - Fitzroy Gardens - board 507,42,real_sensor_board_507,18.692759816058818,0,normal
2015-04-18 05:20:00+00:00,21.0,Fitzroy Gardens,507,28.0,96.0,-37.8149218,144.9822582,ENV,REAL_507,Real sensor series - Fitzroy Gardens - board 507,42,real_sensor_board_507,18.834207852847054,0,normal
2015-04-18 05:30:00+00:00,20.6,Fitzroy Gardens,507,29.2,96.0,-37.8149218,144.9822582,ENV,REAL_507,Real sensor series - Fitzroy Gardens - board 507,42,real_sensor_board_507,18.947366282277645,0,normal
2015-04-18 05:40:00+00:00,20.6,Fitzroy Gardens,507,30.3,95.0,-37.8149218,144.9822582,ENV,REAL_507,Real sensor series - Fitzroy Gardens - board 507,42,real_sensor_board_507,19.037893025822118,0,normal
2015-04-18 05:50:00+00:00,20.3,Fitzroy Gardens,507,31.3,91.8,-37.8149218,144.9822582,ENV,REAL_507,Real sensor series - Fitzroy Gardens - board 507,42,real_sensor_board_507,19.110314420657694,0,normal
2015-04-18 06:00:00+00:00,20.0,Fitzroy Gardens,507,34.1,95.7,-37.8149218,144.9822582,ENV,REAL_507,Real sensor series - Fitzroy Gardens - board 507,42,real_sensor_board_507,19.168251536526157,0,normal
2015-04-18 06:10:00+00:00,20.0,Fitzroy Gardens,507,34.6,91.0,-37.8149218,144.9822582,ENV,REAL_507,Real sensor series - Fitzroy Gardens - board 507,42,real_sensor_board_507,19.214601229220925,0,normal
2015-04-18 06:20:00+00:00,19.7,Fitzroy Gardens,507,34.4,89.5,-37.8149218,144.9822582,ENV,REAL_507,Real sensor series - Fitzroy Gardens - board 507,42,real_sensor_board_507,19.25168098337674,0,normal
2015-04-18 06:30:00+00:00,19.4,Fitzroy Gardens,507,36.9,85.9,-37.8149218,144.9822582,ENV,REAL_507,Real sensor series - Fitzroy Gardens - board 507,42,real_sensor_board_507,19.281344786701393,0,normal
2015-04-18 06:40:00+00:00,19.4,Fitzroy Gardens,507,36.3,84.8,-37.8149218,144.9822582,ENV,REAL_507,Real sensor series - Fitzroy Gardens - board 507,42,real_sensor_board_507,19.305075829361115,0,normal
2015-04-18 06:50:00+00:00,19.4,Fitzroy Gardens,507,36.0,81.9,-37.8149218,144.9822582,ENV,REAL_507,Real sensor series - Fitzroy Gardens - board 507,42,real_sensor_board_507,19.324060663488893,0,normal
2015-04-18 07:00:00+00:00,19.0,Fitzroy Gardens,507,36.6,78.7,-37.8149218,144.9822582,ENV,REAL_507,Real sensor series - Fitzroy Gardens - board 507,42,real_sensor_board_507,19.259248530791115,0,normal
2015-04-18 07:15:00+00:00,19.0,Fitzroy Gardens,507,36.5,76.1,-37.8149218,144.9822582,ENV,REAL_507,Real sensor series - Fitzroy Gardens - board 507,42,real_sensor_board_507,19.207398824632893,0,normal
2015-04-18 07:25:00+00:00,18.7,Fitzroy Gardens,507,37.7,69.2,-37.8149218,144.9822582,ENV,REAL_507,Real sensor series - Fitzroy Gardens - board 507,42,real_sensor_board_507,19.105919059706316,0,normal
2015-04-18 07:35:00+00:00,18.4,Fitzroy Gardens,507,38.5,57.7,-37.8149218,144.9822582,ENV,REAL_507,Real sensor series - Fitzroy Gardens - board 507,42,real_sensor_board_507,18.964735247765056,1,weak_multivariate_excursion
2015-04-18 07:55:00+00:00,18.1,Fitzroy Gardens,507,39.3,18.3,-37.8149218,144.9822582,ENV,REAL_507,Real sensor series - Fitzroy Gardens - board 507,42,real_sensor_board_507,18.791788198212046,1,weak_multivariate_excursion
2015-04-18 08:15:00+00:00,14.5,Fitzroy Gardens,507,60.3,1.2,-37.8149218,144.9822582,ENV,REAL_507,Real sensor series - Fitzroy Gardens - board 507,42,real_sensor_board_507,18.33343055856964,1,weak_multivariate_excursion
2015-04-18 08:55:00+00:00,13.9,Fitzroy Gardens,507,59.8,1.2,-37.8149218,144.9822582,ENV,REAL_507,Real sensor series - Fitzroy Gardens - board 507,42,real_sensor_board_507,17.88674444685571,1,weak_multivariate_excursion
2015-04-20 00:15:00+00:00,13.5,Fitzroy Gardens,507,39.9,93.7,-37.8149218,144.9822582,ENV,REAL_507,Real sensor series - Fitzroy Gardens - board 507,42,real_sensor_board_507,17.52939555748457,1,weak_multivariate_excursion
2015-04-20 04:55:00+00:00,13.9,Fitzroy Gardens,507,37.4,90.8,-37.8149218,144.9822582,ENV,REAL_507,Real sensor series - Fitzroy Gardens - board 507,42,real_sensor_board_507,17.24351644598766,1,weak_multivariate_excursion
2015-04-22 00:00:00+00:00,16.5,Fitzroy Gardens,507,51.1,94.5,-37.8149218,144.9822582,ENV,REAL_507,Real sensor series - Fitzroy Gardens - board 507,42,real_sensor_board_507,17.014813156790126,1,weak_multivariate_excursion
2015-04-22 13:10:00+00:00,14.2,Fitzroy Gardens,507,63.0,0.9,-37.8149218,144.9822582,ENV,REAL_507,Real sensor series - Fitzroy Gardens - board 507,42,real_sensor_board_507,16.7718505254321,1,weak_multivariate_excursion
2015-04-22 23:10:00+00:00,14.2,Fitzroy Gardens,507,63.0,0.9,-37.8149218,144.9822582,ENV,REAL_507,Real sensor series - Fitzroy Gardens - board 507,42,real_sensor_board_507,16.57748042034568,1,weak_multivariate_excursion
2015-04-23 09:05:00+00:00,14.2,Fitzroy Gardens,507,61.4,89.8,-37.8149218,144.9822582,ENV,REAL_507,Real sensor series - Fitzroy Gardens - board 507,42,real_sensor_board_507,16.421984336276545,1,weak_multivariate_excursion
2015-04-23 09:15:00+00:00,14.8,Fitzroy Gardens,507,60.6,90.9,-37.8149218,144.9822582,ENV,REAL_507,Real sensor series - Fitzroy Gardens - board 507,42,real_sensor_board_507,16.297587469021238,1,weak_multivariate_excursion
2015-04-23 09:30:00+00:00,15.2,Fitzroy Gardens,507,59.6,94.2,-37.8149218,144.9822582,ENV,REAL_507,Real sensor series - Fitzroy Gardens - board 507,42,real_sensor_board_507,16.198069975216992,1,weak_multivariate_excursion
2015-04-23 18:30:00+00:00,16.1,Fitzroy Gardens,507,62.0,0.7,-37.8149218,144.9822582,ENV,REAL_507,Real sensor series - Fitzroy Gardens - board 507,42,real_sensor_board_507,16.058455980173594,1,weak_multivariate_excursion
2015-04-23 18:50:00+00:00,16.1,Fitzroy Gardens,507,61.2,0.7,-37.8149218,144.9822582,ENV,REAL_507,Real sensor series - Fitzroy Gardens - board 507,42,real_sensor_board_507,15.946764784138876,1,weak_multivariate_excursion
2015-04-23 19:00:00+00:00,16.1,Fitzroy Gardens,507,61.4,0.8,-37.8149218,144.9822582,ENV,REAL_507,Real sensor series - Fitzroy Gardens - board 507,42,real_sensor_board_507,15.797411827311102,0,normal
2015-04-23 19:15:00+00:00,16.1,Fitzroy Gardens,507,61.7,0.8,-37.8149218,144.9822582,ENV,REAL_507,Real sensor series - Fitzroy Gardens - board 507,42,real_sensor_board_507,15.677929461848883,0,normal
2015-04-23 19:25:00+00:00,15.8,Fitzroy Gardens,507,61.2,0.8,-37.8149218,144.9822582,ENV,REAL_507,Real sensor series - Fitzroy Gardens - board 507,42,real_sensor_board_507,15.582343569479107,0,normal
2015-04-23 19:35:00+00:00,15.8,Fitzroy Gardens,507,61.4,0.7,-37.8149218,144.9822582,ENV,REAL_507,Real sensor series - Fitzroy Gardens - board 507,42,real_sensor_board_507,15.505874855583286,0,normal
2015-04-23 19:45:00+00:00,15.8,Fitzroy Gardens,507,62.2,0.7,-37.8149218,144.9822582,ENV,REAL_507,Real sensor series - Fitzroy Gardens - board 507,42,real_sensor_board_507,15.44469988446663,0,normal
2015-04-23 19:55:00+00:00,15.8,Fitzroy Gardens,507,62.6,0.7,-37.8149218,144.9822582,ENV,REAL_507,Real sensor series - Fitzroy Gardens - board 507,42,real_sensor_board_507,15.395759907573304,0,normal
2015-04-23 20:05:00+00:00,15.8,Fitzroy Gardens,507,62.3,0.7,-37.8149218,144.9822582,ENV,REAL_507,Real sensor series - Fitzroy Gardens - board 507,42,real_sensor_board_507,15.356607926058643,0,normal
2015-04-23 20:15:00+00:00,15.5,Fitzroy Gardens,507,62.3,0.7,-37.8149218,144.9822582,ENV,REAL_507,Real sensor series - Fitzroy Gardens - board 507,42,real_sensor_board_507,15.325286340846915,0,normal
2015-04-23 20:25:00+00:00,15.5,Fitzroy Gardens,507,62.5,0.7,-37.8149218,144.9822582,ENV,REAL_507,Real sensor series - Fitzroy Gardens - board 507,42,real_sensor_board_507,15.300229072677531,0,normal
2015-04-23 20:35:00+00:00,15.2,Fitzroy Gardens,507,63.3,0.7,-37.8149218,144.9822582,ENV,REAL_507,Real sensor series - Fitzroy Gardens - board 507,42,real_sensor_board_507,15.280183258142024,0,normal
2015-04-23 20:45:00+00:00,15.2,Fitzroy Gardens,507,63.9,0.7,-37.8149218,144.9822582,ENV,REAL_507,Real sensor series - Fitzroy Gardens - board 507,42,real_sensor_board_507,15.32414660651362,0,normal
2015-04-23 20:55:00+00:00,15.2,Fitzroy Gardens,507,64.1,0.7,-37.8149218,144.9822582,ENV,REAL_507,Real sensor series - Fitzroy Gardens - board 507,42,real_sensor_board_507,15.359317285210897,0,normal
2015-04-23 21:05:00+00:00,15.2,Fitzroy Gardens,507,64.5,0.8,-37.8149218,144.9822582,ENV,REAL_507,Real sensor series - Fitzroy Gardens - board 507,42,real_sensor_board_507,15.447453828168719,0,normal
2015-04-23 21:15:00+00:00,14.8,Fitzroy Gardens,507,64.9,0.8,-37.8149218,144.9822582,ENV,REAL_507,Real sensor series - Fitzroy Gardens - board 507,42,real_sensor_board_507,15.517963062534976,0,normal
2015-04-23 21:25:00+00:00,14.8,Fitzroy Gardens,507,65.0,0.8,-37.8149218,144.9822582,ENV,REAL_507,Real sensor series - Fitzroy Gardens - board 507,42,real_sensor_board_507,15.574370450027981,0,normal
2015-04-23 21:35:00+00:00,14.8,Fitzroy Gardens,507,65.3,0.7,-37.8149218,144.9822582,ENV,REAL_507,Real sensor series - Fitzroy Gardens - board 507,42,real_sensor_board_507,15.619496360022385,0,normal
2015-04-23 21:45:00+00:00,14.5,Fitzroy Gardens,507,65.3,0.7,-37.8149218,144.9822582,ENV,REAL_507,Real sensor series - Fitzroy Gardens - board 507,42,real_sensor_board_507,15.65559708801791,0,normal
2015-04-23 22:05:00+00:00,14.2,Fitzroy Gardens,507,66.7,0.7,-37.8149218,144.9822582,ENV,REAL_507,Real sensor series - Fitzroy Gardens - board 507,42,real_sensor_board_507,15.684477670414328,0,normal
2015-04-23 23:10:00+00:00,14.2,Fitzroy Gardens,507,67.8,0.7,-37.8149218,144.9822582,ENV,REAL_507,Real sensor series - Fitzroy Gardens - board 507,42,real_sensor_board_507,15.707582136331464,1,weak_multivariate_excursion
2015-04-24 09:55:00+00:00,17.1,Fitzroy Gardens,507,54.1,92.2,-37.8149218,144.9822582,ENV,REAL_507,Real sensor series - Fitzroy Gardens - board 507,42,real_sensor_board_507,15.726065709065171,1,weak_multivariate_excursion
2015-04-25 11:05:00+00:00,11.3,Fitzroy Gardens,507,66.3,88.1,-37.8149218,144.9822582,ENV,REAL_507,Real sensor series - Fitzroy Gardens - board 507,42,real_sensor_board_507,15.740852567252137,1,weak_multivariate_excursion
2015-04-28 14:55:00+00:00,17.7,Fitzroy Gardens,507,39.6,95.5,-37.8149218,144.9822582,ENV,REAL_507,Real sensor series - Fitzroy Gardens - board 507,42,real_sensor_board_507,16.01268205380171,1,weak_multivariate_excursion
2015-04-28 17:50:00+00:00,12.3,Fitzroy Gardens,507,54.6,14.2,-37.8149218,144.9822582,ENV,REAL_507,Real sensor series - Fitzroy Gardens - board 507,42,real_sensor_board_507,16.29014564304137,1,weak_multivariate_excursion
2015-04-29 14:40:00+00:00,18.4,Fitzroy Gardens,507,36.9,96.0,-37.8149218,144.9822582,ENV,REAL_507,Real sensor series - Fitzroy Gardens - board 507,42,real_sensor_board_507,16.512116514433096,1,weak_multivariate_excursion
2015-04-30 11:35:00+00:00,20.3,Fitzroy Gardens,507,38.7,95.9,-37.8149218,144.9822582,ENV,REAL_507,Real sensor series - Fitzroy Gardens - board 507,42,real_sensor_board_507,16.689693211546476,1,weak_multivariate_excursion
2015-04-30 14:05:00+00:00,20.6,Fitzroy Gardens,507,40.1,96.3,-37.8149218,144.9822582,ENV,REAL_507,Real sensor series - Fitzroy Gardens - board 507,42,real_sensor_board_507,16.83175456923718,0,normal
2015-04-30 14:35:00+00:00,21.0,Fitzroy Gardens,507,42.0,96.0,-37.8149218,144.9822582,ENV,REAL_507,Real sensor series - Fitzroy Gardens - board 507,42,real_sensor_board_507,16.945403655389743,0,normal
2015-04-30 14:50:00+00:00,19.7,Fitzroy Gardens,507,44.8,95.6,-37.8149218,144.9822582,ENV,REAL_507,Real sensor series - Fitzroy Gardens - board 507,42,real_sensor_board_507,17.096322924311796,0,normal
2015-04-30 15:00:00+00:00,19.7,Fitzroy Gardens,507,43.3,95.3,-37.8149218,144.9822582,ENV,REAL_507,Real sensor series - Fitzroy Gardens - board 507,42,real_sensor_board_507,17.217058339449437,0,normal
2015-04-30 15:10:00+00:00,20.3,Fitzroy Gardens,507,41.4,94.8,-37.8149218,144.9822582,ENV,REAL_507,Real sensor series - Fitzroy Gardens - board 507,42,real_sensor_board_507,17.31364667155955,0,normal
2015-04-30 15:20:00+00:00,20.0,Fitzroy Gardens,507,40.1,94.7,-37.8149218,144.9822582,ENV,REAL_507,Real sensor series - Fitzroy Gardens - board 507,42,real_sensor_board_507,17.39091733724764,0,normal
2015-04-30 15:30:00+00:00,20.0,Fitzroy Gardens,507,38.2,94.7,-37.8149218,144.9822582,ENV,REAL_507,Real sensor series - Fitzroy Gardens - board 507,42,real_sensor_board_507,17.452733869798113,0,normal
2015-04-30 15:40:00+00:00,19.0,Fitzroy Gardens,507,34.7,91.8,-37.8149218,144.9822582,ENV,REAL_507,Real sensor series - Fitzroy Gardens - board 507,42,real_sensor_board_507,17.50218709583849,0,normal
2015-04-30 15:50:00+00:00,18.1,Fitzroy Gardens,507,36.0,89.1,-37.8149218,144.9822582,ENV,REAL_507,Real sensor series - Fitzroy Gardens - board 507,42,real_sensor_board_507,17.541749676670793,0,normal
2015-04-30 16:00:00+00:00,17.7,Fitzroy Gardens,507,36.0,87.8,-37.8149218,144.9822582,ENV,REAL_507,Real sensor series - Fitzroy Gardens - board 507,42,real_sensor_board_507,17.573399741336637,0,normal
2015-04-30 16:10:00+00:00,17.7,Fitzroy Gardens,507,36.0,87.2,-37.8149218,144.9822582,ENV,REAL_507,Real sensor series - Fitzroy Gardens - board 507,42,real_sensor_board_507,17.67871979306931,0,normal
2015-04-30 16:20:00+00:00,17.7,Fitzroy Gardens,507,36.3,87.0,-37.8149218,144.9822582,ENV,REAL_507,Real sensor series - Fitzroy Gardens - board 507,42,real_sensor_board_507,17.76297583445545,0,normal
2015-04-30 16:30:00+00:00,17.4,Fitzroy Gardens,507,37.1,85.1,-37.8149218,144.9822582,ENV,REAL_507,Real sensor series - Fitzroy Gardens - board 507,42,real_sensor_board_507,17.83038066756436,0,normal
2015-04-30 16:40:00+00:00,17.4,Fitzroy Gardens,507,37.1,84.1,-37.8149218,144.9822582,ENV,REAL_507,Real sensor series - Fitzroy Gardens - board 507,42,real_sensor_board_507,17.884304534051488,0,normal
2015-04-30 16:50:00+00:00,17.1,Fitzroy Gardens,507,37.6,80.2,-37.8149218,144.9822582,ENV,REAL_507,Real sensor series - Fitzroy Gardens - board 507,42,real_sensor_board_507,17.927443627241193,0,normal
2015-04-30 17:00:00+00:00,17.1,Fitzroy Gardens,507,37.1,78.7,-37.8149218,144.9822582,ENV,REAL_507,Real sensor series - Fitzroy Gardens - board 507,42,real_sensor_board_507,17.881954901792955,1,weak_multivariate_excursion
2015-04-30 18:55:00+00:00,12.3,Fitzroy Gardens,507,49.1,0.7,-37.8149218,144.9822582,ENV,REAL_507,Real sensor series - Fitzroy Gardens - board 507,42,real_sensor_board_507,17.845563921434366,1,weak_multivariate_excursion
2015-05-01 11:00:00+00:00,22.9,Fitzroy Gardens,507,35.7,95.7,-37.8149218,144.9822582,ENV,REAL_507,Real sensor series - Fitzroy Gardens - board 507,42,real_sensor_board_507,17.816451137147492,1,weak_multivariate_excursion
2015-05-01 13:55:00+00:00,25.5,Fitzroy Gardens,507,28.7,96.3,-37.8149218,144.9822582,ENV,REAL_507,Real sensor series - Fitzroy Gardens - board 507,42,real_sensor_board_507,17.793160909717994,1,weak_multivariate_excursion
2015-05-01 14:35:00+00:00,25.8,Fitzroy Gardens,507,28.3,96.4,-37.8149218,144.9822582,ENV,REAL_507,Real sensor series - Fitzroy Gardens - board 507,42,real_sensor_board_507,17.714528727774397,1,weak_multivariate_excursion
2015-05-02 09:05:00+00:00,15.8,Fitzroy Gardens,507,48.8,85.9,-37.8149218,144.9822582,ENV,REAL_507,Real sensor series - Fitzroy Gardens - board 507,42,real_sensor_board_507,17.651622982219518,1,weak_multivariate_excursion
2015-05-02 09:15:00+00:00,15.8,Fitzroy Gardens,507,49.4,84.5,-37.8149218,144.9822582,ENV,REAL_507,Real sensor series - Fitzroy Gardens - board 507,42,real_sensor_board_507,17.601298385775614,1,weak_multivariate_excursion
2015-05-02 09:25:00+00:00,15.8,Fitzroy Gardens,507,49.9,86.7,-37.8149218,144.9822582,ENV,REAL_507,Real sensor series - Fitzroy Gardens - board 507,42,real_sensor_board_507,17.56103870862049,0,normal
2015-05-02 09:35:00+00:00,15.8,Fitzroy Gardens,507,49.4,86.8,-37.8149218,144.9822582,ENV,REAL_507,Real sensor series - Fitzroy Gardens - board 507,42,real_sensor_board_507,17.468830966896395,1,weak_multivariate_excursion
2015-05-02 18:40:00+00:00,18.4,Fitzroy Gardens,507,45.8,0.6,-37.8149218,144.9822582,ENV,REAL_507,Real sensor series - Fitzroy Gardens - board 507,42,real_sensor_board_507,17.395064773517117,1,weak_multivariate_excursion
2015-05-02 19:00:00+00:00,18.1,Fitzroy Gardens,507,46.4,0.6,-37.8149218,144.9822582,ENV,REAL_507,Real sensor series - Fitzroy Gardens - board 507,42,real_sensor_board_507,17.336051818813694,1,weak_multivariate_excursion
2015-05-02 19:10:00+00:00,18.1,Fitzroy Gardens,507,46.6,0.6,-37.8149218,144.9822582,ENV,REAL_507,Real sensor series - Fitzroy Gardens - board 507,42,real_sensor_board_507,17.288841455050957,0,normal
2015-05-02 19:20:00+00:00,17.7,Fitzroy Gardens,507,47.0,0.7,-37.8149218,144.9822582,ENV,REAL_507,Real sensor series - Fitzroy Gardens - board 507,42,real_sensor_board_507,17.25107316404077,0,normal
2015-05-02 19:30:00+00:00,17.4,Fitzroy Gardens,507,47.2,0.7,-37.8149218,144.9822582,ENV,REAL_507,Real sensor series - Fitzroy Gardens - board 507,42,real_sensor_board_507,17.220858531232615,0,normal
2015-05-02 19:40:00+00:00,17.4,Fitzroy Gardens,507,47.7,0.7,-37.8149218,144.9822582,ENV,REAL_507,Real sensor series - Fitzroy Gardens - board 507,42,real_sensor_board_507,17.196686824986095,0,normal
2015-05-02 19:50:00+00:00,17.1,Fitzroy Gardens,507,48.6,0.7,-37.8149218,144.9822582,ENV,REAL_507,Real sensor series - Fitzroy Gardens - board 507,42,real_sensor_board_507,17.117349459988876,0,normal
2015-05-02 20:00:00+00:00,17.1,Fitzroy Gardens,507,49.1,0.7,-37.8149218,144.9822582,ENV,REAL_507,Real sensor series - Fitzroy Gardens - board 507,42,real_sensor_board_507,17.053879567991103,0,normal
2015-05-02 20:10:00+00:00,17.1,Fitzroy Gardens,507,48.8,0.7,-37.8149218,144.9822582,ENV,REAL_507,Real sensor series - Fitzroy Gardens - board 507,42,real_sensor_board_507,17.063103654392883,0,normal
2015-05-02 20:20:00+00:00,17.1,Fitzroy Gardens,507,48.1,0.7,-37.8149218,144.9822582,ENV,REAL_507,Real sensor series - Fitzroy Gardens - board 507,42,real_sensor_board_507,17.07048292351431,0,normal
2015-05-02 20:30:00+00:00,17.1,Fitzroy Gardens,507,48.6,0.7,-37.8149218,144.9822582,ENV,REAL_507,Real sensor series - Fitzroy Gardens - board 507,42,real_sensor_board_507,17.07638633881145,0,normal
2015-05-02 20:40:00+00:00,16.8,Fitzroy Gardens,507,49.7,0.7,-37.8149218,144.9822582,ENV,REAL_507,Real sensor series - Fitzroy Gardens - board 507,42,real_sensor_board_507,17.081109071049163,0,normal
2015-05-02 20:50:00+00:00,16.8,Fitzroy Gardens,507,49.9,0.7,-37.8149218,144.9822582,ENV,REAL_507,Real sensor series - Fitzroy Gardens - board 507,42,real_sensor_board_507,17.08488725683933,0,normal
2015-05-02 21:00:00+00:00,16.8,Fitzroy Gardens,507,48.5,0.7,-37.8149218,144.9822582,ENV,REAL_507,Real sensor series - Fitzroy Gardens - board 507,42,real_sensor_board_507,17.087909805471465,0,normal
2015-05-02 21:10:00+00:00,15.2,Fitzroy Gardens,507,60.8,0.7,-37.8149218,144.9822582,ENV,REAL_507,Real sensor series - Fitzroy Gardens - board 507,42,real_sensor_board_507,17.090327844377175,0,normal
2015-05-02 21:25:00+00:00,14.5,Fitzroy Gardens,507,65.6,0.8,-37.8149218,144.9822582,ENV,REAL_507,Real sensor series - Fitzroy Gardens - board 507,42,real_sensor_board_507,17.092262275501742,0,normal
2015-05-02 21:35:00+00:00,14.2,Fitzroy Gardens,507,66.6,0.7,-37.8149218,144.9822582,ENV,REAL_507,Real sensor series - Fitzroy Gardens - board 507,42,real_sensor_board_507,17.033809820401395,0,normal
2015-05-02 21:45:00+00:00,14.2,Fitzroy Gardens,507,66.9,0.7,-37.8149218,144.9822582,ENV,REAL_507,Real sensor series - Fitzroy Gardens - board 507,42,real_sensor_board_507,16.987047856321116,0,normal
2015-05-02 21:55:00+00:00,13.9,Fitzroy Gardens,507,67.1,0.8,-37.8149218,144.9822582,ENV,REAL_507,Real sensor series - Fitzroy Gardens - board 507,42,real_sensor_board_507,16.949638285056892,0,normal
2015-05-02 22:25:00+00:00,12.9,Fitzroy Gardens,507,68.6,0.8,-37.8149218,144.9822582,ENV,REAL_507,Real sensor series - Fitzroy Gardens - board 507,42,real_sensor_board_507,16.779710628045514,0,normal
2015-05-02 23:05:00+00:00,12.9,Fitzroy Gardens,507,69.4,0.7,-37.8149218,144.9822582,ENV,REAL_507,Real sensor series - Fitzroy Gardens - board 507,42,real_sensor_board_507,16.643768502436412,1,weak_multivariate_excursion
2015-05-03 02:40:00+00:00,11.3,Fitzroy Gardens,507,66.4,0.7,-37.8149218,144.9822582,ENV,REAL_507,Real sensor series - Fitzroy Gardens - board 507,42,real_sensor_board_507,16.53501480194913,1,weak_multivariate_excursion
2015-05-04 19:05:00+00:00,17.7,Fitzroy Gardens,507,38.0,0.6,-37.8149218,144.9822582,ENV,REAL_507,Real sensor series - Fitzroy Gardens - board 507,42,real_sensor_board_507,16.448011841559307,1,weak_multivariate_excursion
2015-05-04 19:15:00+00:00,18.1,Fitzroy Gardens,507,38.2,0.7,-37.8149218,144.9822582,ENV,REAL_507,Real sensor series - Fitzroy Gardens - board 507,42,real_sensor_board_507,16.378409473247444,1,weak_multivariate_excursion
2015-05-04 19:25:00+00:00,17.7,Fitzroy Gardens,507,38.8,0.7,-37.8149218,144.9822582,ENV,REAL_507,Real sensor series - Fitzroy Gardens - board 507,42,real_sensor_board_507,16.322727578597956,0,normal
2015-05-04 19:35:00+00:00,18.1,Fitzroy Gardens,507,38.5,0.7,-37.8149218,144.9822582,ENV,REAL_507,Real sensor series - Fitzroy Gardens - board 507,42,real_sensor_board_507,16.278182062878365,0,normal
2015-05-04 19:45:00+00:00,18.1,Fitzroy Gardens,507,38.4,0.7,-37.8149218,144.9822582,ENV,REAL_507,Real sensor series - Fitzroy Gardens - board 507,42,real_sensor_board_507,16.242545650302695,0,normal
2015-05-05 04:10:00+00:00,16.1,Fitzroy Gardens,507,39.2,0.8,-37.8149218,144.9822582,ENV,REAL_507,Real sensor series - Fitzroy Gardens - board 507,42,real_sensor_board_507,16.214036520242157,0,normal
2015-05-05 04:20:00+00:00,16.1,Fitzroy Gardens,507,39.0,0.4,-37.8149218,144.9822582,ENV,REAL_507,Real sensor series - Fitzroy Gardens - board 507,42,real_sensor_board_507,16.191229216193726,0,normal
2015-05-05 04:30:00+00:00,16.1,Fitzroy Gardens,507,38.4,0.8,-37.8149218,144.9822582,ENV,REAL_507,Real sensor series - Fitzroy Gardens - board 507,42,real_sensor_board_507,16.17298337295498,1,weak_multivariate_excursion
2015-05-06 14:00:00+00:00,14.8,Fitzroy Gardens,507,43.9,92.0,-37.8149218,144.9822582,ENV,REAL_507,Real sensor series - Fitzroy Gardens - board 507,42,real_sensor_board_507,16.238386698363986,1,weak_multivariate_excursion
2015-05-06 14:50:00+00:00,13.9,Fitzroy Gardens,507,51.6,88.7,-37.8149218,144.9822582,ENV,REAL_507,Real sensor series - Fitzroy Gardens - board 507,42,real_sensor_board_507,16.41070935869119,1,weak_multivariate_excursion
2015-05-08 18:55:00+00:00,13.5,Fitzroy Gardens,507,47.2,3.9,-37.8149218,144.9822582,ENV,REAL_507,Real sensor series - Fitzroy Gardens - board 507,42,real_sensor_board_507,16.548567486952955,1,weak_multivariate_excursion
2015-05-09 02:05:00+00:00,12.9,Fitzroy Gardens,507,50.2,0.7,-37.8149218,144.9822582,ENV,REAL_507,Real sensor series - Fitzroy Gardens - board 507,42,real_sensor_board_507,16.658853989562367,1,weak_multivariate_excursion
2015-05-09 06:00:00+00:00,12.3,Fitzroy Gardens,507,52.7,0.7,-37.8149218,144.9822582,ENV,REAL_507,Real sensor series - Fitzroy Gardens - board 507,42,real_sensor_board_507,16.747083191649896,1,weak_multivariate_excursion
2015-05-09 10:15:00+00:00,16.5,Fitzroy Gardens,507,44.8,93.0,-37.8149218,144.9822582,ENV,REAL_507,Real sensor series - Fitzroy Gardens - board 507,42,real_sensor_board_507,16.817666553319917,1,weak_multivariate_excursion
2015-05-09 11:00:00+00:00,19.4,Fitzroy Gardens,507,38.8,95.8,-37.8149218,144.9822582,ENV,REAL_507,Real sensor series - Fitzroy Gardens - board 507,42,real_sensor_board_507,16.874133242655937,1,weak_multivariate_excursion
2015-05-09 11:10:00+00:00,17.4,Fitzroy Gardens,507,41.4,93.5,-37.8149218,144.9822582,ENV,REAL_507,Real sensor series - Fitzroy Gardens - board 507,42,real_sensor_board_507,16.97930659412475,1,weak_multivariate_excursion
2015-05-09 11:20:00+00:00,19.7,Fitzroy Gardens,507,38.7,94.3,-37.8149218,144.9822582,ENV,REAL_507,Real sensor series - Fitzroy Gardens - board 507,42,real_sensor_board_507,17.003445275299804,1,weak_multivariate_excursion
2015-05-09 11:30:00+00:00,21.6,Fitzroy Gardens,507,36.3,96.1,-37.8149218,144.9822582,ENV,REAL_507,Real sensor series - Fitzroy Gardens - board 507,42,real_sensor_board_507,17.022756220239845,1,weak_multivariate_excursion
2015-05-09 11:40:00+00:00,21.3,Fitzroy Gardens,507,36.2,96.1,-37.8149218,144.9822582,ENV,REAL_507,Real sensor series - Fitzroy Gardens - board 507,42,real_sensor_board_507,17.038204976191878,1,weak_multivariate_excursion
2015-05-09 12:00:00+00:00,17.1,Fitzroy Gardens,507,43.1,93.1,-37.8149218,144.9822582,ENV,REAL_507,Real sensor series - Fitzroy Gardens - board 507,42,real_sensor_board_507,17.050563980953505,0,normal
2015-05-09 12:10:00+00:00,17.1,Fitzroy Gardens,507,41.5,92.4,-37.8149218,144.9822582,ENV,REAL_507,Real sensor series - Fitzroy Gardens - board 507,42,real_sensor_board_507,17.060451184762805,0,normal
2015-05-09 12:20:00+00:00,17.7,Fitzroy Gardens,507,40.6,92.7,-37.8149218,144.9822582,ENV,REAL_507,Real sensor series - Fitzroy Gardens - board 507,42,real_sensor_board_507,17.068360947810245,0,normal
2015-05-09 12:30:00+00:00,17.1,Fitzroy Gardens,507,40.3,91.2,-37.8149218,144.9822582,ENV,REAL_507,Real sensor series - Fitzroy Gardens - board 507,42,real_sensor_board_507,17.074688758248197,0,normal
2015-05-09 12:40:00+00:00,17.1,Fitzroy Gardens,507,40.9,92.3,-37.8149218,144.9822582,ENV,REAL_507,Real sensor series - Fitzroy Gardens - board 507,42,real_sensor_board_507,17.07975100659856,0,normal
2015-05-09 12:50:00+00:00,17.1,Fitzroy Gardens,507,40.7,93.2,-37.8149218,144.9822582,ENV,REAL_507,Real sensor series - Fitzroy Gardens - board 507,42,real_sensor_board_507,17.083800805278848,0,normal
2015-05-09 13:00:00+00:00,17.4,Fitzroy Gardens,507,39.9,93.4,-37.8149218,144.9822582,ENV,REAL_507,Real sensor series - Fitzroy Gardens - board 507,42,real_sensor_board_507,17.08704064422308,0,normal
2015-05-09 13:10:00+00:00,17.7,Fitzroy Gardens,507,39.2,93.5,-37.8149218,144.9822582,ENV,REAL_507,Real sensor series - Fitzroy Gardens - board 507,42,real_sensor_board_507,17.089632515378465,0,normal
2015-05-09 13:20:00+00:00,17.4,Fitzroy Gardens,507,39.3,93.0,-37.8149218,144.9822582,ENV,REAL_507,Real sensor series - Fitzroy Gardens - board 507,42,real_sensor_board_507,17.091706012302772,0,normal
2015-05-09 13:30:00+00:00,17.1,Fitzroy Gardens,507,40.4,91.4,-37.8149218,144.9822582,ENV,REAL_507,Real sensor series - Fitzroy Gardens - board 507,42,real_sensor_board_507,17.09336480984222,0,normal
2015-05-09 13:55:00+00:00,17.7,Fitzroy Gardens,507,40.6,95.0,-37.8149218,144.9822582,ENV,REAL_507,Real sensor series - Fitzroy Gardens - board 507,42,real_sensor_board_507,17.09469184787378,0,normal
2015-05-09 14:05:00+00:00,18.1,Fitzroy Gardens,507,38.8,96.2,-37.8149218,144.9822582,ENV,REAL_507,Real sensor series - Fitzroy Gardens - board 507,42,real_sensor_board_507,17.095753478299024,1,weak_multivariate_excursion
2015-05-09 18:50:00+00:00,14.5,Fitzroy Gardens,507,53.0,0.8,-37.8149218,144.9822582,ENV,REAL_507,Real sensor series - Fitzroy Gardens - board 507,42,real_sensor_board_507,17.09660278263922,1,weak_multivariate_excursion
2015-05-11 18:15:00+00:00,12.9,Fitzroy Gardens,507,51.9,0.8,-37.8149218,144.9822582,ENV,REAL_507,Real sensor series - Fitzroy Gardens - board 507,42,real_sensor_board_507,17.09728222611138,1,weak_multivariate_excursion
2015-05-12 04:10:00+00:00,13.5,Fitzroy Gardens,507,49.1,0.8,-37.8149218,144.9822582,ENV,REAL_507,Real sensor series - Fitzroy Gardens - board 507,42,real_sensor_board_507,17.037825780889104,1,weak_multivariate_excursion
2015-05-14 14:30:00+00:00,12.9,Fitzroy Gardens,507,62.3,90.6,-37.8149218,144.9822582,ENV,REAL_507,Real sensor series - Fitzroy Gardens - board 507,42,real_sensor_board_507,16.930260624711284,1,weak_multivariate_excursion
2015-05-15 10:00:00+00:00,12.3,Fitzroy Gardens,507,63.0,85.2,-37.8149218,144.9822582,ENV,REAL_507,Real sensor series - Fitzroy Gardens - board 507,42,real_sensor_board_507,16.844208499769028,1,weak_multivariate_excursion
2015-05-17 18:40:00+00:00,14.8,Fitzroy Gardens,507,48.3,3.7,-37.8149218,144.9822582,ENV,REAL_507,Real sensor series - Fitzroy Gardens - board 507,42,real_sensor_board_507,16.775366799815224,1,weak_multivariate_excursion
2015-05-18 18:25:00+00:00,14.2,Fitzroy Gardens,507,47.7,0.7,-37.8149218,144.9822582,ENV,REAL_507,Real sensor series - Fitzroy Gardens - board 507,42,real_sensor_board_507,16.65029343985218,1,weak_multivariate_excursion
2015-05-19 10:00:00+00:00,11.6,Fitzroy Gardens,507,65.5,71.2,-37.8149218,144.9822582,ENV,REAL_507,Real sensor series - Fitzroy Gardens - board 507,42,real_sensor_board_507,16.480234751881746,1,weak_multivariate_excursion
2015-05-20 10:40:00+00:00,15.8,Fitzroy Gardens,507,45.6,93.1,-37.8149218,144.9822582,ENV,REAL_507,Real sensor series - Fitzroy Gardens - board 507,42,real_sensor_board_507,16.314187801505398,1,weak_multivariate_excursion
2015-05-20 11:00:00+00:00,18.1,Fitzroy Gardens,507,39.2,95.9,-37.8149218,144.9822582,ENV,REAL_507,Real sensor series - Fitzroy Gardens - board 507,42,real_sensor_board_507,16.15135024120432,1,weak_multivariate_excursion
2015-05-20 11:10:00+00:00,16.5,Fitzroy Gardens,507,41.7,92.9,-37.8149218,144.9822582,ENV,REAL_507,Real sensor series - Fitzroy Gardens - board 507,42,real_sensor_board_507,15.951080192963456,0,normal
2015-05-20 13:55:00+00:00,16.5,Fitzroy Gardens,507,42.9,90.4,-37.8149218,144.9822582,ENV,REAL_507,Real sensor series - Fitzroy Gardens - board 507,42,real_sensor_board_507,15.720864154370766,1,weak_multivariate_excursion
2015-05-20 14:45:00+00:00,15.5,Fitzroy Gardens,507,45.6,77.4,-37.8149218,144.9822582,ENV,REAL_507,Real sensor series - Fitzroy Gardens - board 507,42,real_sensor_board_507,15.506691323496613,1,weak_multivariate_excursion
2015-05-22 14:20:00+00:00,12.9,Fitzroy Gardens,507,49.1,93.9,-37.8149218,144.9822582,ENV,REAL_507,Real sensor series - Fitzroy Gardens - board 507,42,real_sensor_board_507,15.30535305879729,1,weak_multivariate_excursion
2015-05-26 14:10:00+00:00,14.5,Fitzroy Gardens,507,44.5,90.4,-37.8149218,144.9822582,ENV,REAL_507,Real sensor series - Fitzroy Gardens - board 507,42,real_sensor_board_507,15.144282447037833,1,weak_multivariate_excursion
