timestamp,temp_clean,temp_observed,is_anomaly,anomaly_type,scenario_id,scenario_name,seed,dataset_name
2025-01-01 00:00:00,4.218632409324003,4.218632409324003,0,normal,SF,Field-like cold-chain signal,42,field_like_temperature
2025-01-01 00:05:00,4.2166143625105645,4.2166143625105645,0,normal,SF,Field-like cold-chain signal,42,field_like_temperature
2025-01-01 00:10:00,4.293712584266612,4.293712584266612,0,normal,SF,Field-like cold-chain signal,42,field_like_temperature
2025-01-01 00:15:00,4.237028288423091,4.237028288423091,0,normal,SF,Field-like cold-chain signal,42,field_like_temperature
2025-01-01 00:20:00,4.212914512953309,4.212914512953309,0,normal,SF,Field-like cold-chain signal,42,field_like_temperature
2025-01-01 00:25:00,4.241465382597277,4.241465382597277,0,normal,SF,Field-like cold-chain signal,42,field_like_temperature
2025-01-01 00:30:00,4.255496080446247,4.255496080446247,0,normal,SF,Field-like cold-chain signal,42,field_like_temperature
2025-01-01 00:35:00,4.174235898481536,4.174235898481536,0,normal,SF,Field-like cold-chain signal,42,field_like_temperature
2025-01-01 00:40:00,4.401528368905546,4.401528368905546,0,normal,SF,Field-like cold-chain signal,42,field_like_temperature
2025-01-01 00:45:00,4.300164135974601,4.300164135974601,0,normal,SF,Field-like cold-chain signal,42,field_like_temperature
2025-01-01 00:50:00,4.292797188384267,4.292797188384267,0,normal,SF,Field-like cold-chain signal,42,field_like_temperature
2025-01-01 00:55:00,4.321144980806292,4.321144980806292,0,normal,SF,Field-like cold-chain signal,42,field_like_temperature
2025-01-01 01:00:00,4.333907608251655,4.333907608251655,0,normal,SF,Field-like cold-chain signal,42,field_like_temperature
2025-01-01 01:05:00,4.299416398770232,4.299416398770232,0,normal,SF,Field-like cold-chain signal,42,field_like_temperature
2025-01-01 01:10:00,4.282842253944689,4.282842253944689,0,normal,SF,Field-like cold-chain signal,42,field_like_temperature
2025-01-01 01:15:00,4.352286816556713,4.352286816556713,0,normal,SF,Field-like cold-chain signal,42,field_like_temperature
2025-01-01 01:20:00,4.349456063252176,4.349456063252176,0,normal,SF,Field-like cold-chain signal,42,field_like_temperature
2025-01-01 01:25:00,4.297475081974135,4.297475081974135,0,normal,SF,Field-like cold-chain signal,42,field_like_temperature
2025-01-01 01:30:00,4.416659846255322,4.416659846255322,0,normal,SF,Field-like cold-chain signal,42,field_like_temperature
2025-01-01 01:35:00,4.368050174393538,4.368050174393538,0,normal,SF,Field-like cold-chain signal,42,field_like_temperature
2025-01-01 01:40:00,4.397480721134775,4.397480721134775,0,normal,SF,Field-like cold-chain signal,42,field_like_temperature
2025-01-01 01:45:00,4.438122328760157,4.438122328760157,0,normal,SF,Field-like cold-chain signal,42,field_like_temperature
2025-01-01 01:50:00,4.377083318568537,4.377083318568537,0,normal,SF,Field-like cold-chain signal,42,field_like_temperature
2025-01-01 01:55:00,4.399221878712803,4.399221878712803,0,normal,SF,Field-like cold-chain signal,42,field_like_temperature
2025-01-01 02:00:00,4.431180631415454,4.431180631415454,0,normal,SF,Field-like cold-chain signal,42,field_like_temperature
2025-01-01 02:05:00,4.361657617393974,4.361657617393974,0,normal,SF,Field-like cold-chain signal,42,field_like_temperature
2025-01-01 02:10:00,4.407737928128875,4.407737928128875,0,normal,SF,Field-like cold-chain signal,42,field_like_temperature
2025-01-01 02:15:00,4.418357620508095,4.418357620508095,0,normal,SF,Field-like cold-chain signal,42,field_like_temperature
2025-01-01 02:20:00,4.371229226649469,4.371229226649469,0,normal,SF,Field-like cold-chain signal,42,field_like_temperature
2025-01-01 02:25:00,4.541770061731323,4.541770061731323,0,normal,SF,Field-like cold-chain signal,42,field_like_temperature
2025-01-01 02:30:00,4.3622807568114395,4.3622807568114395,0,normal,SF,Field-like cold-chain signal,42,field_like_temperature
2025-01-01 02:35:00,4.374395659621121,4.374395659621121,0,normal,SF,Field-like cold-chain signal,42,field_like_temperature
2025-01-01 02:40:00,4.511562957319478,4.511562957319478,0,normal,SF,Field-like cold-chain signal,42,field_like_temperature
2025-01-01 02:45:00,4.487958241123529,4.487958241123529,0,normal,SF,Field-like cold-chain signal,42,field_like_temperature
2025-01-01 02:50:00,4.407329743460884,4.407329743460884,0,normal,SF,Field-like cold-chain signal,42,field_like_temperature
2025-01-01 02:55:00,4.495212528207366,4.495212528207366,0,normal,SF,Field-like cold-chain signal,42,field_like_temperature
2025-01-01 03:00:00,4.544345065421193,4.544345065421193,0,normal,SF,Field-like cold-chain signal,42,field_like_temperature
2025-01-01 03:05:00,4.47542561868164,4.47542561868164,0,normal,SF,Field-like cold-chain signal,42,field_like_temperature
2025-01-01 03:10:00,4.612745353766375,4.612745353766375,0,normal,SF,Field-like cold-chain signal,42,field_like_temperature
2025-01-01 03:15:00,4.402343267651594,4.402343267651594,0,normal,SF,Field-like cold-chain signal,42,field_like_temperature
2025-01-01 03:20:00,4.528853954434638,4.528853954434638,0,normal,SF,Field-like cold-chain signal,42,field_like_temperature
2025-01-01 03:25:00,4.557977517714635,4.557977517714635,0,normal,SF,Field-like cold-chain signal,42,field_like_temperature
2025-01-01 03:30:00,4.549576193006017,4.549576193006017,0,normal,SF,Field-like cold-chain signal,42,field_like_temperature
2025-01-01 03:35:00,4.500016430562646,4.500016430562646,0,normal,SF,Field-like cold-chain signal,42,field_like_temperature
2025-01-01 03:40:00,4.500802490707072,4.500802490707072,0,normal,SF,Field-like cold-chain signal,42,field_like_temperature
2025-01-01 03:45:00,4.542485171162673,4.542485171162673,0,normal,SF,Field-like cold-chain signal,42,field_like_temperature
2025-01-01 03:50:00,4.565879920529693,4.565879920529693,0,normal,SF,Field-like cold-chain signal,42,field_like_temperature
2025-01-01 03:55:00,4.559889089220675,4.559889089220675,0,normal,SF,Field-like cold-chain signal,42,field_like_temperature
2025-01-01 04:00:00,4.586298539486887,4.586298539486887,0,normal,SF,Field-like cold-chain signal,42,field_like_temperature
2025-01-01 04:05:00,4.4877375174677585,4.4877375174677585,0,normal,SF,Field-like cold-chain signal,42,field_like_temperature
2025-01-01 04:10:00,4.531531184746911,4.531531184746911,0,normal,SF,Field-like cold-chain signal,42,field_like_temperature
2025-01-01 04:15:00,4.500009278183478,4.500009278183478,0,normal,SF,Field-like cold-chain signal,42,field_like_temperature
2025-01-01 04:20:00,4.5316447448101,4.5316447448101,0,normal,SF,Field-like cold-chain signal,42,field_like_temperature
2025-01-01 04:25:00,4.605500120920884,4.605500120920884,0,normal,SF,Field-like cold-chain signal,42,field_like_temperature
2025-01-01 04:30:00,4.563773836993598,4.563773836993598,0,normal,SF,Field-like cold-chain signal,42,field_like_temperature
2025-01-01 04:35:00,4.692198596255394,4.692198596255394,0,normal,SF,Field-like cold-chain signal,42,field_like_temperature
2025-01-01 04:40:00,4.5748510199745045,4.5748510199745045,0,normal,SF,Field-like cold-chain signal,42,field_like_temperature
2025-01-01 04:45:00,4.571333133306623,4.571333133306623,0,normal,SF,Field-like cold-chain signal,42,field_like_temperature
2025-01-01 04:50:00,4.576667079342057,4.576667079342057,0,normal,SF,Field-like cold-chain signal,42,field_like_temperature
2025-01-01 04:55:00,4.542317306622907,4.542317306622907,0,normal,SF,Field-like cold-chain signal,42,field_like_temperature
2025-01-01 05:00:00,4.574005065347673,4.574005065347673,0,normal,SF,Field-like cold-chain signal,42,field_like_temperature
2025-01-01 05:05:00,4.635813807958919,4.635813807958919,0,normal,SF,Field-like cold-chain signal,42,field_like_temperature
2025-01-01 05:10:00,4.587487892310105,4.587487892310105,0,normal,SF,Field-like cold-chain signal,42,field_like_temperature
2025-01-01 05:15:00,4.544317929126718,4.544317929126718,0,normal,SF,Field-like cold-chain signal,42,field_like_temperature
2025-01-01 05:20:00,4.539774085902891,4.539774085902891,0,normal,SF,Field-like cold-chain signal,42,field_like_temperature
2025-01-01 05:25:00,4.565390786185073,4.565390786185073,0,normal,SF,Field-like cold-chain signal,42,field_like_temperature
2025-01-01 05:30:00,4.593301174906966,4.593301174906966,0,normal,SF,Field-like cold-chain signal,42,field_like_temperature
2025-01-01 05:35:00,4.650828485371738,4.650828485371738,0,normal,SF,Field-like cold-chain signal,42,field_like_temperature
2025-01-01 05:40:00,4.5254994679722,4.5254994679722,0,normal,SF,Field-like cold-chain signal,42,field_like_temperature
2025-01-01 05:45:00,4.577740545485409,4.577740545485409,0,normal,SF,Field-like cold-chain signal,42,field_like_temperature
2025-01-01 05:50:00,4.601988248451046,4.601988248451046,0,normal,SF,Field-like cold-chain signal,42,field_like_temperature
2025-01-01 05:55:00,4.503961065950699,4.503961065950699,0,normal,SF,Field-like cold-chain signal,42,field_like_temperature
2025-01-01 06:00:00,4.554672635007922,4.554672635007922,0,normal,SF,Field-like cold-chain signal,42,field_like_temperature
2025-01-01 06:05:00,4.562896853463721,4.562896853463721,0,normal,SF,Field-like cold-chain signal,42,field_like_temperature
2025-01-01 06:10:00,4.55746405732189,4.55746405732189,0,normal,SF,Field-like cold-chain signal,42,field_like_temperature
2025-01-01 06:15:00,4.607061020180068,4.607061020180068,0,normal,SF,Field-like cold-chain signal,42,field_like_temperature
2025-01-01 06:20:00,4.589475387025595,4.589475387025595,0,normal,SF,Field-like cold-chain signal,42,field_like_temperature
2025-01-01 06:25:00,4.569609010037178,4.569609010037178,0,normal,SF,Field-like cold-chain signal,42,field_like_temperature
2025-01-01 06:30:00,4.618474861693532,4.618474861693532,0,normal,SF,Field-like cold-chain signal,42,field_like_temperature
2025-01-01 06:35:00,4.682767772246528,4.682767772246528,0,normal,SF,Field-like cold-chain signal,42,field_like_temperature
2025-01-01 06:40:00,4.677948560890211,4.677948560890211,0,normal,SF,Field-like cold-chain signal,42,field_like_temperature
2025-01-01 06:45:00,4.499053818099638,4.499053818099638,0,normal,SF,Field-like cold-chain signal,42,field_like_temperature
2025-01-01 06:50:00,4.623088318872655,4.623088318872655,0,normal,SF,Field-like cold-chain signal,42,field_like_temperature
2025-01-01 06:55:00,4.584212215631107,4.584212215631107,0,normal,SF,Field-like cold-chain signal,42,field_like_temperature
2025-01-01 07:00:00,4.599586998776236,4.599586998776236,0,normal,SF,Field-like cold-chain signal,42,field_like_temperature
2025-01-01 07:05:00,4.570469003100502,4.570469003100502,0,normal,SF,Field-like cold-chain signal,42,field_like_temperature
2025-01-01 07:10:00,4.5946555482648845,4.5946555482648845,0,normal,SF,Field-like cold-chain signal,42,field_like_temperature
2025-01-01 07:15:00,4.594579530753364,4.594579530753364,0,normal,SF,Field-like cold-chain signal,42,field_like_temperature
2025-01-01 07:20:00,4.5561358184200085,4.5561358184200085,0,normal,SF,Field-like cold-chain signal,42,field_like_temperature
2025-01-01 07:25:00,4.538181669460585,4.538181669460585,0,normal,SF,Field-like cold-chain signal,42,field_like_temperature
2025-01-01 07:30:00,4.558325567102741,4.558325567102741,0,normal,SF,Field-like cold-chain signal,42,field_like_temperature
2025-01-01 07:35:00,4.590078625160168,4.590078625160168,0,normal,SF,Field-like cold-chain signal,42,field_like_temperature
2025-01-01 07:40:00,4.605767211820432,4.605767211820432,0,normal,SF,Field-like cold-chain signal,42,field_like_temperature
2025-01-01 07:45:00,4.615784486861089,4.615784486861089,0,normal,SF,Field-like cold-chain signal,42,field_like_temperature
2025-01-01 07:50:00,4.545556650797819,4.545556650797819,0,normal,SF,Field-like cold-chain signal,42,field_like_temperature
2025-01-01 07:55:00,4.581458596341576,4.581458596341576,0,normal,SF,Field-like cold-chain signal,42,field_like_temperature
2025-01-01 08:00:00,4.612244517383589,4.612244517383589,0,normal,SF,Field-like cold-chain signal,42,field_like_temperature
2025-01-01 08:05:00,4.61910672738476,4.61910672738476,0,normal,SF,Field-like cold-chain signal,42,field_like_temperature
2025-01-01 08:10:00,4.5544493497263705,4.5544493497263705,0,normal,SF,Field-like cold-chain signal,42,field_like_temperature
2025-01-01 08:15:00,4.542766738689524,4.542766738689524,0,normal,SF,Field-like cold-chain signal,42,field_like_temperature
2025-01-01 08:20:00,4.559652166454072,4.559652166454072,0,normal,SF,Field-like cold-chain signal,42,field_like_temperature
2025-01-01 08:25:00,4.488755548833967,4.488755548833967,0,normal,SF,Field-like cold-chain signal,42,field_like_temperature
2025-01-01 08:30:00,4.532569858071401,4.532569858071401,0,normal,SF,Field-like cold-chain signal,42,field_like_temperature
2025-01-01 08:35:00,4.575355677616828,4.575355677616828,0,normal,SF,Field-like cold-chain signal,42,field_like_temperature
2025-01-01 08:40:00,4.5659685835821895,4.5659685835821895,0,normal,SF,Field-like cold-chain signal,42,field_like_temperature
2025-01-01 08:45:00,4.515973855932298,4.515973855932298,0,normal,SF,Field-like cold-chain signal,42,field_like_temperature
2025-01-01 08:50:00,4.535862649904373,4.535862649904373,0,normal,SF,Field-like cold-chain signal,42,field_like_temperature
2025-01-01 08:55:00,4.479109635861996,4.479109635861996,0,normal,SF,Field-like cold-chain signal,42,field_like_temperature
2025-01-01 09:00:00,4.550760555787476,4.550760555787476,0,normal,SF,Field-like cold-chain signal,42,field_like_temperature
2025-01-01 09:05:00,4.506819584984513,4.506819584984513,0,normal,SF,Field-like cold-chain signal,42,field_like_temperature
2025-01-01 09:10:00,4.491921292065929,4.491921292065929,0,normal,SF,Field-like cold-chain signal,42,field_like_temperature
2025-01-01 09:15:00,4.482527021529122,4.482527021529122,0,normal,SF,Field-like cold-chain signal,42,field_like_temperature
2025-01-01 09:20:00,4.49225170446318,4.49225170446318,0,normal,SF,Field-like cold-chain signal,42,field_like_temperature
2025-01-01 09:25:00,4.46767728309555,4.46767728309555,0,normal,SF,Field-like cold-chain signal,42,field_like_temperature
2025-01-01 09:30:00,4.517547465992121,4.517547465992121,0,normal,SF,Field-like cold-chain signal,42,field_like_temperature
2025-01-01 09:35:00,4.459342514864353,4.459342514864353,0,normal,SF,Field-like cold-chain signal,42,field_like_temperature
2025-01-01 09:40:00,4.553121400561186,4.553121400561186,0,normal,SF,Field-like cold-chain signal,42,field_like_temperature
2025-01-01 09:45:00,4.541003292955473,4.541003292955473,0,normal,SF,Field-like cold-chain signal,42,field_like_temperature
2025-01-01 09:50:00,4.4173412224441835,4.4173412224441835,0,normal,SF,Field-like cold-chain signal,42,field_like_temperature
2025-01-01 09:55:00,4.459488329378928,4.459488329378928,0,normal,SF,Field-like cold-chain signal,42,field_like_temperature
2025-01-01 10:00:00,4.41746716893319,4.41746716893319,0,normal,SF,Field-like cold-chain signal,42,field_like_temperature
2025-01-01 10:05:00,4.427579787519184,4.427579787519184,0,normal,SF,Field-like cold-chain signal,42,field_like_temperature
2025-01-01 10:10:00,4.537864142458607,4.537864142458607,0,normal,SF,Field-like cold-chain signal,42,field_like_temperature
2025-01-01 10:15:00,4.416116433632419,4.416116433632419,0,normal,SF,Field-like cold-chain signal,42,field_like_temperature
2025-01-01 10:20:00,4.443183404699624,4.443183404699624,0,normal,SF,Field-like cold-chain signal,42,field_like_temperature
2025-01-01 10:25:00,4.44584339487505,4.44584339487505,0,normal,SF,Field-like cold-chain signal,42,field_like_temperature
2025-01-01 10:30:00,4.362282517411012,4.362282517411012,0,normal,SF,Field-like cold-chain signal,42,field_like_temperature
2025-01-01 10:35:00,4.363030628226616,4.363030628226616,0,normal,SF,Field-like cold-chain signal,42,field_like_temperature
2025-01-01 10:40:00,4.3388938212285595,4.3388938212285595,0,normal,SF,Field-like cold-chain signal,42,field_like_temperature
2025-01-01 10:45:00,4.348247453548559,4.348247453548559,0,normal,SF,Field-like cold-chain signal,42,field_like_temperature
2025-01-01 10:50:00,4.24334046561266,4.24334046561266,0,normal,SF,Field-like cold-chain signal,42,field_like_temperature
2025-01-01 10:55:00,4.406315445655728,4.406315445655728,0,normal,SF,Field-like cold-chain signal,42,field_like_temperature
2025-01-01 11:00:00,4.47499221310094,4.47499221310094,0,normal,SF,Field-like cold-chain signal,42,field_like_temperature
2025-01-01 11:05:00,4.372825083693975,4.372825083693975,0,normal,SF,Field-like cold-chain signal,42,field_like_temperature
2025-01-01 11:10:00,4.2877309697081145,4.2877309697081145,0,normal,SF,Field-like cold-chain signal,42,field_like_temperature
2025-01-01 11:15:00,4.319478328513588,4.319478328513588,0,normal,SF,Field-like cold-chain signal,42,field_like_temperature
2025-01-01 11:20:00,4.3217119554527885,4.3217119554527885,0,normal,SF,Field-like cold-chain signal,42,field_like_temperature
2025-01-01 11:25:00,4.286784685460062,4.286784685460062,0,normal,SF,Field-like cold-chain signal,42,field_like_temperature
2025-01-01 11:30:00,4.3736542347355005,4.3736542347355005,0,normal,SF,Field-like cold-chain signal,42,field_like_temperature
2025-01-01 11:35:00,4.364115922806399,4.364115922806399,0,normal,SF,Field-like cold-chain signal,42,field_like_temperature
2025-01-01 11:40:00,4.258768385723455,1.858768385723455,1,sensor_spike,SF,Field-like cold-chain signal,42,field_like_temperature
2025-01-01 11:45:00,4.34571692595851,4.34571692595851,0,normal,SF,Field-like cold-chain signal,42,field_like_temperature
2025-01-01 11:50:00,4.378712862113372,4.378712862113372,0,normal,SF,Field-like cold-chain signal,42,field_like_temperature
2025-01-01 11:55:00,4.39040056986919,4.39040056986919,0,normal,SF,Field-like cold-chain signal,42,field_like_temperature
2025-01-01 12:00:00,4.43142838899817,4.43142838899817,0,normal,SF,Field-like cold-chain signal,42,field_like_temperature
2025-01-01 12:05:00,4.2359616050202815,4.2359616050202815,0,normal,SF,Field-like cold-chain signal,42,field_like_temperature
2025-01-01 12:10:00,4.415167653754595,4.415167653754595,0,normal,SF,Field-like cold-chain signal,42,field_like_temperature
2025-01-01 12:15:00,4.24914727542961,4.24914727542961,0,normal,SF,Field-like cold-chain signal,42,field_like_temperature
2025-01-01 12:20:00,4.2301444707421005,4.2301444707421005,0,normal,SF,Field-like cold-chain signal,42,field_like_temperature
2025-01-01 12:25:00,4.269044310752139,4.269044310752139,0,normal,SF,Field-like cold-chain signal,42,field_like_temperature
2025-01-01 12:30:00,4.21652698036964,4.21652698036964,0,normal,SF,Field-like cold-chain signal,42,field_like_temperature
2025-01-01 12:35:00,4.2585416138710235,4.2585416138710235,0,normal,SF,Field-like cold-chain signal,42,field_like_temperature
2025-01-01 12:40:00,4.1655684997285585,4.1655684997285585,0,normal,SF,Field-like cold-chain signal,42,field_like_temperature
2025-01-01 12:45:00,4.212644849587658,4.212644849587658,0,normal,SF,Field-like cold-chain signal,42,field_like_temperature
2025-01-01 12:50:00,4.281902442335391,4.281902442335391,0,normal,SF,Field-like cold-chain signal,42,field_like_temperature
2025-01-01 12:55:00,4.207845393941891,4.207845393941891,0,normal,SF,Field-like cold-chain signal,42,field_like_temperature
2025-01-01 13:00:00,4.210891182208587,4.210891182208587,0,normal,SF,Field-like cold-chain signal,42,field_like_temperature
2025-01-01 13:05:00,4.220728574609396,4.220728574609396,0,normal,SF,Field-like cold-chain signal,42,field_like_temperature
2025-01-01 13:10:00,4.248697784681052,4.248697784681052,0,normal,SF,Field-like cold-chain signal,42,field_like_temperature
2025-01-01 13:15:00,4.1006508018315095,4.1006508018315095,0,normal,SF,Field-like cold-chain signal,42,field_like_temperature
2025-01-01 13:20:00,4.205937293880869,4.205937293880869,0,normal,SF,Field-like cold-chain signal,42,field_like_temperature
2025-01-01 13:25:00,4.156658326585061,4.156658326585061,0,normal,SF,Field-like cold-chain signal,42,field_like_temperature
2025-01-01 13:30:00,4.171809900687338,4.171809900687338,0,normal,SF,Field-like cold-chain signal,42,field_like_temperature
2025-01-01 13:35:00,4.209950129906969,4.209950129906969,0,normal,SF,Field-like cold-chain signal,42,field_like_temperature
2025-01-01 13:40:00,4.090783130168739,4.090783130168739,0,normal,SF,Field-like cold-chain signal,42,field_like_temperature
2025-01-01 13:45:00,4.093468608616205,4.093468608616205,0,normal,SF,Field-like cold-chain signal,42,field_like_temperature
2025-01-01 13:50:00,4.041009494614408,4.041009494614408,0,normal,SF,Field-like cold-chain signal,42,field_like_temperature
2025-01-01 13:55:00,4.104078233690152,4.104078233690152,0,normal,SF,Field-like cold-chain signal,42,field_like_temperature
2025-01-01 14:00:00,4.19189120817277,4.19189120817277,0,normal,SF,Field-like cold-chain signal,42,field_like_temperature
2025-01-01 14:05:00,4.113255021335345,4.113255021335345,0,normal,SF,Field-like cold-chain signal,42,field_like_temperature
2025-01-01 14:10:00,4.046277423438221,4.046277423438221,0,normal,SF,Field-like cold-chain signal,42,field_like_temperature
2025-01-01 14:15:00,4.083086593044328,4.083086593044328,0,normal,SF,Field-like cold-chain signal,42,field_like_temperature
2025-01-01 14:20:00,4.027154916111978,4.027154916111978,0,normal,SF,Field-like cold-chain signal,42,field_like_temperature
2025-01-01 14:25:00,4.039559766535142,4.039559766535142,0,normal,SF,Field-like cold-chain signal,42,field_like_temperature
2025-01-01 14:30:00,4.109627631714196,4.109627631714196,0,normal,SF,Field-like cold-chain signal,42,field_like_temperature
2025-01-01 14:35:00,4.0259600767876185,4.0259600767876185,0,normal,SF,Field-like cold-chain signal,42,field_like_temperature
2025-01-01 14:40:00,4.134854807438726,4.134854807438726,0,normal,SF,Field-like cold-chain signal,42,field_like_temperature
2025-01-01 14:45:00,4.070341519149711,4.070341519149711,0,normal,SF,Field-like cold-chain signal,42,field_like_temperature
2025-01-01 14:50:00,4.072959552176723,4.072959552176723,0,normal,SF,Field-like cold-chain signal,42,field_like_temperature
2025-01-01 14:55:00,4.049653990764206,4.049653990764206,0,normal,SF,Field-like cold-chain signal,42,field_like_temperature
2025-01-01 15:00:00,4.097221035689877,4.097221035689877,0,normal,SF,Field-like cold-chain signal,42,field_like_temperature
2025-01-01 15:05:00,4.092858414011429,4.092858414011429,0,normal,SF,Field-like cold-chain signal,42,field_like_temperature
2025-01-01 15:10:00,4.065693217085192,4.065693217085192,0,normal,SF,Field-like cold-chain signal,42,field_like_temperature
2025-01-01 15:15:00,4.072540814191438,4.072540814191438,0,normal,SF,Field-like cold-chain signal,42,field_like_temperature
2025-01-01 15:20:00,4.0291809314631335,4.0291809314631335,0,normal,SF,Field-like cold-chain signal,42,field_like_temperature
2025-01-01 15:25:00,4.062505175571907,4.062505175571907,0,normal,SF,Field-like cold-chain signal,42,field_like_temperature
2025-01-01 15:30:00,4.01423859777622,4.01423859777622,0,normal,SF,Field-like cold-chain signal,42,field_like_temperature
2025-01-01 15:35:00,4.027111615096861,4.027111615096861,0,normal,SF,Field-like cold-chain signal,42,field_like_temperature
2025-01-01 15:40:00,4.009267652273413,4.009267652273413,0,normal,SF,Field-like cold-chain signal,42,field_like_temperature
2025-01-01 15:45:00,3.9962730851435024,3.9962730851435024,0,normal,SF,Field-like cold-chain signal,42,field_like_temperature
2025-01-01 15:50:00,3.9809490046009186,3.9809490046009186,0,normal,SF,Field-like cold-chain signal,42,field_like_temperature
2025-01-01 15:55:00,4.035198069580438,4.035198069580438,0,normal,SF,Field-like cold-chain signal,42,field_like_temperature
2025-01-01 16:00:00,4.073893128137729,4.073893128137729,0,normal,SF,Field-like cold-chain signal,42,field_like_temperature
2025-01-01 16:05:00,4.0636093403451055,4.0636093403451055,0,normal,SF,Field-like cold-chain signal,42,field_like_temperature
2025-01-01 16:10:00,3.939061299708701,3.939061299708701,0,normal,SF,Field-like cold-chain signal,42,field_like_temperature
2025-01-01 16:15:00,4.06333066415575,4.06333066415575,0,normal,SF,Field-like cold-chain signal,42,field_like_temperature
2025-01-01 16:20:00,3.980090786489692,3.980090786489692,0,normal,SF,Field-like cold-chain signal,42,field_like_temperature
2025-01-01 16:25:00,4.023312380723081,4.023312380723081,0,normal,SF,Field-like cold-chain signal,42,field_like_temperature
2025-01-01 16:30:00,3.945392291858694,3.945392291858694,0,normal,SF,Field-like cold-chain signal,42,field_like_temperature
2025-01-01 16:35:00,3.9953811119121005,3.9953811119121005,0,normal,SF,Field-like cold-chain signal,42,field_like_temperature
2025-01-01 16:40:00,4.001700408337624,4.001700408337624,0,normal,SF,Field-like cold-chain signal,42,field_like_temperature
2025-01-01 16:45:00,3.9096704898917496,3.9096704898917496,0,normal,SF,Field-like cold-chain signal,42,field_like_temperature
2025-01-01 16:50:00,4.012356113063488,4.012356113063488,0,normal,SF,Field-like cold-chain signal,42,field_like_temperature
2025-01-01 16:55:00,4.047438197969169,4.047438197969169,0,normal,SF,Field-like cold-chain signal,42,field_like_temperature
2025-01-01 17:00:00,3.96976545773329,3.96976545773329,0,normal,SF,Field-like cold-chain signal,42,field_like_temperature
2025-01-01 17:05:00,4.045021354570691,4.045021354570691,0,normal,SF,Field-like cold-chain signal,42,field_like_temperature
2025-01-01 17:10:00,3.966202946363265,3.966202946363265,0,normal,SF,Field-like cold-chain signal,42,field_like_temperature
2025-01-01 17:15:00,4.017001918043312,4.017001918043312,0,normal,SF,Field-like cold-chain signal,42,field_like_temperature
2025-01-01 17:20:00,3.8625904011891805,3.8625904011891805,0,normal,SF,Field-like cold-chain signal,42,field_like_temperature
2025-01-01 17:25:00,4.093615796363533,4.093615796363533,0,normal,SF,Field-like cold-chain signal,42,field_like_temperature
2025-01-01 17:30:00,4.046770211825,4.346770211825,1,door_opening_excursion,SF,Field-like cold-chain signal,42,field_like_temperature
2025-01-01 17:35:00,3.9572493067896977,4.364392163932555,1,door_opening_excursion,SF,Field-like cold-chain signal,42,field_like_temperature
2025-01-01 17:40:00,3.8725227308427925,4.386808445128507,1,door_opening_excursion,SF,Field-like cold-chain signal,42,field_like_temperature
2025-01-01 17:45:00,3.9853388671854226,4.6067674386139945,1,door_opening_excursion,SF,Field-like cold-chain signal,42,field_like_temperature
2025-01-01 17:50:00,3.8987153741852447,4.627286802756673,1,door_opening_excursion,SF,Field-like cold-chain signal,42,field_like_temperature
2025-01-01 17:55:00,3.993292658040029,4.829006943754314,1,door_opening_excursion,SF,Field-like cold-chain signal,42,field_like_temperature
2025-01-01 18:00:00,3.9919308351144562,4.934787977971599,1,door_opening_excursion,SF,Field-like cold-chain signal,42,field_like_temperature
2025-01-01 18:05:00,3.9247492293666824,4.974749229366682,1,door_opening_excursion,SF,Field-like cold-chain signal,42,field_like_temperature
2025-01-01 18:10:00,4.0284988013805165,5.185641658523373,1,door_opening_excursion,SF,Field-like cold-chain signal,42,field_like_temperature
2025-01-01 18:15:00,4.013524345281049,5.277810059566764,1,door_opening_excursion,SF,Field-like cold-chain signal,42,field_like_temperature
2025-01-01 18:20:00,4.022995829175667,5.394424400604239,1,door_opening_excursion,SF,Field-like cold-chain signal,42,field_like_temperature
2025-01-01 18:25:00,3.9757702074969576,5.454341636068387,1,door_opening_excursion,SF,Field-like cold-chain signal,42,field_like_temperature
2025-01-01 18:30:00,3.9058370234667836,5.4915513091810695,1,door_opening_excursion,SF,Field-like cold-chain signal,42,field_like_temperature
2025-01-01 18:35:00,4.026955547315919,5.719812690173062,1,door_opening_excursion,SF,Field-like cold-chain signal,42,field_like_temperature
2025-01-01 18:40:00,3.966154352372194,5.766154352372194,1,door_opening_excursion,SF,Field-like cold-chain signal,42,field_like_temperature
2025-01-01 18:45:00,3.9119565865446178,3.9119565865446178,0,normal,SF,Field-like cold-chain signal,42,field_like_temperature
2025-01-01 18:50:00,4.050981239116815,4.050981239116815,0,normal,SF,Field-like cold-chain signal,42,field_like_temperature
2025-01-01 18:55:00,4.090443574967648,4.090443574967648,0,normal,SF,Field-like cold-chain signal,42,field_like_temperature
2025-01-01 19:00:00,3.9856641395416794,3.9856641395416794,0,normal,SF,Field-like cold-chain signal,42,field_like_temperature
2025-01-01 19:05:00,4.098094460639749,4.098094460639749,0,normal,SF,Field-like cold-chain signal,42,field_like_temperature
2025-01-01 19:10:00,3.997273520540621,3.997273520540621,0,normal,SF,Field-like cold-chain signal,42,field_like_temperature
2025-01-01 19:15:00,3.976410832723992,3.976410832723992,0,normal,SF,Field-like cold-chain signal,42,field_like_temperature
2025-01-01 19:20:00,3.966791874439122,3.966791874439122,0,normal,SF,Field-like cold-chain signal,42,field_like_temperature
2025-01-01 19:25:00,4.083204199899992,4.083204199899992,0,normal,SF,Field-like cold-chain signal,42,field_like_temperature
2025-01-01 19:30:00,3.9655309942047747,3.9655309942047747,0,normal,SF,Field-like cold-chain signal,42,field_like_temperature
2025-01-01 19:35:00,4.044641228407885,4.044641228407885,0,normal,SF,Field-like cold-chain signal,42,field_like_temperature
2025-01-01 19:40:00,3.9834091778895293,3.9834091778895293,0,normal,SF,Field-like cold-chain signal,42,field_like_temperature
2025-01-01 19:45:00,3.991990164060059,3.991990164060059,0,normal,SF,Field-like cold-chain signal,42,field_like_temperature
2025-01-01 19:50:00,4.07030306715233,4.07030306715233,0,normal,SF,Field-like cold-chain signal,42,field_like_temperature
2025-01-01 19:55:00,4.003719118968564,4.003719118968564,0,normal,SF,Field-like cold-chain signal,42,field_like_temperature
2025-01-01 20:00:00,4.0065551502720975,4.0065551502720975,0,normal,SF,Field-like cold-chain signal,42,field_like_temperature
2025-01-01 20:05:00,4.087650902296581,4.087650902296581,0,normal,SF,Field-like cold-chain signal,42,field_like_temperature
2025-01-01 20:10:00,4.115236213017556,4.115236213017556,0,normal,SF,Field-like cold-chain signal,42,field_like_temperature
2025-01-01 20:15:00,4.072094526919241,4.072094526919241,0,normal,SF,Field-like cold-chain signal,42,field_like_temperature
2025-01-01 20:20:00,4.0117512517885645,4.0117512517885645,0,normal,SF,Field-like cold-chain signal,42,field_like_temperature
2025-01-01 20:25:00,4.023722976897628,4.023722976897628,0,normal,SF,Field-like cold-chain signal,42,field_like_temperature
2025-01-01 20:30:00,4.058144660984365,4.058144660984365,0,normal,SF,Field-like cold-chain signal,42,field_like_temperature
2025-01-01 20:35:00,4.075220544744583,4.075220544744583,0,normal,SF,Field-like cold-chain signal,42,field_like_temperature
2025-01-01 20:40:00,4.014933288330208,4.014933288330208,0,normal,SF,Field-like cold-chain signal,42,field_like_temperature
2025-01-01 20:45:00,4.105756109980808,4.105756109980808,0,normal,SF,Field-like cold-chain signal,42,field_like_temperature
2025-01-01 20:50:00,4.07928022357517,4.07928022357517,0,normal,SF,Field-like cold-chain signal,42,field_like_temperature
2025-01-01 20:55:00,3.9947397685700397,3.9947397685700397,0,normal,SF,Field-like cold-chain signal,42,field_like_temperature
2025-01-01 21:00:00,4.039717281089928,4.039717281089928,0,normal,SF,Field-like cold-chain signal,42,field_like_temperature
2025-01-01 21:05:00,4.066710838305293,4.066710838305293,0,normal,SF,Field-like cold-chain signal,42,field_like_temperature
2025-01-01 21:10:00,4.09414069713277,4.09414069713277,0,normal,SF,Field-like cold-chain signal,42,field_like_temperature
2025-01-01 21:15:00,4.1982238157200795,4.1982238157200795,0,normal,SF,Field-like cold-chain signal,42,field_like_temperature
2025-01-01 21:20:00,4.121752008861568,4.121752008861568,0,normal,SF,Field-like cold-chain signal,42,field_like_temperature
2025-01-01 21:25:00,4.073992926139036,4.073992926139036,0,normal,SF,Field-like cold-chain signal,42,field_like_temperature
2025-01-01 21:30:00,4.133352832714785,4.133352832714785,0,normal,SF,Field-like cold-chain signal,42,field_like_temperature
2025-01-01 21:35:00,4.111105507518207,4.111105507518207,0,normal,SF,Field-like cold-chain signal,42,field_like_temperature
2025-01-01 21:40:00,4.151432327309308,4.151432327309308,0,normal,SF,Field-like cold-chain signal,42,field_like_temperature
2025-01-01 21:45:00,4.170800278868683,4.170800278868683,0,normal,SF,Field-like cold-chain signal,42,field_like_temperature
2025-01-01 21:50:00,4.2089008600712905,4.2089008600712905,0,normal,SF,Field-like cold-chain signal,42,field_like_temperature
2025-01-01 21:55:00,4.15397934139688,4.15397934139688,0,normal,SF,Field-like cold-chain signal,42,field_like_temperature
2025-01-01 22:00:00,4.243979845026383,4.243979845026383,0,normal,SF,Field-like cold-chain signal,42,field_like_temperature
2025-01-01 22:05:00,4.214351785872941,4.214351785872941,0,normal,SF,Field-like cold-chain signal,42,field_like_temperature
2025-01-01 22:10:00,4.1405750192848965,4.1405750192848965,0,normal,SF,Field-like cold-chain signal,42,field_like_temperature
2025-01-01 22:15:00,4.293510423233108,4.293510423233108,0,normal,SF,Field-like cold-chain signal,42,field_like_temperature
2025-01-01 22:20:00,4.206509062072127,4.206509062072127,0,normal,SF,Field-like cold-chain signal,42,field_like_temperature
2025-01-01 22:25:00,4.155612579101398,4.155612579101398,0,normal,SF,Field-like cold-chain signal,42,field_like_temperature
2025-01-01 22:30:00,4.287288381110432,4.287288381110432,0,normal,SF,Field-like cold-chain signal,42,field_like_temperature
2025-01-01 22:35:00,4.315866641463262,4.315866641463262,0,normal,SF,Field-like cold-chain signal,42,field_like_temperature
2025-01-01 22:40:00,4.217719264835057,4.217719264835057,0,normal,SF,Field-like cold-chain signal,42,field_like_temperature
2025-01-01 22:45:00,4.201635107055903,4.201635107055903,0,normal,SF,Field-like cold-chain signal,42,field_like_temperature
2025-01-01 22:50:00,4.225696857498125,4.225696857498125,0,normal,SF,Field-like cold-chain signal,42,field_like_temperature
2025-01-01 22:55:00,4.277597611857457,4.277597611857457,0,normal,SF,Field-like cold-chain signal,42,field_like_temperature
2025-01-01 23:00:00,4.313343230940223,4.313343230940223,0,normal,SF,Field-like cold-chain signal,42,field_like_temperature
2025-01-01 23:05:00,4.28560458568192,4.28560458568192,0,normal,SF,Field-like cold-chain signal,42,field_like_temperature
2025-01-01 23:10:00,4.2698331239325125,4.2698331239325125,0,normal,SF,Field-like cold-chain signal,42,field_like_temperature
2025-01-01 23:15:00,4.347347676197948,4.347347676197948,0,normal,SF,Field-like cold-chain signal,42,field_like_temperature
2025-01-01 23:20:00,4.2645352072818845,4.2645352072818845,0,normal,SF,Field-like cold-chain signal,42,field_like_temperature
2025-01-01 23:25:00,4.33947918404033,4.33947918404033,0,normal,SF,Field-like cold-chain signal,42,field_like_temperature
2025-01-01 23:30:00,4.281308916469244,4.281308916469244,0,normal,SF,Field-like cold-chain signal,42,field_like_temperature
2025-01-01 23:35:00,4.325061094761275,4.325061094761275,0,normal,SF,Field-like cold-chain signal,42,field_like_temperature
2025-01-01 23:40:00,4.305645148138694,4.305645148138694,0,normal,SF,Field-like cold-chain signal,42,field_like_temperature
2025-01-01 23:45:00,4.316355815061075,4.316355815061075,0,normal,SF,Field-like cold-chain signal,42,field_like_temperature
2025-01-01 23:50:00,4.308112436829951,4.308112436829951,0,normal,SF,Field-like cold-chain signal,42,field_like_temperature
2025-01-01 23:55:00,4.4020623607272205,4.4020623607272205,0,normal,SF,Field-like cold-chain signal,42,field_like_temperature
2025-01-02 00:00:00,4.3060121755388465,4.3060121755388465,0,normal,SF,Field-like cold-chain signal,42,field_like_temperature
2025-01-02 00:05:00,4.3134829670811525,4.3134829670811525,0,normal,SF,Field-like cold-chain signal,42,field_like_temperature
2025-01-02 00:10:00,4.464374006482357,4.464374006482357,0,normal,SF,Field-like cold-chain signal,42,field_like_temperature
2025-01-02 00:15:00,4.415036465131845,4.415036465131845,0,normal,SF,Field-like cold-chain signal,42,field_like_temperature
2025-01-02 00:20:00,4.254694538421484,4.254694538421484,0,normal,SF,Field-like cold-chain signal,42,field_like_temperature
2025-01-02 00:25:00,4.3534761733583895,4.3534761733583895,0,normal,SF,Field-like cold-chain signal,42,field_like_temperature
2025-01-02 00:30:00,4.298907660629145,4.298907660629145,0,normal,SF,Field-like cold-chain signal,42,field_like_temperature
2025-01-02 00:35:00,4.349716128653598,4.349716128653598,0,normal,SF,Field-like cold-chain signal,42,field_like_temperature
2025-01-02 00:40:00,4.248040383262471,4.248040383262471,0,normal,SF,Field-like cold-chain signal,42,field_like_temperature
2025-01-02 00:45:00,4.405800419288996,4.405800419288996,0,normal,SF,Field-like cold-chain signal,42,field_like_temperature
2025-01-02 00:50:00,4.363201341901564,4.363201341901564,0,normal,SF,Field-like cold-chain signal,42,field_like_temperature
2025-01-02 00:55:00,4.430903423728305,4.430903423728305,0,normal,SF,Field-like cold-chain signal,42,field_like_temperature
2025-01-02 01:00:00,4.354219476785117,4.354219476785117,0,normal,SF,Field-like cold-chain signal,42,field_like_temperature
2025-01-02 01:05:00,4.4471426384065404,4.4471426384065404,0,normal,SF,Field-like cold-chain signal,42,field_like_temperature
2025-01-02 01:10:00,4.429723361977196,4.429723361977196,0,normal,SF,Field-like cold-chain signal,42,field_like_temperature
2025-01-02 01:15:00,4.532986097571549,4.532986097571549,0,normal,SF,Field-like cold-chain signal,42,field_like_temperature
2025-01-02 01:20:00,4.535819252192665,4.535819252192665,0,normal,SF,Field-like cold-chain signal,42,field_like_temperature
2025-01-02 01:25:00,4.511821904021799,4.511821904021799,0,normal,SF,Field-like cold-chain signal,42,field_like_temperature
2025-01-02 01:30:00,4.463464000354373,4.463464000354373,0,normal,SF,Field-like cold-chain signal,42,field_like_temperature
2025-01-02 01:35:00,4.58623724998264,4.58623724998264,0,normal,SF,Field-like cold-chain signal,42,field_like_temperature
2025-01-02 01:40:00,4.41642013743504,4.41642013743504,0,normal,SF,Field-like cold-chain signal,42,field_like_temperature
2025-01-02 01:45:00,4.4309244581747445,4.4309244581747445,0,normal,SF,Field-like cold-chain signal,42,field_like_temperature
2025-01-02 01:50:00,4.503867260705799,4.503867260705799,0,normal,SF,Field-like cold-chain signal,42,field_like_temperature
2025-01-02 01:55:00,4.627632640537244,4.627632640537244,0,normal,SF,Field-like cold-chain signal,42,field_like_temperature
2025-01-02 02:00:00,4.511605194766567,4.511605194766567,0,normal,SF,Field-like cold-chain signal,42,field_like_temperature
2025-01-02 02:05:00,4.519265199068406,4.519265199068406,0,normal,SF,Field-like cold-chain signal,42,field_like_temperature
2025-01-02 02:10:00,4.462948050808922,4.462948050808922,0,normal,SF,Field-like cold-chain signal,42,field_like_temperature
2025-01-02 02:15:00,4.5888638528808645,4.5888638528808645,0,normal,SF,Field-like cold-chain signal,42,field_like_temperature
2025-01-02 02:20:00,4.595654642956483,4.595654642956483,0,normal,SF,Field-like cold-chain signal,42,field_like_temperature
2025-01-02 02:25:00,4.593779696656076,4.593779696656076,0,normal,SF,Field-like cold-chain signal,42,field_like_temperature
2025-01-02 02:30:00,4.529093702645277,4.529093702645277,0,normal,SF,Field-like cold-chain signal,42,field_like_temperature
2025-01-02 02:35:00,4.5313439814927134,4.5313439814927134,0,normal,SF,Field-like cold-chain signal,42,field_like_temperature
2025-01-02 02:40:00,4.508040713821872,4.508040713821872,0,normal,SF,Field-like cold-chain signal,42,field_like_temperature
2025-01-02 02:45:00,4.5827980692317825,4.5827980692317825,0,normal,SF,Field-like cold-chain signal,42,field_like_temperature
2025-01-02 02:50:00,4.53037904643214,4.53037904643214,0,normal,SF,Field-like cold-chain signal,42,field_like_temperature
2025-01-02 02:55:00,4.5312081992453646,4.5312081992453646,0,normal,SF,Field-like cold-chain signal,42,field_like_temperature
2025-01-02 03:00:00,4.574456088659028,4.574456088659028,0,normal,SF,Field-like cold-chain signal,42,field_like_temperature
2025-01-02 03:05:00,4.5766238045318675,4.5766238045318675,0,normal,SF,Field-like cold-chain signal,42,field_like_temperature
2025-01-02 03:10:00,4.579500520946733,4.579500520946733,0,normal,SF,Field-like cold-chain signal,42,field_like_temperature
2025-01-02 03:15:00,4.634913870482606,4.634913870482606,0,normal,SF,Field-like cold-chain signal,42,field_like_temperature
2025-01-02 03:20:00,4.620608155510392,4.620608155510392,0,normal,SF,Field-like cold-chain signal,42,field_like_temperature
2025-01-02 03:25:00,4.607181652164986,4.607181652164986,0,normal,SF,Field-like cold-chain signal,42,field_like_temperature
2025-01-02 03:30:00,4.6355410447235785,4.6355410447235785,0,normal,SF,Field-like cold-chain signal,42,field_like_temperature
2025-01-02 03:35:00,4.581480001890345,4.581480001890345,0,normal,SF,Field-like cold-chain signal,42,field_like_temperature
2025-01-02 03:40:00,4.640849069442829,4.640849069442829,0,normal,SF,Field-like cold-chain signal,42,field_like_temperature
2025-01-02 03:45:00,4.647504757491362,4.647504757491362,0,normal,SF,Field-like cold-chain signal,42,field_like_temperature
2025-01-02 03:50:00,4.569070441418124,4.569070441418124,0,normal,SF,Field-like cold-chain signal,42,field_like_temperature
2025-01-02 03:55:00,4.698112293187397,4.698112293187397,0,normal,SF,Field-like cold-chain signal,42,field_like_temperature
2025-01-02 04:00:00,4.608215490368445,4.608215490368445,0,normal,SF,Field-like cold-chain signal,42,field_like_temperature
2025-01-02 04:05:00,4.660615132195586,4.660615132195586,0,normal,SF,Field-like cold-chain signal,42,field_like_temperature
2025-01-02 04:10:00,4.717983808394218,4.717983808394218,0,normal,SF,Field-like cold-chain signal,42,field_like_temperature
2025-01-02 04:15:00,4.709560036558334,4.709560036558334,0,normal,SF,Field-like cold-chain signal,42,field_like_temperature
2025-01-02 04:20:00,4.668353599605031,4.668353599605031,0,normal,SF,Field-like cold-chain signal,42,field_like_temperature
2025-01-02 04:25:00,4.651718892922367,2.251718892922367,1,sensor_spike,SF,Field-like cold-chain signal,42,field_like_temperature
2025-01-02 04:30:00,4.720271031867698,4.720271031867698,0,normal,SF,Field-like cold-chain signal,42,field_like_temperature
2025-01-02 04:35:00,4.7095250309043335,4.7095250309043335,0,normal,SF,Field-like cold-chain signal,42,field_like_temperature
2025-01-02 04:40:00,4.647608773811835,4.647608773811835,0,normal,SF,Field-like cold-chain signal,42,field_like_temperature
2025-01-02 04:45:00,4.641359701458994,4.641359701458994,0,normal,SF,Field-like cold-chain signal,42,field_like_temperature
2025-01-02 04:50:00,4.579903393440359,4.579903393440359,0,normal,SF,Field-like cold-chain signal,42,field_like_temperature
2025-01-02 04:55:00,4.693477791702857,4.693477791702857,0,normal,SF,Field-like cold-chain signal,42,field_like_temperature
2025-01-02 05:00:00,4.683733582163439,4.683733582163439,0,normal,SF,Field-like cold-chain signal,42,field_like_temperature
2025-01-02 05:05:00,4.746606551139512,4.746606551139512,0,normal,SF,Field-like cold-chain signal,42,field_like_temperature
2025-01-02 05:10:00,4.709513590403273,4.709513590403273,0,normal,SF,Field-like cold-chain signal,42,field_like_temperature
2025-01-02 05:15:00,4.759870663285874,4.759870663285874,0,normal,SF,Field-like cold-chain signal,42,field_like_temperature
2025-01-02 05:20:00,4.659723126211329,4.659723126211329,0,normal,SF,Field-like cold-chain signal,42,field_like_temperature
2025-01-02 05:25:00,4.7527640838376035,4.7527640838376035,0,normal,SF,Field-like cold-chain signal,42,field_like_temperature
2025-01-02 05:30:00,4.670508481271935,4.670508481271935,0,normal,SF,Field-like cold-chain signal,42,field_like_temperature
2025-01-02 05:35:00,4.736763825529412,4.736763825529412,0,normal,SF,Field-like cold-chain signal,42,field_like_temperature
2025-01-02 05:40:00,4.625707378979035,4.625707378979035,0,normal,SF,Field-like cold-chain signal,42,field_like_temperature
2025-01-02 05:45:00,4.710994537237922,4.710994537237922,0,normal,SF,Field-like cold-chain signal,42,field_like_temperature
2025-01-02 05:50:00,4.600426768940981,4.600426768940981,0,normal,SF,Field-like cold-chain signal,42,field_like_temperature
2025-01-02 05:55:00,4.686558407288991,4.686558407288991,0,normal,SF,Field-like cold-chain signal,42,field_like_temperature
2025-01-02 06:00:00,4.722017699693896,4.722017699693896,0,normal,SF,Field-like cold-chain signal,42,field_like_temperature
2025-01-02 06:05:00,4.673866854024524,4.673866854024524,0,normal,SF,Field-like cold-chain signal,42,field_like_temperature
2025-01-02 06:10:00,4.647139284575477,4.647139284575477,0,normal,SF,Field-like cold-chain signal,42,field_like_temperature
2025-01-02 06:15:00,4.74154369573441,4.74154369573441,0,normal,SF,Field-like cold-chain signal,42,field_like_temperature
2025-01-02 06:20:00,4.693472159113224,4.693472159113224,0,normal,SF,Field-like cold-chain signal,42,field_like_temperature
2025-01-02 06:25:00,4.673405490088264,4.673405490088264,0,normal,SF,Field-like cold-chain signal,42,field_like_temperature
2025-01-02 06:30:00,4.699049096284881,4.699049096284881,0,normal,SF,Field-like cold-chain signal,42,field_like_temperature
2025-01-02 06:35:00,4.827690024386502,4.827690024386502,0,normal,SF,Field-like cold-chain signal,42,field_like_temperature
2025-01-02 06:40:00,4.752266480096215,4.752266480096215,0,normal,SF,Field-like cold-chain signal,42,field_like_temperature
2025-01-02 06:45:00,4.751287886986631,4.751287886986631,0,normal,SF,Field-like cold-chain signal,42,field_like_temperature
2025-01-02 06:50:00,4.713338151678874,4.713338151678874,0,normal,SF,Field-like cold-chain signal,42,field_like_temperature
2025-01-02 06:55:00,4.698121246036242,4.698121246036242,0,normal,SF,Field-like cold-chain signal,42,field_like_temperature
2025-01-02 07:00:00,4.568064354997839,4.568064354997839,0,normal,SF,Field-like cold-chain signal,42,field_like_temperature
2025-01-02 07:05:00,4.651827182295521,4.651827182295521,0,normal,SF,Field-like cold-chain signal,42,field_like_temperature
2025-01-02 07:10:00,4.6594924318650355,4.6594924318650355,0,normal,SF,Field-like cold-chain signal,42,field_like_temperature
2025-01-02 07:15:00,4.587359780606701,4.587359780606701,0,normal,SF,Field-like cold-chain signal,42,field_like_temperature
2025-01-02 07:20:00,4.62065623530327,4.62065623530327,0,normal,SF,Field-like cold-chain signal,42,field_like_temperature
2025-01-02 07:25:00,4.576748458467771,4.576748458467771,0,normal,SF,Field-like cold-chain signal,42,field_like_temperature
2025-01-02 07:30:00,4.670979244654052,4.670979244654052,0,normal,SF,Field-like cold-chain signal,42,field_like_temperature
2025-01-02 07:35:00,4.710782141608911,4.710782141608911,0,normal,SF,Field-like cold-chain signal,42,field_like_temperature
2025-01-02 07:40:00,4.721975656107806,4.721975656107806,0,normal,SF,Field-like cold-chain signal,42,field_like_temperature
2025-01-02 07:45:00,4.684015421776603,4.684015421776603,0,normal,SF,Field-like cold-chain signal,42,field_like_temperature
2025-01-02 07:50:00,4.611593404307525,4.611593404307525,0,normal,SF,Field-like cold-chain signal,42,field_like_temperature
2025-01-02 07:55:00,4.559496384309267,4.559496384309267,0,normal,SF,Field-like cold-chain signal,42,field_like_temperature
2025-01-02 08:00:00,4.564443740659719,4.564443740659719,0,normal,SF,Field-like cold-chain signal,42,field_like_temperature
2025-01-02 08:05:00,4.584878476606153,4.584878476606153,0,normal,SF,Field-like cold-chain signal,42,field_like_temperature
2025-01-02 08:10:00,4.599779799484215,4.599779799484215,0,normal,SF,Field-like cold-chain signal,42,field_like_temperature
2025-01-02 08:15:00,4.6319872079495505,4.6319872079495505,0,normal,SF,Field-like cold-chain signal,42,field_like_temperature
2025-01-02 08:20:00,4.584876927340997,4.584876927340997,0,normal,SF,Field-like cold-chain signal,42,field_like_temperature
2025-01-02 08:25:00,4.6480051486289895,4.6480051486289895,0,normal,SF,Field-like cold-chain signal,42,field_like_temperature
2025-01-02 08:30:00,4.61477672316803,4.61477672316803,0,normal,SF,Field-like cold-chain signal,42,field_like_temperature
2025-01-02 08:35:00,4.622116739277592,4.622116739277592,0,normal,SF,Field-like cold-chain signal,42,field_like_temperature
2025-01-02 08:40:00,4.673668293036439,4.673668293036439,0,normal,SF,Field-like cold-chain signal,42,field_like_temperature
2025-01-02 08:45:00,4.5525800539305745,4.5525800539305745,0,normal,SF,Field-like cold-chain signal,42,field_like_temperature
2025-01-02 08:50:00,4.62733467630245,4.62733467630245,0,normal,SF,Field-like cold-chain signal,42,field_like_temperature
2025-01-02 08:55:00,4.600382951867275,4.600382951867275,0,normal,SF,Field-like cold-chain signal,42,field_like_temperature
2025-01-02 09:00:00,4.578966310456077,4.578966310456077,0,normal,SF,Field-like cold-chain signal,42,field_like_temperature
2025-01-02 09:05:00,4.6343418405511265,4.6343418405511265,0,normal,SF,Field-like cold-chain signal,42,field_like_temperature
2025-01-02 09:10:00,4.628350120623916,4.628350120623916,0,normal,SF,Field-like cold-chain signal,42,field_like_temperature
2025-01-02 09:15:00,4.531279904344315,4.531279904344315,0,normal,SF,Field-like cold-chain signal,42,field_like_temperature
2025-01-02 09:20:00,4.563588797149224,4.563588797149224,0,normal,SF,Field-like cold-chain signal,42,field_like_temperature
2025-01-02 09:25:00,4.580739904040567,4.580739904040567,0,normal,SF,Field-like cold-chain signal,42,field_like_temperature
2025-01-02 09:30:00,4.546904398886516,4.546904398886516,0,normal,SF,Field-like cold-chain signal,42,field_like_temperature
2025-01-02 09:35:00,4.583577003200471,4.583577003200471,0,normal,SF,Field-like cold-chain signal,42,field_like_temperature
2025-01-02 09:40:00,4.562055431135529,4.562055431135529,0,normal,SF,Field-like cold-chain signal,42,field_like_temperature
2025-01-02 09:45:00,4.633195435635146,4.633195435635146,0,normal,SF,Field-like cold-chain signal,42,field_like_temperature
2025-01-02 09:50:00,4.458529611818024,4.458529611818024,0,normal,SF,Field-like cold-chain signal,42,field_like_temperature
2025-01-02 09:55:00,4.5223056617415,4.5223056617415,0,normal,SF,Field-like cold-chain signal,42,field_like_temperature
2025-01-02 10:00:00,4.476297014534461,4.476297014534461,0,normal,SF,Field-like cold-chain signal,42,field_like_temperature
2025-01-02 10:05:00,4.545136107863141,4.545136107863141,0,normal,SF,Field-like cold-chain signal,42,field_like_temperature
2025-01-02 10:10:00,4.427197821197976,4.427197821197976,0,normal,SF,Field-like cold-chain signal,42,field_like_temperature
2025-01-02 10:15:00,4.518418025164172,4.518418025164172,0,normal,SF,Field-like cold-chain signal,42,field_like_temperature
2025-01-02 10:20:00,4.462569479759614,4.462569479759614,0,normal,SF,Field-like cold-chain signal,42,field_like_temperature
2025-01-02 10:25:00,4.450260136913575,4.450260136913575,0,normal,SF,Field-like cold-chain signal,42,field_like_temperature
2025-01-02 10:30:00,4.407469779210399,4.407469779210399,0,normal,SF,Field-like cold-chain signal,42,field_like_temperature
2025-01-02 10:35:00,4.449300826561235,4.449300826561235,0,normal,SF,Field-like cold-chain signal,42,field_like_temperature
2025-01-02 10:40:00,4.5194764356199295,4.5194764356199295,0,normal,SF,Field-like cold-chain signal,42,field_like_temperature
2025-01-02 10:45:00,4.456629015135647,4.456629015135647,0,normal,SF,Field-like cold-chain signal,42,field_like_temperature
2025-01-02 10:50:00,4.481853196776936,4.481853196776936,0,normal,SF,Field-like cold-chain signal,42,field_like_temperature
2025-01-02 10:55:00,4.526229136846253,4.526229136846253,0,normal,SF,Field-like cold-chain signal,42,field_like_temperature
2025-01-02 11:00:00,4.448663318970372,4.448663318970372,0,normal,SF,Field-like cold-chain signal,42,field_like_temperature
2025-01-02 11:05:00,4.399968182285367,4.399968182285367,0,normal,SF,Field-like cold-chain signal,42,field_like_temperature
2025-01-02 11:10:00,4.44366104361877,4.44366104361877,0,normal,SF,Field-like cold-chain signal,42,field_like_temperature
2025-01-02 11:15:00,4.385435090857978,4.385435090857978,0,normal,SF,Field-like cold-chain signal,42,field_like_temperature
2025-01-02 11:20:00,4.379744982409315,4.379744982409315,0,normal,SF,Field-like cold-chain signal,42,field_like_temperature
2025-01-02 11:25:00,4.321256023343411,4.321256023343411,0,normal,SF,Field-like cold-chain signal,42,field_like_temperature
2025-01-02 11:30:00,4.435820002061467,4.435820002061467,0,normal,SF,Field-like cold-chain signal,42,field_like_temperature
2025-01-02 11:35:00,4.362438981536438,4.362438981536438,0,normal,SF,Field-like cold-chain signal,42,field_like_temperature
2025-01-02 11:40:00,4.383055135646929,4.383055135646929,0,normal,SF,Field-like cold-chain signal,42,field_like_temperature
2025-01-02 11:45:00,4.314345990468796,4.314345990468796,0,normal,SF,Field-like cold-chain signal,42,field_like_temperature
2025-01-02 11:50:00,4.380121709675876,4.380121709675876,0,normal,SF,Field-like cold-chain signal,42,field_like_temperature
2025-01-02 11:55:00,4.312397517801834,4.312397517801834,0,normal,SF,Field-like cold-chain signal,42,field_like_temperature
2025-01-02 12:00:00,4.335573041359182,4.335573041359182,0,normal,SF,Field-like cold-chain signal,42,field_like_temperature
2025-01-02 12:05:00,4.3787109607301415,4.3787109607301415,0,normal,SF,Field-like cold-chain signal,42,field_like_temperature
2025-01-02 12:10:00,4.36651972831469,4.36651972831469,0,normal,SF,Field-like cold-chain signal,42,field_like_temperature
2025-01-02 12:15:00,4.318046920567869,4.318046920567869,0,normal,SF,Field-like cold-chain signal,42,field_like_temperature
2025-01-02 12:20:00,4.222916724742881,4.222916724742881,0,normal,SF,Field-like cold-chain signal,42,field_like_temperature
2025-01-02 12:25:00,4.4531504753637625,4.4531504753637625,0,normal,SF,Field-like cold-chain signal,42,field_like_temperature
2025-01-02 12:30:00,4.383005004900465,4.383005004900465,0,normal,SF,Field-like cold-chain signal,42,field_like_temperature
2025-01-02 12:35:00,4.3240669583664,4.3240669583664,0,normal,SF,Field-like cold-chain signal,42,field_like_temperature
2025-01-02 12:40:00,4.242516841854912,4.242516841854912,0,normal,SF,Field-like cold-chain signal,42,field_like_temperature
2025-01-02 12:45:00,4.26676747959763,4.26676747959763,0,normal,SF,Field-like cold-chain signal,42,field_like_temperature
2025-01-02 12:50:00,4.237575942020098,4.237575942020098,0,normal,SF,Field-like cold-chain signal,42,field_like_temperature
2025-01-02 12:55:00,4.320273016093561,4.320273016093561,0,normal,SF,Field-like cold-chain signal,42,field_like_temperature
2025-01-02 13:00:00,4.262575542731289,4.262575542731289,0,normal,SF,Field-like cold-chain signal,42,field_like_temperature
2025-01-02 13:05:00,4.202652832563581,4.202652832563581,0,normal,SF,Field-like cold-chain signal,42,field_like_temperature
2025-01-02 13:10:00,4.210777850414569,4.210777850414569,0,normal,SF,Field-like cold-chain signal,42,field_like_temperature
2025-01-02 13:15:00,4.282877027203178,4.282877027203178,0,normal,SF,Field-like cold-chain signal,42,field_like_temperature
2025-01-02 13:20:00,4.299375420362058,4.299375420362058,0,normal,SF,Field-like cold-chain signal,42,field_like_temperature
2025-01-02 13:25:00,4.288394340377652,4.288394340377652,0,normal,SF,Field-like cold-chain signal,42,field_like_temperature
2025-01-02 13:30:00,4.242494331801611,4.242494331801611,0,normal,SF,Field-like cold-chain signal,42,field_like_temperature
2025-01-02 13:35:00,4.184737560859879,4.184737560859879,0,normal,SF,Field-like cold-chain signal,42,field_like_temperature
2025-01-02 13:40:00,4.028083645142166,4.028083645142166,0,normal,SF,Field-like cold-chain signal,42,field_like_temperature
2025-01-02 13:45:00,4.197875641136095,4.197875641136095,0,normal,SF,Field-like cold-chain signal,42,field_like_temperature
2025-01-02 13:50:00,4.175855558583302,4.175855558583302,0,normal,SF,Field-like cold-chain signal,42,field_like_temperature
2025-01-02 13:55:00,4.175949757562199,4.175949757562199,0,normal,SF,Field-like cold-chain signal,42,field_like_temperature
2025-01-02 14:00:00,4.164726685998051,4.164726685998051,0,normal,SF,Field-like cold-chain signal,42,field_like_temperature
2025-01-02 14:05:00,4.088880558082923,4.088880558082923,0,normal,SF,Field-like cold-chain signal,42,field_like_temperature
2025-01-02 14:10:00,4.176309755552653,4.176309755552653,0,normal,SF,Field-like cold-chain signal,42,field_like_temperature
2025-01-02 14:15:00,4.173382710218494,4.173382710218494,0,normal,SF,Field-like cold-chain signal,42,field_like_temperature
2025-01-02 14:20:00,4.169311354435615,4.169311354435615,0,normal,SF,Field-like cold-chain signal,42,field_like_temperature
2025-01-02 14:25:00,4.176038745069571,4.176038745069571,0,normal,SF,Field-like cold-chain signal,42,field_like_temperature
2025-01-02 14:30:00,4.1525238747455075,4.1525238747455075,0,normal,SF,Field-like cold-chain signal,42,field_like_temperature
2025-01-02 14:35:00,4.095530050057023,4.095530050057023,0,normal,SF,Field-like cold-chain signal,42,field_like_temperature
2025-01-02 14:40:00,4.106301601158782,4.106301601158782,0,normal,SF,Field-like cold-chain signal,42,field_like_temperature
2025-01-02 14:45:00,4.108316119307548,4.108316119307548,0,normal,SF,Field-like cold-chain signal,42,field_like_temperature
2025-01-02 14:50:00,4.1031685540301535,4.1031685540301535,0,normal,SF,Field-like cold-chain signal,42,field_like_temperature
2025-01-02 14:55:00,4.141828154786464,4.141828154786464,0,normal,SF,Field-like cold-chain signal,42,field_like_temperature
2025-01-02 15:00:00,4.118347042864089,4.118347042864089,0,normal,SF,Field-like cold-chain signal,42,field_like_temperature
2025-01-02 15:05:00,4.184392356480444,4.184392356480444,0,normal,SF,Field-like cold-chain signal,42,field_like_temperature
2025-01-02 15:10:00,4.185328006087424,4.185328006087424,0,normal,SF,Field-like cold-chain signal,42,field_like_temperature
2025-01-02 15:15:00,4.073586692132511,4.073586692132511,0,normal,SF,Field-like cold-chain signal,42,field_like_temperature
2025-01-02 15:20:00,3.872493806414229,3.872493806414229,0,normal,SF,Field-like cold-chain signal,42,field_like_temperature
2025-01-02 15:25:00,4.121015664954663,4.121015664954663,0,normal,SF,Field-like cold-chain signal,42,field_like_temperature
2025-01-02 15:30:00,4.027130080848011,4.027130080848011,0,normal,SF,Field-like cold-chain signal,42,field_like_temperature
2025-01-02 15:35:00,4.009179205770956,4.009179205770956,0,normal,SF,Field-like cold-chain signal,42,field_like_temperature
2025-01-02 15:40:00,4.024567476820294,4.024567476820294,0,normal,SF,Field-like cold-chain signal,42,field_like_temperature
2025-01-02 15:45:00,4.0175278844142985,4.0175278844142985,0,normal,SF,Field-like cold-chain signal,42,field_like_temperature
2025-01-02 15:50:00,4.065979838861745,4.065979838861745,0,normal,SF,Field-like cold-chain signal,42,field_like_temperature
2025-01-02 15:55:00,3.953038878481529,3.953038878481529,0,normal,SF,Field-like cold-chain signal,42,field_like_temperature
2025-01-02 16:00:00,3.9729088819535323,4.272908881953533,1,door_opening_excursion,SF,Field-like cold-chain signal,42,field_like_temperature
2025-01-02 16:05:00,4.039878888992902,4.439878888992903,1,door_opening_excursion,SF,Field-like cold-chain signal,42,field_like_temperature
2025-01-02 16:10:00,4.049937783974517,4.549937783974517,1,door_opening_excursion,SF,Field-like cold-chain signal,42,field_like_temperature
2025-01-02 16:15:00,4.047082584435578,4.647082584435578,1,door_opening_excursion,SF,Field-like cold-chain signal,42,field_like_temperature
2025-01-02 16:20:00,3.9720155556958248,4.6720155556958245,1,door_opening_excursion,SF,Field-like cold-chain signal,42,field_like_temperature
2025-01-02 16:25:00,3.9589644804458235,4.758964480445823,1,door_opening_excursion,SF,Field-like cold-chain signal,42,field_like_temperature
2025-01-02 16:30:00,3.9792064465847674,4.879206446584767,1,door_opening_excursion,SF,Field-like cold-chain signal,42,field_like_temperature
2025-01-02 16:35:00,4.013343717114592,5.013343717114592,1,door_opening_excursion,SF,Field-like cold-chain signal,42,field_like_temperature
2025-01-02 16:40:00,4.072588665612023,5.1725886656120235,1,door_opening_excursion,SF,Field-like cold-chain signal,42,field_like_temperature
2025-01-02 16:45:00,3.893061768643772,5.093061768643772,1,door_opening_excursion,SF,Field-like cold-chain signal,42,field_like_temperature
2025-01-02 16:50:00,3.9816713462621354,5.281671346262136,1,door_opening_excursion,SF,Field-like cold-chain signal,42,field_like_temperature
2025-01-02 16:55:00,3.923504480858324,5.3235044808583245,1,door_opening_excursion,SF,Field-like cold-chain signal,42,field_like_temperature
2025-01-02 17:00:00,3.9051144121229653,5.405114412122965,1,door_opening_excursion,SF,Field-like cold-chain signal,42,field_like_temperature
2025-01-02 17:05:00,4.033821031209763,5.633821031209763,1,door_opening_excursion,SF,Field-like cold-chain signal,42,field_like_temperature
2025-01-02 17:10:00,4.010610499543065,5.7106104995430655,1,door_opening_excursion,SF,Field-like cold-chain signal,42,field_like_temperature
2025-01-02 17:15:00,4.003917269501614,5.803917269501614,1,door_opening_excursion,SF,Field-like cold-chain signal,42,field_like_temperature
2025-01-02 17:20:00,4.025724214315534,5.925724214315534,1,door_opening_excursion,SF,Field-like cold-chain signal,42,field_like_temperature
2025-01-02 17:25:00,3.9540759888670554,5.954075988867055,1,door_opening_excursion,SF,Field-like cold-chain signal,42,field_like_temperature
2025-01-02 17:30:00,3.9549813509957925,6.054981350995792,1,door_opening_excursion,SF,Field-like cold-chain signal,42,field_like_temperature
2025-01-02 17:35:00,4.084613853149642,6.284613853149642,1,door_opening_excursion,SF,Field-like cold-chain signal,42,field_like_temperature
2025-01-02 17:40:00,3.9618761095982595,6.261876109598259,1,door_opening_excursion,SF,Field-like cold-chain signal,42,field_like_temperature
2025-01-02 17:45:00,4.010002215793445,6.410002215793446,1,door_opening_excursion,SF,Field-like cold-chain signal,42,field_like_temperature
2025-01-02 17:50:00,3.9727695272479635,3.9727695272479635,0,normal,SF,Field-like cold-chain signal,42,field_like_temperature
2025-01-02 17:55:00,3.879406461312863,3.879406461312863,0,normal,SF,Field-like cold-chain signal,42,field_like_temperature
2025-01-02 18:00:00,3.869121098966179,3.869121098966179,0,normal,SF,Field-like cold-chain signal,42,field_like_temperature
2025-01-02 18:05:00,3.942100770165159,3.942100770165159,0,normal,SF,Field-like cold-chain signal,42,field_like_temperature
2025-01-02 18:10:00,4.023716714122432,4.023716714122432,0,normal,SF,Field-like cold-chain signal,42,field_like_temperature
2025-01-02 18:15:00,4.010352031601949,4.010352031601949,0,normal,SF,Field-like cold-chain signal,42,field_like_temperature
2025-01-02 18:20:00,4.016831040386185,4.016831040386185,0,normal,SF,Field-like cold-chain signal,42,field_like_temperature
2025-01-02 18:25:00,3.9221282730555656,3.9221282730555656,0,normal,SF,Field-like cold-chain signal,42,field_like_temperature
2025-01-02 18:30:00,4.052790924068968,4.052790924068968,0,normal,SF,Field-like cold-chain signal,42,field_like_temperature
2025-01-02 18:35:00,3.924432242388541,3.924432242388541,0,normal,SF,Field-like cold-chain signal,42,field_like_temperature
2025-01-02 18:40:00,3.9841601194202343,3.9841601194202343,0,normal,SF,Field-like cold-chain signal,42,field_like_temperature
2025-01-02 18:45:00,3.9740050769955944,3.9740050769955944,0,normal,SF,Field-like cold-chain signal,42,field_like_temperature
2025-01-02 18:50:00,3.9669939300201564,3.9669939300201564,0,normal,SF,Field-like cold-chain signal,42,field_like_temperature
2025-01-02 18:55:00,4.0439425549440715,4.0439425549440715,0,normal,SF,Field-like cold-chain signal,42,field_like_temperature
2025-01-02 19:00:00,3.943242329009074,3.943242329009074,0,normal,SF,Field-like cold-chain signal,42,field_like_temperature
2025-01-02 19:05:00,3.9126611847916566,3.9126611847916566,0,normal,SF,Field-like cold-chain signal,42,field_like_temperature
2025-01-02 19:10:00,3.9829425290566,3.9829425290566,0,normal,SF,Field-like cold-chain signal,42,field_like_temperature
2025-01-02 19:15:00,3.963909392773406,3.963909392773406,0,normal,SF,Field-like cold-chain signal,42,field_like_temperature
2025-01-02 19:20:00,4.1548833951469115,4.1548833951469115,0,normal,SF,Field-like cold-chain signal,42,field_like_temperature
2025-01-02 19:25:00,4.0221074900403995,4.0221074900403995,0,normal,SF,Field-like cold-chain signal,42,field_like_temperature
2025-01-02 19:30:00,3.9702360297001227,3.9702360297001227,0,normal,SF,Field-like cold-chain signal,42,field_like_temperature
2025-01-02 19:35:00,3.940470151506447,3.940470151506447,0,normal,SF,Field-like cold-chain signal,42,field_like_temperature
2025-01-02 19:40:00,3.901984291042149,3.901984291042149,0,normal,SF,Field-like cold-chain signal,42,field_like_temperature
2025-01-02 19:45:00,3.947609557298534,3.947609557298534,0,normal,SF,Field-like cold-chain signal,42,field_like_temperature
2025-01-02 19:50:00,4.00763665509393,4.00763665509393,0,normal,SF,Field-like cold-chain signal,42,field_like_temperature
2025-01-02 19:55:00,4.0764206743413665,4.0764206743413665,0,normal,SF,Field-like cold-chain signal,42,field_like_temperature
2025-01-02 20:00:00,4.064447289616452,4.064447289616452,0,normal,SF,Field-like cold-chain signal,42,field_like_temperature
2025-01-02 20:05:00,4.023268305969812,4.023268305969812,0,normal,SF,Field-like cold-chain signal,42,field_like_temperature
2025-01-02 20:10:00,3.999246211201884,3.999246211201884,0,normal,SF,Field-like cold-chain signal,42,field_like_temperature
2025-01-02 20:15:00,4.03257462993007,4.03257462993007,0,normal,SF,Field-like cold-chain signal,42,field_like_temperature
2025-01-02 20:20:00,3.9970679398674993,3.9970679398674993,0,normal,SF,Field-like cold-chain signal,42,field_like_temperature
2025-01-02 20:25:00,4.112918233776934,4.112918233776934,0,normal,SF,Field-like cold-chain signal,42,field_like_temperature
2025-01-02 20:30:00,4.021672977486157,4.021672977486157,0,normal,SF,Field-like cold-chain signal,42,field_like_temperature
2025-01-02 20:35:00,4.031078132314119,4.031078132314119,0,normal,SF,Field-like cold-chain signal,42,field_like_temperature
2025-01-02 20:40:00,3.9289942937081217,3.9289942937081217,0,normal,SF,Field-like cold-chain signal,42,field_like_temperature
2025-01-02 20:45:00,4.034529616569918,4.034529616569918,0,normal,SF,Field-like cold-chain signal,42,field_like_temperature
2025-01-02 20:50:00,4.090764706387831,4.090764706387831,0,normal,SF,Field-like cold-chain signal,42,field_like_temperature
2025-01-02 20:55:00,4.0003142907706515,4.0003142907706515,0,normal,SF,Field-like cold-chain signal,42,field_like_temperature
2025-01-02 21:00:00,4.0210426270380495,4.0210426270380495,0,normal,SF,Field-like cold-chain signal,42,field_like_temperature
2025-01-02 21:05:00,4.1032081900312845,4.1032081900312845,0,normal,SF,Field-like cold-chain signal,42,field_like_temperature
2025-01-02 21:10:00,3.9948469558035944,3.9948469558035944,0,normal,SF,Field-like cold-chain signal,42,field_like_temperature
2025-01-02 21:15:00,4.126787584068324,4.126787584068324,0,normal,SF,Field-like cold-chain signal,42,field_like_temperature
2025-01-02 21:20:00,4.052615897669907,4.052615897669907,0,normal,SF,Field-like cold-chain signal,42,field_like_temperature
2025-01-02 21:25:00,4.06522533207836,4.06522533207836,0,normal,SF,Field-like cold-chain signal,42,field_like_temperature
2025-01-02 21:30:00,4.033992765944731,4.033992765944731,0,normal,SF,Field-like cold-chain signal,42,field_like_temperature
2025-01-02 21:35:00,4.114721384643095,4.114721384643095,0,normal,SF,Field-like cold-chain signal,42,field_like_temperature
2025-01-02 21:40:00,4.224541600537978,4.224541600537978,0,normal,SF,Field-like cold-chain signal,42,field_like_temperature
2025-01-02 21:45:00,4.146445392246112,4.146445392246112,0,normal,SF,Field-like cold-chain signal,42,field_like_temperature
2025-01-02 21:50:00,4.070069405123934,4.070069405123934,0,normal,SF,Field-like cold-chain signal,42,field_like_temperature
2025-01-02 21:55:00,4.176065410033591,4.176065410033591,0,normal,SF,Field-like cold-chain signal,42,field_like_temperature
2025-01-02 22:00:00,4.109535613657116,4.109535613657116,0,normal,SF,Field-like cold-chain signal,42,field_like_temperature
2025-01-02 22:05:00,4.200260429849718,4.200260429849718,0,normal,SF,Field-like cold-chain signal,42,field_like_temperature
2025-01-02 22:10:00,4.1781148127083165,4.1781148127083165,0,normal,SF,Field-like cold-chain signal,42,field_like_temperature
2025-01-02 22:15:00,3.996943752414773,3.996943752414773,0,normal,SF,Field-like cold-chain signal,42,field_like_temperature
2025-01-02 22:20:00,4.10028848109158,4.10028848109158,0,normal,SF,Field-like cold-chain signal,42,field_like_temperature
2025-01-02 22:25:00,4.20417188256062,4.20417188256062,0,normal,SF,Field-like cold-chain signal,42,field_like_temperature
2025-01-02 22:30:00,4.171060869528997,4.171060869528997,0,normal,SF,Field-like cold-chain signal,42,field_like_temperature
2025-01-02 22:35:00,4.1188774861617565,4.1188774861617565,0,normal,SF,Field-like cold-chain signal,42,field_like_temperature
2025-01-02 22:40:00,4.1450316155143065,4.1450316155143065,0,normal,SF,Field-like cold-chain signal,42,field_like_temperature
2025-01-02 22:45:00,4.088100206436511,4.088100206436511,0,normal,SF,Field-like cold-chain signal,42,field_like_temperature
2025-01-02 22:50:00,4.185746038838849,4.185746038838849,0,normal,SF,Field-like cold-chain signal,42,field_like_temperature
2025-01-02 22:55:00,4.307500130674319,4.307500130674319,0,normal,SF,Field-like cold-chain signal,42,field_like_temperature
2025-01-02 23:00:00,4.244058062408208,4.244058062408208,0,normal,SF,Field-like cold-chain signal,42,field_like_temperature
2025-01-02 23:05:00,4.320219308572869,4.320219308572869,0,normal,SF,Field-like cold-chain signal,42,field_like_temperature
2025-01-02 23:10:00,4.261743185106806,4.261743185106806,0,normal,SF,Field-like cold-chain signal,42,field_like_temperature
2025-01-02 23:15:00,4.275956446858465,4.275956446858465,0,normal,SF,Field-like cold-chain signal,42,field_like_temperature
2025-01-02 23:20:00,4.330276293502675,4.330276293502675,0,normal,SF,Field-like cold-chain signal,42,field_like_temperature
2025-01-02 23:25:00,4.2574525698058086,4.2574525698058086,0,normal,SF,Field-like cold-chain signal,42,field_like_temperature
2025-01-02 23:30:00,4.236268680998946,4.236268680998946,0,normal,SF,Field-like cold-chain signal,42,field_like_temperature
2025-01-02 23:35:00,4.304323567839346,4.304323567839346,0,normal,SF,Field-like cold-chain signal,42,field_like_temperature
2025-01-02 23:40:00,4.33245975536722,4.33245975536722,0,normal,SF,Field-like cold-chain signal,42,field_like_temperature
2025-01-02 23:45:00,4.242859362719439,4.242859362719439,0,normal,SF,Field-like cold-chain signal,42,field_like_temperature
2025-01-02 23:50:00,4.237878178317833,4.237878178317833,0,normal,SF,Field-like cold-chain signal,42,field_like_temperature
2025-01-02 23:55:00,4.288004039113984,4.288004039113984,0,normal,SF,Field-like cold-chain signal,42,field_like_temperature
2025-01-03 00:00:00,4.329742731190454,4.329742731190454,0,normal,SF,Field-like cold-chain signal,42,field_like_temperature
2025-01-03 00:05:00,4.33517721204079,4.33517721204079,0,normal,SF,Field-like cold-chain signal,42,field_like_temperature
2025-01-03 00:10:00,4.231163848925129,4.231163848925129,0,normal,SF,Field-like cold-chain signal,42,field_like_temperature
2025-01-03 00:15:00,4.405043177089301,4.405043177089301,0,normal,SF,Field-like cold-chain signal,42,field_like_temperature
2025-01-03 00:20:00,4.284482728944495,4.284482728944495,0,normal,SF,Field-like cold-chain signal,42,field_like_temperature
2025-01-03 00:25:00,4.310349670743204,4.310349670743204,0,normal,SF,Field-like cold-chain signal,42,field_like_temperature
2025-01-03 00:30:00,4.285512384816352,4.285512384816352,0,normal,SF,Field-like cold-chain signal,42,field_like_temperature
2025-01-03 00:35:00,4.472580366117586,4.472580366117586,0,normal,SF,Field-like cold-chain signal,42,field_like_temperature
2025-01-03 00:40:00,4.356759331218437,4.356759331218437,0,normal,SF,Field-like cold-chain signal,42,field_like_temperature
2025-01-03 00:45:00,4.309068393624507,4.309068393624507,0,normal,SF,Field-like cold-chain signal,42,field_like_temperature
2025-01-03 00:50:00,4.401740590173267,4.401740590173267,0,normal,SF,Field-like cold-chain signal,42,field_like_temperature
2025-01-03 00:55:00,4.403890835707649,4.403890835707649,0,normal,SF,Field-like cold-chain signal,42,field_like_temperature
2025-01-03 01:00:00,4.362896169859142,4.362896169859142,0,normal,SF,Field-like cold-chain signal,42,field_like_temperature
2025-01-03 01:05:00,4.4211166612552155,4.4211166612552155,0,normal,SF,Field-like cold-chain signal,42,field_like_temperature
2025-01-03 01:10:00,4.344577373036976,4.344577373036976,0,normal,SF,Field-like cold-chain signal,42,field_like_temperature
2025-01-03 01:15:00,4.367900076495985,4.367900076495985,0,normal,SF,Field-like cold-chain signal,42,field_like_temperature
2025-01-03 01:20:00,4.298684107070662,4.298684107070662,0,normal,SF,Field-like cold-chain signal,42,field_like_temperature
2025-01-03 01:25:00,4.339587847736098,4.339587847736098,0,normal,SF,Field-like cold-chain signal,42,field_like_temperature
2025-01-03 01:30:00,4.502695526318709,4.502695526318709,0,normal,SF,Field-like cold-chain signal,42,field_like_temperature
2025-01-03 01:35:00,4.500848761560752,4.500848761560752,0,normal,SF,Field-like cold-chain signal,42,field_like_temperature
2025-01-03 01:40:00,4.4284615352782,4.4284615352782,0,normal,SF,Field-like cold-chain signal,42,field_like_temperature
2025-01-03 01:45:00,4.5146415768476995,4.5146415768476995,0,normal,SF,Field-like cold-chain signal,42,field_like_temperature
2025-01-03 01:50:00,4.4297390447459515,4.4297390447459515,0,normal,SF,Field-like cold-chain signal,42,field_like_temperature
2025-01-03 01:55:00,4.431741650550219,4.431741650550219,0,normal,SF,Field-like cold-chain signal,42,field_like_temperature
2025-01-03 02:00:00,4.452825532423278,4.452825532423278,0,normal,SF,Field-like cold-chain signal,42,field_like_temperature
2025-01-03 02:05:00,4.4497570361412855,4.4497570361412855,0,normal,SF,Field-like cold-chain signal,42,field_like_temperature
2025-01-03 02:10:00,4.451158580758899,4.451158580758899,0,normal,SF,Field-like cold-chain signal,42,field_like_temperature
2025-01-03 02:15:00,4.524912673138882,4.524912673138882,0,normal,SF,Field-like cold-chain signal,42,field_like_temperature
2025-01-03 02:20:00,4.4809799784576265,4.4809799784576265,0,normal,SF,Field-like cold-chain signal,42,field_like_temperature
2025-01-03 02:25:00,4.514730780486852,4.514730780486852,0,normal,SF,Field-like cold-chain signal,42,field_like_temperature
2025-01-03 02:30:00,4.536209340455859,4.536209340455859,0,normal,SF,Field-like cold-chain signal,42,field_like_temperature
2025-01-03 02:35:00,4.509480455124884,4.509480455124884,0,normal,SF,Field-like cold-chain signal,42,field_like_temperature
2025-01-03 02:40:00,4.4468828315127595,4.4468828315127595,0,normal,SF,Field-like cold-chain signal,42,field_like_temperature
2025-01-03 02:45:00,4.432969918885589,4.432969918885589,0,normal,SF,Field-like cold-chain signal,42,field_like_temperature
2025-01-03 02:50:00,4.513157896391101,4.513157896391101,0,normal,SF,Field-like cold-chain signal,42,field_like_temperature
2025-01-03 02:55:00,4.502147841550091,4.502147841550091,0,normal,SF,Field-like cold-chain signal,42,field_like_temperature
2025-01-03 03:00:00,4.51995551982223,4.51995551982223,0,normal,SF,Field-like cold-chain signal,42,field_like_temperature
2025-01-03 03:05:00,4.519539450914101,4.519539450914101,0,normal,SF,Field-like cold-chain signal,42,field_like_temperature
2025-01-03 03:10:00,4.654155422858343,4.654155422858343,0,normal,SF,Field-like cold-chain signal,42,field_like_temperature
2025-01-03 03:15:00,4.462975923368425,4.462975923368425,0,normal,SF,Field-like cold-chain signal,42,field_like_temperature
2025-01-03 03:20:00,4.4343739136189475,4.4343739136189475,0,normal,SF,Field-like cold-chain signal,42,field_like_temperature
2025-01-03 03:25:00,4.554745199369152,4.554745199369152,0,normal,SF,Field-like cold-chain signal,42,field_like_temperature
2025-01-03 03:30:00,4.523429205893766,4.523429205893766,0,normal,SF,Field-like cold-chain signal,42,field_like_temperature
2025-01-03 03:35:00,4.562044315965335,4.562044315965335,0,normal,SF,Field-like cold-chain signal,42,field_like_temperature
2025-01-03 03:40:00,4.579290105876452,4.579290105876452,0,normal,SF,Field-like cold-chain signal,42,field_like_temperature
2025-01-03 03:45:00,4.61801855969545,4.61801855969545,0,normal,SF,Field-like cold-chain signal,42,field_like_temperature
2025-01-03 03:50:00,4.482029701413749,4.482029701413749,0,normal,SF,Field-like cold-chain signal,42,field_like_temperature
2025-01-03 03:55:00,4.532991087734695,4.532991087734695,0,normal,SF,Field-like cold-chain signal,42,field_like_temperature
2025-01-03 04:00:00,4.5855574507299615,4.5855574507299615,0,normal,SF,Field-like cold-chain signal,42,field_like_temperature
2025-01-03 04:05:00,4.6057895477608,4.6057895477608,0,normal,SF,Field-like cold-chain signal,42,field_like_temperature
2025-01-03 04:10:00,4.679938629465584,4.679938629465584,0,normal,SF,Field-like cold-chain signal,42,field_like_temperature
2025-01-03 04:15:00,4.6209022365497745,4.6209022365497745,0,normal,SF,Field-like cold-chain signal,42,field_like_temperature
2025-01-03 04:20:00,4.572977964941905,4.572977964941905,0,normal,SF,Field-like cold-chain signal,42,field_like_temperature
2025-01-03 04:25:00,4.533843874290197,4.533843874290197,0,normal,SF,Field-like cold-chain signal,42,field_like_temperature
2025-01-03 04:30:00,4.552545858597764,4.552545858597764,0,normal,SF,Field-like cold-chain signal,42,field_like_temperature
2025-01-03 04:35:00,4.553364905703989,4.553364905703989,0,normal,SF,Field-like cold-chain signal,42,field_like_temperature
2025-01-03 04:40:00,4.6178450877131425,4.6178450877131425,0,normal,SF,Field-like cold-chain signal,42,field_like_temperature
2025-01-03 04:45:00,4.5998590332290545,4.5998590332290545,0,normal,SF,Field-like cold-chain signal,42,field_like_temperature
2025-01-03 04:50:00,4.5225936382284155,4.5225936382284155,0,normal,SF,Field-like cold-chain signal,42,field_like_temperature
2025-01-03 04:55:00,4.568588081323108,4.568588081323108,0,normal,SF,Field-like cold-chain signal,42,field_like_temperature
2025-01-03 05:00:00,4.635706609305539,4.635706609305539,0,normal,SF,Field-like cold-chain signal,42,field_like_temperature
2025-01-03 05:05:00,4.610696497883002,4.610696497883002,0,normal,SF,Field-like cold-chain signal,42,field_like_temperature
2025-01-03 05:10:00,4.622666940481535,4.622666940481535,0,normal,SF,Field-like cold-chain signal,42,field_like_temperature
2025-01-03 05:15:00,4.6143384922056185,4.6143384922056185,0,normal,SF,Field-like cold-chain signal,42,field_like_temperature
2025-01-03 05:20:00,4.677307271783567,4.677307271783567,0,normal,SF,Field-like cold-chain signal,42,field_like_temperature
2025-01-03 05:25:00,4.6084161895554345,4.6084161895554345,0,normal,SF,Field-like cold-chain signal,42,field_like_temperature
2025-01-03 05:30:00,4.577775590472365,4.577775590472365,0,normal,SF,Field-like cold-chain signal,42,field_like_temperature
2025-01-03 05:35:00,4.551585563110552,4.551585563110552,0,normal,SF,Field-like cold-chain signal,42,field_like_temperature
2025-01-03 05:40:00,4.609983840411171,4.609983840411171,0,normal,SF,Field-like cold-chain signal,42,field_like_temperature
2025-01-03 05:45:00,4.475431342190232,4.475431342190232,0,normal,SF,Field-like cold-chain signal,42,field_like_temperature
2025-01-03 05:50:00,4.5880481259227786,4.5880481259227786,0,normal,SF,Field-like cold-chain signal,42,field_like_temperature
2025-01-03 05:55:00,4.586599287454463,4.586599287454463,0,normal,SF,Field-like cold-chain signal,42,field_like_temperature
2025-01-03 06:00:00,4.528129006475377,4.528129006475377,0,normal,SF,Field-like cold-chain signal,42,field_like_temperature
2025-01-03 06:05:00,4.54923306239937,4.54923306239937,0,normal,SF,Field-like cold-chain signal,42,field_like_temperature
2025-01-03 06:10:00,4.635255623986704,4.635255623986704,0,normal,SF,Field-like cold-chain signal,42,field_like_temperature
2025-01-03 06:15:00,4.6052674468335955,4.6052674468335955,0,normal,SF,Field-like cold-chain signal,42,field_like_temperature
2025-01-03 06:20:00,4.597613316725887,4.597613316725887,0,normal,SF,Field-like cold-chain signal,42,field_like_temperature
2025-01-03 06:25:00,4.606466535294526,4.606466535294526,0,normal,SF,Field-like cold-chain signal,42,field_like_temperature
2025-01-03 06:30:00,4.594239382583868,4.594239382583868,0,normal,SF,Field-like cold-chain signal,42,field_like_temperature
2025-01-03 06:35:00,4.650044008911281,4.650044008911281,0,normal,SF,Field-like cold-chain signal,42,field_like_temperature
2025-01-03 06:40:00,4.592199776012006,4.592199776012006,0,normal,SF,Field-like cold-chain signal,42,field_like_temperature
2025-01-03 06:45:00,4.511080259929955,4.511080259929955,0,normal,SF,Field-like cold-chain signal,42,field_like_temperature
2025-01-03 06:50:00,4.663295857147436,4.663295857147436,0,normal,SF,Field-like cold-chain signal,42,field_like_temperature
2025-01-03 06:55:00,4.5979414199697795,4.5979414199697795,0,normal,SF,Field-like cold-chain signal,42,field_like_temperature
2025-01-03 07:00:00,4.547434209426799,4.547434209426799,0,normal,SF,Field-like cold-chain signal,42,field_like_temperature
2025-01-03 07:05:00,4.5115376553511535,4.5115376553511535,0,normal,SF,Field-like cold-chain signal,42,field_like_temperature
2025-01-03 07:10:00,4.591153644417949,4.591153644417949,0,normal,SF,Field-like cold-chain signal,42,field_like_temperature
2025-01-03 07:15:00,4.562489939028917,4.562489939028917,0,normal,SF,Field-like cold-chain signal,42,field_like_temperature
2025-01-03 07:20:00,4.6438880409166385,4.6438880409166385,0,normal,SF,Field-like cold-chain signal,42,field_like_temperature
2025-01-03 07:25:00,4.5445602740645645,4.5445602740645645,0,normal,SF,Field-like cold-chain signal,42,field_like_temperature
2025-01-03 07:30:00,4.516505601473213,4.516505601473213,0,normal,SF,Field-like cold-chain signal,42,field_like_temperature
2025-01-03 07:35:00,4.5995288872419655,4.5995288872419655,0,normal,SF,Field-like cold-chain signal,42,field_like_temperature
2025-01-03 07:40:00,4.597214478250248,4.597214478250248,0,normal,SF,Field-like cold-chain signal,42,field_like_temperature
2025-01-03 07:45:00,4.555442643170176,4.555442643170176,0,normal,SF,Field-like cold-chain signal,42,field_like_temperature
2025-01-03 07:50:00,4.57673758608684,4.57673758608684,0,normal,SF,Field-like cold-chain signal,42,field_like_temperature
2025-01-03 07:55:00,4.536796659283983,4.536796659283983,0,normal,SF,Field-like cold-chain signal,42,field_like_temperature
2025-01-03 08:00:00,4.54598889999768,4.54598889999768,0,normal,SF,Field-like cold-chain signal,42,field_like_temperature
2025-01-03 08:05:00,4.588014961534753,4.588014961534753,0,normal,SF,Field-like cold-chain signal,42,field_like_temperature
2025-01-03 08:10:00,4.556358112898165,4.556358112898165,0,normal,SF,Field-like cold-chain signal,42,field_like_temperature
2025-01-03 08:15:00,4.511814190691679,4.511814190691679,0,normal,SF,Field-like cold-chain signal,42,field_like_temperature
2025-01-03 08:20:00,4.582942692103936,4.582942692103936,0,normal,SF,Field-like cold-chain signal,42,field_like_temperature
2025-01-03 08:25:00,4.391991448255355,4.391991448255355,0,normal,SF,Field-like cold-chain signal,42,field_like_temperature
2025-01-03 08:30:00,4.607612663496853,4.607612663496853,0,normal,SF,Field-like cold-chain signal,42,field_like_temperature
2025-01-03 08:35:00,4.414353146159049,4.414353146159049,0,normal,SF,Field-like cold-chain signal,42,field_like_temperature
2025-01-03 08:40:00,4.462808140503067,4.462808140503067,0,normal,SF,Field-like cold-chain signal,42,field_like_temperature
2025-01-03 08:45:00,4.486500481435242,4.486500481435242,0,normal,SF,Field-like cold-chain signal,42,field_like_temperature
2025-01-03 08:50:00,4.475480175226237,4.475480175226237,0,normal,SF,Field-like cold-chain signal,42,field_like_temperature
2025-01-03 08:55:00,4.527259323562816,4.527259323562816,0,normal,SF,Field-like cold-chain signal,42,field_like_temperature
2025-01-03 09:00:00,4.418060712240815,4.418060712240815,0,normal,SF,Field-like cold-chain signal,42,field_like_temperature
2025-01-03 09:05:00,4.4778864183264355,4.4778864183264355,0,normal,SF,Field-like cold-chain signal,42,field_like_temperature
2025-01-03 09:10:00,4.429717379423935,4.429717379423935,0,normal,SF,Field-like cold-chain signal,42,field_like_temperature
2025-01-03 09:15:00,4.467051977550572,4.467051977550572,0,normal,SF,Field-like cold-chain signal,42,field_like_temperature
2025-01-03 09:20:00,4.4426130155444055,4.4426130155444055,0,normal,SF,Field-like cold-chain signal,42,field_like_temperature
2025-01-03 09:25:00,4.443947637439629,4.443947637439629,0,normal,SF,Field-like cold-chain signal,42,field_like_temperature
2025-01-03 09:30:00,4.405149187362842,4.405149187362842,0,normal,SF,Field-like cold-chain signal,42,field_like_temperature
2025-01-03 09:35:00,4.400385024792825,4.400385024792825,0,normal,SF,Field-like cold-chain signal,42,field_like_temperature
2025-01-03 09:40:00,4.43339577993501,4.43339577993501,0,normal,SF,Field-like cold-chain signal,42,field_like_temperature
2025-01-03 09:45:00,4.45926596646334,4.45926596646334,0,normal,SF,Field-like cold-chain signal,42,field_like_temperature
2025-01-03 09:50:00,4.375121378276682,4.375121378276682,0,normal,SF,Field-like cold-chain signal,42,field_like_temperature
2025-01-03 09:55:00,4.354462294355332,4.354462294355332,0,normal,SF,Field-like cold-chain signal,42,field_like_temperature
2025-01-03 10:00:00,4.421352277773741,4.421352277773741,0,normal,SF,Field-like cold-chain signal,42,field_like_temperature
2025-01-03 10:05:00,4.381749083710712,4.381749083710712,0,normal,SF,Field-like cold-chain signal,42,field_like_temperature
2025-01-03 10:10:00,4.417513784209594,4.417513784209594,0,normal,SF,Field-like cold-chain signal,42,field_like_temperature
2025-01-03 10:15:00,4.323236423707604,4.323236423707604,0,normal,SF,Field-like cold-chain signal,42,field_like_temperature
2025-01-03 10:20:00,4.272017806750222,1.8720178067502222,1,sensor_spike,SF,Field-like cold-chain signal,42,field_like_temperature
2025-01-03 10:25:00,4.326732368486072,4.326732368486072,0,normal,SF,Field-like cold-chain signal,42,field_like_temperature
2025-01-03 10:30:00,4.3073904352237085,4.3073904352237085,0,normal,SF,Field-like cold-chain signal,42,field_like_temperature
2025-01-03 10:35:00,4.334030166924592,4.334030166924592,0,normal,SF,Field-like cold-chain signal,42,field_like_temperature
2025-01-03 10:40:00,4.2983282605120845,4.2983282605120845,0,normal,SF,Field-like cold-chain signal,42,field_like_temperature
2025-01-03 10:45:00,4.359365129807451,4.359365129807451,0,normal,SF,Field-like cold-chain signal,42,field_like_temperature
2025-01-03 10:50:00,4.2999967976355995,4.2999967976355995,0,normal,SF,Field-like cold-chain signal,42,field_like_temperature
2025-01-03 10:55:00,4.313967797984049,4.313967797984049,0,normal,SF,Field-like cold-chain signal,42,field_like_temperature
2025-01-03 11:00:00,4.306318787144371,4.306318787144371,0,normal,SF,Field-like cold-chain signal,42,field_like_temperature
2025-01-03 11:05:00,4.300134536212973,4.300134536212973,0,normal,SF,Field-like cold-chain signal,42,field_like_temperature
2025-01-03 11:10:00,4.281090317460389,4.281090317460389,0,normal,SF,Field-like cold-chain signal,42,field_like_temperature
2025-01-03 11:15:00,4.299700619590022,4.299700619590022,0,normal,SF,Field-like cold-chain signal,42,field_like_temperature
2025-01-03 11:20:00,4.22622902999751,4.22622902999751,0,normal,SF,Field-like cold-chain signal,42,field_like_temperature
2025-01-03 11:25:00,4.3277948584806385,4.3277948584806385,0,normal,SF,Field-like cold-chain signal,42,field_like_temperature
2025-01-03 11:30:00,4.237783840354773,4.237783840354773,0,normal,SF,Field-like cold-chain signal,42,field_like_temperature
2025-01-03 11:35:00,4.175798182058437,4.175798182058437,0,normal,SF,Field-like cold-chain signal,42,field_like_temperature
2025-01-03 11:40:00,4.242526038776862,4.242526038776862,0,normal,SF,Field-like cold-chain signal,42,field_like_temperature
2025-01-03 11:45:00,4.182295510443878,4.182295510443878,0,normal,SF,Field-like cold-chain signal,42,field_like_temperature
2025-01-03 11:50:00,4.249842492628068,4.249842492628068,0,normal,SF,Field-like cold-chain signal,42,field_like_temperature
2025-01-03 11:55:00,4.318769984956927,4.318769984956927,0,normal,SF,Field-like cold-chain signal,42,field_like_temperature
2025-01-03 12:00:00,4.160671395422107,4.160671395422107,0,normal,SF,Field-like cold-chain signal,42,field_like_temperature
2025-01-03 12:05:00,4.208328910506392,4.208328910506392,0,normal,SF,Field-like cold-chain signal,42,field_like_temperature
2025-01-03 12:10:00,4.0956489546621455,4.0956489546621455,0,normal,SF,Field-like cold-chain signal,42,field_like_temperature
2025-01-03 12:15:00,4.197840726905816,4.197840726905816,0,normal,SF,Field-like cold-chain signal,42,field_like_temperature
2025-01-03 12:20:00,4.122591939082742,4.122591939082742,0,normal,SF,Field-like cold-chain signal,42,field_like_temperature
2025-01-03 12:25:00,4.127382630124904,4.127382630124904,0,normal,SF,Field-like cold-chain signal,42,field_like_temperature
2025-01-03 12:30:00,4.095324965984809,4.095324965984809,0,normal,SF,Field-like cold-chain signal,42,field_like_temperature
2025-01-03 12:35:00,4.178783599154793,4.178783599154793,0,normal,SF,Field-like cold-chain signal,42,field_like_temperature
2025-01-03 12:40:00,4.184353431184863,4.184353431184863,0,normal,SF,Field-like cold-chain signal,42,field_like_temperature
2025-01-03 12:45:00,4.126998675663421,4.126998675663421,0,normal,SF,Field-like cold-chain signal,42,field_like_temperature
2025-01-03 12:50:00,4.074481891750078,4.074481891750078,0,normal,SF,Field-like cold-chain signal,42,field_like_temperature
2025-01-03 12:55:00,4.189089370212831,4.189089370212831,0,normal,SF,Field-like cold-chain signal,42,field_like_temperature
2025-01-03 13:00:00,4.064042434389945,4.064042434389945,0,normal,SF,Field-like cold-chain signal,42,field_like_temperature
2025-01-03 13:05:00,3.9854543119582746,3.9854543119582746,0,normal,SF,Field-like cold-chain signal,42,field_like_temperature
2025-01-03 13:10:00,4.1085151397411295,4.1085151397411295,0,normal,SF,Field-like cold-chain signal,42,field_like_temperature
2025-01-03 13:15:00,4.0224469840772965,4.0224469840772965,0,normal,SF,Field-like cold-chain signal,42,field_like_temperature
2025-01-03 13:20:00,4.119259918449356,4.119259918449356,0,normal,SF,Field-like cold-chain signal,42,field_like_temperature
2025-01-03 13:25:00,4.042973528237723,4.042973528237723,0,normal,SF,Field-like cold-chain signal,42,field_like_temperature
2025-01-03 13:30:00,4.084477596340251,4.084477596340251,0,normal,SF,Field-like cold-chain signal,42,field_like_temperature
2025-01-03 13:35:00,4.11669244475022,4.11669244475022,0,normal,SF,Field-like cold-chain signal,42,field_like_temperature
2025-01-03 13:40:00,3.9785673037475715,3.9785673037475715,0,normal,SF,Field-like cold-chain signal,42,field_like_temperature
2025-01-03 13:45:00,4.003176859079219,4.003176859079219,0,normal,SF,Field-like cold-chain signal,42,field_like_temperature
2025-01-03 13:50:00,4.0202275688568525,4.0202275688568525,0,normal,SF,Field-like cold-chain signal,42,field_like_temperature
2025-01-03 13:55:00,4.0935032875881205,4.0935032875881205,0,normal,SF,Field-like cold-chain signal,42,field_like_temperature
2025-01-03 14:00:00,3.97640159461283,3.97640159461283,0,normal,SF,Field-like cold-chain signal,42,field_like_temperature
2025-01-03 14:05:00,3.9723741436185724,3.9723741436185724,0,normal,SF,Field-like cold-chain signal,42,field_like_temperature
2025-01-03 14:10:00,4.018871683791216,4.018871683791216,0,normal,SF,Field-like cold-chain signal,42,field_like_temperature
2025-01-03 14:15:00,3.959058372538936,3.959058372538936,0,normal,SF,Field-like cold-chain signal,42,field_like_temperature
2025-01-03 14:20:00,3.988594139911243,3.988594139911243,0,normal,SF,Field-like cold-chain signal,42,field_like_temperature
2025-01-03 14:25:00,3.8965349066539656,3.8965349066539656,0,normal,SF,Field-like cold-chain signal,42,field_like_temperature
2025-01-03 14:30:00,4.078071068141771,4.078071068141771,0,normal,SF,Field-like cold-chain signal,42,field_like_temperature
2025-01-03 14:35:00,3.893313683679051,3.893313683679051,0,normal,SF,Field-like cold-chain signal,42,field_like_temperature
2025-01-03 14:40:00,3.938060736266191,3.938060736266191,0,normal,SF,Field-like cold-chain signal,42,field_like_temperature
2025-01-03 14:45:00,3.9460810196241947,3.9460810196241947,0,normal,SF,Field-like cold-chain signal,42,field_like_temperature
2025-01-03 14:50:00,4.037006422382918,4.037006422382918,0,normal,SF,Field-like cold-chain signal,42,field_like_temperature
2025-01-03 14:55:00,3.868909633501082,3.868909633501082,0,normal,SF,Field-like cold-chain signal,42,field_like_temperature
2025-01-03 15:00:00,4.028232663602612,4.028232663602612,0,normal,SF,Field-like cold-chain signal,42,field_like_temperature
2025-01-03 15:05:00,3.960920069493613,3.960920069493613,0,normal,SF,Field-like cold-chain signal,42,field_like_temperature
2025-01-03 15:10:00,3.938050557458518,3.938050557458518,0,normal,SF,Field-like cold-chain signal,42,field_like_temperature
2025-01-03 15:15:00,3.862221957454106,3.862221957454106,0,normal,SF,Field-like cold-chain signal,42,field_like_temperature
2025-01-03 15:20:00,3.9343942803602223,3.9343942803602223,0,normal,SF,Field-like cold-chain signal,42,field_like_temperature
2025-01-03 15:25:00,3.8641745679754256,3.8641745679754256,0,normal,SF,Field-like cold-chain signal,42,field_like_temperature
2025-01-03 15:30:00,3.958324064734167,3.958324064734167,0,normal,SF,Field-like cold-chain signal,42,field_like_temperature
2025-01-03 15:35:00,3.8412126816496843,3.8412126816496843,0,normal,SF,Field-like cold-chain signal,42,field_like_temperature
2025-01-03 15:40:00,3.8790175104695668,3.8790175104695668,0,normal,SF,Field-like cold-chain signal,42,field_like_temperature
2025-01-03 15:45:00,3.8519584329910312,3.8519584329910312,0,normal,SF,Field-like cold-chain signal,42,field_like_temperature
2025-01-03 15:50:00,3.8255316556815613,3.8255316556815613,0,normal,SF,Field-like cold-chain signal,42,field_like_temperature
2025-01-03 15:55:00,3.9073005734388384,3.9073005734388384,0,normal,SF,Field-like cold-chain signal,42,field_like_temperature
2025-01-03 16:00:00,3.8924772924232647,3.8924772924232647,0,normal,SF,Field-like cold-chain signal,42,field_like_temperature
2025-01-03 16:05:00,3.9217694946239563,3.9217694946239563,0,normal,SF,Field-like cold-chain signal,42,field_like_temperature
2025-01-03 16:10:00,3.7680865108864987,3.7680865108864987,0,normal,SF,Field-like cold-chain signal,42,field_like_temperature
2025-01-03 16:15:00,3.9061984603273863,3.9061984603273863,0,normal,SF,Field-like cold-chain signal,42,field_like_temperature
2025-01-03 16:20:00,3.974322061653438,3.974322061653438,0,normal,SF,Field-like cold-chain signal,42,field_like_temperature
2025-01-03 16:25:00,3.822678869210984,3.822678869210984,0,normal,SF,Field-like cold-chain signal,42,field_like_temperature
2025-01-03 16:30:00,3.9363827896481127,3.9363827896481127,0,normal,SF,Field-like cold-chain signal,42,field_like_temperature
2025-01-03 16:35:00,3.8249862982991036,3.8249862982991036,0,normal,SF,Field-like cold-chain signal,42,field_like_temperature
2025-01-03 16:40:00,3.766198811506917,3.766198811506917,0,normal,SF,Field-like cold-chain signal,42,field_like_temperature
2025-01-03 16:45:00,3.816369838602025,3.816369838602025,0,normal,SF,Field-like cold-chain signal,42,field_like_temperature
2025-01-03 16:50:00,3.8810522650137185,3.8810522650137185,0,normal,SF,Field-like cold-chain signal,42,field_like_temperature
2025-01-03 16:55:00,3.7838834346175196,3.7838834346175196,0,normal,SF,Field-like cold-chain signal,42,field_like_temperature
2025-01-03 17:00:00,3.7930861710831243,3.7930861710831243,0,normal,SF,Field-like cold-chain signal,42,field_like_temperature
2025-01-03 17:05:00,3.850252565011322,3.850252565011322,0,normal,SF,Field-like cold-chain signal,42,field_like_temperature
2025-01-03 17:10:00,3.818363646933214,3.818363646933214,0,normal,SF,Field-like cold-chain signal,42,field_like_temperature
2025-01-03 17:15:00,3.8452402320034453,3.8452402320034453,0,normal,SF,Field-like cold-chain signal,42,field_like_temperature
2025-01-03 17:20:00,3.825863160111094,3.825863160111094,0,normal,SF,Field-like cold-chain signal,42,field_like_temperature
2025-01-03 17:25:00,3.836080385209214,3.836080385209214,0,normal,SF,Field-like cold-chain signal,42,field_like_temperature
2025-01-03 17:30:00,3.788776937523101,3.788776937523101,0,normal,SF,Field-like cold-chain signal,42,field_like_temperature
2025-01-03 17:35:00,3.8204373885035943,3.8204373885035943,0,normal,SF,Field-like cold-chain signal,42,field_like_temperature
2025-01-03 17:40:00,3.7611074496746824,3.7611074496746824,0,normal,SF,Field-like cold-chain signal,42,field_like_temperature
2025-01-03 17:45:00,3.870689821745323,3.870689821745323,0,normal,SF,Field-like cold-chain signal,42,field_like_temperature
2025-01-03 17:50:00,3.7735135166798432,3.7735135166798432,0,normal,SF,Field-like cold-chain signal,42,field_like_temperature
2025-01-03 17:55:00,3.8607960200452998,3.8607960200452998,0,normal,SF,Field-like cold-chain signal,42,field_like_temperature
2025-01-03 18:00:00,3.7919671027946147,3.7919671027946147,0,normal,SF,Field-like cold-chain signal,42,field_like_temperature
2025-01-03 18:05:00,3.8132086700873353,3.8132086700873353,0,normal,SF,Field-like cold-chain signal,42,field_like_temperature
2025-01-03 18:10:00,3.7779891964410512,3.7779891964410512,0,normal,SF,Field-like cold-chain signal,42,field_like_temperature
2025-01-03 18:15:00,3.751733685512613,3.751733685512613,0,normal,SF,Field-like cold-chain signal,42,field_like_temperature
2025-01-03 18:20:00,3.715258613119051,3.715258613119051,0,normal,SF,Field-like cold-chain signal,42,field_like_temperature
2025-01-03 18:25:00,3.749860476903147,3.749860476903147,0,normal,SF,Field-like cold-chain signal,42,field_like_temperature
2025-01-03 18:30:00,3.786727826973305,3.786727826973305,0,normal,SF,Field-like cold-chain signal,42,field_like_temperature
2025-01-03 18:35:00,3.813979922577229,3.813979922577229,0,normal,SF,Field-like cold-chain signal,42,field_like_temperature
2025-01-03 18:40:00,3.8545332306110405,3.8545332306110405,0,normal,SF,Field-like cold-chain signal,42,field_like_temperature
2025-01-03 18:45:00,3.782519720307403,3.782519720307403,0,normal,SF,Field-like cold-chain signal,42,field_like_temperature
2025-01-03 18:50:00,3.761667252105745,3.761667252105745,0,normal,SF,Field-like cold-chain signal,42,field_like_temperature
2025-01-03 18:55:00,3.734750880565566,3.734750880565566,0,normal,SF,Field-like cold-chain signal,42,field_like_temperature
2025-01-03 19:00:00,3.832173949262236,3.832173949262236,0,normal,SF,Field-like cold-chain signal,42,field_like_temperature
2025-01-03 19:05:00,3.8787765709888373,3.8787765709888373,0,normal,SF,Field-like cold-chain signal,42,field_like_temperature
2025-01-03 19:10:00,3.8745403966272907,3.8745403966272907,0,normal,SF,Field-like cold-chain signal,42,field_like_temperature
2025-01-03 19:15:00,3.8484874764575996,3.8484874764575996,0,normal,SF,Field-like cold-chain signal,42,field_like_temperature
2025-01-03 19:20:00,3.846843759575926,3.846843759575926,0,normal,SF,Field-like cold-chain signal,42,field_like_temperature
2025-01-03 19:25:00,3.9018811421336226,3.9018811421336226,0,normal,SF,Field-like cold-chain signal,42,field_like_temperature
2025-01-03 19:30:00,3.8358437218371266,3.8358437218371266,0,normal,SF,Field-like cold-chain signal,42,field_like_temperature
2025-01-03 19:35:00,3.8539408218638793,3.8539408218638793,0,normal,SF,Field-like cold-chain signal,42,field_like_temperature
2025-01-03 19:40:00,3.8081434121711815,3.8081434121711815,0,normal,SF,Field-like cold-chain signal,42,field_like_temperature
2025-01-03 19:45:00,3.758780793463181,3.758780793463181,0,normal,SF,Field-like cold-chain signal,42,field_like_temperature
2025-01-03 19:50:00,3.7955414030238575,3.7955414030238575,0,normal,SF,Field-like cold-chain signal,42,field_like_temperature
2025-01-03 19:55:00,3.832275680096829,3.832275680096829,0,normal,SF,Field-like cold-chain signal,42,field_like_temperature
2025-01-03 20:00:00,3.838919880839142,3.838919880839142,0,normal,SF,Field-like cold-chain signal,42,field_like_temperature
2025-01-03 20:05:00,3.9354873101152164,3.9354873101152164,0,normal,SF,Field-like cold-chain signal,42,field_like_temperature
2025-01-03 20:10:00,3.8466728659466076,3.8466728659466076,0,normal,SF,Field-like cold-chain signal,42,field_like_temperature
2025-01-03 20:15:00,3.9051288472647774,3.9051288472647774,0,normal,SF,Field-like cold-chain signal,42,field_like_temperature
2025-01-03 20:20:00,3.8281501831589324,3.8281501831589324,0,normal,SF,Field-like cold-chain signal,42,field_like_temperature
2025-01-03 20:25:00,3.8381752832329004,3.8381752832329004,0,normal,SF,Field-like cold-chain signal,42,field_like_temperature
2025-01-03 20:30:00,3.791299284515651,3.791299284515651,0,normal,SF,Field-like cold-chain signal,42,field_like_temperature
2025-01-03 20:35:00,3.8247572416630007,3.8247572416630007,0,normal,SF,Field-like cold-chain signal,42,field_like_temperature
2025-01-03 20:40:00,3.892477842458183,3.892477842458183,0,normal,SF,Field-like cold-chain signal,42,field_like_temperature
2025-01-03 20:45:00,3.8708907728692146,3.8708907728692146,0,normal,SF,Field-like cold-chain signal,42,field_like_temperature
2025-01-03 20:50:00,3.922170191144847,3.922170191144847,0,normal,SF,Field-like cold-chain signal,42,field_like_temperature
2025-01-03 20:55:00,3.888720544540723,3.888720544540723,0,normal,SF,Field-like cold-chain signal,42,field_like_temperature
2025-01-03 21:00:00,3.8667913650418893,3.8667913650418893,0,normal,SF,Field-like cold-chain signal,42,field_like_temperature
2025-01-03 21:05:00,3.9967041863980106,3.9967041863980106,0,normal,SF,Field-like cold-chain signal,42,field_like_temperature
2025-01-03 21:10:00,3.8895859569136118,3.8895859569136118,0,normal,SF,Field-like cold-chain signal,42,field_like_temperature
2025-01-03 21:15:00,3.9575368351514735,3.9575368351514735,0,normal,SF,Field-like cold-chain signal,42,field_like_temperature
2025-01-03 21:20:00,3.8845431418645937,3.8845431418645937,0,normal,SF,Field-like cold-chain signal,42,field_like_temperature
2025-01-03 21:25:00,3.945408808627031,3.945408808627031,0,normal,SF,Field-like cold-chain signal,42,field_like_temperature
2025-01-03 21:30:00,3.9617604687655907,3.9617604687655907,0,normal,SF,Field-like cold-chain signal,42,field_like_temperature
2025-01-03 21:35:00,3.931317906263617,3.931317906263617,0,normal,SF,Field-like cold-chain signal,42,field_like_temperature
2025-01-03 21:40:00,3.808802658105354,3.808802658105354,0,normal,SF,Field-like cold-chain signal,42,field_like_temperature
2025-01-03 21:45:00,3.9331698552614025,3.9331698552614025,0,normal,SF,Field-like cold-chain signal,42,field_like_temperature
2025-01-03 21:50:00,3.9996046054510903,3.9996046054510903,0,normal,SF,Field-like cold-chain signal,42,field_like_temperature
2025-01-03 21:55:00,3.9703709257439215,3.9703709257439215,0,normal,SF,Field-like cold-chain signal,42,field_like_temperature
2025-01-03 22:00:00,3.9722919437614626,3.9722919437614626,0,normal,SF,Field-like cold-chain signal,42,field_like_temperature
2025-01-03 22:05:00,3.869974987623509,3.869974987623509,0,normal,SF,Field-like cold-chain signal,42,field_like_temperature
2025-01-03 22:10:00,3.9262344773898796,3.9262344773898796,0,normal,SF,Field-like cold-chain signal,42,field_like_temperature
2025-01-03 22:15:00,3.989072877069365,3.989072877069365,0,normal,SF,Field-like cold-chain signal,42,field_like_temperature
2025-01-03 22:20:00,3.9953470609935926,3.9953470609935926,0,normal,SF,Field-like cold-chain signal,42,field_like_temperature
2025-01-03 22:25:00,4.041956008832009,4.041956008832009,0,normal,SF,Field-like cold-chain signal,42,field_like_temperature
2025-01-03 22:30:00,3.9804426762075207,3.9804426762075207,0,normal,SF,Field-like cold-chain signal,42,field_like_temperature
2025-01-03 22:35:00,4.014505802386616,4.014505802386616,0,normal,SF,Field-like cold-chain signal,42,field_like_temperature
2025-01-03 22:40:00,4.0016237722976,4.0016237722976,0,normal,SF,Field-like cold-chain signal,42,field_like_temperature
2025-01-03 22:45:00,3.9581068729314732,3.9581068729314732,0,normal,SF,Field-like cold-chain signal,42,field_like_temperature
2025-01-03 22:50:00,3.901368462366743,3.901368462366743,0,normal,SF,Field-like cold-chain signal,42,field_like_temperature
2025-01-03 22:55:00,4.042464158990459,4.042464158990459,0,normal,SF,Field-like cold-chain signal,42,field_like_temperature
2025-01-03 23:00:00,4.036414839382504,4.036414839382504,0,normal,SF,Field-like cold-chain signal,42,field_like_temperature
2025-01-03 23:05:00,4.003657201152842,4.003657201152842,0,normal,SF,Field-like cold-chain signal,42,field_like_temperature
2025-01-03 23:10:00,3.960496934499062,3.960496934499062,0,normal,SF,Field-like cold-chain signal,42,field_like_temperature
2025-01-03 23:15:00,4.0798698280618515,4.0798698280618515,0,normal,SF,Field-like cold-chain signal,42,field_like_temperature
2025-01-03 23:20:00,4.042048198586184,4.042048198586184,0,normal,SF,Field-like cold-chain signal,42,field_like_temperature
2025-01-03 23:25:00,4.090179811797676,4.090179811797676,0,normal,SF,Field-like cold-chain signal,42,field_like_temperature
2025-01-03 23:30:00,4.162557323704845,4.162557323704845,0,normal,SF,Field-like cold-chain signal,42,field_like_temperature
2025-01-03 23:35:00,3.9693255353963814,3.9693255353963814,0,normal,SF,Field-like cold-chain signal,42,field_like_temperature
2025-01-03 23:40:00,4.0484789841505435,4.0484789841505435,0,normal,SF,Field-like cold-chain signal,42,field_like_temperature
2025-01-03 23:45:00,4.080068345598269,4.080068345598269,0,normal,SF,Field-like cold-chain signal,42,field_like_temperature
2025-01-03 23:50:00,4.170369079772824,4.170369079772824,0,normal,SF,Field-like cold-chain signal,42,field_like_temperature
2025-01-03 23:55:00,4.022907189431965,4.022907189431965,0,normal,SF,Field-like cold-chain signal,42,field_like_temperature
2025-01-04 00:00:00,4.208625263440159,4.208625263440159,0,normal,SF,Field-like cold-chain signal,42,field_like_temperature
2025-01-04 00:05:00,4.125731557585874,4.125731557585874,0,normal,SF,Field-like cold-chain signal,42,field_like_temperature
2025-01-04 00:10:00,4.121243334478473,4.121243334478473,0,normal,SF,Field-like cold-chain signal,42,field_like_temperature
2025-01-04 00:15:00,4.123239416984005,4.123239416984005,0,normal,SF,Field-like cold-chain signal,42,field_like_temperature
2025-01-04 00:20:00,4.118419104879871,4.118419104879871,0,normal,SF,Field-like cold-chain signal,42,field_like_temperature
2025-01-04 00:25:00,4.199715145955212,4.199715145955212,0,normal,SF,Field-like cold-chain signal,42,field_like_temperature
2025-01-04 00:30:00,4.100943915221588,4.100943915221588,0,normal,SF,Field-like cold-chain signal,42,field_like_temperature
2025-01-04 00:35:00,4.178681302243496,4.178681302243496,0,normal,SF,Field-like cold-chain signal,42,field_like_temperature
2025-01-04 00:40:00,4.149218557599228,4.149218557599228,0,normal,SF,Field-like cold-chain signal,42,field_like_temperature
2025-01-04 00:45:00,4.137310847883464,4.137310847883464,0,normal,SF,Field-like cold-chain signal,42,field_like_temperature
2025-01-04 00:50:00,4.311675428166888,4.311675428166888,0,normal,SF,Field-like cold-chain signal,42,field_like_temperature
2025-01-04 00:55:00,4.210254078224224,4.210254078224224,0,normal,SF,Field-like cold-chain signal,42,field_like_temperature
2025-01-04 01:00:00,4.226851884361465,4.226851884361465,0,normal,SF,Field-like cold-chain signal,42,field_like_temperature
2025-01-04 01:05:00,4.259923194659903,4.259923194659903,0,normal,SF,Field-like cold-chain signal,42,field_like_temperature
2025-01-04 01:10:00,4.138767799518904,4.138767799518904,0,normal,SF,Field-like cold-chain signal,42,field_like_temperature
2025-01-04 01:15:00,4.30420255801512,4.30420255801512,0,normal,SF,Field-like cold-chain signal,42,field_like_temperature
2025-01-04 01:20:00,4.09784104978625,4.09784104978625,0,normal,SF,Field-like cold-chain signal,42,field_like_temperature
2025-01-04 01:25:00,4.191496395950924,4.191496395950924,0,normal,SF,Field-like cold-chain signal,42,field_like_temperature
2025-01-04 01:30:00,4.213570410419308,4.213570410419308,0,normal,SF,Field-like cold-chain signal,42,field_like_temperature
2025-01-04 01:35:00,4.272133546829675,4.272133546829675,0,normal,SF,Field-like cold-chain signal,42,field_like_temperature
2025-01-04 01:40:00,4.2604434505677435,4.2604434505677435,0,normal,SF,Field-like cold-chain signal,42,field_like_temperature
2025-01-04 01:45:00,4.247558432276721,4.247558432276721,0,normal,SF,Field-like cold-chain signal,42,field_like_temperature
2025-01-04 01:50:00,4.261619140168515,4.261619140168515,0,normal,SF,Field-like cold-chain signal,42,field_like_temperature
2025-01-04 01:55:00,4.219562668045532,4.219562668045532,0,normal,SF,Field-like cold-chain signal,42,field_like_temperature
2025-01-04 02:00:00,4.199768789321963,4.199768789321963,0,normal,SF,Field-like cold-chain signal,42,field_like_temperature
2025-01-04 02:05:00,4.317041200357785,4.317041200357785,0,normal,SF,Field-like cold-chain signal,42,field_like_temperature
2025-01-04 02:10:00,4.321401637405848,4.621401637405848,1,door_opening_excursion,SF,Field-like cold-chain signal,42,field_like_temperature
2025-01-04 02:15:00,4.3718541884847735,4.793282759913345,1,door_opening_excursion,SF,Field-like cold-chain signal,42,field_like_temperature
2025-01-04 02:20:00,4.258951143872732,4.801808286729875,1,door_opening_excursion,SF,Field-like cold-chain signal,42,field_like_temperature
2025-01-04 02:25:00,4.338821688893346,5.003107403179061,1,door_opening_excursion,SF,Field-like cold-chain signal,42,field_like_temperature
2025-01-04 02:30:00,4.295627977380752,5.081342263095038,1,door_opening_excursion,SF,Field-like cold-chain signal,42,field_like_temperature
2025-01-04 02:35:00,4.374870006156755,5.282012863299611,1,door_opening_excursion,SF,Field-like cold-chain signal,42,field_like_temperature
2025-01-04 02:40:00,4.3718750466553455,5.400446475226774,1,door_opening_excursion,SF,Field-like cold-chain signal,42,field_like_temperature
2025-01-04 02:45:00,4.336662936269994,5.486662936269994,1,door_opening_excursion,SF,Field-like cold-chain signal,42,field_like_temperature
2025-01-04 02:50:00,4.314343675187205,5.585772246615776,1,door_opening_excursion,SF,Field-like cold-chain signal,42,field_like_temperature
2025-01-04 02:55:00,4.384473969785812,5.777331112642955,1,door_opening_excursion,SF,Field-like cold-chain signal,42,field_like_temperature
2025-01-04 03:00:00,4.373766582400139,5.888052296685853,1,door_opening_excursion,SF,Field-like cold-chain signal,42,field_like_temperature
2025-01-04 03:05:00,4.312077560273112,5.947791845987398,1,door_opening_excursion,SF,Field-like cold-chain signal,42,field_like_temperature
2025-01-04 03:10:00,4.2846695668364445,6.041812423979302,1,door_opening_excursion,SF,Field-like cold-chain signal,42,field_like_temperature
2025-01-04 03:15:00,4.341271996069855,6.219843424641283,1,door_opening_excursion,SF,Field-like cold-chain signal,42,field_like_temperature
2025-01-04 03:20:00,4.435985275808255,6.435985275808255,1,door_opening_excursion,SF,Field-like cold-chain signal,42,field_like_temperature
2025-01-04 03:25:00,4.421929332710198,4.421929332710198,0,normal,SF,Field-like cold-chain signal,42,field_like_temperature
2025-01-04 03:30:00,4.31325113996656,4.31325113996656,0,normal,SF,Field-like cold-chain signal,42,field_like_temperature
2025-01-04 03:35:00,4.314612095216263,4.314612095216263,0,normal,SF,Field-like cold-chain signal,42,field_like_temperature
2025-01-04 03:40:00,4.440734352742246,4.440734352742246,0,normal,SF,Field-like cold-chain signal,42,field_like_temperature
2025-01-04 03:45:00,4.324084192652647,4.324084192652647,0,normal,SF,Field-like cold-chain signal,42,field_like_temperature
2025-01-04 03:50:00,4.4100601716950925,4.4100601716950925,0,normal,SF,Field-like cold-chain signal,42,field_like_temperature
2025-01-04 03:55:00,4.35738287484569,4.35738287484569,0,normal,SF,Field-like cold-chain signal,42,field_like_temperature
2025-01-04 04:00:00,4.472489413729028,4.472489413729028,0,normal,SF,Field-like cold-chain signal,42,field_like_temperature
2025-01-04 04:05:00,4.35642451828148,4.35642451828148,0,normal,SF,Field-like cold-chain signal,42,field_like_temperature
2025-01-04 04:10:00,4.455278510004319,4.455278510004319,0,normal,SF,Field-like cold-chain signal,42,field_like_temperature
2025-01-04 04:15:00,4.4103724211176125,4.4103724211176125,0,normal,SF,Field-like cold-chain signal,42,field_like_temperature
2025-01-04 04:20:00,4.416611031141126,4.416611031141126,0,normal,SF,Field-like cold-chain signal,42,field_like_temperature
2025-01-04 04:25:00,4.308208840966629,4.308208840966629,0,normal,SF,Field-like cold-chain signal,42,field_like_temperature
2025-01-04 04:30:00,4.2991512738786595,4.2991512738786595,0,normal,SF,Field-like cold-chain signal,42,field_like_temperature
2025-01-04 04:35:00,4.400689586768235,4.400689586768235,0,normal,SF,Field-like cold-chain signal,42,field_like_temperature
2025-01-04 04:40:00,4.4263310539780525,4.4263310539780525,0,normal,SF,Field-like cold-chain signal,42,field_like_temperature
2025-01-04 04:45:00,4.359839379125383,4.359839379125383,0,normal,SF,Field-like cold-chain signal,42,field_like_temperature
2025-01-04 04:50:00,4.363622574729904,4.363622574729904,0,normal,SF,Field-like cold-chain signal,42,field_like_temperature
2025-01-04 04:55:00,4.4479321839140535,4.4479321839140535,0,normal,SF,Field-like cold-chain signal,42,field_like_temperature
2025-01-04 05:00:00,4.449644869005485,4.449644869005485,0,normal,SF,Field-like cold-chain signal,42,field_like_temperature
2025-01-04 05:05:00,4.416099998951312,4.416099998951312,0,normal,SF,Field-like cold-chain signal,42,field_like_temperature
2025-01-04 05:10:00,4.463322465023418,4.463322465023418,0,normal,SF,Field-like cold-chain signal,42,field_like_temperature
2025-01-04 05:15:00,4.366767193723012,4.366767193723012,0,normal,SF,Field-like cold-chain signal,42,field_like_temperature
2025-01-04 05:20:00,4.4086843546589165,4.4086843546589165,0,normal,SF,Field-like cold-chain signal,42,field_like_temperature
2025-01-04 05:25:00,4.509716972891323,4.509716972891323,0,normal,SF,Field-like cold-chain signal,42,field_like_temperature
2025-01-04 05:30:00,4.43141880693414,4.43141880693414,0,normal,SF,Field-like cold-chain signal,42,field_like_temperature
2025-01-04 05:35:00,4.434835043726968,4.434835043726968,0,normal,SF,Field-like cold-chain signal,42,field_like_temperature
2025-01-04 05:40:00,4.5441701471234035,4.5441701471234035,0,normal,SF,Field-like cold-chain signal,42,field_like_temperature
2025-01-04 05:45:00,4.359095442937415,4.359095442937415,0,normal,SF,Field-like cold-chain signal,42,field_like_temperature
2025-01-04 05:50:00,4.468909866793173,4.468909866793173,0,normal,SF,Field-like cold-chain signal,42,field_like_temperature
2025-01-04 05:55:00,4.512149332828251,4.512149332828251,0,normal,SF,Field-like cold-chain signal,42,field_like_temperature
2025-01-04 06:00:00,4.41240455451883,4.41240455451883,0,normal,SF,Field-like cold-chain signal,42,field_like_temperature
2025-01-04 06:05:00,4.4711621515259585,4.4711621515259585,0,normal,SF,Field-like cold-chain signal,42,field_like_temperature
2025-01-04 06:10:00,4.378448574939657,4.378448574939657,0,normal,SF,Field-like cold-chain signal,42,field_like_temperature
2025-01-04 06:15:00,4.392417770080892,4.392417770080892,0,normal,SF,Field-like cold-chain signal,42,field_like_temperature
2025-01-04 06:20:00,4.445043658491144,4.445043658491144,0,normal,SF,Field-like cold-chain signal,42,field_like_temperature
2025-01-04 06:25:00,4.464601011342017,4.464601011342017,0,normal,SF,Field-like cold-chain signal,42,field_like_temperature
2025-01-04 06:30:00,4.4794335988078435,4.4794335988078435,0,normal,SF,Field-like cold-chain signal,42,field_like_temperature
2025-01-04 06:35:00,4.500419495641613,4.500419495641613,0,normal,SF,Field-like cold-chain signal,42,field_like_temperature
2025-01-04 06:40:00,4.416954749743258,4.416954749743258,0,normal,SF,Field-like cold-chain signal,42,field_like_temperature
2025-01-04 06:45:00,4.478234994054379,4.478234994054379,0,normal,SF,Field-like cold-chain signal,42,field_like_temperature
2025-01-04 06:50:00,4.399505487009445,4.399505487009445,0,normal,SF,Field-like cold-chain signal,42,field_like_temperature
2025-01-04 06:55:00,4.459631366636891,4.459631366636891,0,normal,SF,Field-like cold-chain signal,42,field_like_temperature
2025-01-04 07:00:00,4.422647893901969,4.422647893901969,0,normal,SF,Field-like cold-chain signal,42,field_like_temperature
2025-01-04 07:05:00,4.432145492444513,4.432145492444513,0,normal,SF,Field-like cold-chain signal,42,field_like_temperature
2025-01-04 07:10:00,4.428467609591048,4.428467609591048,0,normal,SF,Field-like cold-chain signal,42,field_like_temperature
2025-01-04 07:15:00,4.324331121577801,4.324331121577801,0,normal,SF,Field-like cold-chain signal,42,field_like_temperature
2025-01-04 07:20:00,4.345479109908566,4.345479109908566,0,normal,SF,Field-like cold-chain signal,42,field_like_temperature
2025-01-04 07:25:00,4.4037769924905215,4.4037769924905215,0,normal,SF,Field-like cold-chain signal,42,field_like_temperature
2025-01-04 07:30:00,4.311097857743778,4.311097857743778,0,normal,SF,Field-like cold-chain signal,42,field_like_temperature
2025-01-04 07:35:00,4.433682792250853,4.433682792250853,0,normal,SF,Field-like cold-chain signal,42,field_like_temperature
2025-01-04 07:40:00,4.432210428671918,4.432210428671918,0,normal,SF,Field-like cold-chain signal,42,field_like_temperature
2025-01-04 07:45:00,4.401353025455113,4.401353025455113,0,normal,SF,Field-like cold-chain signal,42,field_like_temperature
2025-01-04 07:50:00,4.325152716908254,4.325152716908254,0,normal,SF,Field-like cold-chain signal,42,field_like_temperature
2025-01-04 07:55:00,4.446285985660395,4.446285985660395,0,normal,SF,Field-like cold-chain signal,42,field_like_temperature
2025-01-04 08:00:00,4.475065612742807,4.475065612742807,0,normal,SF,Field-like cold-chain signal,42,field_like_temperature
2025-01-04 08:05:00,4.376343173934459,4.376343173934459,0,normal,SF,Field-like cold-chain signal,42,field_like_temperature
2025-01-04 08:10:00,4.390160420566088,4.390160420566088,0,normal,SF,Field-like cold-chain signal,42,field_like_temperature
2025-01-04 08:15:00,4.370226895984773,4.370226895984773,0,normal,SF,Field-like cold-chain signal,42,field_like_temperature
2025-01-04 08:20:00,4.382028718880178,4.382028718880178,0,normal,SF,Field-like cold-chain signal,42,field_like_temperature
2025-01-04 08:25:00,4.3447686603061735,4.3447686603061735,0,normal,SF,Field-like cold-chain signal,42,field_like_temperature
2025-01-04 08:30:00,4.344122890210448,4.344122890210448,0,normal,SF,Field-like cold-chain signal,42,field_like_temperature
2025-01-04 08:35:00,4.38611183837657,4.38611183837657,0,normal,SF,Field-like cold-chain signal,42,field_like_temperature
2025-01-04 08:40:00,4.452954624257625,4.452954624257625,0,normal,SF,Field-like cold-chain signal,42,field_like_temperature
2025-01-04 08:45:00,4.260392225278099,4.260392225278099,0,normal,SF,Field-like cold-chain signal,42,field_like_temperature
2025-01-04 08:50:00,4.319804818686662,4.319804818686662,0,normal,SF,Field-like cold-chain signal,42,field_like_temperature
2025-01-04 08:55:00,4.2604517912364495,4.2604517912364495,0,normal,SF,Field-like cold-chain signal,42,field_like_temperature
2025-01-04 09:00:00,4.393437639715842,4.393437639715842,0,normal,SF,Field-like cold-chain signal,42,field_like_temperature
2025-01-04 09:05:00,4.2786958295461295,4.2786958295461295,0,normal,SF,Field-like cold-chain signal,42,field_like_temperature
2025-01-04 09:10:00,4.230056378735889,4.230056378735889,0,normal,SF,Field-like cold-chain signal,42,field_like_temperature
2025-01-04 09:15:00,4.3281494739975495,4.3281494739975495,0,normal,SF,Field-like cold-chain signal,42,field_like_temperature
2025-01-04 09:20:00,4.377372112182569,4.377372112182569,0,normal,SF,Field-like cold-chain signal,42,field_like_temperature
2025-01-04 09:25:00,4.31714837279407,4.31714837279407,0,normal,SF,Field-like cold-chain signal,42,field_like_temperature
2025-01-04 09:30:00,4.2879186013646695,4.2879186013646695,0,normal,SF,Field-like cold-chain signal,42,field_like_temperature
2025-01-04 09:35:00,4.291747151247899,4.291747151247899,0,normal,SF,Field-like cold-chain signal,42,field_like_temperature
2025-01-04 09:40:00,4.335547617808647,4.335547617808647,1,cooling_failure,SF,Field-like cold-chain signal,42,field_like_temperature
2025-01-04 09:45:00,4.214518141982392,4.240568562150459,1,cooling_failure,SF,Field-like cold-chain signal,42,field_like_temperature
2025-01-04 09:50:00,4.245968317085591,4.298069157421725,1,cooling_failure,SF,Field-like cold-chain signal,42,field_like_temperature
2025-01-04 09:55:00,4.222171826394142,4.300323086898343,1,cooling_failure,SF,Field-like cold-chain signal,42,field_like_temperature
2025-01-04 10:00:00,4.179574915989025,4.283776596661293,1,cooling_failure,SF,Field-like cold-chain signal,42,field_like_temperature
2025-01-04 10:05:00,4.21463058428303,4.344882685123366,1,cooling_failure,SF,Field-like cold-chain signal,42,field_like_temperature
2025-01-04 10:10:00,4.279439058273616,4.43574157928202,1,cooling_failure,SF,Field-like cold-chain signal,42,field_like_temperature
2025-01-04 10:15:00,4.245312467473952,4.427665408650423,1,cooling_failure,SF,Field-like cold-chain signal,42,field_like_temperature
2025-01-04 10:20:00,4.24205618859679,4.4504595499413275,1,cooling_failure,SF,Field-like cold-chain signal,42,field_like_temperature
2025-01-04 10:25:00,4.209954976282657,4.444408757795262,1,cooling_failure,SF,Field-like cold-chain signal,42,field_like_temperature
2025-01-04 10:30:00,4.221523460587517,4.482027662268189,1,cooling_failure,SF,Field-like cold-chain signal,42,field_like_temperature
2025-01-04 10:35:00,4.147992720679255,4.434547342527995,1,cooling_failure,SF,Field-like cold-chain signal,42,field_like_temperature
2025-01-04 10:40:00,4.165153977682604,4.477759019699411,1,cooling_failure,SF,Field-like cold-chain signal,42,field_like_temperature
2025-01-04 10:45:00,4.182782591773752,4.521438053958626,1,cooling_failure,SF,Field-like cold-chain signal,42,field_like_temperature
2025-01-04 10:50:00,4.179560187573288,4.544266069926229,1,cooling_failure,SF,Field-like cold-chain signal,42,field_like_temperature
2025-01-04 10:55:00,4.1741483672645225,4.564904669785531,1,cooling_failure,SF,Field-like cold-chain signal,42,field_like_temperature
2025-01-04 11:00:00,4.143632837710485,4.560439560399561,1,cooling_failure,SF,Field-like cold-chain signal,42,field_like_temperature
2025-01-04 11:05:00,4.124048610804742,4.566905753661885,1,cooling_failure,SF,Field-like cold-chain signal,42,field_like_temperature
2025-01-04 11:10:00,4.293141600643291,4.762049163668501,1,cooling_failure,SF,Field-like cold-chain signal,42,field_like_temperature
2025-01-04 11:15:00,4.172892275963893,4.66785025915717,1,cooling_failure,SF,Field-like cold-chain signal,42,field_like_temperature
2025-01-04 11:20:00,4.140480342863171,4.661488746224515,1,cooling_failure,SF,Field-like cold-chain signal,42,field_like_temperature
2025-01-04 11:25:00,4.100406357967697,4.647465181497108,1,cooling_failure,SF,Field-like cold-chain signal,42,field_like_temperature
2025-01-04 11:30:00,4.081727002265999,4.654836245963478,1,cooling_failure,SF,Field-like cold-chain signal,42,field_like_temperature
2025-01-04 11:35:00,4.089950023452923,4.689109687318469,1,cooling_failure,SF,Field-like cold-chain signal,42,field_like_temperature
2025-01-04 11:40:00,4.103318165801117,4.72852824983473,1,cooling_failure,SF,Field-like cold-chain signal,42,field_like_temperature
2025-01-04 11:45:00,3.9868297986031305,4.6380903028048115,1,cooling_failure,SF,Field-like cold-chain signal,42,field_like_temperature
2025-01-04 11:50:00,3.9945487575282037,4.671859681897952,1,cooling_failure,SF,Field-like cold-chain signal,42,field_like_temperature
2025-01-04 11:55:00,4.033336221384867,4.736697565922682,1,cooling_failure,SF,Field-like cold-chain signal,42,field_like_temperature
2025-01-04 12:00:00,4.067698494394655,4.7971102591005375,1,cooling_failure,SF,Field-like cold-chain signal,42,field_like_temperature
2025-01-04 12:05:00,4.037541762933819,4.793003947807769,1,cooling_failure,SF,Field-like cold-chain signal,42,field_like_temperature
2025-01-04 12:10:00,4.115581733114873,4.89709433815689,1,cooling_failure,SF,Field-like cold-chain signal,42,field_like_temperature
2025-01-04 12:15:00,3.9597360737510847,4.7672990989611685,1,cooling_failure,SF,Field-like cold-chain signal,42,field_like_temperature
2025-01-04 12:20:00,3.988482503163696,4.822095948541847,1,cooling_failure,SF,Field-like cold-chain signal,42,field_like_temperature
2025-01-04 12:25:00,4.094265476730645,4.953929342276863,1,cooling_failure,SF,Field-like cold-chain signal,42,field_like_temperature
2025-01-04 12:30:00,4.017048838726511,4.902763124440797,1,cooling_failure,SF,Field-like cold-chain signal,42,field_like_temperature
2025-01-04 12:35:00,4.046991465815698,4.9587561716980515,1,cooling_failure,SF,Field-like cold-chain signal,42,field_like_temperature
2025-01-04 12:40:00,4.097596230589301,5.035411356639721,1,cooling_failure,SF,Field-like cold-chain signal,42,field_like_temperature
2025-01-04 12:45:00,3.952659880931218,4.916525427149705,1,cooling_failure,SF,Field-like cold-chain signal,42,field_like_temperature
2025-01-04 12:50:00,3.97473585025077,4.964651816637325,1,cooling_failure,SF,Field-like cold-chain signal,42,field_like_temperature
2025-01-04 12:55:00,3.9584704940649735,4.974436880619596,1,cooling_failure,SF,Field-like cold-chain signal,42,field_like_temperature
2025-01-04 13:00:00,3.866794810046594,4.908811616769283,1,cooling_failure,SF,Field-like cold-chain signal,42,field_like_temperature
2025-01-04 13:05:00,3.941483114064263,5.00955034095502,1,cooling_failure,SF,Field-like cold-chain signal,42,field_like_temperature
2025-01-04 13:10:00,3.993583933485823,5.087701580544646,1,cooling_failure,SF,Field-like cold-chain signal,42,field_like_temperature
2025-01-04 13:15:00,3.969141027778493,5.089309095005383,1,cooling_failure,SF,Field-like cold-chain signal,42,field_like_temperature
2025-01-04 13:20:00,3.9657027493640182,5.111921236758977,1,cooling_failure,SF,Field-like cold-chain signal,42,field_like_temperature
2025-01-04 13:25:00,3.9086699270967413,5.080938834659767,1,cooling_failure,SF,Field-like cold-chain signal,42,field_like_temperature
2025-01-04 13:30:00,3.887400448812285,5.085719776543377,1,cooling_failure,SF,Field-like cold-chain signal,42,field_like_temperature
2025-01-04 13:35:00,3.9764945533753058,5.200864301274466,1,cooling_failure,SF,Field-like cold-chain signal,42,field_like_temperature
2025-01-04 13:40:00,3.8810622413550866,5.131482409422313,1,cooling_failure,SF,Field-like cold-chain signal,42,field_like_temperature
2025-01-04 13:45:00,3.9136017122867344,5.190072300522028,1,cooling_failure,SF,Field-like cold-chain signal,42,field_like_temperature
2025-01-04 13:50:00,3.9001103183336254,5.202631326736987,1,cooling_failure,SF,Field-like cold-chain signal,42,field_like_temperature
2025-01-04 13:55:00,3.9581551157216692,5.2867265442930975,1,cooling_failure,SF,Field-like cold-chain signal,42,field_like_temperature
2025-01-04 14:00:00,3.9268484777735475,5.281470326513043,1,cooling_failure,SF,Field-like cold-chain signal,42,field_like_temperature
2025-01-04 14:05:00,3.806809607737774,5.187481876645338,1,cooling_failure,SF,Field-like cold-chain signal,42,field_like_temperature
2025-01-04 14:10:00,3.805578773046735,5.212301462122365,1,cooling_failure,SF,Field-like cold-chain signal,42,field_like_temperature
2025-01-04 14:15:00,3.8873781172861115,5.320151226529809,1,cooling_failure,SF,Field-like cold-chain signal,42,field_like_temperature
2025-01-04 14:20:00,3.8487872873910267,5.307610816802791,1,cooling_failure,SF,Field-like cold-chain signal,42,field_like_temperature
2025-01-04 14:25:00,3.822915474216232,5.3077894237960646,1,cooling_failure,SF,Field-like cold-chain signal,42,field_like_temperature
2025-01-04 14:30:00,3.890226657912079,5.401151027659978,1,cooling_failure,SF,Field-like cold-chain signal,42,field_like_temperature
2025-01-04 14:35:00,3.8426936491930817,5.379668439109048,1,cooling_failure,SF,Field-like cold-chain signal,42,field_like_temperature
2025-01-04 14:40:00,3.8299260430023527,5.392951253086387,1,cooling_failure,SF,Field-like cold-chain signal,42,field_like_temperature
2025-01-04 14:45:00,3.8603869878940165,5.449462618146118,1,cooling_failure,SF,Field-like cold-chain signal,42,field_like_temperature
2025-01-04 14:50:00,3.796845137356756,5.411971187776924,1,cooling_failure,SF,Field-like cold-chain signal,42,field_like_temperature
2025-01-04 14:55:00,3.8883469247658,5.529523395354035,1,cooling_failure,SF,Field-like cold-chain signal,42,field_like_temperature
2025-01-04 15:00:00,3.7649569943337884,5.432183885090091,1,cooling_failure,SF,Field-like cold-chain signal,42,field_like_temperature
2025-01-04 15:05:00,3.8317648400260262,5.525042150950396,1,cooling_failure,SF,Field-like cold-chain signal,42,field_like_temperature
2025-01-04 15:10:00,3.8652921945451615,5.584619925637599,1,cooling_failure,SF,Field-like cold-chain signal,42,field_like_temperature
2025-01-04 15:15:00,3.719543584895803,5.464921736156308,1,cooling_failure,SF,Field-like cold-chain signal,42,field_like_temperature
2025-01-04 15:20:00,3.7661774758044992,5.537606047233071,1,cooling_failure,SF,Field-like cold-chain signal,42,field_like_temperature
2025-01-04 15:25:00,3.835520915953737,5.632999907550376,1,cooling_failure,SF,Field-like cold-chain signal,42,field_like_temperature
2025-01-04 15:30:00,3.8314718290785486,5.655001240843255,1,cooling_failure,SF,Field-like cold-chain signal,42,field_like_temperature
2025-01-04 15:35:00,3.7603688660350127,5.609948697967786,1,cooling_failure,SF,Field-like cold-chain signal,42,field_like_temperature
2025-01-04 15:40:00,3.727681307068812,5.6033115591696525,1,cooling_failure,SF,Field-like cold-chain signal,42,field_like_temperature
2025-01-04 15:45:00,3.8078221582674083,5.709502830536316,1,cooling_failure,SF,Field-like cold-chain signal,42,field_like_temperature
2025-01-04 15:50:00,3.8149546707430826,5.742685763180058,1,cooling_failure,SF,Field-like cold-chain signal,42,field_like_temperature
2025-01-04 15:55:00,3.6934392271055017,5.647220739710544,1,cooling_failure,SF,Field-like cold-chain signal,42,field_like_temperature
2025-01-04 16:00:00,3.6875171419218864,5.667349074694996,1,cooling_failure,SF,Field-like cold-chain signal,42,field_like_temperature
2025-01-04 16:05:00,3.755163191863916,5.761045544805093,1,cooling_failure,SF,Field-like cold-chain signal,42,field_like_temperature
2025-01-04 16:10:00,3.7717048103039903,5.803637583413234,1,cooling_failure,SF,Field-like cold-chain signal,42,field_like_temperature
2025-01-04 16:15:00,3.721770347065857,5.779753540343169,1,cooling_failure,SF,Field-like cold-chain signal,42,field_like_temperature
2025-01-04 16:20:00,3.7673277608225284,5.851361374267906,1,cooling_failure,SF,Field-like cold-chain signal,42,field_like_temperature
2025-01-04 16:25:00,3.69464932659166,5.804733360205105,1,cooling_failure,SF,Field-like cold-chain signal,42,field_like_temperature
2025-01-04 16:30:00,3.621369883607394,5.757504337388907,1,cooling_failure,SF,Field-like cold-chain signal,42,field_like_temperature
2025-01-04 16:35:00,3.703014664369468,5.8651995383190485,1,cooling_failure,SF,Field-like cold-chain signal,42,field_like_temperature
2025-01-04 16:40:00,3.724634582511614,5.912869876629261,1,cooling_failure,SF,Field-like cold-chain signal,42,field_like_temperature
2025-01-04 16:45:00,3.7051036181961003,5.919389332481815,1,cooling_failure,SF,Field-like cold-chain signal,42,field_like_temperature
2025-01-04 16:50:00,3.6585486842918673,5.898884818745649,1,cooling_failure,SF,Field-like cold-chain signal,42,field_like_temperature
2025-01-04 16:55:00,3.623441351587382,5.889827906209231,1,cooling_failure,SF,Field-like cold-chain signal,42,field_like_temperature
2025-01-04 17:00:00,3.686427090367246,5.978864065157162,1,cooling_failure,SF,Field-like cold-chain signal,42,field_like_temperature
2025-01-04 17:05:00,3.7550858061751033,6.073573201133087,1,cooling_failure,SF,Field-like cold-chain signal,42,field_like_temperature
2025-01-04 17:10:00,3.771249036241429,6.11578685136748,1,cooling_failure,SF,Field-like cold-chain signal,42,field_like_temperature
2025-01-04 17:15:00,3.7662264656296838,6.136814700923802,1,cooling_failure,SF,Field-like cold-chain signal,42,field_like_temperature
2025-01-04 17:20:00,3.6646131856354356,6.06125184109762,1,cooling_failure,SF,Field-like cold-chain signal,42,field_like_temperature
2025-01-04 17:25:00,3.646458116529259,6.0691471921595115,1,cooling_failure,SF,Field-like cold-chain signal,42,field_like_temperature
2025-01-04 17:30:00,3.727877430521828,6.176616926320147,1,cooling_failure,SF,Field-like cold-chain signal,42,field_like_temperature
2025-01-04 17:35:00,3.733870978140098,6.208660894106485,1,cooling_failure,SF,Field-like cold-chain signal,42,field_like_temperature
2025-01-04 17:40:00,3.7213631816544557,6.222203517788909,1,cooling_failure,SF,Field-like cold-chain signal,42,field_like_temperature
2025-01-04 17:45:00,3.6000590640184997,6.126949820321021,1,cooling_failure,SF,Field-like cold-chain signal,42,field_like_temperature
2025-01-04 17:50:00,3.6569946047425512,6.20993578121314,1,cooling_failure,SF,Field-like cold-chain signal,42,field_like_temperature
2025-01-04 17:55:00,3.698600278899623,6.2775918755382785,1,cooling_failure,SF,Field-like cold-chain signal,42,field_like_temperature
2025-01-04 18:00:00,3.7243609097315216,6.329402926538244,1,cooling_failure,SF,Field-like cold-chain signal,42,field_like_temperature
2025-01-04 18:05:00,3.738450086544046,6.369542523518836,1,cooling_failure,SF,Field-like cold-chain signal,42,field_like_temperature
2025-01-04 18:10:00,3.7075515101008265,6.364694367243684,1,cooling_failure,SF,Field-like cold-chain signal,42,field_like_temperature
2025-01-04 18:15:00,3.7173014180573,6.4004946953682245,1,cooling_failure,SF,Field-like cold-chain signal,42,field_like_temperature
2025-01-04 18:20:00,3.7055979743124854,6.414841671791477,1,cooling_failure,SF,Field-like cold-chain signal,42,field_like_temperature
2025-01-04 18:25:00,3.736396946271126,6.471691063918184,1,cooling_failure,SF,Field-like cold-chain signal,42,field_like_temperature
2025-01-04 18:30:00,3.7186889823473783,6.480033520162504,1,cooling_failure,SF,Field-like cold-chain signal,42,field_like_temperature
2025-01-04 18:35:00,3.707430315713141,6.4948252736963346,1,cooling_failure,SF,Field-like cold-chain signal,42,field_like_temperature
2025-01-04 18:40:00,3.691990222435994,6.505435600587255,1,cooling_failure,SF,Field-like cold-chain signal,42,field_like_temperature
2025-01-04 18:45:00,3.710905367674885,6.550401165994213,1,cooling_failure,SF,Field-like cold-chain signal,42,field_like_temperature
2025-01-04 18:50:00,3.7326687332127086,6.598214951700104,1,cooling_failure,SF,Field-like cold-chain signal,42,field_like_temperature
2025-01-04 18:55:00,3.723576787037519,6.615173425692982,1,cooling_failure,SF,Field-like cold-chain signal,42,field_like_temperature
2025-01-04 19:00:00,3.731172851502903,6.6488199103264325,1,cooling_failure,SF,Field-like cold-chain signal,42,field_like_temperature
2025-01-04 19:05:00,3.7813598934488817,6.725057372440478,1,cooling_failure,SF,Field-like cold-chain signal,42,field_like_temperature
2025-01-04 19:10:00,3.72973704361217,6.699484942771834,1,cooling_failure,SF,Field-like cold-chain signal,42,field_like_temperature
2025-01-04 19:15:00,3.6864456901672646,6.682244009494996,1,cooling_failure,SF,Field-like cold-chain signal,42,field_like_temperature
2025-01-04 19:20:00,3.765653314485667,6.7875020539814654,1,cooling_failure,SF,Field-like cold-chain signal,42,field_like_temperature
2025-01-04 19:25:00,3.655899801102652,6.703798960766518,1,cooling_failure,SF,Field-like cold-chain signal,42,field_like_temperature
2025-01-04 19:30:00,3.673033894524116,6.746983474356049,1,cooling_failure,SF,Field-like cold-chain signal,42,field_like_temperature
2025-01-04 19:35:00,3.746948520169533,6.8469485201695335,1,cooling_failure,SF,Field-like cold-chain signal,42,field_like_temperature
2025-01-04 19:40:00,3.7591829032127393,3.7591829032127393,0,normal,SF,Field-like cold-chain signal,42,field_like_temperature
2025-01-04 19:45:00,3.6744712401521604,3.6744712401521604,0,normal,SF,Field-like cold-chain signal,42,field_like_temperature
2025-01-04 19:50:00,3.7210959045832075,3.7210959045832075,0,normal,SF,Field-like cold-chain signal,42,field_like_temperature
2025-01-04 19:55:00,3.7135961661537533,3.7135961661537533,0,normal,SF,Field-like cold-chain signal,42,field_like_temperature
2025-01-04 20:00:00,3.7233790082261256,3.7233790082261256,0,normal,SF,Field-like cold-chain signal,42,field_like_temperature
2025-01-04 20:05:00,3.798852283344768,3.798852283344768,0,normal,SF,Field-like cold-chain signal,42,field_like_temperature
2025-01-04 20:10:00,3.7911024887913647,3.7911024887913647,0,normal,SF,Field-like cold-chain signal,42,field_like_temperature
2025-01-04 20:15:00,3.759069258158185,3.759069258158185,0,normal,SF,Field-like cold-chain signal,42,field_like_temperature
2025-01-04 20:20:00,3.737116765396908,3.737116765396908,0,normal,SF,Field-like cold-chain signal,42,field_like_temperature
2025-01-04 20:25:00,3.7014611625434166,3.7014611625434166,0,normal,SF,Field-like cold-chain signal,42,field_like_temperature
2025-01-04 20:30:00,3.844618848631094,3.844618848631094,0,normal,SF,Field-like cold-chain signal,42,field_like_temperature
2025-01-04 20:35:00,3.8080162413237053,3.8080162413237053,0,normal,SF,Field-like cold-chain signal,42,field_like_temperature
2025-01-04 20:40:00,3.748010779393465,3.748010779393465,0,normal,SF,Field-like cold-chain signal,42,field_like_temperature
2025-01-04 20:45:00,3.824388334240652,3.824388334240652,0,normal,SF,Field-like cold-chain signal,42,field_like_temperature
2025-01-04 20:50:00,3.790089371583438,3.790089371583438,0,normal,SF,Field-like cold-chain signal,42,field_like_temperature
2025-01-04 20:55:00,3.7845629114658044,3.7845629114658044,0,normal,SF,Field-like cold-chain signal,42,field_like_temperature
2025-01-04 21:00:00,3.826119951909918,3.826119951909918,0,normal,SF,Field-like cold-chain signal,42,field_like_temperature
2025-01-04 21:05:00,3.772846062996534,3.772846062996534,0,normal,SF,Field-like cold-chain signal,42,field_like_temperature
2025-01-04 21:10:00,3.798412761128429,3.798412761128429,0,normal,SF,Field-like cold-chain signal,42,field_like_temperature
2025-01-04 21:15:00,3.8274686090662415,3.8274686090662415,0,normal,SF,Field-like cold-chain signal,42,field_like_temperature
2025-01-04 21:20:00,3.8023306140136195,3.8023306140136195,0,normal,SF,Field-like cold-chain signal,42,field_like_temperature
2025-01-04 21:25:00,3.8667749406020118,3.8667749406020118,0,normal,SF,Field-like cold-chain signal,42,field_like_temperature
2025-01-04 21:30:00,3.932898588896267,3.932898588896267,0,normal,SF,Field-like cold-chain signal,42,field_like_temperature
2025-01-04 21:35:00,3.8079591567835624,3.8079591567835624,0,normal,SF,Field-like cold-chain signal,42,field_like_temperature
2025-01-04 21:40:00,3.7687479049447816,3.7687479049447816,0,normal,SF,Field-like cold-chain signal,42,field_like_temperature
2025-01-04 21:45:00,3.7583456180088426,3.7583456180088426,0,normal,SF,Field-like cold-chain signal,42,field_like_temperature
2025-01-04 21:50:00,3.857433024310739,3.857433024310739,0,normal,SF,Field-like cold-chain signal,42,field_like_temperature
2025-01-04 21:55:00,3.838414309264821,3.838414309264821,0,normal,SF,Field-like cold-chain signal,42,field_like_temperature
2025-01-04 22:00:00,3.888670884943282,3.888670884943282,0,normal,SF,Field-like cold-chain signal,42,field_like_temperature
2025-01-04 22:05:00,3.8916991485101176,3.8916991485101176,0,normal,SF,Field-like cold-chain signal,42,field_like_temperature
2025-01-04 22:10:00,3.8117827419690427,3.8117827419690427,0,normal,SF,Field-like cold-chain signal,42,field_like_temperature
2025-01-04 22:15:00,3.8081534188730015,3.8081534188730015,0,normal,SF,Field-like cold-chain signal,42,field_like_temperature
2025-01-04 22:20:00,3.9207247606902755,3.9207247606902755,0,normal,SF,Field-like cold-chain signal,42,field_like_temperature
2025-01-04 22:25:00,3.9198032115163732,3.9198032115163732,0,normal,SF,Field-like cold-chain signal,42,field_like_temperature
2025-01-04 22:30:00,3.8989144106942404,3.8989144106942404,0,normal,SF,Field-like cold-chain signal,42,field_like_temperature
2025-01-04 22:35:00,3.8445881968720994,3.8445881968720994,0,normal,SF,Field-like cold-chain signal,42,field_like_temperature
2025-01-04 22:40:00,3.9583181540328662,3.9583181540328662,0,normal,SF,Field-like cold-chain signal,42,field_like_temperature
2025-01-04 22:45:00,4.005706527959077,4.005706527959077,0,normal,SF,Field-like cold-chain signal,42,field_like_temperature
2025-01-04 22:50:00,3.963429946127734,3.963429946127734,0,normal,SF,Field-like cold-chain signal,42,field_like_temperature
2025-01-04 22:55:00,3.9146292597238075,3.9146292597238075,0,normal,SF,Field-like cold-chain signal,42,field_like_temperature
2025-01-04 23:00:00,3.966752068549316,3.966752068549316,0,normal,SF,Field-like cold-chain signal,42,field_like_temperature
2025-01-04 23:05:00,3.9037861350648337,3.9037861350648337,0,normal,SF,Field-like cold-chain signal,42,field_like_temperature
2025-01-04 23:10:00,4.032599602832309,4.032599602832309,0,normal,SF,Field-like cold-chain signal,42,field_like_temperature
2025-01-04 23:15:00,3.9914423185527848,3.9914423185527848,0,normal,SF,Field-like cold-chain signal,42,field_like_temperature
2025-01-04 23:20:00,3.9066260378381648,3.9066260378381648,0,normal,SF,Field-like cold-chain signal,42,field_like_temperature
2025-01-04 23:25:00,3.987715618653455,3.987715618653455,0,normal,SF,Field-like cold-chain signal,42,field_like_temperature
2025-01-04 23:30:00,4.033657948004464,4.033657948004464,0,normal,SF,Field-like cold-chain signal,42,field_like_temperature
2025-01-04 23:35:00,4.001608508632314,4.001608508632314,0,normal,SF,Field-like cold-chain signal,42,field_like_temperature
2025-01-04 23:40:00,4.012254990571856,4.012254990571856,0,normal,SF,Field-like cold-chain signal,42,field_like_temperature
2025-01-04 23:45:00,3.9726358027485076,3.9726358027485076,0,normal,SF,Field-like cold-chain signal,42,field_like_temperature
2025-01-04 23:50:00,4.07000272116398,4.07000272116398,0,normal,SF,Field-like cold-chain signal,42,field_like_temperature
2025-01-04 23:55:00,4.017081960290455,4.017081960290455,0,normal,SF,Field-like cold-chain signal,42,field_like_temperature
2025-01-05 00:00:00,3.9495192537054753,3.9495192537054753,0,normal,SF,Field-like cold-chain signal,42,field_like_temperature
2025-01-05 00:05:00,4.046617472298295,4.046617472298295,0,normal,SF,Field-like cold-chain signal,42,field_like_temperature
2025-01-05 00:10:00,4.122075723075456,4.122075723075456,0,normal,SF,Field-like cold-chain signal,42,field_like_temperature
2025-01-05 00:15:00,4.0615051034762875,4.0615051034762875,0,normal,SF,Field-like cold-chain signal,42,field_like_temperature
2025-01-05 00:20:00,4.175575972877959,4.175575972877959,0,normal,SF,Field-like cold-chain signal,42,field_like_temperature
2025-01-05 00:25:00,4.117938450566695,4.117938450566695,0,normal,SF,Field-like cold-chain signal,42,field_like_temperature
2025-01-05 00:30:00,4.12122585172721,4.12122585172721,0,normal,SF,Field-like cold-chain signal,42,field_like_temperature
2025-01-05 00:35:00,4.105646869582134,4.105646869582134,0,normal,SF,Field-like cold-chain signal,42,field_like_temperature
2025-01-05 00:40:00,4.116408658677324,4.116408658677324,0,normal,SF,Field-like cold-chain signal,42,field_like_temperature
2025-01-05 00:45:00,4.114381730561297,4.114381730561297,0,normal,SF,Field-like cold-chain signal,42,field_like_temperature
2025-01-05 00:50:00,4.120139566886951,4.120139566886951,0,normal,SF,Field-like cold-chain signal,42,field_like_temperature
2025-01-05 00:55:00,4.169463138964615,4.169463138964615,0,normal,SF,Field-like cold-chain signal,42,field_like_temperature
2025-01-05 01:00:00,4.103758040321773,4.103758040321773,0,normal,SF,Field-like cold-chain signal,42,field_like_temperature
2025-01-05 01:05:00,4.104344283082215,4.104344283082215,0,normal,SF,Field-like cold-chain signal,42,field_like_temperature
2025-01-05 01:10:00,4.1095246420854235,4.1095246420854235,0,normal,SF,Field-like cold-chain signal,42,field_like_temperature
2025-01-05 01:15:00,4.275465107309175,4.275465107309175,0,normal,SF,Field-like cold-chain signal,42,field_like_temperature
2025-01-05 01:20:00,4.207146617062494,4.207146617062494,0,normal,SF,Field-like cold-chain signal,42,field_like_temperature
2025-01-05 01:25:00,4.203246847880669,4.203246847880669,0,normal,SF,Field-like cold-chain signal,42,field_like_temperature
2025-01-05 01:30:00,4.142481537936416,4.142481537936416,0,normal,SF,Field-like cold-chain signal,42,field_like_temperature
2025-01-05 01:35:00,4.233798310733731,4.233798310733731,0,normal,SF,Field-like cold-chain signal,42,field_like_temperature
2025-01-05 01:40:00,4.204012096268712,4.204012096268712,0,normal,SF,Field-like cold-chain signal,42,field_like_temperature
2025-01-05 01:45:00,4.227690807110903,4.227690807110903,0,normal,SF,Field-like cold-chain signal,42,field_like_temperature
2025-01-05 01:50:00,4.175221987681315,4.175221987681315,0,normal,SF,Field-like cold-chain signal,42,field_like_temperature
2025-01-05 01:55:00,4.2390627901247475,4.2390627901247475,0,normal,SF,Field-like cold-chain signal,42,field_like_temperature
2025-01-05 02:00:00,4.2167765044432866,4.2167765044432866,0,normal,SF,Field-like cold-chain signal,42,field_like_temperature
2025-01-05 02:05:00,4.206525775968109,4.206525775968109,0,normal,SF,Field-like cold-chain signal,42,field_like_temperature
2025-01-05 02:10:00,4.288265989080269,4.288265989080269,0,normal,SF,Field-like cold-chain signal,42,field_like_temperature
2025-01-05 02:15:00,4.181342715056598,4.181342715056598,0,normal,SF,Field-like cold-chain signal,42,field_like_temperature
2025-01-05 02:20:00,4.293044397883076,4.593044397883076,1,door_opening_excursion,SF,Field-like cold-chain signal,42,field_like_temperature
2025-01-05 02:25:00,4.305514411786748,4.726567043365696,1,door_opening_excursion,SF,Field-like cold-chain signal,42,field_like_temperature
2025-01-05 02:30:00,4.233696523723011,4.775801786880906,1,door_opening_excursion,SF,Field-like cold-chain signal,42,field_like_temperature
2025-01-05 02:35:00,4.2429520563094085,4.9061099510462505,1,door_opening_excursion,SF,Field-like cold-chain signal,42,field_like_temperature
2025-01-05 02:40:00,4.279005272382093,5.0632157986978825,1,door_opening_excursion,SF,Field-like cold-chain signal,42,field_like_temperature
2025-01-05 02:45:00,4.310341934578232,5.215605092472969,1,door_opening_excursion,SF,Field-like cold-chain signal,42,field_like_temperature
2025-01-05 02:50:00,4.294573668834466,5.32088945830815,1,door_opening_excursion,SF,Field-like cold-chain signal,42,field_like_temperature
2025-01-05 02:55:00,4.329760851021717,5.4771292720743485,1,door_opening_excursion,SF,Field-like cold-chain signal,42,field_like_temperature
2025-01-05 03:00:00,4.401985377413907,5.670406430045486,1,door_opening_excursion,SF,Field-like cold-chain signal,42,field_like_temperature
2025-01-05 03:05:00,4.294088977040568,5.683562661251094,1,door_opening_excursion,SF,Field-like cold-chain signal,42,field_like_temperature
2025-01-05 03:10:00,4.239236444371638,5.749762760161112,1,door_opening_excursion,SF,Field-like cold-chain signal,42,field_like_temperature
2025-01-05 03:15:00,4.371691966149719,6.00327091351814,1,door_opening_excursion,SF,Field-like cold-chain signal,42,field_like_temperature
2025-01-05 03:20:00,4.419839144959179,6.172470723906548,1,door_opening_excursion,SF,Field-like cold-chain signal,42,field_like_temperature
2025-01-05 03:25:00,4.3604643765042574,6.234148587030574,1,door_opening_excursion,SF,Field-like cold-chain signal,42,field_like_temperature
2025-01-05 03:30:00,4.291463668434953,6.286200510540216,1,door_opening_excursion,SF,Field-like cold-chain signal,42,field_like_temperature
2025-01-05 03:35:00,4.344551979975733,6.460341453659943,1,door_opening_excursion,SF,Field-like cold-chain signal,42,field_like_temperature
2025-01-05 03:40:00,4.2995840852196565,6.536426190482814,1,door_opening_excursion,SF,Field-like cold-chain signal,42,field_like_temperature
2025-01-05 03:45:00,4.392282737943119,6.750177474785224,1,door_opening_excursion,SF,Field-like cold-chain signal,42,field_like_temperature
2025-01-05 03:50:00,4.297069131508604,6.776016499929656,1,door_opening_excursion,SF,Field-like cold-chain signal,42,field_like_temperature
2025-01-05 03:55:00,4.35398289322075,6.953982893220751,1,door_opening_excursion,SF,Field-like cold-chain signal,42,field_like_temperature
2025-01-05 04:00:00,4.322988189442191,4.322988189442191,0,normal,SF,Field-like cold-chain signal,42,field_like_temperature
2025-01-05 04:05:00,4.383620272973716,4.383620272973716,0,normal,SF,Field-like cold-chain signal,42,field_like_temperature
2025-01-05 04:10:00,4.362892333689261,4.362892333689261,0,normal,SF,Field-like cold-chain signal,42,field_like_temperature
2025-01-05 04:15:00,4.3938326029737365,4.3938326029737365,0,normal,SF,Field-like cold-chain signal,42,field_like_temperature
2025-01-05 04:20:00,4.389750158105829,4.389750158105829,0,normal,SF,Field-like cold-chain signal,42,field_like_temperature
2025-01-05 04:25:00,4.342789285704658,4.342789285704658,0,normal,SF,Field-like cold-chain signal,42,field_like_temperature
2025-01-05 04:30:00,4.426805664902287,4.426805664902287,0,normal,SF,Field-like cold-chain signal,42,field_like_temperature
2025-01-05 04:35:00,4.39621163790749,4.39621163790749,0,normal,SF,Field-like cold-chain signal,42,field_like_temperature
2025-01-05 04:40:00,4.352258752458309,4.352258752458309,0,normal,SF,Field-like cold-chain signal,42,field_like_temperature
2025-01-05 04:45:00,4.516612699877981,4.516612699877981,0,normal,SF,Field-like cold-chain signal,42,field_like_temperature
2025-01-05 04:50:00,4.431113724225803,4.431113724225803,0,normal,SF,Field-like cold-chain signal,42,field_like_temperature
2025-01-05 04:55:00,4.4021985694204515,4.4021985694204515,0,normal,SF,Field-like cold-chain signal,42,field_like_temperature
2025-01-05 05:00:00,4.483033680344451,4.483033680344451,0,normal,SF,Field-like cold-chain signal,42,field_like_temperature
2025-01-05 05:05:00,4.506617581526808,4.506617581526808,0,normal,SF,Field-like cold-chain signal,42,field_like_temperature
2025-01-05 05:10:00,4.409353258066207,4.409353258066207,0,normal,SF,Field-like cold-chain signal,42,field_like_temperature
2025-01-05 05:15:00,4.4359242806174874,4.4359242806174874,0,normal,SF,Field-like cold-chain signal,42,field_like_temperature
2025-01-05 05:20:00,4.370926936770869,4.370926936770869,0,normal,SF,Field-like cold-chain signal,42,field_like_temperature
2025-01-05 05:25:00,4.414578428756237,4.414578428756237,0,normal,SF,Field-like cold-chain signal,42,field_like_temperature
2025-01-05 05:30:00,4.413433645499538,4.413433645499538,0,normal,SF,Field-like cold-chain signal,42,field_like_temperature
2025-01-05 05:35:00,4.43391402936757,4.43391402936757,0,normal,SF,Field-like cold-chain signal,42,field_like_temperature
2025-01-05 05:40:00,4.442433361620613,4.442433361620613,0,normal,SF,Field-like cold-chain signal,42,field_like_temperature
2025-01-05 05:45:00,4.454745812300663,4.454745812300663,0,normal,SF,Field-like cold-chain signal,42,field_like_temperature
2025-01-05 05:50:00,4.439431682615201,4.439431682615201,0,normal,SF,Field-like cold-chain signal,42,field_like_temperature
2025-01-05 05:55:00,4.367643480851758,4.367643480851758,0,normal,SF,Field-like cold-chain signal,42,field_like_temperature
2025-01-05 06:00:00,4.381724095556703,4.381724095556703,0,normal,SF,Field-like cold-chain signal,42,field_like_temperature
2025-01-05 06:05:00,4.401629637864663,4.401629637864663,0,normal,SF,Field-like cold-chain signal,42,field_like_temperature
2025-01-05 06:10:00,4.414976318864906,4.414976318864906,0,normal,SF,Field-like cold-chain signal,42,field_like_temperature
2025-01-05 06:15:00,4.481601265753459,4.481601265753459,0,normal,SF,Field-like cold-chain signal,42,field_like_temperature
2025-01-05 06:20:00,4.370725868482371,4.370725868482371,0,normal,SF,Field-like cold-chain signal,42,field_like_temperature
2025-01-05 06:25:00,4.4106486655890835,4.4106486655890835,0,normal,SF,Field-like cold-chain signal,42,field_like_temperature
2025-01-05 06:30:00,4.475653175347851,4.475653175347851,0,normal,SF,Field-like cold-chain signal,42,field_like_temperature
2025-01-05 06:35:00,4.412329218877309,4.412329218877309,0,normal,SF,Field-like cold-chain signal,42,field_like_temperature
2025-01-05 06:40:00,4.449501883005406,4.449501883005406,0,normal,SF,Field-like cold-chain signal,42,field_like_temperature
2025-01-05 06:45:00,4.418500206362624,4.418500206362624,0,normal,SF,Field-like cold-chain signal,42,field_like_temperature
2025-01-05 06:50:00,4.437151541830351,4.437151541830351,0,normal,SF,Field-like cold-chain signal,42,field_like_temperature
2025-01-05 06:55:00,4.4115634247802324,4.4115634247802324,0,normal,SF,Field-like cold-chain signal,42,field_like_temperature
2025-01-05 07:00:00,4.454855418619045,4.454855418619045,0,normal,SF,Field-like cold-chain signal,42,field_like_temperature
2025-01-05 07:05:00,4.342605732052426,4.342605732052426,0,normal,SF,Field-like cold-chain signal,42,field_like_temperature
2025-01-05 07:10:00,4.399891644834295,4.399891644834295,0,normal,SF,Field-like cold-chain signal,42,field_like_temperature
2025-01-05 07:15:00,4.430927904346984,4.430927904346984,0,normal,SF,Field-like cold-chain signal,42,field_like_temperature
2025-01-05 07:20:00,4.440670513207531,4.440670513207531,0,normal,SF,Field-like cold-chain signal,42,field_like_temperature
2025-01-05 07:25:00,4.486365514919292,4.486365514919292,0,normal,SF,Field-like cold-chain signal,42,field_like_temperature
2025-01-05 07:30:00,4.389745708195667,4.389745708195667,0,normal,SF,Field-like cold-chain signal,42,field_like_temperature
2025-01-05 07:35:00,4.480698358127244,4.480698358127244,0,normal,SF,Field-like cold-chain signal,42,field_like_temperature
2025-01-05 07:40:00,4.371050097096428,4.371050097096428,0,normal,SF,Field-like cold-chain signal,42,field_like_temperature
2025-01-05 07:45:00,4.467561808991826,4.467561808991826,0,normal,SF,Field-like cold-chain signal,42,field_like_temperature
2025-01-05 07:50:00,4.438983789828946,4.438983789828946,0,normal,SF,Field-like cold-chain signal,42,field_like_temperature
2025-01-05 07:55:00,4.349272829256761,4.349272829256761,0,normal,SF,Field-like cold-chain signal,42,field_like_temperature
2025-01-05 08:00:00,4.406989129365537,4.406989129365537,0,normal,SF,Field-like cold-chain signal,42,field_like_temperature
2025-01-05 08:05:00,4.385624643835897,4.385624643835897,0,normal,SF,Field-like cold-chain signal,42,field_like_temperature
2025-01-05 08:10:00,4.415874635196741,4.415874635196741,0,normal,SF,Field-like cold-chain signal,42,field_like_temperature
2025-01-05 08:15:00,4.369702408468873,4.369702408468873,0,normal,SF,Field-like cold-chain signal,42,field_like_temperature
2025-01-05 08:20:00,4.361637848975185,4.361637848975185,0,normal,SF,Field-like cold-chain signal,42,field_like_temperature
2025-01-05 08:25:00,4.441454695149401,4.441454695149401,0,normal,SF,Field-like cold-chain signal,42,field_like_temperature
2025-01-05 08:30:00,4.363931468727306,4.363931468727306,0,normal,SF,Field-like cold-chain signal,42,field_like_temperature
2025-01-05 08:35:00,4.405926090983135,4.405926090983135,0,normal,SF,Field-like cold-chain signal,42,field_like_temperature
2025-01-05 08:40:00,4.348947010788635,4.348947010788635,0,normal,SF,Field-like cold-chain signal,42,field_like_temperature
2025-01-05 08:45:00,4.439031804065321,4.439031804065321,0,normal,SF,Field-like cold-chain signal,42,field_like_temperature
2025-01-05 08:50:00,4.317142769043642,4.317142769043642,0,normal,SF,Field-like cold-chain signal,42,field_like_temperature
2025-01-05 08:55:00,4.315592403815063,4.315592403815063,0,normal,SF,Field-like cold-chain signal,42,field_like_temperature
2025-01-05 09:00:00,4.417647215293105,4.417647215293105,0,normal,SF,Field-like cold-chain signal,42,field_like_temperature
2025-01-05 09:05:00,4.314180041310636,4.314180041310636,0,normal,SF,Field-like cold-chain signal,42,field_like_temperature
2025-01-05 09:10:00,4.411373898328724,4.411373898328724,0,normal,SF,Field-like cold-chain signal,42,field_like_temperature
2025-01-05 09:15:00,4.370694495288514,4.370694495288514,0,normal,SF,Field-like cold-chain signal,42,field_like_temperature
2025-01-05 09:20:00,4.313044422493398,4.313044422493398,0,normal,SF,Field-like cold-chain signal,42,field_like_temperature
2025-01-05 09:25:00,4.224681583296223,4.224681583296223,0,normal,SF,Field-like cold-chain signal,42,field_like_temperature
2025-01-05 09:30:00,4.308847398585398,4.308847398585398,0,normal,SF,Field-like cold-chain signal,42,field_like_temperature
2025-01-05 09:35:00,4.309262431054972,4.309262431054972,0,normal,SF,Field-like cold-chain signal,42,field_like_temperature
2025-01-05 09:40:00,4.3568128853787105,4.3568128853787105,0,normal,SF,Field-like cold-chain signal,42,field_like_temperature
2025-01-05 09:45:00,4.372051828538927,4.372051828538927,0,normal,SF,Field-like cold-chain signal,42,field_like_temperature
2025-01-05 09:50:00,4.252466972821853,4.252466972821853,0,normal,SF,Field-like cold-chain signal,42,field_like_temperature
2025-01-05 09:55:00,4.320774707440391,4.320774707440391,0,normal,SF,Field-like cold-chain signal,42,field_like_temperature
2025-01-05 10:00:00,4.312900516846839,4.312900516846839,0,normal,SF,Field-like cold-chain signal,42,field_like_temperature
2025-01-05 10:05:00,4.322134454342183,4.322134454342183,0,normal,SF,Field-like cold-chain signal,42,field_like_temperature
2025-01-05 10:10:00,4.287153503006679,4.287153503006679,0,normal,SF,Field-like cold-chain signal,42,field_like_temperature
2025-01-05 10:15:00,4.158774284763552,4.158774284763552,0,normal,SF,Field-like cold-chain signal,42,field_like_temperature
2025-01-05 10:20:00,4.241736415634282,4.241736415634282,0,normal,SF,Field-like cold-chain signal,42,field_like_temperature
2025-01-05 10:25:00,4.185261999835306,4.185261999835306,0,normal,SF,Field-like cold-chain signal,42,field_like_temperature
2025-01-05 10:30:00,4.226391705432351,4.226391705432351,0,normal,SF,Field-like cold-chain signal,42,field_like_temperature
2025-01-05 10:35:00,4.278934928259545,4.278934928259545,0,normal,SF,Field-like cold-chain signal,42,field_like_temperature
2025-01-05 10:40:00,4.238546450504752,4.238546450504752,0,normal,SF,Field-like cold-chain signal,42,field_like_temperature
2025-01-05 10:45:00,4.2739925058788915,4.2739925058788915,0,normal,SF,Field-like cold-chain signal,42,field_like_temperature
2025-01-05 10:50:00,4.2269229928205085,4.2269229928205085,0,normal,SF,Field-like cold-chain signal,42,field_like_temperature
2025-01-05 10:55:00,4.138118058643026,4.138118058643026,0,normal,SF,Field-like cold-chain signal,42,field_like_temperature
2025-01-05 11:00:00,4.070146256799772,4.070146256799772,0,normal,SF,Field-like cold-chain signal,42,field_like_temperature
2025-01-05 11:05:00,4.1967419795705325,4.1967419795705325,0,normal,SF,Field-like cold-chain signal,42,field_like_temperature
2025-01-05 11:10:00,4.171680346065135,4.171680346065135,0,normal,SF,Field-like cold-chain signal,42,field_like_temperature
2025-01-05 11:15:00,4.126570233340076,4.126570233340076,0,normal,SF,Field-like cold-chain signal,42,field_like_temperature
2025-01-05 11:20:00,4.083396278402008,4.083396278402008,0,normal,SF,Field-like cold-chain signal,42,field_like_temperature
2025-01-05 11:25:00,4.124673432487668,4.124673432487668,0,normal,SF,Field-like cold-chain signal,42,field_like_temperature
2025-01-05 11:30:00,4.144645378682472,4.144645378682472,0,normal,SF,Field-like cold-chain signal,42,field_like_temperature
2025-01-05 11:35:00,4.1806031991770745,4.1806031991770745,0,normal,SF,Field-like cold-chain signal,42,field_like_temperature
2025-01-05 11:40:00,4.149663810567274,4.149663810567274,0,normal,SF,Field-like cold-chain signal,42,field_like_temperature
2025-01-05 11:45:00,4.213545767503589,4.213545767503589,0,normal,SF,Field-like cold-chain signal,42,field_like_temperature
2025-01-05 11:50:00,4.074263164762897,4.074263164762897,0,normal,SF,Field-like cold-chain signal,42,field_like_temperature
2025-01-05 11:55:00,4.1629917071104305,4.1629917071104305,0,normal,SF,Field-like cold-chain signal,42,field_like_temperature
2025-01-05 12:00:00,4.114197149312565,4.114197149312565,0,normal,SF,Field-like cold-chain signal,42,field_like_temperature
2025-01-05 12:05:00,4.139460796598218,4.139460796598218,0,normal,SF,Field-like cold-chain signal,42,field_like_temperature
2025-01-05 12:10:00,4.075802027902214,4.075802027902214,0,normal,SF,Field-like cold-chain signal,42,field_like_temperature
2025-01-05 12:15:00,4.144121144958396,4.144121144958396,0,normal,SF,Field-like cold-chain signal,42,field_like_temperature
2025-01-05 12:20:00,4.098220262502926,4.098220262502926,0,normal,SF,Field-like cold-chain signal,42,field_like_temperature
2025-01-05 12:25:00,4.04242483016648,4.04242483016648,0,normal,SF,Field-like cold-chain signal,42,field_like_temperature
2025-01-05 12:30:00,4.0687536957385975,4.0687536957385975,0,normal,SF,Field-like cold-chain signal,42,field_like_temperature
2025-01-05 12:35:00,4.0503582827324145,4.0503582827324145,0,normal,SF,Field-like cold-chain signal,42,field_like_temperature
2025-01-05 12:40:00,4.079803119827853,4.079803119827853,0,normal,SF,Field-like cold-chain signal,42,field_like_temperature
2025-01-05 12:45:00,3.98939401487269,3.98939401487269,0,normal,SF,Field-like cold-chain signal,42,field_like_temperature
2025-01-05 12:50:00,4.0399880022190695,4.0399880022190695,0,normal,SF,Field-like cold-chain signal,42,field_like_temperature
2025-01-05 12:55:00,4.0543313158903205,4.0543313158903205,0,normal,SF,Field-like cold-chain signal,42,field_like_temperature
2025-01-05 13:00:00,4.029368644321516,4.029368644321516,0,normal,SF,Field-like cold-chain signal,42,field_like_temperature
2025-01-05 13:05:00,4.088260736603405,4.088260736603405,0,normal,SF,Field-like cold-chain signal,42,field_like_temperature
2025-01-05 13:10:00,4.052859167625034,4.052859167625034,0,normal,SF,Field-like cold-chain signal,42,field_like_temperature
2025-01-05 13:15:00,4.0070799699195145,4.0070799699195145,0,normal,SF,Field-like cold-chain signal,42,field_like_temperature
2025-01-05 13:20:00,4.01163951507592,4.01163951507592,0,normal,SF,Field-like cold-chain signal,42,field_like_temperature
2025-01-05 13:25:00,4.008997875627025,4.008997875627025,0,normal,SF,Field-like cold-chain signal,42,field_like_temperature
2025-01-05 13:30:00,4.007850994173167,4.007850994173167,0,normal,SF,Field-like cold-chain signal,42,field_like_temperature
2025-01-05 13:35:00,3.889939770042134,3.889939770042134,0,normal,SF,Field-like cold-chain signal,42,field_like_temperature
2025-01-05 13:40:00,3.95975158236578,3.95975158236578,0,normal,SF,Field-like cold-chain signal,42,field_like_temperature
2025-01-05 13:45:00,3.8942830421021197,3.8942830421021197,0,normal,SF,Field-like cold-chain signal,42,field_like_temperature
2025-01-05 13:50:00,4.026171278296607,4.026171278296607,0,normal,SF,Field-like cold-chain signal,42,field_like_temperature
2025-01-05 13:55:00,3.9530453583212397,3.9530453583212397,0,normal,SF,Field-like cold-chain signal,42,field_like_temperature
2025-01-05 14:00:00,3.940332952516021,6.140332952516021,1,sensor_spike,SF,Field-like cold-chain signal,42,field_like_temperature
2025-01-05 14:05:00,3.9888367506941984,3.9888367506941984,0,normal,SF,Field-like cold-chain signal,42,field_like_temperature
2025-01-05 14:10:00,3.959197842935585,3.959197842935585,0,normal,SF,Field-like cold-chain signal,42,field_like_temperature
2025-01-05 14:15:00,3.8758255064996363,3.8758255064996363,0,normal,SF,Field-like cold-chain signal,42,field_like_temperature
2025-01-05 14:20:00,3.9229815361138147,3.9229815361138147,0,normal,SF,Field-like cold-chain signal,42,field_like_temperature
2025-01-05 14:25:00,3.9041349590735193,3.9041349590735193,0,normal,SF,Field-like cold-chain signal,42,field_like_temperature
2025-01-05 14:30:00,3.828133041377705,3.828133041377705,0,normal,SF,Field-like cold-chain signal,42,field_like_temperature
2025-01-05 14:35:00,3.875415022995993,3.875415022995993,0,normal,SF,Field-like cold-chain signal,42,field_like_temperature
2025-01-05 14:40:00,3.8954265860910042,3.8954265860910042,0,normal,SF,Field-like cold-chain signal,42,field_like_temperature
2025-01-05 14:45:00,3.8936392400916175,3.8936392400916175,0,normal,SF,Field-like cold-chain signal,42,field_like_temperature
2025-01-05 14:50:00,3.8201695641653983,3.8201695641653983,0,normal,SF,Field-like cold-chain signal,42,field_like_temperature
2025-01-05 14:55:00,3.946872622361037,3.946872622361037,0,normal,SF,Field-like cold-chain signal,42,field_like_temperature
2025-01-05 15:00:00,3.8793088986792044,3.8793088986792044,0,normal,SF,Field-like cold-chain signal,42,field_like_temperature
2025-01-05 15:05:00,3.881535500956499,3.881535500956499,0,normal,SF,Field-like cold-chain signal,42,field_like_temperature
2025-01-05 15:10:00,3.8950553420669785,3.8950553420669785,0,normal,SF,Field-like cold-chain signal,42,field_like_temperature
2025-01-05 15:15:00,3.8311089511543246,3.8311089511543246,0,normal,SF,Field-like cold-chain signal,42,field_like_temperature
2025-01-05 15:20:00,3.8889465715466307,3.8889465715466307,0,normal,SF,Field-like cold-chain signal,42,field_like_temperature
2025-01-05 15:25:00,3.8435199100059205,3.8435199100059205,0,normal,SF,Field-like cold-chain signal,42,field_like_temperature
2025-01-05 15:30:00,3.8129203893444634,3.8129203893444634,0,normal,SF,Field-like cold-chain signal,42,field_like_temperature
2025-01-05 15:35:00,3.8824314521889325,3.8824314521889325,0,normal,SF,Field-like cold-chain signal,42,field_like_temperature
2025-01-05 15:40:00,3.924487738177839,3.924487738177839,0,normal,SF,Field-like cold-chain signal,42,field_like_temperature
2025-01-05 15:45:00,3.8824281437377874,3.8824281437377874,0,normal,SF,Field-like cold-chain signal,42,field_like_temperature
2025-01-05 15:50:00,3.8887578858240763,3.8887578858240763,0,normal,SF,Field-like cold-chain signal,42,field_like_temperature
2025-01-05 15:55:00,3.8131414870443328,3.8131414870443328,0,normal,SF,Field-like cold-chain signal,42,field_like_temperature
2025-01-05 16:00:00,3.7559996257556536,3.7559996257556536,0,normal,SF,Field-like cold-chain signal,42,field_like_temperature
2025-01-05 16:05:00,3.907240508128554,3.907240508128554,0,normal,SF,Field-like cold-chain signal,42,field_like_temperature
2025-01-05 16:10:00,3.9324595925190735,3.9324595925190735,0,normal,SF,Field-like cold-chain signal,42,field_like_temperature
2025-01-05 16:15:00,3.904023300694403,3.904023300694403,0,normal,SF,Field-like cold-chain signal,42,field_like_temperature
2025-01-05 16:20:00,3.807393308314795,3.807393308314795,0,normal,SF,Field-like cold-chain signal,42,field_like_temperature
2025-01-05 16:25:00,3.763902621126229,3.763902621126229,0,normal,SF,Field-like cold-chain signal,42,field_like_temperature
2025-01-05 16:30:00,3.7659555138753076,3.7659555138753076,0,normal,SF,Field-like cold-chain signal,42,field_like_temperature
2025-01-05 16:35:00,3.7328133247674535,3.7328133247674535,0,normal,SF,Field-like cold-chain signal,42,field_like_temperature
2025-01-05 16:40:00,3.809547662792043,3.809547662792043,0,normal,SF,Field-like cold-chain signal,42,field_like_temperature
2025-01-05 16:45:00,3.893274736954361,3.893274736954361,0,normal,SF,Field-like cold-chain signal,42,field_like_temperature
2025-01-05 16:50:00,3.8041407516358645,3.8041407516358645,0,normal,SF,Field-like cold-chain signal,42,field_like_temperature
2025-01-05 16:55:00,3.8247329902397835,3.8247329902397835,0,normal,SF,Field-like cold-chain signal,42,field_like_temperature
2025-01-05 17:00:00,3.8769506165822416,3.8769506165822416,0,normal,SF,Field-like cold-chain signal,42,field_like_temperature
2025-01-05 17:05:00,3.786681854274082,3.786681854274082,0,normal,SF,Field-like cold-chain signal,42,field_like_temperature
2025-01-05 17:10:00,3.907541863155083,3.907541863155083,0,normal,SF,Field-like cold-chain signal,42,field_like_temperature
2025-01-05 17:15:00,3.9044123136721183,3.9044123136721183,0,normal,SF,Field-like cold-chain signal,42,field_like_temperature
2025-01-05 17:20:00,3.797458698012853,3.797458698012853,0,normal,SF,Field-like cold-chain signal,42,field_like_temperature
2025-01-05 17:25:00,3.774509250434824,3.774509250434824,0,normal,SF,Field-like cold-chain signal,42,field_like_temperature
2025-01-05 17:30:00,3.8377851719536165,3.8377851719536165,0,normal,SF,Field-like cold-chain signal,42,field_like_temperature
2025-01-05 17:35:00,3.7852504377068272,3.7852504377068272,0,normal,SF,Field-like cold-chain signal,42,field_like_temperature
2025-01-05 17:40:00,3.744668871645949,3.744668871645949,0,normal,SF,Field-like cold-chain signal,42,field_like_temperature
2025-01-05 17:45:00,3.8665953897471637,3.8665953897471637,0,normal,SF,Field-like cold-chain signal,42,field_like_temperature
2025-01-05 17:50:00,3.8635597933494403,3.8635597933494403,0,normal,SF,Field-like cold-chain signal,42,field_like_temperature
2025-01-05 17:55:00,3.8108842997376473,3.8108842997376473,0,normal,SF,Field-like cold-chain signal,42,field_like_temperature
2025-01-05 18:00:00,3.740504213157349,3.740504213157349,0,normal,SF,Field-like cold-chain signal,42,field_like_temperature
2025-01-05 18:05:00,3.7428773331069607,3.7428773331069607,0,normal,SF,Field-like cold-chain signal,42,field_like_temperature
2025-01-05 18:10:00,3.810588716941666,3.810588716941666,0,normal,SF,Field-like cold-chain signal,42,field_like_temperature
2025-01-05 18:15:00,3.781274588894902,3.781274588894902,0,normal,SF,Field-like cold-chain signal,42,field_like_temperature
2025-01-05 18:20:00,3.790421453352399,3.790421453352399,0,normal,SF,Field-like cold-chain signal,42,field_like_temperature
2025-01-05 18:25:00,3.859948999155075,3.859948999155075,0,normal,SF,Field-like cold-chain signal,42,field_like_temperature
2025-01-05 18:30:00,3.847050962684706,3.847050962684706,0,normal,SF,Field-like cold-chain signal,42,field_like_temperature
2025-01-05 18:35:00,3.8810062532565155,3.8810062532565155,0,normal,SF,Field-like cold-chain signal,42,field_like_temperature
2025-01-05 18:40:00,3.7644405219043144,3.7644405219043144,0,normal,SF,Field-like cold-chain signal,42,field_like_temperature
2025-01-05 18:45:00,3.798849505944773,3.798849505944773,0,normal,SF,Field-like cold-chain signal,42,field_like_temperature
2025-01-05 18:50:00,3.8561597258692903,3.8561597258692903,0,normal,SF,Field-like cold-chain signal,42,field_like_temperature
2025-01-05 18:55:00,3.842979510447307,3.842979510447307,0,normal,SF,Field-like cold-chain signal,42,field_like_temperature
2025-01-05 19:00:00,3.89972212316283,3.89972212316283,0,normal,SF,Field-like cold-chain signal,42,field_like_temperature
2025-01-05 19:05:00,3.8468190940292994,3.8468190940292994,0,normal,SF,Field-like cold-chain signal,42,field_like_temperature
2025-01-05 19:10:00,3.9210475218352316,3.9210475218352316,0,normal,SF,Field-like cold-chain signal,42,field_like_temperature
2025-01-05 19:15:00,3.8586523508085215,3.8586523508085215,0,normal,SF,Field-like cold-chain signal,42,field_like_temperature
2025-01-05 19:20:00,3.8879276707644146,3.8879276707644146,0,normal,SF,Field-like cold-chain signal,42,field_like_temperature
2025-01-05 19:25:00,3.8219686145628717,3.8219686145628717,0,normal,SF,Field-like cold-chain signal,42,field_like_temperature
2025-01-05 19:30:00,3.8423397196368625,3.8423397196368625,0,normal,SF,Field-like cold-chain signal,42,field_like_temperature
2025-01-05 19:35:00,3.890808143861805,3.890808143861805,0,normal,SF,Field-like cold-chain signal,42,field_like_temperature
2025-01-05 19:40:00,3.929698524915246,3.929698524915246,0,normal,SF,Field-like cold-chain signal,42,field_like_temperature
2025-01-05 19:45:00,3.889451772675872,3.889451772675872,0,normal,SF,Field-like cold-chain signal,42,field_like_temperature
2025-01-05 19:50:00,3.852921677700176,3.852921677700176,0,normal,SF,Field-like cold-chain signal,42,field_like_temperature
2025-01-05 19:55:00,3.9301857361553227,3.9301857361553227,0,normal,SF,Field-like cold-chain signal,42,field_like_temperature
2025-01-05 20:00:00,3.756105422238788,3.756105422238788,0,normal,SF,Field-like cold-chain signal,42,field_like_temperature
2025-01-05 20:05:00,3.799122857518099,3.799122857518099,0,normal,SF,Field-like cold-chain signal,42,field_like_temperature
2025-01-05 20:10:00,3.9089895149863305,3.9089895149863305,0,normal,SF,Field-like cold-chain signal,42,field_like_temperature
2025-01-05 20:15:00,3.8804275052043464,3.8804275052043464,0,normal,SF,Field-like cold-chain signal,42,field_like_temperature
2025-01-05 20:20:00,3.9149511177485787,3.9149511177485787,0,normal,SF,Field-like cold-chain signal,42,field_like_temperature
2025-01-05 20:25:00,3.8929861592266666,3.8929861592266666,0,normal,SF,Field-like cold-chain signal,42,field_like_temperature
2025-01-05 20:30:00,3.9235382868044386,3.9235382868044386,0,normal,SF,Field-like cold-chain signal,42,field_like_temperature
2025-01-05 20:35:00,3.8596287580467563,3.8596287580467563,0,normal,SF,Field-like cold-chain signal,42,field_like_temperature
2025-01-05 20:40:00,3.934361522562302,3.934361522562302,0,normal,SF,Field-like cold-chain signal,42,field_like_temperature
2025-01-05 20:45:00,3.9611743682153833,3.9611743682153833,0,normal,SF,Field-like cold-chain signal,42,field_like_temperature
2025-01-05 20:50:00,3.9782233214339175,3.9782233214339175,0,normal,SF,Field-like cold-chain signal,42,field_like_temperature
2025-01-05 20:55:00,4.0237389431709465,4.0237389431709465,0,normal,SF,Field-like cold-chain signal,42,field_like_temperature
2025-01-05 21:00:00,3.9412523790037928,3.9412523790037928,0,normal,SF,Field-like cold-chain signal,42,field_like_temperature
2025-01-05 21:05:00,3.948847476890078,3.948847476890078,0,normal,SF,Field-like cold-chain signal,42,field_like_temperature
2025-01-05 21:10:00,3.865213392456384,3.865213392456384,0,normal,SF,Field-like cold-chain signal,42,field_like_temperature
2025-01-05 21:15:00,3.921134501359378,3.921134501359378,0,normal,SF,Field-like cold-chain signal,42,field_like_temperature
2025-01-05 21:20:00,3.9444942677653696,3.9444942677653696,0,normal,SF,Field-like cold-chain signal,42,field_like_temperature
2025-01-05 21:25:00,4.013215122808338,4.013215122808338,0,normal,SF,Field-like cold-chain signal,42,field_like_temperature
2025-01-05 21:30:00,3.936804514809458,3.936804514809458,0,normal,SF,Field-like cold-chain signal,42,field_like_temperature
2025-01-05 21:35:00,4.013928778689812,4.013928778689812,0,normal,SF,Field-like cold-chain signal,42,field_like_temperature
2025-01-05 21:40:00,3.9808867599181927,3.9808867599181927,0,normal,SF,Field-like cold-chain signal,42,field_like_temperature
2025-01-05 21:45:00,3.9790614030687266,3.9790614030687266,0,normal,SF,Field-like cold-chain signal,42,field_like_temperature
2025-01-05 21:50:00,4.007409353470087,4.007409353470087,0,normal,SF,Field-like cold-chain signal,42,field_like_temperature
2025-01-05 21:55:00,3.9825415098033816,3.9825415098033816,0,normal,SF,Field-like cold-chain signal,42,field_like_temperature
2025-01-05 22:00:00,3.98786886810522,3.98786886810522,0,normal,SF,Field-like cold-chain signal,42,field_like_temperature
2025-01-05 22:05:00,3.9313864263468967,3.9313864263468967,0,normal,SF,Field-like cold-chain signal,42,field_like_temperature
2025-01-05 22:10:00,4.01161341212331,4.01161341212331,0,normal,SF,Field-like cold-chain signal,42,field_like_temperature
2025-01-05 22:15:00,4.007475308316404,4.007475308316404,0,normal,SF,Field-like cold-chain signal,42,field_like_temperature
2025-01-05 22:20:00,4.0132111975111515,4.0132111975111515,0,normal,SF,Field-like cold-chain signal,42,field_like_temperature
2025-01-05 22:25:00,4.067461080552114,4.067461080552114,0,normal,SF,Field-like cold-chain signal,42,field_like_temperature
2025-01-05 22:30:00,4.087223531952566,4.087223531952566,0,normal,SF,Field-like cold-chain signal,42,field_like_temperature
2025-01-05 22:35:00,4.073640138303511,4.073640138303511,0,normal,SF,Field-like cold-chain signal,42,field_like_temperature
2025-01-05 22:40:00,4.119600238296871,4.119600238296871,0,normal,SF,Field-like cold-chain signal,42,field_like_temperature
2025-01-05 22:45:00,4.106463814050889,4.106463814050889,0,normal,SF,Field-like cold-chain signal,42,field_like_temperature
2025-01-05 22:50:00,4.070842879752993,4.070842879752993,0,normal,SF,Field-like cold-chain signal,42,field_like_temperature
2025-01-05 22:55:00,4.070413112668928,4.070413112668928,0,normal,SF,Field-like cold-chain signal,42,field_like_temperature
2025-01-05 23:00:00,4.117204052616017,4.117204052616017,0,normal,SF,Field-like cold-chain signal,42,field_like_temperature
2025-01-05 23:05:00,4.138301573902734,4.138301573902734,0,normal,SF,Field-like cold-chain signal,42,field_like_temperature
2025-01-05 23:10:00,4.18759544236844,4.18759544236844,0,normal,SF,Field-like cold-chain signal,42,field_like_temperature
2025-01-05 23:15:00,4.1853880671775,4.1853880671775,0,normal,SF,Field-like cold-chain signal,42,field_like_temperature
2025-01-05 23:20:00,4.106914562985841,4.106914562985841,0,normal,SF,Field-like cold-chain signal,42,field_like_temperature
2025-01-05 23:25:00,4.137075723845691,4.137075723845691,0,normal,SF,Field-like cold-chain signal,42,field_like_temperature
2025-01-05 23:30:00,4.183940180722689,4.183940180722689,0,normal,SF,Field-like cold-chain signal,42,field_like_temperature
2025-01-05 23:35:00,4.212024249949577,4.212024249949577,0,normal,SF,Field-like cold-chain signal,42,field_like_temperature
2025-01-05 23:40:00,4.213826102507966,4.213826102507966,0,normal,SF,Field-like cold-chain signal,42,field_like_temperature
2025-01-05 23:45:00,4.171951573792181,4.171951573792181,0,normal,SF,Field-like cold-chain signal,42,field_like_temperature
2025-01-05 23:50:00,4.12072310147595,4.12072310147595,0,normal,SF,Field-like cold-chain signal,42,field_like_temperature
2025-01-05 23:55:00,4.141763475032911,4.141763475032911,0,normal,SF,Field-like cold-chain signal,42,field_like_temperature
